step_index,old_radius_m,new_radius_m,dt_total_s,sensible_energy_old_J,sensible_energy_new_J,delta_sensible_energy_J,conductive_boundary_heat_J,latent_heat_J,residual_J,relative_residual,linear_storage_delta_last_J,linear_boundary_heat_last_J,linear_solver_relative_residual_last,linear_storage_boundary_balance_relative_last,internal_radial_flux_abs_last_W,internal_axial_flux_abs_last_W,picard_calls
1,0.02,0.02,150.0,0.0,70.59328784912925,70.59328784912925,70.59329037266968,0.0,-2.5235404308432408e-06,3.5747596089106986e-08,70.59328784912927,70.59329037266968,4.8021203021995866e-11,3.5747595887800964e-08,1.1375433225254794,0.03308443940292455,4
2,0.02,0.02,150.0,70.59328783273827,199.28196990153674,128.68868206879847,129.4138956320937,0.0,-0.7252135632952275,0.005603830715033199,129.41389461705748,129.4138956320937,2.6998513258179265e-11,7.843332539172726e-09,2.4016430695216133,0.07350544736143494,5
3,0.02,0.02,150.0,199.28196990039862,366.4069366937535,167.12496679335487,168.83858308539976,0.0,-1.7136162920448896,0.010149435399953163,168.83858214641992,168.83858308539976,2.4838319558166314e-11,5.5614055787736475e-09,3.4483949682149895,0.1095771921086898,5
4,0.02,0.02,150.0,366.40693669309275,572.8336690698777,206.42673237678497,209.19091403038345,0.0,-2.7641816535984844,0.013213679314948676,209.190913066939,209.19091403038345,2.3217202485478966e-11,4.605575027093551e-09,4.482438199924957,0.14594551655174637,5
5,0.02,0.02,150.0,572.8336690682421,819.4397457400269,246.60607667178476,250.53872185561605,0.0,-3.9326451838312835,0.015696755993261764,250.53872046402844,250.53872185561605,3.4315733216507536e-11,5.554381343439147e-09,5.5313901056104715,0.18347375933682356,5
6,0.02,0.02,150.0,819.4397457362237,1084.9526399077236,265.51289417149985,270.7465157291806,0.0,-5.233621557680749,0.0193303376170343,270.7465141280232,270.7465157291806,4.015436755268452e-11,5.913861544023596e-09,6.237878902502164,0.2115567167703505,5
7,0.02,0.02,150.0,1084.952639902142,1377.7725264733042,292.8198865711622,299.32838124744427,0.0,-6.508494676282055,0.021743660421233865,299.3283798647824,299.32838124744427,3.690665572933426e-11,4.6192140971127785e-09,6.99385205568883,0.2405804378065929,5
8,0.02,0.02,150.0,1377.772526461675,1694.179935840326,316.407409378651,324.2722529540662,0.0,-7.864843575415193,0.0242538283919385,324.27225129731283,324.2722529540662,4.5587133384227405e-11,5.1091430908655385e-09,7.686655636604227,0.26783287825068347,5
9,0.02,0.02,150.0,1694.1799358203111,2026.4938391255255,332.31390330521435,341.59572653322516,0.0,-9.281823228010808,0.027171953590315233,341.59572502714775,341.59572653322516,3.9344950179396835e-11,4.408946873033786e-09,8.233557419067283,0.29062517378564756,5
10,0.02,0.02,150.0,2026.4938390938678,2353.198061305818,326.7042222119503,337.42141588929604,0.0,-10.717193677345733,0.031762043464549736,337.4214144441962,337.42141588929604,3.7165638806700604e-11,4.282774472570383e-09,8.379372541230763,0.30103455228773446,5
11,0.02,0.02,150.0,2353.1980612704556,2684.696804497572,331.4987432271164,343.546641499859,0.0,-12.0478982727426,0.03506917785644412,343.54663998811156,343.546641499859,3.6231964393092096e-11,4.4004139323990906e-09,8.581263270492801,0.3117197950891496,5
12,0.02,0.02,150.0,2684.696804458459,3032.3399382332345,347.6431337747754,361.02006637199054,0.0,-13.37693259721516,0.03705315533190262,361.020065351894,361.02006637199054,3.308168675524942e-11,2.825595108098606e-09,8.963666713875957,0.32726472303809506,5
13,0.02,0.02,150.0,3032.339938191823,3370.2631957339495,337.9232575421265,352.7025318493126,0.0,-14.779274307186085,0.04190294362134132,352.7025308882738,352.7025318493126,3.154947368038587e-11,2.7247855981770795e-09,8.956112153062039,0.3312746054049408,5
14,0.02,0.02,150.0,3370.263195670565,3702.2159026884865,331.9527070179215,348.0493278618955,0.0,-16.096620843973994,0.04624810208040702,348.04932694581845,348.0493278618955,3.083833258610468e-11,2.6320322513413027e-09,8.912999606336122,0.33297113937006295,5
15,0.02,0.02,150.0,3702.2159026174777,4032.7370012318934,330.5210986144157,347.88805565191325,0.0,-17.36695703749757,0.0499211075383239,347.8880547540826,347.88805565191325,3.1210597843064035e-11,2.580803350416576e-09,8.917452830339679,0.33537670343144177,5
16,0.02,0.02,150.0,4032.737001155134,4357.847088743494,325.11008758836033,343.74324599110076,0.0,-18.633158402740435,0.05420661677007272,343.7432451276147,343.74324599110076,3.086109561670579e-11,2.512008734778973e-09,8.858850206196681,0.33553261575737414,5
17,0.02,0.02,150.0,4357.847088743978,4675.236557558244,317.38946881426637,337.2544457386199,0.0,-19.864976924353527,0.0589020461415929,337.2544449219081,337.2544457386199,3.0051873828440297e-11,2.421648741130813e-09,8.742732555956728,0.33344817406250005,5
18,0.02,0.02,150.0,4675.236557554706,4988.572455883605,313.3358983288981,334.39728830306217,0.0,-21.061389974164058,0.06298313625999338,334.3972875076554,334.39728830306217,3.010227540614187e-11,2.3786280711910503e-09,8.668216352896836,0.332087798750508,5
19,0.02,0.02,150.0,4988.572455879085,5282.497892399573,293.9254365204879,316.16434409331305,0.0,-22.238907572825156,0.07033970777635046,316.1643427871172,316.16434409331305,4.242048119396289e-11,4.131382464399521e-09,8.340214169636686,0.322900311175422,5
20,0.02,0.02,150.0,5282.497892333945,5558.184477034175,275.68658470023,299.01236210872946,0.0,-23.325777408499448,0.07800940818633287,299.0123605908886,299.01236210872946,4.9202577183186e-11,5.076181001187458e-09,7.96313673843747,0.31129048464604653,5
21,0.02,0.02,150.0,5558.184476972425,5833.682096355344,275.49761938291886,299.82482372832135,0.0,-24.327204345402492,0.08113805936044165,299.8248224095763,299.82482372832135,4.169561297824408e-11,4.398385092174689e-09,7.863169670775768,0.3073480971814897,5
22,0.02,0.02,150.0,5833.68209630855,6096.1978095520335,262.51571324348333,287.85660094427476,0.0,-25.340887700791427,0.08803302622786506,287.85659944003106,287.85660094427476,4.776611025137073e-11,5.225670328756985e-09,7.612585579654059,0.2992252955031152,5
23,0.02,0.02,150.0,6096.197809501076,6334.764264291194,238.56645479011786,264.87364492114114,0.0,-26.307190131023276,0.09931977241018268,264.87364376912103,264.87364492114114,4.004657972650532e-11,4.3493194822887295e-09,7.146461724208017,0.2841884125481502,5
24,0.02,0.02,150.0,6334.764264236652,6567.598881994776,232.8346177581243,260.00592063375905,0.0,-27.17130287563475,0.10450263136087541,260.0059194142051,260.00592063375905,3.925611802112889e-11,4.6904853096684544e-09,6.9258203835468315,0.2756951846823072,5
25,0.02,0.02,150.0,6567.598881958047,6786.150125134373,218.55124317632635,246.56153191497557,0.0,-28.010288738649223,0.11360364498509162,246.56153085635356,246.56153191497557,3.569128648828409e-11,4.293540887211683e-09,6.611864838428097,0.264656287155933,5
26,0.02,0.02,150.0,6786.150125097195,6988.3559298272385,202.20580473004338,231.00671126843565,0.0,-28.80090653839227,0.12467562686923363,231.00671036982249,231.00671126843565,3.1567019894192884e-11,3.88998726992045e-09,6.245144043861394,0.2517350410298913,5
27,0.02,0.02,150.0,6988.355929792238,7168.494656471525,180.13872667928626,209.66274328509698,0.0,-29.524016605810715,0.14081670469065788,209.66274209552745,209.66274328509698,2.95951170403879e-11,5.673728733301414e-09,5.763593207840928,0.23504776213789752,5
28,0.02,0.02,150.0,7168.494656450492,7338.085541449203,169.59088499871177,199.74235656986977,0.0,-30.151471571157998,0.15095181657482362,199.74235544058112,199.74235656986977,2.7170780818488847e-11,5.6537264692607155e-09,5.442066933232657,0.2226658323961968,5
29,0.02,0.02,150.0,7338.085541435137,7503.32373170463,165.2381902694924,195.98187885818913,0.0,-30.743688588696727,0.1568700574145562,195.98187763943463,195.98187885818913,2.7042932483578394e-11,6.2187101808452974e-09,5.260146266260835,0.21464908664707716,5
30,0.02,0.02,150.0,7503.3237316956665,7649.788878174274,146.4651464786075,177.78819173579532,0.0,-31.32304525718783,0.1761818091031371,177.7881908681993,177.78819173579532,2.171477914781259e-11,4.87994172231544e-09,4.874806293912081,0.200862384712197,5
31,0.02,0.02,150.0,7649.788878162131,7792.659640396174,142.87076223404256,174.69511282799405,0.0,-31.824350593951493,0.18217081221548515,174.69511187038717,174.69511282799405,2.1597764484003507e-11,5.481589443057024e-09,4.70142641527561,0.19302849092260022,5
32,0.02,0.02,150.0,7792.659640391182,7924.782620763948,132.1229803727665,164.4427993947333,0.0,-32.319819021966794,0.19654140613591328,164.44279796179967,164.4427993947333,3.502232288027171e-11,8.713872755782983e-09,4.4545488961483475,0.18341565299454782,5
33,0.02,0.02,150.0,7924.782620758799,8041.421274184806,116.6386534260073,149.40750050313838,0.0,-32.768847077131085,0.21932531477188294,149.40749943900434,149.40750050313838,2.890728392416329e-11,7.122360229364439e-09,4.114965033001433,0.1709468662844186,5
34,0.02,0.02,150.0,8041.421274178045,8138.663282686972,97.24200850892703,130.39757522463714,0.0,-33.15556671571011,0.2542652089856173,130.3975739287454,130.39757522463714,3.31017533009184e-11,9.938004851861836e-09,3.6821366925978896,0.15541552973800155,5
35,0.02,0.02,150.0,8138.663282679767,8232.664114513409,94.00083183364222,127.46987756728791,0.0,-33.469045733645686,0.2625643514561178,127.4698760580572,127.46987756728791,3.045852124724103e-11,1.1839900865519072e-08,3.494147889127637,0.14691975819401148,5
36,0.02,0.02,150.0,8232.66411451329,8313.904342609854,81.24022809656344,115.00972023930498,0.0,-33.76949214274154,0.29362293963046,115.00971822294582,115.00972023930498,3.615490167777257e-11,1.753207604731922e-08,3.201437604203131,0.13575487222391597,5
37,0.02,0.02,150.0,8313.904342607888,8393.272747217869,79.36840460998064,113.380739949961,0.0,-34.01233533998035,0.29998336009265086,113.38073784462816,113.380739949961,3.3198119125838565e-11,1.8568699062542563e-08,3.076119981650369,0.12951160891603025,5
38,0.02,0.02,150.0,8393.272747220894,8469.067732625788,75.79498540489476,110.05426740632208,0.0,-34.25928200142732,0.311294444175813,110.05426442614765,110.05426740632208,4.0205620155204694e-11,2.7079135586898224e-08,2.9637557636103113,0.12410192140043694,5
39,0.02,0.02,150.0,8469.0677326301,8523.946937303956,54.87920467385629,89.35959553005763,0.0,-34.48039085620134,0.3858610891384716,89.35959251906374,89.35959553005763,4.529944267778957e-11,3.3695249799040175e-08,2.5656593632742446,0.11027616007000983,4
40,0.02,0.02,150.0,8523.946935802564,8591.524521325216,67.57758552265295,102.19633241638029,0.0,-34.618746893727334,0.3387474489072619,102.19632979904395,102.19633241638029,3.6757523793260045e-11,2.5610863651702586e-08,2.6693395159746354,0.11099718738027098,5
41,0.02,0.02,150.0,8591.524521335949,8643.42719037973,51.902669043782225,86.72117359741446,0.0,-34.81850455363224,0.4014994621183301,86.7211700012027,86.72117359741446,4.899111469078673e-11,4.146867045363198e-08,2.40713580540577,0.10181131892700505,4
42,0.02,0.02,150.0,8643.427188783231,8690.947353531054,47.52016474782249,82.46823100633264,0.0,-34.94806625851015,0.4237761115043989,82.46822824830656,82.46823100633264,3.977634076652048e-11,3.3443497589226955e-08,2.2618045352233076,0.09560070987789332,4
43,0.02,0.02,150.0,8690.94735198741,8719.450562046179,28.503210058768673,63.57385203555317,0.0,-35.0706419767845,0.5516519898333598,63.57385051856841,63.57385203555317,3.079215702454353e-11,2.386177196219163e-08,1.8849744992448634,0.08258373468953034,5
44,0.02,0.02,150.0,8719.450562061886,8750.10318032161,30.652618259724477,65.7625246359975,0.0,-35.10990637627302,0.5338892715967042,65.76252339455073,65.7625246359975,3.862872463051419e-11,1.887772366525778e-08,1.811107546883513,0.07817748261079384,4
45,0.02,0.02,150.0,8750.103179178324,8775.165360282848,25.062181104523916,60.211367660103214,0.0,-35.1491865555793,0.5837632978875114,60.21136661488841,60.211367660103214,3.5954208703871075e-11,1.735909417837166e-08,1.6730027342149703,0.07243124520770113,4
46,0.02,0.02,150.0,8775.16535928275,8805.089306820977,29.923947538227367,65.09297689211645,0.0,-35.16902935388909,0.5402891530399262,65.09297568265644,65.09297689211645,3.529203714708851e-11,1.8580499267709026e-08,1.7084061004896118,0.07196473846695281,4
47,0.02,0.02,150.0,8805.08930553913,8822.52029574305,17.430990203920373,52.64548726554338,0.0,-35.21449706162301,0.6688986823125292,52.64548657398615,52.64548726554338,3.23918867786663e-11,1.3136116099075076e-08,1.4922340020705371,0.06440907087850155,4
48,0.02,0.02,150.0,8822.520294964972,8836.034074403255,13.513779438282654,48.72679804864901,0.0,-35.213018610366355,0.7226622725180823,48.72679776848747,48.72679804864901,4.9709063057217095e-11,5.749639784597691e-09,1.365688914652056,0.059141609607662515,4
49,0.02,0.02,150.0,8836.034073727129,8837.879838303725,1.845764576595684,37.02878340508896,0.0,-35.183018828493275,0.9501532481798466,37.02878333148098,37.02878340508896,2.2107075432823125e-11,1.987858406632674e-09,1.1195676183257823,0.0503897909061279,5
50,0.02,0.02,150.0,8837.879838313806,8842.994973727888,5.115135414082033,40.21914437494283,0.0,-35.104008960860796,0.8728183929922476,40.21914488605617,40.21914437494283,2.788405042874669e-11,1.2708210065636212e-08,1.0995941983993875,0.04821268276683185,5
51,0.02,0.02,150.0,8842.994973736037,8836.111729440874,-6.883244295162513,28.161682144837123,0.0,-35.044926439999635,1.2444187907441608,28.161682361310884,28.161682144837123,2.497561625072684e-11,7.686819232086908e-09,0.8708998662086136,0.04020784713644323,5
52,0.02,0.02,150.0,8836.111729447923,8828.674011572744,-7.43771787517835,27.50254107389236,0.0,-34.94025894907071,1.2704374790385764,27.5025423593288,27.50254107389236,3.278512209616505e-11,4.6738822293686925e-08,0.7932136674637454,0.036403289024523014,5
53,0.02,0.02,150.0,8828.674011578483,8826.048234402344,-2.6257771761393087,32.202782062957816,0.0,-34.828559239097125,1.0815388301236148,32.20278394427726,32.202782062957816,3.857237991101951e-11,5.8421018655438134e-08,0.8398638673792638,0.03666928755222937,5
54,0.02,0.02,150.0,8826.048234409027,8810.238962021787,-15.809272387239616,18.912570500662028,0.0,-34.721842887901644,1.8359134675366429,18.912572699993653,18.912570500662028,3.985664152243922e-11,1.1628939437012978e-07,0.6141412159013585,0.02911150957674895,5
55,0.02,0.02,150.0,8810.23896201265,8807.676778045327,-2.5621839673240174,32.02122275547603,0.0,-34.58340672280005,1.0800151820213002,32.02122316445551,32.02122275547603,2.7702037067774777e-11,1.277213800646313e-08,0.7801389045331425,0.03292482737963693,4
56,0.02,0.02,150.0,8807.676777711982,8798.364074241152,-9.312703470830456,25.170252764166825,0.0,-34.48295623499728,1.3699884764005357,25.170254020808986,25.170252764166825,3.34137723416691e-11,4.992568449874113e-08,0.693176665833631,0.02996584357958862,5
57,0.02,0.02,150.0,8798.364074247884,8793.096393695929,-5.267680551954982,29.104877351982484,0.0,-34.37255790393746,1.1809896151854482,29.104879096762257,29.104877351982484,4.210385554578749e-11,5.994801652686685e-08,0.7422107354112508,0.03080917234431787,5
58,0.02,0.02,150.0,8793.096393703436,8773.659596404646,-19.436797298789315,14.824976543049935,0.0,-34.26177384183925,1.7627273318312249,14.824978464458749,14.824976543049935,3.9983993951477726e-11,1.2960617905747628e-07,0.505108654491066,0.023293654900269897,5
59,0.02,0.02,150.0,8773.659596383459,8758.541756499424,-15.117839884034765,18.98716901506863,0.0,-34.105008899103396,1.7962134782724544,18.987168851772665,18.98716901506863,2.8524929541635804e-11,8.600332417364082e-09,0.5166511691303228,0.02270156845918091,5
60,0.02,0.02,150.0,8758.541756501201,8752.080018675599,-6.46173782560254,27.49684561417695,0.0,-33.95858343977949,1.2349992401408751,27.49684484248605,27.49684561417695,2.7872115940427464e-11,2.8064706548763234e-08,0.655243012190865,0.026407177789160206,5
61,0.02,0.02,150.0,8752.080018681409,8731.23233886674,-20.84767981466939,12.996945105606269,0.0,-33.84462492027566,1.6234240558731634,12.996946599403271,12.996945105606269,3.398971367778473e-11,1.1493445719067463e-07,0.43713370183855516,0.019752705916677035,5
62,0.02,0.02,150.0,8731.2323388447,8717.081507067473,-14.150831777227722,19.520973888573764,0.0,-33.671805665801486,1.7249039857335522,19.520971014662635,19.520973888573764,4.068994779149681e-11,1.4722170856001834e-07,0.4988196964943127,0.020873315769409737,5
63,0.02,0.02,150.0,8717.081507069515,8701.247064666753,-15.834442402761852,17.704625445405313,0.0,-33.539067848167164,1.8943675454524338,17.704627833124096,17.704625445405313,4.0483740003637604e-11,1.3486410480278738e-07,0.4743345207443965,0.01988855597895363,5
64,0.02,0.02,150.0,8701.2470646756,8670.153102096661,-31.093962578937862,2.2882254150366848,0.0,-33.38218799397455,1.0735906660087982,2.2882259784346095,2.2882254150366848,3.558859676493509e-11,2.462160337604001e-07,0.20442217043734026,0.011461701032160685,5
65,0.02,0.02,150.0,8670.153102063472,8640.342617932194,-29.810484131277917,3.369808832992564,0.0,-33.18029296427048,1.1130410636121428,3.3698098577810423,3.369808832992564,2.779805574476701e-11,3.0410869494920044e-07,0.1500305616975788,0.00896662273426502,5
66,0.02,0.02,150.0,8640.342617903458,8616.061368259345,-24.281249644112904,8.700559582470552,0.0,-32.98180922658346,1.3583242094205823,8.700557019341492,8.700559582470552,4.029031102807177e-11,2.945935874367184e-07,0.21322857338129328,0.010043718602786328,5
67,0.02,0.02,150.0,8616.061368237766,8595.302594381666,-20.75877385609965,12.036829086928531,0.0,-32.795602943028186,1.5798429700312813,12.03682825430256,12.036829086928531,2.7706321510456374e-11,6.917319883101608e-08,0.2805950259698677,0.01181200799769066,5
68,0.02,0.02,150.0,8595.30259436398,8566.885962429875,-28.41663193410568,4.208386412081199,0.0,-32.62501834618688,1.1480958905277683,4.208387432554648,4.208386412081199,2.7369694557247115e-11,2.4248562310586853e-07,0.16261254067208747,0.008126623256168756,5
69,0.02,0.02,150.0,8566.885962400811,8545.46476779948,-21.42119460133108,11.01060432707467,0.0,-32.431798928405755,1.5140051491988449,11.010603512276766,11.01060432707467,2.929208633692327e-11,7.400119735577691e-08,0.25331372802595203,0.010414170059526526,5
70,0.02,0.02,150.0,8545.46476778028,8510.114394022336,-35.35037375794491,-3.0854834828672453,0.0,-32.26489027507766,0.9127170902351834,-3.085482899761466,-3.0854834828672453,3.728436810708326e-11,1.8898360093482047e-07,0.06261571404461291,0.006135555603904368,5
71,0.02,0.02,150.0,8510.114393983258,8496.456561668736,-13.657832314522238,18.377271753619578,0.0,-32.03510406814182,1.743191508382206,18.377271049622593,18.377271753619578,3.019583767525216e-11,3.830802496639525e-08,0.34450869550136604,0.012456666612715283,5
72,0.02,0.02,150.0,8496.456561669176,8478.84681688988,-17.609744779296307,14.29546018824287,0.0,-31.905204967539177,1.811792582312151,14.295459105573892,14.29546018824287,3.116229974915172e-11,7.57351609680773e-08,0.34494554253011467,0.01295414210576743,5
73,0.02,0.02,150.0,8478.846816873174,8448.787366073184,-30.059450799990373,1.6843516503062186,0.0,-31.74380245029659,1.056034012780658,1.6843524160179342,1.6843516503062186,3.487562591782651e-11,4.546030321844961e-07,0.1381047502840555,0.006757043745264698,5
74,0.02,0.02,150.0,8448.787366037179,8424.8233402693,-23.96402576787841,7.579107762875236,0.0,-31.543133530753646,1.3162702225531044,7.579105124304627,7.579107762875236,3.580657686502055e-11,3.481373654613123e-07,0.1905949113063936,0.007873454862980866,5
75,0.02,0.02,150.0,8424.823340243383,8394.585024627779,-30.238315615604733,1.1209562105632065,0.0,-31.35927182616794,1.0370707226160683,1.1209571718443274,1.1209562105632065,2.7175124565493353e-11,8.575538344112209e-07,0.08435542669282302,0.004596847432235011,5
76,0.02,0.02,150.0,8394.585024592376,8376.45221213303,-18.132812459345587,13.018382966024932,0.0,-31.151195425370517,1.7179461539798424,13.018382629829658,13.018382966024932,3.023403263857346e-11,2.582465696114525e-08,0.26270740878431653,0.009629709216572064,5
77,0.02,0.02,150.0,8376.452212116394,8346.061915123846,-30.39029699254752,0.6095564301058171,0.0,-30.999853422653334,1.0200576003010202,0.6095571593078384,0.6095564301058171,2.754871527197954e-11,1.1962816122924831e-06,0.08841043461869144,0.0045796518830807705,5
78,0.02,0.02,150.0,8346.061915085906,8309.448356809004,-36.61355827690204,-5.8131210799773205,0.0,-30.80043719692472,0.8412303705634485,-5.813120771557923,-5.8131210799773205,4.4697323150923895e-11,5.3055732597581773e-08,0.07824147630276217,0.005165834074910685,5
79,0.02,0.02,150.0,8309.448356780711,8282.302731606478,-27.14562517423292,3.416870356165042,0.0,-30.56249553039796,1.1258718609070162,3.416869646151218,3.416870356165042,2.728634892497509e-11,2.0779653606049954e-07,0.053943609132979464,0.0025878443012028,5
80,0.02,0.02,150.0,8282.302731576032,8260.232078511202,-22.070653064829457,8.311450034752404,0.0,-30.38210309958186,1.376583783467516,8.311449455908733,8.311450034752404,3.196588619806997e-11,6.964412578323733e-08,0.15970741269411667,0.005808260077666723,5
81,0.02,0.02,150.0,8260.232078487492,8226.696413664573,-33.53566482291899,-3.3282863011992783,0.0,-30.20737852171971,0.9007538297280256,-3.3282855665468043,-3.3282863011992783,3.8782442906790486e-11,2.207299515373011e-07,0.038913401839364425,0.002839845863177826,5
82,0.02,0.02,150.0,8226.696413637148,8192.11833284473,-34.578080792418405,-4.6004614838826665,0.0,-29.977619308535736,0.866954400636042,-4.600460893784966,-4.6004614838826665,3.3754913258447075e-11,1.2826924049874332e-07,0.07532654103856865,0.0038044992898317006,5
83,0.02,0.02,150.0,8192.11833281698,8162.3907325052205,-29.72760031175858,0.043541838578370004,0.0,-29.77114215033695,1.0014646940258123,0.043540830371017525,0.043541838578370004,2.794362791076822e-11,2.315490997617258e-05,0.016087163175508037,0.001896108213394222,5
84,0.02,0.02,150.0,8162.390732475479,8139.412833831195,-22.977898644284323,6.583637545185623,0.0,-29.561536189469948,1.2865204363160199,6.583637065625269,6.583637545185623,3.1445187166072734e-11,7.284124479860197e-08,0.10893202507336798,0.0036618331321544035,5
85,0.02,0.02,150.0,8139.412833803581,8111.115534752618,-28.297299050962465,1.1037548512986537,0.0,-29.40105390226112,1.0390056609046265,1.1037559454143984,1.1037548512986537,2.7018438319713282e-11,9.91266003337457e-07,0.045898055476978616,0.001986719399310508,5
86,0.02,0.02,150.0,8111.115534721561,8088.317379784997,-22.79815493656406,6.393709940637114,0.0,-29.191864877201176,1.2804485695630912,6.393709376497134,6.393709940637114,2.9510149455669177e-11,8.823358977832462e-08,0.12828789074975488,0.004388945704058691,5
87,0.02,0.02,150.0,8088.317379754067,8059.913300971503,-28.404078782563374,0.620144618004197,0.0,-29.02422340056757,1.0218329424710964,0.6201454899305878,0.620144618004197,3.421478115562278e-11,1.406002954184026e-06,0.047287341710756735,0.002118428574864221,5
88,0.02,0.02,150.0,8059.913300944912,8026.704539814078,-33.20876113083432,-4.368149542894959,0.0,-28.84061158793936,0.8684639416181312,-4.368149009443551,-4.368149542894959,3.9170200417937016e-11,1.2212297292971397e-07,0.06035774812337475,0.0026589991867070266,5
89,0.02,0.02,150.0,8026.704539782284,8006.010787043557,-20.6937527387272,7.930996939602804,0.0,-28.62474967833,1.383255615341358,7.930996292414607,7.930996939602804,3.915337949163658e-11,8.160237637013333e-08,0.12911200878864856,0.004158403599090212,5
90,0.02,0.02,150.0,8006.010787015231,7986.6489807594535,-19.361806255777083,9.095992410960646,0.0,-28.45779866673773,1.4697904880773522,9.095991623176403,9.095992410960646,3.616417267370323e-11,8.660783865905802e-08,0.1910825123782371,0.006365538670612371,5
91,0.02,0.02,150.0,7986.648980738961,7958.676304712988,-27.97267602597276,0.33225444755310274,0.0,-28.30493047352586,1.0118778213155082,0.33225492959921454,0.33225444755310274,2.0494398412326963e-11,1.450832083624417e-06,0.060282704730860746,0.002653012640433992,5
92,0.02,0.02,150.0,7958.676304681947,7920.943080289497,-37.73322439245021,-9.623603502637964,0.0,-28.10962088981225,0.7449567680051354,-9.62360374405785,-9.623603502637964,3.182961773275202e-11,2.5086224598672477e-08,0.1434112470679369,0.004887691662948198,5
93,0.02,0.02,150.0,7920.943080247736,7899.594662741209,-21.348417506527767,6.541920021839054,0.0,-27.89033752836682,1.306435829252389,6.541919336255444,6.541920021839054,3.996150354434908e-11,1.0479853132387738e-07,0.08506437335145108,0.002651676437542035,5
94,0.02,0.02,150.0,7899.594662718922,7877.621076401768,-21.973586317154513,5.747557253915672,0.0,-27.721143571070186,1.2615666451055658,5.747554593776629,5.747557253915672,4.8184759405740946e-11,4.6282949881922025e-07,0.11812300745448631,0.0039763834674272375,5
95,0.02,0.02,150.0,7877.621076373469,7845.911070430986,-31.710005942482894,-4.159302567874933,0.0,-27.550703374607963,0.868833119255188,-4.159302310405896,-4.159302567874933,3.996670074102474e-11,6.190197346787881e-08,0.04815918651540496,0.0020039833397252306,5
96,0.02,0.02,150.0,7845.911070391025,7824.8962544436545,-21.014815947370153,6.340880219530381,0.0,-27.355696166900533,1.3017337974984213,6.340879657883834,6.340880219530381,3.696913676361737e-11,8.857548598982248e-08,0.10749085243094567,0.0034740588937778568,5
97,0.02,0.02,150.0,7824.896254416133,7795.501707857222,-29.394546558911316,-2.207993095743954,0.0,-27.18655346316736,0.9248842607141843,-2.2079926773802643,-2.207993095743954,2.7779492375250518e-11,1.894769013182017e-07,0.02478055278755335,0.001293632724930307,5
98,0.02,0.02,150.0,7795.501707817293,7766.845239568303,-28.656468248989768,-1.6632491148988386,0.0,-26.99321913409093,0.941959033456348,-1.6632475212257916,-1.6632491148988386,3.07381949894015e-11,9.581685826908705e-07,0.027523078242414463,0.0013482891710507776,5
99,0.02,0.02,150.0,7766.845239529707,7738.678795388285,-28.16644414142229,-1.3636196905047577,0.0,-26.80282445091753,0.9515870841325198,-1.3636187035041842,-1.3636196905047577,4.1088627551189927e-11,7.238092705512324e-07,0.029426624841764854,0.0012899095198317212,5
100,0.02,0.02,150.0,7738.678795349028,7710.906059649021,-27.772735700007615,-1.1581980232411853,0.0,-26.61453767676643,0.9582973015063523,-1.1581989797666723,-1.1581980232411853,3.344555415800542e-11,8.258731908327805e-07,0.0283778651528799,0.0011612630913353812,5
101,0.02,0.02,150.0,7710.906059608537,7683.477090109902,-27.428969498635524,-1.0009278056892343,0.0,-26.42804169294629,0.9635083700195508,-1.0009296627507918,-1.0009278056892343,2.8079676797997114e-11,1.855336719981083e-06,0.02612772182487261,0.0010624997491554464,5
102,0.02,0.02,150.0,7683.477090068088,7656.3610004230795,-27.116089645008287,-0.8729197543996287,0.0,-26.24316989060866,0.9678080517571853,-0.8729217363705218,-0.8729197543996287,2.875810215560336e-11,2.270502395122104e-06,0.023563135448277213,0.0009476242368007541,5
103,0.02,0.02,150.0,7656.361000379882,7629.536123107944,-26.82487727193802,-0.7650605323085747,0.0,-26.059816739629447,0.9714794396055293,-0.7650624429077992,-0.7650605323085747,2.7393406829152695e-11,2.4973114837993234e-06,0.02103819141826263,0.0008471102632381675,5
104,0.02,0.02,150.0,7629.536123063379,7602.985832259199,-26.550290804179895,-0.6723845430532797,0.0,-25.877906261126615,0.9746750591919158,-0.6723863068621312,-0.6723845430532797,2.3931537537457146e-11,2.6232075720883587e-06,0.018689455046743166,0.0007592505769123674,5
105,0.02,0.02,150.0,7602.985832213306,7576.696584000922,-26.289248212384337,-0.591868723223535,0.0,-25.697379489160802,0.9774862819034621,-0.5918706901171725,-0.591868723223535,3.4411213841784567e-11,3.32318134747954e-06,0.016560197377712218,0.0006747854439456361,5
106,0.02,0.02,150.0,7576.696583953797,7550.656923273875,-26.039660679922235,-0.5214741424992467,0.0,-25.518186537422988,0.9799738503159019,-0.521475895455465,-0.5214741424992467,2.9974307774798766e-11,3.3615287563036567e-06,0.014653836233190415,0.0005962579260373957,5
107,0.02,0.02,150.0,7550.656923225565,7524.85693554523,-25.799987680335107,-0.45970203583570285,0.0,-25.340285644499403,0.9821820831261059,-0.45970360016959366,-0.45970203583570285,2.89203567393662e-11,3.4029185114848514e-06,0.012957586160994577,0.0005318037992589706,5
108,0.02,0.02,150.0,7524.856935495846,7499.287918442782,-25.56901705306427,-0.4053774337075948,0.0,-25.163639619356676,0.9841457560583459,-0.4053788137363983,-0.4053774337075948,2.5372378505563186e-11,3.404294345664224e-06,0.0114529820797065,0.00047295178623543157,5
109,0.02,0.02,150.0,7499.2879183924515,7473.942164694146,-25.34575369830509,-0.3575381772304884,0.0,-24.9882155210746,0.9858935669664305,-0.3575396971914081,-0.3575381772304884,2.7050747586078067e-11,4.251166881949983e-06,0.010120456223346614,0.0004192433844852761,5
110,0.02,0.02,150.0,7473.942164665097,7448.8128078847385,-25.12935678035865,-0.3153741427465744,0.0,-24.813982637612074,0.987449971541131,-0.31537549490050343,-0.3153741427465744,2.6360682601492986e-11,4.287441322835757e-06,0.008941269022371518,0.0003706312546137958,5
111,0.02,0.02,150.0,7448.812807855165,7423.8937024222905,-24.919105432874858,-0.2781915586324145,0.0,-24.640913874242443,0.9888362140694904,-0.2781927457163522,-0.2781915586324145,2.3155384170813535e-11,4.267127579646117e-06,0.007898203599735174,0.00032759734533593953,5
112,0.02,0.02,150.0,7423.893702392346,7399.179328249382,-24.714374142964516,-0.24538996954337175,0.0,-24.468984173421145,0.9900709616143273,-0.2453910444642129,-0.24538996954337175,2.366311656568241e-11,4.380440384408151e-06,0.006975753026530743,0.00029076811582093027,5
113,0.02,0.02,150.0,7399.179328219233,7374.664711619311,-24.514616599922192,-0.21644624211797076,0.0,-24.29817035780422,0.9911707270135868,-0.21644718510876465,-0.21644624211797076,2.077822275077468e-11,4.356678482195535e-06,0.0061600923451075075,0.0002576451078879152,5
114,0.02,0.02,150.0,7374.6647115891055,7350.345357707891,-24.319353881214738,-0.19090276015645274,0.0,-24.128451121058287,0.9921501713783641,-0.1909035863854868,-0.19090276015645274,1.8114511190048487e-11,4.327991158755226e-06,0.005438940260565826,0.00022795508188646816,5
115,0.02,0.02,150.0,7350.345357677774,7326.217192737551,-24.128164940222632,-0.16835810501085308,0.0,-23.95980683521178,0.9930223410927453,-0.16835898054354795,-0.16835810501085308,2.6861087046921334e-11,5.2003919959901486e-06,0.004801409086612206,0.00020141795859894985,5
116,0.02,0.02,150.0,7326.217192707664,7302.276514557225,-23.940678150439453,-0.1484593594172435,0.0,-23.792218791022208,0.9937988657428855,-0.14846012939777684,-0.1484593594172435,2.3653706221951167e-11,5.1864465998795e-06,0.004237874662862309,0.0001777575096862519,5
117,0.02,0.02,150.0,7302.276514527652,7278.519948609797,-23.75656591785446,-0.13089601018556327,0.0,-23.625669907668897,0.9944901123067124,-0.13089658185153297,-0.13089601018556327,2.3134793821396422e-11,4.367310143737903e-06,0.0037398044121366115,0.00015707957523771948,5
118,0.02,0.02,150.0,7278.519948580601,7254.944409730104,-23.57553885049674,-0.11539446932288662,0.0,-23.460144381173855,0.995105330569339,-0.11539497291827258,-0.11539446932288662,2.0336258463823243e-11,4.364101600148055e-06,0.0032996527090377852,0.00013897866356367688,5
119,0.02,0.02,150.0,7254.9444097013275,7231.547069200269,-23.397340501058352,-0.10171343931413944,0.0,-23.295627061744213,0.9956527777458495,-0.10171387983142552,-0.10171343931413944,1.7812961873021868e-11,4.330945656674374e-06,0.0029107419373110917,0.00012285765746396275,5
120,0.02,0.02,150.0,7231.5470691719065,7208.3253250525595,-23.221744119347022,-0.08964010979403607,0.0,-23.132104009552986,0.9961398201042378,-0.08964067061477164,-0.08964010979403607,2.8155302509738147e-11,6.2563201694854485e-06,0.0025671528100761148,0.00010851934991747487,5
121,0.02,0.02,150.0,7208.325325024589,7185.276776958127,-23.04854806646199,-0.07898651572951498,0.0,-22.969561550732475,0.9965730372472161,-0.07898700658231751,-0.07898651572951498,2.4592755326981665e-11,6.2143487108510375e-06,0.0022636647512730926,9.578269470471689e-05,5
122,0.02,0.02,150.0,7185.276776930426,7162.399202756967,-22.877574173459834,-0.06958682873456737,0.0,-22.807987344725266,0.9969582951318634,-0.06958727458215497,-0.06958682873456737,2.8465313319591707e-11,6.407027581927426e-06,0.001995637755126577,8.448170657508275e-05,5
123,0.02,0.02,150.0,7162.3992027294025,7139.690538620624,-22.708664108778976,-0.0612945191089309,0.0,-22.647369589670046,0.9973008311358468,-0.061295024369625584,-0.0612945191089309,2.7862442912221987e-11,8.243094768003819e-06,0.0017589740962534635,7.447455509555185e-05,5
124,0.02,0.02,150.0,7139.690538593,7117.148861649516,-22.541676943484163,-0.05398015662991231,0.0,-22.48769678685425,0.9976053176183276,-0.05398059307427427,-0.05398015662991231,2.4222316473642088e-11,8.085208722251757e-06,0.001550042580575749,6.57776648300921e-05,5
125,0.02,0.02,150.0,7117.1488616216375,7094.772373901974,-22.3764877196636,-0.04752938570847279,0.0,-22.32895833395513,0.9978759228747636,-0.04752972493339424,-0.04752938570847279,2.7522292076014316e-11,7.1371109748030355e-06,0.0013656276083374426,5.806564902327667e-05,5
126,0.02,0.02,150.0,7094.772373873569,7072.559388568581,-22.21298530498825,-0.041841185899106306,0.0,-22.171144119089146,0.9981163636798648,-0.04184147372908328,-0.041841185899106306,2.3979745698221506e-11,6.87905925193602e-06,0.0012028882743748389,5.123058948537784e-05,5
127,0.02,0.02,150.0,7072.559388539379,7050.508317981663,-22.05107055771623,-0.036826246338163365,0.0,-22.014244311378068,0.9983299565324154,-0.03682640955806464,-0.036826246338163365,3.148387666410732e-11,4.4321426724444205e-06,0.0010593048752259037,4.517797124254347e-05,5
128,0.02,0.02,150.0,7050.508317951334,7028.617662468593,-21.89065548274084,-0.03240568442178261,0.0,-21.858249798319058,0.998519656734476,-0.032405810510712826,-0.03240568442178261,2.720113521231564e-11,3.890935860771113e-06,0.000932649955982778,3.982084165788546e-05,5
129,0.02,0.02,150.0,7028.617662436799,7006.886001044361,-21.731661392437672,-0.028509762015113103,0.0,-21.70315163042256,0.998688100210091,-0.0285098575777442,-0.028509762015113103,2.3524941530643063e-11,3.351915415078369e-06,0.0008209511460518063,3.508257105350846e-05,5
130,0.02,0.02,150.0,7006.886001010733,6985.311982829321,-21.574018181411702,-0.025076866877172473,0.0,-21.54894131453453,0.9988376357771508,-0.02507693749161707,-0.025076866877172473,2.0367914915764468e-11,2.815911816218482e-06,0.0007224636480913569,3.092421513113131e-05,5
131,0.02,0.02,150.0,6985.311982793461,6963.89431962559,-21.41766316787107,-0.022052562816407228,0.0,-21.39561060505466,0.9989703562595246,-0.022052510409400955,-0.022052562816407228,2.046345232658578e-11,2.376458768494191e-06,0.0006356441077412358,2.726371893918718e-05,5
132,0.02,0.02,150.0,6963.89431958707,6942.631778924901,-21.262540662169158,-0.019388760452122164,0.0,-21.243151901717034,0.9990881258848515,-0.01938870120243114,-0.019388760452122164,1.7909060775291656e-11,3.0558782327152643e-06,0.0005591272825587371,2.4027018180430284e-05,5
133,0.02,0.02,150.0,6942.631778883289,6921.52317834054,-21.108600542749627,-0.017042960958997506,0.0,-21.09155758179063,0.9991926058326567,-0.017042897361261564,-0.017042960958997506,1.569113593250825e-11,3.7316130744619186e-06,0.0004917060013305257,2.1166526602910804e-05,5
134,0.02,0.02,150.0,6921.523178295379,6900.56738024989,-20.955798045488336,-0.014977647282774328,0.0,-20.940820398205563,0.9992852743068882,-0.014977555783140117,-0.014977647282774328,1.7487612262157292e-11,6.109079248824839e-06,0.0004323110783919364,1.8639796969240496e-05,5
135,0.02,0.02,150.0,6900.567380200761,6879.763287101707,-20.804093099054626,-0.013159643379500773,0.0,-20.790933455675123,0.9993674493131306,-0.013159555479083568,-0.013159643379500773,1.5322098961425604e-11,6.679544017302833e-06,0.0003800014834564857,1.6416873516803527e-05,5
136,0.02,0.02,150.0,6879.763287048032,6859.109837330123,-20.653449717909098,-0.011559689411010312,0.0,-20.641890028498086,0.9994403022464093,-0.01155960560255392,-0.011559689411010312,1.343481743591211e-11,7.250061261331528e-06,0.00033394211772429954,1.4457720187901734e-05,5
137,0.02,0.02,150.0,6859.109837271382,6838.606001675578,-20.50383559580405,-0.010151947578199207,0.0,-20.49368364822585,0.9995048756838318,-0.010151852831096994,-0.010151947578199207,1.328869693673227e-11,9.332899079974266e-06,0.00029339515517372305,1.2728175821454696e-05,5
138,0.02,0.02,150.0,6838.606001611239,6818.250780099051,-20.35522151218811,-0.008913626673389283,0.0,-20.34630788551472,0.9995620963069327,-0.008913300463829307,-0.008913626673389283,1.824778286740548e-11,3.659672677893121e-05,0.00025770974032780384,1.1202087353506776e-05,5
139,0.02,0.02,150.0,6818.250780028557,6798.043198295234,-20.207581733322513,-0.007824561199870605,0.0,-20.19975717212264,0.9996127908176677,-0.007824220490997735,-0.007824561199870605,1.905217681341884e-11,4.354351179149513e-05,0.00022631033017009593,9.855641460667467e-06,5
140,0.02,0.02,150.0,6798.043198218018,6777.982305713,-20.060892505018273,-0.006866962149199235,0.0,-20.054025542869073,0.99965769408577,-0.006866659161467633,-0.006866962149199235,1.672243247980598e-11,4.412252827654475e-05,0.00019868943427373085,8.668194714817402e-06,5
141,0.02,0.02,150.0,6777.9823056284895,6758.067173135727,-19.915132492762496,-0.006025154677576029,0.0,-19.90910733808492,0.999697458468842,-0.006024885277946262,-0.006025154677576029,1.4675686420390786e-11,4.4712483609624204e-05,0.00017439772227538104,7.621366736502312e-06,5
142,0.02,0.02,150.0,6758.067173043335,6738.296890592874,-19.77028245046131,-0.0052853083214179294,0.0,-19.76499714213989,0.9997326639953343,-0.005285068873440825,-0.0052853083214179294,1.288096503034973e-11,4.5304448206708725e-05,0.00015303898046876047,6.698834497100356e-06,5
143,0.02,0.02,150.0,6738.296890492015,6718.670565550601,-19.62632494141417,-0.0046352241656577135,0.0,-19.62168971724851,0.9997638261783858,-0.004635011419512917,-0.0046352241656577135,1.1305742089213929e-11,4.5897703583066535e-05,0.00013426360163678284,5.886120905346999e-06,5
144,0.02,0.02,150.0,6718.670565440691,6699.187321320653,-19.483244120037853,-0.004064144530858236,0.0,-19.479179975506995,0.9997914030894538,-0.0040639362559117135,-0.004064144530858236,9.63740522586726e-12,5.1246933995931936e-05,0.00011776357379156104,5.170366853227018e-06,5
145,0.02,0.02,150.0,6699.1873212011105,6679.846295905167,-19.341025295943837,-0.0035626580070487078,0.0,-19.337462637936788,0.9998157978725256,-0.0035620610535034417,-0.0035626580070487078,1.4811124306103635e-11,0.00016755847574618637,0.00010326641173393847,4.540391796535394e-06,5
146,0.02,0.02,150.0,6679.8462957754255,6660.6466397993045,-19.199655976120994,-0.0031223379021302886,0.0,-19.196533638218863,0.9998373753203696,-0.003121647266761605,-0.0031223379021302886,1.5354619408975958e-11,0.00022119174488209107,9.053238455005419e-05,3.985764711523332e-06,5
147,0.02,0.02,150.0,6660.646639658835,6641.587515659011,-19.059123999823896,-0.0027357899407586513,0.0,-19.05638820988314,0.9998564577290759,-0.002735146086150558,-0.0027357899407586513,1.2419960412146272e-11,0.00023534504550256998,7.935001868344244e-05,3.497751375986173e-06,5
148,0.02,0.02,150.0,6641.587515507297,6622.66809730026,-18.91941820703687,-0.002396541626152547,0.0,-18.91702166541072,0.9998733289998706,-0.0023958882212387067,-0.002396541626152547,1.411438528334966e-11,0.0002726449258006386,6.953251381552696e-05,3.0685374087379255e-06,5
149,0.02,0.02,150.0,6622.668097119519,6603.887568424627,-18.780528694892382,-0.0020988580473470433,0.0,-18.778429836845035,0.9998882428667774,-0.002098285666738933,-0.0020988580473470433,1.238534430246689e-11,0.0002727104907518423,6.091470383250535e-05,2.691255255022133e-06,5
150,0.02,0.02,150.0,6603.887568231205,6585.245122136133,-18.642446095071136,-0.0018377120283040744,0.0,-18.64060838304283,0.9999014232349697,-0.001837210847650402,-0.0018377120283040744,1.0833632652165442e-11,0.0002727199071199672,5.335203508033997e-05,2.3596837061286664e-06,5
151,0.02,0.02,150.0,6585.24512192969,6566.739960434418,-18.50516149527175,-0.0016087736003751773,0.0,-18.503552721671376,0.9999130635201003,-0.0016078641989873434,-0.0016087736003751773,1.6132695468333735e-11,0.0005652761753560653,4.671628189588418e-05,2.0683768516763634e-06,5
152,0.02,0.02,150.0,6566.739960214691,6548.371292369983,-18.36866784470749,-0.0014079980413691207,0.0,-18.36725984666612,0.9999233478413746,-0.0014072018749786853,-0.0014079980413691207,1.4082156209163231e-11,0.0005654598707120889,4.089671843542096e-05,1.812509503411908e-06,5
153,0.02,0.02,150.0,6548.371292136787,6530.138334851021,-18.232957285766133,-0.0012319853847207296,0.0,-18.231725300381413,0.9999324308522523,-0.0012312789806322496,-0.0012319853847207296,1.265213768054948e-11,0.0005733867440644155,3.579335364059075e-05,1.5877835500668833e-06,5
154,0.02,0.02,150.0,6530.138334604256,6512.0403124479835,-18.098022156272236,-0.0010780028831920913,0.0,-18.096944153389042,0.9999404353208386,-0.001076255609414633,-0.0010780028831920913,2.5731454097402918e-11,0.0016208433249124215,3.1311767922478365e-05,1.3905482006216493e-06,5
155,0.02,0.02,150.0,6512.040312187661,6494.076454597909,-17.96385758975157,-0.0009430423337749506,0.0,-17.962914547417796,0.9999475033505993,-0.0009410044436439734,-0.0009430423337749506,3.934473019294782e-11,0.00216097417686392,2.7391469620049302e-05,1.2175652923063806e-06,5
156,0.02,0.02,150.0,6494.076454324041,6476.245996983193,-17.830457340847715,-0.000824728734577061,0.0,-17.829632612113137,0.9999537460695027,-0.000822950127109459,-0.000824728734577061,3.4889407173668355e-11,0.00215659694276818,2.3958126915622715e-05,1.0658106308914813e-06,5
157,0.02,0.02,150.0,6476.245996695925,6458.548181652132,-17.697815043792616,-0.0007211414585155273,0.0,-17.6970939023341,0.99995925251469,-0.0007193304582915201,-0.0007211414585155273,2.7300006623253232e-11,0.0025112967818202814,2.094746916120398e-05,9.327424088940347e-07,5
158,0.02,0.02,150.0,6458.548181351694,6440.982255547582,-17.56592580411234,-0.0006303740515911596,0.0,-17.565295430060747,0.9999641138156553,-0.0006287941145815128,-0.0006303740515911596,2.3588721329459864e-11,0.002506348422272098,1.8314270332928932e-05,8.160486439230439e-07,5
159,0.02,0.02,150.0,6440.982255234216,6423.547470911841,-17.43478432237498,-0.000550890744314638,0.0,-17.434233431630666,0.9999684027783695,-0.0005495143790809657,-0.000550890744314638,2.0567574978190636e-11,0.0024984359382995507,1.6008596981377472e-05,7.137550994107001e-07,5
160,0.02,0.02,150.0,6423.547470607025,6406.243084933334,-17.304385673691286,-0.00048132841842348564,0.0,-17.303904345272862,0.9999721845994709,-0.00048005361629009587,-0.00048132841842348564,2.4124458276221735e-11,0.002648507930541851,1.3989435498879752e-05,6.240247348009808e-07,5
161,0.02,0.02,150.0,6406.243084617126,6389.068359221157,-17.17472539596929,-0.0004204441631517935,0.0,-17.17430495180614,0.9999755195990936,-0.0004193390241820502,-0.0004204441631517935,1.9893164062130786e-11,0.002628503536495348,1.2222619536099735e-05,5.454629969593647e-07,5
162,0.02,0.02,150.0,6389.068358894267,6372.022559942968,-17.04579895129882,-0.0003671713687076366,0.0,-17.045431779930112,0.9999784597149269,-0.0003662093309399974,-0.0003671713687076366,1.7596250347468186e-11,0.0026201328579223216,1.0676403843420875e-05,4.7667250619665556e-07,5
163,0.02,0.02,150.0,6372.022559606165,6355.104957546204,-16.9176020599607,-0.0003205708503616207,0.0,-16.917281489110337,0.9999810510467603,-0.0003197336970779716,-0.0003205708503616207,1.522976068481137e-11,0.0026114454346198935,9.323566300867313e-06,4.1644971792349533e-07,5
164,0.02,0.02,150.0,6355.104957200298,6338.314826627532,-16.79013057276552,-0.0002798173843811155,0.0,-16.78985075538114,0.9999833344128464,-0.00027908886815762395,-0.0002798173843811155,1.3336547354666047e-11,0.002603541681667995,8.140219495213853e-06,3.6373935112814415e-07,5
165,0.02,0.02,150.0,6338.314826273368,6321.651445881707,-16.66338039166112,-0.000244209617193855,0.0,-16.663136182043928,0.9999853445332547,-0.00024348363800233392,-0.000244209617193855,2.0570763898207853e-11,0.0029727706871789457,7.104293990565158e-06,3.174776942047809e-07,5
166,0.02,0.02,150.0,6321.651445520152,6305.114097768908,-16.537347751243942,-0.0002130763151793177,0.0,-16.53713467492876,0.9999871154481126,-0.00021244339310246213,-0.0002130763151793177,2.0309683856408884e-11,0.002970400892858169,6.199957348462025e-06,2.770828689989103e-07,5
167,0.02,0.02,150.0,6305.114097400832,6288.702068677727,-16.412028723105323,-0.00018586692931933852,0.0,-16.411842856176005,0.9999886749571029,-0.00018531741340929112,-0.00018586692931933852,1.7146368099349953e-11,0.002956501794373951,5.409305611038706e-06,2.417848126995407e-07,5
168,0.02,0.02,150.0,6288.702068304006,6272.414648808238,-16.287419495768518,-0.00016212179206496452,0.0,-16.287257373976452,0.9999900461953406,-0.00016155984131891945,-0.00016212179206496452,2.0627220781346042e-11,0.0034662258471697947,4.716367925886771e-06,2.1083797485194567e-07,5
169,0.02,0.02,150.0,6272.414648429749,6256.2511319070345,-16.163516522714417,-0.0001413603808417113,0.0,-16.163375162333576,0.9999912543547907,-0.00014087874175611225,-0.0001413603808417113,1.4931352765053286e-11,0.0034071716751977203,4.113213801135029e-06,1.8386298222630886e-07,5
170,0.02,0.02,150.0,6256.251131524592,6240.210815428014,-16.040316096577953,-0.00012322682440078854,0.0,-16.040192869753554,0.9999923176810446,-0.0001228108871844178,-0.00012322682440078854,1.3598918465877964e-11,0.003375378846231696,3.5862248360158035e-06,1.6030983306527878e-07,5
171,0.02,0.02,150.0,6240.2108150424165,6224.293000381314,-15.917814661102057,-0.00010739285388452505,0.0,-15.917707268248172,0.9999932532915999,-0.0001070326214642978,-0.00010739285388452505,1.1002144219230558e-11,0.003354342558161166,3.1259778727608715e-06,1.3974289136239623e-07,5
172,0.02,0.02,150.0,6224.292999993303,6208.496991283876,-15.796008709427042,-9.357072327088817e-05,0.0,-15.795915138703771,0.9999940763059205,-9.325716901991768e-05,-9.357072327088817e-05,1.0215783971083962e-11,0.0033509867190268834,2.7241739920101765e-06,1.2178392698389962e-07,5
173,0.02,0.02,150.0,6208.496990894121,6192.822096154627,-15.674894739494448,-8.153403642663265e-05,0.0,-15.67481320545802,0.9999947984316461,-8.118816220909663e-05,-8.153403642663265e-05,1.3072259381329931e-11,0.004242083830195874,2.3719536402909074e-06,1.0606868498137891e-07,5
174,0.02,0.02,150.0,6192.822095763723,6177.267626306063,-15.554469457660161,-7.101749620624343e-05,0.0,-15.554398440163956,0.9999954342707478,-7.072080377850059e-05,-7.101749620624343e-05,1.2411605749392147e-11,0.004177737087227211,2.0659490127800266e-06,9.238124591606732e-08,5
175,0.02,0.02,150.0,6177.267625914505,6161.832896529104,-15.434729385400715,-6.184304023156774e-05,0.0,-15.434667542360483,0.9999959932539996,-6.157686087007737e-05,-6.184304023156774e-05,9.509583271041332e-12,0.004304111836896686,1.798903114073776e-06,8.044175766755518e-08,5
176,0.02,0.02,150.0,6161.832896105669,6146.517224812887,-15.31567129278119,-5.383774359952323e-05,0.0,-15.31561745503759,0.9999964847937403,-5.3610526539354276e-05,-5.383774359952323e-05,9.437249640220412e-12,0.0042204045893737465,1.5662624145685677e-06,7.003077812793259e-08,5
177,0.02,0.02,150.0,6146.517224390302,6131.319932527413,-15.19729186288896,-4.6858425079658285e-05,0.0,-15.19724500446388,0.9999969166595271,-4.665641900903774e-05,-4.6858425079658285e-05,7.405944698253379e-12,0.004310987197652039,1.3632967768210687e-06,6.095255202711413e-08,5
178,0.02,0.02,150.0,6131.319932105979,6116.240344214215,-15.079587891764277,-4.0772495755031796e-05,0.0,-15.079547119268522,0.9999972961797068,-4.060050374463068e-05,-4.0772495755031796e-05,7.22520683985896e-12,0.004218334129813168,1.1865188231313424e-06,5.303915571523439e-08,5
179,0.02,0.02,150.0,6116.240343794105,6101.277787595866,-14.962556198238417,-3.546976945130681e-05,0.0,-14.962520728468967,0.9999976294311627,-3.5317518816867954e-05,-3.546976945130681e-05,5.672104431782337e-12,0.004292405527131143,1.0323118258368811e-06,4.6141621272597125e-08,5
180,0.02,0.02,150.0,6101.277787177122,6086.431593501519,-14.84619367560299,-3.084850615923367e-05,0.0,-14.846162827096832,0.9999979221269214,-3.071865597948618e-05,-3.084850615923367e-05,5.458325496072627e-12,0.004209285826588478,8.980390679601372e-07,4.013190593807572e-08,5
181,0.02,0.02,150.0,6086.431593084066,6071.701095830926,-14.730497253140129,-2.6823898205076475e-05,0.0,-14.730470429241924,0.9999981790228976,-2.6709257935413775e-05,-2.6823898205076475e-05,4.3277238095763675e-12,0.004273810942251639,7.809731541096049e-07,3.489602993462862e-08,5
182,0.02,0.02,150.0,6071.701095414582,6057.085631482948,-14.615463931633712,-2.3318314682879702e-05,0.0,-14.615440613319029,0.9999984045450221,-2.3220498015840418e-05,-2.3318314682879702e-05,4.119434155577125e-12,0.00419484291080012,6.790789031525651e-07,3.0336382495225724e-08,5
183,0.02,0.02,150.0,6057.085631067441,6042.584540722485,-14.501090344955628,-2.04029064299194e-05,0.0,-14.501069942049199,0.9999985930088052,-1.9767330234475974e-05,-2.04029064299194e-05,1.5000030469833432e-11,0.031151257671377577,5.883389071181052e-07,2.643857652953227e-08,5
184,0.02,0.02,150.0,6042.584540307475,6028.197165875123,-14.387374432352772,-1.8015184185561892e-05,0.0,-14.387356417168586,0.9999987478476862,-1.7116485449489672e-05,-1.8015184185561892e-05,2.7404964853081702e-11,0.04988562574855464,4.953818900203941e-07,2.309037452460186e-08,5
185,0.02,0.02,150.0,6028.197165460206,6013.92285217689,-14.274313283315678,-1.5742584550840498e-05,0.0,-14.274297540731126,0.9999988971389209,-1.5131382600554599e-05,-1.5742584550840498e-05,2.8444015594684065e-11,0.03882475258824427,4.272873398499746e-07,2.011639400454297e-08,5
186,0.02,0.02,150.0,6013.922851761558,5999.760948149953,-14.16190361160534,-1.3708217373320602e-05,0.0,-14.161889903387966,0.9999990320356819,-1.3241032440797504e-05,-1.3708217373320602e-05,2.067938203412637e-11,0.034080648110552184,3.7022712442876617e-07,1.7499915309656625e-08,5
187,0.02,0.02,150.0,5999.760947733715,5985.7108048851305,-14.050142848584073,-1.1919847679370967e-05,0.0,-14.050130928736394,0.9999991516208904,-1.1529763687970094e-05,-1.1919847679370967e-05,1.9023203936754068e-11,0.03272558525021848,3.217318498206896e-07,1.5214288352876585e-08,5
188,0.02,0.02,150.0,5985.710804467444,5971.771776034278,-13.939028433165731,-1.0362307830768634e-05,0.0,-13.9390180708579,0.9999992565975541,-1.0026827649272564e-05,-1.0362307830768634e-05,1.5876082332331464e-11,0.032375044920006486,2.7922253215478633e-07,1.3221996911027363e-08,5
189,0.02,0.02,150.0,5971.77177561459,5957.943217795231,-13.828557819359048,-9.003410938598544e-06,0.0,-13.828548815948109,0.9999993489262541,-8.712128523605353e-06,-9.003410938598544e-06,1.4505666601286745e-11,0.03235245141865431,2.426666189246808e-07,1.1487590086070934e-08,5
190,0.02,0.02,150.0,5957.943217372968,5944.2244888414825,-13.718728531485795,-7.820417201719752e-06,0.0,-13.718720711068594,0.9999994299459178,-7.5700288140939555e-06,-7.820417201719752e-06,1.231947210690321e-11,0.032017267259185904,2.1067371432944282e-07,9.977120045129233e-09,5
191,0.02,0.02,150.0,5944.2244884160755,5930.614950267948,-13.609538148127285,-6.791157933079276e-06,0.0,-13.609531356969352,0.9999995010001178,-6.57239406014819e-06,-6.791157933079276e-06,1.0775989097729915e-11,0.03221304453331914,1.8302692562756592e-07,8.663641487222793e-09,5
192,0.02,0.02,150.0,5930.614949838822,5917.113965507569,-13.500984331252766,-5.895800830600464e-06,0.0,-13.500978435451936,0.9999995633058534,-5.70715875033403e-06,-5.895800830600464e-06,9.51514591267673e-12,0.031996006257087574,1.5885469145837817e-07,7.520717467423e-09,5
193,0.02,0.02,150.0,5917.113965074158,5903.72090041593,-13.393064658227559,-5.167550965621299e-06,0.0,-13.393059490676594,0.999999614162173,-4.810126297950833e-06,-5.167550965621299e-06,1.2788718308867632e-11,0.06916712966129247,1.370605398270505e-07,6.554432020545609e-09,5
194,0.02,0.02,150.0,5903.720899977687,5890.435123747841,-13.285776229845396,-4.716219143274542e-06,0.0,-13.285771513626253,0.9999996450174186,-3.1729373172432097e-06,-4.716219143274542e-06,3.2583615834950034e-11,0.327228608160012,1.215504136372705e-07,5.905342583589788e-09,5
195,0.02,0.02,150.0,5890.43512330422,5877.256004298747,-13.179119005472785,-4.271762078824623e-06,0.0,-13.179114733710707,0.9999996758689199,-2.8772631273334995e-06,-4.271762078824623e-06,2.924716117946751e-11,0.3264458379842214,1.0833692305340651e-07,5.322601017629197e-09,5
196,0.02,0.02,150.0,5877.256003849245,5864.182914242856,-13.073089606388749,-3.8521137962548405e-06,0.0,-13.073085754274953,0.9999997053402132,-2.6056103726831838e-06,-3.8521137962548405e-06,2.677622460106282e-11,0.3235894600994267,9.783295414342324e-08,4.794728655628823e-09,5
197,0.02,0.02,150.0,5864.1829138324065,5851.215227893117,-12.967685939289368,-3.5195556752637843e-06,0.0,-12.967682419733693,0.9999997285903058,-2.256690943216394e-06,-3.5195556752637843e-06,1.9745502370132632e-11,0.35881368234151917,8.700506755302122e-08,4.3340788517359705e-09,5
198,0.02,0.02,150.0,5851.215227476024,5838.352321045242,-12.86290643078155,-3.1501304434997652e-06,0.0,-12.862903280651107,0.9999997550996379,-2.1874199920733976e-06,-3.1501304434997652e-06,2.2278539927764925e-11,0.3056097100400723,7.857527168410999e-08,3.891225401751767e-09,5
199,0.02,0.02,150.0,5838.352320621021,5825.593571941651,-12.758748679370001,-2.8592090326033803e-06,0.0,-12.758745820160968,0.9999997759020806,-1.8638876828261024e-06,-2.8592090326033803e-06,1.5178189697308446e-11,0.34811073217372057,7.035025819379545e-08,3.5126979300523413e-09,5
200,0.02,0.02,150.0,5825.593571509885,5812.938360208063,-12.65521130182151,-2.5946323121596255e-06,0.0,-12.655208707189198,0.9999997949751885,-1.7087726695766754e-06,-2.5946323121596255e-06,1.3746246473610627e-11,0.34142010736219136,6.275837391274432e-08,3.1624967427726657e-09,5
201,0.02,0.02,150.0,5812.938359768336,5800.386067336269,-12.552292432067588,-2.32728191086268e-06,0.0,-12.552290104785678,0.9999998145930775,-1.604125726116738e-06,-2.32728191086268e-06,1.107942519200801e-11,0.31072994696971695,5.64377998421608e-08,2.8361609936863402e-09,5
202,0.02,0.02,150.0,5800.386066888179,5787.936076607239,-12.449990280940256,-2.0796214951997745e-06,0.0,-12.44998820131876,0.9999998329619985,-1.4517925980309428e-06,-2.0796214951997745e-06,8.922786344829418e-12,0.3018957529617767,5.10132512977677e-08,2.5406608355348706e-09,5
203,0.02,0.02,150.0,5787.936076150412,5775.58777292649,-12.348303223921903,-1.8817954605019237e-06,0.0,-12.348301342126442,0.9999998476069605,-1.2633018647543805e-06,-1.8817954605019237e-06,9.115725072834186e-12,0.32867206278761824,4.530180077175977e-08,2.284422765914197e-09,5
204,0.02,0.02,150.0,5775.587772460569,5763.340542665619,-12.247229794949817,-1.697699872800086e-06,0.0,-12.247228097249945,0.9999998613809081,-1.1560950638748578e-06,-1.697699872800086e-06,9.259891808971704e-12,0.3190227069004471,4.028198091437532e-08,2.0481222998718934e-09,5
205,0.02,0.02,150.0,5763.340542190268,5751.193773791749,-12.14676839851927,-1.5136510600280026e-06,0.0,-12.14676688486821,0.9999998753865217,-1.0680464953459253e-06,-1.5136510600280026e-06,7.4205597782796e-12,0.2943905477619351,3.6227067398692124e-08,1.8314289155790252e-09,5
206,0.02,0.02,150.0,5751.19377330665,5739.146855986792,-12.04691731985804,-1.381789200480457e-06,0.0,-12.046915938068839,0.9999998852993539,-7.694614132180921e-07,-1.381789200480457e-06,2.1575287775880724e-11,0.44314124545875344,3.383869423566138e-08,1.6716282308367396e-09,5
207,0.02,0.02,150.0,5739.146855491642,5727.1991803142855,-11.94767517735636,-1.3492197530045898e-06,0.0,-11.947673828136606,0.9999998870726118,-3.174340941058518e-07,-1.3492197530045898e-06,1.7794165358137528e-11,0.7647276558181462,3.102232808287386e-08,1.6050749490206713e-09,5
208,0.02,0.02,150.0,5727.199179808811,5715.350138618533,-11.849041190278513,-1.297058795822881e-06,0.0,-11.849039893219716,0.9999998905347044,-3.2648022410771105e-07,-1.297058795822881e-06,2.109038165685733e-11,0.7482918853338602,2.989075600469741e-08,1.5362648031406407e-09,5
209,0.02,0.02,150.0,5715.350138102464,5703.599124617683,-11.751013484781652,-1.2574356877479377e-06,0.0,-11.751012227345964,0.9999998929934265,-2.7801230043224236e-07,-1.2574356877479377e-06,1.719040467410631e-11,0.7789053522648451,2.8077810297293666e-08,1.477946323990792e-09,5
210,0.02,0.02,150.0,5703.5991240907715,5691.945533230704,-11.653590860067197,-1.2070783188635801e-06,0.0,-11.65358965298888,0.9999998964200535,-2.862910067969059e-07,-1.2070783188635801e-06,1.9463432125496192e-11,0.7628231720155173,2.726280145202054e-08,1.4177973908324253e-09,5
211,0.02,0.02,150.0,5691.945532692704,5680.388760751681,-11.556771941022816,-1.1680925127032083e-06,0.0,-11.556770772930303,0.9999998989257105,-2.546047977359107e-07,-1.1680925127032083e-06,1.6331626765428793e-11,0.7820337045507616,2.573277270346886e-08,1.3645576134294966e-09,5
212,0.02,0.02,150.0,5680.388760202362,5668.928204641885,-11.460555560477587,-1.1211190306728952e-06,0.0,-11.460554439358557,0.9999999021758567,-2.592768977862893e-07,-1.1211190306728952e-06,1.7925849808239777e-11,0.7687338358437539,2.504040942090771e-08,1.3101107966596658e-09,5
213,0.02,0.02,150.0,5668.928204081026,5657.563263638233,-11.364940442792431,-1.0838159585307885e-06,0.0,-11.364939358976473,0.9999999046351397,-2.357111285705738e-07,-1.0838159585307885e-06,1.540452941996306e-11,0.7825173852485972,2.3695758480507598e-08,1.2608768147968766e-09,5
214,0.02,0.02,150.0,5657.563263065625,5646.293337604793,-11.269925460831473,-1.0403140316938788e-06,0.0,-11.269924420517441,0.9999999076911347,-2.371393691623941e-07,-1.0403140316938788e-06,1.6515209826895046e-11,0.7720502060553054,2.3073927240526386e-08,1.211066442620899e-09,5
215,0.02,0.02,150.0,5646.293337020225,5635.117827602353,-11.17550941787249,-1.0049827407435827e-06,0.0,-11.17550841288975,0.9999999100727579,-2.1875159011880208e-07,-1.0049827407435827e-06,1.4472029482683095e-11,0.7823329881695793,2.1871955513060705e-08,1.1653968582176665e-09,5
216,0.02,0.02,150.0,5635.117827005634,5624.036135779696,-11.081691225937902,-9.647613947561681e-07,0.0,-11.081690261176508,0.9999999129409605,-2.1776679757730986e-07,-9.647613947561681e-07,1.5229249608290733e-11,0.7742791131973643,2.1300661023827058e-08,1.1196337860775603e-09,5
217,0.02,0.02,150.0,5624.036135170632,5613.047665417311,-10.988469753321624,-9.314743918146826e-07,0.0,-10.988468821847233,0.9999999152316553,-2.0308566537474537e-07,-9.314743918146826e-07,1.3558279336041355e-11,0.7819739681956287,2.0216010527042214e-08,1.0772439084125086e-09,5
218,0.02,0.02,150.0,5613.047664795595,5602.151820847028,-10.895843948566835,-8.942974965539026e-07,0.0,-10.895843054269339,0.9999999179230631,-2.00408888176601e-07,-8.942974965539026e-07,1.405626847715402e-11,0.7759035567595132,1.968516803235306e-08,1.0351046865109442e-09,5
219,0.02,0.02,150.0,5602.151820212598,5591.348007478459,-10.803812734138774,-8.630454780077089e-07,0.0,-10.803811871093295,0.9999999201165829,-1.8849000296357245e-07,-8.630454780077089e-07,1.2675868536856374e-11,0.7815989912852671,1.8700431428552853e-08,9.957578931226372e-10,5
220,0.02,0.02,150.0,5591.348006831133,5580.635631740166,-10.712375090966816,-8.286791979631602e-07,0.0,-10.712374262287618,0.9999999226428135,-1.8467988895727103e-07,-8.286791979631602e-07,1.2982000146810535e-11,0.7771394655359973,1.8204454525976168e-08,9.56899243720899e-10,5
221,0.02,0.02,150.0,5580.635631079773,5570.014101093178,-10.621529986594396,-7.994136444820924e-07,0.0,-10.621529187180752,0.9999999247364885,-1.7486885885708116e-07,-7.994136444820924e-07,1.18306552154895e-11,0.7812535974784725,1.7306429900397562e-08,9.203841118662058e-10,5
222,0.02,0.02,150.0,5570.014100419549,5559.482823988912,-10.531276430637263,-7.676376598793702e-07,0.0,-10.531275662999603,0.9999999271087731,-1.7034609110387956e-07,-7.676376598793702e-07,1.1998408215730436e-11,0.7780904976305507,1.684170191497776e-08,8.845202283956534e-10,5
223,0.02,0.02,150.0,5559.4828233018725,5549.041209874191,-10.44161342768166,-7.402895383590603e-07,0.0,-10.441612687392121,0.9999999291019972,-1.6214505060578496e-07,-7.402895383590603e-07,1.1025485058570773e-11,0.7809707658908719,1.6020057288068142e-08,8.506505058035983e-10,5
224,0.02,0.02,150.0,5549.041209173577,5538.688669161431,-10.352540012146164,-7.108966673511374e-07,0.0,-10.352539301249497,0.9999999313311838,-1.5723197205153835e-07,-7.108966673511374e-07,1.1095696701382445e-11,0.7788258416832952,1.5584479906056128e-08,8.175222476327189e-10,5
225,0.02,0.02,150.0,5538.688668447073,5528.424613228301,-10.264055218772228,-6.853801193079742e-07,0.0,-10.264054533392109,0.9999999332252113,-1.502784235825727e-07,-6.853801193079742e-07,1.026442855685974e-11,0.7807371131011092,1.483090026130573e-08,7.861144906295788e-10,5
226,0.02,0.02,150.0,5528.4246125000345,5518.2484543971,-10.176158102934096,-6.58191872432775e-07,0.0,-10.176157444742223,0.9999999353201998,-1.4518327136674223e-07,-6.58191872432775e-07,1.0263548526960867e-11,0.7794210511440633,1.4422011650825089e-08,7.555018104078967e-10,5
227,0.02,0.02,150.0,5518.248453654758,5508.159605931134,-10.088847723623985,-6.344127995405025e-07,0.0,-10.088847089211185,0.9999999371174174,-1.3921555462946024e-07,-6.344127995405025e-07,9.5478338401665e-12,0.7805599843977102,1.3729867657514934e-08,7.263953459528733e-10,5
228,0.02,0.02,150.0,5508.1596051745555,5498.157482021117,-10.002123153438333,-6.092566402150532e-07,0.0,-10.002122544181693,0.9999999390872687,-1.3409691022622088e-07,-6.092566402150532e-07,9.49618036209887e-12,0.7799007817479218,1.3346498531184263e-08,6.981001379335832e-10,5
229,0.02,0.02,150.0,5498.157481250137,5488.241497779698,-9.915983470438732,-5.871194456591245e-07,0.0,-9.915982883319286,0.9999999407905985,-1.2892215832458897e-07,-5.871194456591245e-07,8.874790322679921e-12,0.7804157922586679,1.2709775480751724e-08,6.71128599698864e-10,5
230,0.02,0.02,150.0,5488.241496994155,5478.4110692332915,-9.830427760863131,-5.638423728953891e-07,0.0,-9.830427197020757,0.9999999426431497,-1.2387174382959064e-07,-5.638423728953891e-07,8.787958066054602e-12,0.7803078488168664,1.2350521025445795e-08,6.449670671732892e-10,5
231,0.02,0.02,150.0,5478.411068433023,5468.665613315725,-9.745455117297752,-5.432516140382455e-07,0.0,-9.745454574046137,0.999999944255901,-1.1934189627618436e-07,-5.432516140382455e-07,8.244429801173569e-12,0.7803192973711394,1.1764242426591226e-08,6.19985981526643e-10,5
232,0.02,0.02,150.0,5468.665612500574,5459.004547864343,-9.661064636230549,-5.217112753523882e-07,0.0,-9.661064114519274,0.9999999459985731,-1.1443603435720402e-07,-5.217112753523882e-07,8.133721345446803e-12,0.7806525567615755,1.1427893056810358e-08,5.958000476703412e-10,5
233,0.02,0.02,150.0,5459.004547034147,5449.427291613503,-9.577255420644178,-5.025719830535438e-07,0.0,-9.577254918072196,0.9999999475244253,-1.1043784181821894e-07,-5.025719830535438e-07,7.652844264108342e-12,0.7802546788477603,1.0887688217130587e-08,5.726683336810299e-10,5
234,0.02,0.02,150.0,5449.427290768107,5439.933264194047,-9.494026574059717,-4.826356901368164e-07,0.0,-9.494026091424027,0.9999999491642786,-1.0573113909918184e-07,-4.826356901368164e-07,7.528331828048789e-12,0.7809297131150632,1.0573100402025693e-08,5.503050543523006e-10,5
235,0.02,0.02,150.0,5439.933263333292,5430.5218861272115,-9.411377206080942,-4.6485728626064426e-07,0.0,-9.411376741223656,0.9999999506068796,-1.021676304452294e-07,-4.6485728626064426e-07,7.101305855001398e-12,0.7802172118951272,1.0074951639383302e-08,5.288919322030913e-10,5
236,0.02,0.02,150.0,5430.521885250946,5421.192578826767,-9.329306424178867,-4.464061355592255e-07,0.0,-9.329305977772732,0.9999999521501262,-9.76862853463296e-08,-4.464061355592255e-07,6.9695615734110855e-12,0.7811717233143419,9.780851659769906e-09,5.082126439394066e-10,5
237,0.02,0.02,150.0,5421.192577934837,5411.944764593767,-9.247813341069559,-4.299014404748921e-07,0.0,-9.247812911168118,0.9999999535131793,-9.447971595652021e-08,-4.299014404748921e-07,6.584663669466608e-12,0.780229357100658,9.321485438897098e-09,4.883953638218614e-10,5
238,0.02,0.02,150.0,5411.944763686024,5402.777866620836,-9.166897065188095,-4.1282261796839596e-07,0.0,-9.166896652365477,0.9999999549659371,-9.026281389153413e-08,-4.1282261796839596e-07,6.451972537511435e-12,0.781352062695256,9.046738602203254e-09,4.692749196467958e-10,5
239,0.02,0.02,150.0,5402.777865697134,5393.691308988144,-9.086556708990429,-3.975076523022748e-07,0.0,-9.086556311482777,0.999999956253214,-8.734894280452314e-08,-3.975076523022748e-07,6.104480654292578e-12,0.7802584621991105,8.622963337426077e-09,4.509388966273559e-10,5
240,0.02,0.02,150.0,5393.691308048337,5384.684516669415,-9.006791378922571,-3.817017500116455e-07,0.0,-9.006790997220822,0.9999999576206738,-8.339012962711115e-08,-3.817017500116455e-07,5.971964076525728e-12,0.781530659409953,8.36645803099266e-09,4.3326208691090653e-10,5
241,0.02,0.02,150.0,5384.684515713366,5375.756915529357,-8.927600184008952,-3.67497043651453e-07,0.0,-8.927599816511908,0.9999999588358532,-8.073812675293344e-08,-3.67497043651453e-07,5.656060159338622e-12,0.780302649646596,7.975329897181999e-09,4.1630241130931843e-10,5
242,0.02,0.02,150.0,5375.756914556928,5366.907932331238,-8.848982225689724,-3.5286653697301167e-07,0.0,-8.848981872823186,0.9999999601234889,-7.703991819240451e-08,-3.5286653697301167e-07,5.527891152078007e-12,0.7816740605293021,7.736300654141807e-09,3.999564412795344e-10,5
243,0.02,0.02,150.0,5366.907931342298,5358.136994735876,-8.770936606421856,-3.396955115882689e-07,0.0,-8.770936266726345,0.9999999612703265,-7.461344886797687e-08,-3.396955115882689e-07,5.2411782966988e-12,0.780351973097564,7.375228290436558e-09,3.842747090416666e-10,5
244,0.02,0.02,150.0,5358.1369937303,5349.443531310684,-8.693462419615571,-3.261571076673872e-07,0.0,-8.693462093458463,0.9999999624824848,-7.115861258738188e-08,-3.261571076673872e-07,5.115359252326548e-12,0.7818271902878506,7.152518327404547e-09,3.6916342905257036e-10,5
245,0.02,0.02,150.0,5349.4435302883485,5340.826971530298,-8.616558758050815,-3.139476872921798e-07,0.0,-8.616558444103127,0.999999963564609,-6.894530149134035e-08,-3.139476872921798e-07,4.855268059270763e-12,0.7803923892989998,6.819125855649323e-09,3.5466315126223e-10,5
246,0.02,0.02,150.0,5340.826970452659,5332.286745749573,-8.540224703086096,-3.0142285197740686e-07,0.0,-8.540224401663245,0.9999999647055129,-6.571119798279928e-08,-3.0142285197740686e-07,4.733002043421929e-12,0.7819966284848082,6.611778199275019e-09,3.407007916045187e-10,5
247,0.02,0.02,150.0,5332.286744655513,5323.822285319907,-8.46445933560608,-2.9010769203447264e-07,0.0,-8.464459045498387,0.9999999657263765,-6.370183377749895e-08,-2.9010769203447264e-07,4.496677088924214e-12,0.7804200456362617,6.30381873794455e-09,3.272914660678943e-10,5
248,0.02,0.02,150.0,5323.82228420934,5315.433022485839,-8.389261723501477,-2.7851763293962526e-07,0.0,-8.389261444983845,0.9999999668006981,-6.0683226401354e-08,-2.7851763293962526e-07,4.3793112380921205e-12,0.7821207017994857,6.111034376977178e-09,3.1438473737874707e-10,5
249,0.02,0.02,150.0,5315.433021358682,5307.118390428038,-8.314630930643943,-2.680388780590984e-07,0.0,-8.314630662605065,0.9999999677629855,-5.882792541767317e-08,-2.680388780590984e-07,4.161681119029417e-12,0.7805246543201001,5.826531128063489e-09,3.0199369258782825e-10,5
250,0.02,0.02,150.0,5307.118389284221,5298.877823276838,-8.240566007382768,-2.573155512043131e-07,0.0,-8.240565750067216,0.9999999687745293,-5.6041456617481836e-08,-2.573155512043131e-07,4.052528908764769e-12,0.782207269031385,5.647153201525079e-09,2.900643155263371e-10,5
251,0.02,0.02,150.0,5298.877822116297,5290.710756118254,-8.167065998042744,-2.476107357724987e-07,0.0,-8.167065750432009,0.9999999696818006,-5.4318301345136753e-08,-2.476107357724987e-07,3.851303820953805e-12,0.7806302655832998,5.3846872857489605e-09,2.7861452920480817e-10,5
252,0.02,0.02,150.0,5290.710754940932,5282.616625008874,-8.094129932058422,-2.3769055004895879e-07,0.0,-8.094129694367872,0.9999999706342063,-5.174797519679969e-08,-2.3769055004895879e-07,3.748656021108433e-12,0.7822884620943458,5.217837682493573e-09,2.67591758613943e-10,5
253,0.02,0.02,150.0,5282.616623814716,5274.594866983941,-8.021756830775303,-2.287030720130811e-07,0.0,-8.02175660207223,0.9999999714896528,-5.0159307855544247e-08,-2.287030720130811e-07,3.5645223548166355e-12,0.7806793436833446,4.975468571462359e-09,2.5700912332326654e-10,5
254,0.02,0.02,150.0,5274.59486577292,5266.644920091589,-7.9499456813309735,-2.1952955418611792e-07,0.0,-7.949945461801419,0.9999999723860309,-4.776576216160643e-08,-2.1952955418611792e-07,3.4662614043806086e-12,0.7824176232731268,4.820411186895012e-09,2.468274800103181e-10,5
255,0.02,0.02,150.0,5266.644918845649,5258.766223330789,-7.878695514859828,-2.1121118226094176e-07,0.0,-7.878695303648646,0.9999999731921126,-4.630938062015205e-08,-2.1121118226094176e-07,3.2979937568648934e-12,0.7807437081482792,4.59639237880399e-09,2.3705341028227194e-10,5
256,0.02,0.02,150.0,5258.766222068609,5250.958216779001,-7.808005289607536,-2.0272701961717275e-07,0.0,-7.808005086880516,0.9999999740360037,-4.408299721879269e-08,-2.0272701961717275e-07,3.2044801601288e-12,0.7825499664423692,4.452657089549351e-09,2.276498212957027e-10,5
257,0.02,0.02,150.0,5250.9582155005555,5243.220341530369,-7.737873970186229,-1.9502758202433217e-07,0.0,-7.737873775158647,0.9999999747957149,-4.275119831290733e-08,-1.9502758202433217e-07,3.050533761553905e-12,0.7807940914348537,4.24570633193855e-09,2.1861892967455401e-10,5
258,0.02,0.02,150.0,5243.220340235652,5235.552039734255,-7.668300501396516,-1.8718332330406058e-07,0.0,-7.668300314213193,0.999999975589986,-4.0679353332429674e-08,-1.8718332330406058e-07,2.9627174727403953e-12,0.7826764018589939,4.1123324250453696e-09,2.0993538686241381e-10,5
259,0.02,0.02,150.0,5235.552038423264,5227.95275460948,-7.599283813784496,-1.800598338515329e-07,0.0,-7.599283633724662,0.9999999763056838,-3.9455328873839744e-08,-1.800598338515329e-07,2.821512188337492e-12,0.7808765673616451,3.921168239966439e-09,2.015952172326576e-10,5
260,0.02,0.02,150.0,5227.952753282228,5220.421930465925,-7.5308228163030435,-1.7280700017495015e-07,0.0,-7.530822643496044,0.9999999770533706,-3.754268505919084e-08,-1.7280700017495015e-07,2.7391745626332215e-12,0.7827478920345673,3.797390497528459e-09,1.9357253310271132e-10,5
261,0.02,0.02,150.0,5220.421929122434,5212.959012720996,-7.462916401438633,-1.662163681426712e-07,0.0,-7.4629162352222655,0.9999999777276927,-3.640954122538723e-08,-1.662163681426712e-07,2.6094350643200423e-12,0.7809509278043228,3.6209055880077575e-09,1.8587060558939597e-10,5
262,0.02,0.02,150.0,5212.959011361305,5205.563447923004,-7.3955634383009965,-1.5951268709876508e-07,0.0,-7.395563278788309,0.9999999784313002,-3.4634297462076646e-08,-1.5951268709876508e-07,2.5319783047967256e-12,0.7828743400164012,3.5061089105122493e-09,1.7846735344553103e-10,5
263,0.02,0.02,150.0,5205.563446547159,5198.234683769881,-7.3287627772788255,-1.5341804280494075e-07,0.0,-7.328762623860783,0.9999999790663108,-3.359052285306779e-08,-1.5341804280494075e-07,2.410756166545424e-12,0.7810523310105346,3.343128838424618e-09,1.713561166713964e-10,5
264,0.02,0.02,150.0,5198.234682377941,5190.972169134415,-7.262513243525973,-1.4721972679499545e-07,0.0,-7.262513096306246,0.999999979728818,-3.196252757404046e-08,-1.4721972679499545e-07,2.3404239029973847e-12,0.7828923591296395,3.2366591932194947e-09,1.645176498607573e-10,5
265,0.02,0.02,150.0,5190.972167726454,5183.775354085304,-7.196813641150584,-1.415852490849049e-07,0.0,-7.196813499565335,0.9999999803266756,-3.0981200665563406e-08,-1.415852490849049e-07,2.227809498450759e-12,0.7811834151805969,3.086200978425372e-09,1.5795505402654965e-10,5
266,0.02,0.02,150.0,5183.775352661409,5176.643689914196,-7.131662747212431,-1.3585510685958387e-07,0.0,-7.131662611357324,0.9999999809504303,-2.948666172774402e-08,-1.3585510685958387e-07,2.162775267521667e-12,0.7829550731705608,2.9876369536862734e-09,1.516408631397666e-10,5
267,0.02,0.02,150.0,5176.643688474465,5169.576629159125,-7.067059315339975,-1.3064668112327405e-07,0.0,-7.067059184693294,0.9999999815132893,-2.8578140082892005e-08,-1.3064668112327405e-07,2.0583673846137806e-12,0.781256287284278,2.848614178040994e-09,1.4558474289390998e-10,5
268,0.02,0.02,150.0,5169.576627703672,5162.573625633446,-7.003002070226103,-1.253530857105735e-07,0.0,-7.0030019448730165,0.999999982100093,-2.71962841435739e-08,-1.253530857105735e-07,1.9979983600676944e-12,0.7830425634166907,2.757113040507365e-09,1.3975914050369668e-10,5
269,0.02,0.02,150.0,5162.573624162395,5155.63413445158,-6.939489710814996,-1.2053624468620053e-07,0.0,-6.939489590278751,0.9999999826303878,-2.635699031781183e-08,-1.2053624468620053e-07,1.902107178103848e-12,0.7813355610469812,2.629048322114845e-09,1.3416691182229243e-10,5
270,0.02,0.02,150.0,5155.634132965075,5148.757612059919,-6.876520905156212,-1.1564724549821786e-07,0.0,-6.876520789508967,0.9999999831823029,-2.507966096177724e-08,-1.1564724549821786e-07,1.84593817427963e-12,0.783136547232647,2.5441334318980265e-09,1.2879062965781716e-10,5
271,0.02,0.02,150.0,5148.75761055811,5141.943516264846,-6.814094293264134,-1.111945226049655e-07,0.0,-6.814094182069611,0.9999999836816871,-2.430289008308167e-08,-1.111945226049655e-07,1.7575095526082152e-12,0.7814380644501603,2.426077738242352e-09,1.2363168536489336e-10,5
272,0.02,0.02,150.0,5141.943514747902,5135.191306265746,-6.7522084821557655,-1.0667805889855842e-07,0.0,-6.752208375477706,0.9999999842010122,-2.313027979456154e-08,-1.0667805889855842e-07,1.7049883153119254e-12,0.7831767841168122,2.34732277348154e-09,1.1866949170791162e-10,5
273,0.02,0.02,150.0,5135.191304733717,5128.500442684728,-6.6908620489884925,-1.0256270698540718e-07,0.0,-6.690861946425786,0.9999999846712269,-2.2409736449236165e-08,-1.0256270698540718e-07,1.6236591577409083e-12,0.7815020965425117,2.238406313479376e-09,1.1391000977766378e-10,5
274,0.02,0.02,150.0,5128.500441137949,5121.870387602279,-6.630053535669504,-9.839215607809191e-08,0.0,-6.630053437277348,0.999999985159674,-2.132477367131973e-08,-9.839215607809191e-08,1.5747464079821645e-12,0.7832675436607499,2.16541579707694e-09,1.0932989152889066e-10,5
275,0.02,0.02,150.0,5121.870386040959,5115.300604589223,-6.569781451735253,-9.459077285055071e-08,0.0,-6.56978135714448,0.9999999856021432,-2.0659204755617822e-08,-9.459077285055071e-08,1.4995453647120314e-12,0.7815938686931074,2.064849710931925e-09,1.0494002135369334e-10,5
276,0.02,0.02,150.0,5115.300603013584,5108.790558743574,-6.51004427000953,-9.073989511652633e-08,0.0,-6.510044179269635,0.9999999860615549,-1.9652567768625313e-08,-9.073989511652633e-08,1.453205443088038e-12,0.783418663385186,1.9973990487218743e-09,1.0071811577280204e-10,5
277,0.02,0.02,150.0,5108.79055715385,5102.339716725184,-6.450840428666197,-8.722719962583384e-08,0.0,-6.450840341438997,0.999999986478165,-1.9049415155966715e-08,-8.722719962583384e-08,1.38457702668222e-12,0.7816115244134824,1.9045059210308045e-09,9.666721866546127e-11,5
278,0.02,0.02,150.0,5102.339715121623,5095.947546794371,-6.392168327251966,-8.366839194114962e-08,0.0,-6.392168243583574,0.9999999869107965,-1.812018769909433e-08,-8.366839194114962e-08,1.3422925954191202e-12,0.7834285172847633,1.8422789398461357e-09,9.277084565986558e-11,5
279,0.02,0.02,150.0,5095.947545177231,5089.613518848601,-6.334026328629989,-8.042670056344012e-08,0.0,-6.334026248203288,0.9999999873024366,-1.755480740216115e-08,-8.042670056344012e-08,1.2777764035266845e-12,0.7817291113625379,1.7564010942029398e-09,8.903371948486252e-11,5
280,0.02,0.02,150.0,5089.613517218157,5083.337104462884,-6.276412755272759,-7.714038659785535e-08,0.0,-6.276412678132372,0.9999999877094784,-1.6702583656281875e-08,-7.714038659785535e-08,1.2390969857009982e-12,0.7834780924374283,1.698851035018343e-09,8.54407893986421e-11,5
281,0.02,0.02,150.0,5083.337102819418,5077.117776928468,-6.219325890950131,-7.414665128701836e-08,0.0,-6.2193258168034795,0.9999999880780244,-1.6176846183787806e-08,-7.414665128701836e-08,1.1788655388830216e-12,0.781826341405926,1.619666131643838e-09,8.199613248709116e-11,5
282,0.02,0.02,150.0,5077.117775272276,5070.955011294873,-6.162763977403301,-7.111211196767008e-08,0.0,-6.16276390629119,0.9999999884610036,-1.5396519379333896e-08,-7.111211196767008e-08,1.1434278513779622e-12,0.7834894935150616,1.5664031005921255e-09,7.868147544462999e-11,5
283,0.02,0.02,150.0,5070.955009626264,5064.848284410467,-6.106725215796359,-6.834944111139862e-08,0.0,-6.106725147446919,0.9999999888075133,-1.4905117923938014e-08,-6.834944111139862e-08,1.0879377792327592e-12,0.7819277278413285,1.493258833823931e-09,7.550552921813146e-11,5
284,0.02,0.02,150.0,5064.848282729758,5058.797074966037,-6.051207763720413,-6.554894199843206e-08,0.0,-6.051207698171471,0.9999999891676266,-1.4184055946642779e-08,-6.554894199843206e-08,1.0542496298305557e-12,0.7836112145489387,1.4440148918759786e-09,7.245199640023135e-11,5
285,0.02,0.02,150.0,5058.797073273557,5052.80086353705,-5.9962097365068985,-6.299455000019389e-08,0.0,-5.9962096735123485,0.9999999894942717,-1.3741540910295293e-08,-6.299455000019389e-08,1.004933710151754e-12,0.7818614322944921,1.3767462214908478e-09,6.952244041106171e-11,5
286,0.02,0.02,150.0,5052.800861833134,5046.859132628695,-5.941729204439071,-6.041275084778458e-08,0.0,-5.941729144026319,0.9999999898324631,-1.3064394215235795e-08,-6.041275084778458e-08,9.73179581003205e-13,0.7837477348423891,1.3310683095281908e-09,6.670601600365663e-11,5
287,0.02,0.02,150.0,5046.859130913692,5040.971366719601,-5.887764194090778,-5.8056699261422156e-08,0.0,-5.887764136034079,0.9999999901394321,-1.2653064297095193e-08,-5.8056699261422156e-08,9.266025803177743e-13,0.7820567745313938,1.2689693039658972e-09,6.40081933860729e-11,5
288,0.02,0.02,150.0,5040.971364993867,5035.137052308173,-5.834312685693476,-5.567252974439154e-08,0.0,-5.834312630020946,0.9999999904577398,-1.2036452479390737e-08,-5.567252974439154e-08,8.975838505294394e-13,0.7837990740738112,1.2269303092396003e-09,6.14130594955594e-11,5
289,0.02,0.02,150.0,5035.13705057207,5029.355677957644,-5.781372614425891,-5.349799571835456e-08,0.0,-5.781372560927895,0.9999999907464889,-1.1657658166361871e-08,-5.349799571835456e-08,8.544519781654942e-13,0.7820916838130768,1.1696221389117804e-09,5.892421176599328e-11,5
290,0.02,0.02,150.0,5029.355676211541,5023.626734343459,-5.7289418680820745,-5.1297348575948607e-08,0.0,-5.728941816784726,0.9999999910459296,-1.1095212750258865e-08,-5.1297348575948607e-08,8.292336990224793e-13,0.783707870713205,1.1306224878034216e-09,5.652966752309769e-11,5
291,0.02,0.02,150.0,5023.626732587737,5017.949714299499,-5.677018288238287,-4.929319505388345e-08,0.0,-5.677018238945092,0.9999999913170624,-1.0725292328959066e-08,-4.929319505388345e-08,7.881005045088346e-13,0.7824183983765909,1.0778796138335128e-09,5.4240794057854464e-11,5
292,0.02,0.02,150.0,5017.949712534539,5012.3241128662285,-5.625599668310315,-4.7263151652805814e-08,0.0,-5.625599621047163,0.9999999915985576,-1.0221040708397255e-08,-4.7263151652805814e-08,7.637850816685625e-13,0.7837418718184344,1.0418097359813994e-09,5.2032037383400805e-11,5
293,0.02,0.02,150.0,5012.324111092418,5006.74942733791,-5.574683754508442,-4.541324755281315e-08,0.0,-5.574683709095194,0.999999991853664,-9.879189368381696e-09,-4.541324755281315e-08,7.257142290404111e-13,0.7824601872637993,9.931740049514126e-10,4.992136307526049e-11,5
294,0.02,0.02,150.0,5006.749425555643,5001.225157311341,-5.52426824430222,-4.354033412390075e-08,0.0,-5.524268200761886,0.9999999921183527,-9.41436152074985e-09,-4.354033412390075e-08,7.046274416321413e-13,0.7837783813518786,9.598454392425076e-10,4.788749887144676e-11,5
295,0.02,0.02,150.0,5001.225155521015,4995.750804733712,-5.474350787302683,-4.1833219389260445e-08,0.0,-5.474350745469463,0.9999999923583232,-9.099324795787912e-09,-4.1833219389260445e-08,6.693172575617917e-13,0.782485667404218,9.150607416922483e-10,4.594380178128068e-11,5
296,0.02,0.02,150.0,4995.750802935729,4990.325873951758,-5.424928983970858,-4.010638599380614e-08,0.0,-5.424928943864472,0.9999999926070211,-8.669655704569685e-09,-4.010638599380614e-08,6.497232796916856e-13,0.7838335344922729,8.841912876507554e-10,4.406774454463783e-11,5
297,0.02,0.02,150.0,4990.325872146521,4984.949871759971,-5.376000386550004,-3.8532283884980154e-08,0.0,-5.37600034801772,0.9999999928325369,-8.37548770121344e-09,-3.8532283884980154e-08,6.178775167524404e-13,0.7826371328983643,8.429215997560435e-10,4.227747512937187e-11,5
298,0.02,0.02,150.0,4984.949869947885,4979.622307449896,-5.327562497989675,-3.69391460959844e-08,0.0,-5.327562461050529,0.9999999930664077,-7.979272901966725e-09,-3.69391460959844e-08,5.992241457584357e-13,0.7839887018169557,8.145646724989493e-10,4.055004227219229e-11,5
299,0.02,0.02,150.0,4979.62230563137,4974.342692849445,-5.279612781925607,-3.548752811921319e-08,0.0,-5.279612746438079,0.9999999932783843,-7.713599138509207e-09,-3.548752811921319e-08,5.703415558464315e-13,0.7826391538853614,7.76426154275185e-10,3.890066319508517e-11,5
300,0.02,0.02,150.0,4974.34269103386,4969.1105424082725,-5.232148625587797,-3.402081008551255e-08,0.0,-5.232148591566987,0.9999999934977363,-7.341207724030987e-09,-3.402081008551255e-08,5.524765683386405e-13,0.7842141999094497,7.501657119199938e-10,3.731115106083256e-11,5
301,0.02,0.02,150.0,4969.110540586854,4963.925373191305,-5.185167395548888,-3.268089600549266e-08,0.0,-5.1851673628679915,0.9999999936972341,-7.103586969790748e-09,-3.268089600549266e-08,5.252815614017451e-13,0.7826379372035316,7.150805658882748e-10,3.5790760106436624e-11,5
302,0.02,0.02,150.0,4963.925371364467,4958.786704964133,-5.138666400333932,-3.1326471778267206e-08,0.0,-5.13866636900746,0.9999999939037739,-6.759938234881869e-09,-3.1326471778267206e-08,5.0863755633321e-13,0.7842100354380928,6.909904950275058e-10,3.4326069935953375e-11,5
303,0.02,0.02,150.0,4958.78670313229,4953.694060231399,-5.092642900891406,-3.0090372464157094e-08,0.0,-5.092642870801033,0.9999999940914034,-6.5449841092812485e-09,-3.0090372464157094e-08,4.848921363934973e-13,0.7824890962357655,6.585588206914401e-10,3.292488442000726e-11,5
304,0.02,0.02,150.0,4953.694058394969,4948.646964284962,-5.047094110006583,-2.8841942334123848e-08,0.0,-5.047094081164641,0.9999999942854361,-6.221896168224386e-09,-2.8841942334123848e-08,4.69786013825115e-13,0.7842761040104065,6.363306237112743e-10,3.157592360525159e-11,5
305,0.02,0.02,150.0,4948.64696244436,4943.644945250689,-5.002017193671236,-2.7707142665854354e-08,0.0,-5.0020171659640935,0.9999999944608062,-6.010683723442249e-09,-2.7707142665854354e-08,4.4533523852817533e-13,0.7830637465605691,6.063060273597108e-10,3.0289510001114317e-11,5
306,0.02,0.02,150.0,4943.644943406329,4938.6875341356,-4.957409270728931,-2.655502136339911e-08,0.0,-4.95740924417391,0.9999999946433672,-5.73177135140852e-09,-2.655502136339911e-08,4.3289731612474116e-13,0.7841548958680695,5.858016583513663e-10,2.9044815496365157e-11,5
307,0.02,0.02,150.0,4938.687532287899,4933.7742648737,-4.913267414198344,-2.5507633094288582e-08,0.0,-4.913267388690711,0.9999999948084175,-5.535461238816833e-09,-2.5507633094288582e-08,4.111589385463139e-13,0.7829880483871208,5.581997467653444e-10,2.7858547259760917e-11,5
308,0.02,0.02,150.0,4933.774263023074,4928.904674371794,-4.869588651280537,-2.4446683274550297e-08,0.0,-4.869588626833854,0.9999999949797233,-5.269512423090164e-09,-2.4446683274550297e-08,3.98008648711987e-13,0.7844487792511355,5.393259114819728e-10,2.671562367904423e-11,5
309,0.02,0.02,150.0,4928.904672518657,4924.078302553948,-4.826369964709556,-2.3479141996437724e-08,0.0,-4.826369941230414,0.9999999951352379,-5.099124037868959e-09,-2.3479141996437724e-08,3.788334429832539e-13,0.7828232378064496,5.139621327826813e-10,2.5622894767773908e-11,5
310,0.02,0.02,150.0,4924.078300725231,4919.2946924316475,-4.783608293583711,-2.250112786193981e-08,0.0,-4.783608271082583,0.9999999952962018,-4.852754865927665e-09,-2.250112786193981e-08,3.6679934092675637e-13,0.7843328167502218,4.9647009753609e-10,2.4567731601580808e-11,5
311,0.02,0.02,150.0,4919.294690601293,4914.5533900686105,-4.741300532682544,-2.1610759265652763e-08,0.0,-4.741300511071785,0.9999999954420187,-4.689268115347554e-09,-2.1610759265652763e-08,3.483096368684036e-13,0.7830123385437697,4.730273744223976e-10,2.356143521097464e-11,5
312,0.02,0.02,150.0,4914.553388236985,4909.853944701797,-4.699443535187129,-2.0708729459191417e-08,0.0,-4.699443514478399,0.9999999955933655,-4.465407768807689e-09,-2.0708729459191417e-08,3.3769891662268084e-13,0.7843707515901827,4.570068979206827e-10,2.259121894891023e-11,5
313,0.02,0.02,150.0,4909.8539428692675,4905.195908756219,-4.658034113048416,-1.988892751061353e-08,0.0,-4.658034093159488,0.9999999957301885,-4.312138487709198e-09,-1.988892751061353e-08,3.212960393648339e-13,0.783188988676837,4.354140420711989e-10,2.166388216886514e-11,5
314,0.02,0.02,150.0,4905.195906922941,4900.578837884392,-4.617069038548834,-1.9058852492240493e-08,0.0,-4.617069019489982,0.9999999958720885,-4.102020482623312e-09,-1.9058852492240493e-08,3.1097718706946314e-13,0.7847708573066828,4.206770907733407e-10,2.07737087146295e-11,5
315,0.02,0.02,150.0,4900.578836050958,4896.002291006545,-4.576545044412342,-1.8303118237417204e-08,0.0,-4.5765450261092235,0.999999996000669,-3.9705575247295074e-09,-1.8303118237417204e-08,2.961965109060296e-13,0.7830666079284531,4.007096300728509e-10,1.9920795191188156e-11,5
316,0.02,0.02,150.0,4896.002289173319,4891.465830347835,-4.536458825483351,-1.7539695107450635e-08,0.0,-4.536458807943656,0.9999999961336153,-3.770412440295994e-09,-1.7539695107450635e-08,2.85765630498838e-13,0.7850354628630705,3.8710744108043715e-10,1.909989813148289e-11,5
317,0.02,0.02,150.0,4891.46582851518,4886.969021474891,-4.496807040289241,-1.684104113091398e-08,0.0,-4.496807023448199,0.999999996254889,-3.6652361513025283e-09,-1.684104113091398e-08,2.7422504189729637e-13,0.7823628525807411,3.686345540062393e-10,1.8312373497986422e-11,5
318,0.02,0.02,150.0,4886.96901964317,4882.511433331509,-4.457586311661544,-1.6138583052333136e-08,0.0,-4.457586295522961,0.9999999963795243,-3.4628201509844168e-09,-1.6138583052333136e-08,2.6278865362975205e-13,0.7854322067956393,3.5617508927034796e-10,1.7558219815534512e-11,5
319,0.02,0.02,150.0,4882.511431501086,4878.092638272239,-4.41879322884688,-1.5493635021430942e-08,0.0,-4.418793213353245,0.9999999964936954,-3.3727265599242763e-09,-1.5493635021430942e-08,2.5291186208904315e-13,0.7823153472210305,3.392562540288727e-10,1.683473869244889e-11,5
320,0.02,0.02,150.0,4878.0926364434945,4873.712212095501,-4.380424347993539,-1.4846569327142197e-08,0.0,-4.38042433314697,0.9999999966107007,-3.180654405671814e-09,-1.4846569327142197e-08,2.4238019430164176e-13,0.7857650251996597,3.2785771546994364e-10,1.614200673276016e-11,5
321,0.02,0.02,150.0,4873.712210268777,4869.369734074226,-4.342476194551637,-1.4253647181217064e-08,0.0,-4.342476180297989,0.9999999967176223,-3.1039031346350603e-09,-1.4253647181217064e-08,2.326705770461305e-13,0.7822379707331839,3.1213060274416845e-10,1.5475574333113115e-11,5
322,0.02,0.02,150.0,4869.369732249881,4865.06478698608,-4.304945263800619,-1.3658497501865893e-08,0.0,-4.304945250142121,0.999999996827254,-2.928736508454708e-09,-1.3658497501865893e-08,2.2317590707356303e-13,0.7855740349145569,3.014609624016544e-10,1.483750003376741e-11,5
323,0.02,0.02,150.0,4865.064785164477,4860.796957141252,-4.267828023224865,-1.3110847906153643e-08,0.0,-4.267828010114018,0.9999999969279812,-2.850680044625012e-09,-1.3110847906153643e-08,2.1389790995903708e-13,0.7825708859541395,2.8725516204920136e-10,1.4224041895400938e-11,5
324,0.02,0.02,150.0,4860.7969553227485,4856.565834409483,-4.2311209132658405,-1.2562933852304114e-08,0.0,-4.231120900702907,0.9999999970308261,-2.6949080327477024e-09,-1.2562933852304114e-08,2.0544256051993456e-13,0.7854873658947555,2.773843362448752e-10,1.363675558032293e-11,5
325,0.02,0.02,150.0,4856.565832594434,4852.371012244819,-4.194820349614929,-1.2060268468911093e-08,0.0,-4.194820337554661,0.9999999971249619,-2.6183484687158383e-09,-1.2060268468911093e-08,1.963405609154332e-13,0.7828946780525321,2.642134539285589e-10,1.3071832819941453e-11,5
326,0.02,0.02,150.0,4852.371010433581,4848.212087709408,-4.158922724173863,-1.1554071075110977e-08,0.0,-4.158922712619791,0.9999999972218595,-2.4824428680492886e-09,-1.1554071075110977e-08,1.8984896068342885e-13,0.7851456121473231,2.5518067843719957e-10,1.2532747507884508e-11,5
327,0.02,0.02,150.0,4848.212085902334,4844.088661495093,-4.123424407241146,-1.10932123952271e-08,0.0,-4.123424396147933,0.9999999973097088,-2.4045952982608494e-09,-1.10932123952271e-08,1.8146967315351694e-13,0.7832372434070192,2.4295957465288547e-10,1.2014753612574221e-11,5
328,0.02,0.02,150.0,4844.088659692531,4840.000337943854,-4.088321748677117,-1.0628980679986111e-08,0.0,-4.088321738048137,0.9999999974001605,-2.2744683934350346e-09,-1.0628980679986111e-08,1.7401538147055812e-13,0.7860125573736572,2.3463963206526737e-10,1.152010346776236e-11,5
329,0.02,0.02,150.0,4840.000336146151,4835.94672506612,-4.05361108003126,-1.0202318900998166e-08,0.0,-4.053611069828941,0.9999999974831529,-2.220201952413058e-09,-1.0202318900998166e-08,1.6822002074228094e-13,0.7823826157604385,2.2338203939056734e-10,1.104001451683108e-11,5
330,0.02,0.02,150.0,4835.946723273621,4831.927434557921,-4.019288715699986,-9.775074657952625e-09,0.0,-4.019288705924911,0.999999997567959,-2.0890880128171533e-09,-9.775074657952625e-09,1.5990101557621905e-13,0.7862841885184425,2.1572507491584595e-10,1.0585599400331391e-11,5
331,0.02,0.02,150.0,4831.927432770964,4827.942081815756,-3.9853509552076503,-9.381347080873388e-09,0.0,-3.985350945826303,0.9999999976460424,-2.038746443380955e-09,-9.381347080873388e-09,1.5310429419782733e-13,0.7826808425479179,2.055152326237781e-10,1.0145531444956228e-11,5
332,0.02,0.02,150.0,4827.942080034676,4823.990285950387,-3.9517940842888493,-8.987322775017643e-09,0.0,-3.9517940753015264,0.9999999977257613,-1.927946290270143e-09,-8.987322775017643e-09,1.4771093062635657e-13,0.7854815790494007,1.983954182429337e-10,9.724540319015472e-12,5
333,0.02,0.02,150.0,4823.990284175513,4820.071669798375,-3.918614377137601,-8.627499856260925e-09,0.0,-3.918614368510101,0.9999999977983289,-1.865128871368034e-09,-8.627499856260925e-09,1.4080199108802586e-13,0.7838158328087921,1.8897444060178395e-10,9.321120133949667e-12,5
334,0.02,0.02,150.0,4820.071668030031,4816.185859932368,-3.8858080976633573,-8.264185079775171e-09,0.0,-3.8858080893991724,0.999999997873239,-1.7738995988756425e-09,-8.264185079775171e-09,1.3568270555707496e-13,0.7853509351796969,1.8242298902200767e-10,8.933833457245797e-12,5
335,0.02,0.02,150.0,4816.185858170872,4812.332486669357,-3.85337150151463,-7.93195448296041e-09,0.0,-3.8533714935826753,0.9999999979415547,-1.7170634276999125e-09,-7.93195448296041e-09,1.2945805070003403e-13,0.7835258092581666,1.7377095138066133e-10,8.564298953760155e-12,5
336,0.02,0.02,150.0,4812.332484915021,4808.511184077541,-3.8213008374805213,-7.59733553753862e-09,0.0,-3.8213008298831856,0.9999999980118457,-1.6288417172235831e-09,-7.59733553753862e-09,1.2415226524278081e-13,0.7856035567765256,1.6779461676379498e-10,8.208222012947654e-12,5
337,0.02,0.02,150.0,4808.511182330666,4804.72158998121,-3.789592349456143,-7.290506800693314e-09,0.0,-3.789592342165636,0.9999999980761765,-1.5880429299038664e-09,-7.290506800693314e-09,1.2005885687143334e-13,0.7821766067411327,1.5969584080719208e-10,7.864379781808651e-12,5
338,0.02,0.02,150.0,4804.721588242094,4800.963345964329,-3.758242277765021,-6.9855916726454525e-09,0.0,-3.758242270779429,0.999999998141261,-1.4879838705354546e-09,-6.9855916726454525e-09,1.1358249946277334e-13,0.7869924352489452,1.541483279675779e-10,7.540592942308478e-12,5
339,0.02,0.02,150.0,4800.9633442332615,4797.236097372038,-3.727246861223648,-6.700543448207305e-09,0.0,-3.727246854523105,0.9999999982022808,-1.4628688285885853e-09,-6.700543448207305e-09,1.1060613103091385e-13,0.7816790772426125,1.4687757436284916e-10,7.224589472522897e-12,5
340,0.02,0.02,150.0,4797.2360956492985,4793.539493311051,-3.6966023382474305,-6.422713598686157e-09,0.0,-3.696602331824717,0.999999998262536,-1.3643011140679615e-09,-6.422713598686157e-09,1.0351133395443558e-13,0.7875818229934703,1.4159140846058234e-10,6.926377423071111e-12,5
341,0.02,0.02,150.0,4793.539491596911,4789.873186647869,-3.6663049490416597,-6.158541951823087e-09,0.0,-3.6663049428831176,0.9999999983202319,-1.347047861553842e-09,-6.158541951823087e-09,1.0199861581851715e-13,0.7812716269384052,1.350387281505522e-10,6.635366680033299e-12,5
342,0.02,0.02,150.0,4789.873184942591,4786.236834006031,-3.6363509365601203,-5.9016142394833266e-09,0.0,-3.636350930658506,0.9999999983770504,-1.2559377006970637e-09,-5.9016142394833266e-09,9.529579171516336e-14,0.7871874287725356,1.3018435796709688e-10,6.361200741959999e-12,5
343,0.02,0.02,150.0,4786.23683230987,4782.6300957612,-3.606736548669687,-5.6590292564128854e-09,0.0,-3.606736543010658,0.9999999984309835,-1.2355224806453888e-09,-5.6590292564128854e-09,9.31964507095107e-14,0.7816723638165893,1.2416007276141342e-10,6.093623005174384e-12,5
344,0.02,0.02,150.0,4782.630094074401,4779.052636035313,-3.5774580390880146,-5.4233012135491374e-09,0.0,-3.5774580336647133,0.999999998484035,-1.1539269675520534e-09,-5.4233012135491374e-09,8.78216453203762e-14,0.7872279406739984,1.1966683063283802e-10,5.841687822387179e-12,5
345,0.02,0.02,150.0,4779.052634358113,4775.504122688701,-3.548511669412619,-5.201142739240944e-09,0.0,-3.5485116642114765,0.9999999985342749,-1.1335284422845194e-09,-5.201142739240944e-09,8.450765436238122e-14,0.7820616546951475,1.1407580286733862e-10,5.598656180880636e-12,5
346,0.02,0.02,150.0,4775.504121021326,4771.984227311235,-3.5198937100904004,-4.981167461954225e-09,0.0,-3.519893705109233,0.9999999985848529,-1.0723409747619407e-09,-4.981167461954225e-09,8.240556882146776e-14,0.7847209548860986,1.0995061839592851e-10,5.3603691662954835e-12,5
347,0.02,0.02,150.0,4771.984225653905,4768.492625211673,-3.491600442232084,-4.778348746601112e-09,0.0,-3.491600437453735,0.9999999986314732,-1.0350685454681928e-09,-4.778348746601112e-09,7.85305293222533e-14,0.7833836330585021,1.0480350871511346e-10,5.137604096895321e-12,5
348,0.02,0.02,150.0,4768.492623564593,4765.028995405877,-3.463628158715437,-4.578552293406586e-09,0.0,-3.463628154136885,0.9999999986781052,-9.72277001202787e-10,-4.578552293406586e-09,7.383282671686843e-14,0.7876453212944778,1.0106889787918527e-10,4.925848235365463e-12,5
349,0.02,0.02,150.0,4765.02899376925,4761.593020603476,-3.435973165773248,-4.391041349230701e-09,0.0,-3.435973161382207,0.9999999987220385,-9.628985387649695e-10,-4.391041349230701e-09,7.302860963632927e-14,0.7807129420601637,9.61770760675531e-11,4.718361442284746e-12,5
350,0.02,0.02,150.0,4761.593018977492,4758.184387193522,-3.4086317839701223,-4.206096944378612e-09,0.0,-3.4086317797640255,0.9999999987660454,-8.935390313676011e-10,-4.206096944378612e-09,6.968580164954699e-14,0.7875609993816707,9.284464246054303e-11,4.522129528172356e-12,5
351,0.02,0.02,150.0,4758.184385578362,4754.802785228476,-3.3816003498859573,-4.037450261831792e-09,0.0,-3.381600345848507,0.9999999988060534,-8.683340505520449e-10,-4.037450261831792e-09,6.554906543814065e-14,0.7849300934401897,8.83531615207845e-11,4.331416907736512e-12,5
352,0.02,0.02,150.0,4754.802783624313,4751.447908407364,-3.35487521694904,-3.864096893310668e-09,0.0,-3.354875213084943,0.9999999988482143,-8.273368967660472e-10,-3.864096893310668e-09,6.443640515789234e-14,0.7858912652531329,8.545935851537351e-11,4.150763233023151e-12,5
353,0.02,0.02,150.0,4751.447906814363,4748.119454057491,-3.3284527568721387,-3.7100197779884397e-09,0.0,-3.328452753162119,0.9999999988853621,-7.996471550519927e-10,-3.7100197779884397e-09,6.108149552206731e-14,0.7844628323017838,8.118198602821758e-11,3.9761498366044264e-12,5
354,0.02,0.02,150.0,4748.119452475807,4744.817123115168,-3.302329360638396,-3.550405013615228e-09,0.0,-3.302329357087991,0.9999999989248787,-7.627181495992017e-10,-3.550405013615228e-09,5.930701690424384e-14,0.7851743261193298,7.84552695384306e-11,3.8109901984218515e-12,5
355,0.02,0.02,150.0,4744.81712154495,4741.540620105259,-3.2765014396909464,-3.4088998507248216e-09,0.0,-3.2765014362820466,0.9999999989595916,-7.320112796916603e-10,-3.4088998507248216e-09,5.554348880374033e-14,0.7852646567085227,7.457095923616265e-11,3.6522205974286395e-12,5
356,0.02,0.02,150.0,4741.5406185466445,4738.289653119735,-3.2509654269097155,-3.2632346885777623e-09,0.0,-3.250965423646481,0.999999998996226,-6.968893535913467e-10,-3.2632346885777623e-09,5.3382655909182777e-14,0.7864421593608774,7.20767799352986e-11,3.499885636110592e-12,5
357,0.02,0.02,150.0,4738.289651572856,4735.0639337951925,-3.2257177776637036,-3.131388672140581e-09,0.0,-3.225717774532315,0.9999999990292429,-6.787374022046873e-10,-3.131388672140581e-09,5.2238142447822294e-14,0.7832471554095805,6.84846413166105e-11,3.3532210181700076e-12,5
358,0.02,0.02,150.0,4735.063932260171,4731.863177289489,-3.200754970682283,-2.997485731982684e-09,0.0,-3.200754967684797,0.9999999990635067,-6.363292204870637e-10,-2.997485731982684e-09,4.827762059814845e-14,0.7877123438161742,6.625894587589257e-11,3.2137630406570123e-12,5
359,0.02,0.02,150.0,4731.8631757664425,4728.687102257322,-3.176073509120215,-2.87498931501372e-09,0.0,-3.176073506245226,0.9999999990947976,-6.316145610996385e-10,-2.87498931501372e-09,4.810821013028149e-14,0.7803071622557928,6.285297311404842e-11,3.076687658105861e-12,5
360,0.02,0.02,150.0,4728.687100746359,4725.535430825616,-3.1516699207431884,-2.7540049196488658e-09,0.0,-3.1516699179891834,0.999999999126176,-5.78241621317621e-10,-2.7540049196488658e-09,4.324423844577238e-14,0.7900360971790324,6.076292219526247e-11,2.9508566111179446e-12,5
361,0.02,0.02,150.0,4725.535429326435,4722.407888565615,-3.127540760820011,-2.636461448564553e-09,0.0,-3.12754075818355,0.9999999991570178,-5.939345626677534e-10,-2.636461448564553e-09,4.483044139078811e-14,0.7747228342780712,5.7789376522412213e-11,2.8216690751177245e-12,5
362,0.02,0.02,150.0,4722.407887078714,4719.304204468863,-3.103682609851603,-2.526787918060673e-09,0.0,-3.103682607324815,0.9999999991858742,-5.304018297433217e-10,-2.526787918060673e-09,3.921921649198787e-14,0.7900885048752296,5.5741222812941507e-11,2.7032169421975144e-12,5
363,0.02,0.02,150.0,4719.304202994343,4716.224110917789,-3.0800920765532283,-2.4193750829938e-09,0.0,-3.0800920741338533,0.9999999992145121,-5.409785583871735e-10,-2.4193750829938e-09,4.0817238116260946e-14,0.7763974002254533,5.306457911922349e-11,2.587246125428542e-12,5
364,0.02,0.02,150.0,4716.224109455727,4713.1673436581805,-3.056765797546177,-2.319147717778481e-09,0.0,-3.0567657952270295,0.9999999992413068,-4.833299146634857e-10,-2.319147717778481e-09,3.676878175161248e-14,0.7915915786828495,5.1214303520001127e-11,2.4810600963519424e-12,5
365,0.02,0.02,150.0,4713.167342208651,4710.13364174925,-3.033700459400279,-2.2227731233439355e-09,0.0,-3.033700457177506,0.9999999992673063,-4.904231827359103e-10,-2.2227731233439355e-09,3.660684431317776e-14,0.7793642645821997,4.8669956202667204e-11,2.375930463109113e-12,5
366,0.02,0.02,150.0,4710.133640333503,4707.122747618876,-3.010892714626607,-2.1284263576769437e-09,0.0,-3.0108927124981806,0.9999999992930912,-4.544230741195315e-10,-2.1284263576769437e-09,3.459774754129143e-14,0.7864980987101153,4.693059511125748e-11,2.275192600265556e-12,5
367,0.02,0.02,150.0,4707.122746215059,4704.134406905157,-2.9883393099016757,-2.0414351597266936e-09,0.0,-2.9883393078602407,0.9999999993168663,-4.397493706554306e-10,-2.0414351597266936e-09,3.336121594314771e-14,0.7845881273474765,4.471274176960825e-11,2.1801277733356644e-12,5
368,0.02,0.02,150.0,4704.1344055133495,4701.168368512657,-2.9660370006922676,-1.9536455074225303e-09,0.0,-2.966036998738622,0.999999999341328,-4.180061324054666e-10,-1.9536455074225303e-09,3.1821983200042295e-14,0.7860378810703752,4.3181281790347025e-11,2.087988984985141e-12,5
369,0.02,0.02,150.0,4701.168367132929,4698.224384559451,-2.9439825734780243,-1.8748080742770316e-09,0.0,-2.9439825716032164,0.9999999993631729,-4.049703122323015e-10,-1.8748080742770316e-09,3.0431206164181594e-14,0.7839937229903027,4.101443357942675e-11,2.000349765289407e-12,5
370,0.02,0.02,150.0,4698.2243831918695,4695.3022103457715,-2.922172846097965,-1.7950066365057065e-09,0.0,-2.922172844302958,0.9999999993857287,-3.7687324628845544e-10,-1.7950066365057065e-09,2.851062377932826e-14,0.7900435359826273,3.9701827417757646e-11,1.916145208076325e-12,5
371,0.02,0.02,150.0,4695.302208990393,4692.401604322145,-2.900604668247979,-1.7202414110943016e-09,0.0,-2.900604666527738,0.999999999406937,-3.797280694205183e-10,-1.7202414110943016e-09,2.8826957445183896e-14,0.7792588488036916,3.7681694779472546e-11,1.8347091199317144e-12,5
372,0.02,0.02,150.0,4692.401602979024,4689.522328057363,-2.879274921660908,-1.6480371927215315e-09,0.0,-2.879274920012871,0.9999999994276207,-3.476546499517658e-10,-1.6480371927215315e-09,2.653948804819723e-14,0.7890492693446701,3.633115228453085e-11,1.7587614766937088e-12,5
373,0.02,0.02,150.0,4689.522326726541,4686.664146205878,-2.8581805206631543,-1.5782750810410873e-09,0.0,-2.858180519084879,0.9999999994478042,-3.47949262276305e-10,-1.5782750810410873e-09,2.6654882301313873e-14,0.779538265251717,3.463031476966807e-11,1.6823618673117764e-12,5
374,0.02,0.02,150.0,4686.664144887398,4683.826826475208,-2.837318412190143,-1.513391662550526e-09,0.0,-2.8373184106767515,0.999999999466612,-3.1531737504798877e-10,-1.513391662550526e-09,2.439613954521973e-14,0.7916485316718457,3.331306723585182e-11,1.6140436701727205e-12,5
375,0.02,0.02,150.0,4683.826825169102,4681.0101395927995,-2.816685576302916,-1.4497683526187795e-09,0.0,-2.816685574853148,0.9999999994852928,-3.186637109959193e-10,-1.4497683526187795e-09,2.444126399275739e-14,0.7801968083933525,3.1756209084530586e-11,1.5439960292285627e-12,5
376,0.02,0.02,150.0,4681.010138299097,4678.213859272975,-2.796279026121738,-1.3900718814272553e-09,0.0,-2.796279024731666,0.9999999995028851,-2.899774129551264e-10,-1.3900718814272553e-09,2.1338419697742085e-14,0.7913939438459885,3.056743285382838e-11,1.4783911446352648e-12,5
377,0.02,0.02,150.0,4678.213857991698,4675.43776218341,-2.776095808288119,-1.3298592298949053e-09,0.0,-2.7760958069582595,0.9999999995209605,-2.9503754365164925e-10,-1.3298592298949053e-09,2.214431826373571e-14,0.7781437786652312,2.9222613281091695e-11,1.4140936162724264e-12,5
378,0.02,0.02,150.0,4675.437760914578,4672.681627911745,-2.7561330028329394,-1.2737935519261073e-09,0.0,-2.756133001559146,0.999999999537833,-2.6993866143841883e-10,-1.2737935519261073e-09,2.0216907505673733e-14,0.7880828796548359,2.8105571764918895e-11,1.3556901731723492e-12,5
379,0.02,0.02,150.0,4672.681626655367,4669.9452389318085,-2.736387723558437,-1.2198058802888992e-09,0.0,-2.736387722338631,0.9999999995542276,-2.709136649060475e-10,-1.2198058802888992e-09,2.0456505249934927e-14,0.7779042802762319,2.6706588736989684e-11,1.2969759499760308e-12,5
380,0.02,0.02,150.0,4669.945237687893,4667.228380570004,-2.7168571178881393,-1.1685393555770456e-09,0.0,-2.7168571167196,0.9999999995698929,-2.450624070010911e-10,-1.1685393555770456e-09,1.8804952040717542e-14,0.7902831378066211,2.5790198910781938e-11,1.2407356741470138e-12,5
381,0.02,0.02,150.0,4667.228379338554,4664.530840971409,-2.697538367145171,-1.11933779519335e-09,0.0,-2.697538366025833,0.999999999585052,-2.434518382213205e-10,-1.11933779519335e-09,1.8580452323072303e-14,0.7825036916766778,2.458310322989188e-11,1.189550262222794e-12,5
382,0.02,0.02,150.0,4664.5308397524195,4661.85241106604,-2.6784286863794478,-1.073161823946807e-09,0.0,-2.6784286853062858,0.9999999995993315,-2.252548781679122e-10,-1.073161823946807e-09,1.7327252231136232e-14,0.7901016667370033,2.3615758039372423e-11,1.1412529680959307e-12,5
383,0.02,0.02,150.0,4661.852409859506,4659.192884534957,-2.659525324549577,-1.0281728327463231e-09,0.0,-2.6595253235214042,0.9999999996133999,-2.2082296725156334e-10,-1.0281728327463231e-09,1.6294043558105626e-14,0.7852277747295371,2.260664219087884e-11,1.09415998222962e-12,5
384,0.02,0.02,150.0,4659.192883340867,4656.552057776487,-2.6408255643800658,-9.842611051369488e-10,0.0,-2.6408255633958047,0.9999999996272904,-2.1584686853470098e-10,-9.842611051369488e-10,1.7462842058668168e-14,0.7807016172759683,2.162569779027327e-11,1.0455347589189187e-12,5
385,0.02,0.02,150.0,4656.552056594826,4653.929729872461,-2.62232672236496,-9.442366277543642e-10,0.0,-2.6223267214207233,0.9999999996399241,-1.9371655134873204e-10,-9.442366277543642e-10,1.4461205732446325e-14,0.7948432144499209,2.0805483478170695e-11,1.0048537619322444e-12,5
386,0.02,0.02,150.0,4653.92972870321,4651.325702554439,-2.604026148770572,-9.025045555136278e-10,0.0,-2.6040261478680673,0.9999999996534195,-2.0634435927213216e-10,-9.025045555136278e-10,1.651185827294696e-14,0.7713647449073554,1.9814292204599363e-11,9.567023912838245e-13,5
387,0.02,0.02,150.0,4651.325701397571,4648.739780170208,-2.5859212273626326,-8.657627250232331e-10,0.0,-2.58592122649687,0.9999999996652015,-1.7928748381797167e-10,-8.657627250232331e-10,1.2758277174204141e-14,0.7929138335065644,1.9003007244029396e-11,9.179556342463717e-13,5
388,0.02,0.02,150.0,4648.739779025698,4646.171769650122,-2.5680093755763664,-8.248492143741227e-10,0.0,-2.5680093747515174,0.9999999996787983,-1.950531118555355e-10,-8.248492143741227e-10,1.586556062311254e-14,0.7635287656744179,1.8207526980843823e-11,8.761552280723502e-13,5
389,0.02,0.02,150.0,4646.171768517938,4643.6214804738765,-2.5502880440617446,-7.918623586136198e-10,0.0,-2.550288043269882,0.9999999996895007,-1.6308400253151733e-10,-7.918623586136198e-10,1.1715126333008998e-14,0.7940500634263734,1.743402404461621e-11,8.411535888691569e-13,5
390,0.02,0.02,150.0,4643.621479353984,4641.088724637086,-2.5327547168981255,-7.54707215312038e-10,0.0,-2.532754716143418,0.9999999997020211,-1.7880917293068266e-10,-7.54707215312038e-10,1.3888923953010829e-14,0.7630747801228415,1.666228756603623e-11,8.031272469277356e-13,5
391,0.02,0.02,150.0,4641.088723529447,4638.573316618385,-2.515406911061291,-7.251739292580732e-10,0.0,-2.5154069103361167,0.999999999711707,-1.4868744144718666e-10,-7.251739292580732e-10,1.100474281937571e-14,0.7949630627244019,1.5909740078422407e-11,7.710403525571963e-13,5
392,0.02,0.02,150.0,4638.573315522956,4636.075073346348,-2.4982421766080734,-6.933792746323577e-10,0.0,-2.498242175914694,0.9999999997224532,-1.5248039385523433e-10,-6.933792746323577e-10,1.1939554190478276e-14,0.7800909265191375,1.5260968484548913e-11,7.374818091659579e-13,5
393,0.02,0.02,150.0,4636.075072263086,4633.593814166913,-2.4812580961734056,-6.66033708624373e-10,0.0,-2.4812580955073718,0.9999999997315742,-1.395534585176727e-10,-6.66033708624373e-10,1.04263549167497e-14,0.7904708775087276,1.4537516505916322e-11,7.044810399178572e-13,5
394,0.02,0.02,150.0,4633.59381309577,4631.129360810781,-2.46445228498942,-6.342786900326757e-10,0.0,-2.4644522843551413,0.9999999997426289,-1.487536283394924e-10,-6.342786900326757e-10,1.1071541801576383e-14,0.7654759166955,1.3958861738588614e-11,6.722883281964227e-13,5
395,0.02,0.02,150.0,4631.129359751707,4628.681537361226,-2.4478223904807237,-6.094288463936446e-10,0.0,-2.4478223898712947,0.9999999997510322,-1.2565837834059393e-10,-6.094288463936446e-10,9.342326259219705e-15,0.7938095988002704,1.329625209139554e-11,6.459115916856348e-13,5
396,0.02,0.02,150.0,4628.681536314167,4626.250170221928,-2.4313660922389317,-5.806464431858409e-10,0.0,-2.431366091658285,0.999999999761185,-1.3388521938934373e-10,-5.806464431858409e-10,9.991007681719646e-15,0.769420408993201,1.2805717448052908e-11,6.187281238679052e-13,5
397,0.02,0.02,150.0,4626.250169186827,4623.835088085287,-2.415081101540636,-5.576942533859708e-10,0.0,-2.415081100982942,0.9999999997690784,-1.1317602718999437e-10,-5.576942533859708e-10,8.787404303682004e-15,0.797064383391329,1.2267126035976235e-11,5.945699665478268e-13,5
398,0.02,0.02,150.0,4623.835087062085,4621.4361219007615,-2.3989651613237584,-5.342674943112989e-10,0.0,-2.398965160789491,0.9999999997772926,-1.1577917079132096e-10,-5.342674943112989e-10,9.243578111614785e-15,0.7832936272109032,1.1696503707583818e-11,5.698629321586099e-13,5
399,0.02,0.02,150.0,4621.436120889399,4619.053104843673,-2.383016045725526,-5.113369747616976e-10,0.0,-2.383016045214189,0.9999999997854243,-1.0726744311942158e-10,-5.113369747616976e-10,8.027702053657234e-15,0.7902216182011632,1.1293920945048158e-11,5.434900110061705e-13,5
400,0.02,0.02,150.0,4619.053103844086,4616.6858722841425,-2.3672315599433205,-4.891418002455805e-10,0.0,-2.367231559454179,0.9999999997933697,-1.0523458226169979e-10,-4.891418002455805e-10,8.07084639361932e-15,0.7848587419663066,1.0829619542243844e-11,5.207510259637124e-13,5
401,0.02,0.02,150.0,4616.685871296264,4614.334261756381,-2.351609539882702,-4.674102282743728e-10,0.0,-2.351609539415292,0.9999999998012382,-1.0795055087122302e-10,-4.674102282743728e-10,8.13786368141095e-15,0.7690453816773232,1.0313334735803465e-11,4.969873472621267e-13,5
402,0.02,0.02,150.0,4614.334260780144,4611.998112928285,-2.3361478518590957,-4.4874545428555583e-10,0.0,-2.33614785141035,0.9999999998079122,-9.306614198745448e-11,-4.4874545428555583e-10,6.179157039804035e-15,0.7926081677292434,9.853679123150531e-12,4.76082903505233e-13,5
403,0.02,0.02,150.0,4611.9981119636195,4609.677267571236,-2.320844392383151,-4.287961704913485e-10,0.0,-2.320844391954355,0.9999999998152413,-9.779360910835415e-11,-4.287961704913485e-10,7.253941837205144e-15,0.7719345091251759,9.36858175924787e-12,4.5417659682719775e-13,5
404,0.02,0.02,150.0,4609.677266618069,4607.371569530347,-2.3056970877214553,-4.111108239512749e-10,0.0,-2.3056970873103446,0.9999999998216978,-8.352475865418876e-11,-4.111108239512749e-10,6.5287424472972095e-15,0.7968315262259108,9.04558146542574e-12,4.362071532342957e-13,5
405,0.02,0.02,150.0,4607.371568588605,4605.0808646948735,-2.2907038937319157,-3.940201543670287e-10,0.0,-2.2907038933378954,0.9999999998279916,-8.363848415514232e-11,-3.940201543670287e-10,6.267223028551871e-15,0.7877304416331117,8.663524213663341e-12,4.1713189095450676e-13,5
406,0.02,0.02,150.0,4605.0808637644805,4602.805000969062,-2.2758627954181065,-3.773232745299442e-10,0.0,-2.2758627950407835,0.9999999998342066,-8.15098407049964e-11,-3.773232745299442e-10,6.152671857746133e-15,0.7839787624907623,8.285727714944267e-12,3.996485896135022e-13,5
407,0.02,0.02,150.0,4602.8050000499425,4600.5438282440855,-2.261171805856975,-3.623968152898545e-10,0.0,-2.261171805494578,0.9999999998397305,-7.531526707603573e-11,-3.623968152898545e-10,5.911190867688964e-15,0.7921745890184035,7.862046723727974e-12,3.836776284877919e-13,5
408,0.02,0.02,150.0,4600.543827335381,4598.297198366185,-2.2466289691965358,-3.4643366052045964e-10,0.0,-2.246628968850102,0.9999999998457985,-7.196847459613124e-11,-3.4643366052045964e-10,5.0484417415350446e-15,0.7922590013683705,7.645553173579999e-12,3.677331450754033e-13,5
409,0.02,0.02,150.0,4598.297197468609,4596.06496511333,-2.2322323552789385,-3.3172942442327807e-10,0.0,-2.232232354947209,0.9999999998513912,-7.498709532979518e-11,-3.3172942442327807e-10,6.217325503058036e-15,0.7739510281303427,7.245379910602746e-12,3.5009185060900303e-13,5
410,0.02,0.02,150.0,4596.064964226801,4593.846984164129,-2.2179800626718134,-3.1821089536358304e-10,0.0,-2.2179800623536026,0.9999999998565313,-6.500964026719697e-11,-3.1821089536358304e-10,5.321640508088971e-15,0.7957026575318299,6.9541386175727894e-12,3.3563451946188574e-13,5
411,0.02,0.02,150.0,4593.846983288564,4591.6431130710225,-2.2038702175414073,-3.0563303953464246e-10,0.0,-2.2038702172357745,0.9999999998613199,-6.42187461269337e-11,-3.0563303953464246e-10,4.719065631734098e-15,0.7898828404654376,6.617619683344844e-12,3.2094937646195535e-13,5
412,0.02,0.02,150.0,4591.643112206336,4589.453211233087,-2.1899009732487684,-2.9255387862213445e-10,0.0,-2.1899009729562144,0.9999999998664076,-6.033221525958726e-11,-2.9255387862213445e-10,4.205426337444992e-15,0.7937740031212748,6.386196292077042e-12,3.08153105009442e-13,5
413,0.02,0.02,150.0,4589.4532103791935,4587.277122847738,-2.176087531455778,-2.8242010504286057e-10,0.0,-2.1760875311733576,0.9999999998702165,-5.216207162374279e-11,-2.8242010504286057e-10,3.960841940216044e-15,0.8153032638528812,6.11068615146777e-12,2.9504267672292457e-13,4
414,0.02,0.02,150.0,4587.277139869144,4585.114746329267,-2.1623935398765752,-2.7064827744280777e-10,0.0,-2.162393539605927,0.9999999998748386,-5.223359278882754e-11,-2.7064827744280777e-10,3.705028076893291e-15,0.8070056337237715,5.9610957585703065e-12,2.849238606180304e-13,4
415,0.02,0.02,150.0,4585.114763016611,4582.965928191802,-2.148834824808546,-2.6010259847059155e-10,0.0,-2.148834824548443,0.9999999998789565,-5.0023602255023515e-11,-2.6010259847059155e-10,3.516939468137589e-15,0.8076774221051105,5.74869442369662e-12,2.742795766346787e-13,4
416,0.02,0.02,150.0,4582.965944550988,4580.830534914792,-2.135409636195618,-2.498997932489437e-10,0.0,-2.1354096359457184,0.9999999998829734,-5.3049638293299444e-11,-2.498997932489437e-10,3.3606228410579067e-15,0.7877163578104573,5.422350311567942e-12,2.626490131718089e-13,4
417,0.02,0.02,150.0,4580.83055095165,4578.708434700993,-2.1221162506572,-2.382931650081954e-10,0.0,-2.1221162504189066,0.9999999998877096,-5.4562095438975404e-11,-2.382931650081954e-10,3.0066564543801708e-15,0.7710295407042039,5.1911122166476716e-12,2.519057854430008e-13,4
418,0.02,0.02,150.0,4578.708450421278,4576.599497450162,-2.108952971116196,-2.2837743710500624e-10,0.0,-2.1089529708878185,0.9999999998917106,-4.7881773889914316e-11,-2.2837743710500624e-10,2.9977954298272457e-15,0.7903392975379672,4.9256342748194124e-12,2.412670855114671e-13,4
419,0.02,0.02,150.0,4576.599512859554,4574.503594733174,-2.095918126379729,-2.1958019310703614e-10,0.0,-2.0959181261601487,0.9999999998952342,-4.209419707805357e-11,-2.1958019310703614e-10,3.2444287131642473e-15,0.8082969302357138,4.73061443158099e-12,2.3199421370560106e-13,4
420,0.02,0.02,150.0,4574.503609837277,4572.420599766612,-2.083010070664386,-2.1210880993158048e-10,0.0,-2.083010070452277,0.9999999998981719,-3.6221657799143964e-11,-2.1210880993158048e-10,3.034190165604084e-15,0.8292307716457986,4.588000116001162e-12,2.2267503027761872e-13,4
421,0.02,0.02,150.0,4572.420614570954,4570.350387387792,-2.0702271831623875,-2.0499329922165365e-10,0.0,-2.070227182957394,0.9999999999009802,-3.439113126033328e-11,-2.0499329922165365e-10,3.0644527612981446e-15,0.8322329003391127,4.4619381980569794e-12,2.1447501279883332e-13,4
422,0.02,0.02,150.0,4570.350401897826,4568.29283403025,-2.0575678675759264,-1.9828709090195752e-10,0.0,-2.057567867377639,0.9999999999036303,-3.386017677621929e-11,-1.9828709090195752e-10,2.79630269837431e-15,0.8292366052565602,4.2542383713311984e-12,2.0702542928437402e-13,4
423,0.02,0.02,150.0,4568.292848251351,4566.247817699732,-2.0450305516187655,-1.9125497811618463e-10,0.0,-2.0450305514275104,0.9999999999064781,-3.4467061794336917e-11,-1.9125497811618463e-10,2.6348957287600888e-15,0.8197847599376018,4.087331684361331e-12,1.9957123669371876e-13,4
424,0.02,0.02,150.0,4566.247831637144,4564.215217950279,-2.032613686865261,-1.8437113500997944e-10,0.0,-2.03261368668089,0.9999999999092936,-3.322692681482081e-11,-1.8437113500997944e-10,2.534578490127873e-15,0.819782381808181,3.936547966803829e-12,1.919064431753267e-13,4
425,0.02,0.02,150.0,4564.215231609285,4562.194915861361,-2.020315747924542,-1.7673022602219117e-10,0.0,-2.0203157477478118,0.9999999999125235,-3.448816382508024e-11,-1.7673022602219117e-10,2.5621510776281057e-15,0.804854185945817,3.839353212956413e-12,1.8611458115761434e-13,4
426,0.02,0.02,150.0,4562.194929247109,4560.186794014808,-2.008135232301356,-1.7145834977827505e-10,0.0,-2.0081352321298978,0.9999999999146181,-2.864586274937216e-11,-1.7145834977827505e-10,3.14202964434631e-15,0.8329281555175577,3.661874165022482e-12,1.786387466549955e-13,4
427,0.02,0.02,150.0,4560.186807132368,4558.190736472397,-1.9960706599713376,-1.663307585430192e-10,0.0,-1.9960706598050069,0.9999999999166709,-2.6058422439245056e-11,-1.663307585430192e-10,2.9683206707921816e-15,0.8433337124924769,3.531388218331728e-12,1.7358965926296656e-13,4
428,0.02,0.02,150.0,4558.190749326765,4556.206628753798,-1.9841205729671856,-1.6110023919901736e-10,0.0,-1.9841205728060853,0.9999999999188052,-2.307216356168552e-11,-1.6110023919901736e-10,2.9285546992911767e-15,0.8567838031998016,3.4819044147332875e-12,1.665922449592402e-13,4
429,0.02,0.02,150.0,4556.206641349895,4554.23435781486,-1.972283535034876,-1.5629207587186204e-10,0.0,-1.9722835348785839,0.9999999999207557,-2.2961400590277388e-11,-1.5629207587186204e-10,2.7207280928868143e-15,0.8530865978829113,3.384904590335673e-12,1.616291604380788e-13,4
430,0.02,0.02,150.0,4554.23437015753,4552.273812026249,-1.9605581312807772,-1.520461130808995e-10,0.0,-1.960558131128731,0.9999999999224475,-2.3774402833772554e-11,-1.520461130808995e-10,2.7743204435984987e-15,0.8436368917821474,3.206783096046604e-12,1.555052856799154e-13,4
431,0.02,0.02,150.0,4552.273824120268,4550.3248811524845,-1.948942967783296,-1.4734162712253308e-10,0.0,-1.9489429676359542,0.9999999999243991,-2.2210293808554794e-11,-1.4734162712253308e-10,2.7614147230977956e-15,0.8492598850555374,3.1109239370380044e-12,1.5037522491723022e-13,4
432,0.02,0.02,150.0,4550.324893002542,4548.387456331226,-1.9374366713163909,-1.4293257364916291e-10,0.0,-1.9374366711734583,0.9999999999262259,-1.9608640395614383e-11,-1.4293257364916291e-10,2.7901451745823982e-15,0.8628119546511137,3.024811671500766e-12,1.4773129998320624e-13,4
433,0.02,0.02,150.0,4548.3874679419405,4546.461430052959,-1.9260378889812273,-1.3897693619271327e-10,0.0,-1.9260378888422505,0.9999999999278432,-1.813513841855832e-11,-1.3897693619271327e-10,2.531384629571815e-15,0.8695097264670512,2.94113682459685e-12,1.4460474576588949e-13,4
434,0.02,0.02,150.0,4546.461441428881,4544.546696140998,-1.914745287882397,-1.3416075250716948e-10,0.0,-1.9147452877482363,0.9999999999299329,-1.9817187343158298e-11,-1.3416075250716948e-10,2.463854308318792e-15,0.8522877445689694,2.9049588674646766e-12,1.389837991011406e-13,4
435,0.02,0.02,150.0,4544.546707286598,4542.643149731784,-1.9035575548132329,-1.306381231758606e-10,0.0,-1.9035575546825947,0.9999999999313716,-1.8482486220272382e-11,-1.306381231758606e-10,2.175083903628679e-15,0.8585214960919801,2.791759740237946e-12,1.3462517573372566e-13,4
436,0.02,0.02,150.0,4542.643160651463,4540.750687255513,-1.8924733959502191,-1.2588707822259384e-10,0.0,-1.892473395824332,0.9999999999334801,-2.073414572798583e-11,-1.2588707822259384e-10,2.336494230495608e-15,0.8352956791059709,2.7181894138315655e-12,1.3137225013128227e-13,4
437,0.02,0.02,150.0,4540.750697953599,4538.869206417073,-1.8814915365264824,-1.217978756648016e-10,0.0,-1.8814915364046845,0.9999999999352652,-1.7664643941403904e-11,-1.217978756648016e-10,2.2694281687677293e-15,0.8549675530465034,2.684634298080266e-12,1.2678479248018772e-13,4
438,0.02,0.02,150.0,4538.869216897824,4536.9986061772615,-1.8706107205625813,-1.1800248086472633e-10,0.0,-1.8706107204445788,0.9999999999369177,-1.790991535812794e-11,-1.1800248086472633e-10,1.913099445303855e-15,0.8482242472625707,2.6007641106485976e-12,1.2240838786386648e-13,4
439,0.02,0.02,150.0,4536.998616444862,4535.138786734327,-1.859829710534541,-1.1354609417261091e-10,0.0,-1.8598297104209949,0.9999999999389482,-1.886397384823933e-11,-1.1354609417261091e-10,1.614953527183667e-15,0.8338650573082449,2.5405546089310323e-12,1.1899592840502211e-13,4
440,0.02,0.02,150.0,4535.138796792896,4533.289649505793,-1.8491472871028236,-1.0940215510148874e-10,0.0,-1.8491472869934213,0.9999999999408363,-1.9396798587776632e-11,-1.0940215510148874e-10,1.6788443490720533e-15,0.8227018602167127,2.4463120119967e-12,1.1578321784646273e-13,4
441,0.02,0.02,150.0,4533.289659359373,4531.451097110565,-1.8385622488085573,-1.0598719814509682e-10,0.0,-1.8385622487025701,0.9999999999423532,-1.7438440135745432e-11,-1.0598719814509682e-10,1.595445846153264e-15,0.8354665427434722,2.3547250736352118e-12,1.1215680036072536e-13,4
442,0.02,0.02,150.0,4531.451106763132,4529.623033351316,-1.828073411816149,-1.0201185912247816e-10,0.0,-1.828073411714137,0.999999999944197,-1.672805529479371e-11,-1.0201185912247816e-10,1.8214644574742975e-15,0.8360185233492357,2.323490687435785e-12,1.0895492861998143e-13,4
443,0.02,0.02,150.0,4529.623042806781,4527.805363197177,-1.8176796096040562,-9.934410685072404e-11,0.0,-1.817679609504712,0.9999999999453456,-1.4458838263434574e-11,-9.934410685072404e-11,1.566490029081293e-15,0.8544570108707038,2.2275006659162555e-12,1.0653031705736436e-13,4
444,0.02,0.02,150.0,4527.805372459381,4525.997992766669,-1.8073796927119474,-9.542600434804469e-11,0.0,-1.8073796926165213,0.999999999947202,-1.5599181893876294e-11,-9.542600434804469e-11,1.76686399362479e-15,0.8365311216743204,2.19924906927892e-12,1.0187082020498768e-13,4
445,0.02,0.02,150.0,4525.998001839384,4524.200829310932,-1.7971725284523927,-9.319781943188078e-11,0.0,-1.7971725283591948,0.9999999999481419,-1.5683056926596395e-11,-9.319781943188078e-11,1.5078816732475239e-15,0.8317229198902094,2.049923084326628e-12,9.864562696758938e-14,4
446,0.02,0.02,150.0,4524.20083818021,4522.413781179444,-1.7870570007653441,-8.977360355678088e-11,0.0,-1.7870570006755706,0.9999999999497646,-1.622896251247536e-11,-8.977360355678088e-11,1.6051834902940504e-15,0.8192234479903583,1.999917587155246e-12,9.505064066705795e-14,4
447,0.02,0.02,150.0,4522.413789867074,4520.636757857518,-1.7770320095560237,-8.828030192556973e-11,0.0,-1.7770320094677434,0.9999999999503215,-1.216707964385388e-11,-8.828030192556973e-11,1.548091453153599e-15,0.8621767327652312,1.8803167358174055e-12,9.042330525656278e-14,4
448,0.02,0.02,150.0,4520.636766367064,4518.869669896146,-1.7670964709186592,-8.675637478982382e-11,0.0,-1.7670964708319028,0.9999999999509046,-1.0580738404132679e-11,-8.675637478982382e-11,1.3942553173250886e-15,0.8780407960825288,1.7707221863217971e-12,8.925042497658106e-14,4
449,0.02,0.02,150.0,4518.86967823111,4517.112428914436,-1.7572493166735512,-8.63354711296621e-11,0.0,-1.7572493165872158,0.999999999950869,-8.790420796962796e-12,-8.63354711296621e-11,1.5500777381352635e-15,0.8981829752945809,1.6443929864343766e-12,8.67411628470322e-14,4
450,0.02,0.02,150.0,4517.112437078256,4515.364947584129,-1.7474894941269667,-8.497346573649248e-11,0.0,-1.7474894940419934,0.999999999951374,-9.476274900284095e-12,-8.497346573649248e-11,1.61003423204515e-15,0.8884795998592012,1.5661657086625261e-12,8.356239295756711e-14,4
451,0.02,0.02,150.0,4515.364955580181,4513.627139614363,-1.7378159658182994,-8.388589520875085e-11,0.0,-1.7378159657344137,0.9999999999517292,-9.822625453709475e-12,-8.388589520875085e-11,1.443293825602924e-15,0.8829049218671889,1.4640108047796037e-12,8.018222787035197e-14,4
452,0.02,0.02,150.0,4513.627147445963,4511.898919736682,-1.7282277092808727,-8.18785716769889e-11,0.0,-1.7282277091989942,0.9999999999526229,-9.872885847060883e-12,-8.18785716769889e-11,1.4329764078271376e-15,0.8794203948011033,1.448861239721528e-12,7.598461142756302e-14,4
453,0.02,0.02,150.0,4511.898927407085,4510.180203690286,-1.7187237167981948,-8.037374653501995e-11,0.0,-1.718723716717821,0.9999999999532364,-7.48894828471304e-12,-8.037374653501995e-11,1.651917078050189e-15,0.9068234515924923,1.3999606492086404e-12,7.620162943564443e-14,4
454,0.02,0.02,150.0,4510.180211202689,4508.470908207508,-1.7093029951811332,-7.925283768545248e-11,0.0,-1.7093029951018803,0.9999999999536344,-9.033228906877706e-12,-7.925283768545248e-11,1.5920806572160932e-15,0.8860201202797332,1.328002972355088e-12,7.418721991583781e-14,4
455,0.02,0.02,150.0,4508.470915565049,4506.7709509995475,-1.699964565501432,-7.767813462566522e-11,0.0,-1.6999645654237538,0.9999999999543061,-6.288787060760458e-12,-7.767813462566522e-11,1.7936192229684638e-15,0.9190404469537478,1.2803851493817635e-12,7.38498072225185e-14,4
456,0.02,0.02,150.0,4506.770958205305,4505.080250742398,-1.6907074629070848,-7.588826514007936e-11,0.0,-1.6907074628311967,0.9999999999551146,-6.311500294016559e-12,-7.588826514007936e-11,1.5957221305652246e-15,0.9168316697928673,1.2801538086043882e-12,7.353379617438091e-14,4
457,0.02,0.02,150.0,4505.080257799396,4503.398727063035,-1.6815307363613101,-7.471087491971083e-11,0.0,-1.6815307362865992,0.9999999999555697,-7.52546147554689e-12,-7.471087491971083e-11,1.410471616706525e-15,0.8992722079130482,1.2056162854295786e-12,7.22575110306118e-14,4
458,0.02,0.02,150.0,4503.398733974242,4501.726300525805,-1.6724334484370047,-7.17804184418857e-11,0.0,-1.6724334483652243,0.9999999999570803,-9.276687454451385e-12,-7.17804184418857e-11,1.3715544615259334e-15,0.8707629788761694,1.2225382745605647e-12,7.053212132993856e-14,4
459,0.02,0.02,150.0,4501.726307294131,4500.062892619042,-1.6634146750893706,-7.000836480449379e-11,0.0,-1.6634146750193621,0.9999999999579128,-1.10730628884807e-11,-7.000836480449379e-11,1.5923900939028491e-15,0.8418322879072598,1.1473027308283585e-12,6.807614620361099e-14,4
460,0.02,0.02,150.0,4500.062899247348,4498.408425741902,-1.6544735054458215,-6.744146078737552e-11,0.0,-1.6544735053783801,0.9999999999592369,-9.186419316399753e-12,-6.744146078737552e-11,1.5502622977463118e-15,0.8637867684188808,1.1232967706863707e-12,6.769456619375917e-14,4
461,0.02,0.02,150.0,4498.408432232989,4496.76282319139,-1.6456090415986182,-6.474270180794976e-11,0.0,-1.6456090415338755,0.9999999999606574,-7.80868290120743e-12,-6.474270180794976e-11,1.3732035440896171e-15,0.8793889862000074,1.1816837675602871e-12,6.680163150450446e-14,4
462,0.02,0.02,150.0,4496.762829548011,4495.12600915337,-1.636820394640381,-6.306346096573066e-11,0.0,-1.6368203945773174,0.9999999999614719,-8.039425742733293e-12,-6.306346096573066e-11,1.3366921901847968e-15,0.8725184818654022,1.1339682228223235e-12,6.461235023979155e-14,4
463,0.02,0.02,150.0,4495.126015375107,4493.497908675735,-1.628106699372438,-6.176959768518744e-11,0.0,-1.6281066993106683,0.9999999999620605,-7.807628694696042e-12,-6.176959768518744e-11,1.2265494914809683e-15,0.8736007844103486,1.0572234670763248e-12,6.329463117469902e-14,4
464,0.02,0.02,150.0,4493.497914768256,4491.8784476763985,-1.6194670918575866,-5.99641354104965e-11,0.0,-1.6194670917976226,0.999999999962973,-6.992239305646996e-12,-5.99641354104965e-11,1.240978239112547e-15,0.8833929771891111,1.0635700450691692e-12,6.074771489381756e-14,4
465,0.02,0.02,150.0,4491.878453642306,4490.2675529183325,-1.6109007239738276,-5.876619683739171e-11,0.0,-1.6109007239150614,0.9999999999635197,-6.951089229864108e-12,-5.876619683739171e-11,1.2918131532537972e-15,0.8817161973387858,1.002687591076612e-12,5.847134360090271e-14,4
466,0.02,0.02,150.0,4490.267558760181,4488.665152000633,-1.6024067595481029,-5.765169216626717e-11,0.0,-1.6024067594904512,0.9999999999640218,-6.592900612243489e-12,-5.765169216626717e-11,1.3695765682533145e-15,0.885642548127996,9.336871524200298e-13,5.683727364377166e-14,4
467,0.02,0.02,150.0,4488.665157720925,4487.071173346759,-1.5939843741662116,-5.5421896294922565e-11,0.0,-1.5939843741107897,0.9999999999652306,-5.699225607818071e-12,-5.5421896294922565e-11,1.0938462384258094e-15,0.8971665354521584,9.936906921587595e-13,5.619983561584354e-14,4
468,0.02,0.02,150.0,4487.071178947951,4485.485546192971,-1.5856327549799971,-5.497393852663404e-11,0.0,-1.585632754925023,0.99999999996533,-5.41987403111377e-12,-5.497393852663404e-11,1.0148001591549537e-15,0.901410119478925,9.262878382992417e-13,5.60493743922215e-14,4
469,0.02,0.02,150.0,4485.485551677472,4483.908200576942,-1.5773511005299952,-5.4593280994739244e-11,0.0,-1.577351100475402,0.9999999999653894,-6.102524309300758e-12,-5.4593280994739244e-11,1.1265605685734975e-15,0.8882183998084158,8.385258595335839e-13,5.159594717892041e-14,4
470,0.02,0.02,150.0,4483.908205947115,4482.339067326564,-1.5691386205508024,-5.382131807760844e-11,0.0,-1.569138620496981,0.9999999999657,-4.659340140793849e-12,-5.382131807760844e-11,1.2611763257127465e-15,0.9134294679651798,7.862974920343717e-13,4.9870902756865687e-14,4
471,0.02,0.02,150.0,4482.339072584727,4480.778078048923,-1.5609945358037294,-5.1766347166529556e-11,0.0,-1.560994535751963,0.9999999999668375,-4.276290900149683e-12,-5.1766347166529556e-11,1.1135320230381848e-15,0.9173924540900464,8.634671292122843e-13,4.796563585351978e-14,4
472,0.02,0.02,150.0,4480.778083197345,4479.225165119455,-1.5529180778903537,-5.171931632188872e-11,0.0,-1.5529180778386344,0.9999999999666954,-6.30074954291767e-12,-5.171931632188872e-11,1.0596093781515147e-15,0.8781741525022624,7.514289346935701e-13,4.652084889186573e-14,4
473,0.02,0.02,150.0,4479.225170160364,4477.680261671284,-1.5449084890797167,-5.010288328598071e-11,0.0,-1.5449084890296139,0.999999999967569,-4.381415797130712e-12,-5.010288328598071e-11,1.3220703268833211e-15,0.9125516235837734,7.938055747713113e-13,4.531158372829074e-14,4
474,0.02,0.02,150.0,4477.680266606865,4476.143301584715,-1.5369650221500706,-4.97565221371077e-11,0.0,-1.5369650221003142,0.9999999999676268,-2.3747089500371204e-12,-4.97565221371077e-11,9.35339861007005e-16,0.9522734136543258,7.570792470532749e-13,4.457519441906829e-14,4
475,0.02,0.02,150.0,4476.14330641711,4474.614219476902,-1.5290869402078897,-4.942022883644185e-11,0.0,-1.5290869401584695,0.9999999999676799,-4.106436777726186e-12,-4.942022883644185e-11,1.083851178289498e-15,0.916907774925191,6.800588032937306e-13,4.179669219084336e-14,4
476,0.02,0.02,150.0,4474.61422420821,4473.092950691695,-1.5212735165150661,-4.846714134341578e-11,0.0,-1.521273516466599,0.9999999999681404,-2.7952267667992088e-12,-4.846714134341578e-11,9.288798736347183e-16,0.9423273853311561,6.970153271222665e-13,3.9649317805331264e-14,4
477,0.02,0.02,150.0,4473.092955323973,4471.579431289614,-1.513524034358852,-4.774512141206511e-11,0.0,-1.513524034311107,0.9999999999684543,-3.949578531655335e-12,-4.774512141206511e-11,1.3147169921436113e-15,0.9172778618035459,6.258592084331602e-13,4.132476716703514e-14,4
478,0.02,0.02,150.0,4471.579435824884,4470.073598038034,-1.505837786849952,-4.6522467542237403e-11,0.0,-1.5058377868034294,0.9999999999691052,-3.588052167705725e-12,-4.6522467542237403e-11,1.0681411042214927e-15,0.9228748525763781,6.851238075449889e-13,4.086694327754033e-14,4
479,0.02,0.02,150.0,4470.073602478271,4468.57538840147,-1.4982140768006502,-4.55312317939902e-11,0.0,-1.498214076755119,0.9999999999696098,-2.2647121582524865e-12,-4.55312317939902e-11,8.737903631946009e-16,0.9502602484268521,7.118168189696613e-13,4.067543790020561e-14,4
480,0.02,0.02,150.0,4468.575392748614,4467.08474053206,-1.4906522165538263,-4.568351352377029e-11,0.0,-1.4906522165081428,0.9999999999693534,-3.3210558009798463e-12,-4.568351352377029e-11,1.1724455744151507e-15,0.9273029689528627,6.329647515880837e-13,4.0523063349108145e-14,4
481,0.02,0.02,150.0,4467.084744788013,4465.601593260181,-1.4831515278319785,-4.499148892414474e-11,0.0,-1.483151527786987,0.9999999999696649,-2.805245798788181e-12,-4.499148892414474e-11,1.1555539371851787e-15,0.9376494117916879,6.279620444765533e-13,4.001371138598283e-14,4
482,0.02,0.02,150.0,4465.601597426803,4464.12588608521,-1.4757113415926142,-4.389528272767443e-11,0.0,-1.4757113415487189,0.9999999999702548,-1.5436995915751682e-12,-4.389528272767443e-11,9.918697169466917e-16,0.9648322212399848,6.592509584635758e-13,3.9449877596172284e-14,4
483,0.02,0.02,150.0,4464.1258901643305,4462.657559166446,-1.46833099788455,-4.2976824287071763e-11,0.0,-1.4683309978415733,0.9999999999707309,-2.7594815379050636e-12,-4.2976824287071763e-11,1.0412053597742772e-15,0.9357914042351619,6.92766201814892e-13,3.779538135107402e-14,4
484,0.02,0.02,150.0,4462.6575631598525,4461.196553314161,-1.4610098456914784,-4.292986732905225e-11,0.0,-1.4610098456485485,0.9999999999706163,-3.8955225893382656e-13,-4.292986732905225e-11,8.92514461495352e-16,0.9909258452641385,6.672079903797453e-13,3.8898584109696555e-14,4
485,0.02,0.02,150.0,4461.1965572236095,4459.742809980804,-1.453747242805548,-4.2568611666673066e-11,0.0,-1.4537472427629794,0.999999999970718,-5.534009663043686e-13,-4.2568611666673066e-11,8.604041410755228e-16,0.9869997882327549,6.763702179706658e-13,3.867142007400292e-14,4
486,0.02,0.02,150.0,4459.742813808012,4453.999312880414,-5.743500927597779,-4.233654963486776e-11,0.0,-5.743500927555442,0.9999999999926288,-4.455384605426379e-14,-4.233654963486776e-11,8.49826545104422e-16,0.9989476268983062,6.959212877623533e-13,3.861704768954666e-14,16
487,0.02,0.02,150.0,4453.999316395184,4452.581025805735,-1.4182905894485884,-4.23232238721739e-11,0.0,-1.4182905894062652,0.999999999970159,-8.812987206925146e-13,-4.23232238721739e-11,8.731858706838275e-16,0.9791769473101991,6.866167367463263e-13,3.877284246234817e-14,4
488,0.02,0.02,150.0,4452.581029246359,4451.169662974678,-1.4113662716808903,-4.199083304595034e-11,0.0,-1.4113662716388995,0.9999999999702481,-2.4022328852058453e-12,-4.199083304595034e-11,1.0255511502281948e-15,0.9427914925484546,6.629710825888426e-13,3.8007352774371636e-14,4
489,0.02,0.02,150.0,4451.16966634268,4449.7651700998595,-1.4044962428206418,-4.160036159135806e-11,0.0,-1.4044962427790415,0.9999999999703807,-2.19030469196938e-12,-4.160036159135806e-11,1.1086913554893015e-15,0.9473489025531838,6.371898331745833e-13,3.716465166099525e-14,4
490,0.02,0.02,150.0,4449.7651733967305,4448.367493470465,-1.3976799262654822,-4.05887381910104e-11,0.0,-1.3976799262248936,0.99999999997096,-1.1295825343289512e-12,-4.05887381910104e-11,8.363192397104432e-16,0.9721700504949639,6.69773176092401e-13,3.6687915596993893e-14,4
491,0.02,0.02,150.0,4448.367496697667,4446.976579944618,-1.3909167530491686,-4.016352627725876e-11,0.0,-1.3909167530090052,0.9999999999711245,-2.541477804900799e-12,-4.016352627725876e-11,9.399519431582735e-16,0.9367217463089185,6.729365964157247e-13,3.6816171894211906e-14,4
492,0.02,0.02,150.0,4446.976583103584,4445.5923769418705,-1.3842061617133368,-3.980231505484299e-11,0.0,-1.3842061616735344,0.9999999999712453,-2.4938304973981013e-12,-3.980231505484299e-11,1.1174049061243637e-15,0.9373445867668276,6.373633004672893e-13,3.6293440462530576e-14,4
493,0.02,0.02,150.0,4445.592380034003,4444.2148324357995,-1.3775475982038188,-3.905282131909014e-11,0.0,-1.377547598164766,0.9999999999716506,-1.6835565310545933e-12,-3.905282131909014e-11,9.227259543666183e-16,0.9568902713251188,6.555802948806189e-13,3.5780339254283534e-14,4
494,0.02,0.02,150.0,4444.214835462476,4442.843894946969,-1.3709405155068453,-3.8307352648757164e-11,0.0,-1.370940515468538,0.9999999999720576,-1.5247658871747312e-12,-3.8307352648757164e-11,8.3066776721973365e-16,0.9601965215097107,6.629381460030391e-13,3.495403895557358e-14,4
495,0.02,0.02,150.0,4442.843897909306,4441.4795135347995,-1.3643843745066988,-3.804105288806193e-11,0.0,-1.3643843744686577,0.9999999999721184,-1.1802159034459151e-12,-3.804105288806193e-11,8.872679222323802e-16,0.9689752040534008,6.724003312897115e-13,3.524087117937672e-14,4
496,0.02,0.02,150.0,4441.47951643435,4440.121637791935,-1.3578786424150167,-3.8040873013871824e-11,0.0,-1.3578786423769758,0.9999999999719851,-6.024895002405023e-13,-3.8040873013871824e-11,8.660053509253669e-16,0.9841620485412939,6.629330927503356e-13,3.504019300155528e-14,4
497,0.02,0.02,150.0,4440.121640629995,4438.770217836352,-1.3514227936439056,-3.8040694210040356e-11,0.0,-1.351422793605865,0.9999999999718514,-7.162085309311057e-13,-3.8040694210040356e-11,9.527817891113558e-16,0.9811725693811847,6.484916321348329e-13,3.4735212117242353e-14,4
498,0.02,0.02,150.0,4438.770220614187,4437.425204304746,-1.3450163094403251,-3.8040516466149846e-11,0.0,-1.3450163094022847,0.9999999999717175,-1.0587324762457498e-12,-3.8040516466149846e-11,8.237317615488845e-16,0.972168293845646,6.155350580260206e-13,3.443464431806067e-14,4
499,0.02,0.02,150.0,4437.425207023597,4436.086548345802,-1.338658677795138,-3.804033977191891e-11,0.0,-1.3386586777570977,0.9999999999715833,-1.5066706710849682e-12,-3.804033977191891e-11,9.573013528360135e-16,0.9603928177266918,5.857895700022495e-13,3.418984727852091e-14,4
500,0.02,0.02,150.0,4436.086551006884,4434.7542016135485,-1.3323493933357895,-3.741029824980122e-11,0.0,-1.3323493932983792,0.9999999999719216,-5.595499115866244e-13,-3.741029824980122e-11,8.205015031738796e-16,0.9850428909213628,6.132456985439524e-13,3.40939533688133e-14,4
501,0.02,0.02,150.0,4434.754204218054,4433.428116260833,-1.3260879572208069,-3.702593606331205e-11,0.0,-1.326087957183781,0.9999999999720788,-1.2580668253438291e-12,-3.702593606331205e-11,9.85253311833785e-16,0.966022011619298,6.323038429941589e-13,3.4347267356111786e-14,4
502,0.02,0.02,150.0,4433.4281188099285,4432.108244932886,-1.3198738770424825,-3.725695151655429e-11,0.0,-1.3198738770052256,0.9999999999717724,-1.864452068355143e-12,-3.725695151655429e-11,9.720664050604716e-16,0.949956934411912,5.715942606479966e-13,3.171680638661834e-14,4
503,0.02,0.02,150.0,4432.108247427715,4430.794540760988,-1.31370666672683,-3.6629675881522786e-11,0.0,-1.3137066666902004,0.9999999999721174,-1.9474976720901646e-12,-3.6629675881522786e-11,1.0124684643804089e-15,0.9468327899381564,5.536593692610309e-13,3.193175135135071e-14,4
504,0.02,0.02,150.0,4430.794543202667,4429.4869573562255,-1.3075858464417252,-3.551600231415096e-11,0.0,-1.3075858464062091,0.9999999999728385,-1.7365721455964008e-12,-3.551600231415096e-11,8.741444817455361e-16,0.9511045153608271,6.120190232954957e-13,3.255697134241926e-14,4
505,0.02,0.02,150.0,4429.486959745855,4428.185448803359,-1.301510942495952,-3.5515842899301044e-11,0.0,-1.301510942460436,0.9999999999727118,-1.256221978976418e-12,-3.5515842899301044e-11,1.1178556708189971e-15,0.9646292505984382,5.79701201966735e-13,3.1844328232870726e-14,4
506,0.02,0.02,150.0,4428.18545114201,4426.889969654758,-1.295481487251891,-3.5097123695491954e-11,0.0,-1.295481487216794,0.9999999999729081,-6.366487792832267e-13,-3.5097123695491954e-11,9.09611881897961e-16,0.9818603716701435,6.078660236355335e-13,3.168910676684188e-14,4
507,0.02,0.02,150.0,4426.889971943486,4425.600474924452,-1.2894970190336608,-3.470673647085465e-11,0.0,-1.289497018998954,0.9999999999730851,-6.315739555420159e-13,-3.470673647085465e-11,8.372548130144694e-16,0.9818025542081035,6.170447743176036e-13,3.122151068259427e-14,4
508,0.02,0.02,150.0,4425.600477164287,4424.316920082262,-1.2835570820252542,-3.42604996400952e-11,0.0,-1.2835570819909936,0.9999999999733081,-8.179667041183823e-13,-3.42604996400952e-11,7.686193740396299e-16,0.976125079531499,6.268603732744947e-13,3.153169882028973e-14,4
509,0.02,0.02,150.0,4424.316922274214,4423.039261048018,-1.2776612261968694,-3.402917086254674e-11,0.0,-1.2776612261628402,0.999999999973366,-1.0806877847993218e-12,-3.402917086254674e-11,8.594163661507507e-16,0.9682423121866671,6.351411327499256e-13,3.103778024694042e-14,4
510,0.02,0.02,150.0,4423.039263193075,4421.76745418586,-1.2718090072157793,-3.4029022368972444e-11,0.0,-1.2718090071817503,0.9999999999732436,-1.8626589865122456e-13,-3.4029022368972444e-11,8.17349776621078e-16,0.9945262635925427,6.214582606470142e-13,3.0979325053485936e-14,4
511,0.02,0.02,150.0,4421.7674562849925,4420.501456298645,-1.2659999863471967,-3.400024266926533e-11,0.0,-1.2659999863131965,0.9999999999731437,-1.8688425119654722e-14,-3.400024266926533e-11,8.014456747144871e-16,0.9994503443607317,6.199624222782842e-13,3.169218996771953e-14,4
512,0.02,0.02,150.0,4420.501458352801,4419.241224622407,-1.2602337303942477,-3.4000096141122075e-11,0.0,-1.2602337303602476,0.9999999999730208,-4.299784971037192e-14,-3.4000096141122075e-11,7.965940127179346e-16,0.9987353609374542,6.195152632131989e-13,3.141686223723677e-14,4
513,0.02,0.02,150.0,4419.241226632516,4417.9867168209275,-1.2545098115888322,-3.399995043395883e-11,0.0,-1.2545098115548323,0.9999999999728979,-7.779923980387519e-13,-3.399995043395883e-11,1.0623090897655196e-15,0.9771178372877363,5.909305382109899e-13,3.1452809227232615e-14,4
514,0.02,0.02,150.0,4417.986718787902,4416.737890980374,-1.2488278075279595,-3.358125958877483e-11,0.0,-1.2488278074943782,0.9999999999731097,-1.442484216503857e-13,-3.358125958877483e-11,7.693107907553226e-16,0.9957044963942149,6.268073873341868e-13,3.134447956820442e-14,4
515,0.02,0.02,150.0,4416.737892905105,4414.257119607026,-2.4807732980789297,-3.3562890732192574e-11,0.0,-2.4807732980453667,0.9999999999864708,-9.290063125063728e-14,-3.3562890732192574e-11,7.929813709381595e-16,0.997232043211298,6.25855566729033e-13,3.172751682058377e-14,8
516,0.02,0.02,150.0,4414.257121449869,4413.0250923113545,-1.2320291385149176,-3.3562750204866054e-11,0.0,-1.2320291384813549,0.9999999999727582,-1.0250360232937511e-13,-3.3562750204866054e-11,7.850796985732569e-16,0.9969459117115345,6.246735475985538e-13,3.136190832320525e-14,4
517,0.02,0.02,150.0,4413.0250941145205,4411.798583440676,-1.2265106738441318,-3.35482889947007e-11,0.0,-1.2265106738105835,0.9999999999726474,-2.7564879773575574e-14,-3.35482889947007e-11,7.849787764769043e-16,0.9991783521425509,6.234791656290886e-13,3.16511568918805e-14,4
518,0.02,0.02,150.0,4411.798585204995,4410.57755311545,-1.2210320895446785,-3.354790519704669e-11,0.0,-1.2210320895111306,0.999999999972525,-1.0695067746650671e-15,-3.354790519704669e-11,8.0116134509191545e-16,0.9999681200132055,6.22377755035345e-13,3.1647588719802e-14,4
519,0.02,0.02,150.0,4410.577554841717,4409.361961847963,-1.2155929937534893,-3.354776712773524e-11,0.0,-1.2155929937199415,0.9999999999724021,-4.040414739898904e-13,-3.354776712773524e-11,8.070393524104651e-16,0.9879562334968084,6.190416640455668e-13,3.149670183292772e-14,4
520,0.02,0.02,150.0,4409.361963536964,4408.151770537539,-1.2101929994250895,-3.35476298099629e-11,0.0,-1.210192999391542,0.9999999999722792,-6.148358261994296e-13,-3.35476298099629e-11,7.992032229886855e-16,0.981672749172377,6.102966231343026e-13,3.119088036662045e-14,4
521,0.02,0.02,150.0,4408.151772190046,4406.946940465774,-1.2048317242724806,-3.354749323697746e-11,0.0,-1.2048317242389333,0.9999999999721559,-3.8943990537840806e-13,-3.354749323697746e-11,7.864274676516992e-16,0.9883913858294142,6.00192913627017e-13,3.101599568719616e-14,4
522,0.02,0.02,150.0,4406.946942082543,4405.74743329185,-1.1995087906925619,-3.354735740210912e-11,0.0,-1.1995087906590145,0.9999999999720324,-4.03676002833975e-13,-3.354735740210912e-11,8.15924098313913e-16,0.9879669805882059,5.950781171559291e-13,3.0967456666235504e-14,4
523,0.02,0.02,150.0,4405.747434873619,4404.553211047905,-1.1942238257133795,-3.3186256992640433e-11,0.0,-1.1942238256801931,0.999999999972211,-1.7089207369480724e-12,-3.3186256992640433e-11,9.253342190161284e-16,0.948505167746786,5.826745953383196e-13,3.0723435133484537e-14,4
524,0.02,0.02,150.0,4404.5532125954,4403.364236134503,-1.1889764608968107,-3.285545451046323e-11,0.0,-1.1889764608639553,0.9999999999723665,-6.234816142537372e-13,-3.285545451046323e-11,7.778425130522515e-16,0.9810234975122568,5.785980535232219e-13,3.0595990375224693e-14,4
525,0.02,0.02,150.0,4403.364237648431,4402.18047131612,-1.1837663323112793,-3.2855323619674406e-11,0.0,-1.183766332278424,0.9999999999722451,-1.65455385172806e-12,-3.2855323619674406e-11,8.505468151025806e-16,0.9496412249387409,5.642715261621043e-13,2.9241619304517843e-14,4
526,0.02,0.02,150.0,4402.180472797178,4401.001879716752,-1.178593080425344,-3.2855193426062465e-11,0.0,-1.1785930803924887,0.9999999999721233,-1.3781265656248632e-13,-3.2855193426062465e-11,8.448461671279312e-16,0.99580545289217,5.625359578933109e-13,2.9179797005002174e-14,4
527,0.02,0.02,150.0,4401.001881165622,4383.91976741593,-17.082113749691416,-3.285332017579387e-11,0.0,-17.082113749658564,0.9999999999980769,-3.2271563490240936e-14,-3.285332017579387e-11,8.289896504571858e-16,0.9990177076984134,5.606310096871769e-13,2.9081448941070417e-14,60
528,0.02,0.02,150.0,4383.919768454738,4382.819209361444,-1.1005590932936684,-3.2853200349390474e-11,0.0,-1.1005590932608151,0.9999999999701485,-1.830689404567042e-14,-3.2853200349390474e-11,8.459817005687326e-16,0.9994427667974207,5.589666921420233e-13,2.906865053628502e-14,4
529,0.02,0.02,150.0,4382.819210377227,4372.061445412837,-10.757764964389935,-3.28520343896087e-11,0.0,-10.757764964357083,0.9999999999969462,-4.1328059343701036e-13,-3.28520343896087e-11,8.287772012952834e-16,0.9874199390961391,5.530320177076607e-13,2.9041677976820827e-14,40
530,0.02,0.02,150.0,4372.061446219148,4362.747994531192,-9.31345168795633,-3.2851032581245356e-11,0.0,-9.31345168792348,0.9999999999964728,-1.541785913869956e-13,-3.2851032581245356e-11,8.214698660836845e-16,0.9953067353056348,5.510738200053702e-13,2.898094251347862e-14,36
531,0.02,0.02,150.0,4362.747995187852,4357.716962388255,-5.031032799597597,-3.285049426815145e-11,0.0,-5.031032799564747,0.9999999999934704,-4.834927648753826e-13,-3.285049426815145e-11,1.0627826967602831e-15,0.9852820246499568,5.269936389506201e-13,2.8038453249962216e-14,20
532,0.02,0.02,150.0,4357.716962973149,4356.722629555771,-0.9943334173776748,-3.246024726487448e-11,0.0,-0.9943334173452145,0.9999999999673548,-2.7823161829505293e-13,-3.246024726487448e-11,7.914736422488729e-16,0.9914285428565994,5.587915654160573e-13,2.7918595203911655e-14,4
533,0.02,0.02,150.0,4356.72263012719,4355.732195630868,-0.9904344963224503,-3.2460142861629895e-11,0.0,-0.9904344962899901,0.9999999999672263,-3.3456323130641937e-13,-3.2460142861629895e-11,8.088699937560605e-16,0.9896931066282553,5.554459850375567e-13,2.8008825306781262e-14,4
534,0.02,0.02,150.0,4355.732196189089,4354.745635786285,-0.9865604028045709,-3.2460038940548126e-11,0.0,-0.9865604027721109,0.9999999999670978,-2.756526354251391e-13,-3.2460038940548126e-11,8.374799176602251e-16,0.9915079388558342,5.498941828559041e-13,2.8208378134960916e-14,4
535,0.02,0.02,150.0,4354.745636331583,4350.837648170749,-3.9079881608340656,-3.245962800403668e-11,0.0,-3.907988160801606,0.999999999991694,-4.2627150303930393e-13,-3.245962800403668e-11,9.784933575545413e-16,0.9868676405353046,5.354524211224519e-13,2.85071223511016e-14,16
536,0.02,0.02,150.0,4350.837648666974,4349.870093791012,-0.967554875962378,-3.2013554434646936e-11,0.0,-0.9675548759303645,0.999999999966913,-2.110815787776104e-13,-3.2013554434646936e-11,7.809862209226147e-16,0.993406493514848,5.610369216558617e-13,2.866160273556742e-14,4
537,0.02,0.02,150.0,4349.870094275598,4342.261985453255,-7.608108822342729,-3.201276922073284e-11,0.0,-7.608108822310716,0.9999999999957923,-3.3046069726654e-13,-3.201276922073284e-11,7.77940101332287e-16,0.9896772223924782,5.56567572794369e-13,2.85973516842759e-14,32
538,0.02,0.02,150.0,4342.261985853005,4341.327172569596,-0.9348132834093121,-3.2012673026216565e-11,0.0,-0.9348132833772994,0.999999999965755,-3.793682859625819e-13,-3.2012673026216565e-11,7.840002615685601e-16,0.9881494342677383,5.468728472600321e-13,2.8545006605916064e-14,4
539,0.02,0.02,150.0,4341.327172959709,4340.395885988796,-0.931286970912879,-3.201257725589173e-11,0.0,-0.9312869708808664,0.9999999999656254,-2.700522643826396e-13,-3.201257725589173e-11,7.905486545059564e-16,0.9915641823454581,5.477726668474088e-13,2.8498261333969624e-14,4
540,0.02,0.02,150.0,4340.395886369471,4339.468104069968,-0.9277822995027236,-3.201248190662487e-11,0.0,-0.9277822994707111,0.9999999999654957,-2.524603045767782e-13,-3.201248190662487e-11,8.225408160869661e-16,0.9921136916121291,5.356340839063083e-13,2.843719953764008e-14,4
541,0.02,0.02,150.0,4339.468104441401,4338.543805353986,-0.9242990874154202,-3.171331979546163e-11,0.0,-0.9242990873837069,0.9999999999656893,-7.34222160146848e-13,-3.171331979546163e-11,7.389081592556238e-16,0.9768481456724717,5.537935445837977e-13,2.7951807834976338e-14,4
542,0.02,0.02,150.0,4338.543805716123,4337.622968560546,-0.920837155576919,-3.201229245889043e-11,0.0,-0.9208371555449067,0.9999999999652357,-1.6095146208143869e-12,-3.201229245889043e-11,9.019418564687277e-16,0.9497219818642698,5.120860337987645e-13,2.7439619444941917e-14,4
543,0.02,0.02,150.0,4337.622968913825,4336.705572587796,-0.9173963260291202,-3.2012198354314204e-11,0.0,-0.9173963259971081,0.9999999999651054,-9.169495889961825e-15,-3.2012198354314204e-11,8.729107526129195e-16,0.9997135624430264,5.098507321365873e-13,2.7420348080639374e-14,4
544,0.02,0.02,150.0,4336.705572932404,4332.169478665576,-4.536094266827604,-3.201173390491757e-11,0.0,-4.536094266795592,0.9999999999929429,-1.2630491447629545e-13,-3.201173390491757e-11,8.778984730082735e-16,0.9960544182064162,5.085421131665391e-13,2.7377220810208353e-14,20
545,0.02,0.02,150.0,4332.1694789694575,4276.380610222253,-55.788868747204106,-3.2006128851787486e-11,0.0,-55.7888687471721,0.9999999999994263,-3.671389901132765e-13,-3.2006128851787486e-11,1.0000878755006863e-15,0.9885291035409685,4.919455147990617e-13,2.7083431785526104e-14,280
546,0.02,0.02,150.0,4276.380610250471,4273.567998889015,-2.81261136145622,-3.2005851074201116e-11,0.0,-2.812611361424214,0.9999999999886205,-1.0873135752425345e-13,-3.2005851074201116e-11,1.0798771761925544e-15,0.9966027662482033,4.804816951926557e-13,2.7062204946606683e-14,12
547,0.02,0.02,150.0,4273.568031495096,4272.87037396224,-0.6976575328562831,-3.161574511182496e-11,0.0,-0.6976575328246674,0.999999999954683,-2.655382575174398e-13,-3.161574511182496e-11,8.9113532686328e-16,0.9916010754585024,5.097223797062288e-13,2.703610729971081e-14,3
548,0.02,0.02,150.0,4272.870406279441,4272.174934083628,-0.6954721958136361,-3.161567735362554e-11,0.0,-0.6954721957820204,0.9999999999545407,-1.4775241814264302e-13,-3.161567735362554e-11,9.621065886544636e-16,0.9953266091221132,5.024980782349265e-13,2.7019223051957774e-14,3
549,0.02,0.02,150.0,4272.174966114981,4261.336136700839,-10.8388294141414,-3.1614624513020054e-11,0.0,-10.838829414109787,0.9999999999970833,-1.0038373682937503e-13,-3.1614624513020054e-11,9.685056260413637e-16,0.9968247689676646,4.912422946270692e-13,2.695771581709328e-14,48
550,0.02,0.02,150.0,4261.3361645421655,4260.676187262037,-0.6599772801282597,-3.12537619379802e-11,0.0,-0.659977280097006,0.9999999999526442,-6.834327807649014e-14,-3.12537619379802e-11,8.230384122023261e-16,0.9978132783435123,5.220962505498848e-13,2.6948176446316758e-14,3
551,0.02,0.02,150.0,4260.676214863799,4260.018232334585,-0.6579825292137684,-3.1253698961538795e-11,0.0,-0.6579825291825148,0.9999999999525008,-2.9849207310748604e-13,-3.1253698961538795e-11,8.304913846208827e-16,0.9904493841361045,5.197663633828654e-13,2.6917150626945844e-14,3
552,0.02,0.02,150.0,4260.018259699225,4247.8832676879265,-12.134992011298891,-3.125254114676739e-11,0.0,-12.134992011267638,0.9999999999974245,-8.674280469114558e-14,-3.125254114676739e-11,8.327833405397469e-16,0.9972244559479568,5.180059130470856e-13,2.6848068730265978e-14,57
553,0.02,0.02,150.0,4247.883290975489,4237.58136963983,-10.301921335659245,-3.1251563508493345e-11,0.0,-10.301921335627993,0.9999999999969664,-6.721052657338415e-13,-3.1251563508493345e-11,8.604819164147903e-16,0.9784937075051883,5.10672643693642e-13,2.6945228131508457e-14,51
554,0.02,0.02,150.0,4237.581389878591,4236.990779799849,-0.5906100787415198,-3.125150760339973e-11,0.0,-0.5906100787102683,0.999999999947086,-4.722028556001999e-13,-3.125150760339973e-11,1.0309966546495436e-15,0.9848902375657284,4.871896660668083e-13,2.690920024624196e-14,3
555,0.02,0.02,150.0,4236.990799874608,4236.401851165733,-0.5889487088743408,-3.086145804530207e-11,0.0,-0.5889487088434794,0.9999999999475991,-2.9093136536240063e-13,-3.086145804530207e-11,8.419586796955961e-16,0.9905729870268819,5.177908485543363e-13,2.6865911363238237e-14,3
556,0.02,0.02,150.0,4236.401871078071,4235.228946769975,-1.1729243080962988,-3.086134846993642e-11,0.0,-1.1729243080654375,0.9999999999736886,-7.805604216479518e-14,-3.086134846993642e-11,8.335872136021661e-16,0.9974707507599407,5.170027358176312e-13,2.6846883371247004e-14,6
557,0.02,0.02,150.0,4235.228966362144,4229.4615277231605,-5.767438638983549,-3.086081049756632e-11,0.0,-5.767438638952688,0.9999999999946492,-5.6718716604897003e-14,-3.086081049756632e-11,8.267914940662017e-16,0.9981621118923831,5.155197254164095e-13,2.680919071382678e-14,30
558,0.02,0.02,150.0,4229.461545803641,4228.893511686032,-0.5680341176084767,-3.086075758812348e-11,0.0,-0.5680341175776159,0.9999999999456709,-3.0385215998468506e-14,-3.086075758812348e-11,8.452801553623218e-16,0.9990154092649313,5.128752152348279e-13,2.680242794239418e-14,3
559,0.02,0.02,150.0,4228.893529623133,4228.327053404086,-0.5664762190472175,-3.0860704836806394e-11,0.0,-0.5664762190163567,0.9999999999455216,-1.175001828325351e-15,-3.0860704836806394e-11,8.305438805238376e-16,0.9999619256321416,5.117470788605055e-13,2.679953393518046e-14,3
560,0.02,0.02,150.0,4228.327071199162,4207.379322890255,-20.94774830890674,-3.085876284812778e-11,0.0,-20.94774830887588,0.9999999999985268,-1.0114229344691152e-13,-3.085876284812778e-11,8.26014114202228e-16,0.9967224125625294,5.09143031376517e-13,2.66906063419085e-14,117
561,0.02,0.02,150.0,4207.37933606301,4206.869832575416,-0.5095034875939746,-3.085871581885975e-11,0.0,-0.5095034875631158,0.9999999999394337,-2.59507478491817e-13,-3.085871581885975e-11,8.455208738663837e-16,0.991590464100479,5.065363347754619e-13,2.6669079367971575e-14,3
562,0.02,0.02,150.0,4206.869845649973,4206.361643756272,-0.5082018937009707,-3.085866891895174e-11,0.0,-0.508201893670112,0.9999999999392788,-5.570180237756506e-14,-3.085866891895174e-11,8.325945456224615e-16,0.9981949382676271,5.027450747767804e-13,2.6662192407116762e-14,3
563,0.02,0.02,150.0,4206.36165673351,4205.854750934685,-0.506905798824846,-3.085862214779733e-11,0.0,-0.5069057987939873,0.9999999999391235,-1.2740189931911545e-15,-3.085862214779733e-11,8.416315238076901e-16,0.999958714326677,5.015299828928495e-13,2.66596107000353e-14,3
564,0.02,0.02,150.0,4205.85476381547,4181.155996510462,-24.698767305008005,-3.0856353679553817e-11,0.0,-24.69876730497715,0.9999999999987508,-1.5206403572098206e-13,-3.0856353679553817e-11,8.527118262182987e-16,0.9950718728045387,4.979710943714535e-13,2.652862491880866e-14,156
565,0.02,0.02,150.0,4181.156005383152,4180.710690499404,-0.44531488374741457,-3.085631295872525e-11,0.0,-0.44531488371655825,0.999999999930709,-2.189136672245754e-13,-3.085631295872525e-11,8.655329983243758e-16,0.9929053847905482,4.937796007809622e-13,2.6507156230452246e-14,3
566,0.02,0.02,150.0,4180.710699311001,4180.266425615422,-0.44427369557888596,-3.085627233904595e-11,0.0,-0.4442736955480297,0.9999999999305468,-5.564398071868797e-13,-3.085627233904595e-11,8.879690138049028e-16,0.981966719729695,4.883897073637857e-13,2.645866920702764e-14,3
567,0.02,0.02,150.0,4180.266434366432,4176.7493070118035,-3.5171273546284283,-3.0855950972011885e-11,0.0,-3.5171273545975725,0.999999999991227,-9.263939454229256e-14,-3.0855950972011885e-11,8.776121675856937e-16,0.9969976814318146,4.872913740999485e-13,2.6433137700168643e-14,24
568,0.02,0.02,150.0,4176.749315295758,4172.8693840067635,-3.8799312889941575,-3.085559687412301e-11,0.0,-3.8799312889633017,0.9999999999920474,-1.5739940427366034e-13,-3.085559687412301e-11,8.674751074852464e-16,0.9948988378051548,4.857786424422349e-13,2.6403278940755687e-14,27
569,0.02,0.02,150.0,4172.869391800702,4154.599785524739,-18.26960627596327,-3.0853935070206423e-11,0.0,-18.269606275932414,0.9999999999983111,-3.734393546572691e-13,-3.0853935070206423e-11,9.196473467342686e-16,0.9878965404637194,4.779831069906688e-13,2.627405794463946e-14,135
570,0.02,0.02,150.0,4154.599791322773,4154.213787163229,-0.38600415954351774,-3.085390005309497e-11,0.0,-0.38600415951266387,0.9999999999200685,-4.87344325923947e-13,-3.085390005309497e-11,1.0356477658074954e-15,0.9842047739480162,4.656338133981616e-13,2.621659872202498e-14,3
571,0.02,0.02,150.0,4154.213792924727,4023.258028283259,-130.95576464146825,-3.084216057018636e-11,0.0,-130.9557646414374,0.9999999999997645,0.0,-3.084216057018636e-11,1.0219509658154317e-15,1.0,4.5555914123401e-13,2.5573164959728957e-14,1277
