time_s,radius_m,max_C,min_C,mean_C,center_C,surface_C,center_T_C,surface_T_C
0,0.02,2.55,2.55,2.55,2.55,2.174298598553935,28.000000000000057,28.0
60,0.019949873268608413,2.55,2.179671384620319,2.5395457093871214,2.55,2.529635557138213,28.528000000000077,28.52800000000002
120,0.01990016802588997,2.55,1.9163713031762872,2.529658558929147,2.55,2.4928877873875264,29.192000000000007,29.192000000000007
180,0.019850896699029126,2.5500000000000003,1.7221147545388704,2.520227858064862,2.5500000000000003,2.4440897291199564,29.684000000000026,29.684000000000026
240,0.019802071715210357,2.55,1.5732221597458025,2.511174959945353,2.55,2.387107062416873,30.036999999999978,30.036999999999978
300,0.019753705501618122,2.55,1.4570342510328629,2.502409150702974,2.55,2.3242998380625766,30.83400000000006,30.83400000000006
360,0.019705810485436893,2.55,1.362493688146613,2.493900694127443,2.55,2.246411449117155,31.293000000000006,31.293000000000006
420,0.019658399093851135,2.55,1.2839983863182582,2.4856092646999572,2.549999999999999,2.162519602425576,31.819999999999993,31.819999999999993
480,0.019611483754045308,2.549999999999999,1.216563522306107,2.4775182589417444,2.5499999999999985,2.0815506785026936,32.12100000000004,32.12100000000004
540,0.019565076893203883,2.549999999999996,1.159074766416425,2.469588890338788,2.549999999999995,2.004078044459145,32.73000000000002,32.73000000000002
600,0.019519190938511326,2.5499999999999883,1.108769627850991,2.4618080344694544,2.5499999999999883,1.9305148581276819,33.202,33.202
660,0.019473838317152103,2.549999999999966,1.065129123303801,2.4541485402155088,2.549999999999966,1.8611086948772617,33.87900000000002,33.87900000000002
720,0.019429031456310683,2.549999999999911,1.0256737165383447,2.446610317772638,2.549999999999911,1.795520071304875,34.268000000000086,34.268000000000086
780,0.019384782783171524,2.54999999999978,0.9904817743581552,2.439175739821215,2.54999999999978,1.7337753149752047,34.80599999999998,34.80599999999998
840,0.01934110472491909,2.5499999999994802,0.9581017648154678,2.4318448535366777,2.5499999999994802,1.6753103223273444,35.14200000000005,35.14200000000005
900,0.01929800970873786,2.549999999998832,0.9284554486832559,2.4246074351407416,2.549999999998832,1.62000796124229,35.524,35.524
960,0.0192555101618123,2.54999999999746,0.9019239300477851,2.4174466477808543,2.54999999999746,1.5681655774196777,36.09100000000001,36.09100000000001
1020,0.019213618511326858,2.549999999994712,0.876879094550519,2.4103693914699007,2.549999999994712,1.5180998367189564,36.35399999999993,36.353999999999985
1080,0.019172347184466018,2.549999999989227,0.8550340353450024,2.403351604227131,2.549999999989227,1.4685938180980882,37.06700000000001,37.06700000000001
1140,0.01913170860841424,2.5499999999787883,0.8343786905968658,2.396400048592968,2.5499999999787883,1.4217514176703518,37.41899999999998,37.41899999999998
1200,0.019091715210355985,2.549999999959354,0.815381258692926,2.3895077456690372,2.549999999959354,1.3782485291536748,37.882000000000005,37.882000000000005
1260,0.01905237941747573,2.5499999999245473,0.79705195104736,2.3826776563717997,2.5499999999245473,1.3362038327983563,38.134000000000015,38.13400000000007
1320,0.019013713656957927,2.5499999998623535,0.7808628930564085,2.3758918835707252,2.5499999998623535,1.29903259237958,38.766999999999996,38.766999999999996
1380,0.018975730355987055,2.549999999755013,0.7654830704326689,2.369157439635002,2.549999999755013,1.846532567403643,39.125,39.125
1440,0.018938441941747573,2.54999999957406,0.7507749200230924,2.3624708713795672,2.54999999957406,1.8096183920216065,39.45800000000003,39.45799999999997
1500,0.018901860841423947,2.5499999992789073,0.7361526522662846,2.3558391814894466,2.5499999992789073,1.774052206644806,39.59499999999997,39.59500000000003
1560,0.01886599948220065,2.549999998798928,0.7229001374099392,2.3492483846394734,2.549999998798928,1.739678214658282,40.06099999999992,40.06099999999998
1620,0.018830870291262135,2.549999998043288,0.7098328254108089,2.3427062080408954,2.549999998043288,1.7065653136116792,40.238,40.238
1680,0.018796485695792883,2.549999996862354,0.6977477252035416,2.336203894101005,2.549999996862354,1.674619238256487,40.62099999999998,40.62099999999998
1740,0.018762858122977347,2.5499999950263605,0.6870186728138636,2.3297325595176064,2.5499999950263605,1.6438785412737529,41.166,41.166
1800,0.01873,2.549999992235451,0.6767492136948928,2.3232959663587236,2.549999992235451,1.6143888854707749,41.513000000000034,41.51299999999998
1860,0.0186979928835586,2.549999988038058,0.6671230694309231,2.3168902881924787,2.549999988038058,1.5861340586056472,41.918000000000006,41.918000000000006
1920,0.018666874513357443,2.5499999819292296,0.6569757120909463,2.3105283187793884,2.5499999819292296,1.5568463070991352,41.952000000000055,41.952000000000055
1980,0.018636591591090806,2.549999973055248,0.6474352814204107,2.304200836808552,2.549999973055248,1.5287680016582037,42.26300000000009,42.263000000000034
2040,0.018607090818452948,2.549999960307554,0.6384459379486848,2.297904846084045,2.549999960307554,1.5019220372624131,42.589000000000055,42.589
2100,0.018578318897138145,2.549999942360818,0.6294572079054588,2.2916451778431495,2.549999942360818,1.4761204907649885,42.745000000000005,42.745000000000005
2160,0.018550222528840664,2.549999917304108,0.6208351865602266,2.2854192659217616,2.549999917304108,1.4513285759684158,42.985000000000014,42.985000000000014
2220,0.018522748415254777,2.5499998823990135,0.6130502554765153,2.27922042987985,2.5499998823990135,1.427689547052183,43.393000000000086,43.39300000000003
2280,0.01849584325807475,2.549999834837295,0.6051520267805113,2.273054737232103,2.549999834837295,1.4048368831509852,43.533999999999935,43.53399999999999
2340,0.018469453758994864,2.549999769780289,0.5980529883498582,2.2669109786342627,2.549999769780289,1.3830819434504782,43.96999999999997,43.97000000000003
2400,0.018443526619709376,2.5499996827757596,0.5907917153656352,2.2607984910116574,2.5499996827757596,1.3619364061699828,44.10200000000009,44.10200000000003
2460,0.018418008541912556,2.5499995660561803,0.5842367803018789,2.2547085525143515,2.5499995660561803,1.3417812881521778,44.502999999999986,44.502999999999986
2520,0.018392846227298684,2.5499994123924563,0.5775834906358065,2.2486468003330664,2.5499994123924563,1.322132859655487,44.66300000000001,44.66300000000001
2580,0.018367986377562026,2.5499992131075575,0.5706350141915307,2.2426180718154924,2.5499992131075575,1.3027322129274468,44.70100000000002,44.70100000000002
2640,0.018343375694396855,2.5499989521806024,0.5645780301865843,2.2366094020585923,2.5499989521806024,1.284361624661067,45.13799999999998,45.13799999999998
2700,0.018318960879497432,2.5499986165167883,0.5585147991994673,2.2306254699417347,2.5499986165167883,1.2663891448329982,45.323000000000036,45.32299999999998
2760,0.01829468863455803,2.5499981917234433,0.5520819171679694,2.2246734091567157,2.5499981917234433,1.2484114074068349,45.32400000000001,45.32400000000001
2820,0.018270505661272925,2.5499976554002566,0.5457939021574333,2.2187496941283964,2.5499976554002566,1.230785677792427,45.462000000000046,45.462000000000046
2880,0.01824635866133638,2.5499969762255184,0.540166823154602,2.2128457632853875,2.5499969762255184,1.2139928167264609,45.81800000000004,45.817999999999984
2940,0.018222194336442666,2.549996137642281,0.5340269474340638,2.206975060748647,2.549996137642281,1.196853129523447,45.738999999999976,45.73900000000003
3000,0.01819795938828606,2.549995097914141,0.5281621762207136,2.2011279935790435,2.549995097914141,1.1799389641725955,45.93000000000001,45.93000000000001
3060,0.018173600518560824,2.5499938233826596,0.5223335154636916,2.1953104127255494,2.5499938233826596,1.1627997770022747,45.999000000000024,45.999000000000024
3120,0.01814906442896123,2.549992239361685,0.5175328915389746,2.1895050895788115,2.549992239361685,1.1471900613487174,46.512,46.512
3180,0.01812429782118155,2.5499903138426316,0.5125684871644004,2.183724109182741,2.5499903138426316,1.131183427509658,46.60200000000009,46.60200000000003
3240,0.018099247396916048,2.5499879797145026,0.5076658257882243,2.1779644747861906,2.5499879797145026,1.1153617649303988,46.761000000000024,46.76100000000014
3300,0.018073859857859004,2.5499851631743207,0.5028832266625888,2.1722253967232654,2.5499851631743207,1.0997319167246096,46.93299999999999,46.932999999999936
3360,0.01804808190570468,2.5499818098057747,0.4977617588269884,2.16651140818406,2.5499818098057747,1.0833412306241135,46.91199999999998,46.91199999999992
3420,0.018021860242147344,2.5499778056221882,0.4929075756294977,2.1608179250288875,2.5499778056221882,1.067638686616162,47.089,47.089
3480,0.017995141568881278,2.54997309867151,0.4876778193893735,2.155151082897879,2.54997309867151,1.4431156085536858,47.00799999999998,47.00800000000004
3540,0.017967872587600735,2.5499675523486025,0.482650641565111,2.1495072492861245,2.5499675523486025,1.425735914738222,47.11100000000005,47.11099999999999
3600,0.01794,2.5499609680195254,0.4783336491845256,2.143875827576532,2.5499609680195254,1.4084136071861684,47.485000000000014,47.485000000000014
3660,0.017911592291939,2.549953293254882,0.4738138839507372,2.1382665118829807,2.549953293254882,1.3911822302588472,47.49800000000005,47.49799999999999
3720,0.01788277336819172,2.5499443362764653,0.469455965285482,2.132675150494994,2.5499443362764653,1.374059605355116,47.64599999999996,47.64599999999996
3780,0.01785357305882353,2.5499339006369652,0.46536268555315563,2.1271003503974586,2.5499339006369652,1.3570773658484756,47.84000000000003,47.84000000000003
3840,0.017824021193899784,2.5499218655322036,0.4610918448880866,2.1215439775940452,2.5499218655322036,1.3402061908971143,47.87299999999999,47.87299999999999
3900,0.017794147603485837,2.549908029388385,0.45679095935419894,2.1160065332323517,2.549908029388385,1.3234226746249367,47.926000000000045,47.92599999999999
3960,0.01776398211764706,2.549892157139387,0.4525948616328472,2.1104877012825867,2.549892157139387,1.306738786931318,48.01600000000002,48.01600000000002
4020,0.017733554566448803,2.54987410983159,0.44818454122652585,2.104989205816972,2.54987410983159,1.2901111649599306,47.976999999999975,47.976999999999975
4080,0.017702894779956426,2.5498536789091304,0.4436420351061476,2.099512658999957,2.5498536789091304,1.2735081834233444,47.92599999999993,47.92599999999999
4140,0.017672032588235298,2.549830321189675,0.43970946443669173,2.094050478666681,2.549830321189675,1.2570756832084622,48.19900000000001,48.19900000000001
4200,0.017640997821350764,2.5498040154706465,0.43557834924865396,2.0886078020771186,2.5498040154706465,1.240290935514478,48.16599999999994,48.166
4260,0.01760982030936819,2.5497742475191254,0.43171676586320357,2.083179556000325,2.5497742475191254,1.2233546353180866,48.33099999999996,48.33100000000002
4320,0.017578529882352943,2.5497404807503323,0.42832210947586385,2.077762003392321,2.5497404807503323,1.2067760239106913,48.615000000000066,48.61500000000001
4380,0.01754715637037037,2.549703066050385,0.42425418243510815,2.0723670540208126,2.549703066050385,1.1901332575699417,48.38000000000005,48.379999999999995
4440,0.01751572960348584,2.54966140977581,0.42015011759193194,2.066991591429591,2.54966140977581,1.1735188376203263,48.356999999999914,48.35699999999997
4500,0.017484279411764708,2.549614802211105,0.416407641637383,2.0616307644560736,2.549614802211105,1.1571868943869918,48.525999999999954,48.52600000000001
4560,0.01745283562527233,2.5495629919148683,0.41274920488309746,2.0562864054711065,2.5495629919148683,1.1410559223427466,48.59000000000003,48.59000000000003
4620,0.017421428074074076,2.5495051390257704,0.40944043264305774,2.0509519891819177,2.5495051390257704,1.1253533872903145,48.82499999999999,48.82499999999999
4680,0.017390086588235296,2.5494412672138704,0.4060377349437683,2.0456346110935217,2.5494412672138704,1.1097546862159373,48.827000000000055,48.827
4740,0.01735884099782135,2.5493704767948335,0.40283601003110436,2.0403289596225274,2.5493704767948335,1.094505539111732,48.988000000000056,48.988
4800,0.017327721132897603,2.5492927120676208,0.399452855882577,2.0350376413724205,2.5492927120676208,1.0792933588009186,48.978999999999985,48.978999999999985
4860,0.01729675682352941,2.549207738589369,0.39585819393222843,2.0297639810391526,2.549207738589369,1.064021664822299,48.89999999999998,48.89999999999998
4920,0.017265977899782136,2.549113916249655,0.3927316182497827,2.024501182469947,2.549113916249655,1.0493840816785105,49.144000000000005,49.144000000000005
4980,0.017235414191721133,2.5490126185568553,0.38903500655994294,2.0192612550847215,2.5490126185568553,1.0342378741357001,48.87000000000006,48.87000000000006
5040,0.017205095529411765,2.548902508656752,0.3853443747903876,2.0140392945071026,2.548902508656752,1.019246242334415,48.84000000000003,48.84000000000003
5100,0.017175051742919386,2.548782591322084,0.38186857258535345,2.0088334368164835,2.548782591322084,1.0043950413656262,48.91300000000001,48.91300000000001
5160,0.017145312662309366,2.5486507963076592,0.37899644710371866,2.0036346253140254,2.5486507963076592,0.9905812178028992,49.261000000000024,49.26100000000008
5220,0.017115908117647058,2.5485086233320833,0.37583714867812795,1.998452467214891,2.5485086233320833,0.9763396140698539,49.16899999999998,49.16899999999998
5280,0.017086867938997823,2.548355728624037,0.3724263592526939,1.993287920901379,2.548355728624037,0.961884018095909,49.05599999999998,49.05600000000004
5340,0.017058221956427016,2.548189609320056,0.36943739466984793,1.9881360440348532,2.548189609320056,0.9485862971105952,49.25700000000006,49.257000000000005
5400,0.01703,2.5480117987013666,0.3661132839879926,1.983001509550708,2.5480117987013666,0.9345114196281775,49.11600000000004,49.115999999999985
5460,0.017001822456140347,2.5478185426840207,0.3633683195563096,1.9778769868966963,2.5478185426840207,0.9221492949533044,49.41500000000008,49.41500000000002
5520,0.01697332350877193,2.5476119377340303,0.36037744950936074,1.9727690252140755,2.5476119377340303,1.2368824802788077,49.32100000000008,49.321000000000026
5580,0.01694455368421053,2.5473906926174594,0.3573081288687278,1.9676742632645392,2.5473906926174594,1.223217035771687,49.317000000000064,49.31700000000001
5640,0.01691556350877193,2.547154235245196,0.3542713437357448,1.9625960195343575,2.547154235245196,1.209579122333648,49.303999999999974,49.303999999999974
5700,0.016886403508771932,2.546899918061951,0.3515109106634829,1.9575266266576818,2.546899918061951,1.1960252845421202,49.492000000000075,49.492000000000075
5760,0.016857124210526316,2.546629852086493,0.3485768290724823,1.9524748759735975,2.546629852086493,1.182534288508526,49.38400000000007,49.384000000000015
5820,0.01682777614035088,2.546343599259327,0.34543072825479404,1.94743881865195,2.546343599259327,1.169063529833112,49.27200000000005,49.27200000000005
5880,0.016798409824561406,2.5460389101511183,0.34248769817555347,1.9424192805888028,2.5460389101511183,1.1556629310602382,49.31,49.31
5940,0.016769075789473682,2.5457099106049244,0.34018579375718605,1.9374011980887391,2.5457099106049244,1.1425134200258378,49.749000000000024,49.749000000000024
6000,0.01673982456140351,2.5453609549500946,0.3377993845828379,1.9323963350203763,2.5453609549500946,1.129567241102,49.74300000000005,49.742999999999995
6060,0.01671070666666667,2.544992451802303,0.3351783966934826,1.927404925295565,2.544992451802303,1.1167328402425305,49.660000000000025,49.660000000000025
6120,0.016681772631578946,2.5446056075470556,0.33222932299389735,1.9224308599448836,2.5446056075470556,1.1039225584237893,49.46300000000002,49.46300000000002
6180,0.01665307298245614,2.5441911987380808,0.32992130515751783,1.9174628145016728,2.5441911987380808,1.0913834579825006,49.83000000000004,49.829999999999984
6240,0.016624658245614033,2.5437551090464083,0.327410958876594,1.912508132049063,2.5437551090464083,1.0790221841513712,49.752999999999986,49.752999999999986
6300,0.01659657894736842,2.5432957238213145,0.32487034854147423,1.9075668245223023,2.5432957238213145,1.0663988086934928,49.738999999999976,49.738999999999976
6360,0.01656888561403509,2.5428143265667993,0.32210023869266285,1.9026395466416985,2.5428143265667993,1.0537795730109873,49.62200000000007,49.62200000000007
6420,0.016541628771929825,2.5423096875041864,0.31931921526263846,1.8977290951096495,2.5423096875041864,1.0412771218573968,49.549999999999955,49.55000000000001
6480,0.01651485894736842,2.541781382807388,0.31646583278440144,1.892833712911808,2.541781382807388,1.0289041056278805,49.476999999999975,49.476999999999975
6540,0.016488626666666666,2.541218517394249,0.3143292894122425,1.8879445075352348,2.541218517394249,1.0171761003023527,49.89100000000002,49.89100000000002
6600,0.016462982456140352,2.540633316610439,0.3117700177981972,1.8830706557409373,2.540633316610439,1.0054934263875739,49.68300000000005,49.68299999999999
6660,0.016437976842105264,2.540023566960461,0.30911584910112117,1.8782145842076785,2.540023566960461,0.9939332786178631,49.56900000000002,49.56900000000002
6720,0.016413660350877192,2.5393846749568088,0.30660920340878506,1.87337179234698,2.5393846749568088,0.9827279436076528,49.63299999999998,49.63299999999998
6780,0.01639008350877193,2.538713738747473,0.30432112310053383,1.8685393628039788,2.538713738747473,0.9720067728040321,49.78100000000006,49.781000000000006
6840,0.016367296842105264,2.5380187973549426,0.3017584943103216,1.8637249217152332,2.5380187973549426,0.9613020124638391,49.591999999999985,49.591999999999985
6900,0.016345350877192983,2.5372849437848464,0.29973743279071063,1.8589178683744267,2.5372849437848464,0.9514474101302077,49.94100000000009,49.94100000000003
6960,0.01632429614035088,2.5365218584070983,0.29758446685672624,1.8541241951074514,2.5365218584070983,0.9417832663591532,49.90199999999999,49.90199999999999
7020,0.016304183157894735,2.5357283522316942,0.295358959289666,1.8493434854574984,2.5357283522316942,0.9323830302945907,49.89200000000005,49.891999999999996
7080,0.01628506245614035,2.5349079229705027,0.29296168846128107,1.8445804163577166,2.5349079229705027,0.9230816917601387,49.75900000000007,49.759000000000015
7140,0.01626698456140351,2.534052869211358,0.29076865997862816,1.8398312278018518,2.534052869211358,0.9143607378515537,49.86500000000001,49.86500000000001
7200,0.01625,2.5331665201195532,0.2884870320446313,1.8350950322913417,2.5331665201195532,0.9059308910620587,49.851999999999975,49.851999999999975
7260,0.01623387406873348,2.5322467091653103,0.2862798010076918,1.830373220001032,2.5322467091653103,0.8978660889747752,49.893000000000086,49.89300000000003
7320,0.016218318000480653,2.531304346009345,0.283734462583663,1.8256730023247094,2.531304346009345,0.8894691600818656,49.619000000000085,49.61900000000003
7380,0.01620330122566691,2.5303234336836713,0.28154763786566667,1.8209877149447302,2.5303234336836713,0.8817517262604423,49.79199999999997,49.79200000000003
7440,0.016188793174717615,2.5293166580204804,0.27912822367167356,1.816321718868902,2.5293166580204804,0.8738342529908228,49.61200000000008,49.61200000000002
7500,0.016174763278058158,2.5282680152950436,0.2770944305529112,1.8116684556227343,2.5282680152950436,0.8665879880204673,49.84500000000003,49.84500000000003
7560,0.016161180966113915,2.5271890491277964,0.2749388445140378,1.8070317543667611,2.5271890491277964,0.8592134396923178,49.77000000000004,49.77000000000004
7620,0.01614801566931026,2.5260803170715764,0.27266920181684157,1.802412220486932,2.5260803170715764,0.8517959295165644,49.68299999999999,49.68299999999999
7680,0.01613523681807258,2.5249387732260025,0.27047981700815377,1.7978112727380993,2.5249387732260025,0.8446090286155283,49.668999999999926,49.66899999999998
7740,0.016122813842826246,2.523752613727393,0.268603147137284,1.793220822490852,2.523752613727393,0.8382326808499321,49.916,49.916
7800,0.016110716173996637,2.5225414436498492,0.26641422320944497,1.7886483754466178,2.5225414436498492,0.8311621363037374,49.714,49.714
7860,0.01609891324200913,2.5212782290077307,0.2647208061312906,1.7840840085825969,2.5212782290077307,0.8254817963447709,50.09499999999997,50.09500000000003
7920,0.016087374477289116,2.519988111566616,0.262762388852208,1.779536843758689,2.519988111566616,0.818927127046667,49.928999999999974,49.928999999999974
7980,0.016076069310261957,2.518668877953197,0.260670361005557,1.7750073346181259,2.518668877953197,0.8122730160498745,49.81700000000001,49.81700000000001
8040,0.016064967171353042,2.5173086580091764,0.2587600782769169,1.7704912265228065,2.5173086580091764,0.8062780069843134,49.94299999999993,49.942999999999984
8100,0.016054037490987747,2.5159281534057145,0.2566080567096034,1.7659988281517063,2.5159281534057145,0.7993384644312508,49.664000000000044,49.664000000000044
8160,0.016043249699591446,2.5144879922860417,0.2549951311112755,1.7615115641456331,2.5144879922860417,0.7944501084935491,50.13499999999999,50.13499999999999
8220,0.01603257322758952,2.513025228197822,0.2530618511789434,1.7570427612390525,2.513025228197822,0.7880116496643857,49.90199999999999,49.90199999999993
8280,0.016021977505407355,2.5115187904727203,0.25134660264423486,1.7525870667739412,2.5115187904727203,0.7825525702835026,50.055999999999926,50.055999999999926
8340,0.01601143196347032,2.5099969577540655,0.24922337512075474,1.7481530365959501,2.5099969577540655,0.7755682958980463,49.70999999999998,49.70999999999998
8400,0.016000906032203797,2.5084285361224548,0.24742587525498652,1.7437325174919163,2.5084285361224548,0.7701357497208638,49.91500000000002,49.91500000000002
8460,0.015990369142033167,2.5068247758996614,0.2456214862683892,1.7393263105153753,2.5068247758996614,1.045619990624531,49.920000000000016,49.920000000000016
8520,0.0159797907233838,2.50517191953158,0.24403848025444672,1.7349291103096551,2.50517191953158,1.0393488963181035,50.14699999999999,50.14699999999999
8580,0.015969140206681085,2.503494834286183,0.2422242263342564,1.7305488560126885,2.503494834286183,1.0331023749585353,49.966999999999985,49.966999999999985
8640,0.0159583870223504,2.5017855627898777,0.2404375674104417,1.7261862102220185,2.5017855627898777,1.0268524414136004,49.92099999999999,49.92099999999999
8700,0.01594750060081711,2.500047823264962,0.2385474473308096,1.721839994618788,2.500047823264962,1.0205763952630391,49.821000000000026,49.821000000000026
8760,0.01593645037250661,2.4982730080221747,0.2367594206749114,1.7175091005833776,2.4982730080221747,1.0142833731604322,49.85599999999994,49.855999999999995
8820,0.015925205767844272,2.4964567834078326,0.23502484531118453,1.7131885438129837,2.4964567834078326,1.0079887033611274,49.952999999999975,49.952999999999975
8880,0.01591373621725547,2.4946081747900366,0.23333330285411477,1.7088847250579542,2.4946081747900366,1.0016825881298317,49.91500000000008,49.91500000000002
8940,0.015902011151165588,2.4927392411657228,0.23143730432159554,1.7045989401894304,2.4927392411657228,0.9953071146448218,49.70799999999997,49.70799999999997
9000,0.01589,2.490803184314684,0.23004519297973516,1.7003186661697054,2.490803184314684,0.9889682627353172,50.16300000000001,50.16300000000001
9060,0.01587784969320977,2.4888291196771957,0.22867608825705285,1.6960503567240202,2.4888291196771957,0.9826984902015815,50.19799999999998,50.198000000000036
9120,0.015865724821558166,2.4868479133605854,0.22691026100026124,1.6918022785480002,2.4868479133605854,0.9764087338933892,49.81999999999999,49.81999999999999
9180,0.015853621307438878,2.4848166838061125,0.2253268262560125,1.6875626226285165,2.4848166838061125,0.9701611811229665,50.02699999999999,50.02699999999999
9240,0.015841535073245608,2.482767933416778,0.22358515626359737,1.6833418915765557,2.482767933416778,0.963909014789528,49.803999999999974,49.803999999999974
9300,0.015829462041372047,2.4806630665479856,0.22217734824726493,1.6791304398955442,2.4806630665479856,0.9577458251233653,50.08600000000001,50.08600000000001
9360,0.0158173981342119,2.4785392067518366,0.22052494035483702,1.6749337029681204,2.4785392067518366,0.9515937117267095,49.89100000000002,49.89100000000002
9420,0.015805339274158847,2.476366131991602,0.21909002936811736,1.6707469841112685,2.476366131991602,0.9455142709711047,50.079999999999984,50.079999999999984
9480,0.0157932813836066,2.4741561445048466,0.21767295283015592,1.666571516217191,2.4741561445048466,0.939500119962835,50.113000000000056,50.113
9540,0.015781220384948853,2.4719103086246395,0.21625302970569227,1.6624071675665224,2.4719103086246395,0.9335346809085876,50.13399999999996,50.134000000000015
9600,0.015769152200579287,2.4696584576904517,0.21459382630745108,1.658263571765243,2.4696584576904517,0.9275054438049154,49.803999999999974,49.803999999999974
9660,0.01575707275289161,2.467338883144716,0.21331874134941425,1.6541252040163734,2.467338883144716,0.9215893648265097,50.20799999999991,50.20799999999997
9720,0.01574497796427952,2.465015513425047,0.2116656177650111,1.650003201141119,2.465015513425047,0.9156245811433279,49.865000000000066,49.86500000000001
9780,0.015732863757136714,2.462667840471132,0.2100611906419408,1.6458994569026832,2.462667840471132,0.909623214108569,49.769000000000005,49.769000000000005
9840,0.015720726053856875,2.460264812192347,0.20870524531204082,1.6418037036723057,2.460264812192347,0.903715492125127,50.02699999999999,50.02699999999999
9900,0.015708560776833712,2.4578374382564294,0.20721821874789456,1.6377198097700512,2.4578374382564294,0.8978284201489476,49.934999999999945,49.935
9960,0.015696363848460914,2.4553566141996876,0.20599463232905757,1.633645068155788,2.4553566141996876,0.892052727902761,50.16500000000008,50.16500000000008
10020,0.015684131191132177,2.4528442592808557,0.20467376182421096,1.6295791199842293,2.4528442592808557,0.8863223365131025,50.15400000000005,50.153999999999996
10080,0.0156718587272412,2.4503227237979854,0.20323187574983603,1.6255319665265526,2.4503227237979854,0.8805290196990478,49.90900000000005,49.90899999999999
10140,0.015659542379181678,2.4477393207292426,0.20203841570090314,1.6214899963781468,2.4477393207292426,0.8748428628735158,50.226000000000056,50.226000000000056
10200,0.01564717806934731,2.4451559581542193,0.20056313004543064,1.6174652286779099,2.4451559581542193,0.8690744258251817,49.89500000000004,49.89500000000004
10260,0.015634761720131788,2.4425305125755887,0.19916699067992594,1.6134494084114333,2.4425305125755887,0.8633219063673028,50.00799999999998,50.00799999999998
10320,0.015622289253928804,2.4398868393557387,0.19776522209323646,1.6094502561490174,2.4398868393557387,0.8575444745165337,49.87799999999993,49.877999999999986
10380,0.015609756593132063,2.4371785593324757,0.19657600349868304,1.6054539345721965,2.4371785593324757,0.8519074922325656,50.21800000000002,50.21800000000002
10440,0.015597159660135253,2.434478322465884,0.1951044045464479,1.6014761104808388,2.434478322465884,0.84616193461793,49.831999999999994,49.831999999999994
10500,0.015584494377332076,2.4317541951538195,0.19362642705398986,1.5975120807698147,2.4317541951538195,0.8403548568367128,49.77199999999999,49.77199999999999
10560,0.015571756667116224,2.428980267559113,0.1923965580340261,1.593558486025787,2.428980267559113,0.8344990045549416,49.96800000000002,49.96800000000002
10620,0.015558942451881394,2.4261474288205154,0.19132414424288902,1.58960833507608,2.4261474288205154,0.8287823602525715,50.24599999999998,50.24599999999998
10680,0.015546047654021284,2.4232897984581387,0.1902525931423841,1.5856702866549108,2.4232897984581387,0.8231054763147082,50.19599999999997,50.196000000000026
10740,0.015533068195929586,2.42041012642863,0.18908356881724336,1.5817427337462937,2.42041012642863,0.8173843492665201,50.12400000000008,50.12400000000008
10800,0.01552,2.4174934098789023,0.18791281368243076,1.5778224364227527,2.4174934098789023,0.8116847372716816,50.19499999999999,50.19499999999999
10860,0.01550677385541491,2.414547193445818,0.1867456221691842,1.5739119722226194,2.414547193445818,0.805968125086415,50.197,50.197
10920,0.0154933346745429,2.4115925933230726,0.18545907348664697,1.570015507191447,2.4115925933230726,0.8000846448538731,50.00900000000007,50.00900000000007
10980,0.015479699564556963,2.4086206485602064,0.18417911090621866,1.5661338402538387,2.4086206485602064,0.7941000997374617,49.908000000000015,49.908000000000015
11040,0.015465885632630096,2.4055950664758843,0.18310051840915356,1.5622595115423183,2.4055950664758843,0.7882848205532044,50.136000000000024,50.136000000000024
11100,0.015451909985935304,2.4025473760038887,0.18193180728983702,1.5583941569351567,2.4025473760038887,0.7824117378993469,50.08099999999996,50.08100000000002
11160,0.01543778973164557,2.3994880750836933,0.18073259890128937,1.5545434245764183,2.3994880750836933,0.7764173695622374,49.936999999999955,49.93700000000001
11220,0.015423541976933899,2.3964172655971114,0.17939577352916963,1.5507041207836432,2.3964172655971114,0.7702820135918812,49.79700000000008,49.797000000000025
11280,0.015409183828973275,2.3932816867110267,0.17838317318144797,1.5468718183120438,2.3932816867110267,0.7644966993387523,50.12299999999999,50.12299999999999
11340,0.015394732394936711,2.390147002304967,0.1772150607827583,1.5430534402157516,2.390147002304967,0.7584739032146126,49.88099999999997,49.88099999999997
11400,0.015380204781997187,2.386945833542178,0.1762701831875567,1.5392384398530925,2.386945833542178,0.7528184046466424,50.21800000000002,50.21800000000002
11460,0.015365618097327708,2.3837590214052766,0.17508186781891397,1.5354382314655088,2.3837590214052766,0.7467686948618507,49.870000000000005,49.870000000000005
11520,0.015350989448101265,2.3805530554924035,0.1738963645606455,1.5316503364865157,2.3805530554924035,0.740702162280207,49.811000000000035,49.811000000000035
11580,0.015336335941490859,2.3772784296959184,0.17289183562406277,1.5278637338983903,2.3772784296959184,0.735078728111506,50.166,50.166
11640,0.01532167468466948,2.374018903047153,0.17169683164051625,1.5240924499480493,2.374018903047153,0.7290370684358162,49.827,49.827
11700,0.015307022784810127,2.3707324952586744,0.1705375781077003,1.5203313282058275,2.3707324952586744,0.72308424634085,49.84000000000003,49.84000000000003
11760,0.015292397349085796,2.367395167561522,0.16956608535725032,1.516577249062015,2.367395167561522,0.717473970013817,50.05000000000001,50.05000000000001
11820,0.01527781548466948,2.3640156685634026,0.16869526560850437,1.5128295882509284,2.3640156685634026,0.7120488465116073,50.18700000000007,50.18700000000007
11880,0.01526329429873418,2.360653705510661,0.16760009918354868,1.509096108736791,2.360653705510661,0.7061338336324359,49.84800000000001,49.84800000000001
11940,0.015248850898452885,2.3572604554256307,0.16657784376824142,1.5053724630561203,2.3572604554256307,0.7004169658278996,49.90499999999997,49.90499999999997
12000,0.015234502390998595,2.3538135673644835,0.16564252233171584,1.5016517328174501,2.3538135673644835,0.6950779267394873,50.13900000000001,50.13900000000001
12060,0.015220265883544304,2.3503302989538253,0.16481379851281788,1.4979387353024465,2.3503302989538253,0.689885398507384,50.23599999999999,50.23599999999999
12120,0.01520615848326301,2.3468538436012145,0.163790221722407,1.494236409704238,2.3468538436012145,0.684287858020025,50.0,50.0
12180,0.015192197297327709,2.343377410379283,0.16269341794347109,1.4905473853064761,2.343377410379283,0.6785305723530045,49.822,49.822
12240,0.015178399432911393,2.3398870278948576,0.1616274171766664,1.486871342357604,2.3398870278948576,0.6728542668364395,49.757000000000005,49.757000000000005
12300,0.01516478199718706,2.33636063835186,0.16066866759099643,1.4832044165955292,2.33636063835186,0.6674522680741445,49.86499999999995,49.86500000000001
12360,0.015151362097327708,2.3328189998019364,0.15966390366461888,1.4795467839615435,2.3328189998019364,0.6619765809943673,49.81600000000009,49.81600000000003
12420,0.01513815684050633,2.32921992549164,0.15877634749475594,1.4758919409961302,2.32921992549164,0.6571004018705231,50.089,50.089
12480,0.015125183333895922,2.3256367350579987,0.15779625833766134,1.4722520700409762,2.3256367350579987,0.6516156170669256,49.81100000000009,49.811000000000035
12540,0.01511245868466948,2.322007408851936,0.15688315478915782,1.468616824694649,2.322007408851936,0.6467430777937262,50.00299999999993,50.002999999999986
12600,0.0151,2.318345125352255,0.1560991865065145,1.464990815179583,2.318345125352255,0.642080527704446,50.09699999999998,50.09699999999998
12660,0.015087749655026456,2.3146705008805077,0.15526021363446607,1.461373454193034,2.3146705008805077,0.6372071131912281,50.041,50.041
12720,0.015075635081481483,2.311002372666045,0.15428187346344507,1.457767058919965,2.311002372666045,0.6319276099489206,49.85000000000002,49.85000000000002
12780,0.015063650971428571,2.3072738751056847,0.15346874182875764,1.4541647238748467,2.3072738751056847,0.6276789854608821,50.15199999999999,50.15199999999999
12840,0.015051792016931215,2.303532530742512,0.15264179682725978,1.4505713644877078,2.303532530742512,0.6230166339850369,50.108000000000004,50.10799999999995
12900,0.015040052910052911,2.2997711302954196,0.1518891488239581,1.4469885868336325,2.2997711302954196,0.6184890813510948,50.11900000000003,50.11900000000003
12960,0.015028428342857145,2.296033673361363,0.15093888953046317,1.4434185481637716,2.296033673361363,0.6130799944950622,49.815999999999974,49.81600000000003
13020,0.015016913007407408,2.2922792636684175,0.15003479580566761,1.4398600623727897,2.2922792636684175,0.6082217274473737,49.811999999999955,49.811999999999955
13080,0.015005501595767195,2.2884512084022304,0.1493217703302725,1.4363035360845087,2.2884512084022304,0.6046259725245585,50.214000000000055,50.21399999999994
13140,0.0149941888,2.284643384705496,0.14847369160303067,1.4327591677825304,2.284643384705496,0.8371849548228454,49.94900000000007,49.94900000000007
13200,0.014982969312169313,2.280825853463392,0.14757779137701668,1.4292239364268924,2.280825853463392,0.8324807772772377,49.89999999999992,49.89999999999998
13260,0.014971837824338623,2.2769787190117152,0.14681010133523714,1.4256988971957751,2.2769787190117152,0.8278156798732624,49.994000000000085,49.994000000000085
13320,0.01496078902857143,2.273103127612709,0.14602865176665136,1.4221791021846926,2.273103127612709,0.8232005749589474,50.08100000000002,50.08100000000002
13380,0.014949817616931219,2.269190584386345,0.14534135596834383,1.4186656949855765,2.269190584386345,0.8186523228452866,50.22800000000001,50.22800000000001
13440,0.014938918281481483,2.2653107746948904,0.14451175967636087,1.4151665075668813,2.2653107746948904,0.8141190224963857,49.893000000000086,49.89300000000003
13500,0.014928085714285715,2.261369834109751,0.1438247864960317,1.4116710710152014,2.261369834109751,0.8096349717331931,50.21199999999999,50.21199999999999
13560,0.014917314607407407,2.2574792057169173,0.14296844235058687,1.408192593199654,2.2574792057169173,0.8051418143862882,49.761999999999944,49.762
13620,0.014906599652910055,2.253535749355272,0.14217265488643982,1.4047174749634042,2.253535749355272,0.8006739369552884,50.02799999999996,50.02800000000002
13680,0.014895935542857144,2.2495724325469024,0.14143721391563846,1.4012512703519548,2.2495724325469024,0.7962524848741506,50.06700000000001,50.06700000000001
13740,0.01488531696931217,2.2456338432954324,0.14059253063128432,1.3977981063648839,2.2456338432954324,0.7918248151840664,49.803,49.803
13800,0.014874738624338624,2.241679379648824,0.13978081725713248,1.3943549872090035,2.241679379648824,0.7874016157637387,49.81999999999999,49.81999999999999
13860,0.0148641952,2.237691213666308,0.13901163438295433,1.3909178166377678,2.237691213666308,0.7830180913815805,49.95999999999998,49.95999999999998
13920,0.014853681388359788,2.2336495843583433,0.13836524848766937,1.3874841943079739,2.2336495843583433,0.7787228262593524,50.233000000000004,50.233000000000004
13980,0.014843191881481482,2.2296226800326404,0.13765776244359426,1.3840613687224048,2.2296226800326404,0.7744520399955324,50.048,50.048
14040,0.01483272137142857,2.2255580607581074,0.1370212923639143,1.3806439913426585,2.2255580607581074,0.7702308953306357,50.216999999999985,50.216999999999985
14100,0.01482226455026455,2.2214909124720816,0.1363671114494552,1.3772356062427071,2.2214909124720816,0.7660322990695924,50.15199999999999,50.15199999999999
14160,0.014811816110052911,2.217436998959586,0.13566546965876375,1.3738389859727664,2.217436998959586,0.7618145678943118,49.98399999999998,49.98399999999998
14220,0.014801370742857143,2.2133476999609645,0.13502779266439527,1.3704486154325553,2.2133476999609645,0.7576283333693226,50.141999999999996,50.141999999999996
14280,0.01479092314074074,2.209304537173857,0.13423385043864916,1.367072578429511,2.209304537173857,0.7533783511826628,49.759000000000015,49.759000000000015
14340,0.014780467995767198,2.2052434973463955,0.13347311674580575,1.3637060268137762,2.2052434973463955,0.7491130786151871,49.80500000000001,49.80500000000001
14400,0.01477,2.201117216495374,0.1328413668660681,1.3603418478864227,2.201117216495374,0.7449396931009329,50.16500000000002,50.16500000000008
14460,0.014759512468803035,2.1970054670658543,0.13217717977114474,1.356988528313274,2.1970054670658543,0.740779323748103,49.998934426229425,49.99893442622948
14520,0.014749006009783369,2.1928833095810596,0.13151906781249773,1.353643618408953,2.1928833095810596,0.736627268528159,49.998934426229425,49.99893442622948
14580,0.014738486253369272,2.188750978672052,0.13086711967161269,1.3503070510304773,2.188750978672052,0.7324874257482382,49.99893442622948,49.99893442622948
14640,0.014727958829989018,2.1846087096975313,0.13022138860901136,1.3469787749324116,2.1846087096975313,0.7283619245077573,49.998934426229425,49.99893442622948
14700,0.01471742937007088,2.180456738792021,0.12958189933519568,1.343658746252271,2.180456738792021,0.7242522147108397,49.99893442622948,49.99893442622948
14760,0.014706903504043127,2.1762953029119987,0.12894865423321752,1.3403469253401712,2.1762953029119987,0.7201594817109391,49.99893442622948,49.99893442622948
14820,0.014696386862334033,2.172124639880438,0.12832163860170365,1.337043275477548,2.172124639880438,0.716084804565523,49.99893442622948,49.99893442622948
14880,0.014685885075371866,2.1679449884287303,0.12770082464423668,1.3337477624101,2.1679449884287303,0.7120292173068127,49.99893442622948,49.99893442622948
14940,0.014675403773584908,2.1637565882370784,0.12708617468085262,1.3304603541061175,2.1637565882370784,0.7079937326368709,49.99893442622948,49.99893442622948
15000,0.014664948587401416,2.1595596799727126,0.12647764359398483,1.3271810206446397,2.1595596799727126,0.7039793513177925,49.99893442622954,49.99893442622948
15060,0.014654525147249676,2.1553545053260836,0.12587518070809298,1.3239097341537767,2.1553545053260836,0.6999870659379503,49.99893442622948,49.99893442622948
15120,0.014644139083557951,2.151141307044987,0.12527873123230523,1.3206464687724813,2.151141307044987,0.6960178624480705,49.99893442622948,49.99893442622948
15180,0.014633796026754518,2.146920328966635,0.12468823736743914,1.3173912006241422,2.146920328966635,0.6920727207986781,49.99893442622948,49.99893442622948
15240,0.014623501607267646,2.1426918160476442,0.12410363915577292,1.314143907796538,2.1426918160476442,0.6881526152102055,49.99893442622948,49.99893442622948
15300,0.014613261455525607,2.138456014391947,0.12352487513378109,1.310904570325421,2.138456014391947,0.6842585142914457,49.99893442622948,49.99893442622948
15360,0.014603081201956674,2.134213171276606,0.12295188283395568,1.3076731701802276,2.134213171276606,0.6803913810951558,49.998934426229425,49.99893442622948
15420,0.014592966476989119,2.1299635351755546,0.12238459917105261,1.304449691251059,2.1299635351755546,0.676552173147938,49.99893442622954,49.99893442622948
15480,0.014582922911051215,2.125707355781224,0.12182296073979589,1.3012341193364056,2.125707355781224,0.6727418424694839,49.998934426229425,49.99893442622948
15540,0.014572956134571229,2.1214448840241054,0.12126690404471824,1.298026442131268,2.1214448840241054,0.6689613355872812,49.99893442622948,49.99893442622948
15600,0.014563071777977438,2.1171763720902,0.12071636567795575,1.2948266492154563,2.1171763720902,0.6652115935487816,49.99893442622948,49.99893442622948
15660,0.014553275471698114,2.1129020734364135,0.12017128245707667,1.2916347320419057,2.1129020734364135,0.6614935519314379,49.99893442622954,49.99893442622948
15720,0.014543572846161526,2.108622242803844,0.11963159153218042,1.2884506839248941,2.108622242803844,0.6578081408504372,49.99893442622948,49.99893442622948
15780,0.014533969531795947,2.104337136229022,0.11909723046932487,1.2852745000280852,2.104337136229022,0.6540368131417983,49.99893442622948,49.99893442622948
15840,0.01452447115902965,2.1000470110530656,0.11856813731566665,1.2821061773523375,2.1000470110530656,0.6502870615657615,49.998934426229425,49.99893442622948
15900,0.014515083358290905,2.0957521259287817,0.11804425065042701,1.2789457147232215,2.0957521259287817,0.6465741144437654,49.99893442622948,49.99893442622948
15960,0.014505811760007986,2.0914527408257073,0.11752550962486775,1.275793112778223,2.0914527408257073,0.6428989482539584,49.99893442622948,49.99893442622948
16020,0.014496661994609165,2.0871491170330945,0.11701185399364311,1.2726483739535936,2.0871491170330945,0.6392625342704457,49.99893442622948,49.99893442622948
16080,0.014487639692522713,2.082841517160851,0.11650322413942875,1.269511502470834,2.082841517160851,0.6356658385847463,49.99893442622954,49.99893442622948
16140,0.0144787504841769,2.0785302051384327,0.11599956109221707,1.2663825043227803,2.0785302051384327,0.6321098221231775,49.99893442622948,49.99893442622948
16200,0.01447,2.0742154462116895,0.1155008065443983,1.2632613872592922,2.0742154462116895,0.6285954406599861,49.998934426229425,49.99893442622948
16260,0.014461406897833684,2.0698975147133662,0.11500690016806238,1.2601481638826133,2.0698975147133662,0.6251264318177994,49.99893442622954,49.99893442622948
16320,0.014452978855625435,2.0655766875279427,0.11451778222303828,1.2570428491220222,2.0655766875279427,0.6217041558574553,49.99893442622948,49.99893442622948
16380,0.014444705033962266,2.061253233004059,0.1140333973570791,1.2539454557930474,2.061253233004059,0.6183260128418857,49.99893442622948,49.99893442622948
16440,0.014436574593431168,2.056927410901849,0.11355369416115049,1.2508559944196254,2.056927410901849,0.6149894328534408,49.99893442622948,49.99893442622948
16500,0.014428576694619147,2.052599472347155,0.11307862469764535,1.247774473112655,2.052599472347155,0.6116918749469303,49.99893442622948,49.99893442622948
16560,0.014420700498113207,2.0482696597923815,0.11260814404818831,1.244700897482134,2.0482696597923815,0.6084308253399311,49.99893442622948,49.99893442622948
16620,0.01441293516450035,2.0439382069837038,0.11214220990113138,1.2416352705712619,2.0439382069837038,0.6052037956319422,49.99893442622954,49.99893442622948
16680,0.014405269854367575,2.0396053389343796,0.11168078218512317,1.2385775928059788,2.0396053389343796,0.6020083212414786,49.99893442622948,49.99893442622948
16740,0.014397693728301887,2.035271271903866,0.11122382274836609,1.2355278619559769,2.035271271903866,0.5988419600723303,49.998934426229425,49.99893442622948
16800,0.014390195946890285,2.030936213382481,0.11077129508012448,1.2324860731045728,2.030936213382481,0.5957022913755075,49.998934426229425,49.99893442622948
16860,0.014382765670719775,2.0266003620813255,0.1103231640698932,1.2294522186256311,2.0266003620813255,0.5925869147689248,49.99893442622948,49.99893442622948
16920,0.014375392060377357,2.0222639079271896,0.10987939579950746,1.2264262881662358,2.0222639079271896,0.5894934493820474,49.99893442622948,49.99893442622948
16980,0.014368064276450035,2.0179270320621594,0.10943995736374183,1.223408268634108,2.0179270320621594,0.5864195330995731,49.99893442622948,49.99893442622948
17040,0.014360771479524808,2.013589906847643,0.10900481671541308,1.220398144189014,2.013589906847643,0.5833628218839697,49.998934426229425,49.99893442622948
17100,0.014353502830188677,2.0092526958725454,0.10857394253153406,1.2173958962375409,2.0092526958725454,0.5803209891612874,49.99893442622954,49.99893442622948
17160,0.01434624748902865,2.004915553965307,0.10814730409753684,1.2144015034307405,2.004915553965307,0.577291725258005,49.99893442622948,49.99893442622948
17220,0.014338994616631724,2.000578627209534,0.10772487120705196,1.2114149416642295,2.000578627209534,0.5742727368793399,49.99893442622948,49.99893442622948
17280,0.014331733373584907,1.9962420529629445,0.10730661407508252,1.2084361840803934,1.9962420529629445,0.5712617466213262,49.99893442622948,49.99893442622948
17340,0.014324452920475192,1.9919059598793598,0.10689250326278166,1.2054652010723848,1.9919059598793598,0.5682564925105902,49.998934426229425,49.99893442622948
17400,0.014317142417889587,1.987570467933477,0.10648250961228137,1.202501960289668,1.987570467933477,0.565254727566724,49.99893442622948,49.99893442622948
17460,0.014309791026415093,1.9832356884481528,0.10607660419029703,1.199546426644864,1.9832356884481528,0.5622542193832241,49.99893442622948,49.99893442622948
17520,0.014302387906638715,1.9789017241239384,0.10567475823936992,1.196598562321705,1.9789017241239384,0.559252749723606,49.99893442622948,49.99893442622948
17580,0.014294922219147448,1.9745686690706081,0.10527694313583447,1.1936583267838994,1.9745686690706081,0.5562481141298331,49.99893442622954,49.99893442622948
17640,0.014287383124528302,1.9702366088404313,0.10488313035368808,1.1907256767847585,1.9702366088404313,0.553238121540716,49.99893442622948,49.99893442622948
17700,0.014279759783368273,1.9659056204629317,0.10449329143366401,1.1878005663774178,1.9659056204629317,0.5502205939182945,49.998934426229425,49.99893442622948
17760,0.014272041356254367,1.9615757724808933,0.10410739795692182,1.184882946925522,1.9615757724808933,0.5471933658804644,49.99893442622948,49.99893442622948
17820,0.014264217003773585,1.9572471249873673,0.10372542152282488,1.1819727671142441,1.9572471249873673,0.5441542843384148,49.998934426229425,49.99893442622948
17880,0.014256275886512926,1.9529197296634466,0.10334733373034333,1.1790699729615146,1.9529197296634466,0.5411012081376881,49.99893442622948,49.99893442622948
17940,0.014248207165059397,1.948593629816631,0.10297310577395738,1.1761745078268548,1.948593629816631,0.5380320076124645,49.998934426229425,49.99893442622948
18000,0.01424,1.9442688604192457,0.10260270913353813,1.173286312430916,1.9442688604192457,0.5349445645340319,49.998934426229425,49.99893442622948
18060,0.0142316496,1.9399454518164654,0.10223611483118937,1.1704053262223515,1.9399454518164654,0.5318380190161432,49.99893442622948,49.99893442622948
18120,0.0142231648,1.9356234380313442,0.10187329115076176,1.1675314905105085,1.9356234380313442,0.5287143156965282,49.99893442622954,49.99893442622948
18180,0.0142145552,1.931302857260601,0.10151420386013826,1.1646647487893127,1.931302857260601,0.5255755237625068,49.99893442622948,49.99893442622948
18240,0.0142058304,1.926983751904378,0.10115881654844817,1.1618050468495627,1.926983751904378,0.5224236831597404,49.99893442622948,49.99893442622948
18300,0.014197000000000001,1.9226661685945377,0.10080709095030052,1.15895233286147,1.9226661685945377,0.51926080857255,49.99893442622948,49.99893442622948
18360,0.014188073599999998,1.9183501582214737,0.10045898724593878,1.156106557437623,1.9183501582214737,0.5160888922983848,49.99893442622948,49.99893442622948
18420,0.0141790608,1.914035775959407,0.10011446433284803,1.1532676736821739,1.914035775959407,0.5129099064248138,49.99893442622948,49.99893442622948
18480,0.0141699712,1.9097230812901311,0.09977348006805169,1.1504356372298192,1.9097230812901311,0.5097258045409399,49.99893442622954,49.99893442622948
18540,0.014160814400000001,1.905412138025175,0.09943599148232665,1.1476104062769141,1.905412138025175,0.5065326048153711,49.998934426229425,49.99893442622948
18600,0.014151599999999999,1.9011030143263472,0.099101954968519,1.1447919416063563,1.9011030143263472,0.503274818769714,49.99893442622948,49.99893442622948
18660,0.014142337599999997,1.8967957827246238,0.09877132644651168,1.1419802066074085,1.8967957827246238,0.5000172267599687,49.99893442622948,49.99893442622948
18720,0.014133036799999998,1.8924905201373394,0.09844406150743908,1.139175167291324,1.8924905201373394,0.4967617841768619,49.99893442622948,49.99893442622948
18780,0.0141237072,1.8881873078836298,0.09812011553962267,1.1363767923034445,1.8881873078836298,0.4935104322733609,49.99893442622948,49.99893442622948
18840,0.014114358399999999,1.8838862316980964,0.09779944383850361,1.133585052932279,1.8838862316980964,0.4902650988775887,49.99893442622948,49.99893442622948
18900,0.014104999999999998,1.8795873817426307,0.09748200170259708,1.130799923115968,1.8795873817426307,0.4870276990216301,49.99893442622954,49.99893442622948
18960,0.0140956416,1.875290852616354,0.09716774451726132,1.1280213794464518,1.875290852616354,0.4838001355000462,49.99893442622948,49.99893442622948
19020,0.0140862928,1.8709967433636294,0.09685662782785262,1.125249401171606,1.8709967433636294,0.4805842993688707,49.99893442622948,49.99893442622948
19080,0.014076963199999997,1.866705157480078,0.09654860740363493,1.1224839701955474,1.866705157480078,0.4773820703933644,49.99893442622948,49.998934426229425
19140,0.014067662399999998,1.8624162029165494,0.09624363929360802,1.1197250710772786,1.8624162029165494,0.47419531745138327,49.99893442622948,49.99893442622948
19200,0.0140584,1.858129992081004,0.09594167987529659,1.11697269102782,1.858129992081004,0.47102589889754587,49.99893442622954,49.99893442622948
19260,0.0140491856,1.8538466418382198,0.09564268589736712,1.1142268199059226,1.8538466418382198,0.46787566289280597,49.99893442622948,49.99893442622948
19320,0.014040028799999998,1.8495662735072917,0.09534661451683513,1.1114874502124747,1.8495662735072917,0.46474644770298845,49.99893442622948,49.99893442622948
19380,0.0140309392,1.8452890128568398,0.09505342333152438,1.108754577083657,1.8452890128568398,0.4616400819693507,49.99893442622948,49.99893442622948
19440,0.014021926399999999,1.841014990097877,0.09476307040835101,1.1060281982829192,1.841014990097877,0.45855838495375345,49.99893442622948,49.99893442622948
19500,0.014013,1.8367443398742713,0.09447551430790803,1.1033083141918187,1.8367443398742713,0.45550316676070896,49.998934426229425,49.99893442622948
19560,0.0140041696,1.8324772012507244,0.09419071410579692,1.1005949277997609,1.8324772012507244,0.45247622853804365,49.99893442622948,49.998934426229425
19620,0.013995444800000001,1.8282137176982138,0.09390862941107353,1.0978880446926707,1.8282137176982138,0.6474840125476186,49.99893442622948,49.99893442622948
19680,0.0139868352,1.8239540370768275,0.09362922038212472,1.0951876730406127,1.8239540370768275,0.6444157252283853,49.99893442622954,49.99893442622948
19740,0.013978350399999999,1.819698311615922,0.0933524477402648,1.0924938235843802,1.819698311615922,0.6413789030442061,49.99893442622948,49.99893442622948
19800,0.01397,1.8154466978915416,0.09307827278130203,1.0898065096210585,1.8154466978915416,0.6383750597087314,49.99893442622948,49.99893442622948
19860,0.013961730080939474,1.8111993182390713,0.0928066629127532,1.0871257333196678,1.8111993182390713,0.6353946095919891,49.99893442622948,49.99893442622948
19920,0.013953481753206867,1.8069562578659548,0.09253759174911273,1.0844514841408408,1.8069562578659548,0.6324271490204018,49.99893442622954,49.99893442622948
19980,0.013945257160975609,1.8027176020251063,0.09227103344503572,1.0817837515429698,1.8027176020251063,0.6294729688277807,49.998934426229425,49.99893442622948
20040,0.01393705844841915,1.7984834360240054,0.092006962406766,1.0791225251879408,1.7984834360240054,0.6265323694510051,49.99893442622948,49.99893442622948
20100,0.01392888775971093,1.7942538452333352,0.09174535312991576,1.0764677950610029,1.7942538452333352,0.623605656065931,49.99893442622948,49.99893442622948
20160,0.01392074723902439,1.790028915095156,0.09148618011693452,1.0738195515461606,1.790028915095156,0.6206931355492243,49.99893442622948,49.99893442622948
20220,0.013912639030532973,1.7858087311306126,0.09122941784396323,1.0711777854764242,1.7858087311306126,0.6177951147063888,49.99893442622948,49.99893442622948
20280,0.013904565278410117,1.781593378947167,0.09097504075752967,1.068542488168692,1.781593378947167,0.614911899282871,49.99893442622948,49.99893442622948
20340,0.01389652812682927,1.7773829442453548,0.09072302328852622,1.0659136514486378,1.7773829442453548,0.6120437934352748,49.99893442622948,49.99893442622948
20400,0.013888529719963866,1.773177512825053,0.09047333987548617,1.0632912676687525,1.773177512825053,0.6091910994656702,49.99893442622954,49.99893442622948
20460,0.013880572201987355,1.7689771705912676,0.09022596499214217,1.0606753297214977,1.7689771705912676,0.6063541177036605,49.99893442622948,49.99893442622948
20520,0.013872657717073173,1.764782003559422,0.08998087317616893,1.0580658310488615,1.764782003559422,0.6035331464700078,49.99893442622948,49.99893442622948
20580,0.01386478840939476,1.760592097860152,0.08973803905725435,1.0554627656491826,1.760592097860152,0.6007284820841593,49.99893442622948,49.99893442622948
20640,0.013856966423125564,1.756407539743598,0.08949743738344951,1.0528661280818643,1.756407539743598,0.5979404188942328,49.99893442622954,49.99893442622948
20700,0.013849193902439024,1.752228415583202,0.08925904304525899,1.0502759134704112,1.752228415583202,0.5951692493174208,49.99893442622954,49.99893442622948
20760,0.013841472991508582,1.7480548118789905,0.08902283109724263,1.0476921175041267,1.7480548118789905,0.5924152638840386,49.99893442622948,49.99893442622948
20820,0.01383380583450768,1.7438868152603586,0.08878877677711494,1.0451147364387052,1.7438868152603586,0.589678751281431,49.99893442622948,49.99893442622948
20880,0.013826194575609754,1.739724512488349,0.08855685552242036,1.0425437670959192,1.739724512488349,0.5869599983957754,49.99893442622948,49.99893442622948
20940,0.013818641358988257,1.7355679904574195,0.08832704298495316,1.039979206862544,1.7355679904574195,0.5842592903507635,49.99893442622954,49.99893442622948
21000,0.01381114832881662,1.7314173361967162,0.08809931504310857,1.0374210536886332,1.7314173361967162,0.5815769105426997,49.99893442622954,49.99893442622948
21060,0.013803717629268292,1.7272726368708384,0.08787364781235601,1.0348693060852447,1.7272726368708384,0.5789131406719525,49.99893442622948,49.99893442622948
21120,0.013796351404516712,1.7231339797801148,0.08765001765403896,1.032323963121683,1.7231339797801148,0.5762682607708043,49.998934426229425,49.99893442622948
21180,0.013789051798735321,1.7190014523603747,0.08742840118267833,1.0297850244223266,1.7190014523603747,0.5736425492278762,49.99893442622948,49.99893442622948
21240,0.013781820956097562,1.7148751421822435,0.08720877527196615,1.0272524901630895,1.7148751421822435,0.5710362828093494,49.99893442622948,49.99893442622948
21300,0.013774661020776876,1.7107551369499485,0.08699111705958697,1.0247263610675499,1.7107551369499485,0.5684497366771974,49.998934426229425,49.99893442622948
21360,0.013767574136946703,1.706641524499651,0.08677540395102712,1.0222066384027921,1.706641524499651,0.5658831844046822,49.99893442622948,49.99893442622948
21420,0.013760562448780489,1.702534392797309,0.08656161362248879,1.0196933239749812,1.702534392797309,0.5633368979893085,49.998934426229425,49.99893442622948
21480,0.013753628100451672,1.6984338299360786,0.08634972402301606,1.0171864201247032,1.6984338299360786,0.5608111478634616,49.99893442622948,49.99893442622948
21540,0.013746773236133695,1.6943399241332582,0.0861397133759436,1.0146859297220814,1.6943399241332582,0.558306202902924,49.99893442622948,49.99893442622948
21600,0.01374,1.6902527637267915,0.08593156017974257,1.0121918561616965,1.6902527637267915,0.5558223304334126,49.998934426229425,49.99893442622948
21660,0.013733321485387825,1.6861724436603063,0.08572524260293304,1.0097042055920253,1.6861724436603063,0.553361645099356,49.99893442622954,49.99893442622948
21720,0.013726745383432213,1.6820990622318255,0.08552073879357451,1.007222985890194,1.6820990622318255,0.550925335907079,49.99893442622948,49.99893442622948
21780,0.013720265735003297,1.6780327129926311,0.0853180276420892,1.0047482038939661,1.6780327129926311,0.5485122836079632,49.99893442622948,49.99893442622948
21840,0.013713876580971215,1.673973484777763,0.08511708879643529,1.0022798653055554,1.673973484777763,0.5461213768468551,49.99893442622948,49.99893442622948
21900,0.01370757196220611,1.6699214617377538,0.08491790264826343,0.9998179746272802,1.6699214617377538,0.5437515131559999,49.998934426229425,49.99893442622948
21960,0.013701345919578115,1.6658767233715528,0.08472045030146398,0.9973625351158445,1.6658767233715528,0.5414015992137511,49.99893442622948,49.99893442622948
22020,0.013695192493957372,1.661839344560527,0.08452471353076822,0.9949135487485807,1.661839344560527,0.5390705507832625,49.99893442622954,49.99893442622948
22080,0.01368910572621402,1.6578093956034823,0.08433067473548934,0.9924710161979629,1.6578093956034823,0.5367572925169705,49.99893442622948,49.99893442622948
22140,0.013683079657218197,1.6537869422526286,0.08413831689173254,0.990034936812171,1.6537869422526286,0.5344607577110577,49.99893442622948,49.99893442622948
22200,0.013677108327840035,1.6497720457504206,0.08394762350518344,0.9876053086002871,1.6497720457504206,0.5321798880481116,49.998934426229425,49.99893442622948
22260,0.01367118577894968,1.6457647628671777,0.08375857856577656,0.9851821282211466,1.6457647628671777,0.529913633344911,49.99893442622948,49.99893442622948
22320,0.013665306051417274,1.6417651459394438,0.08357116650500174,0.9827653909751459,1.6417651459394438,0.5276609513121598,49.99893442622954,49.99893442622948
22380,0.013659463186112943,1.6377732429090002,0.08338537215622549,0.9803550907984935,1.6377732429090002,0.5254208073282751,49.99893442622948,49.99893442622948
22440,0.013653651223906837,1.633789097362447,0.08320118071817689,0.9779512202595123,1.633789097362447,0.5231921742272043,49.99893442622948,49.99893442622948
22500,0.013647864205669085,1.6298127485713236,0.08301857772158965,0.9755537705566754,1.6298127485713236,0.5209740320991685,49.99893442622954,49.99893442622948
22560,0.013642096172269831,1.6258442315326578,0.08283754899888263,0.9731627315181328,1.6258442315326578,0.5187653681029961,49.99893442622954,49.99893442622948
22620,0.013636341164579213,1.6218835770099065,0.08265808065672282,0.9707780916025252,1.6218835770099065,0.5165651762886139,49.99893442622948,49.99893442622948
22680,0.01363059322346737,1.617930811574217,0.08248015905127136,0.968399837900905,1.617930811574217,0.5143724574282238,49.998934426229425,49.99893442622948
22740,0.01362484638980444,1.6139859576459268,0.08230377076590517,0.9660279561396395,1.6139859576459268,0.5121862188550421,49.99893442622948,49.99893442622948
22800,0.01361909470446056,1.6100490335362754,0.08212890259120845,0.9636624306841519,1.6100490335362754,0.510005474308326,49.99893442622954,49.99893442622948
22860,0.013613332208305866,1.606120053489224,0.08195554150702548,0.9613032445434125,1.606120053489224,0.5078292437838026,49.99893442622948,49.99893442622948
22920,0.013607552942210504,1.6021990277233689,0.08178367466638359,0.9589503793750743,1.6021990277233689,0.5056565533885731,49.99893442622954,49.99893442622948
22980,0.013601750947044605,1.5982859624738475,0.08161328938111362,0.9566038154911765,1.5982859624738475,0.5034864351997815,49.99893442622948,49.99893442622948
23040,0.013595920263678313,1.59438086003421,0.08144437310899001,0.9542635318643423,1.59438086003421,0.5013179271263251,49.998934426229425,49.99893442622948
23100,0.013590054932981762,1.590483718798186,0.08127691344225003,0.9519295061344021,1.590483718798186,0.49915007277308476,49.998934426229425,49.99893442622948
23160,0.013584148995825093,1.5865945333013034,0.08111089809734873,0.9496017146153874,1.5865945333013034,0.49698192130714025,49.99893442622948,49.99893442622948
23220,0.013578196493078445,1.5827132942622903,0.08094631490582585,0.9472801323028345,1.5827132942622903,0.4948125273255125,49.99893442622948,49.99893442622948
23280,0.013572191465611954,1.5788399886242284,0.08078315180616939,0.9449647328813574,1.5788399886242284,0.4926409507241018,49.998934426229425,49.99893442622948
23340,0.01356612795429576,1.574974599595393,0.08062139683658487,0.9426554887324325,1.574974599595393,0.4904662565674166,49.998934426229425,49.99893442622948
23400,0.013560000000000001,1.5711171066897376,0.08046103812856475,0.9403523709423659,1.5711171066897376,0.48828751495881423,49.99893442622948,49.99893442622948
23460,0.013553809124553123,1.567267490003952,0.0803020636410548,0.9380553507468254,1.567267490003952,0.48610501921096305,49.99893442622954,49.99893442622948
23520,0.013547563995995996,1.563425734258599,0.0801444609071235,0.9357644009610233,1.563425734258599,0.483920220294857,49.998934426229425,49.99893442622948
23580,0.013541269374517375,1.5595918265542452,0.07998821716646529,0.9334794953253849,1.5595918265542452,0.4817339201232211,49.99893442622954,49.99893442622948
23640,0.013534930020306021,1.5557657563544909,0.07983331938816031,0.9312006085432082,1.5557657563544909,0.4795469117710214,49.99893442622948,49.99893442622948
23700,0.013528550693550695,1.5519475154689455,0.07967975429951998,0.9289277163102384,1.5519475154689455,0.47735998013929404,49.99893442622948,49.99893442622948
23760,0.013522136154440157,1.5481370980361513,0.07952750841805388,0.9266607953380847,1.5481370980361513,0.47517390251430247,49.998934426229425,49.99893442622948
23820,0.013515691163163165,1.5443345005064155,0.07937656808453161,0.9243998233728604,1.5443345005064155,0.47298944904626605,49.99893442622954,49.99893442622948
23880,0.01350922047990848,1.540539721624568,0.07922691949578979,0.9221447792100282,1.540539721624568,0.470807383162978,49.998934426229425,49.99893442622948
23940,0.013502728864864868,1.5367527624126074,0.07907854873640188,0.9198956427061871,1.5367527624126074,0.46861119516116484,49.99893442622948,49.99893442622948
24000,0.013496221078221076,1.5329736261522329,0.07893144180866438,0.9176523947883304,1.5329736261522329,0.4663306657886102,49.99893442622954,49.99893442622948
24060,0.013489701880165881,1.5292023183672454,0.0787855846605915,0.915415017461002,1.5292023183672454,0.46405427172201985,49.99893442622948,49.99893442622948
24120,0.013483176030888031,1.5254388468058058,0.07864096321176997,0.91318349381166,1.5254388468058058,0.46178282665562065,49.99893442622948,49.99893442622948
24180,0.01347664829057629,1.5216832214225318,0.07849756337703097,0.9109578080145124,1.5216832214225318,0.45951713914431996,49.99893442622948,49.99893442622948
24240,0.01347012341941942,1.5179354543604222,0.07835537108798048,0.9087379453330207,1.5179354543604222,0.45725801282008033,49.99893442622948,49.99893442622948
24300,0.013463606177606178,1.5141955599326014,0.07821437231246602,0.9065238921212413,1.5141955599326014,0.45500624658563454,49.99893442622948,49.99893442622948
24360,0.013457101325325325,1.5104635546038518,0.07807455307209354,0.9043156358241354,1.5104635546038518,0.45276263478854956,49.99893442622948,49.99893442622948
24420,0.013450613622765622,1.5067394569719352,0.07793589945792463,0.9021131649769681,1.5067394569719352,0.4505279673781406,49.998934426229425,49.99893442622948
24480,0.01344414783011583,1.5030232877486875,0.07779839764448332,0.899916469203877,1.5030232877486875,0.4483030300471793,49.99893442622948,49.99893442622948
24540,0.013437708707564708,1.4993150697408597,0.0776620339022117,0.8977255392157013,1.4993150697408597,0.4460886043602282,49.99893442622948,49.99893442622948
24600,0.013431301015301015,1.4956148278307,0.07752679460851068,0.8955403668071301,1.4956148278307,0.44388546786995114,49.99893442622948,49.99893442622948
24660,0.013424929513513513,1.491922588956263,0.07739266625748041,0.8933609448532293,1.491922588956263,0.4416943942226412,49.99893442622948,49.99893442622948
24720,0.013418598962390964,1.4882383820914171,0.07725963546849425,0.8911872673053949,1.4882383820914171,0.4395161532540776,49.99893442622954,49.99893442622948
24780,0.013412314122122123,1.4845622382255526,0.07712768899370441,0.8890193291867693,1.4845622382255526,0.43735151107649817,49.99893442622954,49.99893442622948
24840,0.013406079752895754,1.4808941903429538,0.07699681372459123,0.8868571265871641,1.4808941903429538,0.4352012301575825,49.99893442622954,49.99893442622948
24900,0.013399900614900614,1.477234273401842,0.0768669966976427,0.8847006566575129,1.477234273401842,0.4330660693920056,49.99893442622954,49.99893442622948
24960,0.013393781468325467,1.473582524313048,0.07673822509925635,0.8825499176038795,1.473582524313048,0.430946784166249,49.998934426229425,49.99893442622948
25020,0.013387727073359073,1.4699389819183206,0.07661048626993602,0.8804049086810505,1.4699389819183206,0.4288441264171291,49.998934426229425,49.99893442622948
25080,0.01338174219019019,1.4663036869682313,0.07648376770785602,0.8782656301857256,1.4663036869682313,0.42675884468448944,49.99893442622954,49.99893442622948
25140,0.01337583157900758,1.4626766820996902,0.07635805707185901,0.8761320834493227,1.4626766820996902,0.4246916841585389,49.99893442622954,49.99893442622948
25200,0.01337,1.459058011813019,0.07623334218394076,0.8740042708304175,1.459058011813019,0.4226433867220881,49.99893442622954,49.99893442622948
25260,0.013364199833943834,1.4554476942382404,0.07610961219611581,0.8718821862283367,1.4554476942382404,0.42060557315224945,49.99893442622948,49.99893442622948
25320,0.013358383726495728,1.4518457215578846,0.07598685764610909,0.869765814771267,1.4518457215578846,0.41856998393307043,49.998934426229425,49.99893442622948
25380,0.013352556835164835,1.4482520884621568,0.07586506931939169,0.867655142043464,1.4482520884621568,0.41653755123265646,49.99893442622948,49.99893442622948
25440,0.013346724317460317,1.4446667921255556,0.07574423813895334,0.8655501542744366,1.4446667921255556,0.4145091915449378,49.99893442622948,49.99893442622948
25500,0.01334089133089133,1.4410898321834185,0.07562435508984487,0.863450838455313,1.4410898321834185,0.41248580746231606,49.99893442622948,49.99893442622948
25560,0.013335063032967033,1.4375212107083704,0.07550541116942672,0.8613571824156453,1.4375212107083704,0.41046828960564263,49.99893442622948,49.99893442622948
25620,0.01332924458119658,1.4339609321866449,0.07538739735647046,0.8592691748767916,1.4339609321866449,0.4084575182583494,49.99893442622954,49.99893442622948
25680,0.013323441133089132,1.4304090034942554,0.07527030459394658,0.8571868054903464,1.4304090034942554,0.4064543646605913,49.99893442622948,49.99893442622948
25740,0.013317657846153847,1.4268654338729825,0.07515412378162822,0.8551100648664135,1.4268654338729825,0.4044596920196983,49.99893442622948,49.99893442622948
25800,0.013311899877899876,1.4233302349061634,0.07503884577561376,0.8530389445946299,1.4233302349061634,0.40247435630326767,49.99893442622948,49.99893442622948
25860,0.013306172385836385,1.419803420494249,0.07492446139261644,0.8509734372597998,1.419803420494249,0.40049920686940843,49.99893442622948,49.99893442622948
25920,0.01330048052747253,1.4162850068301116,0.07481096141742756,0.848913536453397,1.4162850068301116,0.39853508697476325,49.99893442622948,49.99893442622948
25980,0.013294829460317459,1.4127750123740743,0.07469833661236681,0.8468592367818051,1.4127750123740743,0.3965828341898099,49.99893442622954,49.99893442622948
26040,0.01328922434188034,1.4092734578286406,0.07458657772787575,0.8448105338719288,1.4092734578286406,0.39464328074257893,49.99893442622948,49.99893442622948
26100,0.01328367032967033,1.4057803661129114,0.07447567551362287,0.8427674243746441,1.4057803661129114,0.39271725380637706,49.99893442622948,49.99893442622948
26160,0.013278172581196582,1.4022957623366545,0.07436562072968153,0.840729905966432,1.4022957623366545,0.3908055757428805,49.99893442622948,49.99893442622948
26220,0.013272736253968253,1.398819673774018,0.07425640415746883,0.8386979773494819,1.398819673774018,0.3889090643091406,49.998934426229425,49.99893442622948
26280,0.013267366505494503,1.3953521298368674,0.07414801661024273,0.8366716382504599,1.3953521298368674,0.38702853283498917,49.99893442622954,49.99893442622948
26340,0.013262068493284493,1.3918931620477217,0.07404044894300879,0.8346508894181266,1.3918931620477217,0.3851647903759379,49.99893442622948,49.99893442622948
26400,0.013256847374847374,1.388442804012279,0.07393369206177233,0.8326357326199301,1.388442804012279,0.3833186418453018,49.99893442622948,49.99893442622948
26460,0.013251708307692308,1.385001091391516,0.0738277369320768,0.8306261706376883,1.385001091391516,0.3814908881288387,49.998934426229425,49.99893442622948
26520,0.013246656449328448,1.381568061873337,0.07372257458682788,0.8286222072624498,1.381568061873337,0.379682326184238,49.998934426229425,49.99893442622948
26580,0.013241696957264957,1.378143755143773,0.0736181961334017,0.8266238472886086,1.378143755143773,0.37789374912752277,49.99893442622948,49.99893442622948
26640,0.013236834989010989,1.3747282128577019,0.07351459276006424,0.8246310965073315,1.3747282128577019,0.37612594630798185,49.998934426229425,49.99893442622948
26700,0.013232075702075703,1.3713214786090853,0.07341175574172598,0.8226439616993555,1.3713214786090853,0.3743797033729901,49.99893442622948,49.99893442622948
26760,0.013227424253968254,1.367923597900714,0.07330967644507358,0.8206624506271928,1.367923597900714,0.3726558023237989,49.998934426229425,49.99893442622948
26820,0.013222885802197801,1.3645346181134412,0.07320834633311217,0.8186865720267836,1.3645346181134412,0.3709550215633298,49.99893442622948,49.99893442622948
26880,0.013218465504273505,1.3611545884748975,0.07310775696916334,0.8167163355986261,1.3611545884748975,0.36927813593663195,49.99893442622948,49.99893442622948
26940,0.013214168517704518,1.3577835600276809,0.07300790002035372,0.8147517519984117,1.3577835600276809,0.367625916764819,49.99893442622948,49.99893442622948
27000,0.01321,1.3544215855970083,0.07290876726064131,0.8127928328271873,1.3544215855970083,0.36599913187293387,49.99893442622948,49.99893442622948
27060,0.013205957627557625,1.3510687159716648,0.07281035067997986,0.8108395893523187,1.3510687159716648,0.36439727831893354,49.99893442622948,49.99893442622948
27120,0.013202030872830872,1.3477249957782313,0.07271264261107306,0.8088920310624403,1.3477249957782313,0.3628184741946786,49.99893442622948,49.99893442622948
27180,0.013198212587412588,1.3443904652539456,0.07261563569745647,0.8069501661465707,1.3443904652539456,0.3612614307174366,49.998934426229425,49.99893442622948
27240,0.013194495622895621,1.3410651602962527,0.07251932289131378,0.8050140014522331,1.3410651602962527,0.3597248717931104,49.99893442622948,49.99893442622948
27300,0.01319087283087283,1.3377491125130423,0.07242369744520993,0.8030835424541457,1.3377491125130423,0.3582075326917239,49.99893442622948,49.99893442622948
27360,0.013187337062937062,1.3344423492734903,0.07232875289964905,0.8011587932306937,1.3344423492734903,0.356708159045769,49.99893442622948,49.99893442622948
27420,0.013183881170681169,1.331144893759413,0.07223448306789548,0.7992397564463557,1.331144893759413,0.3552255060664227,49.99893442622948,49.99893442622948
27480,0.013180498005698002,1.3278567650170678,0.07214088201914137,0.7973264333388208,1.3278567650170678,0.3537583379121577,49.998934426229425,49.99893442622948
27540,0.013177180419580421,1.3245779780093063,0.07204794406083208,0.7954188237098965,1.3245779780093063,0.3523054271672259,49.99893442622948,49.99893442622948
27600,0.013173921263921263,1.3213085436680059,0.07195566372074232,0.793516925919534,1.3213085436680059,0.35086555440159306,49.998934426229425,49.99893442622948
27660,0.01317071339031339,1.3180484689467122,0.0718640357292323,0.7916207368824626,1.3180484689467122,0.3494375077925297,49.99893442622948,49.99893442622948
27720,0.01316754965034965,1.3147977568734008,0.07177305500199228,0.7897302520670301,1.3147977568734008,0.34802008279376856,49.99893442622948,49.99893442622948
27780,0.013164422895622896,1.311556406603307,0.0716827166234838,0.7878454654959266,1.311556406603307,0.34661208184200076,49.99893442622948,49.99893442622948
27840,0.013161325977725976,1.308324413471733,0.07159301583121537,0.7859663697485342,1.308324413471733,0.34521231409297765,49.99893442622948,49.99893442622948
27900,0.013158251748251748,1.3051017690467783,0.07150394800093526,0.7840929559646772,1.3051017690467783,0.34381959518143346,49.99893442622948,49.99893442622948
27960,0.01315519305879306,1.301888461181921,0.07141550863278734,0.7822252138495952,1.301888461181921,0.34243274700020915,49.99893442622948,49.99893442622948
28020,0.01315214276094276,1.2986844740683856,0.07132769333843503,0.7803631316799786,1.2986844740683856,0.34105059749517547,49.99893442622948,49.99893442622948
28080,0.013149093706293706,1.2954897882872365,0.07124049782914899,0.7785066963109315,1.2954897882872365,0.3396619814442857,49.998934426229425,49.99893442622948
28140,0.013146038746438746,1.2923043808611339,0.07115391790483495,0.7766558931837421,1.2923043808611339,0.3382539944994933,49.99893442622954,49.99893442622948
28200,0.013142970732970731,1.2891282253056984,0.07106794944395949,0.7748107063343566,1.2891282253056984,0.3368469200545221,49.99893442622954,49.99893442622948
28260,0.013139882517482517,1.2859612916804222,0.07098258839433769,0.7729711184024645,1.2859612916804222,0.335439533882584,49.99893442622948,49.99893442622948
28320,0.013136766951566953,1.2828035466390777,0.0708978307647291,0.7711371106411087,1.2828035466390777,0.33403061627920627,49.99893442622948,49.99893442622948
28380,0.013133616886816886,1.2796549534795678,0.07081367261720127,0.7693086629267477,1.2796549534795678,0.3326189519145182,49.998934426229425,49.99893442622948
28440,0.013130425174825175,1.276515472193168,0.07073011006019914,0.7674857537696974,1.276515472193168,0.33120332969134264,49.99893442622948,49.99893442622948
28500,0.013127184667184669,1.2733850595131082,0.07064713924228441,0.7656683603248958,1.2733850595131082,0.3297825426077845,49.99893442622948,49.99893442622948
28560,0.013123888215488216,1.270263668962459,0.07056475634648467,0.7638564584029262,1.270263668962459,0.3283553876240163,49.99893442622954,49.99893442622948
28620,0.01312052867132867,1.2671512509012601,0.07048295758521514,0.7620500224812506,1.2671512509012601,0.32692066553226434,49.99893442622948,49.99893442622948
28680,0.013117098886298887,1.264047752572857,0.07040173919572143,0.7602490257155998,1.264047752572857,0.32547718082972854,49.99893442622948,49.99893442622948
28740,0.013113591711991711,1.2609531181494098,0.07032109743600735,0.758453439951479,1.2609531181494098,0.32402374159376923,49.99893442622948,49.99893442622948
28800,0.01311,1.2578672887765179,0.0702410285812057,0.7566632357357409,1.2578672887765179,0.3225591593590734,49.99893442622948,49.99893442622948
28860,0.01310631402020202,1.254790201408783,0.0701615289437229,0.7548783819223742,1.254790201408783,0.3210817972108231,49.99893442622954,49.99893442622948
28920,0.01310253397979798,1.2517217935074487,0.07008259478486166,0.7530988472272414,1.2517217935074487,0.3195917632746002,49.99893442622954,49.99893442622948
28980,0.013098667636363635,1.2486620065512202,0.07000422223536805,0.7513246014688116,1.2486620065512202,0.31809047497521303,49.99893442622954,49.99893442622948
29040,0.013094722747474747,1.2456107859845587,0.0699264072787106,0.7495556156547484,1.2456107859845587,0.31657933010642214,49.99893442622954,49.99893442622948
29100,0.01309070707070707,1.2425680811669606,0.0698491457433092,0.7477918620427032,1.2425680811669606,0.31505971080739503,49.99893442622948,49.99893442622948
29160,0.013086628363636364,1.2395338453231348,0.06977243330146939,0.7460333141848319,1.2395338453231348,0.31353298611068914,49.99893442622948,49.99893442622948
29220,0.013082494383838386,1.236508035494015,0.0696962654732568,0.7442799469612548,1.236508035494015,0.31200051370757736,49.99893442622948,49.99893442622948
29280,0.013078312888888888,1.2334906124885467,0.06962063763392853,0.7425317366055629,1.2334906124885467,0.3104636412484829,49.99893442622948,49.99893442622948
29340,0.013074091636363638,1.2304815408361622,0.06954554502383686,0.7407886607243338,1.2304815408361622,0.3089237073469595,49.99893442622954,49.99893442622948
29400,0.013069838383838385,1.227480788739892,0.06947098275997453,0.7390506983119763,1.227480788739892,0.30738204238263533,49.998934426229425,49.99893442622948
29460,0.01306556088888889,1.2244883280300376,0.06939694584850886,0.7373178297618365,1.2244883280300376,0.30583996916126316,49.99893442622948,49.99893442622948
29520,0.013061266909090909,1.221504134118354,0.06932342919782059,0.7355900368742352,1.221504134118354,0.30429880346875154,49.99893442622948,49.998934426229425
29580,0.013056964202020202,1.2185281859526642,0.06925042763167331,0.7338673028619511,1.2185281859526642,0.3027598545442652,49.99893442622948,49.998934426229425
29640,0.013052660525252526,1.2155604659718608,0.06917793590224058,0.7321496123535307,1.2155604659718608,0.3012244254896451,49.99893442622948,49.99893442622948
29700,0.013048363636363637,1.2126009600612226,0.06910594870278963,0.7304369513947354,1.2126009600612226,0.299693813627701,49.99893442622948,49.99893442622948
29760,0.013044081292929293,1.2096496575079898,0.06903446067988202,0.7287293074483618,1.2096496575079898,0.29816931081856113,49.99893442622948,49.998934426229425
29820,0.013039821252525254,1.2067065509571493,0.06896346644499186,0.7270266693926342,1.2067065509571493,0.2966522037411753,49.99893442622954,49.998934426229425
29880,0.013035591272727272,1.2037716363673607,0.06889296058548651,0.7253290275183216,1.2037716363673607,0.2951437741451966,49.99893442622954,49.99893442622948
29940,0.01303139911111111,1.2008449129669758,0.06882293767492913,0.7236363735247114,1.2008449129669758,0.2936452990777261,49.99893442622948,49.998934426229425
30000,0.013027252525252525,1.1979263832100948,0.06875339228269481,0.7219487005145453,1.1979263832100948,0.2921580510880425,49.998934426229425,49.99893442622948
30060,0.013023159272727274,1.1950160527326088,0.0686843189828983,0.7202660029880039,1.1950160527326088,0.2906832984132752,49.99893442622948,49.99893442622948
30120,0.013019127111111112,1.1921139303081674,0.06861571236264909,0.7185882768358144,1.1921139303081674,0.28922230514709196,49.99893442622948,49.998934426229425
30180,0.013015163797979797,1.1892200278040366,0.06854756702965253,0.7169155193315427,1.1892200278040366,0.2877763313933811,49.99893442622948,49.99893442622948
30240,0.013011277090909091,1.1863343601367757,0.06847987761918525,0.71524772912312,1.1863343601367757,0.286346633406366,49.99893442622948,49.998934426229425
30300,0.013007474747474747,1.183456945227705,0.06841263880047442,0.713584906223647,1.183456945227705,0.284934463718534,49.99893442622948,49.99893442622948
30360,0.013003764525252526,1.1805878039581008,0.06834584528251345,0.7119270520015132,1.1805878039581008,0.28354107125747835,49.99893442622948,49.99893442622948
30420,0.013000154181818182,1.1777269601240783,0.06827949181934581,0.7102741691698551,1.1777269601240783,0.2821677014525753,49.99893442622948,49.998934426229425
30480,0.012996651474747474,1.1748744403911189,0.06821357321485537,0.7086262617753896,1.1748744403911189,0.43415676842667444,49.99893442622948,49.99893442622948
30540,0.012993264161616162,1.1720302742481907,0.06814808432709053,0.706983335186629,1.1720302742481907,0.4327995283231174,49.998934426229425,49.99893442622948
30600,0.01299,1.169194493961424,0.06808302007215833,0.7053453960815084,1.169194493961424,0.4314608793661161,49.99893442622948,49.99893442622948
30660,0.012986844510288064,1.166367124878207,0.06801837555917449,0.7037124491839031,1.166367124878207,0.4301390453012768,49.99893442622954,49.99893442622948
30720,0.012983774353909466,1.163548181685974,0.06795414616820285,0.7020844958367726,1.163548181685974,0.42883122961704306,49.99893442622948,49.99893442622948
30780,0.012980784000000002,1.1607376762455428,0.06789032747253404,0.7004615364518015,1.1607376762455428,0.4275367222708889,49.99893442622948,49.99893442622948
30840,0.012977867917695472,1.1579356176285813,0.06782691523210903,0.6988435705110195,1.1579356176285813,0.4262548196373029,49.99893442622948,49.99893442622948
30900,0.012975020576131688,1.1551420121552562,0.06776390538548666,0.697230596562667,1.1551420121552562,0.42498482425850886,49.99893442622954,49.99893442622948
30960,0.012972236444444446,1.1523568634319825,0.06770129404084574,0.6956226122156175,1.1523568634319825,0.42372604460135815,49.99893442622948,49.99893442622948
31020,0.012969509991769549,1.149580172389258,0.06763907746640362,0.6940196141341158,1.149580172389258,0.4224777948507975,49.99893442622948,49.99893442622948
31080,0.012966835687242797,1.1468119373195185,0.06757725208054195,0.6924215980335102,1.1468119373195185,0.4212393947381167,49.99893442622954,49.99893442622948
31140,0.012964208,1.1440521539149824,0.06751581444186867,0.6908285586772054,1.1440521539149824,0.42001016939525193,49.99893442622954,49.99893442622948
31200,0.012961621399176953,1.1413008153054363,0.06745476123938317,0.6892404898748582,1.1413008153054363,0.41878944922721373,49.998934426229425,49.99893442622948
31260,0.012959070353909464,1.1385579120959268,0.06739408928287555,0.6876573844817604,1.1385579120959268,0.4175765697967164,49.99893442622954,49.99893442622948
31320,0.012956549333333333,1.1358234324043166,0.06733379549364965,0.6860792343993162,1.1358234324043166,0.4163708717170802,49.99893442622954,49.99893442622948
31380,0.012954052806584362,1.1330973618986653,0.06727387689563515,0.6845060305765167,1.1330973618986653,0.4151717005508105,49.99893442622948,49.99893442622948
31440,0.012951575242798356,1.1303796838344053,0.06721433060693377,0.6829377630123104,1.1303796838344053,0.41397840671214503,49.99893442622948,49.99893442622948
31500,0.012949111111111111,1.1276703790912725,0.067155153831822,0.6813744207587784,1.1276703790912725,0.4127903453724806,49.99893442622948,49.99893442622948
31560,0.012946654880658435,1.1249694262099599,0.06709634385322828,0.679815991925028,1.1249694262099599,0.4116068763678967,49.99893442622948,49.99893442622948
31620,0.012944201020576132,1.1222768014284628,0.06703789802568413,0.678262463681725,1.1222768014284628,0.4104273641082326,49.99893442622948,49.99893442622948
31680,0.012941744000000002,1.119592478718086,0.06697981376874443,0.6767138222661938,1.119592478718086,0.4092511774872737,49.99893442622948,49.99893442622948
31740,0.012939278288065842,1.1169164298190832,0.0669220885608687,0.6751700529880191,1.1169164298190832,0.4080776897937905,49.99893442622954,49.99893442622948
31800,0.012936798353909465,1.1142486242759002,0.06686471993374658,0.6736311402350932,1.1142486242759002,0.4069062786230613,49.99893442622954,49.99893442622948
31860,0.012934298666666667,1.1115890294719966,0.0668077054670486,0.672097067480051,1.1115890294719966,0.4057363257887736,49.99893442622948,49.99893442622948
31920,0.01293177369547325,1.1089376106642184,0.06675104278358718,0.6705678172870445,1.1089376106642184,0.40456721723498834,49.99893442622948,49.99893442622948
31980,0.01292921790946502,1.1062943310167084,0.06669472954486029,0.6690433713188134,1.1062943310167084,0.4033983429480694,49.99893442622954,49.99893442622948
32040,0.012926625777777777,1.1036591516343084,0.06663876344696086,0.6675237103440101,1.1036591516343084,0.4022166904983385,49.99893442622948,49.99893442622948
32100,0.012923991769547324,1.1010320315954625,0.06658314221683012,0.6660088142447381,1.1010320315954625,0.40100661312447344,49.99893442622948,49.99893442622948
32160,0.012921310353909466,1.0984129279845787,0.06652786360882987,0.6644986620242719,1.0984129279845787,0.3997941653856839,49.99893442622948,49.99893442622948
32220,0.012918576,1.0958017959238326,0.06647292540161587,0.6629932318149242,1.0958017959238326,0.39857866696170524,49.99893442622948,49.99893442622948
32280,0.012915783176954732,1.0931985886044076,0.06641832539529015,0.6614925008860297,1.0931985886044076,0.3973594408386344,49.99893442622948,49.99893442622948
32340,0.012912926353909464,1.0906032573171365,0.06636406140881383,0.6599964456520189,1.0906032573171365,0.39613581321990465,49.998934426229425,49.99893442622948
32400,0.01291,1.0880157514825448,0.06631013127765996,0.6585050416805529,1.0880157514825448,0.394907113436649,49.99893442622954,49.99893442622948
32460,0.012907000823045266,1.0854360195720618,0.06625653284314836,0.6570182640028106,1.0854360195720618,0.3936729567502726,49.99893442622948,49.99893442622948
32520,0.012903932510288065,1.0828640118965043,0.06620326392228673,0.655536088072672,1.0828640118965043,0.392433840921768,49.998934426229425,49.99893442622948
32580,0.012900799999999999,1.0802996810771721,0.06615032229405655,0.6540584899863904,1.0802996810771721,0.3911904185600266,49.99893442622948,49.99893442622948
32640,0.012897608230452674,1.0777429820146032,0.06609770569240062,0.6525854465256926,1.0777429820146032,0.3899433382455708,49.99893442622954,49.99893442622948
32700,0.012894362139917695,1.0751938718578524,0.06604541180214386,0.6511169351890869,1.0751938718578524,0.3886932442741231,49.99893442622948,49.99893442622948
32760,0.012891066666666668,1.0726523099742589,0.06599343825722696,0.6496529342152887,1.0726523099742589,0.3874407765585865,49.99893442622948,49.99893442622948
32820,0.012887726748971194,1.07011825791968,0.06594178264074511,0.6481934226010537,1.07011825791968,0.38618657063248174,49.99893442622948,49.99893442622948
32880,0.012884347325102878,1.0675916794091642,0.06589044248636666,0.646738380114859,1.0675916794091642,0.38493125771345893,49.99893442622954,49.99893442622948
32940,0.012880933333333334,1.0650725402880412,0.06583941528079867,0.6452877873073871,1.0650725402880412,0.3836754647996212,49.998934426229425,49.99893442622948
33000,0.012877489711934155,1.0625608085033982,0.06578869846701547,0.6438416255194761,1.0625608085033982,0.382419814781472,49.99893442622948,49.99893442622948
33060,0.012874021399176955,1.0600564540759245,0.06573828944802826,0.6423998768880143,1.0600564540759245,0.3811649265591742,49.99893442622948,49.99893442622948
33120,0.012870533333333331,1.0575594490720999,0.06568818559101708,0.6409625243501411,1.0575594490720999,0.3799114151588935,49.99893442622954,49.99893442622948
33180,0.012867030452674896,1.0550697675766958,0.06563838423167721,0.6395295516460245,1.0550697675766958,0.37865989184479487,49.99893442622954,49.99893442622948
33240,0.012863517695473252,1.0525873856655812,0.0655888826786726,0.6381009433204314,1.0525873856655812,0.37741096422476983,49.99893442622948,49.99893442622948
33300,0.01286,1.0501122813787986,0.06553967821810025,0.6366766847232583,1.0501122813787986,0.3761652363489713,49.99893442622948,49.99893442622948
33360,0.012856482304526747,1.0476444346938913,0.06549076811790251,0.6352567620091621,1.0476444346938913,0.3749233088007831,49.99893442622948,49.99893442622948
33420,0.012852969547325104,1.045183827499464,0.06544214963217207,0.6338411621364003,1.045183827499464,0.37368577878022735,49.99893442622948,49.99893442622948
33480,0.012849466666666667,1.042730443568954,0.06539382000531024,0.6324298728649731,1.042730443568954,0.37245324017990195,49.99893442622948,49.99893442622948
33540,0.012845978600823043,1.040284268534586,0.0653457764760129,0.6310228827541452,1.040284268534586,0.3712262836537904,49.998934426229425,49.99893442622948
33600,0.012842510288065842,1.037845289861504,0.06529801628106258,0.6296201811594087,1.037845289861504,0.3700054966791836,49.99893442622948,49.99893442622948
33660,0.012839066666666666,1.0354134968220425,0.06525053665891457,0.6282217582289431,1.0354134968220425,0.3687914636120651,49.998934426229425,49.99893442622948
33720,0.012835652674897119,1.0329888804701337,0.06520333485307216,0.6268276048996169,1.0329888804701337,0.36758476573627086,49.998934426229425,49.99893442622948
33780,0.012832273251028805,1.0305714336158196,0.06515640811524494,0.6254377128925704,1.0305714336158196,0.36638598130676187,49.998934426229425,49.99893442622948
33840,0.012828933333333332,1.028161150799853,0.06510975370829546,0.6240520747084124,1.028161150799853,0.36519568558724536,49.99893442622954,49.99893442622948
33900,0.012825637860082303,1.0257580282683725,0.06506336890897371,0.6226706836220591,1.0257580282683725,0.3640144508824805,49.99893442622948,49.99893442622948
33960,0.012822391769547324,1.0233620639476282,0.06501725101044867,0.6212935336772395,1.0233620639476282,0.36284284656547877,49.99893442622948,49.99893442622948
34020,0.0128192,1.0209732574187422,0.06497139732464118,0.6199206196806882,1.0209732574187422,0.3616814390998651,49.99893442622954,49.99893442622948
34080,0.012816067489711933,1.0185916098924812,0.06492580518436776,0.6185519371960456,1.0185916098924812,0.36053079205757477,49.99893442622948,49.99893442622948
34140,0.012812999176954732,1.0162171241840354,0.06488047194530268,0.6171874825374787,1.0162171241840354,0.35939146613212775,49.99893442622948,49.99893442622948
34200,0.012809999999999998,1.0138498046877722,0.06483539498776987,0.6158272527630347,1.0138498046877722,0.3582640191476335,49.99893442622948,49.99893442622948
34260,0.012807050732510285,1.0114896484766303,0.06479057177919081,0.6144712426453361,1.0114896484766303,0.35714605317688486,49.99893442622948,49.99893442622948
34320,0.012804128329218106,1.0091366440088383,0.06474599990265725,0.613119444069922,1.0091366440088383,0.35603471686434923,49.99893442622948,49.99893442622948
34380,0.012801231999999997,1.0067907793819242,0.06470167701800256,0.611771848701648,1.0067907793819242,0.35492988836329814,49.99893442622954,49.99893442622948
34440,0.012798360954732508,1.0044520423381036,0.06465760085517915,0.6104284480228994,1.0044520423381036,0.35383144824230967,49.99893442622948,49.99893442622948
34500,0.01279551440329218,1.0021204202696388,0.06461376920832275,0.6090892333559262,1.0021204202696388,0.3527392787852236,49.99893442622948,49.99893442622948
34560,0.012792691555555553,0.999795900224176,0.06457017993043573,0.6077541958766579,0.999795900224176,0.3516532635596445,49.99893442622948,49.99893442622948
34620,0.012789891621399176,0.99747846891005,0.06452683092862742,0.6064233266237004,0.99747846891005,0.35057328715259145,49.99893442622948,49.99893442622948
34680,0.012787113810699585,0.9951681127015563,0.06448372015984744,0.6050966165044773,0.9951681127015563,0.34949923500801416,49.998934426229425,49.99893442622948
34740,0.012784357333333331,0.9928648176441843,0.06444084562706366,0.6037740562996065,0.9928648176441843,0.34843099332583305,49.99893442622948,49.99893442622948
34800,0.012781621399176954,0.9905685694598219,0.0643982053758342,0.6024556366661469,0.9905685694598219,0.3473684489979538,49.99893442622954,49.99893442622948
34860,0.012778905218106994,0.9882793535519109,0.06435579749122805,0.6011413481401056,0.9882793535519109,0.346311489566472,49.998934426229425,49.99893442622948
34920,0.012776207999999999,0.9859971550105653,0.0643136200950605,0.5998311811384484,0.9859971550105653,0.34526000319529754,49.998934426229425,49.99893442622948
34980,0.01277352895473251,0.9837219586176431,0.06427167134340493,0.5985251259607757,0.9837219586176431,0.34421387864981073,49.99893442622948,49.99893442622948
35040,0.012770867292181068,0.9814537488517744,0.06422994942435149,0.5972231727907694,0.9814537488517744,0.3431730052814757,49.998934426229425,49.99893442622948
35100,0.01276822222222222,0.979192509893341,0.06418845255598796,0.595925311697485,0.979192509893341,0.3421372730154724,49.99893442622954,49.99893442622948
35160,0.012765592954732508,0.976938225629405,0.06414717898457384,0.5946315326365369,0.976938225629405,0.34110657234020353,49.99893442622948,49.99893442622948
35220,0.012762978699588475,0.9746908796585914,0.0641061269828931,0.5933418254512169,0.9746908796585914,0.34008079429801896,49.99893442622948,49.99893442622948
35280,0.012760378666666666,0.9724504552959119,0.06406529484876101,0.5920561798735674,0.9724504552959119,0.3390598304767191,49.99893442622954,49.99893442622948
35340,0.012757792065843621,0.9702169355775472,0.06402468090366956,0.5907745855254285,0.9702169355775472,0.3380435730015875,49.998934426229425,49.99893442622948
35400,0.012755218106995883,0.967990303265565,0.06398428349156048,0.5894970319194726,0.967990303265565,0.33703191452783543,49.99893442622954,49.99893442622948
35460,0.012752655999999998,0.9657705408525942,0.06394410097770772,0.5882235084602331,0.9657705408525942,0.3360247482333044,49.99893442622954,49.99893442622948
35520,0.01275010495473251,0.9635576305664384,0.06390413174770104,0.5869540044451382,0.9635576305664384,0.3350219678114331,49.99893442622954,49.99893442622948
35580,0.012747564181069957,0.9613515543746392,0.06386437420651894,0.5856885090655488,0.9613515543746392,0.33402346746441436,49.99893442622948,49.99893442622948
35640,0.012745032888888888,0.9591522939889852,0.06382482677768192,0.5844270114078085,0.9591522939889852,0.33302914189653166,49.99893442622948,49.99893442622948
35700,0.01274251028806584,0.9569598308699664,0.06378548790247869,0.5831695004543034,0.9569598308699664,0.33203888630766554,49.99893442622948,49.99893442622948
35760,0.012739995588477365,0.9547741462311763,0.06374635603925669,0.5819159650845375,0.9547741462311763,0.33105259638695583,49.998934426229425,49.99893442622948
35820,0.012737487999999998,0.9525952210436605,0.06370742966277194,0.5806663940762186,0.9525952210436605,0.3300701683065993,49.99893442622948,49.99893442622948
35880,0.012734986732510287,0.9504230360402128,0.06366870726359104,0.5794207761063604,0.9504230360402128,0.3290914987158042,49.99893442622948,49.99893442622948
35940,0.012732490995884771,0.9482575717196219,0.06363018734754057,0.5781790997523983,0.9482575717196219,0.3281164847348734,49.99893442622948,49.99893442622948
36000,0.012729999999999998,0.9460988083508622,0.06359186843520098,0.576941353493316,0.9460988083508622,0.3271450239494133,49.998934426229425,49.99893442622948
36060,0.012727515525166188,0.9439467268434751,0.0635537490572601,0.575707526007775,0.9439467268434751,0.32617731787984194,49.99893442622948,49.99893442622948
36120,0.012725039984805316,0.9418013089513314,0.06351582775152778,0.5744776062599879,0.9418013089513314,0.3252136414896832,49.99893442622948,49.99893442622948
36180,0.012722573538461538,0.9396625365053519,0.0634781030646655,0.5732515832524541,0.9396625365053519,0.324254002540663,49.998934426229425,49.99893442622948
36240,0.01272011634567901,0.9375303914128729,0.06344057355224607,0.5720294460238442,0.9375303914128729,0.32329840852170677,49.998934426229425,49.99893442622948
36300,0.012717668566001898,0.9354048556570055,0.06340323777884137,0.570811183648006,0.9354048556570055,0.3223468667167648,49.99893442622948,49.99893442622948
36360,0.012715230358974358,0.933285911295992,0.06336609431812995,0.5695967852335327,0.933285911295992,0.32139938424456466,49.99893442622954,49.99893442622948
36420,0.01271280188414055,0.9311735404625354,0.06332914175301907,0.5683862399236196,0.9311735404625354,0.3204559680832003,49.99893442622948,49.99893442622948
36480,0.012710383301044632,0.9290677253632286,0.06329237867577127,0.5671795368960675,0.9290677253632286,0.3195166250861705,49.99893442622948,49.99893442622948
36540,0.01270797476923077,0.9269684482778159,0.06325580368813777,0.5659766653633526,0.9269684482778159,0.31858136199362186,49.99893442622948,49.99893442622948
36600,0.012705576448243114,0.9248756915585777,0.06321941540148822,0.5647776145727287,0.9248756915585777,0.31765018544064044,49.99893442622948,49.99893442622948
36660,0.01270318849762583,0.922789437629682,0.06318321243693803,0.5635823738063374,0.922789437629682,0.31672310196370124,49.99893442622948,49.99893442622948
36720,0.012700811076923077,0.9207096689865365,0.06314719342547027,0.5623909323813103,0.9207096689865365,0.31580011800598295,49.99893442622954,49.99893442622948
36780,0.01269844434567901,0.9186363681951424,0.06311135700804968,0.5612032796498627,0.9186363681951424,0.31488123992185046,49.998934426229425,49.99893442622948
36840,0.012696088463437795,0.9165695178914536,0.06307570183572915,0.5600194049993686,0.9165695178914536,0.31396647398077826,49.998934426229425,49.99893442622948
36900,0.012693743589743588,0.9145091007807393,0.06304022656974677,0.5588392978524208,0.9145091007807393,0.3130558263708227,49.99893442622948,49.99893442622948
36960,0.01269140988414055,0.9124550996369499,0.06300492988161349,0.557662947666873,0.9124550996369499,0.3121493032017577,49.99893442622948,49.99893442622948
37020,0.01268908750617284,0.9104074973020896,0.06296981045319046,0.5564903439358637,0.9104074973020896,0.31124691050792946,49.99893442622954,49.99893442622948
37080,0.012686776615384613,0.9083662766855929,0.06293486697675708,0.5553214761878239,0.9083662766855929,0.3103486542508524,49.99893442622954,49.99893442622948
37140,0.012684477371320037,0.9063314207637102,0.06290009815506813,0.5541563339864699,0.9063314207637102,0.30945454032161684,49.99893442622948,49.99893442622948
37200,0.012682189933523267,0.9043029125788941,0.0628655027014018,0.5529949069307799,0.9043029125788941,0.3085645745430891,49.99893442622948,49.99893442622948
37260,0.012679914461538462,0.9022807352391984,0.0628310793395979,0.5518371846549571,0.9022807352391984,0.30767876267197175,49.99893442622954,49.99893442622948
37320,0.012677651114909781,0.9002648719176805,0.06279682680408734,0.5506831568283793,0.9002648719176805,0.30679711040067986,49.99893442622954,49.99893442622948
37380,0.012675400053181385,0.8982553058518119,0.06276274383991146,0.5495328131555387,0.8982553058518119,0.30591962335911305,49.99893442622948,49.99893442622948
37440,0.012673161435897433,0.8962520203428963,0.06272882920273432,0.5483861433759668,0.8962520203428963,0.30504630711627645,49.99893442622948,49.99893442622948
37500,0.012670935422602088,0.8942549987554924,0.06269508165884626,0.5472431372641532,0.8942549987554924,0.3041771671817971,49.99893442622948,49.99893442622948
37560,0.012668722172839505,0.8922642245168497,0.06266149998515953,0.5461037846294516,0.8922642245168497,0.30331220900733347,49.99893442622954,49.99893442622948
37620,0.012666521846153845,0.8902796811163469,0.06262808296919767,0.5449680753159792,0.8902796811163469,0.3024514379878892,49.99893442622948,49.99893442622948
37680,0.012664334602089267,0.8883013521049369,0.0625948294090774,0.5438359992025061,0.8883013521049369,0.30159485946301606,49.99893442622948,49.99893442622948
37740,0.012662160600189933,0.8863292210946065,0.06256173811348424,0.5427075462023409,0.8863292210946065,0.3007424787179673,49.99893442622948,49.99893442622948
37800,0.01266,0.8843632717578332,0.06252880790164274,0.5415827062632043,0.8843632717578332,0.29989430098474096,49.99893442622948,49.99893442622948
37860,0.012657861196581195,0.8824034903683697,0.0624960375948423,0.5404614702448948,0.8824034903683697,0.2990512712474663,49.998934426229425,49.99893442622948
37920,0.012655751111111111,0.8804498653082226,0.062463426013841916,0.5393438297977732,0.8804498653082226,0.2982141610870029,49.99893442622948,49.99893442622948
37980,0.012653667692307692,0.8785023842830652,0.06243097198559672,0.5382297764283881,0.8785023842830652,0.2973827158784053,49.99893442622948,49.99893442622948
38040,0.012651608888888888,0.8765610343325155,0.06239867434620293,0.5371193014722734,0.8765610343325155,0.29655668223206455,49.99893442622948,49.99893442622948
38100,0.01264957264957265,0.8746258018403533,0.062366531943203955,0.536012396075783,0.8746258018403533,0.2957358082677092,49.99893442622954,49.99893442622948
38160,0.012647556923076923,0.8726966725446813,0.06233454363735456,0.5349090511834947,0.8726966725446813,0.2949198437154563,49.998934426229425,49.99893442622948
38220,0.012645559658119658,0.870773631548022,0.06230270830392677,0.5338092575292489,0.870773631548022,0.2941085399335553,49.998934426229425,49.99893442622948
38280,0.012643578803418801,0.8688566633273473,0.06227102483363321,0.5327130056296792,0.8688566633273473,0.2933016498867715,49.99893442622948,49.99893442622948
38340,0.012641612307692307,0.8669457517440387,0.06223949213322955,0.5316202857795355,0.8669457517440387,0.2924989281071891,49.99893442622948,49.99893442622948
38400,0.012639658119658117,0.8650408800537724,0.062208109125852055,0.5305310880483383,0.8650408800537724,0.2917001306482406,49.998934426229425,49.99893442622948
38460,0.012637714188034187,0.8631420309163327,0.06217687475113616,0.5294454022780548,0.8631420309163327,0.290905015037316,49.998934426229425,49.99893442622948
38520,0.012635778461538462,0.8612491864053391,0.06214578796515894,0.5283632180815786,0.8612491864053391,0.2901133402295422,49.99893442622948,49.99893442622948
38580,0.01263384888888889,0.8593623280178975,0.06211484774023668,0.5272845248418542,0.8593623280178975,0.2893248665638337,49.99893442622948,49.99893442622948
38640,0.012631923418803419,0.857481436684162,0.062084053064609415,0.5262093117115246,0.857481436684162,0.28853935572166906,49.998934426229425,49.99893442622948
38700,0.012629999999999999,0.8556064927768109,0.062053402942037296,0.5251375676130152,0.8556064927768109,0.2877565706886106,49.99893442622948,49.99893442622948
38760,0.01262807658119658,0.8537374761204324,0.062022896391327596,0.5240692812389763,0.8537374761204324,0.28697627571842343,49.99893442622948,49.99893442622948
38820,0.01262615111111111,0.8518743660008172,0.06199253244581264,0.5230044410530339,0.8518743660008172,0.28619823629962987,49.99893442622948,49.99893442622948
38880,0.012624221538461537,0.850017141174154,0.06196231015279184,0.5219430352907973,0.850017141174154,0.2854222191241709,49.99893442622948,49.99893442622948
38940,0.012622285811965813,0.8481657798761296,0.06193222857295134,0.5208850519610879,0.8481657798761296,0.284647992058038,49.99893442622954,49.99893442622948
39000,0.012620341880341881,0.8463202598309287,0.0619022867797697,0.5198304788473593,0.8463202598309287,0.28387532411355126,49.99893442622948,49.99893442622948
39060,0.012618387692307694,0.8444805582601291,0.06187248385892082,0.5187793035092771,0.8444805582601291,0.2831039854231398,49.99893442622948,49.99893442622948
39120,0.012616421196581197,0.8426466518914982,0.061842818907678204,0.5177315132844428,0.8426466518914982,0.2823337472144271,49.99893442622954,49.99893442622948
39180,0.012614440341880341,0.840818516967678,0.061813291034327006,0.5166870952902365,0.840818516967678,0.28156438178640886,49.99893442622948,49.99893442622948
39240,0.012612443076923077,0.8389961292547649,0.06178389935758921,0.515646036425765,0.8389961292547649,0.28079566248665466,49.99893442622948,49.99893442622948
39300,0.01261042735042735,0.8371794640507801,0.06175464300606396,0.5146083233739004,0.8371794640507801,0.2800273636893177,49.998934426229425,49.99893442622948
39360,0.012608391111111112,0.8353684961940281,0.06172552111768642,0.5135739426033965,0.8353684961940281,0.27925926077391644,49.99893442622948,49.99893442622948
39420,0.012606332307692309,0.8335632000713433,0.061696532839207216,0.5125428803710703,0.8335632000713433,0.27849113010471743,49.99893442622954,49.99893442622948
39480,0.012604248888888888,0.8317635496262211,0.06166767732569313,0.5115151227240405,0.8317635496262211,0.2777227490106709,49.99893442622948,49.99893442622948
39540,0.012602138803418804,0.8299695183668351,0.06163895374005048,0.510490655502015,0.8299695183668351,0.27695389576581886,49.99893442622954,49.99893442622948
39600,0.0126,0.8281810793739356,0.06161036125257229,0.5094694643396154,0.8281810793739356,0.2761843495700821,49.99893442622948,49.99893442622948
39660,0.012597821856600189,0.8263982028911031,0.061581899045767094,0.5084515338268958,0.8263982028911031,0.2754129449637576,49.99893442622954,49.99893442622948
39720,0.012595597644824314,0.8246208574641283,0.06155356631507109,0.5074368478585661,0.8246208574641283,0.274638951733513,49.99893442622948,49.99893442622948
39780,0.012593331153846152,0.8228490129174181,0.06152536226319328,0.5064253906565279,0.8228490129174181,0.27386280137666114,49.99893442622954,49.99893442622948
39840,0.012591026172839507,0.8210826403361433,0.06149728609614091,0.5054171468095435,0.8210826403361433,0.2730849227118715,49.998934426229425,49.99893442622948
39900,0.01258868649097816,0.8193217120486568,0.061469337020101864,0.5044121013007452,0.8193217120486568,0.2723057416252444,49.99893442622948,49.99893442622948
39960,0.012586315897435897,0.8175662016091749,0.06144151423905572,0.5034102395273431,0.8175662016091749,0.27152568103508146,49.99893442622948,49.99893442622948
40020,0.012583918181386516,0.8158160837807049,0.06141381695300213,0.5024115473150631,0.8158160837807049,0.27074516095366286,49.99893442622948,49.99893442622948
40080,0.012581497132003797,0.8140713345182093,0.06138624435670966,0.5014160109288605,0.8140713345182093,0.2699645985881166,49.99893442622948,49.99893442622948
40140,0.01257905653846154,0.8123319309519899,0.06135879563890013,0.5004236170808949,0.8123319309519899,0.26918440845299274,49.99893442622948,49.99893442622948
40200,0.012576600189933522,0.8105978513712849,0.06133146998179607,0.4994343529364278,0.8105978513712849,0.26840500248182536,49.998934426229425,49.99893442622948
40260,0.012574131875593541,0.8088690752080658,0.061304266560967505,0.498448206118093,0.8088690752080658,0.2676267901320872,49.99893442622948,49.99893442622948
40320,0.012571655384615384,0.807145583021016,0.061277184545423434,0.49746516470887386,0.807145583021016,0.26685017848139203,49.998934426229425,49.99893442622948
40380,0.01256917450617284,0.8054273564796931,0.06125022309790235,0.4964852172540262,0.8054273564796931,0.26607557231439377,49.99893442622948,49.99893442622948
40440,0.012566693029439696,0.8037143783488514,0.06122338137532056,0.4955083527621284,0.8037143783488514,0.2653033742006384,49.99893442622954,49.99893442622948
40500,0.012564214743589742,0.8020066324729219,0.061196658529344375,0.49453456070540097,0.8020066324729219,0.26453398456394644,49.998934426229425,49.99893442622948
40560,0.01256174343779677,0.8003041037606354,0.06117005370705823,0.49356383101940715,0.8003041037606354,0.26376780174394954,49.99893442622948,49.99893442622948
40620,0.012559282901234568,0.7986067781697822,0.06114356605170303,0.4925961541022221,0.7986067781697822,0.26300522205050286,49.99893442622948,49.99893442622948
40680,0.012556836923076924,0.7969146426920951,0.06111719470346315,0.4916315208131416,0.7969146426920951,0.26224663981157564,49.99893442622948,49.99893442622948
40740,0.012554409292497626,0.7952276853382486,0.06109093880028791,0.49066992247098945,0.7952276853382486,0.26149244741523214,49.99893442622954,49.99893442622948
40800,0.012552003798670466,0.7935458951229633,0.061064797478729366,0.48971135085207107,0.7935458951229633,0.2607430353461665,49.99893442622948,49.99893442622948
40860,0.01254962423076923,0.7918692620502114,0.06103876987478654,0.4887557981878147,0.7918692620502114,0.25999879221729955,49.99893442622948,49.99893442622948
40920,0.012547274377967712,0.7901977770985051,0.06101285512474531,0.48780325716213147,0.7901977770985051,0.25926010479677675,49.99893442622948,49.99893442622948
40980,0.012544958029439696,0.7885314322062696,0.06098705236600711,0.4868537209085241,0.7885314322062696,0.2585273580307875,49.99893442622948,49.99893442622948
41040,0.012542678974358975,0.786870220257286,0.06096136073789851,0.4859071830069693,0.786870220257286,0.25780093506242185,49.99893442622948,49.99893442622948
41100,0.012540441001899334,0.785214135066198,0.060935779382457415,0.48496363748059157,0.785214135066198,0.2570812172469159,49.99893442622948,49.99893442622948
41160,0.012538247901234569,0.7835631713640755,0.060910307445191776,0.48402307879214784,0.7835631713640755,0.25636858416346703,49.99893442622948,49.99893442622948
41220,0.012536103461538462,0.7819173247840258,0.06088494407580766,0.4830855018403378,0.7819173247840258,0.2556634136238186,49.99893442622948,49.99893442622948
41280,0.012534011471984805,0.7802765918468448,0.060859688428904525,0.4821509019559532,0.7802765918468448,0.25496608167786605,49.99893442622954,49.99893442622948
41340,0.012531975721747387,0.778640969946705,0.060834539664636506,0.481219274897875,0.778640969946705,0.2542769626163451,49.99893442622948,49.99893442622948
41400,0.01253,0.777010457336866,0.06080949694933856,0.4802906168489321,0.777010457336866,0.25359642897082385,49.998934426229425,49.99893442622948
41460,0.012528067798353908,0.7753850478666504,0.060784559463008155,0.47936492256887403,0.7753850478666504,0.2529226814306459,49.998934426229425,49.99893442622948
41520,0.012526159670781892,0.7737647302905645,0.06075972640758276,0.4784421850472591,0.7737647302905645,0.25225361765235127,49.99893442622948,49.99893442622948
41580,0.012524274999999998,0.7721494931860994,0.06073499700733171,0.4775223971366987,0.7721494931860994,0.2515891568299989,49.99893442622954,49.99893442622948
41640,0.012522413168724279,0.7705393249565984,0.06071037050739316,0.47660555157721995,0.7705393249565984,0.2509292194782596,49.998934426229425,49.99893442622948
41700,0.01252057355967078,0.7689342138341069,0.060685846172406736,0.47569164101165134,0.7689342138341069,0.2502737268659376,49.99893442622954,49.99893442622948
41760,0.012518755555555556,0.7673341478822051,0.06066142328523888,0.4747806579957479,0.7673341478822051,0.24962260075105666,49.998934426229425,49.99893442622948
41820,0.012516958539094649,0.7657391149988197,0.060637101145795416,0.4738725950051291,0.7657391149988197,0.24897576326043597,49.998934426229425,49.99893442622948
41880,0.012515181893004114,0.7641491029190145,0.06061287906991706,0.47296744444021505,0.7641491029190145,0.24833313683804117,49.998934426229425,49.99893442622948
41940,0.012513425000000002,0.7625640992177628,0.06058875638835355,0.4720651986298647,0.7625640992177628,0.2476946442254813,49.99893442622954,49.99893442622948
42000,0.012511687242798355,0.7609840913126947,0.06056473244581091,0.4711658498341504,0.7609840913126947,0.2470602084570126,49.99893442622948,49.99893442622948
42060,0.012509968004115225,0.759409066466826,0.06054080660006794,0.47026939024654346,0.759409066466826,0.24642975286061783,49.99893442622948,49.99893442622948
42120,0.012508266666666667,0.7578390117912632,0.06051697822115688,0.4693758119956903,0.7578390117912632,0.24580320106116127,49.99893442622948,49.99893442622948
42180,0.012506582613168725,0.7562739142478818,0.0604932466906041,0.4684851071468986,0.7562739142478818,0.2451804769838088,49.99893442622948,49.99893442622948
42240,0.012504915226337447,0.7547137606519891,0.060469611400726875,0.4675972677034163,0.7547137606519891,0.2445615048569728,49.99893442622948,49.99893442622948
42300,0.012503263888888888,0.7531585376749563,0.06044607175398157,0.46671228560756234,0.7531585376749563,0.24394620921450605,49.99893442622948,49.99893442622948
42360,0.012501627983539093,0.7516082318468287,0.060422627162359584,0.4658301527417477,0.7516082318468287,0.24333451489710486,49.99893442622948,49.99893442622948
42420,0.012500006893004116,0.7500628295589101,0.06039927704682913,0.4649508609294182,0.7500628295589101,0.2427263470530157,49.99893442622948,49.99893442622948
42480,0.0124984,0.7485223170663245,0.0603760208368176,0.4640744019359398,0.7485223170663245,0.24212163113809915,49.99893442622948,49.99893442622948
42540,0.012496806687242798,0.7469866804905514,0.06035285796973198,0.4632007674694428,0.7469866804905514,0.24152029291540567,49.99893442622948,49.99893442622948
42600,0.012495226337448559,0.7454559058219348,0.060329787890515386,0.4623299491816342,0.7454559058219348,0.2409222584543116,49.998934426229425,49.99893442622948
42660,0.012493658333333333,0.7439299789221675,0.06030681005123592,0.4614619386685914,0.7439299789221675,0.24032745412934364,49.99893442622948,49.99893442622948
42720,0.012492102057613167,0.7424088855267514,0.06028392391070572,0.4605967274715387,0.7424088855267514,0.23973580661874536,49.99893442622948,49.99893442622948
42780,0.012490556893004113,0.7408926112474273,0.060261128934128404,0.45973430707761515,0.7408926112474273,0.23914724290282033,49.998934426229425,49.99893442622948
42840,0.012489022222222222,0.7393811415745848,0.06023842459277243,0.45887466892063566,0.7393811415745848,0.23856169026215793,49.99893442622954,49.99893442622948
42900,0.01248749742798354,0.7378744618796432,0.06021581036366796,0.45801780438184797,0.7378744618796432,0.2379790762757091,49.99893442622948,49.99893442622948
42960,0.012485981893004115,0.736372557417406,0.06019328572932633,0.45716370479068824,0.736372557417406,0.237399328818817,49.99893442622954,49.99893442622948
43020,0.012484475,0.7348754133283927,0.060170850177479786,0.45631236142553644,0.7348754133283927,0.23682237606116435,49.99893442622954,49.99893442622948
43080,0.012482976131687243,0.7333830146411426,0.06014850320084015,0.4554637655144707,0.7333830146411426,0.23624814646469905,49.99893442622948,49.99893442622948
43140,0.012481484670781891,0.7318953462744937,0.06012624429687464,0.45461790823602527,0.7318953462744937,0.23567656878153292,49.99893442622948,49.99893442622948
43200,0.01248,0.7304123930398394,0.06010407296759812,0.4537747807199478,0.7304123930398394,0.23510757205182292,49.99893442622948,49.99893442622948
43260,0.012478528230452673,0.7289341412320683,0.060081988718462966,0.4529343746110444,0.7289341412320683,0.23454178152872052,49.99893442622948,49.99893442622948
43320,0.01247707522633745,0.7274605785488459,0.06005999105636214,0.45209668207293585,0.7274605785488459,0.23397979320342835,49.99893442622948,49.99893442622948
43380,0.012475640000000001,0.7259916924611134,0.060038079488990516,0.4512616952336214,0.7259916924611134,0.23342149224886408,49.99893442622948,49.99893442622948
43440,0.012474221563786008,0.7245274702168996,0.06001625352559045,0.45042940617250077,0.7245274702168996,0.23286676428707365,49.99893442622954,49.99893442622948
43500,0.012472818930041152,0.7230678988451033,0.05999451267756915,0.44959980691162993,0.7230678988451033,0.2323154955735209,49.99893442622954,49.99893442622948
43560,0.012471431111111111,0.7216129651592432,0.05997285645900465,0.44877288940967314,0.7216129651592432,0.23176757306381088,49.99893442622948,49.99893442622948
43620,0.012470057119341564,0.720162655761173,0.05995128438705518,0.4479486455576392,0.720162655761173,0.2312228844254559,49.99893442622948,49.99893442622948
43680,0.012468695967078187,0.7187169570447665,0.05992979598228319,0.4471270671758441,0.7187169570447665,0.2306813180253136,49.99893442622948,49.99893442622948
43740,0.012467346666666669,0.7172758551995688,0.059908390768906986,0.4463081460117487,0.7172758551995688,0.2301427629073334,49.99893442622948,49.99893442622948
43800,0.012466008230452675,0.7158393362144166,0.059887068274989165,0.44549187373843774,0.7158393362144166,0.22960710876755083,49.99893442622948,49.99893442622948
43860,0.012464679670781891,0.7144073858810236,0.05986582803257027,0.44467824195358324,0.7144073858810236,0.22906261162923286,49.99893442622948,49.99893442622948
43920,0.012463359999999998,0.7129799897975329,0.05984466957775731,0.44386724217878243,0.7129799897975329,0.22848997951099176,49.998934426229425,49.99893442622948
43980,0.012462048230452672,0.7115571333720385,0.05982359245077216,0.44305886585918786,0.7115571333720385,0.22792000267200685,49.99893442622948,49.99893442622948
44040,0.012460743374485597,0.7101388018260705,0.059802596195967235,0.4422531043633749,0.7101388018260705,0.2273525427284541,49.998934426229425,49.99893442622948
44100,0.012459444444444445,0.7087249801980495,0.059781680361813694,0.44144994898339895,0.7087249801980495,0.22678746159988392,49.99893442622954,49.99893442622948
44160,0.012458150452674897,0.7073156533467047,0.05976084450086577,0.4406493909350083,0.7073156533467047,0.2262246214935158,49.998934426229425,49.99893442622948
44220,0.012456860411522632,0.7059108059544613,0.059740088169706745,0.4398514213579891,0.7059108059544613,0.2256638848901253,49.99893442622948,49.99893442622948
44280,0.012455573333333334,0.7045104225322463,0.05971941092888252,0.43905603131658233,0.7045104225322463,0.2251051145317027,49.99893442622948,49.99893442622948
44340,0.012454288230452673,0.703114487417954,0.059698812342810006,0.43826321180012856,0.703114487417954,0.2245481734082499,49.998934426229425,49.99893442622948
44400,0.012453004115226339,0.7017229847853041,0.05967829197969487,0.4374729537235926,0.7017229847853041,0.22399292474919655,49.99893442622948,49.99893442622948
44460,0.01245172,0.700335898644777,0.059657849411429716,0.43668524792828006,0.700335898644777,0.22343923201284022,49.99893442622948,49.99893442622948
44520,0.01245043489711934,0.6989532128469135,0.05963748421348978,0.43590008518257967,0.6989532128469135,0.2228869588774422,49.99893442622948,49.99893442622948
44580,0.012449147818930039,0.6975749110855242,0.05961719596482464,0.4351174561827557,0.6975749110855242,0.22233596923298424,49.998934426229425,49.99893442622948
44640,0.01244785777777778,0.6962009769008448,0.059596984247748126,0.4343373515537786,0.6962009769008448,0.22178612717352977,49.99893442622954,49.99893442622948
44700,0.01244656378600823,0.6948313936826506,0.0595768486478269,0.43355976185019435,0.6948313936826506,0.22123729699003308,49.99893442622954,49.99893442622948
44760,0.012445264855967078,0.6934661446733329,0.0595567887537692,0.43278467755702016,0.6934661446733329,0.22068934316361813,49.998934426229425,49.99893442622948
44820,0.012443959999999999,0.6921052129709412,0.05953680415731434,0.43201208909066946,0.6921052129709412,0.22014213035926136,49.99893442622948,49.99893442622948
44880,0.012442648230452677,0.6907485815321855,0.059516894453123456,0.4312419867998962,0.6907485815321855,0.2195955234197583,49.99893442622954,49.99893442622948
44940,0.012441328559670782,0.6893962331754063,0.059497059238673045,0.43047436096675906,0.6893962331754063,0.2190493873600462,49.998934426229425,49.99893442622948
45000,0.01244,0.6880481505835077,0.05947729811415018,0.4297092018076007,0.6880481505835077,0.21850358736174466,49.99893442622948,49.99893442622948
45060,0.012438666666666666,0.6867043174057408,0.05945761068237844,0.42894649986745853,0.6867043174057408,0.21795866972452577,49.99893442622948,49.99893442622948
45120,0.012437333333333333,0.6853647183848662,0.059437996547558734,0.4281862460883409,0.6853647183848662,0.21741526706784,49.99893442622948,49.99893442622948
45180,0.012436,0.6840293383191657,0.059418455314066476,0.42742843145771686,0.6840293383191657,0.2168733736373141,49.99893442622948,49.99893442622948
45240,0.012434666666666667,0.6826981620622364,0.05939898658665907,0.42667304700325637,0.6826981620622364,0.21633298353461916,49.99893442622954,49.99893442622948
45300,0.012433333333333333,0.6813711745227855,0.059379589970666564,0.4259200837893932,0.6813711745227855,0.21579409082267467,49.99893442622954,49.99893442622948
45360,0.012431999999999999,0.6800483606644254,0.05936026507216778,0.4251695329150158,0.6800483606644254,0.21525668957337007,49.99893442622948,49.99893442622948
45420,0.012430666666666666,0.6787297055054738,0.05934101149815187,0.42442138551187303,0.6787297055054738,0.21472077388729233,49.99893442622948,49.99893442622948
45480,0.012429333333333332,0.6774151941187553,0.05932182885666716,0.4236756327434493,0.6774151941187553,0.2141863379001925,49.998934426229425,49.99893442622948
45540,0.012428,0.6761048116314035,0.05930271675695662,0.42293226580415266,0.6761048116314035,0.21365337578340826,49.99893442622948,49.99893442622948
45600,0.012426666666666666,0.6747985432246673,0.059283674809582125,0.4221912759187192,0.6747985432246673,0.21312188174186422,49.99893442622948,49.99893442622948
45660,0.012425333333333332,0.6734963741337189,0.059264702626537734,0.42145265434176826,0.6734963741337189,0.21259185001117717,49.99893442622954,49.99893442622948
45720,0.012424,0.6721982896474624,0.05924579982135236,0.42071639235746716,0.6721982896474624,0.21206327485483512,49.99893442622948,49.99893442622948
45780,0.012422666666666667,0.6709042751083472,0.059226966009183875,0.41998248127927323,0.6709042751083472,0.21153615056158057,49.99893442622948,49.99893442622948
45840,0.012421333333333331,0.6696143159121783,0.05920820080690318,0.4192509124497343,0.6696143159121783,0.21101047144321627,49.998934426229425,49.99893442622948
45900,0.012419999999999999,0.6683283975079352,0.05918950383317117,0.41852167724033223,0.6683283975079352,0.21048623183279602,49.99893442622948,49.99893442622948
45960,0.012418666666666666,0.6670465053975866,0.059170874708507834,0.41779476705135776,0.6670465053975866,0.20996342608315227,49.99893442622948,49.99893442622948
46020,0.012417333333333332,0.6657686251359126,0.059152313055354205,0.4170701733118106,0.6657686251359126,0.2094420485657692,49.99893442622948,49.99893442622948
46080,0.012416,0.6644947423303212,0.05913381849812814,0.4163478874793175,0.6644947423303212,0.20892209366986517,49.99893442622948,49.99893442622948
46140,0.012414666666666666,0.6632248426406738,0.059115390663273856,0.4156279010400633,0.6632248426406738,0.20840355580171774,49.99893442622954,49.99893442622948
46200,0.012413333333333334,0.6619589117791077,0.05909702917930618,0.41491020550873414,0.6619589117791077,0.20788642938416382,49.998934426229425,49.99893442622948
46260,0.012412,0.6606969355098626,0.05907873367684976,0.4141947924284664,0.6606969355098626,0.20737070885621223,49.99893442622948,49.99893442622948
46320,0.012410666666666667,0.6594388996491066,0.05906050378867346,0.4134816533708039,0.6594388996491066,0.20685638867281123,49.99893442622948,49.99893442622948
46380,0.012409333333333333,0.6581847900647659,0.059042339149720485,0.41277077993565703,0.6581847900647659,0.20634346330464376,49.998934426229425,49.99893442622948
46440,0.012408,0.656934592676353,0.059024239397134456,0.41206216375126714,0.656934592676353,0.2058319272380714,49.99893442622948,49.99893442622948
46500,0.012406666666666667,0.6556882934547993,0.05900620417028216,0.4113557964741714,0.6556882934547993,0.20532177497507556,49.99893442622954,49.99893442622948
46560,0.012405333333333332,0.6544458784222874,0.05898823311077256,0.4106516697891703,0.6544458784222874,0.20481300103326924,49.998934426229425,49.99893442622948
46620,0.012403999999999998,0.6532073336520822,0.05897032586247288,0.4099497754092954,0.6532073336520822,0.20430559994592906,49.99893442622948,49.99893442622948
46680,0.012402666666666666,0.6519726452683683,0.058952482071522205,0.4092501050757772,0.6519726452683683,0.20379956626208914,49.998934426229425,49.99893442622948
46740,0.012401333333333334,0.6507417994460837,0.058934701386341604,0.40855265055801426,0.6507417994460837,0.20329489454661706,49.99893442622948,49.99893442622948
46800,0.0124,0.6495147824107578,0.05891698345764292,0.4078574036535404,0.6495147824107578,0.2027915793803106,49.998934426229425,49.99893442622948
46860,0.012398660529100528,0.6482915792313548,0.05889932793781112,0.40716435575135773,0.6482915792313548,0.20228880373518063,49.99893442622954,49.99893442622948
46920,0.012397309629629628,0.6470721740045743,0.058881734482168435,0.4064734978733302,0.6470721740045743,0.2017858645568621,49.99893442622954,49.99893442622948
46980,0.012395948571428572,0.6458565511529295,0.05886420275043019,0.4057848211280974,0.6458565511529295,0.2012829276054461,49.99893442622948,49.99893442622948
47040,0.012394578624338624,0.6446446954205378,0.05884673240603212,0.40509831672377544,0.6446446954205378,0.20078015806045038,49.99893442622948,49.99893442622948
47100,0.012393201058201056,0.6434365918689543,0.05882932311556625,0.40441397597692597,0.6434365918689543,0.20027772049606274,49.998934426229425,49.99893442622948
47160,0.012391817142857142,0.6422322258730571,0.0588119745483098,0.4037317903190164,0.6422322258730571,0.1997757789020451,49.99893442622954,49.99893442622948
47220,0.012390428148148148,0.6410315831169757,0.058794686375839136,0.40305175130113613,0.6410315831169757,0.19927449672286077,49.998934426229425,49.99893442622948
47280,0.012389035343915344,0.6398346495900666,0.05877745827171531,0.40237385059746794,0.6398346495900666,0.1987740369019425,49.99893442622948,49.99893442622948
47340,0.01238764,0.6386414115829323,0.05876028991123357,0.4016980800078391,0.6386414115829323,0.198274561924972,49.99893442622954,49.99893442622948
47400,0.012386243386243384,0.637451855683479,0.05874318097122796,0.40102443145958316,0.637451855683479,0.1977762338596783,49.998934426229425,49.99893442622948
47460,0.012384846772486772,0.636265968773022,0.05872613112992319,0.40035289700886734,0.636265968773022,0.1972792143913543,49.99893442622948,49.99893442622948
47520,0.012383451428571429,0.635083738022425,0.05870914006682859,0.3996834688416007,0.635083738022425,0.1967836648540816,49.99893442622948,49.99893442622948
47580,0.012382058624338624,0.6339051508882813,0.058692207462666436,0.399016139274009,0.6339051508882813,0.19628974625797535,49.99893442622954,49.99893442622948
47640,0.01238066962962963,0.6327301951091338,0.05867533299933046,0.39835090075293667,0.6327301951091338,0.19579761931293954,49.998934426229425,49.99893442622948
47700,0.012379285714285714,0.6315588587017295,0.05865851635987085,0.39768774585592703,0.6315588587017295,0.1953074444492822,49.99893442622948,49.99893442622948
47760,0.012377908148148148,0.6303911299573108,0.05864175722849917,0.397026667291117,0.6303911299573108,0.1948193818356921,49.998934426229425,49.99893442622948
47820,0.012376538201058203,0.6292269974379423,0.05862505529061204,0.39636765789697725,0.6292269974379423,0.19433359139489773,49.99893442622948,49.99893442622948
47880,0.012375177142857142,0.6280664499728696,0.058608410232829755,0.39571071064192037,0.6280664499728696,0.19385023281731392,49.99893442622948,49.99893442622948
47940,0.012373826243386243,0.6269094766549137,0.05859182174304596,0.3950558186237982,0.6269094766549137,0.19336946557294327,49.99893442622948,49.99893442622948
48000,0.012372486772486771,0.6257560668368927,0.05857528951048766,0.39440297506930294,0.6257560668368927,0.1928914489217782,49.99893442622948,49.99893442622948
48060,0.012371159999999999,0.6246062101280814,0.05855881322578236,0.3937521733332849,0.6246062101280814,0.19241634192283516,49.998934426229425,49.99893442622948
48120,0.012369847195767194,0.6234598963906942,0.05854239258103115,0.3931034068979992,0.6234598963906942,0.19194430344204036,49.99893442622948,49.99893442622948
48180,0.01236854962962963,0.6223171157364009,0.05852602726988526,0.3924566693722902,0.6223171157364009,0.1914754921590464,49.99893442622948,49.99893442622948
48240,0.012367268571428572,0.6211778585228708,0.058509716987626144,0.3918119544907188,0.6211778585228708,0.1910100665731267,49.99893442622948,49.99893442622948
48300,0.01236600529100529,0.620042115350343,0.05849346143124652,0.39116925611264436,0.620042115350343,0.19054818500822326,49.998934426229425,49.99893442622948
48360,0.012364761058201057,0.618909877058226,0.05847726029953193,0.39052856822126203,0.618909877058226,0.19009000561722084,49.99893442622954,49.99893442622948
48420,0.012363537142857144,0.6177811347217188,0.058461113293142714,0.3898898849226028,0.6177811347217188,0.1896356863855633,49.99893442622954,49.99893442622948
48480,0.012362334814814814,0.6166558796484646,0.05844502011469401,0.3892532004445001,0.6166558796484646,0.18918538513419908,49.99893442622948,49.99893442622948
48540,0.012361155343915343,0.6155341033752214,0.058428980468835046,0.38861850913552676,0.6155341033752214,0.1887392595219653,49.99893442622948,49.99893442622948
48600,0.01236,0.6144157976645612,0.05841299406232593,0.38798580546390393,0.6144157976645612,0.18829746704742759,49.998934426229425,49.99893442622948
48660,0.012358871111111112,0.613300954691878,0.05839706060429,0.3873550840859759,0.613300954691878,0.18786030386018016,49.99893442622948,49.99893442622948
48720,0.012357768888888888,0.6121895666597904,0.05838117980575609,0.38672633970923675,0.6121895666597904,0.18742778803411042,49.99893442622948,49.99893442622948
48780,0.012356691428571428,0.6110816254195439,0.05836535137956575,0.38609956694887776,0.6110816254195439,0.18699966042302435,49.99893442622948,49.99893442622948
48840,0.012355636825396825,0.6099771224765045,0.0583495750409352,0.38547476031800787,0.6099771224765045,0.1865756628573454,49.99893442622954,49.99893442622948
48900,0.012354603174603174,0.6088760489956115,0.05833385050790884,0.38485191422045695,0.6088760489956115,0.18615553806833174,49.99893442622954,49.99893442622948
48960,0.01235358857142857,0.6077783958067923,0.058318177501717305,0.3842310229454317,0.6077783958067923,0.18573902961310465,49.99893442622948,49.99893442622948
49020,0.012352591111111111,0.6066841534103309,0.05830255574705177,0.38361208066353564,0.6066841534103309,0.18532588180559745,49.99893442622948,49.99893442622948
49080,0.012351608888888888,0.6055933119821971,0.058286984972265574,0.38299508142381866,0.6055933119821971,0.1849158396549844,49.99893442622948,49.99893442622948
49140,0.01235064,0.6045058613793285,0.0582714649095135,0.3823800191516204,0.6045058613793285,0.1845086488116213,49.99893442622948,49.99893442622948
49200,0.012349682539682539,0.6034217911448647,0.05825599529483571,0.38176688764703703,0.6034217911448647,0.18410405551994682,49.99893442622948,49.99893442622948
49260,0.012348734603174602,0.6023410905133375,0.058240575868196226,0.3811556805838888,0.6023410905133375,0.18370180657735063,49.998934426229425,49.99893442622948
49320,0.012347794285714286,0.6012637484158074,0.058225206373480436,0.3805463915090893,0.6012637484158074,0.18330164929829068,49.998934426229425,49.99893442622948
49380,0.012346859682539683,0.6001897534849525,0.058209886558459364,0.37993901384234824,0.6001897534849525,0.1829033314827548,49.99893442622954,49.99893442622948
49440,0.012345928888888889,0.599119094060105,0.05819461617472613,0.3793335408761482,0.599119094060105,0.18250660138840413,49.99893442622948,49.99893442622948
49500,0.012344999999999998,0.5980517581922355,0.05817939497760738,0.3787299657759516,0.5980517581922355,0.18211120770582148,49.998934426229425,49.99893442622948
49560,0.012344071111111111,0.5969877336488811,0.05816422272605707,0.3781282815806002,0.5969877336488811,0.1817168995363549,49.99893442622948,49.99893442622948
49620,0.01234314031746032,0.5959270079190231,0.05814909918253313,0.3775284812028794,0.5959270079190231,0.18132342637212298,49.99893442622948,49.99893442622948
49680,0.012342205714285714,0.5948695682179025,0.058134024112861955,0.376930557430221,0.5948695682179025,0.1809305380778539,49.99893442622954,49.99893442622948
49740,0.012341265396825398,0.5938154014917845,0.05811899728609397,0.3763345029255245,0.5938154014917845,0.1805379848742689,49.99893442622948,49.99893442622948
49800,0.012340317460317461,0.5927644944226615,0.05810401847435073,0.3757403102280811,0.5927644944226615,0.18014551732275974,49.99893442622948,49.99893442622948
49860,0.01233936,0.5917168334328983,0.05808908745266825,0.37514797175458364,0.5917168334328983,0.17975288631113598,49.99893442622948,49.99893442622948
49920,0.01233839111111111,0.5906724046898177,0.05807420399883611,0.374557479800212,0.5906724046898177,0.1793598430403402,49.99893442622954,49.99893442622948
49980,0.012337408888888889,0.5896311941102266,0.058059367893235334,0.3739688265397817,0.5896311941102266,0.17896613901186195,49.99893442622948,49.99893442622948
50040,0.01233641142857143,0.5885931873648788,0.058044578918676114,0.3733820040289473,0.5885931873648788,0.1785715260158688,49.99893442622948,49.99893442622948
50100,0.012335396825396826,0.5875583698828776,0.058029836860236224,0.3727970042054519,0.5875583698828776,0.1781757561198171,49.99893442622948,49.99893442622948
50160,0.012334363174603175,0.5865267268560167,0.058015141505101495,0.37221381889041644,0.5865267268560167,0.1777785816575625,49.99893442622948,49.99893442622948
50220,0.012333308571428572,0.5854982432430558,0.05800049264240869,0.3716324397896614,0.5854982432430558,0.1773797552188111,49.99893442622948,49.99893442622948
50280,0.012332231111111112,0.5844729037739215,0.05798589006309192,0.3710528584950545,0.5844729037739215,0.17697902963877957,49.998934426229425,49.99893442622948
50340,0.012331128888888888,0.5834506929538887,0.05797133355973312,0.3704750664858833,0.5834506929538887,0.17657615798827914,49.99893442622948,49.99893442622948
50400,0.01233,0.5824315950676344,0.0579568229264169,0.3698990551302442,0.5824315950676344,0.17617089356382953,49.99893442622948,49.99893442622948
50460,0.01232883851851852,0.5814155935226426,0.057942357957719653,0.36932481544205903,0.5814155935226426,0.17576246675861495,49.99893442622954,49.99893442622948
50520,0.01232764148148148,0.5804026713483843,0.05792793844976118,0.368752338251656,0.5804026713483843,0.1753504949244765,49.99893442622954,49.99893442622948
50580,0.012326411428571429,0.5793928121014044,0.05791356420131321,0.36818161454019155,0.5793928121014044,0.17493531133462487,49.99893442622948,49.99893442622948
50640,0.0123251508994709,0.5783859998582147,0.05789923501296032,0.3676126354555633,0.5783859998582147,0.17451724776557093,49.99893442622948,49.99893442622948
50700,0.012323862433862433,0.5773822192082937,0.05788495068639987,0.3670453923241879,0.5773822192082937,0.1740966346725996,49.99893442622954,49.99893442622948
50760,0.012322548571428572,0.5763814552471862,0.05787071102386519,0.3664798766598183,0.5763814552471862,0.1736738013433726,49.998934426229425,49.99893442622948
50820,0.012321211851851853,0.5753836935697048,0.057856515827657114,0.3659160801701803,0.5753836935697048,0.17324907602995843,49.99893442622948,49.99893442622948
50880,0.012319854814814814,0.5743889202632192,0.05784236489977036,0.3653539947619739,0.5743889202632192,0.17282278606120377,49.99893442622948,49.99893442622948
50940,0.012318480000000001,0.5733971219010422,0.057828258041604734,0.3647936125446206,0.5733971219010422,0.17239525793812996,49.99893442622948,49.99893442622948
51000,0.012317089947089948,0.5724082855358983,0.05781419505374793,0.3642349258330322,0.5724082855358983,0.17196681741478792,49.99893442622948,49.99893442622948
51060,0.012315687195767195,0.5714223986934774,0.05780017573582296,0.3636779271496034,0.5714223986934774,0.1715377895669085,49.99893442622948,49.99893442622948
51120,0.012314274285714287,0.5704394493660672,0.05778619988638978,0.36312260922558043,0.5704394493660672,0.17110849885031562,49.99893442622948,49.99893442622948
51180,0.012312853756613756,0.5694594260062623,0.057772267302894816,0.36256896500192104,0.5694594260062623,0.17067926915070705,49.99893442622948,49.99893442622948
51240,0.01231142814814815,0.5684823175207475,0.05775837778166132,0.36201698762973483,0.5684823175207475,0.17025042382619685,49.99893442622954,49.99893442622948
51300,0.01231,0.5675081132641474,0.05774453111791416,0.3614666704703751,0.5675081132641474,0.1698222857436809,49.998934426229425,49.99893442622948
51360,0.012308571851851854,0.566536803032949,0.05773072710583408,0.36091800709523825,0.566536803032949,0.16939517730995904,49.99893442622954,49.99893442622948
51420,0.012307146243386245,0.5655683770594809,0.057716965538636686,0.3603709912853133,0.5655683770594809,0.16896942049832725,49.99893442622948,49.99893442622948
51480,0.012305725714285716,0.5646028260059588,0.05770324620867162,0.3598256170305214,0.5646028260059588,0.16854533687126494,49.99893442622954,49.99893442622948
51540,0.012304312804232805,0.5636401409585851,0.05768956890753894,0.3592818785288722,0.5636401409585851,0.16812324759969113,49.99893442622948,49.99893442622948
51600,0.012302910052910053,0.5626803134217072,0.05767593342621847,0.3587397701854639,0.5626803134217072,0.1677034734792253,49.998934426229425,49.99893442622948
51660,0.01230152,0.5617233353120245,0.05766233955520994,0.35819928661134515,0.5617233353120245,0.1672863349437359,49.998934426229425,49.99893442622948
51720,0.012300145185185187,0.5607691989528467,0.0576487870846817,0.35766042262225906,0.5607691989528467,0.16687215207653583,49.998934426229425,49.99893442622948
51780,0.012298788148148148,0.559817897068401,0.057635275804624166,0.35712317323728093,0.559817897068401,0.16646124461940584,49.99893442622954,49.99893442622948
51840,0.01229745142857143,0.558869422778178,0.05762180550500867,0.35658753367736373,0.558869422778178,0.16605393197963803,49.99893442622948,49.99893442622948
51900,0.012296137566137566,0.5579237695913274,0.057608375975947826,0.35605349936380004,0.5579237695913274,0.16565053323532195,49.99893442622948,49.99893442622948
51960,0.0122948491005291,0.5569809314010868,0.0575949870078565,0.3555210659166126,0.5569809314010868,0.16525136713895705,49.99893442622948,49.99893442622948
52020,0.012293588571428574,0.5560409024792524,0.05758163839161352,0.3549902291528766,0.5560409024792524,0.16485675211953416,49.998934426229425,49.99893442622948
52080,0.01229235851851852,0.5551036774706799,0.05756832991872069,0.35446098508498447,0.5551036774706799,0.16446700628320846,49.99893442622948,49.99893442622948
52140,0.012291161481481482,0.5541692513878231,0.05755506138146086,0.35393332991885657,0.5541692513878231,0.16408244741260133,49.99893442622948,49.99893442622948
52200,0.01229,0.5532376196052989,0.057541832573051656,0.3534072600521021,0.5532376196052989,0.16370339296488765,49.99893442622948,49.99893442622948
52260,0.012288866507936508,0.5523087763316582,0.05752864328531465,0.35288277150227115,0.5523087763316582,0.1633288542517901,49.99893442622948,49.99893442622948
52320,0.012287751111111111,0.5513827142767527,0.05751549330939909,0.35235985974974,0.5513827142767527,0.1629575452373624,49.998934426229425,49.99893442622948
52380,0.012286652857142857,0.5504594260135622,0.0575023824393245,0.35183852021462964,0.5504594260135622,0.16258933858532865,49.99893442622948,49.99893442622948
52440,0.012285570793650795,0.5495389039804182,0.057489310472049505,0.35131874826004317,0.5495389039804182,0.16222410709824622,49.99893442622948,49.99893442622948
52500,0.012284503968253967,0.5486211404832088,0.057476277207512465,0.35080053919418785,0.5486211404832088,0.16186172373601287,49.998934426229425,49.99893442622948
52560,0.012283451428571427,0.5477061276975677,0.057463282448647846,0.350283888271801,0.5477061276975677,0.1615020616283085,49.99893442622948,49.99893442622948
52620,0.012282412222222223,0.5467938576710417,0.05745032600138195,0.34976879069514466,0.5467938576710417,0.16114499408228183,49.998934426229425,49.99893442622948
52680,0.012281385396825396,0.5458843223252458,0.05743740767461039,0.3492552416147313,0.5458843223252458,0.1607903945866694,49.99893442622948,49.99893442622948
52740,0.01228037,0.5449775134579934,0.05742452728016053,0.34874323612989117,0.5449775134579934,0.16043813681330743,49.99893442622948,49.99893442622948
52800,0.01227936507936508,0.5440734227454123,0.05741168463274131,0.34823276928924296,0.5440734227454123,0.1600880946167468,49.99893442622954,49.99893442622948
52860,0.012278369682539684,0.5431720417440395,0.05739887954988229,0.34772383609111607,0.5431720417440395,0.1597401420326564,49.99893442622954,49.99893442622948
52920,0.012277382857142858,0.5422733618928978,0.05738611185186361,0.3472164314839483,0.5422733618928978,0.15939415327532314,49.998934426229425,49.99893442622948
52980,0.012276403650793652,0.541377374515551,0.05737338136163919,0.3467105503666786,0.541377374515551,0.15905000273467418,49.998934426229425,49.99893442622948
53040,0.012275431111111113,0.5404840708221417,0.05736068790475388,0.34620618758914445,0.5404840708221417,0.1587075649729331,49.99893442622954,49.99893442622948
53100,0.012274464285714286,0.5395934419114061,0.057348031309256836,0.34570333795249164,0.5395934419114061,0.158366714721152,49.99893442622948,49.99893442622948
53160,0.012273502222222222,0.5387054787726727,0.05733541140561051,0.34520199620959896,0.5387054787726727,0.15802732687569263,49.998934426229425,49.99893442622948
53220,0.012272543968253969,0.5378201722878337,0.057322828026598646,0.34470215706552115,0.5378201722878337,0.15768927649472184,49.99893442622954,49.99893442622948
53280,0.012271588571428573,0.5369375132333042,0.05731028100723166,0.3442038151779484,0.5369375132333042,0.15735243879477245,49.99893442622948,49.99893442622948
53340,0.012270635079365079,0.5360574922819534,0.05729777018465201,0.3437069651576851,0.5360574922819534,0.15701668914740877,49.99893442622954,49.99893442622948
53400,0.012269682539682539,0.5351801000050174,0.0572852953980394,0.3432116015691453,0.5351801000050174,0.1566819030759996,49.99893442622948,49.99893442622948
53460,0.012268729999999999,0.534305326873992,0.057272856488516315,0.3427177189308641,0.534305326873992,0.15634795625262096,49.998934426229425,49.99893442622948
53520,0.012267776507936508,0.5334331632625019,0.057260453299054444,0.34222531171602355,0.5334331632625019,0.1560147244950597,49.99893442622954,49.99893442622948
53580,0.01226682111111111,0.5325635994481481,0.05724808567438266,0.34173437435299353,0.5325635994481481,0.15568208376395257,49.998934426229425,49.99893442622948
53640,0.012265862857142857,0.5316966256143373,0.05723575346089673,0.341244901225884,0.5316966256143373,0.15534991016000899,49.99893442622937,49.99893442622948
53700,0.012264900793650795,0.5308322318520833,0.05722345650657047,0.34075688667510806,0.5308322318520833,0.15501807992137356,49.99893442622954,49.99893442622948
53760,0.012263933968253968,0.5299704081617922,0.05721119466086988,0.34027032499795623,0.5299704081617922,0.15468646942103637,49.99893442622948,49.99893442622948
53820,0.01226296142857143,0.529111144455022,0.05719896777466889,0.33978521044917737,0.529111144455022,0.1543549551643626,49.99893442622948,49.99893442622948
53880,0.012261982222222221,0.5282544305562223,0.05718677570016808,0.3393015372415687,0.5282544305562223,0.15402341378666365,49.99893442622948,49.99893442622948
53940,0.012260995396825396,0.5274002562044503,0.05717461829081597,0.33881929954657125,0.5274002562044503,0.15369172205086484,49.99893442622948,49.99893442622948
54000,0.01226,0.5265486110550636,0.05716249540123268,0.33833849149486994,0.5265486110550636,0.15335975684519212,49.99893442622954,49.99893442622948
54060,0.012258993555555554,0.525699484470957,0.0571504068867299,0.33785910709728495,0.525699484470957,0.15302719977761756,49.99893442622948,49.99893442622948
54120,0.012257975111111112,0.5248528657371155,0.057138352603795524,0.33738114032154437,0.5248528657371155,0.15269392850194718,49.99893442622948,49.99893442622948
54180,0.012256946000000001,0.5240087443760624,0.05712633241061162,0.33690458521280775,0.5240087443760624,0.15236011367944935,49.99893442622948,49.99893442622948
54240,0.012255907555555556,0.5231671101448717,0.05711434616674639,0.3364294358999745,0.5231671101448717,0.1520259251781252,49.99893442622948,49.99893442622948
54300,0.012254861111111112,0.5223279530322147,0.05710239373289311,0.33595568660043085,0.5223279530322147,0.15169153219052092,49.99893442622948,49.99893442622948
54360,0.012253808000000001,0.5214912632554396,0.05709047497065037,0.3354833316236372,0.5214912632554396,0.15135710332665156,49.99893442622948,49.99893442622948
54420,0.012252749555555558,0.5206570312576845,0.0570785897423391,0.3350123653738368,0.5206570312576845,0.15102280668805654,49.99893442622954,49.99893442622948
54480,0.012251687111111109,0.5198252477050227,0.057066737910852976,0.33454278235209234,0.5198252477050227,0.1506888099273425,49.99893442622954,49.99893442622948
54540,0.012250622000000001,0.5189959034836374,0.057054919339537304,0.33407457715779465,0.5189959034836374,0.15035528029650946,49.99893442622948,49.99893442622948
54600,0.012249555555555555,0.5181689896970303,0.05704313389209346,0.3336077444897559,0.5181689896970303,0.1500223846864766,49.99893442622954,49.99893442622948
54660,0.01224848911111111,0.5173444976632534,0.057031381432506245,0.3331422791469705,0.5173444976632534,0.14969028965958922,49.99893442622948,49.99893442622948
54720,0.012247424,0.5165224189121752,0.057019661824990624,0.33267817602910416,0.5165224189121752,0.149359161476565,49.99893442622948,49.99893442622948
54780,0.012246361555555557,0.5157027451827725,0.0570079749339562,0.3322154301367653,0.5157027451827725,0.1490291661188941,49.99893442622948,49.99893442622948
54840,0.01224530311111111,0.5148854684204465,0.056996320623985984,0.3317540365715917,0.5148854684204465,0.1487004693075673,49.99893442622948,49.99893442622948
54900,0.01224425,0.5140705807743697,0.05698469875982886,0.33129399053618647,0.5140705807743697,0.1483732365187218,49.99893442622948,49.99893442622948
54960,0.012243203555555556,0.5132580745948535,0.05697310920640275,0.33083528733392714,0.5132580745948535,0.1480476329967528,49.99893442622948,49.99893442622948
55020,0.012242165111111113,0.5124479424307449,0.05696155182880741,0.3303779223686666,0.5124479424307449,0.1477238237652972,49.99893442622948,49.99893442622948
55080,0.012241136000000001,0.5116401770268427,0.0569500264923458,0.32992189114434395,0.5116401770268427,0.14740197363637342,49.99893442622954,49.99893442622948
55140,0.012240117555555556,0.5108347713213408,0.05693853306255139,0.32946718926451607,0.5108347713213408,0.1470822472180199,49.99893442622954,49.99893442622948
55200,0.012239111111111112,0.5100317184432903,0.056927071405222004,0.32901381243182315,0.5100317184432903,0.14676480892051746,49.998934426229425,49.99893442622948
55260,0.012238118000000003,0.5092310117100881,0.05691564138645796,0.32856175644739677,0.5092310117100881,0.14644982296151351,49.99893442622948,49.99893442622948
55320,0.012237139555555557,0.5084326446249814,0.05690424287270388,0.32811101721021674,0.5084326446249814,0.14613745337005976,49.99893442622948,49.99893442622948
55380,0.01223617711111111,0.5076366108745962,0.056892875730793366,0.3276615907164264,0.5076366108745962,0.14582786398980904,49.99893442622948,49.99893442622948
55440,0.012235232,0.5068429043264862,0.056881539827996395,0.32721347305860776,0.5068429043264862,0.14552121848131083,49.99893442622948,49.99893442622948
55500,0.012234305555555557,0.5060515190266978,0.05687023503206766,0.32676666042502567,0.5060515190266978,0.14521768032368668,49.99893442622948,49.99893442622948
55560,0.012233399111111114,0.5052624491973567,0.05685896121129654,0.3263211490988412,0.5052624491973567,0.14491741281554898,49.99893442622948,49.99893442622948
55620,0.012232514,0.5044756892342718,0.05684771823455736,0.3258769354573001,0.5044756892342718,0.14462057907538323,49.99893442622954,49.99893442622948
55680,0.012231651555555558,0.5036912337045566,0.05683650597135994,0.32543401597089866,0.5036912337045566,0.14432734204135955,49.998934426229425,49.99893442622948
55740,0.012230813111111113,0.5029090773442666,0.05682532429189984,0.3249923872025292,0.5029090773442666,0.14403786447062727,49.99893442622948,49.99893442622948
55800,0.012230000000000001,0.5021292150560553,0.056814173067108134,0.324552045806608,0.5021292150560553,0.1437523089381702,49.99893442622948,49.99893442622948
55860,0.012229208740740741,0.501351641296437,0.056803052167355934,0.3241129882940865,0.501351641296437,0.14347022504582435,49.99893442622948,49.99893442622948
55920,0.012228434370370371,0.5005763498950725,0.05679196146248456,0.3236752109500251,0.5005763498950725,0.14319097561244604,49.99893442622948,49.99893442622948
55980,0.012227676,0.4998033345775523,0.05678090082343855,0.3232387100198284,0.4998033345775523,0.1429144437556763,49.99893442622954,49.99893442622948
56040,0.012226932740740739,0.49903258896709024,0.0567698701223383,0.32280348170931566,0.49903258896709024,0.1426405128049102,49.99893442622948,49.99893442622948
56100,0.012226203703703703,0.49826410658774933,0.05675886923258457,0.32236952217905745,0.49826410658774933,0.14236906628682233,49.99893442622948,49.99893442622948
56160,0.012225488000000003,0.49749788086099755,0.056747898028748106,0.3219368275614176,0.49749788086099755,0.1420999879640777,49.99893442622948,49.99893442622948
56220,0.012224784740740742,0.49673390511317356,0.05673695638674548,0.3215053939433435,0.49673390511317356,0.14183316178576505,49.99893442622948,49.99893442622948
56280,0.012224093037037037,0.4959721725747674,0.05672604418380373,0.32107521737214917,0.4959721725747674,0.1415684718976381,49.99893442622948,49.99893442622948
56340,0.012223412,0.4952126763820941,0.05671516129846415,0.3206462938555644,0.4952126763820941,0.141305802636189,49.99893442622954,49.99893442622948
56400,0.01222274074074074,0.49445540957895934,0.05670430761057745,0.3202186193618285,0.49445540957895934,0.14104503852282096,49.99893442622948,49.99893442622948
56460,0.012222078370370369,0.4937003651182468,0.05669348300129068,0.31979218981982604,0.4937003651182468,0.14078606425834228,49.998934426229425,49.99893442622948
56520,0.012221424,0.49294753586350526,0.056682687353028324,0.3193670011192651,0.49294753586350526,0.1405287647177903,49.99893442622954,49.99893442622948
56580,0.012220776740740744,0.49219691459051385,0.05667192054946752,0.3189430491108936,0.49219691459051385,0.14027302494566243,49.99893442622948,49.99893442622948
56640,0.012220135703703705,0.4914484939888331,0.05666118247550846,0.3185203296067531,0.4914484939888331,0.1400187301515564,49.99893442622948,49.99893442622948
56700,0.012219500000000001,0.4907022666633387,0.05665047301724098,0.31809883838046343,0.4907022666633387,0.1397657657061301,49.99893442622948,49.99893442622948
56760,0.01221886874074074,0.489958225135738,0.05663979206190814,0.3176785711675375,0.489958225135738,0.13951401713744926,49.99893442622948,49.99893442622948
56820,0.012218241037037038,0.4892163618460726,0.05662913949786687,0.31725952366572274,0.4892163618460726,0.13926337012764567,49.998934426229425,49.99893442622948
56880,0.012217616,0.48847666915420335,0.05661851521454685,0.3168416915353645,0.48847666915420335,0.13901371050981623,49.99893442622954,49.99893442622948
56940,0.01221699274074074,0.4877391393412796,0.05660791910240785,0.3164250703997922,0.4877391393412796,0.13876492426523515,49.99893442622954,49.99893442622948
57000,0.01221637037037037,0.48700376461119266,0.05659735105289599,0.31600965584572105,0.48700376461119266,0.13851689752073262,49.99893442622948,49.99893442622948
57060,0.012215748,0.4862705370920128,0.05658681095839913,0.31559544342367246,0.4862705370920128,0.13826951654632577,49.99893442622948,49.99893442622948
57120,0.01221512474074074,0.4855394488374092,0.056576298712202024,0.3151824286484064,0.4855394488374092,0.13802266775295235,49.99893442622948,49.99893442622948
57180,0.012214499703703705,0.48481049182805414,0.05656581420844137,0.3147706069993663,0.48481049182805414,0.13777623769042252,49.99893442622948,49.99893442622948
57240,0.012213872000000002,0.4840836579730113,0.056555357342060845,0.31435997392113496,0.4840836579730113,0.137530113045443,49.998934426229425,49.99893442622948
57300,0.012213240740740742,0.48335893911110545,0.056544928008766815,0.31395052482389846,0.48335893911110545,0.13728418063976122,49.99893442622948,49.99893442622948
57360,0.012212605037037038,0.4826363270122775,0.05653452610498454,0.31354225508391836,0.4826363270122775,0.13703832742841296,49.998934426229425,49.99893442622948
57420,0.012211964,0.4819158133789215,0.0565241515278148,0.3131351600440095,0.4819158133789215,0.13679244049803854,49.99893442622954,49.99893442622948
57480,0.012211316740740741,0.48119738984720584,0.05651380417499161,0.31272923501402367,0.48119738984720584,0.13654640706525156,49.99893442622948,49.99893442622948
57540,0.012210662370370372,0.48048104798837704,0.05650348394484103,0.3123244752713361,0.48048104798837704,0.13630011447504256,49.99893442622948,49.99893442622948
57600,0.01221,0.47976677931004663,0.056493190736240775,0.311920876061337,0.47976677931004663,0.13605345019925377,49.99893442622948,49.99893442622948
57660,0.012209326172839506,0.4790545749587739,0.056482924447845126,0.31151843248190403,0.4790545749587739,0.13580597784274182,49.998934426229425,49.99893442622948
57720,0.01220863901234568,0.47834442590888115,0.0564726849786812,0.31111713955042763,0.47834442590888115,0.13555746146529268,49.99893442622948,49.99893442622948
57780,0.012207939999999999,0.47763632335367756,0.05646247222911376,0.3107169923547387,0.47763632335367756,0.1353080889469197,49.99893442622948,49.99893442622948
57840,0.01220723061728395,0.4769302587027182,0.05645228610060466,0.310317986059342,0.4769302587027182,0.13505804721141965,49.99893442622948,49.99893442622948
57900,0.012206512345679014,0.4762262235790958,0.056442126495507096,0.30992011591017354,0.4762262235790958,0.13480752237599902,49.99893442622948,49.99893442622948
57960,0.012205786666666666,0.4755242098167645,0.056431993316890916,0.30952337723823214,0.4755242098167645,0.1345566998673344,49.99893442622948,49.99893442622948
58020,0.012205055061728396,0.4748242094578958,0.05642188646839582,0.3091277654623468,0.4748242094578958,0.13430576451255705,49.99893442622948,49.99893442622948
58080,0.012204319012345678,0.47412621475026273,0.056411805854109535,0.3087332760912683,0.47412621475026273,0.13405490061126865,49.99893442622948,49.99893442622948
58140,0.01220358,0.4734302181446546,0.05640175137846786,0.30833990472523015,0.4734302181446546,0.13380429199311442,49.99893442622948,49.99893442622948
58200,0.012202839506172838,0.47273621229232,0.056391722946174845,0.30794764705708455,0.47273621229232,0.13355412206405423,49.998934426229425,49.99893442622948
58260,0.01220209901234568,0.4720441900424358,0.05638172046214017,0.30755649887309916,0.4720441900424358,0.133304573843935,49.99893442622948,49.99893442622948
58320,0.012201359999999998,0.4713541444396053,0.05637174383143207,0.3071664560534779,0.4713541444396053,0.13305582999703633,49.99893442622948,49.99893442622948
58380,0.012200623950617285,0.47066606872137867,0.05636179295924369,0.3067775145726545,0.47066606872137867,0.13280807285708723,49.99893442622948,49.99893442622948
58440,0.012199892345679012,0.4699799563158013,0.056351867750871906,0.3063896704994015,0.4699799563158013,0.13256148444775237,49.99893442622948,49.99893442622948
58500,0.012199166666666667,0.46929580083898476,0.05634196811170605,0.3060029199967844,0.46929580083898476,0.13231624649948243,49.99893442622954,49.99893442622948
58560,0.012198448395061729,0.46861359609270026,0.05633209394722592,0.30561725932198675,0.46861359609270026,0.13207254046328928,49.99893442622948,49.99893442622948
58620,0.01219773901234568,0.4679333360619974,0.05632224516300788,0.3052326848260275,0.4679333360619974,0.13183054752199785,49.99893442622948,49.99893442622948
58680,0.012197040000000001,0.46725501491284066,0.0563124216647375,0.30484919295338686,0.46725501491284066,0.13159044859939728,49.99893442622948,49.99893442622948
58740,0.012196352839506175,0.46657862698977065,0.05630262335822817,0.3044667802415541,0.46657862698977065,0.13135242436755878,49.99893442622948,49.99893442622948
58800,0.01219567901234568,0.4659041668135836,0.05629285014944426,0.30408544332051024,0.4659041668135836,0.13111665525264243,49.99893442622954,49.99893442622948
58860,0.01219502,0.46523162907903043,0.05628310194452898,0.30370517891215326,0.46523162907903043,0.13088332143930528,49.99893442622948,49.99893442622948
58920,0.01219437728395062,0.4645610086525364,0.05627337864983525,0.30332598382967535,0.4645610086525364,0.1306526028740013,49.99893442622954,49.99893442622948
58980,0.012193752345679014,0.4638923005699362,0.05626368017195909,0.30294785497689714,0.4638923005699362,0.1304246792672603,49.99893442622948,49.99893442622948
59040,0.012193146666666668,0.46322550003422985,0.05625400641777602,0.30257078934756737,0.46322550003422985,0.1301997300949702,49.99893442622948,49.99893442622948
59100,0.012192561728395062,0.46256060241335323,0.056244357294478284,0.3021947840246287,0.46256060241335323,0.12997793459895934,49.99893442622954,49.99893442622948
59160,0.01219199901234568,0.46189760323796564,0.056234732709613953,0.3018198361794579,0.46189760323796564,0.12975947178676378,49.99893442622948,49.99893442622948
59220,0.012191460000000001,0.46123649819925355,0.05622513257112652,0.3014459430710811,0.46123649819925355,0.12954452043075218,49.998934426229425,49.99893442622948
59280,0.012190946172839508,0.4605772831467497,0.0562155567873951,0.30107310204536747,0.4605772831467497,0.12933325906665596,49.998934426229425,49.99893442622948
59340,0.012190459012345679,0.4599199540861651,0.05620600526727505,0.30070131053420573,0.4599199540861651,0.1291258659914896,49.99893442622948,49.99893442622948
59400,0.012190000000000001,0.45926450717723716,0.05619647792013796,0.300330566054663,0.45926450717723716,0.1289225192610125,49.99893442622948,49.99893442622948
59460,0.012189566419753087,0.45861093828279276,0.05618697465470188,0.29996086603157235,0.45861093828279276,0.12872287175694316,49.99893442622948,49.99893442622948
59520,0.012189153580246914,0.4579592427624214,0.056177495378753904,0.299592207706832,0.4579592427624214,0.12852633087963186,49.99893442622948,49.99893442622948
59580,0.01218876,0.45730941582098183,0.05616804000044372,0.2992245882645342,0.45730941582098183,0.12833270725537033,49.99893442622948,49.99893442622948
59640,0.012188384197530865,0.456661452510928,0.05615860842839829,0.2988580048292827,0.456661452510928,0.12814181203159297,49.99893442622954,49.99893442622948
59700,0.012188024691358027,0.4560153477346165,0.05614920057181662,0.2984924544648959,0.4560153477346165,0.12795345683462464,49.99893442622948,49.99893442622948
59760,0.012187680000000001,0.4553710962465952,0.05613981634054519,0.29812793417343075,0.4553710962465952,0.12776745373447002,49.99893442622954,49.99893442622948
59820,0.01218734864197531,0.4547286926558732,0.05613045564513739,0.29776444089447457,0.4547286926558732,0.12758361521533276,49.99893442622954,49.99893442622948
59880,0.012187029135802468,0.4540881314281717,0.056121118396897804,0.29740197150466147,0.4540881314281717,0.1274017541508351,49.99893442622948,49.99893442622948
59940,0.012186720000000002,0.45344940688815416,0.05611180450791388,0.2970405228173782,0.45344940688815416,0.1272216837830999,49.99893442622954,49.99893442622948
60000,0.01218641975308642,0.45281251322163585,0.05610251389107588,0.29668009158262665,0.45281251322163585,0.12704321770496982,49.99893442622948,49.99893442622948
60060,0.012186126913580246,0.45217744447777286,0.056093246460086905,0.2963206744870231,0.45217744447777286,0.12686616984488214,49.99893442622948,49.99893442622948
60120,0.01218584,0.4515441945712301,0.05608400212946419,0.2959622681539087,0.4515441945712301,0.12669035445383997,49.99893442622954,49.99893442622948
60180,0.0121855575308642,0.4509127572843269,0.05607478081453282,0.2956048691435577,0.4509127572843269,0.12651558609414057,49.99893442622948,49.99893442622948
60240,0.012185278024691359,0.45028312626916045,0.05606558243141246,0.2952484739534672,0.45028312626916045,0.12634167962963022,49.99893442622948,49.99893442622948
60300,0.012185000000000001,0.4496552950497078,0.056056406896998826,0.29489307901871536,0.4496552950497078,0.12616845021704198,49.99893442622948,49.99893442622948
60360,0.012184721975308644,0.44902925702390306,0.05604725412894041,0.2945386807123806,0.44902925702390306,0.12599571329837866,49.998934426229425,49.99893442622948
60420,0.012184442469135802,0.44840500546569356,0.05603812404561062,0.2941852753460098,0.44840500546569356,0.12582328459411343,49.99893442622948,49.99893442622948
60480,0.012184160000000001,0.44778253352948594,0.0560290165660779,0.2938328591700971,0.44778253352948594,0.12565098009729173,49.998934426229425,49.99893442622948
60540,0.012183873086419755,0.4471618342441218,0.05601993161006893,0.29348142837472757,0.4471618342441218,0.12547861606668959,49.998934426229425,49.99893442622948
60600,0.012183580246913581,0.4465429005240593,0.05601086909793575,0.29313097909006514,0.4465429005240593,0.12530600902321004,49.99893442622948,49.99893442622948
60660,0.012183280000000001,0.44592572516753237,0.05600182895061685,0.29278150738698533,0.44592572516753237,0.12513297574424556,49.99893442622948,49.99893442622948
60720,0.012182970864197533,0.445310300858624,0.05599281108959822,0.2924330092777013,0.445310300858624,0.12495933325908187,49.99893442622948,49.99893442622948
60780,0.012182651358024692,0.44469662016921996,0.055983815436872975,0.29208548071640955,0.44469662016921996,0.12478489884448984,49.998934426229425,49.99893442622948
60840,0.01218232,0.4440846755609111,0.05597484191490086,0.29173891759995024,0.4440846755609111,0.12460949002043835,49.99893442622948,49.99893442622948
60900,0.012181975308641976,0.44347445938685937,0.05596589044656711,0.29139331576847854,0.44347445938685937,0.12443292454595038,49.99893442622948,49.99893442622948
60960,0.012181615802469136,0.442865963893634,0.05595696095514124,0.29104867100614706,0.442865963893634,0.12425502041497041,49.99893442622948,49.99893442622948
61020,0.01218124,0.44225918122302077,0.05594805336423609,0.29070497904179515,0.44225918122302077,0.12407559585227149,49.99893442622948,49.99893442622948
61080,0.012180846419753087,0.44165410341362105,0.055939167597767264,0.2903622355496449,0.44165410341362105,0.12389446930933931,49.998934426229425,49.99893442622948
61140,0.012180433580246914,0.44105072240325466,0.055930303579912986,0.29002043614999673,0.44105072240325466,0.12371145946031516,49.99893442622948,49.99893442622948
61200,0.01218,0.4404490300298728,0.05592146123507439,0.2896795764099339,0.4404490300298728,0.12352638519773061,49.99893442622948,49.99893442622948
61260,0.01217954098765432,0.43984901771830365,0.055912640486914605,0.28933965171835335,0.43984901771830365,0.12333866829324769,49.99893442622948,49.99893442622948
61320,0.012179053827160493,0.43925067667978784,0.055903841259055495,0.28900065735900426,0.43925067667978784,0.12314797641016631,49.99893442622948,49.99893442622948
61380,0.01217854,0.43865399832537477,0.05589506347628277,0.2886625886741343,0.43865399832537477,0.12295449700015462,49.99893442622948,49.99893442622948
61440,0.01217800098765432,0.438058974263495,0.05588630706432333,0.2883254410710326,0.438058974263495,0.12275841639705445,49.998934426229425,49.99893442622948
61500,0.012177438271604937,0.4374655962975703,0.05587757194965233,0.28798921002714223,0.4374655962975703,0.12255991999066099,49.998934426229425,49.99893442622948
61560,0.012176853333333335,0.4368738564236548,0.055868858059326856,0.287653891094055,0.4368738564236548,0.1223591923634709,49.99893442622948,49.99893442622948
61620,0.012176247654320987,0.43628374682811116,0.05586016532084443,0.28731947990062917,0.43628374682811116,0.12215641739920972,49.99893442622948,49.99893442622948
61680,0.012175622716049382,0.435695259885316,0.055851493662023084,0.2869859721554088,0.435695259885316,0.12195177836981286,49.99893442622948,49.99893442622948
61740,0.012174979999999998,0.43510838815539693,0.05584284301090109,0.28665336364848687,0.43510838815539693,0.12174545800561015,49.99893442622948,49.99893442622948
61800,0.012174320987654318,0.4345231243819988,0.05583421329565441,0.2863216502529192,0.4345231243819988,0.12153763855240172,49.99893442622948,49.99893442622948
61860,0.012173647160493826,0.43393946149007817,0.0558256044445297,0.2859908279257746,0.43393946149007817,0.1213285018182159,49.99893442622954,49.99893442622948
61920,0.01217296,0.4333573925837256,0.055817016385791514,0.2856608927088869,0.4333573925837256,0.12111822921177964,49.99893442622954,49.99893442622948
61980,0.012172260987654322,0.432776910944015,0.05580844904768194,0.2853318407293651,0.432776910944015,0.12090700177440189,49.99893442622948,49.99893442622948
62040,0.012171551604938272,0.43219801002687946,0.055799902358391225,0.2850036681999008,0.43219801002687946,0.12069500020647447,49.99893442622948,49.99893442622948
62100,0.012170833333333334,0.43162068346101096,0.05579137624603842,0.2846763714189088,0.43162068346101096,0.12048240488960396,49.998934426229425,49.99893442622948
62160,0.012170107654320986,0.4310449250457864,0.05578287063866042,0.2843499467705291,0.4310449250457864,0.12026939590510802,49.99893442622948,49.99893442622948
62220,0.012169376049382716,0.4304707287492148,0.055774385464208896,0.28402439072451163,0.4304707287492148,0.12005615304952348,49.998934426229425,49.99893442622948
62280,0.012168640000000001,0.42989808870591045,0.055765920650553524,0.283699699836004,0.42989808870591045,0.1198428558476273,49.99893442622954,49.99893442622948
62340,0.012167900987654318,0.4293269992150853,0.055757476125491374,0.2833758707452553,0.4293269992150853,0.11962968356328718,49.99893442622948,49.99893442622948
62400,0.01216716049382716,0.42875745473856475,0.05574905181676092,0.28305290017725093,0.42875745473856475,0.1194168152085639,49.99893442622948,49.99893442622948
62460,0.012166419999999999,0.428189449898823,0.05574064765206067,0.2827307849412879,0.428189449898823,0.11920442955121235,49.99893442622954,49.99893442622948
62520,0.01216568098765432,0.4276229794770403,0.055732263559071175,0.2824095219304984,0.4276229794770403,0.11899270512090031,49.99893442622948,49.99893442622948
62580,0.012164944938271603,0.4270580384111754,0.055723899465480495,0.2820891081213318,0.4270580384111754,0.11878182021419623,49.99893442622948,49.99893442622948
62640,0.012164213333333332,0.4264946217940626,0.05571555529901151,0.28176954057299797,0.4264946217940626,0.11857195289861018,49.99893442622948,49.99893442622948
62700,0.012163487654320987,0.4259327248715215,0.055707230987452276,0.28145081642687997,0.4259327248715215,0.11836328101562243,49.998934426229425,49.99893442622948
62760,0.01216276938271605,0.4253723430404875,0.05569892645868739,0.28113293290591845,0.4253723430404875,0.1181559821830083,49.99893442622948,49.99893442622948
62820,0.012162059999999999,0.4248134718471566,0.05569064164073096,0.2808158873139734,0.4248134718471566,0.11795023379634995,49.99893442622948,49.99893442622948
62880,0.01216136098765432,0.42425610698514943,0.05568237646176032,0.2804996770351644,0.42425610698514943,0.11774621302994825,49.99893442622948,49.99893442622948
62940,0.012160673827160493,0.42370024429368736,0.05567413085015081,0.28018429953319435,0.42370024429368736,0.11754409683705241,49.99893442622948,49.99893442622948
63000,0.012159999999999999,0.4231458797557868,0.0556659047345108,0.27986975235065736,0.4231458797557868,0.11734406194960274,49.99893442622948,49.99893442622948
63060,0.012159326172839505,0.4225930081530152,0.05565769803953475,0.27955603256625544,0.4225930081530152,0.11714446788698873,49.998934426229425,49.99893442622948
63120,0.012158639012345679,0.42204162308163834,0.05564951068670395,0.2792431367737906,0.42204162308163834,0.1169436795501838,49.99893442622948,49.99893442622948
63180,0.012157939999999997,0.421491718304983,0.055641342599055135,0.278931061605894,0.421491718304983,0.1167418824325486,49.99893442622954,49.99893442622948
63240,0.01215723061728395,0.42094328775145473,0.055633193701016985,0.27861980374224876,0.42094328775145473,0.11653926067967768,49.998934426229425,49.99893442622948
63300,0.012156512345679013,0.4203963255125804,0.05562506391826597,0.27830935991598243,0.4203963255125804,0.11633599732242923,49.998934426229425,49.99893442622948
63360,0.012155786666666666,0.419850825841072,0.05561695317759993,0.27799972691864194,0.419850825841072,0.11613227445761909,49.998934426229425,49.99893442622948
63420,0.012155055061728395,0.41930678314891373,0.05560886140682745,0.277690901604063,0.41930678314891373,0.1159282733892685,49.99893442622948,49.99893442622948
63480,0.012154319012345677,0.4187641920054698,0.05560078853467201,0.2773828808913707,0.4187641920054698,0.11572417473963897,49.99893442622948,49.99893442622948
63540,0.012153579999999999,0.4182230471356129,0.05559273449068922,0.27707566176729176,0.4182230471356129,0.11552015853718584,49.99893442622948,49.99893442622948
63600,0.012152839506172838,0.41768334341787217,0.055584699205195646,0.27676924128791874,0.41768334341787217,0.11531640428654942,49.99893442622948,49.99893442622948
63660,0.01215209901234568,0.4171450758826007,0.05557668260920856,0.27646361658003576,0.4171450758826007,0.11511309102449778,49.99893442622954,49.99893442622948
63720,0.012151359999999998,0.41660823971016236,0.05556868463439556,0.27615878484208867,0.41660823971016236,0.11491039736485492,49.99893442622948,49.99893442622948
63780,0.012150623950617286,0.4160728302291352,0.05556070521303203,0.2758547433448692,0.4160728302291352,0.11470850153474149,49.998934426229425,49.99893442622948
63840,0.01214989234567901,0.4155388429145331,0.055552744277967206,0.2755514894319638,0.4155388429145331,0.11450758140367939,49.99893442622954,49.99893442622948
63900,0.012149166666666666,0.41500627338604273,0.05554480176259633,0.27524902052001116,0.41500627338604273,0.1143078145072205,49.99893442622948,49.99893442622948
63960,0.012148448395061727,0.41447511740627874,0.05553687760083972,0.2749473340988018,0.41447511740627874,0.11410937806583749,49.99893442622948,49.99893442622948
64020,0.012147739012345678,0.41394537087905303,0.055528971727126876,0.27464642773124687,0.41394537087905303,0.11391244900021483,49.998934426229425,49.99893442622948
64080,0.01214704,0.4134170298476585,0.055521084076385396,0.2743462990532386,0.4134170298476585,0.11371720394337911,49.99893442622948,49.99893442622948
64140,0.012146352839506172,0.41289009049316766,0.05551321458403443,0.2740469457734211,0.41289009049316766,0.11352381925026514,49.998934426229425,49.99893442622948
64200,0.012145679012345678,0.4123645491327458,0.055505363185981586,0.27374836567288385,0.4123645491327458,0.11333247100519743,49.998934426229425,49.99893442622948
64260,0.01214502,0.41184040221797624,0.05549752981862351,0.27345055660479367,0.41184040221797624,0.1131433350274704,49.99893442622948,49.99893442622948
64320,0.012144377283950616,0.41131764633319834,0.05548971441884895,0.27315351649397246,0.41131764633319834,0.1129565868754932,49.99893442622954,49.99893442622948
64380,0.012143752345679012,0.41079627819385867,0.05548191692404447,0.2728572433364291,0.41079627819385867,0.11277240184952216,49.99893442622954,49.99893442622948
64440,0.012143146666666667,0.41027629464487225,0.055474137272102236,0.2725617351988539,0.41027629464487225,0.11259095499331223,49.998934426229425,49.99893442622948
64500,0.012142561728395061,0.40975769265899714,0.05546637540142981,0.2722669902180809,0.40975769265899714,0.1124124210947138,49.998934426229425,49.99893442622948
64560,0.012141999012345679,0.40924046933521724,0.05545863125096111,0.27197300660052,0.40924046933521724,0.11223697468548122,49.99893442622948,49.99893442622948
64620,0.01214146,0.4087246218971376,0.055450904760168944,0.2716797826215688,0.4087246218971376,0.11206479004017525,49.99893442622954,49.99893442622948
64680,0.012140946172839506,0.4082101476913881,0.05544319586907825,0.27138731662500104,0.4082101476913881,0.11189604117450072,49.99893442622954,49.99893442622948
64740,0.01214045901234568,0.4076970441860362,0.05543550451828043,0.271095607022339,0.4076970441860362,0.11173090184289586,49.99893442622948,49.99893442622948
64800,0.01214,0.4071853089690113,0.055427830648948316,0.2708046522922101,0.4071853089690113,0.11156954553560945,49.99893442622948,49.99893442622948
64860,0.012139562839506174,0.40667493909433994,0.055420174200702395,0.27051445071323876,0.40667493909433994,0.11141120071433994,49.99893442622954,49.99893442622948
64920,0.012139139753086418,0.4061659309653432,0.05541253511151837,0.2702250003031356,0.4061659309653432,0.11125491872659271,49.99893442622948,49.99893442622948
64980,0.012138729999999999,0.40565828093030387,0.05540491331999495,0.2699362990489839,0.40565828093030387,0.11110060814128116,49.99893442622948,49.99893442622948
65040,0.012138332839506173,0.4051519852833006,0.055397308765357686,0.26964834490848,0.4051519852833006,0.11094090647117022,49.99893442622948,49.99893442622948
65100,0.012137947530864198,0.40464704026503767,0.05538972138745938,0.26936113581093085,0.40464704026503767,0.11077498409472156,49.998934426229425,49.99893442622948
65160,0.012137573333333334,0.40414344206366376,0.055382151126776205,0.26907466965806986,0.40414344206366376,0.11061117490685242,49.99893442622954,49.99893442622948
65220,0.01213720950617284,0.40364118681558697,0.05537459792440139,0.2687889443247383,0.40364118681558697,0.11044935944019348,49.99893442622948,49.99893442622948
65280,0.012136855308641975,0.4031402706062811,0.0553670617220358,0.2685039576594685,0.4031402706062811,0.11028941820487055,49.99893442622948,49.99893442622948
65340,0.01213651,0.402640689471085,0.055359542461976316,0.26821970748499063,0.402640689471085,0.11013123170122574,49.998934426229425,49.99893442622948
65400,0.012136172839506172,0.402142439395995,0.05535204008710247,0.26793619159868703,0.402142439395995,0.10997468042969018,49.99893442622954,49.99893442622948
65460,0.01213584308641975,0.4016455163184492,0.05534455454086084,0.26765340777300306,0.4016455163184492,0.10981964489855447,49.998934426229425,49.99893442622948
65520,0.012135519999999999,0.40114991612810535,0.055337085767248495,0.26737135375582816,0.40114991612810535,0.10966600563002717,49.99893442622948,49.99893442622948
65580,0.012135202839506172,0.40065563466761034,0.055329633710795224,0.267090027270854,0.40065563466761034,0.10951364316517487,49.998934426229425,49.99893442622948
65640,0.01213489086419753,0.40016266773336273,0.05532219831654435,0.26680942601791546,0.40016266773336273,0.10936243806792718,49.99893442622948,49.99893442622948
65700,0.012134583333333332,0.39967101107626696,0.055314779530033345,0.2665295476733182,0.39967101107626696,0.10921227092828892,49.99893442622948,49.99893442622948
65760,0.01213427950617284,0.3991806604024816,0.05530737729727346,0.26625038989015787,0.3991806604024816,0.10906302236513245,49.998934426229425,49.99893442622948
65820,0.012133978641975308,0.3986916113741577,0.05529999156472906,0.26597195029863097,0.3986916113741577,0.10891457302849093,49.99893442622948,49.99893442622948
65880,0.012133679999999999,0.3982038596101709,0.05529262227929665,0.2656942265063413,0.3982038596101709,0.10876680360153766,49.99893442622948,49.99893442622948
65940,0.012133382839506173,0.39771740068684575,0.05528526938828374,0.265417216098602,0.39771740068684575,0.10861959480233253,49.998934426229425,49.99893442622948
66000,0.012133086419753086,0.39723223013867126,0.0552779328393876,0.2651409166387347,0.39723223013867126,0.10847282738533749,49.99893442622954,49.99893442622948
66060,0.012132790000000001,0.3967483434590096,0.055270612580674075,0.26486532566836607,0.3967483434590096,0.108326382142783,49.99893442622948,49.99893442622948
66120,0.012132492839506175,0.39626573610079674,0.05526330856055658,0.2645904407077226,0.39626573610079674,0.10818013990587519,49.998934426229425,49.99893442622948
66180,0.012132194197530864,0.39578440347723465,0.055256020727775135,0.2643162592559238,0.39578440347723465,0.10803398154593101,49.99893442622948,49.99893442622948
66240,0.012131893333333333,0.39530434096247613,0.05524874903137573,0.2640427787912738,0.39530434096247613,0.10788778797536872,49.99893442622948,49.99893442622948
66300,0.012131589506172841,0.39482554389230107,0.05524149342069024,0.26376999677155205,0.39482554389230107,0.10774144014862276,49.99893442622948,49.99893442622948
66360,0.012131281975308644,0.39434800756478644,0.05523425384531619,0.2634979106343024,0.39434800756478644,0.10759481906303436,49.99893442622948,49.99893442622948
66420,0.01213097,0.39387172724096503,0.05522703025509742,0.26322651779712114,0.39387172724096503,0.1074478057595819,49.998934426229425,49.99893442622948
66480,0.012130652839506173,0.3933966981454801,0.05521982260010499,0.2629558156579435,0.3933966981454801,0.10730028132361735,49.998934426229425,49.99893442622948
66540,0.012130329753086418,0.3929229154672283,0.055212630830618385,0.26268580159532934,0.3929229154672283,0.10715212688552746,49.99893442622948,49.99893442622948
66600,0.01213,0.39245037435999774,0.055205454897107716,0.2624164729687466,0.39245037435999774,0.10700322362128398,49.998934426229425,49.99893442622948
66660,0.012129666666666667,0.3919790702397138,0.05519829475124842,0.2621478272415556,0.3919790702397138,0.10685406707933995,49.99893442622948,49.99893442622948
66720,0.012129333333333332,0.3915089988193757,0.055191150345908796,0.2618798620013431,0.3915089988193757,0.10670523107903364,49.99893442622954,49.99893442622948
66780,0.012129,0.39104015582930934,0.0551840216340441,0.26161257484969075,0.39104015582930934,0.10655671389932408,49.99893442622948,49.99893442622948
66840,0.012128666666666664,0.3905725370170902,0.055176908568694595,0.2613459634013158,0.3905725370170902,0.10640851394365784,49.99893442622948,49.99893442622948
66900,0.012128333333333331,0.3901061381474553,0.055169811102984856,0.26108002528338464,0.3901061381474553,0.10626062971434082,49.99893442622948,49.99893442622948
66960,0.012128,0.38964095500227974,0.05516272919012305,0.2608147581349615,0.38964095500227974,0.10611305979285003,49.99893442622948,49.99893442622948
67020,0.012127666666666667,0.3891769833804291,0.05515566278340081,0.26055015960656147,0.3891769833804291,0.10596580282442218,49.99893442622948,49.99893442622948
67080,0.012127333333333332,0.38871421909772663,0.05514861183619367,0.26028622735978557,0.38871421909772663,0.10581885750605954,49.998934426229425,49.99893442622948
67140,0.012127,0.38825265798687264,0.05514157630196151,0.2600229590670214,0.38825265798687264,0.10567222257711477,49.99893442622948,49.99893442622948
67200,0.012126666666666666,0.38779229589736935,0.055134556134249356,0.2597603524111944,0.38779229589736935,0.1055258968118418,49.99893442622948,49.99893442622948
67260,0.012126333333333331,0.3873331286954478,0.05512755128668891,0.25949840508555916,0.3873331286954478,0.10537987901347243,49.998934426229425,49.99893442622948
67320,0.012126,0.3868751522639937,0.05512056171299931,0.25923711479352524,0.3868751522639937,0.10523416800964049,49.99893442622948,49.99893442622948
67380,0.012125666666666665,0.3864183625024744,0.05511358736698922,0.25897647924850636,0.3864183625024744,0.10508876264849365,49.99893442622948,49.99893442622948
67440,0.012125333333333333,0.3859627553268666,0.055106628202557954,0.25871649617379194,0.3859627553268666,0.1049436617958691,49.998934426229425,49.99893442622948
67500,0.012124999999999999,0.3855083266695831,0.05509968417369757,0.25845716330243534,0.3855083266695831,0.10479886433276035,49.99893442622948,49.99893442622948
67560,0.012124666666666666,0.3850550724794022,0.055092755234494716,0.25819847837715504,0.3850550724794022,0.1046543691534274,49.99893442622948,49.99893442622948
67620,0.012124333333333332,0.38460298872139387,0.055085841339132524,0.2579404391502473,0.38460298872139387,0.1045101751638528,49.99893442622948,49.99893442622948
67680,0.012124,0.3841520713768497,0.055078942441892376,0.2576830433835075,0.3841520713768497,0.10436628128047426,49.99893442622948,49.99893442622948
67740,0.012123666666666666,0.3837023164432115,0.0550720584971564,0.2574262888481583,0.3837023164432115,0.10422268642908021,49.998934426229425,49.99893442622948
67800,0.012123333333333331,0.3832537199339999,0.05506518945940912,0.2571701733247852,0.3832537199339999,0.10407938954407485,49.99893442622954,49.99893442622948
67860,0.012122999999999998,0.38280627787874416,0.05505833528323966,0.2569146946032748,0.38280627787874416,0.10393638956773253,49.99893442622948,49.99893442622948
67920,0.012122666666666667,0.38235998632291196,0.055051495923343886,0.25665985048275847,0.38235998632291196,0.1037936854496238,49.99893442622948,49.99893442622948
67980,0.012122333333333332,0.3819148413278391,0.055044671334526285,0.2564056387715593,0.3819148413278391,0.10365127614621161,49.998934426229425,49.99893442622948
68040,0.012121999999999999,0.38147083897066036,0.05503786147170215,0.25615205728714113,0.38147083897066036,0.10350916062040676,49.998934426229425,49.99893442622948
68100,0.012121666666666666,0.3810279753442401,0.05503106628989944,0.2558991038560594,0.3810279753442401,0.1033673378413035,49.99893442622948,49.99893442622948
68160,0.012121333333333333,0.38058624655710266,0.055024285744260874,0.2556467763139159,0.38058624655710266,0.10322580678389097,49.998934426229425,49.99893442622948
68220,0.012121,0.3801456487333647,0.055017519790045814,0.25539507250531196,0.3801456487333647,0.1030845664288502,49.998934426229425,49.99893442622948
68280,0.012120666666666667,0.37970617801266576,0.055010768382632094,0.2551439902838057,0.37970617801266576,0.1029436157623788,49.99893442622948,49.99893442622948
68340,0.012120333333333332,0.3792678305501013,0.05500403147751787,0.2548935275118687,0.3792678305501013,0.1028029537760287,49.99893442622948,49.99893442622948
68400,0.012119999999999999,0.378830602516154,0.05499730903032339,0.25464368206084387,0.378830602516154,0.10266257946658978,49.99893442622954,49.99893442622948
68460,0.012119666666666667,0.3783944900966273,0.054990600996792725,0.2543944518109049,0.3783944900966273,0.10252249183596991,49.99893442622948,49.99893442622948
68520,0.012119333333333333,0.37795948949257696,0.05498390733279539,0.25414583465101476,0.37795948949257696,0.10238268989112208,49.99893442622954,49.99893442622948
68580,0.012118999999999998,0.37752559692024573,0.05497722799432801,0.2538978284788864,0.37752559692024573,0.10224317264394538,49.99893442622954,49.99893442622948
68640,0.012118666666666665,0.37709280861099614,0.0549705629375158,0.25365043120094277,0.37709280861099614,0.1021039391112408,49.99893442622948,49.99893442622948
68700,0.012118333333333332,0.37666112081124425,0.054963912118614094,0.2534036407322779,0.37666112081124425,0.10196498831463556,49.99893442622948,49.99893442622948
68760,0.012118,0.37623052978239463,0.054957275494009625,0.25315745499661735,0.37623052978239463,0.10182631928055498,49.998934426229425,49.99893442622948
68820,0.012117666666666665,0.3758010318007734,0.05495065302022199,0.25291187192628073,0.3758010318007734,0.10168793104014696,49.99893442622954,49.99893442622948
68880,0.012117333333333332,0.3753726231575641,0.05494404465390497,0.2526668894621424,0.3753726231575641,0.1015498226292541,49.99893442622948,49.99893442622948
68940,0.012117,0.37494530015874283,0.05493745035184764,0.25242250555359397,0.37494530015874283,0.10141199308840255,49.99893442622948,49.99893442622948
69000,0.012116666666666666,0.37451905912501343,0.05493087007097553,0.25217871815850634,0.37451905912501343,0.1012744414627309,49.99893442622948,49.99893442622948
69060,0.012116333333333331,0.37409389639174206,0.0549243037683517,0.2519355252431919,0.37409389639174206,0.10113716680199736,49.99893442622948,49.99893442622948
69120,0.012115999999999998,0.37366980830889546,0.05491775140117799,0.2516929247823672,0.37366980830889546,0.10100016816049706,49.99893442622948,49.99893442622948
69180,0.012115666666666665,0.37324679124097565,0.05491121292679568,0.2514509147591157,0.37324679124097565,0.1008634445971154,49.99893442622948,49.99893442622948
69240,0.012115333333333334,0.3728248415669568,0.05490468830268659,0.25120949316485025,0.3728248415669568,0.10072699517523316,49.99893442622948,49.99893442622948
69300,0.012114999999999999,0.3724039556802222,0.054898177486473944,0.2509686579992767,0.3724039556802222,0.10059081896272527,49.998934426229425,49.99893442622948
69360,0.012114666666666666,0.3719841299885021,0.05489168043592312,0.2507284072703561,0.3719841299885021,0.10045491503195575,49.99893442622948,49.99893442622948
69420,0.012114333333333333,0.37156536091381065,0.054885197108942275,0.2504887389942694,0.37156536091381065,0.10031928245975372,49.99893442622948,49.99893442622948
69480,0.012114,0.37114764489238344,0.054878727463583216,0.2502496511953791,0.37114764489238344,0.10018392032735038,49.99893442622948,49.99893442622948
69540,0.012113666666666668,0.37073097837461644,0.054872271458042,0.25001114190619417,0.37073097837461644,0.1000488277204066,49.99893442622948,49.99893442622948
69600,0.012113333333333334,0.3703153578250039,0.05486582905065936,0.2497732091673333,0.3703153578250039,0.09991400372898002,49.998934426229425,49.99893442622948
69660,0.012112999999999999,0.36990077972207697,0.05485940019992157,0.24953585102748832,0.36990077972207697,0.09977944744746214,49.99893442622948,49.99893442622948
69720,0.012112666666666667,0.36948724055834303,0.054852984864460406,0.24929906554338863,0.36948724055834303,0.09964515797466313,49.99893442622948,49.99893442622948
69780,0.012112333333333334,0.369074736840225,0.05484658300305411,0.24906285077976492,0.369074736840225,0.09951113441364741,49.998934426229425,49.99893442622948
69840,0.012112,0.36866326508800007,0.05484019457462751,0.24882720480931353,0.36866326508800007,0.09937737587183774,49.99893442622948,49.99893442622948
69900,0.012111666666666668,0.36825282183574104,0.05483381953825238,0.24859212571266065,0.36825282183574104,0.09924388146092535,49.99893442622948,49.99893442622948
69960,0.012111333333333335,0.3678434036312552,0.05482745785314783,0.24835761157832667,0.3678434036312552,0.09911065029687692,49.99893442622954,49.99893442622948
70020,0.012111000000000002,0.3674350070360254,0.05482110947868046,0.24812366050269097,0.3674350070360254,0.09897768149991693,49.998934426229425,49.99893442622948
70080,0.012110666666666669,0.3670276286251504,0.054814774374364605,0.24789027058995622,0.3670276286251504,0.09884497419448514,49.99893442622954,49.99893442622948
70140,0.012110333333333334,0.36662126498728614,0.054808452499862624,0.24765743995211356,0.36662126498728614,0.09871252750923795,49.99893442622948,49.99893442622948
70200,0.012110000000000001,0.36621591272458714,0.054802143814984924,0.24742516670890738,0.36621591272458714,0.09858034057702167,49.998934426229425,49.99893442622948
70260,0.012109666666666668,0.3658115684526469,0.05479584827969007,0.24719344898780024,0.3658115684526469,0.09844841253485284,49.99893442622948,49.99893442622948
70320,0.012109333333333333,0.3654082288004418,0.054789565854085044,0.24696228492393818,0.3654082288004418,0.09831674252388047,49.998934426229425,49.99893442622948
70380,0.012109,0.36500589041027115,0.05478329649842498,0.2467316726601161,0.36500589041027115,0.09818532968941558,49.99893442622954,49.99893442622948
70440,0.012108666666666665,0.36460454993770036,0.05477704017311343,0.24650161034674323,0.36460454993770036,0.09805417318084333,49.99893442622954,49.99893442622948
70500,0.012108333333333334,0.3642042040515037,0.05477079683870226,0.24627209614180848,0.3642042040515037,0.0979232721516505,49.99893442622954,49.99893442622948
70560,0.012108,0.363804849433607,0.05476456645589154,0.24604312821084615,0.363804849433607,0.09779262575940341,49.99893442622948,49.99893442622948
70620,0.012107666666666668,0.3634064827790307,0.054758348985529566,0.24581470472690228,0.3634064827790307,0.09766223316569592,49.99893442622948,49.99893442622948
70680,0.012107333333333333,0.3630091007958337,0.05475214438861276,0.2455868238705,0.3630091007958337,0.09753209353614964,49.99893442622948,49.99893442622948
70740,0.012107000000000001,0.3626127002050559,0.05474595262628539,0.24535948382960576,0.3626127002050559,0.09740220604040939,49.99893442622948,49.99893442622948
70800,0.012106666666666667,0.36221727774066387,0.05473977365983952,0.24513268279959624,0.36221727774066387,0.09727256985209422,49.99893442622954,49.99893442622948
70860,0.012106333333333332,0.3618228301494931,0.05473360745071495,0.24490641898322366,0.3618228301494931,0.09714318414877617,49.99893442622948,49.99893442622948
70920,0.012106,0.36142935419119404,0.05472745396049876,0.24468069059058314,0.36142935419119404,0.09701404811199806,49.99893442622948,49.99893442622948
70980,0.012105666666666666,0.36103684663817565,0.054721313150925335,0.244455495839079,0.36103684663817565,0.09688516092719943,49.99893442622954,49.99893442622948
71040,0.012105333333333334,0.36064530427555086,0.054715184983875904,0.24423083295339154,0.36064530427555086,0.09675652178375328,49.99893442622948,49.99893442622948
71100,0.012105,0.36025472390108193,0.05470906942137846,0.24400670016544387,0.36025472390108193,0.09662812987487873,49.99893442622954,49.99893442622948
71160,0.012104666666666666,0.35986510232512536,0.054702966425607395,0.2437830957143695,0.35986510232512536,0.09649998439767979,49.99893442622954,49.99893442622948
71220,0.012104333333333333,0.3594764363705781,0.054696875958883166,0.243560017846479,0.3594764363705781,0.09637208455310312,49.99893442622948,49.99893442622948
71280,0.012104,0.3590887228728228,0.054690797983672094,0.24333746481522736,0.3590887228728228,0.0962444295459039,49.99893442622948,49.99893442622948
71340,0.012103666666666667,0.3587019586796747,0.054684732462585796,0.2431154348811818,0.3587019586796747,0.09611701858466026,49.99893442622948,49.99893442622948
71400,0.012103333333333334,0.35831614065132783,0.05467867935838118,0.2428939263119891,0.35831614065132783,0.09598985088168752,49.99893442622948,49.99893442622948
71460,0.012103,0.3579312656603011,0.05467263863395982,0.2426729373823434,0.3579312656603011,0.09586292565310262,49.99893442622954,49.99893442622948
71520,0.012102666666666668,0.35754733059138594,0.054666610252367645,0.24245246637395423,0.35754733059138594,0.09573624211873967,49.99893442622954,49.99893442622948
71580,0.012102333333333333,0.357164332341593,0.05466059417679463,0.24223251157551443,0.357164332341593,0.09560979950215777,49.99893442622948,49.998934426229425
71640,0.012102,0.35678226782009975,0.054654590370574234,0.24201307128266816,0.35678226782009975,0.09548359703061648,49.99893442622954,49.99893442622948
71700,0.012101666666666667,0.3564011339481979,0.05464859879718321,0.24179414379797967,0.3564011339481979,0.09535763393503237,49.99893442622948,49.99893442622948
71760,0.012101333333333334,0.35602092765924115,0.05464261942024093,0.2415757274309012,0.35602092765924115,0.0952319094500144,49.99893442622954,49.99893442622948
71820,0.012101,0.3556416458985934,0.054636652203509085,0.24135782049774177,0.3556416458985934,0.09510642281378337,49.99893442622954,49.99893442622948
71880,0.012100666666666666,0.35526328562357745,0.05463069711089132,0.24114042132163613,0.35526328562357745,0.09498117326817371,49.99893442622948,49.99893442622948
71940,0.012100333333333331,0.35488584380342253,0.05462475410643255,0.24092352823251328,0.35488584380342253,0.09485616005864393,49.99893442622954,49.99893442622948
72000,0.0121,0.3545093174192144,0.05461882315431874,0.2407071395670657,0.3545093174192144,0.09473138243418876,49.99893442622948,49.99893442622948
72060,0.012099666666666667,0.3541337034638423,0.05461290421887624,0.2404912536687182,0.3541337034638423,0.09460683964740087,49.99893442622948,49.99893442622948
72120,0.012099333333333332,0.3537589989419506,0.054606997264571445,0.2402758688875977,0.3537589989419506,0.0944825309543738,49.99893442622954,49.99893442622948
72180,0.012098999999999999,0.3533852008698868,0.05460110225601022,0.24006098358050204,0.3533852008698868,0.09435845561474199,49.99893442622948,49.998934426229425
72240,0.012098666666666664,0.3530123062756508,0.054595219157937455,0.23984659611086995,0.3530123062756508,0.09423461289162856,49.998934426229425,49.99893442622948
72300,0.012098333333333332,0.35264031219884634,0.05458934793523653,0.23963270484875052,0.35264031219884634,0.09411100205163188,49.99893442622948,49.998934426229425
72360,0.012098000000000001,0.3522692156906295,0.0545834885529288,0.2394193081707732,0.3522692156906295,0.09398762236480948,49.99893442622954,49.99893442622948
72420,0.012097666666666666,0.3518990138136602,0.054577640976173146,0.23920640446011743,0.3518990138136602,0.0938644731046535,49.998934426229425,49.99893442622948
72480,0.012097333333333331,0.35152970364205155,0.05457180517026538,0.2389939921064834,0.35152970364205155,0.09374155354808167,49.99893442622948,49.99893442622948
72540,0.012097000000000002,0.3511612822613222,0.05456598110063779,0.23878206950606137,0.3511612822613222,0.09361886297540387,49.998934426229425,49.99893442622948
72600,0.012096666666666667,0.3507937467683458,0.05456016873285857,0.23857063506150272,0.3507937467683458,0.09349640067030958,49.99893442622954,49.99893442622948
72660,0.012096333333333332,0.35042709427130314,0.054554368032631244,0.23835968718189032,0.35042709427130314,0.09337416591985981,49.99893442622948,49.99893442622948
72720,0.012095999999999999,0.35006132188963307,0.05454857896579418,0.23814922428270896,0.35006132188963307,0.0932521580144436,49.99893442622948,49.99893442622948
72780,0.012095666666666666,0.3496964267539843,0.05454280149832014,0.23793924478581638,0.3496964267539843,0.09313037624776688,49.99893442622948,49.99893442622948
72840,0.012095333333333333,0.3493324060061675,0.05453703559631554,0.23772974711941397,0.3493324060061675,0.09300881991685639,49.99893442622948,49.99893442622948
72900,0.012095,0.3489692567991064,0.05453128122602012,0.2375207297180178,0.3489692567991064,0.09288748832200631,49.99893442622948,49.99893442622948
72960,0.012094666666666665,0.34860697629679166,0.05452553835380622,0.23731219102243037,0.34860697629679166,0.09276638076678824,49.99893442622954,49.99893442622948
73020,0.012094333333333334,0.34824556167423215,0.05451980694617829,0.23710412947971085,0.34824556167423215,0.09264549655801323,49.99893442622948,49.99893442622948
73080,0.012094,0.3478850101174075,0.0545140869697724,0.23689654354314754,0.3478850101174075,0.09252483500572127,49.99893442622948,49.99893442622948
73140,0.012093666666666667,0.3475253188232216,0.054508378391355576,0.23668943167222894,0.3475253188232216,0.09240439542315508,49.998934426229425,49.99893442622948
73200,0.012093333333333333,0.347166484999456,0.05450268117782537,0.23648279233261546,0.347166484999456,0.09228417712675993,49.998934426229425,49.99893442622948
73260,0.012093,0.34680850586472195,0.05449699529620915,0.2362766239961115,0.34680850586472195,0.09216417943614574,49.99893442622948,49.99893442622948
73320,0.012092666666666668,0.3464513786484154,0.05449132071366369,0.23607092514063727,0.3464513786484154,0.09204440167407464,49.998934426229425,49.99893442622948
73380,0.012092333333333333,0.3460951005906695,0.05448565739747442,0.2358656942502009,0.3460951005906695,0.09192484316645848,49.99893442622948,49.99893442622948
73440,0.012091999999999999,0.34573966894230934,0.05448000531505513,0.2356609298148707,0.34573966894230934,0.09180550324229317,49.99893442622948,49.99893442622948
73500,0.012091666666666667,0.34538508096480564,0.054474364433947174,0.23545663033074757,0.34538508096480564,0.09168638123371911,49.99893442622954,49.99893442622948
73560,0.012091333333333334,0.34503133393022933,0.05446873472181896,0.2352527942999373,0.34503133393022933,0.09156747647592009,49.99893442622948,49.99893442622948
73620,0.012091000000000001,0.3446784251212058,0.054463116146465526,0.23504942023052366,0.3446784251212058,0.09144878830716005,49.99893442622948,49.99893442622948
73680,0.012090666666666666,0.34432635183086985,0.0544575086758078,0.2348465066365406,0.34432635183086985,0.09133031606874757,49.99893442622948,49.99893442622948
73740,0.012090333333333333,0.3439751113628209,0.054451912277892145,0.2346440520379455,0.3439751113628209,0.09121205910501369,49.99893442622948,49.99893442622948
73800,0.01209,0.343624701031077,0.05444632692088973,0.23444205496059206,0.343624701031077,0.09109401676331626,49.998934426229425,49.99893442622948
73860,0.012089666666666667,0.34327511816003203,0.05444075257309605,0.2342405139362035,0.34327511816003203,0.09097618839397786,49.99893442622948,49.99893442622948
73920,0.012089333333333332,0.34292636008668376,0.05443518920291751,0.23403942750082513,0.34292636008668376,0.0908585733558631,49.99893442622948,49.99893442622948
73980,0.012088999999999999,0.3425784241530536,0.05442963677890998,0.23383879419937714,0.3425784241530536,0.09074117099484554,49.99893442622948,49.99893442622948
74040,0.012088666666666664,0.34223130771472837,0.054424095269738355,0.23363861258105353,0.34223130771472837,0.09062398067133609,49.99893442622948,49.99893442622948
74100,0.012088333333333333,0.34188500813730455,0.05441856464418957,0.23343888120080614,0.34188500813730455,0.09050700174842555,49.998934426229425,49.99893442622948
74160,0.012088000000000002,0.3415395227964603,0.054413044871171996,0.2332395986193192,0.3415395227964603,0.09039023359190897,49.99893442622954,49.99893442622948
74220,0.012087666666666667,0.3411948490779538,0.05440753591971487,0.23304076340298416,0.3411948490779538,0.09027367557032558,49.99893442622948,49.99893442622948
74280,0.012087333333333334,0.3408509843775939,0.05440203775896781,0.232842374123875,0.3408509843775939,0.09015732705494191,49.99893442622948,49.99893442622948
74340,0.012087,0.34050792610120634,0.05439655035820025,0.2326444293597223,0.34050792610120634,0.09004118741979104,49.99893442622948,49.99893442622948
74400,0.012086666666666667,0.340165671664592,0.05439107368680077,0.23244692769388853,0.340165671664592,0.08992525604166746,49.99893442622954,49.99893442622948
74460,0.012086333333333333,0.3398242184934876,0.0543856077142767,0.23224986771534248,0.3398242184934876,0.08980953230011354,49.99893442622948,49.99893442622948
74520,0.012086,0.33948356402352425,0.05438015241025348,0.23205324801863436,0.33948356402352425,0.08969401557743714,49.998934426229425,49.99893442622948
74580,0.012085666666666666,0.33914370570018476,0.05437470774447409,0.23185706720387053,0.33914370570018476,0.08957870525869499,49.99893442622948,49.99893442622948
74640,0.012085333333333333,0.3388046409787629,0.054369273686798544,0.23166132387668867,0.3388046409787629,0.08946360073167683,49.998934426229425,49.99893442622948
74700,0.012085,0.33846636732432095,0.05436385020720333,0.2314660166482324,0.33846636732432095,0.08934870138691436,49.99893442622948,49.99893442622948
74760,0.012084666666666665,0.3381288822116491,0.05435843727578089,0.23127114413512706,0.3381288822116491,0.08923400661765225,49.99893442622948,49.99893442622948
74820,0.012084333333333334,0.3377921831252227,0.054353034862739,0.2310767049594543,0.3377921831252227,0.08911951581985093,49.99893442622948,49.99893442622948
74880,0.012084000000000001,0.33745626755916214,0.05434764293840026,0.230882697748728,0.33745626755916214,0.08900522839217724,49.99893442622948,49.99893442622948
74940,0.012083666666666668,0.3371211330171911,0.05434226147320166,0.2306891211358693,0.3371211330171911,0.0888911437359552,49.998934426229425,49.998934426229425
75000,0.012083333333333333,0.3367867770125956,0.05433689043769382,0.23049597375918204,0.3367867770125956,0.08877726125521762,49.99893442622948,49.99893442622948
75060,0.012083,0.33645319706818344,0.054331529802540676,0.23030325426232898,0.33645319706818344,0.08866358035662114,49.99893442622948,49.99893442622948
75120,0.012082666666666669,0.33612039071624317,0.0543261795385188,0.2301109612943069,0.33612039071624317,0.08855010044948498,49.99893442622948,49.99893442622948
75180,0.012082333333333334,0.3357883554985038,0.05432083961651688,0.22991909350942283,0.3357883554985038,0.08843682094576416,49.99893442622954,49.99893442622948
75240,0.012081999999999999,0.33545708896609466,0.0543155100075353,0.22972764956726985,0.33545708896609466,0.08832374126000406,49.99893442622954,49.99893442622948
75300,0.01208166666666667,0.335126588679505,0.054310190682685444,0.22953662813270337,0.335126588679505,0.08821086080938166,49.99893442622954,49.99893442622948
75360,0.012081333333333335,0.33479685220854427,0.05430488161318926,0.22934602787581723,0.33479685220854427,0.08809817901363926,49.99893442622948,49.99893442622948
75420,0.012081000000000001,0.3344678771323021,0.05429958277037878,0.22915584747191975,0.3344678771323021,0.0879856952950947,49.99893442622948,49.99893442622948
75480,0.012080666666666667,0.33413966103910897,0.0542942941256955,0.2289660856015106,0.33413966103910897,0.08787340907862838,49.99893442622948,49.99893442622948
75540,0.012080333333333332,0.3338122015264965,0.05428901565068989,0.22877674095025696,0.3338122015264965,0.08776131979166492,49.998934426229425,49.99893442622948
75600,0.01208,0.3334854962011587,0.054283747317020854,0.22858781220897031,0.3334854962011587,0.08764942686415209,49.99893442622954,49.99893442622948
75660,0.012079666666666667,0.33315954267891185,0.05427848909645539,0.22839929807358336,0.33315954267891185,0.08753772972853975,49.99893442622948,49.99893442622948
75720,0.012079333333333333,0.33283433858465705,0.05427324096086775,0.22821119724512648,0.33283433858465705,0.08742622781981636,49.99893442622948,49.99893442622948
75780,0.012079,0.3325098815523403,0.054268002882239166,0.22802350842970504,0.3325098815523403,0.08731492057541307,49.99893442622948,49.99893442622948
75840,0.012078666666666665,0.3321861692249143,0.05426277483265732,0.22783623033847641,0.3321861692249143,0.08720380743524908,49.99893442622948,49.99893442622948
75900,0.012078333333333332,0.3318631992543006,0.05425755678431574,0.22764936168762714,0.3318631992543006,0.08709288784170527,49.99893442622948,49.99893442622948
75960,0.012078000000000002,0.3315409693013504,0.05425234870951339,0.22746290119835022,0.3315409693013504,0.08698216123960117,49.99893442622948,49.99893442622948
76020,0.012077666666666667,0.3312194770358073,0.05424715058065406,0.2272768475968226,0.3312194770358073,0.08687162707618233,49.99893442622948,49.99893442622948
76080,0.012077333333333332,0.33089872013626903,0.05424196237024599,0.2270911996141825,0.33089872013626903,0.08676128480110484,49.998934426229425,49.99893442622948
76140,0.012077000000000001,0.33057869629015013,0.05423678405090127,0.2269059559865075,0.33057869629015013,0.08665113386643811,49.99893442622948,49.99893442622948
76200,0.012076666666666666,0.3302594031936439,0.054231615595335396,0.2267211154547918,0.3302594031936439,0.08654117372662634,49.998934426229425,49.99893442622948
76260,0.012076333333333333,0.3299408385516854,0.05422645697636675,0.22653667676492428,0.3299408385516854,0.0864314038384904,49.99893442622954,49.99893442622948
76320,0.012076,0.32962300007791395,0.05422130816691615,0.22635263866766664,0.32962300007791395,0.08632182366120723,49.99893442622954,49.99893442622948
76380,0.012075666666666667,0.3293058854946366,0.054216169140006334,0.22616899991863113,0.3293058854946366,0.08621243265630535,49.99893442622948,49.99893442622948
76440,0.012075333333333334,0.32898949253279053,0.05421103986876138,0.22598575927825884,0.32898949253279053,0.08610323028765227,49.99893442622948,49.99893442622948
76500,0.012075,0.32867381893190706,0.05420592032640643,0.22580291551179824,0.32867381893190706,0.08599421602140772,49.99893442622948,49.99893442622948
76560,0.012074666666666666,0.32835886244007517,0.054200810486267015,0.22562046738928324,0.32835886244007517,0.08588538932606472,49.99893442622948,49.99893442622948
76620,0.012074333333333334,0.3280446208139036,0.05419571032176869,0.22543841368551193,0.3280446208139036,0.0857767496723894,49.99893442622948,49.99893442622948
76680,0.012074000000000001,0.32773109181848714,0.05419061980643649,0.2252567531800249,0.32773109181848714,0.08566829653343773,49.99893442622948,49.99893442622948
76740,0.012073666666666668,0.3274182732273683,0.054185538913894486,0.2250754846570842,0.3274182732273683,0.08556002938453451,49.99893442622948,49.99893442622948
76800,0.012073333333333333,0.327106162822503,0.054180467617865304,0.2248946069056521,0.327106162822503,0.08545194770323994,49.998934426229425,49.99893442622948
76860,0.012073,0.3267947583942234,0.05417540589216969,0.22471411871936992,0.3267947583942234,0.0853440509693709,49.998934426229425,49.99893442622948
76920,0.012072666666666669,0.326484057741204,0.05417035371072594,0.22453401889653712,0.326484057741204,0.08523633866496563,49.998934426229425,49.99893442622948
76980,0.012072333333333334,0.3261740586704249,0.05416531104754961,0.22435430624009037,0.3261740586704249,0.08512881027427054,49.99893442622948,49.99893442622948
77040,0.012072,0.3258647589971371,0.05416027787675284,0.2241749795575828,0.3258647589971371,0.08502146528374695,49.99893442622948,49.99893442622948
77100,0.012071666666666668,0.32555615654482756,0.054155254172544104,0.22399603766116324,0.32555615654482756,0.08491430318203172,49.99893442622954,49.99893442622948
77160,0.012071333333333335,0.3252482491451838,0.05415023990922753,0.22381747936755586,0.3252482491451838,0.08480732345995301,49.99893442622954,49.99893442622948
77220,0.012071000000000002,0.32494103463805923,0.054145235061202696,0.22363930349803948,0.32494103463805923,0.08470052561047804,49.99893442622954,49.99893442622948
77280,0.012070666666666667,0.32463451087143896,0.05414023960296393,0.22346150887842725,0.32463451087143896,0.08459390912876069,49.99893442622948,49.99893442622948
77340,0.012070333333333334,0.3243286757014047,0.05413525350910008,0.22328409433904622,0.3243286757014047,0.08448747351206089,49.99893442622948,49.99893442622948
77400,0.01207,0.32402352699210113,0.0541302767542939,0.22310705871471775,0.32402352699210113,0.08438121825978646,49.99893442622948,49.99893442622948
77460,0.012069655925925928,0.32371906207506224,0.05412530931099093,0.222930400605217,0.32371906207506224,0.08427347599395252,49.99893442622948,49.99893442622948
77520,0.012069291851851852,0.32341527782959756,0.05412035114987978,0.22275411840178064,0.32341527782959756,0.08416281206882972,49.99893442622948,49.99893442622948
77580,0.01206891,0.3231121712632575,0.05411540224249195,0.22257821053799204,0.3231121712632575,0.08404957505459133,49.99893442622954,49.99893442622948
77640,0.012068512592592591,0.32280973951048514,0.054110462561130536,0.22240267549339848,0.32280973951048514,0.08393411258398105,49.99893442622948,49.99893442622954
77700,0.01206810185185185,0.3225079798312845,0.05410553207880718,0.22222751179648487,0.3225079798312845,0.08381677145170274,49.99893442622948,49.998934426229425
77760,0.012067680000000003,0.32220688960990534,0.05410061076918589,0.2220527180271071,0.32220688960990534,0.08369789769775154,49.99893442622948,49.99893442622948
77820,0.012067249259259259,0.3219064663535436,0.05409569860653359,0.22187829281847066,0.3219064663535436,0.08357783667723433,49.99893442622948,49.998934426229425
77880,0.012066811851851851,0.3216067076910541,0.054090795565676884,0.22170423485872673,0.3216067076910541,0.08345693311880424,49.99893442622954,49.998934426229425
77940,0.012066370000000002,0.32130761137168057,0.05408590162196413,0.22153054289224594,0.32130761137168057,0.08333553117356787,49.998934426229425,49.99893442622948
78000,0.012065925925925926,0.32100917526379513,0.05408101675123268,0.2213572157206195,0.32100917526379513,0.08321397445584286,49.99893442622948,49.99893442622948
78060,0.012065481851851852,0.3207113973536516,0.05407614092978081,0.2211842522034292,0.3207113973536516,0.08309260607697733,49.99893442622948,49.99893442622948
78120,0.012065039999999999,0.3204142757441509,0.05407127413434378,0.22101165125882308,0.3204142757441509,0.08297176867328163,49.99893442622948,49.99893442622948
78180,0.012064602592592594,0.32011780865361533,0.054066416342073674,0.2208394118639249,0.32011780865361533,0.08285180442889108,49.998934426229425,49.998934426229425
78240,0.012064171851851851,0.31982199441457543,0.0540615675305228,0.2206675330551031,0.31982199441457543,0.08273305509420471,49.998934426229425,49.99893442622948
78300,0.01206375,0.3195268314725635,0.054056727677630215,0.2204960139281199,0.3195268314725635,0.08261586200053617,49.99893442622948,49.99893442622948
78360,0.01206333925925926,0.3192323183849185,0.054051896761711155,0.22032485363817905,0.3192323183849185,0.08250056607142517,49.99893442622948,49.99893442622948
78420,0.012062941851851852,0.318938453819597,0.054047074761448925,0.22015405139988556,0.318938453819597,0.08238750783105456,49.99893442622948,49.99893442622948
78480,0.01206256,0.31864523655399357,0.0540422616558891,0.21998360648713236,0.31864523655399357,0.08227702741006054,49.99893442622948,49.998934426229425
78540,0.012062195925925926,0.3183526654737656,0.05403745742443601,0.21981351823292253,0.3183526654737656,0.0821694645490365,49.99893442622948,49.99893442622948
78600,0.012061851851851851,0.3180607395716672,0.05403266204685072,0.2196437860291373,0.3180607395716672,0.08206515860003527,49.99893442622954,49.998934426229425
78660,0.012061529999999999,0.3177694579463865,0.05402787550325113,0.21947440932625745,0.3177694579463865,0.08196444852610826,49.99893442622948,49.99893442622948
78720,0.012061232592592593,0.3174788198013894,0.05402309777411317,0.21930538763304408,0.3174788198013894,0.08186767289929031,49.99893442622954,49.99893442622948
78780,0.012060961851851851,0.31718882444376695,0.05401832884027334,0.21913672051618474,0.31718882444376695,0.08177516989694136,49.99893442622948,49.998934426229425
78840,0.01206072,0.3168994712830875,0.0540135686829327,0.2189684075999097,0.3168994712830875,0.08168727729668597,49.99893442622948,49.998934426229425
78900,0.012060509259259259,0.31661075983025194,0.05400881728366144,0.21880044856558167,0.31661075983025194,0.08160433247008353,49.99893442622948,49.99893442622948
78960,0.012060331851851852,0.31632268969635174,0.054004074624404694,0.2186328431512635,0.31632268969635174,0.08152667237498483,49.99893442622948,49.998934426229425
79020,0.01206019,0.3160352605915296,0.05399934068748877,0.21846559115126513,0.3160352605915296,0.08145463354680052,49.99893442622948,49.99893442622948
79080,0.012060085925925926,0.3157484723238414,0.053994615455628295,0.21829869241567387,0.3157484723238414,0.08138855208862332,49.99893442622948,49.998934426229425
79140,0.012060021851851852,0.3154623247981211,0.05398989891193371,0.2181321468498692,0.3154623247981211,0.08132876366032718,49.99893442622948,49.998934426229425
79200,0.01206,0.3151768180148447,0.053985191039919236,0.21796595441402344,0.3151768180148447,0.08127560346667302,49.99893442622954,49.998934426229425
79260,0.01206,0.31489195100407813,0.053980491818808214,0.21780011464587248,0.31489195100407813,0.08122592728555961,49.99893442622954,49.99893442622948
79320,0.01206,0.31460772176661655,0.05397580122352656,0.2176346266169031,0.31460772176661655,0.08117636881109955,49.99893442622954,49.99893442622954
79380,0.01206,0.3143241283109091,0.05397111922951995,0.2174694893809,0.3143241283109091,0.081126930708988,49.99893442622954,49.99893442622948
79440,0.012059999999999998,0.3140411686530252,0.05396644581271397,0.21730470197712778,0.3140411686530252,0.0810776151745922,49.99893442622948,49.998934426229425
79500,0.01206,0.3137588408166215,0.05396178094947719,0.21714026343302373,0.3137588408166215,0.08102842400597922,49.99893442622954,49.99893442622948
79560,0.01206,0.31347714283290856,0.053957124616587006,0.21697617276647982,0.31347714283290856,0.08097935866517106,49.99893442622954,49.998934426229425
79620,0.012060000000000001,0.31319607274061795,0.053952476791197884,0.2168124289877786,0.31319607274061795,0.08093042032961145,49.99893442622948,49.99893442622948
79680,0.01206,0.31291562858596966,0.05394783745081211,0.2166490311012373,0.31291562858596966,0.08088160993546348,49.99893442622954,49.998934426229425
79740,0.01206,0.312635808422639,0.053943206573252585,0.21648597810660541,0.312635808422639,0.08083292821413168,49.99893442622954,49.99893442622948
79800,0.01206,0.31235661031172446,0.05393858413663777,0.21632326900025456,0.31235661031172446,0.08078437572304677,49.99893442622954,49.998934426229425
79860,0.012059999999999998,0.3120780323217149,0.05393397011935849,0.2161609027761907,0.3120780323217149,0.08073595287171369,49.99893442622948,49.998934426229425
79920,0.012059999999999998,0.3118000725284584,0.05392936450005656,0.21599887842691828,0.3118000725284584,0.0806876599437438,49.99893442622948,49.998934426229425
79980,0.01206,0.3115227290151288,0.05392476725760499,0.21583719494417558,0.3115227290151288,0.08063949711552651,49.99893442622954,49.99893442622948
80040,0.01206,0.31124599987219453,0.053920178371089804,0.215675851319564,0.31124599987219453,0.08059146447207027,49.99893442622954,49.998934426229425
80100,0.01206,0.31096988319738705,0.05391559781979325,0.21551484654508382,0.31096988319738705,0.08054356202045732,49.99893442622954,49.99893442622948
80160,0.01206,0.31069437709566894,0.05391102558317836,0.21535417961359268,0.31069437709566894,0.08049578970128483,49.99893442622954,49.998934426229425
80220,0.01206,0.3104194796792025,0.05390646164087478,0.2151938495191971,0.3104194796792025,0.08044814739840499,49.99893442622954,49.998934426229425
80280,0.01206,0.3101451890673186,0.05390190597266563,0.21503385525758684,0.3101451890673186,0.08040063494722513,49.99893442622954,49.998934426229425
80340,0.01206,0.30987150338648484,0.053897358558475605,0.21487419582632078,0.30987150338648484,0.08035325214178858,49.99893442622954,49.998934426229425
80400,0.012059999999999998,0.309598420770276,0.053892819378359956,0.21471487022507085,0.309598420770276,0.08030599874082119,49.99893442622948,49.99893442622948
80460,0.012059999999999998,0.30932593935934166,0.053888288412494365,0.21455587745583088,0.30932593935934166,0.08025887447289959,49.99893442622948,49.99893442622948
80520,0.012060000000000001,0.3090540573013763,0.05388376564116585,0.2143972165230942,0.3090540573013763,0.08021187904087572,49.99893442622948,49.998934426229425
80580,0.01206,0.3087827727510886,0.05387925104476423,0.21423888643400565,0.3087827727510886,0.08016501212565381,49.99893442622954,49.998934426229425
80640,0.01206,0.308512083870171,0.053874744603774484,0.2140808861984904,0.308512083870171,0.08011827338945848,49.99893442622954,49.99893442622948
80700,0.01206,0.30824198882705245,0.05387024629876977,0.21392321482936288,0.30824198882705245,0.08007166247860609,49.99893442622954,49.998934426229425
80760,0.01206,0.3079724857976245,0.05386575611040498,0.21376587134242359,0.3079724857976245,0.0800251790258835,49.99893442622954,49.998934426229425
80820,0.01206,0.30770357296428347,0.05386127401941099,0.21360885475653404,0.30770357296428347,0.07997882265263007,49.99893442622954,49.99893442622948
80880,0.01206,0.3074352485163333,0.05385680000658941,0.21345216409368498,0.3074352485163333,0.07993259297049665,49.99893442622954,49.998934426229425
80940,0.01206,0.3071675106499257,0.053852334052807795,0.21329579837905205,0.3071675106499257,0.07988648958296934,49.99893442622954,49.99893442622948
81000,0.01206,0.30690035756802153,0.053847876138995374,0.21313975664104257,0.30690035756802153,0.07984051208668248,49.99893442622954,49.998934426229425
81060,0.012059967407407406,0.3066337860426635,0.05384342623963101,0.2129840372611465,0.3066337860426635,0.0797896868071882,49.99893442622948,49.998934426229425
81120,0.012059872592592592,0.3063677915609557,0.05383898432370367,0.21282863801723742,0.3063677915609557,0.07972950120084699,49.99893442622948,49.99893442622948
81180,0.01205972,0.30610236983552475,0.053834550361782606,0.21267355674981175,0.30610236983552475,0.07966064658236566,49.99893442622948,49.998934426229425
81240,0.012059514074074072,0.3058375168021029,0.05383012432587607,0.2125187913698102,0.3058375168021029,0.07958381206596203,49.99893442622954,49.99893442622948
81300,0.01205925925925926,0.30557322861716224,0.053825706189304136,0.21236433986515296,0.30557322861716224,0.07949968478739386,49.99893442622948,49.99893442622948
81360,0.01205896,0.3053095016555954,0.05382129592658546,0.2122102003061834,0.3053095016555954,0.07940895009491661,49.99893442622954,49.99893442622948
81420,0.012058620740740742,0.3050463325084375,0.05381689351333595,0.21205637085018644,0.3050463325084375,0.07931229171379713,49.99893442622954,49.998934426229425
81480,0.012058245925925925,0.3047837179806307,0.05381249892617925,0.2119028497451201,0.3047837179806307,0.07921039188778098,49.99893442622948,49.99893442622948
81540,0.01205784,0.3045216550888269,0.053808112142667446,0.21174963533267815,0.3045216550888269,0.07910393150084465,49.99893442622948,49.998934426229425
81600,0.012057407407407407,0.3042601410592239,0.05380373314121136,0.21159672605078317,0.3042601410592239,0.07899359018164513,49.998934426229425,49.998934426229425
81660,0.012056952592592592,0.30399917332543636,0.05379936190101978,0.2114441204355939,0.30399917332543636,0.07888004639290734,49.998934426229425,49.998934426229425
81720,0.012056479999999998,0.30373874952639596,0.05379499840204664,0.2112918171230982,0.30373874952639596,0.07876397750758622,49.99893442622948,49.99893442622948
81780,0.012055994074074074,0.30347886750427877,0.053790642624945796,0.2111398148503519,0.30347886750427877,0.0786460598733091,49.998934426229425,49.99893442622948
81840,0.012055499259259259,0.30321952530245944,0.053786294551032184,0.21098811245641527,0.30321952530245944,0.0785269688664921,49.99893442622948,49.998934426229425
81900,0.012055,0.30296072116348716,0.05378195416224953,0.21083670888302938,0.30296072116348716,0.07840737893708054,49.99893442622948,49.99893442622948
81960,0.01205450074074074,0.3027024535270818,0.05377762144114338,0.21068560317507062,0.3027024535270818,0.07828796364503623,49.998934426229425,49.99893442622948
82020,0.012054005925925926,0.30244472102815034,0.05377329637083946,0.21053479448081375,0.30244472102815034,0.07816939568917128,49.99893442622948,49.998934426229425
82080,0.01205352,0.30218752249481623,0.0537689789350266,0.21038428205203083,0.30218752249481623,0.07805234692916972,49.99893442622948,49.998934426229425
82140,0.012053047407407407,0.3019308569464656,0.05376466911794372,0.2102340652439482,0.3019308569464656,0.07793748840127367,49.99893442622954,49.998934426229425
82200,0.012052592592592594,0.3016747235918033,0.05376036690437096,0.21008414351508073,0.3016747235918033,0.07782549032807531,49.99893442622954,49.998934426229425
82260,0.01205216,0.30141912182691916,0.05375607227962391,0.20993451642696057,0.30141912182691916,0.0777170221229938,49.99893442622948,49.99893442622948
82320,0.012051754074074075,0.3011640512333608,0.0537517852295512,0.2097851836437725,0.3011640512333608,0.07761275238958791,49.99893442622948,49.998934426229425
82380,0.012051379259259259,0.3009095115762142,0.05374750574053465,0.20963614493191043,0.3009095115762142,0.0775133489161441,49.99893442622948,49.99893442622948
82440,0.01205104,0.30065550280218484,0.05374323379949205,0.2094874001594621,0.30065550280218484,0.0774194786657305,49.99893442622948,49.99893442622948
82500,0.01205074074074074,0.3004020250376823,0.05373896939388206,0.2093389492956323,0.3004020250376823,0.07733180776195975,49.998934426229425,49.998934426229425
82560,0.012050485925925926,0.30014907858690404,0.05373471251171122,0.20919079241011165,0.30014907858690404,0.07725100147060636,49.99893442622948,49.99893442622948
82620,0.01205028,0.29989666392991615,0.053730463141542464,0.20904292967239646,0.29989666392991615,0.07717772417731833,49.99893442622948,49.99893442622948
82680,0.012050127407407407,0.29964478172073206,0.05372622127250524,0.2088953613510645,0.29964478172073206,0.07711263936147716,49.99893442622948,49.99893442622948
82740,0.012050032592592594,0.299393432785383,0.053721986894306954,0.20874808781301268,0.299393432785383,0.0770564095663283,49.99893442622948,49.998934426229425
82800,0.01205,0.29914261811998233,0.05371775999724567,0.2086011095226577,0.29914261811998233,0.07700969636554071,49.99893442622948,49.998934426229425
82860,0.01205,0.2988923374763501,0.05371354056571925,0.208454426396143,0.2988923374763501,0.07696800581865196,49.99893442622948,49.99893442622948
82920,0.01205,0.2986425892525837,0.053709328578015574,0.20830803772965895,0.2986425892525837,0.07692640452131934,49.99893442622948,49.99893442622948
82980,0.01205,0.2983933718527211,0.05370512401285548,0.20816194280025888,0.2983933718527211,0.07688489535369486,49.99893442622948,49.99893442622948
83040,0.012049999999999998,0.2981446836867155,0.05370092684936301,0.20801614086898104,0.2981446836867155,0.07684348073107589,49.99893442622948,49.99893442622948
83100,0.01205,0.2978965231704103,0.053696737067037405,0.20787063118351667,0.2978965231704103,0.07680216267221951,49.99893442622948,49.99893442622948
83160,0.012050000000000002,0.29764888872551354,0.053692554645727635,0.20772541298049157,0.29764888872551354,0.07676094285723041,49.99893442622948,49.998934426229425
83220,0.012050000000000002,0.2974017787795727,0.0536883795656079,0.2075804854874196,0.2974017787795727,0.07671982267689799,49.99893442622948,49.998934426229425
83280,0.012049999999999998,0.2971551917659505,0.053684211807155456,0.20743584792437536,0.2971551917659505,0.07667880327451965,49.99893442622948,49.99893442622948
83340,0.012050000000000002,0.2969091261237998,0.05368005135112961,0.20729149950542833,0.2969091261237998,0.07663788558161219,49.99893442622948,49.99893442622948
83400,0.01205,0.29666358029803824,0.05367589817855232,0.20714743943987307,0.29666358029803824,0.07659707034832122,49.99893442622948,49.998934426229425
83460,0.012049999999999998,0.29641855273932416,0.05367175227069025,0.20700366693328462,0.29641855273932416,0.07655635816934372,49.99893442622948,49.99893442622948
83520,0.01205,0.2961740419040326,0.05366761360903779,0.2068601811884251,0.2961740419040326,0.07651574950615656,49.99893442622948,49.99893442622948
83580,0.01205,0.29593004625423003,0.05366348217530164,0.20671698140602213,0.29593004625423003,0.07647524470587236,49.99893442622948,49.998934426229425
83640,0.01205,0.2956865642576504,0.05365935795138627,0.2065740667854381,0.2956865642576504,0.07643484401751859,49.99893442622948,49.998934426229425
83700,0.01205,0.2954435943876715,0.05365524091938047,0.2064314365252455,0.2954435943876715,0.07639454760588005,49.99893442622948,49.99893442622948
83760,0.01205,0.2952011351232906,0.053651131061544934,0.2062890898237215,0.2952011351232906,0.07635435556339686,49.99893442622948,49.998934426229425
83820,0.01205,0.29495918494910034,0.053647028360300685,0.20614702587927322,0.29495918494910034,0.07631426792036067,49.99893442622948,49.99893442622948
83880,0.01205,0.2947177423577946,0.05364293279821926,0.20600524389071354,0.2947177423577946,0.07627428465376483,49.99893442622948,49.99893442622948
83940,0.01205,0.29447680584178026,0.053638844358010175,0.2058637430578479,0.29447680584178026,0.07623440569439596,49.99893442622948,49.99893442622948
84000,0.012050000000000002,0.2942363739026584,0.053634763022514444,0.20572252258147247,0.2942363739026584,0.07619463093386168,49.99893442622948,49.99893442622948
84060,0.01205,0.29399644504732814,0.05363068877469505,0.20558158166369767,0.29399644504732814,0.07615496022991278,49.99893442622948,49.998934426229425
84120,0.01205,0.29375701778808616,0.05362662159762938,0.20544091950814786,0.29375701778808616,0.07611539341116243,49.99893442622948,49.998934426229425
84180,0.012049999999999998,0.293518090642649,0.05362256147450186,0.20530053532013354,0.293518090642649,0.07607593028125853,49.99893442622948,49.99893442622948
84240,0.01205,0.2932796621341475,0.05361850838859713,0.20516042830679881,0.2932796621341475,0.0760365706224266,49.99893442622948,49.99893442622948
84300,0.01205,0.2930417307911118,0.05361446232329417,0.20502059767724787,0.2930417307911118,0.07599731419847107,49.99893442622948,49.99893442622948
84360,0.01205,0.2928042951474516,0.05361042326206046,0.2048810426426532,0.2928042951474516,0.07595816075747683,49.99893442622948,49.99893442622948
84420,0.01205,0.29256735374243614,0.05360639118844679,0.2047417624163487,0.29256735374243614,0.07591911003405144,49.99893442622948,49.998934426229425
84480,0.01205,0.2923309051206721,0.05360236608608247,0.2046027562139081,0.2923309051206721,0.07588016175129773,49.99893442622948,49.998934426229425
84540,0.01205,0.29209494783208184,0.053598347938670944,0.20446402325321275,0.29209494783208184,0.07584131562251234,49.99893442622948,49.99893442622948
84600,0.01205,0.2918594804318814,0.05359433672998569,0.20432556275450864,0.2918594804318814,0.0758025713526543,49.99893442622948,49.998934426229425
84660,0.012049967407407408,0.2916245002120567,0.05359033243791003,0.20418737335565568,0.2916245002120567,0.07575904697618462,49.99893442622948,49.99893442622948
84720,0.012049872592592593,0.2913900033294971,0.05358633503526231,0.2040494531524097,0.2913900033294971,0.07570631317945836,49.99893442622948,49.99893442622948
84780,0.01204972,0.2911559861383798,0.05358234449622572,0.20391180029861503,0.2911559861383798,0.07564504850536899,49.99893442622954,49.99893442622948
84840,0.012049514074074072,0.29092244518814814,0.05357836079623936,0.20377441301247065,0.29092244518814814,0.07557592947652196,49.99893442622954,49.998934426229425
84900,0.01204925925925926,0.29068937722153143,0.05357438391190066,0.20363728958180857,0.29068937722153143,0.07549963077447523,49.99893442622948,49.99893442622948
84960,0.012048960000000001,0.29045677917260426,0.05357041382087773,0.2035004283685295,0.29045677917260426,0.07541682539609419,49.99893442622948,49.99893442622954
85020,0.012048620740740743,0.29022464816488197,0.053566450501831044,0.20336382781231352,0.29022464816488197,0.07532818478990615,49.99893442622948,49.998934426229425
85080,0.012048245925925925,0.28999298150945113,0.053562493934343744,0.2032274864337107,0.28999298150945113,0.07523437897484862,49.99893442622954,49.99893442622948
85140,0.01204784,0.289761776703105,0.053558544098859906,0.20309140283669858,0.289761776703105,0.0751360766434885,49.99893442622948,49.998934426229425
85200,0.012047407407407408,0.28953103144290787,0.05355460097642678,0.20295557568865016,0.28953103144290787,0.07503394394581879,49.99893442622954,49.998934426229425
85260,0.012046952592592593,0.289300743570846,0.05355066454922543,0.2028200037967404,0.289300743570846,0.07492864855660213,49.99893442622948,49.99893442622948
85320,0.01204648,0.28907091113224354,0.05354673479998304,0.20268468602571726,0.28907091113224354,0.07482085569729009,49.99893442622948,49.998934426229425
85380,0.012045994074074074,0.28884153234998017,0.05354281171210789,0.202549621329947,0.28884153234998017,0.0747112295439445,49.99893442622948,49.99893442622948
85440,0.01204549925925926,0.2886126056234286,0.05353889526965853,0.20241480875427784,0.2886126056234286,0.07460043327750582,49.998934426229425,49.998934426229425
85500,0.012045,0.288384129527007,0.053534985457317524,0.20228024743467604,0.288384129527007,0.07448912912535595,49.99893442622948,49.99893442622948
85560,0.012044500740740741,0.28815610280860465,0.05353108226036991,0.20214593659866467,0.28815610280860465,0.0743779783949833,49.998934426229425,49.998934426229425
85620,0.012044005925925926,0.28792852438796634,0.053527185664685194,0.20201187556559475,0.28792852438796634,0.07426764150058397,49.99893442622954,49.998934426229425
85680,0.01204352,0.2877013933550658,0.05352329565670328,0.20187806374677028,0.2877013933550658,0.07415877798305866,49.998934426229425,49.998934426229425
85740,0.012043047407407408,0.28747470896848104,0.05351941222342346,0.20174450064544855,0.28747470896848104,0.07405204652405904,49.99893442622948,49.99893442622948
85800,0.012042592592592594,0.28724847065377235,0.053515535352396455,0.20161118585673177,0.28724847065377235,0.07394810495439193,49.99893442622948,49.998934426229425
85860,0.01204216,0.28702267800186543,0.05351166503171917,0.20147811906736424,0.28702267800186543,0.07384761025722901,49.99893442622948,49.99893442622948
85920,0.012041754074074075,0.2867973307674379,0.05350780125003183,0.20134530005544857,0.2867973307674379,0.07375121856639791,49.99893442622948,49.99893442622948
85980,0.012041379259259258,0.2865724288673079,0.05350394399651736,0.20121272869008872,0.2865724288673079,0.07365958516003775,49.998934426229425,49.998934426229425
86040,0.01204104,0.28634797237882503,0.05350009326090262,0.20108040493097157,0.28634797237882503,0.07357336444981478,49.99893442622948,49.99893442622948
86100,0.01204074074074074,0.2861239615382595,0.05349624903346163,0.20094832882789215,0.2861239615382595,0.07349320996592218,49.99893442622948,49.99893442622948
86160,0.012040485925925926,0.2859003967391893,0.05349241130502001,0.20081650052023015,0.2859003967391893,0.0734197743380354,49.99893442622954,49.99893442622948
86220,0.01204028,0.28567727853088654,0.05348858006696116,0.20068492023638232,0.28567727853088654,0.07335370927230903,49.99893442622948,49.99893442622948
86280,0.012040127407407408,0.2854546076166944,0.05348475531123337,0.20055358829315575,0.2854546076166944,0.07329566552459861,49.998934426229425,49.998934426229425
86340,0.012040032592592592,0.28523238485240116,0.05348093703035814,0.20042250509512538,0.28523238485240116,0.07324629287000001,49.99893442622948,49.99893442622948
86400,0.01204,0.2850106112446043,0.053477125217439477,0.2002916711339592,0.2850106112446043,0.07320624006874954,49.99893442622948,49.99893442622948
86460,0.01204,0.2847892866988778,0.05347331986022768,0.20016108640612057,0.2847892866988778,0.07317109866878398,49.99893442622948,49.99893442622948
86520,0.01204,0.28456840992232635,0.053469520940876605,0.20003075034953138,0.28456840992232635,0.07313602909520184,49.99893442622948,49.99893442622948
86580,0.01204,0.2843479796266931,0.053465728441876276,0.1999006623865275,0.2843479796266931,0.07310103369013464,49.99893442622948,49.99893442622948
86640,0.012039999999999999,0.2841279945283408,0.05346194234603049,0.19977082192626247,0.2841279945283408,0.07306611443776895,49.99893442622948,49.99893442622948
86700,0.01204,0.2839084533482316,0.0534581626364358,0.19964122836678086,0.2839084533482316,0.0730312730139869,49.99893442622948,49.99893442622948
86760,0.01204,0.2836893548119093,0.05345438929646208,0.1995118810968079,0.2836893548119093,0.07299651082893656,49.99893442622948,49.998934426229425
86820,0.012040000000000002,0.28347069764947935,0.053450622309734186,0.19938277949729538,0.28347069764947935,0.07296182906364618,49.99893442622954,49.998934426229425
86880,0.01204,0.28325248059559033,0.05344686166011495,0.1992539229427566,0.28325248059559033,0.07292722870147558,49.99893442622948,49.99893442622948
86940,0.012040000000000002,0.2830347023894153,0.05344310733168938,0.1991253108024207,0.2830347023894153,0.07289271055515187,49.99893442622954,49.998934426229425
87000,0.01204,0.28281736177463235,0.05343935930874977,0.19899694244123112,0.28281736177463235,0.07285827529009666,49.99893442622948,49.998934426229425
87060,0.012039999999999999,0.28260045749940654,0.05343561757578202,0.19886881722070837,0.28260045749940654,0.07282392344445222,49.99893442622948,49.998934426229425
87120,0.01204,0.28238398831637124,0.0534318821174527,0.19874093449969746,0.28238398831637124,0.07278965544641394,49.99893442622948,49.99893442622948
87180,0.01204,0.2821679529826093,0.05342815291859717,0.19861329363501457,0.2821679529826093,0.07275547162910706,49.99893442622948,49.99893442622948
87240,0.01204,0.28195235025963444,0.053424429964208466,0.19848589398200664,0.28195235025963444,0.07272137224348613,49.99893442622948,49.998934426229425
87300,0.01204,0.28173717891337363,0.0534207132394269,0.19835873489503617,0.28173717891337363,0.07268735746943403,49.99893442622948,49.998934426229425
87360,0.01204,0.28152243771414803,0.053417002729530524,0.19823181572790088,0.28152243771414803,0.07265342742536506,49.99893442622948,49.99893442622948
87420,0.01204,0.28130812543665534,0.05341329841992615,0.19810513583419745,0.28130812543665534,0.0726195821765223,49.99893442622948,49.99893442622948
87480,0.01204,0.281094240859951,0.0534096002961411,0.19797869456763606,0.281094240859951,0.0725858217421532,49.99893442622948,49.99893442622948
87540,0.01204,0.280880782767431,0.05340590834381546,0.1978524912823132,0.280880782767431,0.07255214610171774,49.99893442622948,49.998934426229425
87600,0.01204,0.2806677499468135,0.05340222254869496,0.19772652533294754,0.2806677499468135,0.07251855520026197,49.99893442622948,49.998934426229425
87660,0.01204,0.28045514119012055,0.05339854289662435,0.19760079607508438,0.28045514119012055,0.0724850489530717,49.99893442622948,49.998934426229425
87720,0.01204,0.2802429552936612,0.05339486937354132,0.1974753028652724,0.2802429552936612,0.07245162724970433,49.99893442622948,49.99893442622948
87780,0.012039999999999999,0.2800311910580128,0.05339120196547078,0.1973500450612164,0.2800311910580128,0.07241828995748101,49.99893442622948,49.998934426229425
87840,0.01204,0.279819847288004,0.053387540658519556,0.1972250220219095,0.279819847288004,0.07238503692452938,49.99893442622948,49.998934426229425
87900,0.01204,0.27960892279269733,0.05338388543887163,0.19710023310774727,0.27960892279269733,0.07235186798238696,49.99893442622948,49.998934426229425
87960,0.01204,0.27939841638537105,0.05338023629278359,0.19697567768062604,0.27939841638537105,0.07231878294830874,49.99893442622948,49.99893442622948
88020,0.01204,0.2791883268835022,0.05337659320658048,0.19685135510402774,0.2791883268835022,0.07228578162723433,49.99893442622948,49.998934426229425
88080,0.01204,0.2789786531087495,0.05337295616665204,0.19672726474309277,0.2789786531087495,0.07225286381351151,49.99893442622948,49.998934426229425
88140,0.01204,0.2787693938869353,0.053369325159449116,0.19660340596468262,0.2787693938869353,0.07222002929239063,49.99893442622948,49.99893442622948
88200,0.01204,0.27856054804802943,0.05336570017148044,0.19647977813743356,0.27856054804802943,0.07218727784132428,49.99893442622948,49.99893442622948
88260,0.012039967407407407,0.27835211329988324,0.05336208118386964,0.19635638010316434,0.27835211329988324,0.07214982372115002,49.99893442622948,49.998934426229425
88320,0.012039872592592593,0.27814408634144167,0.053358468173068656,0.1962332102143894,0.27814408634144167,0.07210332490814245,49.99893442622948,49.99893442622954
88380,0.01203972,0.2779364640454429,0.053354861116698536,0.19611026687767535,0.2779364640454429,0.07204844648492585,49.99893442622954,49.99893442622948
88440,0.012039514074074073,0.27772924345671396,0.05335125999346602,0.19598754855868328,0.27772924345671396,0.07198585166820248,49.998934426229425,49.998934426229425
88500,0.01203925925925926,0.2775224217905002,0.05334766478308828,0.1958650537864491,0.2775224217905002,0.0719162019556148,49.99893442622948,49.99893442622948
88560,0.01203896,0.2773159964308302,0.05334407546622543,0.19574278115700644,0.2773159964308302,0.07184015725539186,49.99893442622954,49.998934426229425
88620,0.012038620740740743,0.27710996492891116,0.0533404920244201,0.19562072933643976,0.27710996492891116,0.07175837600069274,49.99893442622948,49.99893442622948
88680,0.012038245925925926,0.27690432500155315,0.05333691444004353,0.19549889706344684,0.27690432500155315,0.07167151525021355,49.998934426229425,49.998934426229425
88740,0.012037840000000001,0.2766990745296213,0.053333342696247676,0.19537728315147476,0.2766990745296213,0.07158023077652105,49.99893442622954,49.99893442622948
88800,0.012037407407407406,0.2764942115565125,0.053329776776922945,0.19525588649048808,0.2764942115565125,0.07148517714329128,49.99893442622948,49.998934426229425
88860,0.012036952592592593,0.27628973428665576,0.05332621666666095,0.1951347060484175,0.27628973428665576,0.07138700777253636,49.99893442622954,49.99893442622948
88920,0.01203648,0.2760856410840328,0.053322662350722146,0.19501374087233234,0.2760856410840328,0.07128637500268362,49.99893442622948,49.998934426229425
88980,0.012035994074074075,0.27588193047071957,0.053319113815007646,0.19489299008937233,0.27588193047071957,0.07118393013837097,49.998934426229425,49.99893442622948
89040,0.012035499259259261,0.27567860112544357,0.05331557104603504,0.19477245290747214,0.27567860112544357,0.07108032349257688,49.998934426229425,49.99893442622948
89100,0.012035,0.27547565188215783,0.053312034030918054,0.19465212861590364,0.27547565188215783,0.07097620442168703,49.998934426229425,49.998934426229425
89160,0.01203450074074074,0.2752730817286279,0.053308502757349274,0.19453201658566163,0.2752730817286279,0.07087222135407897,49.998934426229425,49.99893442622948
89220,0.012034005925925927,0.2750708898050313,0.053304977213586124,0.19441211626971164,0.2750708898050313,0.07076902181258177,49.99893442622948,49.99893442622948
89280,0.01203352,0.27486907540256716,0.05330145738843954,0.19429242720311854,0.27486907540256716,0.07066725243126222,49.99893442622948,49.99893442622948
89340,0.012033047407407408,0.27466763796207455,0.05329794327126537,0.19417294900307047,0.27466763796207455,0.07056755896681445,49.99893442622948,49.99893442622948
89400,0.012032592592592593,0.27446657707265704,0.05329443485195778,0.19405368136881096,0.27446657707265704,0.07047058630496209,49.998934426229425,49.99893442622948
89460,0.01203216,0.27426589247031324,0.05329093212094503,0.19393462408149087,0.27426589247031324,0.07037697846195744,49.99893442622948,49.99893442622948
89520,0.012031754074074075,0.27406558403657016,0.05328743506918712,0.1938157770039498,0.27406558403657016,0.07028737858156228,49.998934426229425,49.998934426229425
89580,0.012031379259259258,0.2738656517971199,0.05328394368817503,0.19369714008043448,0.2738656517971199,0.07020242892759739,49.99893442622948,49.99893442622948
89640,0.012031040000000002,0.27366609592045493,0.05328045796993158,0.1935787133362626,0.27366609592045493,0.07012277087228772,49.99893442622954,49.99893442622948
89700,0.012030740740740743,0.2734669167165037,0.053276977907013745,0.19346049687743666,0.2734669167165037,0.07004904488049002,49.998934426229425,49.99893442622948
89760,0.012030485925925927,0.2732681146352634,0.05327350349251606,0.19334249089021446,0.2732681146352634,0.0699818904900172,49.99893442622948,49.99893442622948
89820,0.01203028,0.27306969026542843,0.05327003472007528,0.1932246956406395,0.27306969026542843,0.06992194628808744,49.998934426229425,49.99893442622948
89880,0.012030127407407408,0.2728716443330134,0.05326657158387583,0.19310711147403595,0.2728716443330134,0.06986984988404671,49.99893442622948,49.998934426229425
89940,0.012030032592592594,0.2726739776999698,0.05326311407865627,0.19298973881447098,0.2726739776999698,0.0698262378784279,49.99893442622948,49.99893442622948
90000,0.01203,0.27247669136279395,0.053259662199716444,0.1928725781641873,0.27247669136279395,0.06979174582843853,49.998934426229425,49.998934426229425
90060,0.01203,0.27227978533783553,0.0532562159374986,0.19275562957602504,0.27227978533783553,0.06976205415483397,49.998934426229425,49.998934426229425
90120,0.01203,0.27208325857403814,0.053252775277327115,0.19263889259711173,0.27208325857403814,0.06973242079271179,49.998934426229425,49.998934426229425
90180,0.01203,0.2718871100239912,0.053249340204785715,0.19252236676182324,0.2718871100239912,0.06970284764408861,49.998934426229425,49.99893442622948
90240,0.012029999999999999,0.2716913386439154,0.05324591070570055,0.1924060515936482,0.2716913386439154,0.06967333633474948,49.998934426229425,49.99893442622948
90300,0.01203,0.27149594339364835,0.05324248676612435,0.19228994660680948,0.27149594339364835,0.06964388825052703,49.998934426229425,49.998934426229425
90360,0.01203,0.27130092323662935,0.05323906837232161,0.19217405130767531,0.27130092323662935,0.06961450456874277,49.998934426229425,49.99893442622948
90420,0.012030000000000002,0.2711062771398849,0.05323565551075474,0.19205836519598754,0.2711062771398849,0.06958518628546947,49.998934426229425,49.998934426229425
90480,0.01203,0.2709120040740149,0.05323224816807107,0.19194288776593113,0.2709120040740149,0.06955593423919114,49.998934426229425,49.99893442622948
90540,0.01203,0.27071810301317695,0.05322884633109089,0.19182761850706556,0.27071810301317695,0.0695267491313126,49.998934426229425,49.998934426229425
90600,0.012029999999999999,0.2705245729350731,0.053225449986796076,0.19171255690513628,0.2705245729350731,0.06949763154400326,49.998934426229425,49.998934426229425
90660,0.012029999999999999,0.2703314128209346,0.053222059122319636,0.19159770244278163,0.2703314128209346,0.06946858195567117,49.998934426229425,49.998934426229425
90720,0.01203,0.270138621655508,0.05321867372493585,0.19148305460014906,0.270138621655508,0.06943960075442088,49.998934426229425,49.99893442622948
90780,0.01203,0.2699461984270414,0.053215293782051136,0.191368612855432,0.2699461984270414,0.06941068824975197,49.998934426229425,49.99893442622948
90840,0.01203,0.26975414212726884,0.05321191928119557,0.19125437668533807,0.26975414212726884,0.06938184468273373,49.998934426229425,49.998934426229425
90900,0.01203,0.26956245175139826,0.05320855021001486,0.19114034556549708,0.26956245175139826,0.06935307023485689,49.998934426229425,49.998934426229425
90960,0.01203,0.2693711262980957,0.05320518655626305,0.19102651897081666,0.2693711262980957,0.06932436503573786,49.998934426229425,49.99893442622948
91020,0.01203,0.2691801647694719,0.053201828307795566,0.19091289637579265,0.2691801647694719,0.06929572916982665,49.998934426229425,49.99893442622948
91080,0.01203,0.26898956617106884,0.05319847545256285,0.19079947725477894,0.26898956617106884,0.06926716268224876,49.998934426229425,49.99893442622948
91140,0.01203,0.26879932951184565,0.05319512797860444,0.19068626108222375,0.26879932951184565,0.06923866558389499,49.998934426229425,49.99893442622948
91200,0.01203,0.26860945380416434,0.0531917858740434,0.1905732473328741,0.26860945380416434,0.06921023785585687,49.998934426229425,49.99893442622948
91260,0.012029999999999999,0.2684199380637768,0.053188449127081205,0.19046043548195535,0.2684199380637768,0.06918187945329383,49.998934426229425,49.99893442622948
91320,0.012030000000000002,0.2682307813098105,0.05318511772599301,0.19034782500532652,0.2682307813098105,0.06915359030880355,49.998934426229425,49.998934426229425
91380,0.012029999999999999,0.2680419825647556,0.053181791659123186,0.19023541537961605,0.2680419825647556,0.06912537033537158,49.998934426229425,49.998934426229425
91440,0.01203,0.26785354085445057,0.05317847091488125,0.19012320608233957,0.26785354085445057,0.0690972194289205,49.998934426229425,49.99893442622948
91500,0.012030000000000002,0.2676654552080695,0.05317515548173813,0.19001119659200252,0.2676654552080695,0.06906913747056632,49.998934426229425,49.998934426229425
91560,0.01203,0.2674777246581083,0.05317184534822252,0.1898993863881892,0.2674777246581083,0.06904112432857351,49.998934426229425,49.99893442622948
91620,0.01203,0.26729034824037146,0.0531685405029178,0.18978777495163995,0.26729034824037146,0.06901317986004626,49.998934426229425,49.99893442622948
91680,0.01203,0.26710332499395867,0.053165240934458916,0.1896763617643181,0.26710332499395867,0.0689853039124393,49.998934426229425,49.998934426229425
91740,0.01203,0.2669166539612512,0.053161946631529684,0.18956514630946789,0.2669166539612512,0.06895749632485107,49.998934426229425,49.99893442622948
91800,0.01203,0.26673033418790004,0.053158657582860196,0.18945412807166453,0.26673033418790004,0.06892975692916482,49.998934426229425,49.998934426229425
91860,0.01203,0.26654436472281123,0.0531553737772245,0.18934330653685733,0.26654436472281123,0.06890208555104427,49.998934426229425,49.99893442622948
91920,0.01203,0.2663587446181337,0.05315209520343839,0.1892326811924066,0.2663587446181337,0.06887448201080407,49.998934426229425,49.998934426229425
91980,0.01203,0.2661734729292459,0.05314882185035746,0.18912225152711576,0.2661734729292459,0.06884694612417092,49.998934426229425,49.998934426229425
92040,0.012029999999999999,0.2659885487147432,0.05314555370687522,0.18901201703125795,0.2659885487147432,0.06881947770294965,49.998934426229425,49.99893442622948
92100,0.01203,0.26580397103642506,0.05314229076192149,0.18890197719659962,0.26580397103642506,0.06879207655560596,49.998934426229425,49.99893442622948
92160,0.01203,0.26561973895928165,0.05313903300446075,0.18879213151641966,0.26561973895928165,0.06876474248777552,49.998934426229425,49.998934426229425
92220,0.012030000000000002,0.2654358515514812,0.05313578042349087,0.18868247948552577,0.2654358515514812,0.06873747530270945,49.998934426229425,49.99893442622948
92280,0.01203,0.2652523078843581,0.05313253300804164,0.18857302060026845,0.2652523078843581,0.06871027480167291,49.998934426229425,49.99893442622948
92340,0.01203,0.2650691070323992,0.05312929074717377,0.18846375435855162,0.2650691070323992,0.06868314078426926,49.998934426229425,49.99893442622948
92400,0.012029999999999999,0.2648862480732319,0.05312605362997772,0.18835468025984226,0.2648862480732319,0.06865607304875823,49.998934426229425,49.998934426229425
92460,0.012029999999999999,0.26470373008761144,0.053122821645572735,0.18824579780517744,0.26470373008761144,0.0686290713923085,49.998934426229425,49.99893442622948
92520,0.01203,0.26452155215940826,0.05311959478310598,0.18813710649717,0.26452155215940826,0.06860213561122919,49.998934426229425,49.99893442622948
92580,0.01203,0.2643397133755959,0.05311637303175169,0.18802860584001277,0.2643397133755959,0.06857526550117088,49.998934426229425,49.998934426229425
92640,0.01203,0.2641582128262382,0.05311315638071052,0.18792029533948154,0.2641582128262382,0.06854846085730239,49.998934426229425,49.99893442622948
92700,0.01203,0.2639770496044775,0.053109944819208804,0.18781217450293694,0.2639770496044775,0.06852172147446453,49.998934426229425,49.998934426229425
92760,0.01203,0.26379622280652165,0.053106738336498024,0.18770424283932552,0.26379622280652165,0.06849504714730559,49.998934426229425,49.99893442622948
92820,0.01203,0.2636157315316328,0.05310353692185426,0.18759649985917953,0.2636157315316328,0.06846843767039941,49.998934426229425,49.99893442622948
92880,0.01203,0.26343557488211444,0.053100340564577714,0.1874889450746166,0.26343557488211444,0.06844189283834944,49.998934426229425,49.99893442622948
92940,0.01203,0.26325575196329976,0.0530971492539923,0.18738157799933816,0.26325575196329976,0.06841541244587925,49.998934426229425,49.99893442622948
93000,0.01203,0.26307626188353905,0.05309396297944525,0.1872743981486278,0.26307626188353905,0.06838899628791205,49.998934426229425,49.99893442622948
93060,0.012029999999999999,0.2628971037541886,0.05309078173030679,0.1871674050393488,0.2628971037541886,0.06836264415964019,49.998934426229425,49.99893442622948
93120,0.012030000000000002,0.262718276689598,0.0530876054959699,0.18706059818994122,0.262718276689598,0.06833635585658457,49.998934426229425,49.99893442622948
93180,0.012029999999999999,0.26253977980709875,0.05308443426584994,0.1869539771204191,0.26253977980709875,0.06831013117465558,49.998934426229425,49.99893442622948
93240,0.01203,0.26236161222699184,0.05308126802938457,0.1868475413523664,0.26236161222699184,0.06828396991018296,49.998934426229425,49.99893442622948
93300,0.012030000000000002,0.2621837730725367,0.053078106776033473,0.18674129040893375,0.2621837730725367,0.06825787185997201,49.998934426229425,49.99893442622948
93360,0.01203,0.26200626146993916,0.053074950495278224,0.18663522381483413,0.26200626146993916,0.06823183682133871,49.998934426229425,49.99893442622948
93420,0.01203,0.2618290765483395,0.05307179917662214,0.18652934109633856,0.2618290765483395,0.06820586459212434,49.998934426229425,49.998934426229425
93480,0.01203,0.2616522174398011,0.05306865280959021,0.18642364178127163,0.2616522174398011,0.06817995497074096,49.998934426229425,49.99893442622948
93540,0.01203,0.2614756832792995,0.05306551138372892,0.18631812539900705,0.2614756832792995,0.06815410775618488,49.998934426229425,49.99893442622948
93600,0.01203,0.2612994732047093,0.053062374888606295,0.18621279148046285,0.2612994732047093,0.06812832274805902,49.998934426229425,49.99893442622948
93660,0.01203,0.26112358635679456,0.053059243313811726,0.18610763955809617,0.26112358635679456,0.06810259974659025,49.998934426229425,49.99893442622948
93720,0.01203,0.26094802187919575,0.053056116648956056,0.1860026691658986,0.26094802187919575,0.06807693855264448,49.998934426229425,49.998934426229425
93780,0.01203,0.2607727789184196,0.05305299488367144,0.18589787983939096,0.2607727789184196,0.06805133896773967,49.998934426229425,49.99893442622948
93840,0.012029999999999999,0.260597856623827,0.05304987800761142,0.18579327111561802,0.260597856623827,0.06802580079405676,49.998934426229425,49.99893442622948
93900,0.01203,0.2604232541476225,0.05304676601045089,0.1856888425331434,0.2604232541476225,0.06800032383444947,49.998934426229425,49.998934426229425
93960,0.01203,0.2602489706448423,0.0530436588818861,0.18558459363204421,0.2602489706448423,0.06797490789245154,49.998934426229425,49.99893442622948
94020,0.012030000000000002,0.2600750052733437,0.05304055661163469,0.18548052395390563,0.2600750052733437,0.06794955277228285,49.998934426229425,49.998934426229425
94080,0.01203,0.25990135719379337,0.05303745918943569,0.18537663304181565,0.25990135719379337,0.06792425827886263,49.998934426229425,49.99893442622948
94140,0.01203,0.25972802556965713,0.05303436660504961,0.1852729204403594,0.25972802556965713,0.06789902421779702,49.998934426229425,49.998934426229425
94200,0.012029999999999999,0.2595550095671881,0.05303127884825842,0.18516938569561403,0.2595550095671881,0.06787385039540077,49.998934426229425,49.99893442622948
94260,0.012029999999999999,0.2593823083554163,0.05302819590886564,0.18506602835514294,0.2593823083554163,0.0678487366186911,49.998934426229425,49.99893442622948
94320,0.01203,0.25920992110613755,0.05302511777669638,0.18496284796799048,0.25920992110613755,0.06782368269539146,49.998934426229425,49.998934426229425
94380,0.01203,0.2590378469939026,0.05302204444159733,0.18485984408467637,0.2590378469939026,0.06779868843393339,49.998934426229425,49.998934426229425
94440,0.01203,0.2588660851960061,0.053018975893436925,0.18475701625719018,0.2588660851960061,0.06777375364345806,49.998934426229425,49.99893442622948
94500,0.01203,0.2586946348924765,0.053015912122105324,0.18465436403898583,0.2586946348924765,0.06774887813381653,49.998934426229425,49.99893442622948
94560,0.01203,0.2585234952660645,0.0530128531175145,0.18455188698497615,0.2585234952660645,0.06772406171557027,49.998934426229425,49.99893442622948
94620,0.01203,0.2583526655022325,0.05300979886959827,0.1844495846515272,0.2583526655022325,0.06769930419999091,49.998934426229425,49.99893442622948
94680,0.01203,0.25818214478914514,0.05300674936831242,0.18434745659645296,0.25818214478914514,0.06767460539905995,49.998934426229425,49.99893442622948
94740,0.01203,0.2580119323176567,0.05300370460363471,0.18424550237900966,0.2580119323176567,0.06764996512546806,49.998934426229425,49.99893442622948
94800,0.01203,0.25784202728130257,0.053000664565564945,0.18414372155989042,0.25784202728130257,0.06762538319261407,49.998934426229425,49.998934426229425
94860,0.012029999999999999,0.25767242887628716,0.05299762924412508,0.18404211370121967,0.25767242887628716,0.06760085941460388,49.998934426229425,49.998934426229425
94920,0.012030000000000002,0.25750313630147464,0.052994598629359235,0.1839406783665477,0.25750313630147464,0.06757639360624772,49.998934426229425,49.99893442622948
94980,0.012029999999999999,0.257334148758378,0.05299157271133376,0.1838394151208453,0.257334148758378,0.06755198558306613,49.998934426229425,49.99893442622948
95040,0.01203,0.2571654654511485,0.05298855148013732,0.18373832353049815,0.2571654654511485,0.06752763516127223,49.998934426229425,49.99893442622948
95100,0.012030000000000002,0.25699708558656564,0.052985534925880956,0.18363740316330143,0.25699708558656564,0.06750334215778504,49.998934426229425,49.99893442622948
95160,0.01203,0.2568290083740272,0.05298252303869809,0.18353665358845453,0.2568290083740272,0.06747910639022749,49.998934426229425,49.99893442622948
95220,0.01203,0.25666123302553856,0.05297951580874466,0.18343607437655549,0.25666123302553856,0.06745492767690832,49.998934426229425,49.99893442622948
95280,0.01203,0.2564937587557029,0.05297651322619911,0.18333566509959573,0.2564937587557029,0.0674308058368385,49.998934426229425,49.998934426229425
95340,0.01203,0.2563265847817103,0.05297351528126247,0.1832354253309546,0.2563265847817103,0.0674067406897192,49.998934426229425,49.99893442622948
95400,0.01203,0.2561597103233287,0.05297052196415841,0.18313535464539413,0.2561597103233287,0.06738273205594174,49.998934426229425,49.99893442622948
95460,0.012029967407407409,0.25599313370190546,0.052967533260614194,0.1830354521821487,0.25599313370190546,0.0673541980296957,49.99893442622948,49.99893442622948
95520,0.012029872592592594,0.2558268524301305,0.05296454915240311,0.182935716677472,0.2558268524301305,0.06731698143954261,49.99893442622948,49.998934426229425
95580,0.01202972,0.2556608641577928,0.05296156962215723,0.1828361469148573,0.2556608641577928,0.06727171877589287,49.99893442622948,49.99893442622948
95640,0.012029514074074073,0.25549516667054656,0.05295859465331931,0.18273674172831506,0.25549516667054656,0.06721904490859433,49.99893442622948,49.99893442622948
95700,0.012029259259259259,0.25532975788870543,0.05295562423009918,0.18263750000519025,0.25532975788870543,0.06715959319078021,49.99893442622948,49.99893442622948
95760,0.012028960000000002,0.25516463586605936,0.05295265833743482,0.18253842068857704,0.25516463586605936,0.06709399555231436,49.99893442622948,49.99893442622948
95820,0.012028620740740742,0.254999798788716,0.052949696960957325,0.1824395027793795,0.254999798788716,0.06702288258377878,49.998934426229425,49.998934426229425
95880,0.012028245925925926,0.254835244973964,0.05294674008695969,0.18234074533806283,0.254835244973964,0.06694688361161616,49.998934426229425,49.99893442622948
95940,0.012027840000000001,0.25467097286915513,0.052943787702369106,0.18224214748613263,0.25467097286915513,0.06686662676510464,49.99893442622948,49.99893442622948
96000,0.012027407407407407,0.25450698105060626,0.05294083979472242,0.18214370840737595,0.25450698105060626,0.06678273903575112,49.998934426229425,49.99893442622948
96060,0.012026952592592592,0.25434326822251724,0.052937896352144576,0.18204542734889267,0.25434326822251724,0.06669584632956974,49.99893442622948,49.99893442622948
96120,0.01202648,0.254179833215904,0.052934957363329954,0.1819473036219434,0.254179833215904,0.06660657351266747,49.99893442622948,49.99893442622948
96180,0.012025994074074075,0.25401667498754654,0.05293202281752597,0.1818493366026354,0.25401667498754654,0.06651554445067244,49.99893442622948,49.998934426229425
96240,0.012025499259259258,0.25385379261894814,0.05292909270451927,0.18175152573246667,0.25385379261894814,0.0664233820421406,49.99893442622948,49.998934426229425
96300,0.012025000000000001,0.2536911853153061,0.05292616701462403,0.18165387051874515,0.2536911853153061,0.06633070824646366,49.99893442622948,49.99893442622948
96360,0.01202450074074074,0.25352885240449163,0.05292324573867206,0.18155637053489673,0.25352885240449163,0.06623814410641893,49.99893442622948,49.998934426229425
96420,0.012024005925925927,0.2533667933360384,0.05292032886800487,0.18145902542067735,0.2533667933360384,0.06614630976568521,49.99893442622948,49.99893442622948
96480,0.01202352,0.25320500768013715,0.052917416394467454,0.18136183488229804,0.25320500768013715,0.06605582448145877,49.99893442622948,49.99893442622948
96540,0.012023047407407408,0.2530434951266354,0.05291450831040333,0.18126479869247447,0.2530434951266354,0.06596730663251359,49.998934426229425,49.99893442622948
96600,0.012022592592592592,0.25288225548404253,0.052911604608651304,0.18116791669040916,0.25288225548404253,0.06588137372267176,49.99893442622948,49.998934426229425
96660,0.01202216,0.25272128867853577,0.052908705282543274,0.18107118878171308,0.25272128867853577,0.0657986423800428,49.99893442622954,49.99893442622948
96720,0.012021754074074072,0.2525605947529687,0.0529058103259032,0.18097461493827458,0.2525605947529687,0.06571972835202833,49.99893442622948,49.998934426229425
96780,0.012021379259259259,0.25240017386587976,0.05290291973304718,0.18087819519808018,0.25240017386587976,0.0656452464962742,49.99893442622948,49.998934426229425
96840,0.012021039999999998,0.252240026290499,0.05290003349878437,0.18078192966499254,0.252240026290499,0.06557581076767326,49.99893442622954,49.998934426229425
96900,0.012020740740740742,0.2520801524137535,0.05289715161841889,0.1806858185084895,0.2520801524137535,0.06551203420148548,49.998934426229425,49.998934426229425
96960,0.012020485925925925,0.25192055273526776,0.05289427408775224,0.18058986196336893,0.25192055273526776,0.06545452889272427,49.99893442622948,49.99893442622948
97020,0.01202028,0.2517612278663616,0.05289140090308668,0.18049406032942117,0.2517612278663616,0.06540390597180269,49.99893442622948,49.99893442622948
97080,0.012020127407407407,0.25160217852903927,0.0528885320612289,0.18039841397107234,0.25160217852903927,0.06536077557660065,49.99893442622948,49.998934426229425
97140,0.012020032592592591,0.2514434055549738,0.0528856675594945,0.18030292331700123,0.2514434055549738,0.0653257468209221,49.99893442622948,49.998934426229425
97200,0.01202,0.2512849098844828,0.05288280739571259,0.1802075888597316,0.2512849098844828,0.0652994277595042,49.99893442622948,49.998934426229425
97260,0.01202,0.2511266916700396,0.052879951563729474,0.1801124107177788,0.2511266916700396,0.06527768524567246,49.99893442622948,49.99893442622948
97320,0.012020000000000001,0.2509687502053729,0.052877100053142216,0.18001738859046604,0.2509687502053729,0.06525598173655348,49.99893442622948,49.998934426229425
97380,0.01202,0.2508110847864951,0.052874252853710696,0.17992252216855878,0.2508110847864951,0.0652343185008423,49.99893442622948,49.99893442622948
97440,0.012019999999999998,0.25065369471169296,0.05287140995534765,0.17982781113539897,0.25065369471169296,0.06521269663981241,49.998934426229425,49.99893442622948
97500,0.01202,0.25049657928151914,0.05286857134810928,0.17973325516790511,0.25049657928151914,0.065191117107252,49.99893442622948,49.99893442622948
97560,0.012020000000000001,0.25033973779878355,0.05286573702218661,0.17963885393745452,0.25033973779878355,0.06516958072697632,49.99893442622948,49.99893442622948
97620,0.01202,0.25018316956854453,0.052862906967897125,0.17954460711066195,0.25018316956854453,0.06514808820829057,49.99893442622948,49.99893442622948
97680,0.012019999999999998,0.2500268738981006,0.052860081175677226,0.1794505143500662,0.2500268738981006,0.0651266401595673,49.998934426229425,49.99893442622948
97740,0.01202,0.24987085009698115,0.05285725963607491,0.17935657531473642,0.24987085009698115,0.06510523710024597,49.99893442622948,49.99893442622948
97800,0.01202,0.24971509747693918,0.052854442339743055,0.17926278966080672,0.24971509747693918,0.06508387947136417,49.99893442622948,49.998934426229425
97860,0.012019999999999998,0.24955961535194143,0.05285162927743306,0.17916915704194802,0.24955961535194143,0.0650625676448714,49.998934426229425,49.998934426229425
97920,0.01202,0.24940440303816078,0.052848820439988925,0.1790756771097847,0.24940440303816078,0.06504130193182264,49.99893442622948,49.998934426229425
97980,0.01202,0.2492494598539679,0.0528460158183417,0.17898234951426178,0.2492494598539679,0.0650200825895876,49.99893442622948,49.99893442622948
98040,0.01202,0.24909478511992214,0.052843215403504326,0.1788891739039695,0.24909478511992214,0.06499890982823271,49.99893442622948,49.998934426229425
98100,0.01202,0.24894037815876394,0.0528404191865667,0.17879614992642923,0.24894037815876394,0.0649777838161266,49.99893442622948,49.998934426229425
98160,0.01202,0.24878623829540583,0.05283762715869122,0.1787032772283459,0.24878623829540583,0.06495670468489134,49.99893442622948,49.998934426229425
98220,0.01202,0.24863236485692516,0.05283483931110847,0.17861055545583102,0.24863236485692516,0.06493567253376756,49.99893442622948,49.998934426229425
98280,0.01202,0.2484787571725548,0.0528320556351133,0.17851798425459886,0.2484787571725548,0.06491468743346455,49.99893442622948,49.998934426229425
98340,0.01202,0.2483254145736754,0.05282927612206112,0.1784255632701398,0.2483254145736754,0.06489374942955657,49.99893442622948,49.998934426229425
98400,0.01202,0.24817233639380737,0.05282650076336444,0.17833329214787333,0.24817233639380737,0.06487285854547915,49.99893442622948,49.99893442622948
98460,0.01202,0.24801952196860252,0.05282372955048962,0.17824117053328223,0.24801952196860252,0.0648520147851731,49.99893442622948,49.99893442622948
98520,0.01202,0.2478669706358361,0.05282096247495391,0.17814919807203194,0.2478669706358361,0.06483121813541745,49.99893442622948,49.998934426229425
98580,0.01202,0.24771468173539857,0.052818199528322625,0.1780573744100746,0.24771468173539857,0.06481046856788886,49.99893442622948,49.998934426229425
98640,0.01202,0.24756265460928775,0.052815440702206555,0.1779656991937414,0.24756265460928775,0.06478976604097889,49.99893442622948,49.99893442622948
98700,0.01202,0.24741088860160063,0.05281268598825953,0.17787417206982345,0.24741088860160063,0.06476911050139876,49.99893442622948,49.99893442622948
98760,0.01202,0.2472593830585259,0.05280993537817612,0.1777827926856432,0.2472593830585259,0.06474850188559582,49.99893442622948,49.998934426229425
98820,0.01202,0.24710813732833517,0.05280718886368962,0.177691560689117,0.24710813732833517,0.06472794012100425,49.99893442622948,49.99893442622948
98880,0.01202,0.24695715076137598,0.052804446436570035,0.1776004757288101,0.24695715076137598,0.06470742512714975,49.99893442622948,49.998934426229425
98940,0.01202,0.24680642271006348,0.052801708088622286,0.17750953745398498,0.24680642271006348,0.06468695681662483,49.99893442622948,49.99893442622948
99000,0.01202,0.24665595252887249,0.0527989738116845,0.17741874551464357,0.24665595252887249,0.0646665350959505,49.99893442622948,49.998934426229425
99060,0.01202,0.24650573957433008,0.05279624359762654,0.17732809956156428,0.24650573957433008,0.06464615986633711,49.99893442622948,49.99893442622948
99120,0.012020000000000001,0.24635578320500764,0.05279351743834843,0.17723759924633445,0.24635578320500764,0.06462583102435568,49.99893442622948,49.998934426229425
99180,0.01202,0.24620608278151304,0.05279079532577911,0.17714724422137837,0.24620608278151304,0.06460554846253722,49.99893442622948,49.998934426229425
99240,0.012019999999999998,0.24605663766648314,0.05278807725187519,0.17705703413998206,0.24605663766648314,0.06458531206988453,49.998934426229425,49.998934426229425
99300,0.01202,0.2459074472245762,0.05278536320861973,0.17696696865631428,0.2459074472245762,0.06456512173235515,49.99893442622948,49.99893442622948
99360,0.012020000000000001,0.24575851082246403,0.05278265318802131,0.17687704742544547,0.24575851082246403,0.06454497733324896,49.99893442622948,49.99893442622948
99420,0.01202,0.24560982782882415,0.05277994718211292,0.17678727010336315,0.24560982782882415,0.06452487875359181,49.99893442622948,49.998934426229425
99480,0.012019999999999998,0.24546139761433308,0.05277724518295117,0.17669763634698596,0.24546139761433308,0.06450482587243525,49.998934426229425,49.99893442622948
99540,0.01202,0.24531321955165802,0.05277454718261537,0.1766081458141752,0.24531321955165802,0.06448481856715958,49.99893442622948,49.99893442622948
99600,0.01202,0.24516529301544995,0.052771853173206866,0.1765187981637449,0.24516529301544995,0.06446485671370297,49.99893442622948,49.99893442622948
99660,0.012019999999999998,0.24501761738233563,0.05276916314684826,0.1764295930554702,0.24501761738233563,0.0644449401867972,49.998934426229425,49.99893442622948
99720,0.01202,0.24487019203091023,0.052766477095682766,0.17634053015009407,0.24487019203091023,0.06442506886016199,49.99893442622948,49.998934426229425
99780,0.01202,0.24472301634173066,0.052763795011873685,0.1762516091093336,0.24472301634173066,0.06440524260666461,49.99893442622948,49.99893442622948
99840,0.01202,0.2445760896973073,0.05276111688760384,0.17616282959588436,0.2445760896973073,0.06438546129848717,49.99893442622948,49.998934426229425
99900,0.01202,0.24442941148209701,0.05275844271507506,0.17607419127342433,0.24442941148209701,0.0643657248072535,49.99893442622948,49.998934426229425
99960,0.01202,0.24428298108249594,0.05275577248650772,0.1759856938066168,0.24428298108249594,0.06434603300414969,49.99893442622948,49.998934426229425
100020,0.01202,0.24413679788683232,0.05275310619414041,0.1758973368611125,0.24413679788683232,0.06432638576002916,49.99893442622948,49.99893442622948
100080,0.01202,0.243990861285359,0.05275044383022949,0.1758091201035512,0.243990861285359,0.06430678294550547,49.99893442622948,49.99893442622948
100140,0.01202,0.24384517067024616,0.05274778538704875,0.17572104320156257,0.24384517067024616,0.0642872244310343,49.99893442622948,49.998934426229425
100200,0.01202,0.2436997254355745,0.0527451308568892,0.17563310582376662,0.2436997254355745,0.06426771008698572,49.99893442622948,49.998934426229425
100260,0.01202,0.24355452497732788,0.052742480232058644,0.1755453076397738,0.24355452497732788,0.06424823978370806,49.99893442622948,49.998934426229425
100320,0.01202,0.24340956869338587,0.05273983350488156,0.17545764832018432,0.24340956869338587,0.06422881339158443,49.99893442622948,49.998934426229425
100380,0.01202,0.24326485598351752,0.05273719066769882,0.17537012753658754,0.24326485598351752,0.06420943078108217,49.99893442622948,49.99893442622948
100440,0.01202,0.24312038624937346,0.05273455171286753,0.17528274496156085,0.24312038624937346,0.06419009182279689,49.99893442622948,49.99893442622948
100500,0.01202,0.24297615889447952,0.052731916632760785,0.17519550026866815,0.24297615889447952,0.0641707963874909,49.99893442622948,49.99893442622948
100560,0.01202,0.24283217332422888,0.052729285419767576,0.17510839313245835,0.24283217332422888,0.06415154434612727,49.99893442622948,49.998934426229425
100620,0.01202,0.2426884289458762,0.05272665806629261,0.1750214232284635,0.2426884289458762,0.06413233556989983,49.99893442622948,49.99893442622948
100680,0.01202,0.24254492516852982,0.05272403456475625,0.17493459023319677,0.24254492516852982,0.06411316993025928,49.99893442622948,49.998934426229425
100740,0.01202,0.24240166140314526,0.05272141490759431,0.17484789382415009,0.24240166140314526,0.06409404729893653,49.99893442622948,49.998934426229425
100800,0.01202,0.2422586370625183,0.052718799087258066,0.17476133367979202,0.2422586370625183,0.06407496754796277,49.99893442622948,49.998934426229425
100860,0.01202,0.24211585156127782,0.052716187096214104,0.17467490947956513,0.24211585156127782,0.06405593054968735,49.99893442622948,49.99893442622948
100920,0.012020000000000001,0.24197330431587963,0.052713578926944296,0.17458862090388355,0.24197330431587963,0.06403693617679229,49.99893442622948,49.998934426229425
100980,0.01202,0.24183099474459896,0.05271097457194568,0.17450246763413002,0.24183099474459896,0.06401798430231112,49.99893442622948,49.998934426229425
101040,0.012019999999999998,0.24168892226752414,0.05270837402373051,0.17441644935265346,0.24168892226752414,0.06399907479962821,49.998934426229425,49.99893442622948
101100,0.01202,0.24154708630654984,0.05270577727482616,0.17433056574276565,0.24154708630654984,0.06398020754250777,49.99893442622948,49.998934426229425
101160,0.012020000000000001,0.24140548628537034,0.05270318431777508,0.17424481648873894,0.24140548628537034,0.06396138240508127,49.99893442622948,49.99893442622948
101220,0.01202,0.2412641216294723,0.05270059514513478,0.17415920127580273,0.2412641216294723,0.06394259926187648,49.99893442622948,49.998934426229425
101280,0.012019999999999998,0.2411229917661292,0.052698009749477887,0.1740737197901406,0.2411229917661292,0.06392385798780403,49.998934426229425,49.998934426229425
101340,0.01202,0.24098209612439392,0.052695428123392014,0.17398837171888748,0.24098209612439392,0.0639051584581832,49.99893442622948,49.99893442622948
101400,0.01202,0.24084143413509213,0.05269285025947987,0.17390315675012621,0.24084143413509213,0.06388650054872652,49.99893442622948,49.99893442622948
101460,0.012019999999999998,0.24070100523081622,0.05269027615035919,0.1738180745728847,0.24070100523081622,0.06386788413555833,49.998934426229425,49.99893442622948
101520,0.01202,0.24056080884591838,0.05268770578866274,0.17373312487713252,0.24056080884591838,0.06384930909521765,49.99893442622948,49.99893442622948
101580,0.01202,0.24042084441650433,0.05268513916703837,0.17364830735377793,0.24042084441650433,0.06383077530464837,49.99893442622948,49.99893442622948
101640,0.01202,0.24028111138042654,0.052682576278148985,0.17356362169466458,0.24028111138042654,0.06381228264121612,49.99893442622948,49.99893442622948
101700,0.01202,0.24014160917727795,0.052680017114672587,0.17347906759256831,0.24014160917727795,0.06379383098270272,49.99893442622948,49.99893442622948
101760,0.01202,0.24000233724838574,0.052677461669302254,0.17339464474119404,0.24000233724838574,0.06377542020730911,49.99893442622948,49.99893442622948
101820,0.01202,0.23986329503680454,0.052674909934746196,0.17331035283517238,0.23986329503680454,0.06375705019365643,49.99893442622948,49.998934426229425
101880,0.01202,0.23972448198731033,0.05267236190372777,0.17322619157005645,0.23972448198731033,0.06373872082078687,49.99893442622948,49.998934426229425
101940,0.01202,0.23958589754639395,0.052669817568985484,0.1731421606423188,0.23958589754639395,0.06372043196816413,49.99893442622948,49.99893442622948
102000,0.01202,0.23944754116225495,0.05266727692327301,0.17305825974934802,0.23944754116225495,0.06370218351567364,49.99893442622948,49.998934426229425
102060,0.01202,0.23930941228479508,0.05266473995935925,0.17297448858944542,0.23930941228479508,0.06368397534362259,49.99893442622948,49.99893442622948
102120,0.01202,0.2391715103656121,0.05266220667002832,0.17289084686182205,0.2391715103656121,0.06366580733273985,49.99893442622948,49.99893442622948
102180,0.01202,0.23903383485799387,0.0526596770480796,0.17280733426659528,0.23903383485799387,0.06364767936417548,49.99893442622948,49.998934426229425
102240,0.01202,0.23889638521691137,0.052657151086327736,0.17272395050478564,0.23889638521691137,0.06362959131950029,49.99893442622948,49.998934426229425
102300,0.01202,0.23875916089911028,0.0526546287776027,0.17264069527831466,0.23875916089911028,0.06361154308070217,49.99893442622948,49.998934426229425
102360,0.01202,0.23862216136274583,0.05265211011474977,0.17255756828999833,0.23862216136274583,0.06359353453019612,49.99893442622948,49.99893442622948
102420,0.01202,0.23848538606784786,0.05264959509062958,0.1724745692435474,0.23848538606784786,0.06357556555081058,49.99893442622948,49.99893442622948
102480,0.01202,0.23834883447607624,0.05264708369811815,0.1723916978435627,0.23834883447607624,0.0635576360257917,49.99893442622948,49.99893442622948
102540,0.01202,0.23821250605073332,0.05264457593010691,0.17230895379553235,0.23821250605073332,0.06353974583880213,49.99893442622948,49.99893442622948
102600,0.01202,0.23807640025676424,0.05264207177950266,0.17222633680582822,0.23807640025676424,0.06352189487391993,49.99893442622948,49.99893442622948
102660,0.01202,0.23794051656075418,0.0526395712392277,0.17214384658170306,0.23794051656075418,0.06350408301563754,49.99893442622948,49.99893442622948
102720,0.012020000000000001,0.23780485443092247,0.05263707430221977,0.1720614828312871,0.23780485443092247,0.06348631014885933,49.99893442622948,49.99893442622948
102780,0.01202,0.2376694133371171,0.05263458096143208,0.17197924526358493,0.2376694133371171,0.06346857615890569,49.99893442622948,49.998934426229425
102840,0.012019999999999998,0.2375341927508091,0.05263209120983339,0.1718971335884726,0.2375341927508091,0.06345088093149939,49.998934426229425,49.99893442622948
102900,0.01202,0.23739919214508645,0.05262960504040794,0.17181514751669408,0.23739919214508645,0.06343322435278255,49.99893442622948,49.99893442622954
102960,0.012020000000000001,0.23726441099464807,0.05262712244615551,0.1717332867598584,0.23726441099464807,0.06341560630929421,49.99893442622948,49.99893442622948
103020,0.01202,0.23712984877579815,0.05262464342009146,0.17165155103043656,0.23712984877579815,0.06339802668798977,49.99893442622948,49.99893442622948
103080,0.012019999999999998,0.23699550496644003,0.05262216795524673,0.1715699400417581,0.23699550496644003,0.06338048537621987,49.998934426229425,49.99893442622948
103140,0.01202,0.2368613790460707,0.05261969604466781,0.17148845350800856,0.2368613790460707,0.06336298226174884,49.99893442622948,49.99893442622948
103200,0.01202,0.23672747049577464,0.05261722768141681,0.17140709114422578,0.23672747049577464,0.0633455172327331,49.99893442622948,49.99893442622948
103260,0.012019999999999998,0.23659377879821825,0.05261476285857143,0.17132585266629738,0.23659377879821825,0.06332809017773403,49.998934426229425,49.99893442622948
103320,0.01202,0.2364603034376439,0.052612301569225015,0.17124473779095722,0.2364603034376439,0.06331070098571583,49.99893442622948,49.99893442622948
103380,0.01202,0.23632704389986464,0.052609843806486506,0.17116374623578268,0.23632704389986464,0.06329334954603166,49.99893442622948,49.998934426229425
103440,0.01202,0.23619399967225777,0.05260738956348051,0.17108287771919156,0.23619399967225777,0.06327603574843639,49.99893442622948,49.998934426229425
103500,0.01202,0.23606117024375972,0.052604938833347256,0.1710021319604389,0.23606117024375972,0.06325875948307769,49.99893442622948,49.99893442622948
103560,0.01202,0.2359285551048602,0.05260249160924262,0.1709215086796142,0.2359285551048602,0.06324152064049601,49.99893442622948,49.998934426229425
103620,0.01202,0.2357961537475965,0.05260004788433815,0.17084100759763823,0.2357961537475965,0.06322431911162316,49.99893442622948,49.99893442622948
103680,0.01202,0.235663965665548,0.05259760765182101,0.17076062843626005,0.235663965665548,0.06320715478778056,49.99893442622948,49.998934426229425
103740,0.01202,0.2355319903538304,0.05259517090489405,0.1706803709180543,0.2355319903538304,0.06319002756067789,49.99893442622948,49.99893442622948
103800,0.01202,0.2354002273090903,0.052592737636775765,0.17060023476641772,0.2354002273090903,0.06317293732241142,49.99893442622948,49.99893442622954
103860,0.01202,0.23526867602949972,0.05259030784070029,0.1705202197055668,0.23526867602949972,0.06315588396546254,49.99893442622948,49.99893442622948
103920,0.01202,0.23513733601475023,0.05258788150991743,0.1704403254605343,0.23513733601475023,0.06313886738269615,49.99893442622948,49.998934426229425
103980,0.01202,0.23500620676604775,0.05258545863769263,0.17036055175716674,0.23500620676604775,0.06312188746735918,49.99893442622948,49.99893442622948
104040,0.01202,0.23487528778610703,0.052583039217306955,0.17028089832212118,0.23487528778610703,0.06310494411307907,49.99893442622948,49.99893442622948
104100,0.01202,0.23474457857914613,0.05258062324205717,0.17020136488286244,0.23474457857914613,0.06308803721386207,49.99893442622948,49.998934426229425
104160,0.01202,0.23461407865088094,0.05257821070525561,0.17012195116766018,0.23461407865088094,0.06307116666409197,49.99893442622948,49.99893442622948
104220,0.01202,0.23448378750851998,0.05257580160023026,0.17004265690558618,0.23448378750851998,0.06305433235852832,49.99893442622948,49.99893442622948
104280,0.01202,0.23435370466075847,0.05257339592032471,0.16996348182651116,0.23435370466075847,0.06303753419230504,49.99893442622948,49.998934426229425
104340,0.01202,0.2342238296177739,0.05257099365889815,0.1698844256611021,0.2342238296177739,0.06302077206092885,49.99893442622948,49.99893442622948
104400,0.01202,0.23409416189121968,0.05256859480932537,0.1698054881408194,0.23409416189121968,0.06300404586027777,49.99893442622948,49.99893442622948
104460,0.012019967407407406,0.23396470029326288,0.052566199361430324,0.16972666864591737,0.23396470029326288,0.0629830297176599,49.99893442622948,49.998934426229425
104520,0.012019872592592594,0.2338354430057507,0.05256380730187558,0.16964796623292522,0.2338354430057507,0.06295379856340669,49.99893442622948,49.99893442622948
104580,0.01201972,0.233706388315674,0.05256141861792972,0.16956937999834892,0.233706388315674,0.06291695295140637,49.99893442622948,49.99893442622948
104640,0.012019514074074072,0.23357753461431396,0.05255903329744217,0.16949090908066586,0.23357753461431396,0.0628730920402975,49.99893442622948,49.998934426229425
104700,0.012019259259259259,0.23344888039640826,0.052556651328820765,0.16941255266206126,0.23344888039640826,0.06282281366769375,49.99893442622948,49.99893442622948
104760,0.01201896,0.23332042425933472,0.05255427270101136,0.16933430996993548,0.23332042425933472,0.06276671441827411,49.998934426229425,49.99893442622948
104820,0.01201862074074074,0.233192164902312,0.05255189740347984,0.16925618027820735,0.233192164902312,0.06270538968585244,49.99893442622948,49.99893442622948
104880,0.012018245925925925,0.2330641011256159,0.052549525426196016,0.16917816290843637,0.2330641011256159,0.06263943372974569,49.99893442622954,49.998934426229425
104940,0.01201784,0.23293623182980952,0.052547156759619414,0.16910025723078412,0.23293623182980952,0.06256943972563339,49.99893442622948,49.99893442622948
105000,0.012017407407407407,0.23280855601498673,0.052544791394686825,0.1690224626648318,0.23280855601498673,0.06249599981112147,49.99893442622948,49.99893442622948
105060,0.01201695259259259,0.2326810727800279,0.052542429322801426,0.16894477868027155,0.2326810727800279,0.062419705126208265,49.99893442622948,49.998934426229425
105120,0.01201648,0.2325537813218655,0.05254007053582331,0.16886720479748285,0.2325537813218655,0.062341145848809024,49.99893442622948,49.99893442622948
105180,0.012015994074074074,0.23242668093475993,0.05253771502606156,0.16878974058800877,0.23242668093475993,0.06226091122551326,49.99893442622954,49.998934426229425
105240,0.012015499259259259,0.23229977100958346,0.05253536278626746,0.16871238567494207,0.23229977100958346,0.06217958959772351,49.99893442622948,49.998934426229425
105300,0.012015,0.23217305103311153,0.05253301380962888,0.1686351397332302,0.23217305103311153,0.06209776842331672,49.99893442622948,49.998934426229425
105360,0.01201450074074074,0.2320465205873205,0.05253066808976579,0.1685580024899091,0.2320465205873205,0.06201603429393587,49.99893442622954,49.99893442622948
105420,0.012014005925925926,0.23192017934869,0.05252832562072674,0.16848097372427243,0.23192017934869,0.06193497294803314,49.99893442622948,49.998934426229425
105480,0.01201352,0.2317940270875098,0.052525986396986225,0.16840405326798308,0.2317940270875098,0.06185516927980604,49.99893442622948,49.99893442622948
105540,0.012013047407407407,0.2316680636671892,0.052523650413442896,0.16832724100513283,0.2316680636671892,0.06177720734404097,49.998934426229425,49.99893442622948
105600,0.012012592592592592,0.23154228904356938,0.05252131766541852,0.16825053687225608,0.23154228904356938,0.06170167035704585,49.99893442622948,49.99893442622948
105660,0.01201216,0.23141670326423527,0.0525189881486577,0.16817394085830054,0.23141670326423527,0.06162914069367766,49.99893442622948,49.998934426229425
105720,0.012011754074074074,0.23129130646782825,0.05251666185932814,0.16809745300456086,0.23129130646782825,0.06156019988058549,49.99893442622948,49.998934426229425
105780,0.012011379259259259,0.23116609888335796,0.052514338794021474,0.16802107340457734,0.23116609888335796,0.06149542858572071,49.99893442622948,49.998934426229425
105840,0.01201104,0.2310410808295113,0.052512018949754706,0.16794480220400337,0.2310410808295113,0.06143540660415591,49.99893442622948,49.99893442622948
105900,0.01201074074074074,0.23091625271395896,0.05250970232397197,0.167868639600444,0.23091625271395896,0.061380712840325036,49.99893442622948,49.998934426229425
105960,0.012010485925925926,0.23079161503265838,0.05250738891454688,0.16779258584326842,0.23079161503265838,0.061331925286669406,49.99893442622948,49.99893442622948
106020,0.01201028,0.23066716836915058,0.05250507871978503,0.16771664123339788,0.23066716836915058,0.0612896209987933,49.99893442622948,49.99893442622948
106080,0.012010127407407407,0.23054291339385283,0.05250277173842702,0.16764080612307142,0.23054291339385283,0.061254376067146336,49.998934426229425,49.998934426229425
106140,0.012010032592592592,0.2304188508633432,0.05250046796965161,0.16756508091559,0.2304188508633432,0.06122676558528815,49.99893442622954,49.998934426229425
106200,0.01201,0.23029498161963874,0.05249816741307922,0.1674894660650415,0.23029498161963874,0.061207363614765406,49.99893442622948,49.998934426229425
106260,0.012009999999999998,0.2301713058887923,0.052495870065225166,0.16741396172196912,0.2301713058887923,0.061192269147428646,49.99893442622948,49.998934426229425
106320,0.012010000000000002,0.23004782322482228,0.05249357591925285,0.16733856769804628,0.23004782322482228,0.06117719923848952,49.99893442622948,49.99893442622948
106380,0.01201,0.22992453318306708,0.05249128496841709,0.1672632837996279,0.22992453318306708,0.06116215466211283,49.99893442622948,49.99893442622948
106440,0.012009999999999998,0.22980143532018096,0.05248899720605879,0.16718810982838225,0.22980143532018096,0.06114713610053597,49.99893442622948,49.998934426229425
106500,0.01201,0.22967852919412918,0.05248671262559984,0.16711304558185602,0.22967852919412918,0.06113214415388963,49.99893442622948,49.99893442622948
106560,0.01201,0.22955581436418346,0.05248443122053833,0.16703809085397955,0.22955581436418346,0.06111717934897234,49.99893442622948,49.998934426229425
106620,0.01201,0.22943329039091695,0.0524821529844441,0.1669632454355182,0.22943329039091695,0.06110224214709113,49.99893442622948,49.99893442622948
106680,0.01201,0.22931095683620012,0.05247987791095447,0.16688850911447628,0.22931095683620012,0.0610873329510645,49.99893442622948,49.998934426229425
106740,0.01201,0.22918881326319598,0.05247760599377037,0.16681388167645805,0.22918881326319598,0.061072452111479214,49.99893442622948,49.99893442622948
106800,0.01201,0.22906685923635534,0.05247533722665247,0.16673936290499017,0.22906685923635534,0.061057599932280174,49.99893442622948,49.998934426229425
106860,0.01201,0.22894509432141255,0.052473071603417895,0.1666649525818104,0.22894509432141255,0.06104277667576412,49.99893442622948,49.99893442622948
106920,0.01201,0.2288235180853807,0.05247080911793674,0.16659065048712499,0.2288235180853807,0.0610279825670412,49.99893442622948,49.99893442622948
106980,0.01201,0.22870213009654736,0.052468549764129124,0.1665164563998395,0.22870213009654736,0.061013217798020866,49.99893442622948,49.998934426229425
107040,0.01201,0.22858092992446996,0.052466293535962265,0.16644237009776447,0.22858092992446996,0.060998482530973105,49.99893442622948,49.99893442622948
107100,0.01201,0.2284599171399709,0.0524640404274478,0.16636839135779954,0.2284599171399709,0.06098377690171013,49.99893442622948,49.998934426229425
107160,0.01201,0.2283390913151341,0.052461790432639224,0.16629451995609779,0.2283390913151341,0.0609691010224291,49.99893442622948,49.99893442622948
107220,0.01201,0.2282184520232994,0.05245954354562951,0.16622075566821273,0.2282184520232994,0.06095445498425213,49.99893442622948,49.99893442622948
107280,0.01201,0.22809799883905893,0.052457299760548935,0.1661470982692294,0.22809799883905893,0.0609398388594957,49.99893442622948,49.99893442622948
107340,0.01201,0.2279777313382524,0.05245505907156295,0.1660735475338818,0.2279777313382524,0.060925252703698515,49.99893442622948,49.998934426229425
107400,0.01201,0.22785764909796274,0.05245282147287027,0.16600010323665715,0.22785764909796274,0.06091069655743342,49.99893442622948,49.99893442622948
107460,0.01201,0.2277377516939939,0.05245058695870205,0.16592676515187477,0.2277377516939939,0.06089617044803675,49.99893442622948,49.998934426229425
107520,0.01201,0.2276180387094312,0.05244835552331713,0.16585353305381362,0.2276180387094312,0.06088167439070995,49.99893442622948,49.99893442622948
107580,0.01201,0.2274985097245146,0.052446127161003574,0.16578040671674307,0.2274985097245146,0.060867208390173067,49.99893442622948,49.99893442622948
107640,0.01201,0.22737916432102925,0.05244390186607609,0.16570738591500353,0.22737916432102925,0.060852772441694396,49.99893442622948,49.99893442622948
107700,0.01201,0.22726000208211058,0.0524416796328747,0.1656344704230659,0.22726000208211058,0.06083836653212307,49.99893442622948,49.998934426229425
107760,0.01201,0.2271410225921633,0.05243946045576342,0.16556166001558387,0.2271410225921633,0.06082399064081152,49.99893442622948,49.99893442622948
107820,0.01201,0.22702222543682724,0.05243724432912909,0.16548895446744136,0.22702222543682724,0.06080964474044033,49.99893442622948,49.99893442622948
107880,0.01201,0.2269036102029609,0.05243503124738023,0.16541635355379422,0.2269036102029609,0.06079532879775497,49.99893442622948,49.99893442622948
107940,0.01201,0.22678517647863186,0.05243282120494599,0.16534385705010754,0.22678517647863186,0.06078104277422457,49.99893442622948,49.99893442622948
108000,0.01201,0.22666692385311102,0.05243061419627523,0.16527146473218857,0.22666692385311102,0.06076678662663046,49.99893442622948,49.998934426229425
108060,0.012009999999999998,0.22654885191686636,0.05242841021583561,0.16519917637621656,0.22654885191686636,0.06075256030759217,49.99893442622948,49.99893442622948
108120,0.012010000000000002,0.2264309602615591,0.05242620925811275,0.1651269917587686,0.2264309602615591,0.060738363766038535,49.99893442622948,49.99893442622948
108180,0.01201,0.2263132484800389,0.052424011317609424,0.16505491065684283,0.2263132484800389,0.06072419694762561,49.99893442622948,49.998934426229425
108240,0.012009999999999998,0.2261957161663396,0.052421816388844904,0.16498293284787915,0.2261957161663396,0.06071005979511525,49.99893442622948,49.99893442622948
108300,0.01201,0.2260783629156749,0.05241962446635424,0.16491105810977727,0.2260783629156749,0.06069595224870923,49.99893442622948,49.99893442622948
108360,0.01201,0.22596118832443393,0.05241743554468771,0.1648392862209128,0.22596118832443393,0.060681874246348716,49.99893442622948,49.99893442622948
108420,0.01201,0.22584419199017783,0.052415249618410174,0.16476761696015146,0.22584419199017783,0.0606678257239838,49.99893442622948,49.99893442622948
108480,0.01201,0.22572737351163463,0.052413066682100655,0.1646960501068615,0.22572737351163463,0.06065380661581228,49.99893442622948,49.99893442622948
108540,0.01201,0.22561073248869595,0.05241088673035175,0.1646245854409247,0.22561073248869595,0.06063981685449418,49.99893442622948,49.99893442622948
108600,0.01201,0.2254942685224125,0.052408709757769234,0.16455322274274597,0.2254942685224125,0.06062585637134309,49.99893442622948,49.99893442622948
108660,0.01201,0.2253779812149901,0.05240653575897168,0.1644819617932616,0.2253779812149901,0.06061192509649719,49.99893442622948,49.99893442622948
108720,0.01201,0.2252618701697857,0.052404364728590024,0.16441080237394684,0.2252618701697857,0.0605980229590722,49.99893442622948,49.99893442622948
108780,0.01201,0.22514593499130311,0.05240219666126729,0.16433974426682182,0.22514593499130311,0.060584149887297926,49.99893442622948,49.99893442622948
108840,0.01201,0.22503017528518954,0.05240003155165819,0.16426878725445748,0.22503017528518954,0.06057030580864031,49.99893442622948,49.998934426229425
108900,0.01201,0.22491459065823094,0.05239786939442892,0.1641979311199799,0.22491459065823094,0.060556490649910526,49.99893442622948,49.99893442622948
108960,0.01201,0.2247991807183485,0.052395710184256844,0.16412717564707427,0.2247991807183485,0.06054270433736235,49.99893442622948,49.998934426229425
109020,0.01201,0.22468394507459474,0.05239355391583029,0.16405652061998843,0.22468394507459474,0.060528946796779184,49.99893442622948,49.99893442622948
109080,0.01201,0.22456888333714903,0.0523914005838483,0.16398596582353556,0.22456888333714903,0.06051521795355179,49.99893442622948,49.99893442622948
109140,0.01201,0.22445399511731445,0.05238925018302045,0.16391551104309648,0.22445399511731445,0.060501517732747645,49.99893442622948,49.99893442622948
109200,0.01201,0.22433928002751327,0.05238710270806667,0.1638451560646215,0.22433928002751327,0.06048784605917307,49.99893442622948,49.998934426229425
109260,0.01201,0.2242247376812833,0.052384958153717125,0.16377490067463182,0.2242247376812833,0.060474202857428334,49.99893442622948,49.99893442622948
109320,0.01201,0.2241103676932741,0.052382816514711945,0.1637047446602208,0.2241103676932741,0.0604605880519572,49.99893442622948,49.998934426229425
109380,0.01201,0.22399616967924313,0.052380677785801286,0.16363468780905452,0.22399616967924313,0.0604470015670909,49.99893442622948,49.99893442622948
109440,0.01201,0.22388214325605166,0.05237854196174504,0.16356472990937237,0.22388214325605166,0.06043344332708749,49.99893442622948,49.99893442622948
109500,0.01201,0.22376828804166116,0.05237640903731281,0.1634948707499873,0.22376828804166116,0.06041991325616686,49.99893442622948,49.998934426229425
109560,0.01201,0.2236546036551295,0.05237427900728387,0.16342511012028577,0.2236546036551295,0.060406411278542,49.99893442622948,49.99893442622948
109620,0.01201,0.2235410897166073,0.052372151866447,0.16335544781022762,0.2235410897166073,0.06039293731844686,49.99893442622948,49.998934426229425
109680,0.01201,0.2234277458473337,0.05237002760960043,0.16328588361034563,0.2234277458473337,0.060379491300161126,49.99893442622948,49.99893442622948
109740,0.01201,0.22331457166963312,0.05236790623155184,0.16321641731174505,0.22331457166963312,0.06036607314803233,49.99893442622948,49.998934426229425
109800,0.01201,0.22320156680691117,0.052365787727118224,0.16314704870610286,0.22320156680691117,0.060352682786495485,49.99893442622948,49.99893442622948
109860,0.012009999999999998,0.22308873088365125,0.05236367209112595,0.163077777585667,0.22308873088365125,0.060339320140090434,49.99893442622948,49.998934426229425
109920,0.012010000000000002,0.22297606352541022,0.052361559318410626,0.16300860374325535,0.22297606352541022,0.06032598513347823,49.99893442622948,49.99893442622948
109980,0.01201,0.2228635643588156,0.05235944940381715,0.162939526972255,0.2228635643588156,0.06031267769145262,49.99893442622948,49.99893442622948
110040,0.012009999999999998,0.22275123301156116,0.05235734234219961,0.16287054706662074,0.22275123301156116,0.060299397738955304,49.99893442622948,49.998934426229425
110100,0.01201,0.22263906911240333,0.052355238128421355,0.162801663820874,0.22263906911240333,0.06028614520108508,49.99893442622948,49.99893442622948
110160,0.01201,0.22252707229115823,0.052353136757354916,0.1627328770301018,0.22252707229115823,0.06027292000310697,49.99893442622948,49.99893442622948
110220,0.01201,0.22241524217869688,0.05235103822388201,0.16266418648995515,0.22241524217869688,0.0602597220704619,49.99893442622948,49.99893442622948
110280,0.01201,0.2223035784069428,0.052348942522893564,0.16259559199664786,0.2223035784069428,0.06024655132877359,49.99893442622948,49.99893442622948
110340,0.01201,0.22219208060886755,0.05234684964928969,0.16252709334695487,0.22219208060886755,0.060233407703855116,49.99893442622948,49.998934426229425
110400,0.01201,0.22208074841848732,0.052344759597979705,0.162458690338211,0.22208074841848732,0.06022029112171484,49.99893442622948,49.99893442622948
110460,0.01201,0.2219695814708596,0.05234267236388212,0.16239038276830944,0.2219695814708596,0.0602072015085614,49.99893442622948,49.99893442622948
110520,0.01201,0.2218585794020794,0.05234058794192466,0.16232217043569994,0.2218585794020794,0.06019413879080825,49.99893442622948,49.99893442622948
110580,0.01201,0.22174774184927556,0.05233850632704426,0.16225405313938757,0.22174774184927556,0.060181102895077374,49.99893442622948,49.99893442622948
110640,0.01201,0.22163706845060782,0.05233642751418711,0.16218603067893078,0.22163706845060782,0.06016809374820277,49.99893442622948,49.99893442622948
110700,0.01201,0.22152655884526248,0.05233435149830865,0.16211810285444023,0.22152655884526248,0.060155111277233324,49.99893442622948,49.998934426229425
110760,0.01201,0.22141621267344946,0.052332278274373596,0.1620502694665765,0.22141621267344946,0.060142155409435315,49.99893442622948,49.99893442622948
110820,0.01201,0.22130602957639858,0.05233020783735594,0.16198253031654913,0.22130602957639858,0.0601292260722945,49.99893442622948,49.99893442622948
110880,0.01201,0.22119600919635604,0.05232814018223897,0.16191488520611447,0.22119600919635604,0.060116323193518,49.99893442622948,49.998934426229425
110940,0.01201,0.2210861511765813,0.05232607530401532,0.1618473339375741,0.2210861511765813,0.060103446701035776,49.99893442622948,49.998934426229425
111000,0.01201,0.2209764551613431,0.052324013197686974,0.1617798763137733,0.2209764551613431,0.06009059652300187,49.99893442622948,49.99893442622948
111060,0.01201,0.2208669207959163,0.052321953858265255,0.16171251213809912,0.2208669207959163,0.060077772587795474,49.99893442622948,49.99893442622948
111120,0.01201,0.2207575477265786,0.052319897280770904,0.1616452412144787,0.2207575477265786,0.06006497482402176,49.99893442622948,49.998934426229425
111180,0.01201,0.22064833560060684,0.05231784346023407,0.16157806334737787,0.22064833560060684,0.060052203160512435,49.99893442622948,49.998934426229425
111240,0.01201,0.22053928406627366,0.05231579239169432,0.16151097834179898,0.22053928406627366,0.0600394575263264,49.99893442622948,49.99893442622948
111300,0.01201,0.22043039277284437,0.05231374407020071,0.16144398600327944,0.22043039277284437,0.0600267378507498,49.99893442622948,49.99893442622948
111360,0.01201,0.22032166137057316,0.05231169849081175,0.16137708613789004,0.22032166137057316,0.06001404406329648,49.99893442622948,49.998934426229425
111420,0.01201,0.2202130895107,0.052309655648595445,0.16131027855223296,0.2202130895107,0.060001376093707884,49.99893442622948,49.99893442622948
111480,0.01201,0.22010467684544732,0.05230761553862934,0.16124356305344031,0.22010467684544732,0.05998873387195323,49.99893442622948,49.998934426229425
111540,0.01201,0.21999642302801656,0.052305578156000496,0.16117693944917236,0.21999642302801656,0.059976117328229106,49.99893442622948,49.99893442622948
111600,0.01201,0.21988832771258487,0.052303543495805585,0.16111040754761566,0.21988832771258487,0.05996352639295957,49.99893442622948,49.99893442622948
111660,0.012009999999999998,0.21978039055430185,0.052301511553150826,0.1610439671574816,0.21978039055430185,0.05995096099679553,49.99893442622948,49.99893442622948
111720,0.012010000000000002,0.2196726112092862,0.05229948232315205,0.16097761808800423,0.2196726112092862,0.05993842107061536,49.99893442622948,49.99893442622948
111780,0.01201,0.21956498933462246,0.052297455800934735,0.16091136014893914,0.21956498933462246,0.05992590654552226,49.99893442622948,49.99893442622948
111840,0.012009999999999998,0.21945752458835777,0.05229543198163396,0.16084519315056128,0.21945752458835777,0.05991341735284665,49.99893442622948,49.998934426229425
111900,0.01201,0.2193502166294987,0.0522934108603945,0.16077911690366353,0.2193502166294987,0.059900953424144227,49.99893442622948,49.998934426229425
111960,0.01201,0.2192430651180075,0.05229139243237079,0.16071313121955472,0.2192430651180075,0.05988851469119482,49.99893442622948,49.998934426229425
112020,0.01201,0.21913606971479965,0.05228937669272698,0.16064723591005822,0.21913606971479965,0.05987610108600308,49.99893442622948,49.998934426229425
112080,0.01201,0.21902923008174027,0.052287363636636906,0.1605814307875101,0.21902923008174027,0.05986371254079724,49.99893442622948,49.99893442622948
112140,0.01201,0.21892254588164056,0.05228535325928415,0.16051571566475745,0.21892254588164056,0.05985134898802856,49.99893442622948,49.99893442622948
112200,0.01201,0.21881601677825502,0.05228334555586202,0.16045009035515653,0.21881601677825502,0.05983901036037077,49.99893442622948,49.99893442622948
112260,0.01201,0.2187096424362786,0.05228134052157359,0.16038455467257162,0.2187096424362786,0.059826696590719305,49.99893442622948,49.99893442622948
112320,0.01201,0.21860342252134257,0.052279338151631695,0.16031910843137262,0.21860342252134257,0.05981440761219063,49.99893442622948,49.99893442622948
112380,0.01201,0.2184973567000122,0.05227733844125894,0.16025375144643392,0.2184973567000122,0.05980214335812162,49.99893442622948,49.998934426229425
112440,0.01201,0.21839144463978324,0.05227534138568772,0.16018848353313253,0.21839144463978324,0.05978990376206872,49.99893442622948,49.99893442622948
112500,0.01201,0.2182856860090789,0.05227334698016024,0.16012330450734635,0.2182856860090789,0.05977768875780732,49.99893442622948,49.99893442622948
112560,0.01201,0.21818008047724696,0.05227135521992851,0.16005821418545277,0.21818008047724696,0.059765498279330906,49.99893442622948,49.998934426229425
112620,0.01201,0.21807462771455582,0.05226936610025436,0.1599932123843267,0.21807462771455582,0.05975333226085039,49.99893442622948,49.99893442622948
112680,0.01201,0.2179693273921926,0.052267379616409426,0.15992829892133917,0.2179693273921926,0.05974119063679332,49.99893442622948,49.99893442622948
112740,0.01201,0.21786417918225892,0.05226539576367521,0.1598634736143556,0.21786417918225892,0.05972907334180311,49.99893442622948,49.99893442622948
112800,0.01201,0.21775918275776876,0.05226341453734303,0.15979873628173408,0.21775918275776876,0.05971698031073829,49.99893442622948,49.99893442622948
112860,0.01201,0.2176543377926449,0.05226143593271404,0.15973408674232392,0.2176543377926449,0.05970491147867171,49.99893442622948,49.99893442622948
112920,0.01201,0.2175496439617159,0.05225945994509924,0.15966952481546404,0.2175496439617159,0.05969286678088975,49.99893442622948,49.998934426229425
112980,0.01201,0.217445100940713,0.0522574865698195,0.15960505032098102,0.217445100940713,0.059680846152891584,49.99893442622948,49.998934426229425
113040,0.01201,0.2173407084062676,0.05225551580220553,0.15954066307918788,0.2173407084062676,0.059668849530388354,49.99893442622948,49.998934426229425
113100,0.01201,0.21723646603590752,0.05225354763759789,0.15947636291088232,0.21723646603590752,0.0596568768493024,49.99893442622948,49.998934426229425
113160,0.01201,0.2171323735080545,0.052251582071347,0.15941214963734512,0.2171323735080545,0.05964492804576646,49.99893442622948,49.99893442622948
113220,0.01201,0.2170284305020211,0.05224961909881315,0.15934802308033857,0.2170284305020211,0.05963300305612291,49.99893442622948,49.99893442622948
113280,0.01201,0.21692463669800757,0.05224765871536646,0.1592839830621048,0.21692463669800757,0.05962110181692299,49.99893442622948,49.998934426229425
113340,0.01201,0.21682099177709915,0.052245700916386945,0.15922002940536445,0.21682099177709915,0.059609224264926,49.99893442622948,49.99893442622948
113400,0.01201,0.21671749542126276,0.052243745697264414,0.15915616193331467,0.21671749542126276,0.05959737033709846,49.99893442622948,49.998934426229425
113460,0.012009999999999998,0.2166141473133445,0.05224179305339856,0.15909238046962793,0.2166141473133445,0.059585539970613235,49.99893442622948,49.998934426229425
113520,0.012010000000000002,0.21651094713706634,0.052239842980198944,0.15902868483845048,0.21651094713706634,0.05957373310284973,49.99893442622948,49.99893442622948
113580,0.01201,0.21640789457702325,0.05223789547308493,0.15896507486440037,0.21640789457702325,0.05956194967139061,49.99893442622948,49.99893442622948
113640,0.012009999999999998,0.21630498931868067,0.05223595052748574,0.1589015503725664,0.21630498931868067,0.05955018961402418,49.99893442622948,49.99893442622948
113700,0.01201,0.21620223104837097,0.05223400813884043,0.15883811118850624,0.21620223104837097,0.059538452868741876,49.99893442622948,49.99893442622948
113760,0.01201,0.21609961945329118,0.05223206830259786,0.1587747571382449,0.21609961945329118,0.05952673937373706,49.99893442622948,49.998934426229425
113820,0.01201,0.21599715422149976,0.05223013101421673,0.1587114880482736,0.21599715422149976,0.05951504906740544,49.99893442622948,49.99893442622948
113880,0.01201,0.21589483504191373,0.05222819626916557,0.15864830374554775,0.21589483504191373,0.05950338188834367,49.99893442622948,49.99893442622948
113940,0.01201,0.21579266160430616,0.052226264062922675,0.15858520405748558,0.21579266160430616,0.059491737775348656,49.99893442622948,49.998934426229425
114000,0.01201,0.21569063359930277,0.05222433439097619,0.15852218881196675,0.21569063359930277,0.059480116667416816,49.99893442622948,49.99893442622948
114060,0.01201,0.21558875071837955,0.05222240724882401,0.1584592578373308,0.21558875071837955,0.059468518503743364,49.99893442622948,49.99893442622948
114120,0.01201,0.2154870126538598,0.05222048263197379,0.1583964109623755,0.2154870126538598,0.0594569432237215,49.99893442622948,49.99893442622948
114180,0.01201,0.21538541909891132,0.052218560535943,0.15833364801635555,0.21538541909891132,0.059445390766941615,49.99893442622948,49.99893442622948
114240,0.01201,0.21528396974754357,0.052216640956258845,0.15827096882898095,0.21528396974754357,0.059433861073190625,49.99893442622948,49.998934426229425
114300,0.01201,0.21518266429460506,0.05221472388845829,0.15820837323041564,0.21518266429460506,0.05942235408245121,49.99893442622948,49.998934426229425
114360,0.01201,0.21508150243577992,0.052212809328088014,0.15814586105127576,0.21508150243577992,0.059410869734900965,49.99893442622948,49.99893442622948
114420,0.01201,0.2149804838675864,0.05221089727070444,0.1580834321226286,0.2149804838675864,0.05939940797091179,49.99893442622948,49.99893442622948
114480,0.01201,0.21487960828737263,0.052208987711873704,0.1580210862759907,0.21487960828737263,0.05938796873104903,49.99893442622948,49.998934426229425
114540,0.01201,0.21477887539331514,0.05220708064717163,0.15795882334332667,0.21477887539331514,0.05937655195607086,49.99893442622948,49.998934426229425
114600,0.01201,0.21467828488441532,0.05220517607218374,0.15789664315704757,0.21467828488441532,0.05936515758692739,49.99893442622948,49.99893442622948
114660,0.01201,0.21457783646049708,0.05220327398250519,0.1578345455500096,0.21457783646049708,0.0593537855647601,49.99893442622948,49.99893442622948
114720,0.01201,0.21447752982220367,0.05220137437374087,0.15777253035551256,0.21447752982220367,0.059342435830901014,49.99893442622948,49.998934426229425
114780,0.01201,0.21437736467099588,0.052199477241505234,0.1577105974072983,0.21437736467099588,0.059331108326871926,49.99893442622948,49.998934426229425
114840,0.01201,0.2142773407091482,0.05219758258142242,0.15764874653954966,0.2142773407091482,0.05931980299438385,49.99893442622948,49.99893442622948
114900,0.01201,0.21417745763974716,0.052195690389126144,0.15758697758688853,0.21417745763974716,0.059308519775336105,49.99893442622948,49.998934426229425
114960,0.01201,0.21407771516668808,0.052193800660259755,0.15752529038437485,0.21407771516668808,0.059297258611815715,49.99893442622948,49.998934426229425
115020,0.01201,0.21397811299467234,0.052191913390476165,0.1574636847675049,0.21397811299467234,0.059286019446096676,49.99893442622948,49.998934426229425
115080,0.01201,0.21387865082920512,0.052190028575437836,0.1574021605722102,0.21387865082920512,0.05927480222063924,49.99893442622948,49.998934426229425
115140,0.01201,0.21377932837659247,0.05218814621081683,0.15734071763485571,0.21377932837659247,0.059263606878089126,49.99893442622948,49.99893442622948
115200,0.01201,0.21368014534393903,0.05218626629229468,0.15727935579223876,0.21368014534393903,0.059252433361276995,49.99893442622948,49.99893442622948
115260,0.012009999999999998,0.2135811014391448,0.05218438881556249,0.15721807488158748,0.2135811014391448,0.05924128161321737,49.99893442622948,49.99893442622948
115320,0.012010000000000002,0.21348219637090293,0.052182513776320834,0.15715687474055937,0.21348219637090293,0.059230151577109105,49.99893442622948,49.998934426229425
115380,0.01201,0.21338342984869724,0.052180641170279776,0.15709575520724017,0.21338342984869724,0.05921904319633216,49.99893442622948,49.998934426229425
115440,0.012009999999999998,0.21328480158279947,0.05217877099315885,0.1570347161201421,0.21328480158279947,0.05920795641444994,49.99893442622948,49.99893442622948
115500,0.01201,0.21318631128426638,0.052176903240687036,0.1569737573182029,0.21318631128426638,0.059196891175206996,49.99893442622948,49.998934426229425
115560,0.01201,0.21308795866493765,0.052175037908602735,0.15691287864078393,0.21308795866493765,0.05918584742252797,49.99893442622948,49.998934426229425
115620,0.01201,0.21298974343743313,0.05217317499265376,0.15685207992766945,0.21298974343743313,0.0591748251005179,49.99893442622948,49.998934426229425
115680,0.01201,0.21289166531515044,0.05217131448859731,0.1567913610190647,0.21289166531515044,0.05916382415346106,49.99893442622948,49.99893442622948
115740,0.01201,0.2127937240122619,0.05216945639219997,0.15673072175559488,0.2127937240122619,0.05915284452582034,49.99893442622948,49.99893442622948
115800,0.01201,0.21269591924371278,0.05216760069923765,0.15667016197830363,0.21269591924371278,0.05914188616223656,49.99893442622948,49.998934426229425
115860,0.01201,0.21259825072521804,0.05216574740549564,0.15660968152865168,0.21259825072521804,0.05913094900752788,49.99893442622948,49.99893442622948
115920,0.01201,0.2125007181732604,0.05216389650676851,0.1565492802485157,0.2125007181732604,0.059120033006688985,49.99893442622948,49.99893442622948
115980,0.01201,0.21240332130508746,0.05216204799886013,0.1564889579801868,0.21240332130508746,0.05910913810489056,49.99893442622948,49.99893442622948
116040,0.01201,0.21230605983870918,0.05216020187758365,0.15642871456636911,0.21230605983870918,0.05909826424747852,49.99893442622948,49.99893442622948
116100,0.01201,0.21220893349289574,0.05215835813876148,0.1563685498501787,0.21220893349289574,0.05908741137997346,49.99893442622948,49.99893442622948
116160,0.01201,0.2121119419871749,0.052156516778225255,0.15630846367514217,0.2121119419871749,0.05907657944806989,49.99893442622948,49.99893442622948
116220,0.01201,0.21201508504182914,0.05215467779181583,0.15624845588519515,0.21201508504182914,0.05906576839763562,49.99893442622948,49.99893442622948
116280,0.01201,0.21191836237789394,0.052152841175383276,0.15618852632468125,0.21191836237789394,0.059054978174711156,49.99893442622948,49.998934426229425
116340,0.01201,0.21182177372243993,0.05215100692470341,0.15612867483613208,0.21182177372243993,0.05904420872513666,49.99893442622948,49.99893442622948
116400,0.01201,0.21172531879110273,0.052149175035729724,0.15606890126693662,0.21172531879110273,0.05903345999564289,49.99893442622948,49.99893442622948
116460,0.01201,0.21162899730798093,0.052147345504339776,0.15600920546265387,0.21162899730798093,0.059022731932785136,49.99893442622948,49.998934426229425
116520,0.01201,0.21153280899745494,0.052145518326420226,0.1559495872692457,0.21153280899745494,0.0590120244832867,49.99893442622948,49.99893442622948
116580,0.01201,0.21143675358445033,0.05214369349786682,0.1558900465330753,0.21143675358445033,0.05900133759403904,49.99893442622948,49.99893442622948
116640,0.01201,0.21134083079454663,0.0521418710145844,0.15583058310090614,0.21134083079454663,0.05899067121210179,49.99893442622948,49.99893442622948
116700,0.01201,0.21124504035402195,0.052140050872486826,0.15577119681990062,0.21124504035402195,0.058980025284702364,49.99893442622948,49.998934426229425
116760,0.01201,0.21114938198987077,0.05213823306749699,0.15571188753761864,0.21114938198987077,0.05896939975923587,49.99893442622948,49.998934426229425
116820,0.01201,0.21105385542980992,0.05213641759554677,0.15565265510201645,0.21105385542980992,0.05895879458326453,49.99893442622948,49.99893442622948
116880,0.01201,0.21095846040228014,0.052134604452577074,0.1555934993614455,0.21095846040228014,0.05894820970451726,49.99893442622948,49.998934426229425
116940,0.01201,0.210863196636446,0.05213279363453773,0.15553442016465097,0.210863196636446,0.05893764507088916,49.99893442622948,49.99893442622948
117000,0.01201,0.2107680638621936,0.05213098513738752,0.15547541736077058,0.2107680638621936,0.058927100630440925,49.99893442622948,49.998934426229425
117060,0.012009999999999998,0.21067306181012935,0.05212917895709415,0.15541649079933337,0.21067306181012935,0.058916576331398116,49.99893442622948,49.99893442622948
117120,0.012010000000000002,0.21057819021157795,0.05212737508963422,0.1553576403302583,0.21057819021157795,0.05890607212215135,49.99893442622948,49.99893442622948
117180,0.01201,0.21048344879857994,0.05212557353099323,0.15529886580385335,0.21048344879857994,0.05889558795125355,49.99893442622948,49.998934426229425
117240,0.012009999999999998,0.21038883730388966,0.05212377427716551,0.15524016707081387,0.21038883730388966,0.05888512376742205,49.99893442622948,49.998934426229425
117300,0.01201,0.21029435546097325,0.052121977324154224,0.15518154398222167,0.21029435546097325,0.058874679519536496,49.99893442622948,49.99893442622948
117360,0.01201,0.2102000030040062,0.05212018266797135,0.15512299638954352,0.2102000030040062,0.05886425515663758,49.99893442622948,49.99893442622948
117420,0.01201,0.21010577966787122,0.0521183903046377,0.15506452414463023,0.21010577966787122,0.05885385062792774,49.99893442622948,49.99893442622948
117480,0.01201,0.21001168518815605,0.05211660023018278,0.1550061270997151,0.21001168518815605,0.058843465882769765,49.99893442622948,49.99893442622948
117540,0.01201,0.20991771930115108,0.052114812440644934,0.15494780510741293,0.20991771930115108,0.05883310087068627,49.99893442622948,49.99893442622948
117600,0.01201,0.2098238817438475,0.05211302693207115,0.15488955802071883,0.2098238817438475,0.058822755541359115,49.99893442622948,49.99893442622948
117660,0.01201,0.20973017225393442,0.05211124370051716,0.15483138569300678,0.20973017225393442,0.058812429844628734,49.99893442622948,49.99893442622948
117720,0.01201,0.20963659056979747,0.052109462742047384,0.15477328797802867,0.20963659056979747,0.05880212373049348,49.99893442622948,49.99893442622948
117780,0.01201,0.20954313643051578,0.05210768405273492,0.15471526472991312,0.20954313643051578,0.05879183714910909,49.99893442622948,49.998934426229425
117840,0.01201,0.20944980957586035,0.05210590762866147,0.154657315803164,0.20944980957586035,0.05878157005078799,49.99893442622948,49.99893442622948
117900,0.01201,0.20935660974629164,0.052104133465917364,0.15459944105265955,0.20935660974629164,0.058771322385998664,49.99893442622948,49.998934426229425
117960,0.01201,0.20926353668295744,0.052102361560601544,0.15454164033365106,0.20926353668295744,0.05876109410536519,49.99893442622948,49.99893442622948
118020,0.01201,0.20917059012769043,0.05210059190882154,0.15448391350176172,0.20917059012769043,0.05875088515966647,49.99893442622948,49.998934426229425
118080,0.01201,0.2090777698230063,0.0520988245066934,0.15442626041298546,0.2090777698230063,0.05874069549983577,49.99893442622948,49.998934426229425
118140,0.01201,0.20898507551210144,0.05209705935034173,0.1543686809236858,0.20898507551210144,0.058730525076960034,49.99893442622948,49.998934426229425
118200,0.01201,0.2088925069388508,0.05209529643589964,0.15431117489059457,0.2088925069388508,0.05872037384227938,49.99893442622948,49.998934426229425
118260,0.01201,0.20880006384780558,0.05209353575950874,0.1542537421708109,0.20880006384780558,0.05871024174718649,49.99893442622948,49.998934426229425
118320,0.01201,0.2087077459841914,0.0520917773173191,0.15419638262179997,0.2087077459841914,0.05870012874322601,49.99893442622948,49.99893442622948
118380,0.01201,0.20861555309390564,0.05209002110548923,0.15413909610139198,0.20861555309390564,0.058690034782094,49.99893442622948,49.99893442622948
118440,0.01201,0.20852348492351588,0.05208826712018607,0.1540818824677808,0.20852348492351588,0.05867995981563744,49.99893442622948,49.99893442622948
118500,0.01201,0.2084315412202573,0.05208651535758498,0.1540247415795231,0.2084315412202573,0.05866990379585356,49.99893442622948,49.99893442622948
118560,0.01201,0.2083397217320308,0.05208476581386968,0.1539676732955369,0.2083397217320308,0.058659866674889316,49.99893442622948,49.99893442622948
118620,0.01201,0.20824802620740082,0.05208301848523225,0.15391067747510073,0.20824802620740082,0.058649848405040915,49.99893442622948,49.99893442622948
118680,0.01201,0.20815645439559324,0.05208127336787314,0.15385375397785228,0.20815645439559324,0.05863984893875317,49.99893442622948,49.99893442622948
118740,0.01201,0.208065006046493,0.05207953045800107,0.15379690266378745,0.208065006046493,0.05862986822861899,49.99893442622948,49.998934426229425
118800,0.01201,0.2079736809106427,0.05207778975183312,0.15374012339325913,0.2079736809106427,0.05861990622737883,49.99893442622948,49.998934426229425
118860,0.012009999999999998,0.20788247873923968,0.05207605124559458,0.15368341602697602,0.20788247873923968,0.05860996288792002,49.99893442622948,49.998934426229425
118920,0.012010000000000002,0.2077913992841344,0.05207431493551903,0.15362678042600167,0.2077913992841344,0.05860003816327709,49.99893442622948,49.998934426229425
118980,0.01201,0.2077004422978284,0.05207258081784827,0.15357021645175334,0.2077004422978284,0.05859013200662899,49.99893442622948,49.998934426229425
119040,0.012009999999999998,0.20760960753347193,0.052070848888832316,0.15351372396600077,0.20760960753347193,0.05858024437130152,49.99893442622948,49.99893442622948
119100,0.01201,0.20751889474486215,0.05206911914472937,0.15345730283086523,0.20751889474486215,0.05857037521076509,49.99893442622948,49.99893442622948
119160,0.01201,0.20742830368644116,0.05206739158180581,0.15340095290881833,0.20742830368644116,0.05856052447863378,49.99893442622948,49.99893442622948
119220,0.01201,0.20733783411329346,0.05206566619633615,0.153344674062681,0.20733783411329346,0.05855069212866612,49.99893442622948,49.998934426229425
119280,0.01201,0.20724748578114446,0.05206394298460305,0.15328846615562233,0.20724748578114446,0.05854087811476374,49.99893442622948,49.998934426229425
119340,0.01201,0.20715725844635818,0.052062221942897245,0.1532323290511586,0.20715725844635818,0.05853108239097103,49.99893442622948,49.99893442622948
119400,0.01201,0.20706715186593533,0.052060503067517576,0.15317626261315193,0.20706715186593533,0.05852130491147474,49.99893442622948,49.998934426229425
119460,0.01201,0.20697716579751116,0.052058786354770945,0.1531202667058096,0.20697716579751116,0.058511545630603234,49.99893442622948,49.998934426229425
119520,0.01201,0.20688729999935343,0.05205707180097229,0.1530643411936827,0.20688729999935343,0.05850180450282624,49.99893442622948,49.99893442622948
119580,0.01201,0.2067975542303607,0.05205535940244458,0.15300848594166505,0.2067975542303607,0.05849208148275413,49.99893442622948,49.998934426229425
119640,0.01201,0.20670792825006015,0.052053649155518765,0.15295270081499238,0.20670792825006015,0.0584823765251375,49.99893442622948,49.998934426229425
119700,0.01201,0.20661842181860524,0.052051941056533775,0.15289698567924095,0.20661842181860524,0.05847268958486668,49.99893442622948,49.99893442622948
119760,0.01201,0.20652903469677458,0.052050235101836526,0.1528413404003268,0.20652903469677458,0.05846302061697119,49.99893442622948,49.99893442622948
119820,0.01201,0.20643976664596897,0.05204853128778185,0.15278576484450443,0.20643976664596897,0.05845336957661923,49.99893442622948,49.998934426229425
119880,0.01201,0.20635061742821031,0.05204682961073251,0.15273025887836597,0.20635061742821031,0.0584437364191172,49.99893442622948,49.99893442622948
119940,0.01201,0.20626158680613893,0.05204513006705913,0.15267482236883995,0.20626158680613893,0.058434121099909225,49.99893442622948,49.99893442622948
120000,0.01201,0.20617267454301227,0.05204343265314026,0.1526194551831904,0.20617267454301227,0.05842452357457656,49.99893442622948,49.99893442622948
120060,0.01201,0.20608388040270229,0.052041737365362266,0.1525641571890157,0.20608388040270229,0.05841494379883724,49.99893442622948,49.99893442622948
120120,0.01201,0.20599520414969408,0.052040044200119366,0.1525089282542477,0.20599520414969408,0.05840538172854548,49.99893442622948,49.998934426229425
120180,0.01201,0.2059066455490837,0.05203835315381359,0.15245376824715054,0.2059066455490837,0.05839583731969117,49.99893442622948,49.99893442622948
120240,0.01201,0.20581820436657627,0.052036664222854745,0.15239867703631962,0.20581820436657627,0.05838631052839948,49.99893442622948,49.99893442622948
120300,0.01201,0.20572988036848386,0.05203497740366044,0.15234365449068082,0.20572988036848386,0.05837680131093031,49.99893442622948,49.998934426229425
120360,0.01201,0.20564167332172392,0.05203329269265602,0.15228870047948903,0.20564167332172392,0.058367309623677775,49.99893442622948,49.99893442622948
120420,0.01201,0.20555358299381743,0.05203161008627455,0.15223381487232765,0.20555358299381743,0.0583578354231698,49.99893442622948,49.998934426229425
120480,0.01201,0.2054656091528864,0.052029929580956834,0.15217899753910713,0.2054656091528864,0.05834837866606757,49.99893442622948,49.998934426229425
120540,0.01201,0.20537775156765273,0.05202825117315135,0.15212424835006436,0.20537775156765273,0.05833893930916509,49.99893442622948,49.99893442622948
120600,0.01201,0.20529001000743585,0.052026574859314265,0.15206956717576123,0.20529001000743585,0.05832951730938867,49.99893442622948,49.99893442622948
120660,0.012009999999999998,0.2052023842421509,0.05202490063590936,0.15201495388708414,0.2052023842421509,0.058320112623796376,49.99893442622948,49.99893442622948
120720,0.012010000000000002,0.20511487404230724,0.05202322849940808,0.15196040835524255,0.20511487404230724,0.05831072520957831,49.99893442622948,49.998934426229425
120780,0.01201,0.2050274791790059,0.05202155844628949,0.15190593045176812,0.2050274791790059,0.058301355024054036,49.99893442622948,49.998934426229425
120840,0.012009999999999998,0.2049401994239384,0.0520198904730402,0.15185152004851393,0.2049401994239384,0.058292002024674903,49.99893442622948,49.998934426229425
120900,0.01201,0.20485303454938464,0.05201822457615445,0.1517971770176533,0.20485303454938464,0.05828266616902199,49.99893442622948,49.99893442622948
120960,0.01201,0.20476598432821091,0.052016560752134,0.15174290123167872,0.20476598432821091,0.05827334741480528,49.99893442622948,49.99893442622948
121020,0.01201,0.20467904853386815,0.05201489899748813,0.1516886925634011,0.20467904853386815,0.05826404571986428,49.99893442622948,49.99893442622948
121080,0.01201,0.2045922269403904,0.05201323930873364,0.1516345508859486,0.2045922269403904,0.05825476104216686,49.99893442622948,49.99893442622948
121140,0.01201,0.20450551932239233,0.05201158168239486,0.15158047607276584,0.20450551932239233,0.05824549333980912,49.99893442622948,49.99893442622948
121200,0.01201,0.20441892545506835,0.05200992611500354,0.1515264679976128,0.20441892545506835,0.0582362425710147,49.99893442622948,49.99893442622948
121260,0.01201,0.20433244511418994,0.05200827260309892,0.15147252653456383,0.20433244511418994,0.0582270086941345,49.99893442622948,49.998934426229425
121320,0.01201,0.20424607807610437,0.052006621143227655,0.15141865155800677,0.20424607807610437,0.05821779166764606,49.99893442622948,49.998934426229425
121380,0.01201,0.2041598241177326,0.052004971731943815,0.15136484294264207,0.2041598241177326,0.05820859145015329,49.99893442622948,49.998934426229425
121440,0.01201,0.20407368301656761,0.052003324365808894,0.15131110056348152,0.20407368301656761,0.05819940800038587,49.99893442622948,49.99893442622948
121500,0.01201,0.2039876545506729,0.052001679041391705,0.1512574242958477,0.2039876545506729,0.058190241277198865,49.99893442622948,49.998934426229425
121560,0.01201,0.20390173849868018,0.052000035755268466,0.15120381401537283,0.20390173849868018,0.05818109123957224,49.99893442622948,49.998934426229425
121620,0.01201,0.20381593463978792,0.05199839450402272,0.1511502695979977,0.20381593463978792,0.05817195784661047,49.99893442622948,49.99893442622948
121680,0.01201,0.20373024275375973,0.05199675528424533,0.15109679091997105,0.20373024275375973,0.058162841057542033,49.99893442622948,49.99893442622948
121740,0.01201,0.2036446626209221,0.051995118092534424,0.15104337785784833,0.2036446626209221,0.05815374083171903,49.99893442622948,49.99893442622948
121800,0.01201,0.20355919402216327,0.051993482925495466,0.15099003028849087,0.20355919402216327,0.05814465712861665,49.99893442622948,49.998934426229425
121860,0.01201,0.20347383673893096,0.051991849779741146,0.15093674808906504,0.20347383673893096,0.05813558990783284,49.99893442622948,49.998934426229425
121920,0.01201,0.20338859055323108,0.0519902186518914,0.15088353113704128,0.20338859055323108,0.05812653912908775,49.99893442622948,49.998934426229425
121980,0.01201,0.20330345524762553,0.051988589538573396,0.15083037931019297,0.20330345524762553,0.0581175047522234,49.99893442622948,49.998934426229425
122040,0.01201,0.2032184306052309,0.05198696243642148,0.15077729248659585,0.2032184306052309,0.05810848673720323,49.99893442622948,49.998934426229425
122100,0.01201,0.20313351640971644,0.05198533734207722,0.15072427054462692,0.20313351640971644,0.05809948504411157,49.99893442622948,49.998934426229425
122160,0.01201,0.2030487124453027,0.05198371425218933,0.15067131336296347,0.2030487124453027,0.05809049963315334,49.99893442622948,49.99893442622948
122220,0.01201,0.20296401849675927,0.05198209316341367,0.15061842082058222,0.20296401849675927,0.05808153046465353,49.99893442622948,49.99893442622937
122280,0.01201,0.2028794343494039,0.05198047407241324,0.15056559279675852,0.2028794343494039,0.05807257749905684,49.99893442622948,49.99893442622948
122340,0.01201,0.20279495978909975,0.05197885697585814,0.1505128291710653,0.20279495978909975,0.05806364069692713,49.99893442622948,49.99893442622954
122400,0.01201,0.20271059460225468,0.05197724187042557,0.15046012982337226,0.20271059460225468,0.05805472001894719,49.99893442622948,49.99893442622948
122460,0.012009999999999998,0.202626338575819,0.0519756287527998,0.15040749463384487,0.202626338575819,0.058045815425918024,49.99893442622948,49.99893442622948
122520,0.012010000000000002,0.20254219149728406,0.05197401761967215,0.1503549234829436,0.20254219149728406,0.05803692687875929,49.99893442622948,49.998934426229425
122580,0.01201,0.20245815315468033,0.051972408467740976,0.150302416251423,0.20245815315468033,0.05802805433850683,49.99893442622948,49.99893442622948
122640,0.012009999999999998,0.2023742233365761,0.05197080129371168,0.15024997282033062,0.2023742233365761,0.05801919776631485,49.99893442622948,49.99893442622948
122700,0.01201,0.2022904018320754,0.0519691960942966,0.1501975930710065,0.2022904018320754,0.058010357123454225,49.99893442622948,49.99893442622948
122760,0.01201,0.2022066884308167,0.051967592866215134,0.15014527688508192,0.2022066884308167,0.05800153237131138,49.99893442622948,49.99893442622948
122820,0.01201,0.20212308292297113,0.0519659916061936,0.15009302414447873,0.20212308292297113,0.0579927234713892,49.99893442622948,49.99893442622948
122880,0.01201,0.20203958509924072,0.05196439231096526,0.1500408347314084,0.20203958509924072,0.05798393038530592,49.99893442622948,49.998934426229425
122940,0.01201,0.20195619475085702,0.05196279497727033,0.1499887085283712,0.20195619475085702,0.0579751530747949,49.99893442622948,49.998934426229425
123000,0.01201,0.20187291166957905,0.0519611996018559,0.1499366454181552,0.20187291166957905,0.0579663915017041,49.99893442622948,49.998934426229425
123060,0.01201,0.20178973564769243,0.05195960618147598,0.1498846452838356,0.20178973564769243,0.05795764562799579,49.99893442622948,49.998934426229425
123120,0.01201,0.20170666647800695,0.05195801471289144,0.1498327080087737,0.20170666647800695,0.05794891541574611,49.99893442622948,49.998934426229425
123180,0.01201,0.20162370395385523,0.05195642519287001,0.14978083347661617,0.20162370395385523,0.0579402008271446,49.99893442622948,49.99893442622948
123240,0.01201,0.20154084786909163,0.05195483761818626,0.14972902157129406,0.20154084786909163,0.05793150182449394,49.99893442622948,49.998934426229425
123300,0.01201,0.20145809801808978,0.051953251985621576,0.14967727217702198,0.20145809801808978,0.057922818370209406,49.99893442622948,49.998934426229425
123360,0.01201,0.20137545419574146,0.05195166829196414,0.14962558517829735,0.20137545419574146,0.05791415042681858,49.99893442622948,49.998934426229425
123420,0.01201,0.2012929161974554,0.05195008653400894,0.14957396045989949,0.2012929161974554,0.05790549795696087,49.99893442622948,49.99893442622948
123480,0.01201,0.20121048381915468,0.05194850670855772,0.14952239790688868,0.20121048381915468,0.05789686092338718,49.99893442622948,49.99893442622948
123540,0.01201,0.20112815685727614,0.051946928812418976,0.14947089740460545,0.20112815685727614,0.05788823928895946,49.99893442622948,49.99893442622948
123600,0.01201,0.20104593510876825,0.05194535284240793,0.14941945883866972,0.20104593510876825,0.05787963301665042,49.99893442622948,49.998934426229425
123660,0.01201,0.20096381837108973,0.0519437787953465,0.14936808209497993,0.20096381837108973,0.05787104206954296,49.99893442622948,49.99893442622948
123720,0.01201,0.20088180644220804,0.051942206668063366,0.14931676705971206,0.20088180644220804,0.057862466410829975,49.99893442622948,49.99893442622948
123780,0.01201,0.20079989912059776,0.05194063645739383,0.14926551361931917,0.20079989912059776,0.05785390600381385,49.99893442622948,49.99893442622948
123840,0.01201,0.20071809620523895,0.05193906816017988,0.14921432166053025,0.20071809620523895,0.05784536081190611,49.99893442622948,49.998934426229425
123900,0.01201,0.20063639749561557,0.05193750177327013,0.1491631910703495,0.20063639749561557,0.057836830798627004,49.99893442622948,49.998934426229425
123960,0.01201,0.20055480279171448,0.05193593729351984,0.14911212173605548,0.20055480279171448,0.05782831592760522,49.99893442622948,49.998934426229425
124020,0.01201,0.2004733118940231,0.0519343747177909,0.14906111354520035,0.2004733118940231,0.057819816162577364,49.99893442622948,49.99893442622948
124080,0.01201,0.20039192460352845,0.05193281404295177,0.14901016638560904,0.20039192460352845,0.05781133146738769,49.99893442622948,49.998934426229425
124140,0.01201,0.20031064072171542,0.05193125526587747,0.14895928014537835,0.20031064072171542,0.057802861805987704,49.99893442622948,49.99893442622948
124200,0.01201,0.20022946005056544,0.05192969838344963,0.14890845471287625,0.20022946005056544,0.05779440714243572,49.99893442622948,49.99893442622948
124260,0.012009967407407406,0.20014838195305593,0.05192814339045649,0.14885768974250754,0.20014838195305593,0.05778216690315023,49.99893442622954,49.99893442622948
124320,0.012009872592592593,0.20006740539582776,0.051926590279787146,0.14880698467421064,0.20006740539582776,0.05776269214064422,49.998934426229425,49.99893442622948
124380,0.01200972,0.19998652940997746,0.051925039044620695,0.14875633897646565,0.19998652940997746,0.057736509663615425,49.99893442622948,49.99893442622948
124440,0.012009514074074072,0.1999057530906312,0.051923489678421815,0.14870575214704634,0.1999057530906312,0.05770414521782288,49.99893442622948,49.99893442622948
124500,0.01200925925925926,0.1998250755965299,0.051921942174936925,0.1486552237136881,0.1998250755965299,0.057666123533570715,49.99893442622948,49.998934426229425
124560,0.01200896,0.19974449614962428,0.05192039652819092,0.14860475323467892,0.19974449614962428,0.0576229683699281,49.99893442622954,49.998934426229425
124620,0.01200862074074074,0.19966401403467898,0.05191885273248452,0.1485543402993817,0.19966401403467898,0.057575202555670585,49.99893442622954,49.998934426229425
124680,0.012008245925925925,0.19958362859888565,0.05191731078239212,0.14850398452869332,0.19958362859888565,0.05752334802686918,49.99893442622954,49.99893442622948
124740,0.01200784,0.1995033392514832,0.05191577067276012,0.1484536855754468,0.1995033392514832,0.05746792586116778,49.99893442622948,49.99893442622948
124800,0.012007407407407408,0.19942314546338538,0.05191423239870569,0.14840344312476142,0.19942314546338538,0.057409456308701666,49.998934426229425,49.99893442622948
124860,0.012006952592592593,0.19934304676681494,0.051912695955615984,0.14835325689434548,0.19934304676681494,0.057348458819649485,49.99893442622954,49.99893442622948
124920,0.01200648,0.19926304275494264,0.051911161339147686,0.1483031266347565,0.19926304275494264,0.05728545206844574,49.99893442622948,49.998934426229425
124980,0.012005994074074076,0.19918313308153177,0.05190962854522696,0.14825305212962175,0.19918313308153177,0.057220953974625885,49.99893442622948,49.99893442622948
125040,0.01200549925925926,0.19910331746058688,0.0519080975700497,0.14820303319582334,0.19910331746058688,0.0571554817203425,49.99893442622954,49.998934426229425
125100,0.012005,0.19902359566600564,0.05190656841008215,0.1481530696836503,0.19902359566600564,0.05708955176453162,49.99893442622948,49.998934426229425
125160,0.01200450074074074,0.1989439675312337,0.05190504106206164,0.1481031614769211,0.1989439675312337,0.05702367985376085,49.99893442622948,49.99893442622948
125220,0.012004005925925926,0.19886443294892162,0.0519035155229978,0.14805330849307832,0.19886443294892162,0.05695838102977205,49.99893442622948,49.99893442622948
125280,0.01200352,0.19878499187058396,0.051901991790173775,0.14800351068325834,0.19878499187058396,0.056894169633717157,49.99893442622948,49.998934426229425
125340,0.012003047407407407,0.1987056443062575,0.051900469861147845,0.14795376803233773,0.1987056443062575,0.0568315593071159,49.99893442622954,49.99893442622948
125400,0.012002592592592592,0.19862639032416216,0.05189894973375511,0.14790408055895782,0.19862639032416216,0.05677106298955566,49.99893442622948,49.998934426229425
125460,0.012002160000000001,0.1985472300503587,0.05189743140610945,0.14785444831552988,0.1985472300503587,0.05671319291313269,49.99893442622948,49.99893442622948
125520,0.012001754074074075,0.1984681636684078,0.05189591487660551,0.1478048713882213,0.1984681636684078,0.056658460593678045,49.99893442622954,49.99893442622948
125580,0.01200137925925926,0.19838919141902533,0.05189440014392096,0.1477553498969245,0.19838919141902533,0.05660737681874764,49.998934426229425,49.99893442622948
125640,0.01200104,0.19831031359973708,0.05189288720701876,0.14770588399521023,0.19831031359973708,0.05656045163243917,49.99893442622948,49.99893442622948
125700,0.01200074074074074,0.19823153056452955,0.05189137606514961,0.14765647387026484,0.19823153056452955,0.05651819431702841,49.99893442622948,49.998934426229425
125760,0.012000485925925926,0.1981528427234969,0.05188986671785445,0.14760711974281374,0.1981528427234969,0.05648111337142895,49.99893442622954,49.99893442622948
125820,0.01200028,0.19807425054248448,0.05188835916496708,0.14755782186703095,0.19807425054248448,0.0564497164865454,49.998934426229425,49.99893442622948
125880,0.012000127407407407,0.19799575454272778,0.051886853406616765,0.147508580530436,0.19799575454272778,0.0564245105174777,49.99893442622954,49.99893442622948
125940,0.012000032592592594,0.19791735530048507,0.05188534944323097,0.14745939605377797,0.19791735530048507,0.056406001452649776,49.99893442622948,49.99893442622948
126000,0.012,0.19783905344666514,0.051883847275538096,0.14741026879090804,0.19783905344666514,0.056394694379836886,49.99893442622948,49.998934426229425
126060,0.012,0.19776084922288084,0.05188234690248286,0.14736119889121033,0.19776084922288084,0.05638716144421577,49.99893442622948,49.998934426229425
126120,0.012,0.19768274244532585,0.05188084832104764,0.14731218627712234,0.19768274244532585,0.05637963859981559,49.99893442622948,49.998934426229425
126180,0.012,0.1976047329306459,0.05187935152824298,0.14726323086903173,0.1976047329306459,0.05637212613352647,49.99893442622948,49.99893442622948
126240,0.011999999999999999,0.19752682049593767,0.05187785652110597,0.14721433258547553,0.19752682049593767,0.05636462430416258,49.99893442622948,49.99893442622948
126300,0.012,0.19744900495874723,0.05187636329669881,0.14716549134332313,0.19744900495874723,0.05635713334493732,49.99893442622948,49.998934426229425
126360,0.012000000000000002,0.19737128613706895,0.05187487185210719,0.14711670705794191,0.19737128613706895,0.056349653465730266,49.99893442622948,49.998934426229425
126420,0.012,0.19729366384934377,0.05187338218443905,0.14706797964334953,0.19729366384934377,0.05634218485514002,49.99893442622948,49.998934426229425
126480,0.012,0.19721613791445855,0.0518718942908232,0.1470193090123522,0.19721613791445855,0.056334727682375324,49.99893442622948,49.99893442622948
126540,0.012,0.19713870815174397,0.051870408168408176,0.14697069507667096,0.19713870815174397,0.056327282098963295,49.99893442622948,49.998934426229425
126600,0.012,0.19706137438097374,0.05186892381436102,0.14692213774705695,0.19706137438097374,0.056319848240318056,49.99893442622948,49.998934426229425
126660,0.012,0.19698413642236304,0.05186744122586628,0.14687363693339664,0.19698413642236304,0.056312426227167624,49.99893442622948,49.998934426229425
126720,0.012,0.19690699409656717,0.05186596040012492,0.14682519254480747,0.19690699409656717,0.05630501616685569,49.99893442622948,49.998934426229425
126780,0.012,0.19682994722468053,0.05186448133435346,0.14677680448972563,0.19682994722468053,0.05629761815452908,49.99893442622948,49.99893442622948
126840,0.012,0.1967529956282349,0.05186300402578296,0.1467284726759855,0.1967529956282349,0.056290232274220656,49.99893442622948,49.998934426229425
126900,0.012,0.19667613912919854,0.051861528471658286,0.14668019701089252,0.19667613912919854,0.056282858599836734,49.99893442622948,49.998934426229425
126960,0.012,0.19659937754997434,0.05186005466923726,0.14663197740128953,0.19659937754997434,0.05627549719605776,49.99893442622948,49.99893442622948
127020,0.012,0.1965227107133993,0.05185858261578996,0.14658381375361731,0.1965227107133993,0.056268148119159506,49.99893442622948,49.99893442622948
127080,0.012,0.1964461384427426,0.05185711230859798,0.14653570597396953,0.1964461384427426,0.05626081141776184,49.99893442622948,49.99893442622948
127140,0.012,0.1963696605617045,0.05185564374495381,0.1464876539681432,0.1963696605617045,0.056253487133511776,49.99893442622948,49.99893442622948
127200,0.012,0.19629327689441517,0.05185417692216023,0.14643965764168443,0.19629327689441517,0.056246175301706065,49.99893442622948,49.998934426229425
127260,0.012,0.19621698726543335,0.05185271183752975,0.14639171689993014,0.19621698726543335,0.05623887595185892,49.99893442622948,49.99893442622948
127320,0.012,0.19614079149974498,0.05185124848838403,0.14634383164804624,0.19614079149974498,0.056231589108219834,49.99893442622948,49.998934426229425
127380,0.012,0.196064689422762,0.05184978687205343,0.14629600179106222,0.196064689422762,0.05622431479024559,49.99893442622948,49.99893442622948
127440,0.012,0.1959886808603212,0.05184832698587651,0.14624822723390268,0.1959886808603212,0.05621705301303071,49.99893442622948,49.99893442622948
127500,0.012,0.19591276563868282,0.05184686882719966,0.14620050788141636,0.19591276563868282,0.056209803787699825,49.99893442622948,49.998934426229425
127560,0.012,0.19583694358452935,0.05184541239337659,0.14615284363840217,0.19583694358452935,0.056202567121765586,49.99893442622948,49.998934426229425
127620,0.012,0.195761214524964,0.051843957681768055,0.14610523440963305,0.195761214524964,0.056195343019454856,49.99893442622948,49.99893442622948
127680,0.012,0.19568557828751013,0.051842504689741484,0.14605768009987774,0.19568557828751013,0.05618813148200622,49.99893442622948,49.998934426229425
127740,0.012,0.19561003470010932,0.051841053414670595,0.14601018061392063,0.19561003470010932,0.05618093250794107,49.99893442622948,49.99893442622948
127800,0.012,0.19553458359112058,0.05183960385393517,0.14596273585657962,0.19553458359112058,0.056173746093311,49.99893442622948,49.99893442622948
127860,0.012,0.19545922478931876,0.05183815600492073,0.14591534573272275,0.19545922478931876,0.05616657223192317,49.99893442622948,49.99893442622948
127920,0.012,0.19538395812389353,0.05183670986501828,0.14586801014728268,0.19538395812389353,0.05615941091554583,49.99893442622948,49.998934426229425
127980,0.012,0.19530878342444824,0.05183526543162411,0.14582072900527066,0.19530878342444824,0.05615226213409566,49.99893442622948,49.998934426229425
128040,0.011999999999999999,0.1952337005209986,0.051833822702139515,0.14577350221178845,0.1952337005209986,0.05614512587580915,49.99893442622948,49.99893442622948
128100,0.012,0.1951587092439712,0.05183238167397065,0.14572632967203994,0.1951587092439712,0.056138002127395684,49.99893442622948,49.998934426229425
128160,0.012000000000000002,0.19508380942420275,0.051830942344528265,0.1456792112913408,0.19508380942420275,0.05613089087418571,49.99893442622948,49.99893442622948
128220,0.012,0.19500900089293868,0.05182950471122764,0.14563214697512797,0.19500900089293868,0.056123792100251015,49.99893442622948,49.998934426229425
128280,0.012,0.1949342834818319,0.051828068771488336,0.14558513662896805,0.1949342834818319,0.056116705788532555,49.99893442622948,49.998934426229425
128340,0.012,0.19485965702294153,0.05182663452273409,0.1455381801585647,0.19485965702294153,0.05610963192094044,49.99893442622948,49.998934426229425
128400,0.012,0.19478512134873185,0.051825201962392674,0.1454912774697656,0.19478512134873185,0.05610257047845549,49.99893442622948,49.998934426229425
128460,0.012,0.19471067629207114,0.05182377108789579,0.14544442846856856,0.19471067629207114,0.05609552144121797,49.99893442622948,49.998934426229425
128520,0.012,0.19463632168623032,0.051822341896678954,0.14539763306112727,0.19463632168623032,0.05608848478860897,49.99893442622948,49.998934426229425
128580,0.012,0.19456205736488177,0.051820914386181374,0.14535089115375632,0.19456205736488177,0.05608146049932479,49.99893442622948,49.99893442622948
128640,0.012,0.1944878831620985,0.05181948855384589,0.1453042026529356,0.1944878831620985,0.056074448551444486,49.99893442622948,49.99893442622948
128700,0.012,0.19441379891235222,0.05181806439711888,0.14525756746531468,0.19441379891235222,0.05606744892249161,49.99893442622948,49.99893442622948
128760,0.012,0.19433980445051327,0.05181664191345024,0.1452109854977163,0.19433980445051327,0.05606046158949048,49.99893442622948,49.99893442622948
128820,0.012,0.19426589961184842,0.05181522110029322,0.14516445665713998,0.19426589961184842,0.05605348652901739,49.99893442622948,49.998934426229425
128880,0.012,0.19419208423202025,0.051813801955104447,0.1451179808507646,0.19419208423202025,0.05604652371724732,49.99893442622948,49.998934426229425
128940,0.012,0.1941183581470859,0.051812384475343844,0.14507155798595148,0.1941183581470859,0.05603957312999649,49.99893442622948,49.998934426229425
129000,0.012,0.1940447211934957,0.051810968658474614,0.1450251879702465,0.1940447211934957,0.05603263474276111,49.99893442622948,49.99893442622948
129060,0.012,0.19397117320809257,0.051809554501963166,0.14497887071138238,0.19397117320809257,0.05602570853075282,49.99893442622948,49.998934426229425
129120,0.012,0.19389771402811004,0.05180814200327913,0.14493260611728054,0.19389771402811004,0.05601879446893074,49.99893442622948,49.998934426229425
129180,0.012,0.19382434349117197,0.05180673115989527,0.1448863940960527,0.19382434349117197,0.056011892532030885,49.99893442622948,49.99893442622937
129240,0.012,0.19375106143529075,0.051805321969287554,0.1448402345560024,0.19375106143529075,0.056005002694592916,49.99893442622948,49.99893442622948
129300,0.012,0.19367786769886647,0.051803914428935026,0.1447941274056265,0.19367786769886647,0.05599812493098438,49.99893442622948,49.998934426229425
129360,0.012,0.19360476212068578,0.05180250853631986,0.1447480725536159,0.19360476212068578,0.055991259215422966,49.99893442622948,49.998934426229425
129420,0.012,0.19353174453992084,0.051801104288927355,0.14470206990885687,0.19353174453992084,0.055984405521996655,49.99893442622948,49.99893442622948
129480,0.012,0.19345881479612786,0.051799701684245913,0.14465611938043177,0.19345881479612786,0.05597756382468213,49.99893442622948,49.99893442622948
129540,0.012,0.19338597272924635,0.051798300719767015,0.14461022087761982,0.19338597272924635,0.055970734097361426,49.99893442622948,49.99893442622948
129600,0.012,0.19331321817959754,0.051796901392985276,0.1445643743098976,0.19331321817959754,0.05596391631383731,49.99893442622948,49.99893442622948
129660,0.012,0.1932405509878841,0.051795503701398404,0.14451857958693975,0.1932405509878841,0.05595711044784705,49.99893442622948,49.998934426229425
129720,0.012,0.19316797099518812,0.05179410764250718,0.14447283661861912,0.19316797099518812,0.05595031647307502,49.99893442622948,49.998934426229425
129780,0.012,0.19309547804297056,0.05179271321381556,0.14442714531500742,0.19309547804297056,0.05594353436316432,49.99893442622948,49.998934426229425
129840,0.011999999999999999,0.19302307197306987,0.05179132041283058,0.144381505586375,0.19302307197306987,0.05593676409172751,49.99893442622948,49.998934426229425
129900,0.012,0.192950752627701,0.05178992923706245,0.14433591734319173,0.192950752627701,0.05593000563235371,49.99893442622948,49.998934426229425
129960,0.012000000000000002,0.19287851984945437,0.05178853968402452,0.14429038049612633,0.19287851984945437,0.055923258958623184,49.99893442622948,49.99893442622948
130020,0.012,0.1928063734812948,0.05178715175123331,0.14424489495604692,0.1928063734812948,0.05591652404410633,49.99893442622948,49.998934426229425
130080,0.012,0.19273431336656027,0.05178576543620849,0.144199460634021,0.19273431336656027,0.05590980086238043,49.99893442622948,49.99893442622948
130140,0.012,0.19266233934896082,0.051784380736472964,0.14415407744131503,0.19266233934896082,0.05590308938702858,49.99893442622948,49.99893442622948
130200,0.012,0.1925904512725775,0.05178299764955283,0.14410874528939482,0.1925904512725775,0.05589638959164925,49.99893442622948,49.99893442622948
130260,0.012,0.19251864898186172,0.05178161617297747,0.1440634640899251,0.19251864898186172,0.05588970144986082,49.99893442622948,49.998934426229425
130320,0.012,0.19244693232163343,0.05178023630427943,0.14401823375476924,0.19244693232163343,0.05588302493530639,49.99893442622948,49.99893442622948
130380,0.012,0.1923753011370807,0.05177885804099461,0.14397305419598952,0.1923753011370807,0.055876360021658265,49.99893442622948,49.998934426229425
130440,0.012,0.19230375527375812,0.051777481380662176,0.14392792532584633,0.19230375527375812,0.05586970668262185,49.99893442622948,49.99893442622948
130500,0.012,0.19223229457758617,0.05177610632082461,0.14388284705679827,0.19223229457758617,0.05586306489193939,49.99893442622948,49.998934426229425
130560,0.012,0.19216091889485007,0.05177473285902774,0.1438378193015018,0.19216091889485007,0.05585643462339305,49.99893442622948,49.998934426229425
130620,0.012,0.19208962807219854,0.05177336099282075,0.14379284197281075,0.19208962807219854,0.05584981585080802,49.99893442622948,49.99893442622948
130680,0.012,0.19201842195664282,0.051771990719756196,0.14374791498377612,0.19201842195664282,0.05584320854805516,49.99893442622948,49.99893442622948
130740,0.012,0.19194730039555583,0.051770622037390066,0.1437030382476459,0.19194730039555583,0.055836612689053405,49.99893442622948,49.998934426229425
130800,0.012,0.1918762632366708,0.051769254943281745,0.14365821167786436,0.1918762632366708,0.05583002824777186,49.99893442622948,49.99893442622948
130860,0.012,0.19180531032808054,0.05176788943499409,0.1436134351880719,0.19180531032808054,0.0558234551982319,49.99893442622948,49.99893442622948
130920,0.012,0.19173444151823618,0.05176652551009339,0.14356870869210456,0.19173444151823618,0.05581689351450884,49.99893442622948,49.99893442622948
130980,0.012,0.19166365665594615,0.051765163166149486,0.14352403210399364,0.19166365665594615,0.05581034317073352,49.99893442622948,49.998934426229425
131040,0.012,0.19159295559037542,0.05176380240073569,0.14347940533796535,0.19159295559037542,0.05580380414109383,49.99893442622948,49.99893442622948
131100,0.012,0.19152233817104403,0.051762443211428866,0.14343482830844015,0.19152233817104403,0.055797276399835845,49.99893442622948,49.998934426229425
131160,0.012,0.19145180424782648,0.05176108559580943,0.14339030093003258,0.19145180424782648,0.055790759921265094,49.99893442622948,49.99893442622948
131220,0.012,0.19138135367095047,0.05175972955146137,0.14334582311755073,0.19138135367095047,0.055784254679747465,49.99893442622948,49.998934426229425
131280,0.012,0.191310986290996,0.05175837507597231,0.14330139478599566,0.191310986290996,0.05577776064971021,49.99893442622948,49.99893442622948
131340,0.012,0.19124070195889414,0.05175702216693344,0.143257015850561,0.19124070195889414,0.05577127780564267,49.99893442622948,49.99893442622948
131400,0.012,0.19117050052592652,0.05175567082193964,0.14321268622663272,0.19117050052592652,0.05576480612209705,49.99893442622948,49.998934426229425
131460,0.012,0.19110038184372366,0.05175432103858943,0.14316840582978824,0.19110038184372366,0.055758345573688965,49.99893442622948,49.99893442622948
131520,0.012,0.19103034576426464,0.051752972814484995,0.1431241745757962,0.19103034576426464,0.0557518961350981,49.99893442622948,49.998934426229425
131580,0.012,0.1909603921398753,0.05175162614723225,0.14307999238061606,0.1909603921398753,0.05574545778106857,49.99893442622948,49.998934426229425
131640,0.011999999999999999,0.1908905208232284,0.051750281034440807,0.14303585916039738,0.1908905208232284,0.055739030486409887,49.99893442622948,49.99893442622948
131700,0.012,0.19082073166734112,0.051748937473724034,0.14299177483147957,0.19082073166734112,0.05573261422599479,49.99893442622948,49.998934426229425
131760,0.012000000000000002,0.1907510245255756,0.05174759546269902,0.14294773931039115,0.1907510245255756,0.055726208974765434,49.99893442622948,49.99893442622948
131820,0.012,0.1906813992516367,0.05174625499898668,0.14290375251384949,0.1906813992516367,0.05571981470772496,49.99893442622948,49.99893442622948
131880,0.012,0.19061185569957206,0.05174491608021164,0.14285981435876022,0.19061185569957206,0.05571343139994707,49.99893442622948,49.99893442622948
131940,0.012,0.19054239372377035,0.05174357870400238,0.14281592476221666,0.19054239372377035,0.05570705902656895,49.99893442622948,49.99893442622948
132000,0.012,0.19047301317896045,0.05174224286799121,0.1427720836414995,0.19047301317896045,0.055700697562794846,49.99893442622948,49.99893442622948
132060,0.012,0.19040371392021097,0.05174090856981424,0.14272829091407607,0.19040371392021097,0.055694346983895394,49.99893442622948,49.998934426229425
132120,0.012,0.19033449580292855,0.05173957580711144,0.1426845464976002,0.19033449580292855,0.055688007265207805,49.99893442622948,49.998934426229425
132180,0.012,0.1902653586828575,0.05173824457752666,0.14264085030991125,0.1902653586828575,0.05568167838213579,49.99893442622948,49.99893442622948
132240,0.012,0.19019630241607846,0.05173691487870761,0.142597202269034,0.19019630241607846,0.05567536031014965,49.99893442622948,49.998934426229425
132300,0.012,0.1901273268590075,0.05173558670830589,0.14255360229317796,0.1901273268590075,0.055669053024786294,49.99893442622948,49.99893442622948
132360,0.012,0.1900584318683955,0.051734260063977015,0.14251005030073696,0.1900584318683955,0.055662756501649174,49.99893442622948,49.99893442622948
132420,0.012,0.18998961730132677,0.05173293494338041,0.14246654621028854,0.18998961730132677,0.05565647071640826,49.99893442622948,49.998934426229425
132480,0.012,0.18992088301521817,0.05173161134417942,0.14242308994059363,0.18992088301521817,0.055650195644799984,49.99893442622948,49.99893442622948
132540,0.012,0.18985222886781844,0.05173028926404134,0.14237968141059582,0.18985222886781844,0.055643931262627164,49.99893442622948,49.99893442622948
132600,0.012,0.1897836547172071,0.0517289687006374,0.1423363205394211,0.1897836547172071,0.05563767754575891,49.99893442622948,49.998934426229425
132660,0.012,0.18971516042179312,0.05172764965164282,0.14229300724637722,0.18971516042179312,0.05563143447013056,49.99893442622948,49.99893442622948
132720,0.012,0.18964674584031482,0.05172633211473673,0.1422497414509531,0.18964674584031482,0.055625202011743556,49.99893442622948,49.99893442622948
132780,0.012,0.18957841083183835,0.051725016087602285,0.1422065230728187,0.18957841083183835,0.05561898014666532,49.99893442622948,49.998934426229425
132840,0.012,0.18951015525575657,0.05172370156792662,0.14216335203182406,0.18951015525575657,0.05561276885102911,49.99893442622948,49.998934426229425
132900,0.012,0.18944197897178866,0.05172238855340086,0.1421202282479992,0.18944197897178866,0.05560656810103394,49.99893442622948,49.99893442622948
132960,0.012,0.18937388183997905,0.051721077041720104,0.14207715164155327,0.18937388183997905,0.05560037787294437,49.99893442622948,49.998934426229425
133020,0.012,0.18930586372069624,0.05171976703058351,0.14203412213287445,0.18930586372069624,0.055594198143090384,49.99893442622948,49.99893442622948
133080,0.012,0.18923792447463214,0.05171845851769423,0.1419911396425291,0.18923792447463214,0.055588028887867284,49.99893442622948,49.99893442622948
133140,0.012,0.18917006396280106,0.05171715150075943,0.14194820409126155,0.18917006396280106,0.05558187008373543,49.99893442622948,49.99893442622948
133200,0.012,0.1891022820465387,0.05171584597749031,0.14190531539999338,0.1891022820465387,0.055575721707220166,49.99893442622948,49.99893442622948
133260,0.012,0.1890345785875015,0.05171454194560209,0.1418624734898231,0.1890345785875015,0.055569583734911596,49.99893442622948,49.998934426229425
133320,0.012,0.18896695344766554,0.05171323940281408,0.1418196782820256,0.18896695344766554,0.055563456143464425,49.99893442622948,49.998934426229425
133380,0.012,0.18889940648932563,0.051711938346849576,0.14177692969805164,0.18889940648932563,0.05555733890959781,49.99893442622948,49.99893442622948
133440,0.011999999999999999,0.18883193757509434,0.05171063877543595,0.1417342276595274,0.18883193757509434,0.05555123201009559,49.99893442622948,49.998934426229425
133500,0.012,0.18876454656790154,0.05170934068630462,0.14169157208825414,0.18876454656790154,0.05554513542180372,49.99893442622948,49.99893442622948
133560,0.012000000000000002,0.18869723333099284,0.051708044077191054,0.14164896290620735,0.18869723333099284,0.05553904912163578,49.99893442622948,49.998934426229425
133620,0.012,0.18862999772792927,0.05170674894583481,0.14160640003553662,0.18862999772792927,0.055532973086564304,49.99893442622948,49.99893442622948
133680,0.012,0.18856283962258596,0.05170545528997947,0.14156388339856496,0.18856283962258596,0.05552690729362985,49.99893442622948,49.99893442622948
133740,0.012,0.1884957588791518,0.05170416310737268,0.14152141291778852,0.1884957588791518,0.05552085171993357,49.99893442622948,49.998934426229425
133800,0.012,0.18842875536212783,0.05170287239576616,0.14147898851587595,0.18842875536212783,0.05551480634264041,49.99893442622948,49.998934426229425
133860,0.012,0.18836182893632702,0.051701583152915724,0.14143661011566788,0.18836182893632702,0.055508771138978306,49.99893442622948,49.998934426229425
133920,0.012,0.18829497946687304,0.05170029537658121,0.14139427764017667,0.18829497946687304,0.055502746086237925,49.99893442622948,49.99893442622948
133980,0.012,0.1882282068191993,0.051699009064526555,0.14135199101258575,0.1882282068191993,0.05549673116177246,49.99893442622948,49.99893442622948
134040,0.012,0.18816151085904845,0.05169772421451975,0.14130975015624914,0.18816151085904845,0.055490726342997496,49.99893442622948,49.99893442622948
134100,0.012,0.18809489145247124,0.05169644082433288,0.14126755499469126,0.18809489145247124,0.055484731607390717,49.99893442622948,49.99893442622948
134160,0.012,0.18802834846582572,0.05169515889174208,0.14122540545160606,0.18802834846582572,0.055478746932491836,49.99893442622948,49.998934426229425
134220,0.012,0.18796188176577638,0.05169387841452756,0.14118330145085672,0.18796188176577638,0.05547277229590228,49.99893442622948,49.99893442622948
134280,0.012,0.18789549121929333,0.05169259939047358,0.14114124291647545,0.18789549121929333,0.05546680767528509,49.99893442622948,49.99893442622948
134340,0.012,0.1878291766936513,0.05169132181736853,0.1410992297726626,0.1878291766936513,0.055460853048364664,49.99893442622948,49.998934426229425
134400,0.012,0.18776293805642902,0.05169004569300479,0.14105726194378637,0.18776293805642902,0.05545490839292656,49.99893442622948,49.99893442622948
134460,0.012,0.18769677517550806,0.05168877101517884,0.14101533935438254,0.18769677517550806,0.05544897368681735,49.99893442622948,49.99893442622948
134520,0.012,0.18763068791907242,0.05168749778169125,0.14097346192915378,0.18763068791907242,0.055443048907944416,49.99893442622948,49.99893442622948
134580,0.012,0.18756467615560715,0.05168622599034664,0.14093162959296912,0.18756467615560715,0.05543713403427567,49.99893442622948,49.99893442622948
134640,0.012,0.18749873975389802,0.05168495563895364,0.14088984227086382,0.18749873975389802,0.05543122904383949,49.99893442622948,49.99893442622948
134700,0.012,0.18743287858303012,0.051683686725324994,0.14084809988803867,0.18743287858303012,0.055425333914724415,49.99893442622948,49.998934426229425
134760,0.012,0.18736709251238784,0.05168241924727749,0.1408064023698596,0.18736709251238784,0.05541944862507905,49.99893442622948,49.998934426229425
134820,0.012,0.18730138141165298,0.05168115320263199,0.14076474964185723,0.18730138141165298,0.05541357315311174,49.99893442622948,49.99893442622948
134880,0.012,0.18723574515080485,0.05167988858921335,0.14072314162972632,0.18723574515080485,0.05540770747709055,49.99893442622948,49.99893442622948
134940,0.012,0.18717018360011892,0.05167862540485051,0.14068157825932556,0.18717018360011892,0.055401851575342866,49.99893442622948,49.998934426229425
135000,0.012,0.18710469663016624,0.05167736364737645,0.140640059456677,0.18710469663016624,0.055396005426255425,49.99893442622948,49.998934426229425
135060,0.012,0.18703928411181242,0.051676103314628165,0.14059858514796542,0.18703928411181242,0.05539016900827395,49.99893442622948,49.99893442622948
135120,0.012,0.18697394591621683,0.05167484440444674,0.14055715525953827,0.18697394591621683,0.05538434229990302,49.99893442622948,49.998934426229425
135180,0.012,0.1869086819148323,0.05167358691467724,0.14051576971790483,0.1869086819148323,0.055378525279705916,49.99893442622948,49.99893442622948
135240,0.011999999999999999,0.18684349197940328,0.051672330843168766,0.14047442844973604,0.18684349197940328,0.05537271792630481,49.99893442622948,49.99893442622948
135300,0.012,0.18677837598196587,0.05167107618777446,0.14043313138186403,0.18677837598196587,0.05536692021837825,49.99893442622948,49.99893442622948
135360,0.012000000000000002,0.1867133337948469,0.05166982294635146,0.14039187844128148,0.1867133337948469,0.05536113213466657,49.99893442622948,49.99893442622948
135420,0.012,0.18664836529066273,0.051668571116760945,0.14035066955514147,0.18664836529066273,0.055355353653963366,49.99893442622948,49.998934426229425
135480,0.012,0.1865834703423187,0.05166732069686809,0.14030950465075687,0.1865834703423187,0.05534958475512433,49.99893442622948,49.998934426229425
135540,0.012,0.18651864882300853,0.051666071684542056,0.14026838365559988,0.18651864882300853,0.055343825417060066,49.99893442622948,49.998934426229425
135600,0.012,0.18645390060621317,0.05166482407765602,0.14022730649730175,0.18645390060621317,0.055338075618739206,49.99893442622948,49.998934426229425
135660,0.012,0.18638922556570006,0.05166357787408715,0.14018627310365214,0.18638922556570006,0.05533233533918755,49.99893442622948,49.998934426229425
135720,0.012,0.1863246235755225,0.0516623330717166,0.14014528340259896,0.1863246235755225,0.05532660455748792,49.99893442622948,49.998934426229425
135780,0.012,0.18626009451001888,0.05166108966842952,0.1401043373222477,0.18626009451001888,0.05532088325277984,49.99893442622948,49.998934426229425
135840,0.012,0.1861956382438115,0.051659847662115004,0.14006343479086106,0.1861956382438115,0.055315171404259525,49.99893442622948,49.998934426229425
135900,0.012,0.18613125465180635,0.05165860705066614,0.14002257573685864,0.18613125465180635,0.05530946899117961,49.99893442622948,49.99893442622954
135960,0.012,0.18606694360919193,0.051657367831979974,0.13998176008881644,0.18606694360919193,0.05530377599284893,49.99893442622948,49.998934426229425
136020,0.012,0.18600270499143848,0.05165613000395753,0.13994098777546637,0.18600270499143848,0.05529809238863241,49.99893442622948,49.99893442622948
136080,0.012,0.18593853867429755,0.05165489356450375,0.1399002587256959,0.18593853867429755,0.05529241815795085,49.99893442622948,49.998934426229425
136140,0.012,0.18587444453380061,0.051653658511527534,0.13985957286854772,0.18587444453380061,0.05528675328028081,49.99893442622948,49.99893442622948
136200,0.012,0.185810422446259,0.05165242484294174,0.13981893013321908,0.185810422446259,0.055281097735154244,49.99893442622948,49.99893442622948
136260,0.012,0.18574647228826277,0.05165119255666314,0.1397783304490617,0.18574647228826277,0.055275451502158617,49.99893442622948,49.998934426229425
136320,0.012,0.18568259393667946,0.05164996165061245,0.13973777374558105,0.18568259393667946,0.05526981456093643,49.99893442622948,49.99893442622948
136380,0.012,0.18561878726865438,0.051648732122714265,0.13969725995243612,0.18561878726865438,0.05526418689118522,49.99893442622948,49.99893442622948
136440,0.012,0.18555505216160909,0.05164750397089714,0.13965678899943898,0.18555505216160909,0.055258568472657345,49.99893442622948,49.99893442622948
136500,0.012,0.18549138849324073,0.05164627719309353,0.13961636081655424,0.18549138849324073,0.05525295928515979,49.99893442622948,49.99893442622948
136560,0.012,0.18542779614152152,0.05164505178723978,0.13957597533389884,0.18542779614152152,0.05524735930855397,49.99893442622948,49.998934426229425
136620,0.012,0.18536427498469762,0.05164382775127611,0.13953563248174153,0.18536427498469762,0.05524176852275563,49.99893442622948,49.99893442622948
136680,0.012,0.18530082490128885,0.051642605083146643,0.13949533219050242,0.18530082490128885,0.05523618690773462,49.99893442622948,49.99893442622948
136740,0.012,0.18523744577008744,0.0516413837807994,0.1394550743907527,0.18523744577008744,0.055230614443514715,49.99893442622948,49.998934426229425
136800,0.012,0.18517413747015776,0.05164016384218624,0.13941485901321404,0.18517413747015776,0.05522505111017344,49.99893442622948,49.99893442622948
136860,0.012,0.1851108998808351,0.0516389452652629,0.1393746859887585,0.1851108998808351,0.05521949688784194,49.99893442622948,49.998934426229425
136920,0.012,0.18504773288172535,0.05163772804798897,0.13933455524840774,0.18504773288172535,0.05521395175670474,49.99893442622948,49.998934426229425
136980,0.012,0.18498463635270404,0.051636512188327904,0.1392944667233329,0.18498463635270404,0.05520841569699966,49.99893442622948,49.998934426229425
137040,0.011999999999999999,0.1849216101739155,0.05163529768424697,0.1392544203448541,0.1849216101739155,0.05520288868901807,49.99893442622948,49.998934426229425
137100,0.012,0.18485865422577236,0.051634084533717324,0.1392144160444402,0.18485865422577236,0.05519737071310226,49.99893442622948,49.99893442622948
137160,0.012000000000000002,0.18479576838895473,0.05163287273471389,0.139174453753708,0.18479576838895473,0.05519186174965091,49.99893442622948,49.998934426229425
137220,0.012,0.18473295254440952,0.05163166228521545,0.13913453340442225,0.18473295254440952,0.05518636177911081,49.99893442622948,49.99893442622948
137280,0.012,0.18467020657334932,0.05163045318320459,0.13909465492849502,0.18467020657334932,0.055180870781985324,49.99893442622948,49.998934426229425
137340,0.012,0.18460753035725225,0.051629245426667685,0.13905481825798555,0.18460753035725225,0.05517538873882757,49.99893442622948,49.998934426229425
137400,0.012,0.18454492377786094,0.051628039013594924,0.13901502332509955,0.18454492377786094,0.05516991563024334,49.99893442622948,49.99893442622948
137460,0.012,0.18448238671718187,0.051626833941980275,0.13897527006218902,0.18448238671718187,0.05516445143689038,49.99893442622948,49.99893442622948
137520,0.012,0.1844199190574845,0.05162563020982151,0.13893555840175179,0.1844199190574845,0.05515899613947816,49.99893442622948,49.998934426229425
137580,0.012,0.18435752068130065,0.05162442781512016,0.1388958882764311,0.18435752068130065,0.05515354971876774,49.99893442622948,49.99893442622948
137640,0.012,0.18429519147142395,0.0516232267558815,0.1388562596190153,0.18429519147142395,0.055148112155571555,49.99893442622948,49.998934426229425
137700,0.012,0.18423293131090887,0.051622027030114606,0.13881667236243736,0.18423293131090887,0.05514268343075333,49.99893442622948,49.99893442622948
137760,0.012,0.1841707400830702,0.05162082863583228,0.1387771264397747,0.1841707400830702,0.05513726352522785,49.99893442622948,49.99893442622948
137820,0.012,0.18410861767137823,0.05161963157105107,0.13873762178424864,0.18410861767137823,0.055131852419963254,49.99893442622948,49.99893442622948
137880,0.012,0.18404656395983196,0.051618435833791255,0.13869815832922375,0.18404656395983196,0.055126450095973584,49.99893442622948,49.99893442622948
137940,0.012,0.18398457883248767,0.05161724142207686,0.13865873600820783,0.18398457883248767,0.055121056534325925,49.99893442622948,49.998934426229425
138000,0.012,0.1839226621736782,0.05161604833393562,0.1386193547548515,0.1839226621736782,0.05511567171613781,49.99893442622948,49.99893442622948
138060,0.012,0.18386081386800202,0.051614856567398976,0.13858001450294782,0.18386081386800202,0.055110295622577014,49.99893442622948,49.998934426229425
138120,0.012,0.18379903380031717,0.05161366612050208,0.13854071518643174,0.18379903380031717,0.055104928234861496,49.99893442622948,49.99893442622948
138180,0.012,0.18373732185573946,0.05161247699128379,0.13850145673938,0.18373732185573946,0.05509956953425914,49.99893442622948,49.99893442622948
138240,0.012,0.18367567791963957,0.05161128917778663,0.13846223909601044,0.18367567791963957,0.055094219502087614,49.99893442622948,49.998934426229425
138300,0.012,0.1836141018776425,0.05161010267805681,0.13842306219068176,0.1836141018776425,0.05508887811971434,49.99893442622948,49.998934426229425
138360,0.012,0.18355259361562687,0.051608917490144214,0.1383839259578934,0.18355259361562687,0.05508354536855612,49.99893442622948,49.998934426229425
138420,0.012,0.18349115301972369,0.051607733612102406,0.13834483033228462,0.18349115301972369,0.05507822123007917,49.99893442622948,49.998934426229425
138480,0.012,0.18342977997631577,0.05160655104198859,0.13830577524863466,0.18342977997631577,0.055072905685798854,49.99893442622948,49.998934426229425
138540,0.012,0.1833684743720372,0.0516053697778636,0.1382667606418621,0.1833684743720372,0.05506759871727957,49.99893442622948,49.99893442622948
138600,0.012,0.1833072360937727,0.051604189817791954,0.13822778644702444,0.1833072360937727,0.055062300306134584,49.99893442622948,49.99893442622948
138660,0.012,0.1832460650286565,0.05160301115984178,0.138188852599318,0.1832460650286565,0.05505701043402593,49.99893442622948,49.998934426229425
138720,0.012,0.18318496106407228,0.05160183380208483,0.13814995903407729,0.18318496106407228,0.05505172908266415,49.99893442622948,49.998934426229425
138780,0.012,0.1831239240876519,0.051600657742596465,0.13811110568677473,0.1831239240876519,0.05504645623380818,49.99893442622948,49.998934426229425
138840,0.011999999999999999,0.1830629539872754,0.051599482979455664,0.13807229249302036,0.1830629539872754,0.055041191869265725,49.99893442622948,49.99893442622948
138900,0.012,0.18300205065106948,0.05159830951074501,0.1380335193885614,0.18300205065106948,0.05503593597089072,49.99893442622948,49.99893442622948
138960,0.012000000000000002,0.18294121396740767,0.051597137334550666,0.1379947863092819,0.18294121396740767,0.05503068852058855,49.99893442622948,49.99893442622948
139020,0.012,0.18288044382490906,0.051595966448962395,0.13795609319120236,0.18288044382490906,0.055025449500308035,49.99893442622948,49.99893442622948
139080,0.012,0.18281974011243818,0.051594796852073535,0.13791743997047942,0.18281974011243818,0.05502021889204979,49.99893442622948,49.998934426229425
139140,0.012,0.18275910271910362,0.051593628541980976,0.13787882658340547,0.18275910271910362,0.05501499667785945,49.99893442622948,49.998934426229425
139200,0.012,0.18269853153425814,0.05159246151678519,0.13784025296640834,0.18269853153425814,0.055009782839830636,49.99893442622948,49.998934426229425
139260,0.012,0.18263802644749744,0.05159129577459019,0.13780171905605088,0.18263802644749744,0.05500457736010421,49.99893442622948,49.99893442622948
139320,0.012,0.18257758734865975,0.05159013131350355,0.13776322478903058,0.18257758734865975,0.0549993802208681,49.99893442622948,49.998934426229425
139380,0.012,0.18251721412782537,0.05158896813163634,0.1377247701021793,0.18251721412782537,0.05499419140435713,49.99893442622948,49.99893442622948
139440,0.012,0.18245690667531544,0.05158780622710319,0.13768635493246292,0.18245690667531544,0.05498901089285292,49.99893442622948,49.998934426229425
139500,0.012,0.1823966648816921,0.05158664559802226,0.1376479792169809,0.1823966648816921,0.05498383866868371,49.99893442622948,49.99893442622948
139560,0.012,0.18233648863775678,0.0515854862425152,0.13760964289296607,0.18233648863775678,0.0549786747142242,49.99893442622948,49.99893442622948
139620,0.012,0.18227637783455086,0.05158432815870719,0.13757134589778403,0.18227637783455086,0.054973519011895434,49.99893442622948,49.99893442622948
139680,0.012,0.18221633236335372,0.05158317134472687,0.13753308816893314,0.18221633236335372,0.05496837154416467,49.99893442622948,49.99893442622954
139740,0.012,0.18215635211568312,0.05158201579870641,0.13749486964404384,0.18215635211568312,0.05496323229354517,49.99893442622948,49.99893442622948
139800,0.012,0.182096436983294,0.05158086151878144,0.13745669026087864,0.182096436983294,0.05495810124259612,49.99893442622948,49.99893442622948
139860,0.012,0.182036586858178,0.05157970850309107,0.13741854995733135,0.182036586858178,0.054952978373922476,49.99893442622948,49.99893442622948
139920,0.012,0.18197680163256275,0.051578556749777876,0.1373804486714272,0.18197680163256275,0.05494786367017481,49.99893442622948,49.99893442622948
139980,0.012,0.18191708119891148,0.05157740625698788,0.13734238634132223,0.18191708119891148,0.05494275711404916,49.99893442622948,49.99893442622948
140040,0.012,0.1818574254499222,0.05157625702287057,0.13730436290530287,0.1818574254499222,0.0549376586882869,49.99893442622948,49.998934426229425
140100,0.012,0.1817978342785269,0.051575109045578875,0.13726637830178595,0.1817978342785269,0.05493256837567459,49.99893442622948,49.998934426229425
140160,0.012,0.1817383075778914,0.05157396232326915,0.13722843246931787,0.1817383075778914,0.054927486159043845,49.99893442622948,49.99893442622948
140220,0.012,0.18167884524141414,0.051572816854101186,0.13719052534657472,0.18167884524141414,0.05492241202127122,49.99893442622948,49.99893442622948
140280,0.012,0.18161944716272604,0.051571672636238186,0.1371526568723617,0.18161944716272604,0.05491734594527803,49.99893442622948,49.998934426229425
140340,0.012,0.18156011323568969,0.05157052966784677,0.1371148269856128,0.18156011323568969,0.054912287914030196,49.99893442622948,49.998934426229425
140400,0.012,0.18150084335439862,0.05156938794709696,0.13707703562539056,0.18150084335439862,0.05490723791053818,49.99893442622948,49.99893442622948
140460,0.012,0.18144163741317687,0.05156824747216217,0.13703928273088553,0.18144163741317687,0.05490219591785677,49.99893442622948,49.99893442622948
140520,0.012,0.18138249530657843,0.051567108241219205,0.13700156824141632,0.18138249530657843,0.05489716191908501,49.99893442622948,49.99893442622948
140580,0.012,0.1813234169293862,0.05156597025244826,0.13696389209642879,0.1813234169293862,0.054892135897366,49.99893442622948,49.998934426229425
140640,0.011999999999999999,0.1812644021766119,0.051564833504032875,0.13692625423549598,0.1812644021766119,0.054887117835887206,49.99893442622948,49.998934426229425
140700,0.012,0.18120545094349533,0.051563697994159996,0.13688865459831806,0.18120545094349533,0.05488210771787816,49.99893442622948,49.998934426229425
140760,0.012000000000000002,0.18114656312550342,0.051562563721019895,0.13685109312472124,0.18114656312550342,0.05487710552661541,49.99893442622948,49.998934426229425
140820,0.012,0.1810877386183299,0.05156143068280622,0.1368135697546582,0.1810877386183299,0.05487211124541482,49.99893442622948,49.99893442622948
140880,0.012,0.18102897731789497,0.05156029887771593,0.13677608442820738,0.18102897731789497,0.054867124857639726,49.99893442622948,49.99893442622948
140940,0.012,0.18097027912034405,0.05155916830394932,0.13673863708557268,0.18097027912034405,0.05486214634669422,49.99893442622948,49.99893442622948
141000,0.012,0.18091164392204773,0.05155803895971005,0.13670122766708329,0.18091164392204773,0.05485717569602625,49.99893442622948,49.99893442622948
141060,0.012,0.18085307161960099,0.051556910843205066,0.13666385611319315,0.18085307161960099,0.054852212889126735,49.99893442622948,49.998934426229425
141120,0.012,0.18079456210982234,0.05155578395264465,0.13662652236448083,0.18079456210982234,0.05484725790952948,49.99893442622948,49.99893442622948
141180,0.012,0.18073611528975375,0.05155465828624235,0.13658922636164914,0.18073611528975375,0.05484231074081106,49.99893442622948,49.99893442622954
141240,0.012,0.18067773105665969,0.05155353384221506,0.13655196804552458,0.18067773105665969,0.05483737136659057,49.99893442622948,49.99893442622948
141300,0.012,0.18061940930802659,0.05155241061878293,0.1365147473570575,0.18061940930802659,0.05483243977052975,49.99893442622948,49.99893442622948
141360,0.012,0.18056114994156225,0.05155128861416941,0.13647756423732132,0.18056114994156225,0.05482751593633252,49.99893442622948,49.99893442622948
141420,0.012,0.18050295285519546,0.05155016782660121,0.13644041862751247,0.18050295285519546,0.054822599847745145,49.99893442622948,49.99893442622948
141480,0.012,0.180444817947075,0.05154904825430832,0.13640331046895002,0.180444817947075,0.05481769148855589,49.99893442622948,49.998934426229425
141540,0.012,0.18038674511556968,0.05154792989552397,0.13636623970307524,0.18038674511556968,0.05481279084259504,49.99893442622948,49.998934426229425
141600,0.012,0.18032873425926696,0.05154681274848467,0.1363292062714515,0.18032873425926696,0.054807897893734726,49.99893442622948,49.99893442622948
141660,0.012,0.18027078527697307,0.05154569681143015,0.13629221011576378,0.18027078527697307,0.05480301262588872,49.99893442622948,49.99893442622948
141720,0.012,0.18021289806771207,0.05154458208260341,0.13625525117781848,0.18021289806771207,0.054798135023012444,49.99893442622948,49.998934426229425
141780,0.012,0.1801550725307253,0.051543468560250646,0.13621832939954295,0.1801550725307253,0.054793265069102724,49.99893442622948,49.99893442622948
141840,0.012,0.180097308565471,0.0515423562426213,0.13618144472298535,0.180097308565471,0.05478840274819771,49.99893442622948,49.99893442622948
141900,0.012,0.18003960607162356,0.05154124512796801,0.1361445970903143,0.18003960607162356,0.054783548044376754,49.99893442622948,49.998934426229425
141960,0.012,0.17998196494907281,0.05154013521454665,0.13610778644381838,0.17998196494907281,0.0547787009417603,49.99893442622948,49.99893442622948
142020,0.012,0.17992438509792386,0.05153902650061626,0.13607101272590616,0.17992438509792386,0.05477386142450974,49.99893442622948,49.998934426229425
142080,0.012,0.17986686641849636,0.05153791898443912,0.13603427587910555,0.17986686641849636,0.05476902947682725,49.99893442622948,49.998934426229425
142140,0.012,0.1798094088113237,0.051536812664280646,0.1359975758460638,0.1798094088113237,0.05476420508295568,49.99893442622948,49.998934426229425
142200,0.012,0.1797520121771526,0.051535707538409484,0.13596091256954693,0.1797520121771526,0.05475938822717858,49.99893442622948,49.99893442622948
142260,0.012,0.17969467641694264,0.05153460360509741,0.13592428599243955,0.17969467641694264,0.054754578893819794,49.99893442622948,49.99893442622948
142320,0.012,0.17963740143186574,0.051533500862619375,0.13588769605774462,0.17963740143186574,0.054749777067243585,49.99893442622948,49.998934426229425
142380,0.012,0.1795801871233053,0.05153239930925351,0.135851142708583,0.1795801871233053,0.05474498273185436,49.99893442622948,49.99893442622954
142440,0.011999999999999999,0.1795230333928561,0.051531298943281074,0.1358146258881932,0.1795230333928561,0.054740195872097094,49.99893442622948,49.998934426229425
142500,0.012,0.17946594014232328,0.051530199762986464,0.13577814553993128,0.17946594014232328,0.05473541647245484,49.99893442622948,49.998934426229425
142560,0.012000000000000002,0.17940890727372194,0.05152910176665726,0.13574170160727014,0.17940890727372194,0.054730644517453964,49.99893442622948,49.998934426229425
142620,0.012,0.17935193468927693,0.05152800495258413,0.13570529403379952,0.17935193468927693,0.05472587999165624,49.99893442622948,49.99893442622948
142680,0.012,0.17929502229142164,0.05152690931906087,0.13566892276322567,0.17929502229142164,0.054721122879667086,49.99893442622948,49.99893442622948
142740,0.012,0.17923816998279804,0.05152581486438439,0.13563258773937104,0.17923816998279804,0.05471637316612893,49.99893442622948,49.998934426229425
142800,0.012,0.17918137766625594,0.05152472158685472,0.1355962889061738,0.17918137766625594,0.05471163083572422,49.99893442622948,49.99893442622948
142860,0.012,0.1791246452448523,0.051523629484775006,0.13556002620768792,0.1791246452448523,0.05470689587317465,49.99893442622948,49.99893442622948
142920,0.012,0.17906797262185098,0.05152253855645145,0.1355237995880825,0.17906797262185098,0.05470216826324099,49.99893442622948,49.99893442622948
142980,0.012,0.17901135970072185,0.05152144880019336,0.13548760899164164,0.17901135970072185,0.054697447990723014,49.99893442622948,49.998934426229425
143040,0.012,0.17895480638514052,0.05152036021431313,0.13545145436276415,0.17895480638514052,0.054692735040459406,49.99893442622948,49.99893442622948
143100,0.012,0.17889831257898764,0.05151927279712624,0.1354153356459633,0.17889831257898764,0.05468802939732756,49.99893442622948,49.998934426229425
143160,0.012,0.17884187818634842,0.051518186546951214,0.1353792527858665,0.17884187818634842,0.05468333104624356,49.99893442622948,49.998934426229425
143220,0.012,0.17878550311151223,0.05151710146210964,0.13534320572721475,0.17878550311151223,0.054678639972162005,49.99893442622948,49.998934426229425
143280,0.012,0.17872918725897188,0.05151601754092617,0.13530719441486289,0.17872918725897188,0.05467395616007585,49.99893442622948,49.99893442622948
143340,0.012,0.17867293053342304,0.051514934781728486,0.13527121879377876,0.17867293053342304,0.054669279595016426,49.99893442622948,49.998934426229425
143400,0.012,0.17861673283976398,0.051513853182847326,0.13523527880904337,0.17861673283976398,0.05466461026205318,49.99893442622948,49.99893442622948
143460,0.012,0.178560594083095,0.05151277274261645,0.13519937440585014,0.178560594083095,0.05465994814629363,49.99893442622948,49.998934426229425
143520,0.012,0.1785045141687174,0.051511693459372655,0.13516350552950515,0.1785045141687174,0.054655293232883276,49.99893442622948,49.998934426229425
143580,0.012,0.17844849300213367,0.05151061533145575,0.13512767212542634,0.17844849300213367,0.05465064550700539,49.99893442622948,49.998934426229425
143640,0.012,0.17839253048904644,0.05150953835720855,0.13509187413914361,0.17839253048904644,0.054646004953881014,49.99893442622948,49.998934426229425
143700,0.012,0.17833662653535842,0.05150846253497689,0.13505611151629832,0.17833662653535842,0.05464137155876879,49.99893442622948,49.998934426229425
143760,0.012,0.17828078104717116,0.0515073878631096,0.13502038420264315,0.17828078104717116,0.05463674530696482,49.99893442622948,49.998934426229425
143820,0.012,0.17822499393078559,0.0515063143399585,0.1349846921440416,0.17822499393078559,0.05463212618380259,49.99893442622948,49.998934426229425
143880,0.012,0.1781692650927003,0.051505241963878394,0.13494903528646804,0.1781692650927003,0.054627514174652884,49.99893442622948,49.99893442622948
143940,0.012,0.17811359443961217,0.051504170733227064,0.13491341357600703,0.17811359443961217,0.054622909264923566,49.99893442622948,49.998934426229425
144000,0.012,0.1780579818784148,0.05150310064636528,0.1348778269588535,0.1780579818784148,0.05461831144005964,49.99893442622948,49.99893442622948
144060,0.012,0.17800242731619892,0.05150203170165675,0.13484227538131197,0.17800242731619892,0.054613720685542974,49.99893442622948,49.99893442622948
144120,0.012,0.17794693066025122,0.05150096389746817,0.13480675878979673,0.17794693066025122,0.05460913698689226,49.99893442622948,49.998934426229425
144180,0.012,0.17789149181805422,0.05149989723216919,0.1347712771308312,0.17789149181805422,0.05460456032966289,49.99893442622948,49.998934426229425
144240,0.011999999999999999,0.17783611069728564,0.05149883170413236,0.1347358303510479,0.17783611069728564,0.05459999069944731,49.99893442622948,49.99893442622948
144300,0.012,0.17778078720581778,0.051497767311733215,0.1347004183971882,0.17778078720581778,0.054595428081872684,49.99893442622948,49.998934426229425
144360,0.012000000000000002,0.17772552125171717,0.05149670405335023,0.13466504121610168,0.17772552125171717,0.05459087246260583,49.99893442622948,49.998934426229425
144420,0.012,0.17767031274324413,0.05149564192736477,0.13462969875474626,0.17767031274324413,0.054586323827345726,49.99893442622948,49.99893442622948
144480,0.012,0.17761516158885185,0.05149458093216113,0.13459439096018777,0.17761516158885185,0.054581782161831426,49.99893442622948,49.998934426229425
144540,0.012,0.1775600676971866,0.051493521066126535,0.13455911777959964,0.1775600676971866,0.054577247451835634,49.99893442622948,49.998934426229425
144600,0.012,0.17750503097708648,0.05149246232765111,0.13452387916026273,0.17750503097708648,0.05457271968316767,49.99893442622948,49.998934426229425
144660,0.012,0.17745005133758157,0.05149140471512787,0.134488675049565,0.17745005133758157,0.05456819884167265,49.99893442622948,49.99893442622948
144720,0.012,0.17739512868789287,0.05149034822695273,0.13445350539500117,0.17739512868789287,0.054563684913231464,49.99893442622948,49.99893442622948
144780,0.012,0.17734026293743224,0.05148929286152451,0.1344183701441726,0.17734026293743224,0.05455917788376057,49.99893442622948,49.998934426229425
144840,0.012,0.17728545399580167,0.05148823861724489,0.1343832692447869,0.17728545399580167,0.05455467773921199,49.99893442622948,49.998934426229425
144900,0.012,0.1772307017727929,0.05148718549251844,0.13434820264465777,0.1772307017727929,0.0545501844655731,49.99893442622948,49.99893442622948
144960,0.012,0.17717600617838689,0.0514861334857526,0.13431317029170461,0.17717600617838689,0.054545698048866643,49.99893442622948,49.998934426229425
145020,0.012,0.17712136712275336,0.05148508259535765,0.13427817213395232,0.17712136712275336,0.0545412184751505,49.99893442622948,49.99893442622948
145080,0.012,0.17706678451625005,0.051484032819746735,0.13424320811953105,0.17706678451625005,0.05453674573051769,49.99893442622948,49.99893442622948
145140,0.012,0.17701225826942285,0.051482984157335855,0.134208278196676,0.17701225826942285,0.05453227980109622,49.99893442622948,49.998934426229425
145200,0.012,0.17695778829300454,0.05148193660654387,0.13417338231372689,0.17695778829300454,0.05452782067304893,49.99893442622948,49.998934426229425
145260,0.012,0.17690337449791493,0.05148089016579246,0.1341385204191281,0.17690337449791493,0.0545233683325735,49.99893442622948,49.99893442622948
145320,0.012,0.1768490167952601,0.05147984483350613,0.13410369246142798,0.1768490167952601,0.054518922765902256,49.99893442622948,49.99893442622948
145380,0.012,0.176794715096332,0.05147880060811223,0.13406889838927896,0.176794715096332,0.05451448395930211,49.99893442622948,49.998934426229425
145440,0.012,0.17674046931260784,0.051477757488040905,0.13403413815143705,0.17674046931260784,0.054510051899074395,49.99893442622948,49.998934426229425
145500,0.012,0.17668627935574963,0.051476715471725144,0.13399941169676172,0.17668627935574963,0.054505626571554916,49.99893442622948,49.998934426229425
145560,0.012,0.17663214513760425,0.05147567455760071,0.1339647189742155,0.17663214513760425,0.054501207963113626,49.99893442622948,49.998934426229425
145620,0.012,0.17657806657020192,0.05147463474410617,0.1339300599328639,0.17657806657020192,0.054496796060154756,49.99893442622948,49.99893442622948
145680,0.012,0.17652404356575666,0.051473596029682905,0.1338954345218749,0.17652404356575666,0.05449239084911647,49.99893442622948,49.99893442622948
145740,0.012,0.17647007603666545,0.051472558412775066,0.13386084269051912,0.17647007603666545,0.054487992316471036,49.99893442622948,49.99893442622948
145800,0.012,0.17641616389550765,0.05147152189182961,0.13382628438816904,0.17641616389550765,0.05448360044872444,49.99893442622948,49.998934426229425
145860,0.012,0.17636230705504485,0.051470486465296235,0.13379175956429917,0.17636230705504485,0.05447921523241655,49.99893442622948,49.998934426229425
145920,0.012,0.17630850542822007,0.05146945213162742,0.13375726816848543,0.17630850542822007,0.05447483665412081,49.99893442622948,49.99893442622948
145980,0.012,0.1762547589281577,0.051468418889278444,0.13372281015040532,0.1762547589281577,0.05447046470044429,49.99893442622948,49.99893442622948
146040,0.011999999999999999,0.17620106746816244,0.05146738673670729,0.13368838545983727,0.17620106746816244,0.054466099358027834,49.99893442622948,49.998934426229425
146100,0.012,0.17614743096171948,0.05146635567237473,0.13365399404666076,0.17614743096171948,0.05446174061354403,49.99893442622948,49.99893442622948
146160,0.012000000000000002,0.17609384932249356,0.05146532569474425,0.13361963586085562,0.17609384932249356,0.05445738845370193,49.99893442622948,49.99893442622948
146220,0.012,0.17604032246432896,0.05146429680228212,0.13358531085250214,0.17604032246432896,0.05445304286523966,49.99893442622948,49.99893442622948
146280,0.012,0.17598685030124836,0.05146326899345731,0.1335510189717808,0.17598685030124836,0.054448703834932305,49.99893442622948,49.998934426229425
146340,0.012,0.17593343274745332,0.051462242266741516,0.13351676016897177,0.17593343274745332,0.05444437134958554,49.99893442622948,49.99893442622948
146400,0.012,0.17588006971732278,0.05146121662060918,0.13348253439445493,0.17588006971732278,0.05444004539603859,49.99893442622948,49.99893442622948
146460,0.012,0.1758267611254136,0.05146019205353743,0.13344834159870947,0.1758267611254136,0.05443572596116339,49.99893442622948,49.998934426229425
146520,0.012,0.17577350688645926,0.05145916856400613,0.13341418173231376,0.17577350688645926,0.05443141303186461,49.99893442622948,49.99893442622948
146580,0.012,0.1757203069153701,0.05145814615049783,0.1333800547459449,0.1757203069153701,0.05442710659507947,49.99893442622948,49.998934426229425
146640,0.012,0.17566716112723235,0.051457124811497786,0.13334596059037868,0.17566716112723235,0.05442280663777762,49.99893442622948,49.99893442622948
146700,0.012,0.17561406943730798,0.05145610454549395,0.13331189921648928,0.17561406943730798,0.054418513146961195,49.99893442622948,49.99893442622948
146760,0.012,0.17556103176103416,0.051455085350976947,0.133277870575249,0.17556103176103416,0.05441422610966457,49.99893442622948,49.99893442622948
146820,0.012,0.17550804801402292,0.051454067226440095,0.13324387461772808,0.17550804801402292,0.05440994551295431,49.99893442622948,49.998934426229425
146880,0.012,0.17545511811206035,0.05145305017037939,0.1332099112950942,0.17545511811206035,0.05440567134392916,49.99893442622948,49.998934426229425
146940,0.012,0.17540224197110668,0.05145203418129348,0.13317598055861274,0.17540224197110668,0.054401403589719774,49.99893442622948,49.998934426229425
147000,0.012,0.17534941950729532,0.051451019257683694,0.13314208235964595,0.17534941950729532,0.05439714223748877,49.99893442622948,49.998934426229425
147060,0.012,0.17529665063693314,0.051450005398054006,0.13310821664965317,0.17529665063693314,0.05439288727443056,49.99893442622948,49.99893442622948
147120,0.012,0.17524393527649892,0.05144899260091106,0.13307438338019043,0.17524393527649892,0.05438863868777135,49.99893442622948,49.99893442622948
147180,0.012,0.17519127334264403,0.05144798086476411,0.1330405825029101,0.17519127334264403,0.05438439646476888,49.99893442622948,49.998934426229425
147240,0.012,0.17513866475219134,0.0514469701881251,0.13300681396956088,0.17513866475219134,0.05438016059271252,49.99893442622948,49.99893442622948
147300,0.012,0.17508610942213493,0.05144596056950855,0.13297307773198735,0.17508610942213493,0.054375931058923056,49.99893442622948,49.998934426229425
147360,0.012,0.17503360726963993,0.05144495200743166,0.13293937374212983,0.17503360726963993,0.054371707850752585,49.99893442622948,49.99893442622948
147420,0.012,0.1749811582120415,0.05144394450041422,0.13290570195202414,0.1749811582120415,0.05436749095558455,49.99893442622948,49.998934426229425
147480,0.012,0.17492876216684491,0.051442938046978665,0.13287206231380136,0.17492876216684491,0.054363280360833516,49.99893442622948,49.998934426229425
147540,0.012,0.17487641905172502,0.05144193264565004,0.13283845477968764,0.17487641905172502,0.05435907605394515,49.99893442622948,49.998934426229425
147600,0.012,0.17482412878452577,0.05144092829495595,0.13280487930200385,0.17482412878452577,0.05435487802239608,49.99893442622948,49.998934426229425
147660,0.012,0.17477189128325954,0.05143992499342665,0.1327713358331655,0.17477189128325954,0.054350686253693874,49.99893442622948,49.99893442622948
147720,0.012,0.1747197064661072,0.051438922739594974,0.13273782432568232,0.1747197064661072,0.05434650073537687,49.99893442622948,49.998934426229425
147780,0.012,0.1746675742514174,0.05143792153199633,0.1327043447321582,0.1746675742514174,0.05434232145501417,49.99893442622948,49.99893442622948
147840,0.011999999999999999,0.17461549455770603,0.05143692136916875,0.13267089700529086,0.17461549455770603,0.054338148400205864,49.99893442622948,49.998934426229425
147900,0.012,0.174563467303656,0.0514359222496528,0.13263748109787174,0.174563467303656,0.05433398155858089,49.99893442622948,49.99893442622948
147960,0.012000000000000002,0.17451149240811686,0.05143492417199165,0.13260409696278558,0.17451149240811686,0.054329820917801884,49.99893442622948,49.998934426229425
148020,0.012,0.17445956979010419,0.051433927134731036,0.13257074455301032,0.17445956979010419,0.05432566646555779,49.99893442622948,49.998934426229425
148080,0.012,0.17440769936879938,0.051432931136419224,0.13253742382161687,0.17440769936879938,0.0543215181895716,49.99893442622948,49.998934426229425
148140,0.012,0.1743558810635489,0.051431936175607075,0.13250413472176883,0.1743558810635489,0.054317376077594265,49.99893442622948,49.998934426229425
148200,0.012,0.17430411479386432,0.05143094225084796,0.13247087720672227,0.17430411479386432,0.05431324011740737,49.99893442622948,49.998934426229425
148260,0.012,0.17425240047942145,0.051429949360697835,0.13243765122982562,0.17425240047942145,0.05430911029682257,49.99893442622948,49.998934426229425
148320,0.012,0.17420073804006042,0.05142895750371517,0.1324044567445192,0.17420073804006042,0.05430498660368141,49.99893442622948,49.99893442622948
148380,0.012,0.17414912739578464,0.05142796667846098,0.13237129370433529,0.17414912739578464,0.05430086902585524,49.99893442622948,49.99893442622948
148440,0.012,0.17409756846676117,0.05142697688349882,0.1323381620628976,0.17409756846676117,0.054296757551245196,49.99893442622948,49.99893442622948
148500,0.012,0.17404606117331947,0.05142598811739474,0.1323050617739214,0.17404606117331947,0.05429265216778209,49.99893442622948,49.99893442622948
148560,0.012,0.17399460543595158,0.05142500037871731,0.1322719927912129,0.17399460543595158,0.054288552863426265,49.99893442622948,49.998934426229425
148620,0.012,0.17394320117531153,0.05142401366603767,0.13223895506866934,0.17394320117531153,0.05428445962616758,49.99893442622948,49.99893442622948
148680,0.012,0.17389184831221502,0.05142302797792938,0.13220594856027867,0.17389184831221502,0.0542803724440253,49.99893442622948,49.998934426229425
148740,0.012,0.17384054676763877,0.05142204331296857,0.13217297322011923,0.17384054676763877,0.05427629130504799,49.99893442622948,49.99893442622948
148800,0.012,0.17378929646272037,0.05142105966973383,0.1321400290023597,0.17378929646272037,0.05427221619731344,49.99893442622948,49.99893442622948
148860,0.012,0.17373809732711043,0.05142007705215492,0.13210711570685427,0.17373809732711043,0.05426814702213653,49.99893442622948,49.99893442622948
148920,0.012,0.17368694927455608,0.05141909545336741,0.1320742334436267,0.17368694927455608,0.05426408381429238,49.99893442622948,49.99893442622948
148980,0.012,0.17363585222675101,0.051418114871956265,0.1320413821673561,0.17363585222675101,0.05426002656781226,49.99893442622948,49.99893442622948
149040,0.012,0.1735848061054165,0.05141713530650902,0.13200856183277435,0.1735848061054165,0.05425597527609744,49.99893442622948,49.99893442622948
149100,0.012,0.1735338108323909,0.05141615675561581,0.13197577239467037,0.1735338108323909,0.0542519299319879,49.99893442622948,49.998934426229425
149160,0.012,0.17348286617332617,0.05141517921826398,0.1319430138098193,0.17348286617332617,0.0542478905292034,49.99893442622948,49.998934426229425
149220,0.012,0.17343197225513415,0.05141420269265762,0.13191028603118118,0.17343197225513415,0.054243857058449474,49.99893442622948,49.99893442622948
149280,0.012,0.17338112898227803,0.051413227177394195,0.131877589013734,0.17338112898227803,0.05423982951117925,49.99893442622948,49.99893442622948
149340,0.012,0.17333033626708658,0.05141225267107378,0.13184492271252468,0.17333033626708658,0.054235807878503704,49.99893442622948,49.99893442622948
149400,0.012,0.17327959402616844,0.05141127917229897,0.13181228708267087,0.17327959402616844,0.05423179215123063,49.99893442622948,49.998934426229425
149460,0.012,0.17322890217856368,0.0514103066796749,0.13177968207936305,0.17322890217856368,0.05422778231989984,49.99893442622948,49.998934426229425
149520,0.012,0.17317826064477182,0.05140933519180926,0.13174710765786593,0.17317826064477182,0.0542237783748146,49.99893442622948,49.998934426229425
149580,0.012,0.17312766934622817,0.05140836470731225,0.13171456377352017,0.17312766934622817,0.054219780306070026,49.99893442622948,49.99893442622948
149640,0.011999999999999999,0.17307712820501225,0.05140739522479656,0.13168205038174327,0.17307712820501225,0.054215788103578764,49.99893442622948,49.998934426229425
149700,0.012,0.17302663714367975,0.05140642674287741,0.13164956743803127,0.17302663714367975,0.05421180175709174,49.99893442622948,49.998934426229425
149760,0.012000000000000002,0.1729761960851608,0.05140545926017249,0.13161711489795885,0.1729761960851608,0.05420782125622337,49.99893442622948,49.998934426229425
149820,0.012,0.17292580495269633,0.05140449277530199,0.13158469271718107,0.17292580495269633,0.05420384659046274,49.99893442622948,49.998934426229425
149880,0.012,0.17287546366979545,0.05140352728688859,0.1315523008514334,0.17287546366979545,0.05419987774919774,49.99893442622948,49.99893442622948
149940,0.012,0.17282517216020696,0.051402562793557406,0.13151993925653285,0.17282517216020696,0.054195914721723734,49.99893442622948,49.998934426229425
150000,0.012,0.17277493034789926,0.05140159929393603,0.13148760788837802,0.17277493034789926,0.05419195749725961,49.99893442622948,49.99893442622948
150060,0.012,0.17272473815704478,0.05140063678665452,0.13145530670295,0.17272473815704478,0.05418800606495897,49.99893442622948,49.99893442622948
150120,0.012,0.17267459551200912,0.051399675270345335,0.13142303565631244,0.17267459551200912,0.05418406041392066,49.99893442622948,49.998934426229425
150180,0.012,0.172624502337343,0.05139871474364343,0.13139079470461199,0.172624502337343,0.054180120533198234,49.99893442622948,49.998934426229425
150240,0.012,0.1725744585577747,0.05139775520518613,0.13135858380407847,0.1725744585577747,0.0541761864118084,49.99893442622948,49.998934426229425
150300,0.012,0.17252446409820565,0.05139679665361321,0.13132640291102524,0.17252446409820565,0.05417225803873858,49.99893442622948,49.998934426229425
150360,0.012,0.17247451888370594,0.051395839087566834,0.13129425198184905,0.17247451888370594,0.05416833540295362,49.99893442622948,49.998934426229425
150420,0.012,0.17242462283951104,0.05139488250569158,0.13126213097303038,0.17242462283951104,0.05416441849340181,49.99893442622948,49.998934426229425
150480,0.012,0.1723747758910186,0.05139392690663445,0.13123003984113352,0.1723747758910186,0.05416050729902032,49.99893442622948,49.99893442622948
150540,0.012,0.1723249779637868,0.05139297228904481,0.13119797854280643,0.1723249779637868,0.05415660180873989,49.99893442622948,49.99893442622948
150600,0.012,0.1722752289835318,0.051392018651574375,0.13116594703478088,0.1722752289835318,0.05415270201148913,49.99893442622948,49.99893442622948
150660,0.012,0.17222552887612624,0.0513910659928773,0.13113394527387243,0.17222552887612624,0.0541488078961983,49.99893442622948,49.998934426229425
150720,0.012,0.17217587756759797,0.051390114311610065,0.13110197321698028,0.17217587756759797,0.05414491945180273,49.99893442622948,49.99893442622948
150780,0.012,0.17212627498412844,0.05138916360643152,0.13107003082108734,0.17212627498412844,0.0541410366672457,49.99893442622948,49.99893442622948
150840,0.012,0.17207672105205182,0.051388213876002856,0.13103811804326007,0.17207672105205182,0.054137159531481197,49.99893442622948,49.99893442622948
150900,0.012,0.17202721569785384,0.05138726511898764,0.13100623484064833,0.17202721569785384,0.0541332880334762,49.99893442622948,49.99893442622948
150960,0.012,0.17197775884817101,0.05138631733405176,0.13097438117048538,0.17197775884817101,0.054129422162212754,49.99893442622948,49.99893442622948
151020,0.012,0.1719283504297899,0.05138537051986342,0.13094255699008764,0.1719283504297899,0.054125561906689774,49.99893442622948,49.998934426229425
151080,0.012,0.1718789903696458,0.05138442467509318,0.1309107622568547,0.1718789903696458,0.054121707255924745,49.99893442622948,49.998934426229425
151140,0.012,0.17182967859482284,0.05138347979841391,0.13087899692826893,0.17182967859482284,0.05411785819895497,49.99893442622948,49.998934426229425
151200,0.012,0.17178041503255279,0.051382535888500794,0.13084726096189556,0.17178041503255279,0.05411401472483898,49.99893442622948,49.998934426229425
151260,0.012,0.17173119961021446,0.051381592944031315,0.13081555431538242,0.17173119961021446,0.05411017682265746,49.99893442622948,49.99893442622948
151320,0.012,0.1716820322553335,0.05138065096368527,0.13078387694645968,0.1716820322553335,0.054106344481514294,49.99893442622948,49.99893442622948
151380,0.012,0.17163291289558139,0.05137970994614474,0.13075222881293988,0.17163291289558139,0.054102517690537276,49.99893442622948,49.998934426229425
151440,0.011999999999999999,0.1715838414587752,0.0513787698900941,0.1307206098727174,0.1715838414587752,0.05409869643887929,49.99893442622948,49.99893442622948
151500,0.012,0.17153481787287697,0.051377830794220015,0.13068902008376884,0.17153481787287697,0.054094880715716845,49.99893442622948,49.998934426229425
151560,0.012000000000000002,0.17148584206599338,0.05137689265721141,0.13065745940415213,0.17148584206599338,0.05409107051025526,49.99893442622948,49.99893442622948
151620,0.012,0.1714369139663751,0.051375955477759486,0.13062592779200682,0.1714369139663751,0.05408726581172219,49.99893442622948,49.99893442622948
151680,0.012,0.17138803350241627,0.0513750192545577,0.13059442520555373,0.17138803350241627,0.05408346660937551,49.99893442622948,49.99893442622948
151740,0.012,0.1713392006026546,0.05137408398630179,0.1305629516030948,0.1713392006026546,0.05407967289249774,49.99893442622948,49.998934426229425
151800,0.012,0.17129041519577004,0.05137314967168974,0.13053150694301285,0.17129041519577004,0.05407588465039904,49.99893442622948,49.998934426229425
151860,0.012,0.1712416772105853,0.05137221630942176,0.13050009118377132,0.1712416772105853,0.05407210187241685,49.99893442622948,49.99893442622948
151920,0.012,0.17119298657606477,0.05137128389820032,0.13046870428391413,0.17119298657606477,0.054068324547916054,49.99893442622948,49.998934426229425
151980,0.012,0.17114434322131442,0.05137035243673013,0.13043734620206549,0.17114434322131442,0.05406455266628902,49.99893442622948,49.99893442622948
152040,0.012,0.1710957470755812,0.051369421923718114,0.13040601689692968,0.1710957470755812,0.05406078621695574,49.99893442622948,49.998934426229425
152100,0.012,0.17104719806825316,0.05136849235787345,0.13037471632729083,0.17104719806825316,0.05405702518936385,49.99893442622948,49.998934426229425
152160,0.012,0.1709986961288583,0.0513675637379075,0.13034344445201268,0.1709986961288583,0.05405326957298863,49.99893442622948,49.99893442622948
152220,0.012,0.17095024118706484,0.05136663606253386,0.1303122012300385,0.17095024118706484,0.05404951935733304,49.99893442622948,49.99893442622948
152280,0.012,0.1709018331726804,0.05136570933046834,0.13028098662039067,0.1709018331726804,0.05404577453192762,49.99893442622948,49.998934426229425
152340,0.012,0.17085347201565207,0.05136478354042894,0.13024980058217067,0.17085347201565207,0.054042035086330514,49.99893442622948,49.99893442622948
152400,0.012,0.17080515764606571,0.051363858691135855,0.13021864307455883,0.17080515764606571,0.05403830101012742,49.99893442622948,49.99893442622948
152460,0.012,0.17075688999414543,0.05136293478131149,0.13018751405681406,0.17075688999414543,0.054034572292931446,49.99893442622948,49.99893442622948
152520,0.012,0.170708668990254,0.051362011809680426,0.13015641348827367,0.170708668990254,0.054030848924383076,49.99893442622948,49.998934426229425
152580,0.012,0.1706604945648915,0.05136108977496942,0.13012534132835324,0.1706604945648915,0.054027130894150045,49.99893442622948,49.99893442622937
152640,0.012,0.17061236664869564,0.051360168675907425,0.13009429753654625,0.17061236664869564,0.054023418191927304,49.99893442622948,49.998934426229425
152700,0.012,0.17056428517244124,0.05135924851122556,0.13006328207242412,0.17056428517244124,0.05401971080743683,49.99893442622948,49.998934426229425
152760,0.012,0.17051625006703985,0.051358329279657104,0.13003229489563572,0.17051625006703985,0.054016008730427535,49.99893442622948,49.998934426229425
152820,0.012,0.1704682612635393,0.05135741097993751,0.1300013359659075,0.1704682612635393,0.0540123119506752,49.99893442622948,49.998934426229425
152880,0.012,0.17042031869312366,0.05135649361080439,0.1299704052430429,0.17042031869312366,0.05400862045798226,49.99893442622948,49.998934426229425
152940,0.012,0.1703724222871126,0.05135557717099748,0.12993950268692256,0.1703724222871126,0.05400493424217774,49.99893442622948,49.998934426229425
153000,0.012,0.170324571976961,0.051354661659258685,0.12990862825750382,0.170324571976961,0.05400125329311711,49.99893442622948,49.998934426229425
153060,0.012,0.17027676769425915,0.05135374707433209,0.12987778191482063,0.17027676769425915,0.053997577600682176,49.99893442622948,49.998934426229425
153120,0.012,0.17022900937073168,0.05135283341496386,0.1298469636189834,0.17022900937073168,0.05399390715478091,49.99893442622948,49.998934426229425
153180,0.012,0.17018129693823786,0.051351920679902296,0.12981617333017864,0.17018129693823786,0.05399024194534733,49.99893442622948,49.99893442622948
153240,0.011999999999999999,0.17013363032877066,0.051351008867897875,0.129785411008669,0.17013363032877066,0.05398658196234175,49.99893442622948,49.998934426229425
153300,0.012,0.17008600947445707,0.05135009797770316,0.12975467661479304,0.17008600947445707,0.05398292719574869,49.99893442622948,49.99893442622948
153360,0.012000000000000002,0.17003843430755722,0.05134918800807284,0.12972397010896458,0.17003843430755722,0.0539792776355813,49.99893442622948,49.998934426229425
153420,0.012,0.16999090476046436,0.051348278957763734,0.12969329145167335,0.16999090476046436,0.05397563327187452,49.99893442622948,49.99893442622948
153480,0.012,0.1699434207657046,0.051347370825534755,0.129662640603484,0.1699434207657046,0.0539719940946922,49.99893442622948,49.99893442622948
153540,0.012,0.1698959822559362,0.05134646361014692,0.12963201752503642,0.1698959822559362,0.05396836009412134,49.99893442622948,49.99893442622948
153600,0.012,0.1698485891639496,0.051345557310363346,0.12960142217704526,0.1698485891639496,0.053964731260274595,49.99893442622948,49.99893442622948
153660,0.012,0.16980124142266695,0.05134465192494928,0.12957085452029996,0.16980124142266695,0.05396110758328963,49.99893442622948,49.99893442622948
153720,0.012,0.16975393896514174,0.05134374745267202,0.1295403145156643,0.16975393896514174,0.05395748905332903,49.99893442622948,49.99893442622948
153780,0.012,0.1697066817245588,0.05134284389230097,0.12950980212407662,0.1697066817245588,0.053953875660580075,49.99893442622948,49.998934426229425
153840,0.012,0.16965946963423348,0.05134194124260762,0.12947931730654913,0.16965946963423348,0.05395026739525467,49.99893442622948,49.998934426229425
153900,0.012,0.16961230262761173,0.0513410395023655,0.12944886002416814,0.16961230262761173,0.053946664247589246,49.99893442622948,49.998934426229425
153960,0.012,0.16956518063826956,0.051340138670350276,0.12941843023809366,0.16956518063826956,0.05394306620784465,49.99893442622948,49.998934426229425
154020,0.012,0.16951810359991284,0.051339238745339646,0.12938802790955928,0.16951810359991284,0.053939473266305944,49.99893442622948,49.998934426229425
154080,0.012,0.169471071446377,0.051338339726113374,0.12935765299987204,0.169471071446377,0.05393588541328237,49.99893442622948,49.99893442622948
154140,0.012,0.16942408411162652,0.0513374416114533,0.1293273054704121,0.16942408411162652,0.053932302639107185,49.99893442622948,49.99893442622948
154200,0.012,0.1693771415297549,0.05133654440014331,0.12929698528263273,0.1693771415297549,0.053928724934137605,49.99893442622948,49.99893442622948
154260,0.012,0.16933024363498425,0.05133564809096935,0.12926669239806005,0.16933024363498425,0.053925152288754614,49.99893442622948,49.99893442622948
154320,0.012,0.16928339036166482,0.05133475268271939,0.12923642677829278,0.16928339036166482,0.05392158469336293,49.99893442622948,49.998934426229425
154380,0.012,0.16923658164427474,0.05133385817418349,0.12920618838500222,0.16923658164427474,0.05391802213839086,49.99893442622948,49.99893442622948
154440,0.012,0.16918981741742004,0.05133296456415371,0.12917597717993196,0.16918981741742004,0.0539144646142902,49.99893442622948,49.998934426229425
154500,0.012,0.16914309761583377,0.05133207185142416,0.12914579312489774,0.16914309761583377,0.05391091211153612,49.99893442622948,49.99893442622948
154560,0.012,0.16909642217437634,0.051331180034790966,0.12911563618178729,0.16909642217437634,0.05390736462062711,49.99893442622948,49.99893442622948
154620,0.012,0.16904979102803455,0.0513302891130523,0.12908550631256002,0.16904979102803455,0.053903822132084805,49.99893442622948,49.99893442622948
154680,0.012,0.16900320411192188,0.05132939908500835,0.12905540347924718,0.16900320411192188,0.053900284636453945,49.99893442622948,49.99893442622948
154740,0.012,0.16895666136127768,0.05132850994946132,0.1290253276439513,0.16895666136127768,0.05389675212430224,49.99893442622948,49.99893442622948
154800,0.012,0.16891016271146742,0.05132762170521545,0.12899527876884617,0.16891016271146742,0.05389322458622032,49.99893442622948,49.99893442622948
154860,0.012,0.16886370809798174,0.051326734351076965,0.12896525681617677,0.16886370809798174,0.053889702012821575,49.99893442622948,49.998934426229425
154920,0.012,0.1688172974564367,0.05132584788585408,0.128935261748259,0.1688172974564367,0.0538861843947421,49.99893442622948,49.998934426229425
154980,0.012,0.1687709307225732,0.05132496230835705,0.1289052935274795,0.1687709307225732,0.05388267172264063,49.99893442622948,49.99893442622948
155040,0.011999999999999999,0.16872460783225682,0.05132407761739811,0.12887535211629547,0.16872460783225682,0.05387916398719872,49.99893442622948,49.99893442622948
155100,0.012,0.16867832872147714,0.051323193811791484,0.12884543747723468,0.16867832872147714,0.05387566117911892,49.99893442622948,49.99893442622948
155160,0.012000000000000002,0.1686320933263481,0.051322310890353405,0.12881554957289493,0.1686320933263481,0.05387216328912895,49.99893442622948,49.998934426229425
155220,0.012,0.16858590158310727,0.05132142885190207,0.12878568836594423,0.16858590158310727,0.05386867030797512,49.99893442622948,49.998934426229425
155280,0.012,0.16853975342811553,0.05132054769525768,0.12875585381912052,0.16853975342811553,0.05386518222642945,49.99893442622948,49.998934426229425
155340,0.012,0.16849364879785694,0.05131966741924239,0.12872604589523146,0.16849364879785694,0.05386169903528389,49.99893442622948,49.998934426229425
155400,0.012,0.1684475876289384,0.05131878802268034,0.12869626455715438,0.1684475876289384,0.05385822072535299,49.99893442622948,49.99893442622948
155460,0.012,0.16840156985808935,0.05131790950439764,0.12866650976783583,0.16840156985808935,0.053854747287473186,49.99893442622948,49.99893442622948
155520,0.012,0.16835559542216133,0.05131703186322236,0.12863678149029184,0.16835559542216133,0.053851278712502754,49.99893442622948,49.998934426229425
155580,0.012,0.168309664258128,0.05131615509798454,0.1286070796876074,0.168309664258128,0.05384781499132175,49.99893442622948,49.99893442622948
155640,0.012,0.1682637763030845,0.05131527920751617,0.1285774043229365,0.1682637763030845,0.05384435611483193,49.99893442622948,49.998934426229425
155700,0.012,0.1682179314942475,0.05131440419065121,0.1285477553595018,0.1682179314942475,0.053840902073956615,49.99893442622948,49.99893442622948
155760,0.012,0.16817212976895485,0.05131353004622554,0.12851813276059465,0.16817212976895485,0.05383745285964067,49.99893442622948,49.99893442622948
155820,0.012,0.16812637106466474,0.05131265677307701,0.12848853648957484,0.16812637106466474,0.05383400846285041,49.99893442622948,49.998934426229425
155880,0.012,0.1680806553189564,0.0513117843700454,0.1284589665098704,0.1680806553189564,0.05383056887457354,49.99893442622948,49.99893442622948
155940,0.012,0.16803498246952886,0.051310912835972444,0.1284294227849775,0.16803498246952886,0.053827134085819045,49.99893442622948,49.998934426229425
156000,0.012,0.16798935245420124,0.05131004216970178,0.12839990527846024,0.16798935245420124,0.053823704087617164,49.99893442622948,49.99893442622948
156060,0.012,0.1679437652109123,0.051309172370079016,0.12837041395395057,0.1679437652109123,0.05382027887101929,49.99893442622948,49.99893442622948
156120,0.012,0.16789822067772034,0.05130830343595166,0.128340948775148,0.16789822067772034,0.05381685842709791,49.99893442622948,49.998934426229425
156180,0.012,0.16785271879280234,0.05130743536616914,0.12831150970581967,0.16785271879280234,0.05381344274694646,49.99893442622948,49.99893442622948
156240,0.012,0.1678072594944542,0.05130656815958284,0.12828209670979984,0.1678072594944542,0.053810031821679434,49.99893442622948,49.998934426229425
156300,0.012,0.16776184272109063,0.05130570181504599,0.1282527097509901,0.16776184272109063,0.0538066256424321,49.99893442622948,49.99893442622948
156360,0.012,0.1677164684112443,0.051304836331413806,0.12822334879335895,0.1677164684112443,0.0538032242003606,49.99893442622948,49.998934426229425
156420,0.012,0.16767113650356583,0.051303971707543375,0.12819401380094186,0.16767113650356583,0.05379982748664176,49.99893442622948,49.998934426229425
156480,0.012,0.16762584693682345,0.05130310794229365,0.1281647047378408,0.16762584693682345,0.05379643549247314,49.99893442622948,49.998934426229425
156540,0.012,0.16758059964990307,0.051302245034525566,0.1281354215682245,0.16758059964990307,0.05379304820907283,49.99893442622948,49.99893442622948
156600,0.012,0.16753539458180747,0.051301382983101884,0.1281061642563279,0.16753539458180747,0.05378966562767954,49.99893442622948,49.998934426229425
156660,0.012,0.1674902316716563,0.0513005217868873,0.12807693276645232,0.1674902316716563,0.05378628773955238,49.99893442622948,49.99893442622948
156720,0.012,0.16744511085868585,0.05129966144474837,0.128047727062965,0.16744511085868585,0.05378291453597091,49.99893442622948,49.99893442622948
156780,0.012,0.16740003208224855,0.05129880195555357,0.1280185471102992,0.16740003208224855,0.053779546008235,49.99893442622948,49.99893442622948
156840,0.011999999999999999,0.16735499528181294,0.05129794331817321,0.12798939287295397,0.16735499528181294,0.053776182147665205,49.99893442622948,49.99893442622948
156900,0.012,0.16731000039696328,0.05129708553147951,0.1279602643154939,0.16731000039696328,0.05377282294560075,49.99893442622948,49.99893442622948
156960,0.012000000000000002,0.1672650473673994,0.05129622859434656,0.1279311614025491,0.1672650473673994,0.05376946839340388,49.99893442622948,49.998934426229425
157020,0.012,0.16722013613293607,0.0512953725056503,0.12790208409881498,0.16722013613293607,0.05376611848245331,49.99893442622948,49.998934426229425
157080,0.012,0.16717526663350316,0.05129451726426858,0.1278730323690521,0.16717526663350316,0.05376277320415123,49.99893442622948,49.99893442622948
157140,0.012,0.16713043880914516,0.05129366286908106,0.12784400617808603,0.16713043880914516,0.05375943254991771,49.99893442622948,49.99893442622948
157200,0.012,0.16708565260002084,0.05129280931896929,0.1278150054908072,0.16708565260002084,0.05375609651119331,49.99893442622948,49.99893442622948
157260,0.012,0.1670409079464033,0.05129195661281666,0.12778603027217078,0.1670409079464033,0.0537527650794384,49.99893442622948,49.99893442622948
157320,0.012,0.16699620478867924,0.05129110474950842,0.1277570804871965,0.16699620478867924,0.05374943824613312,49.99893442622948,49.99893442622948
157380,0.012,0.16695154306734908,0.051290253727931674,0.12772815610096847,0.16695154306734908,0.05374611600277738,49.99893442622948,49.998934426229425
157440,0.012,0.1669069227230264,0.051289403546975344,0.12769925707863503,0.1669069227230264,0.05374279834089072,49.99893442622948,49.998934426229425
157500,0.012,0.16686234369643801,0.051288554205530225,0.12767038338540873,0.16686234369643801,0.05373948525201228,49.99893442622948,49.998934426229425
157560,0.012,0.1668178059284234,0.05128770570248893,0.12764153498656602,0.1668178059284234,0.05373617672770079,49.99893442622948,49.998934426229425
157620,0.012,0.16677330935993437,0.05128685803674591,0.12761271184744719,0.16677330935993437,0.05373287275953442,49.99893442622948,49.998934426229425
157680,0.012,0.16672885393203518,0.051286011207197446,0.12758391393345625,0.16672885393203518,0.053729573339110825,49.99893442622948,49.99893442622948
157740,0.012,0.1666844395859023,0.05128516521274164,0.12755514121006065,0.1666844395859023,0.053726278458047,49.99893442622948,49.99893442622954
157800,0.012,0.1666400662628234,0.05128432005227841,0.12752639364279125,0.1666400662628234,0.05372298810797925,49.99893442622948,49.99893442622948
157860,0.012,0.1665957339041979,0.051283475724709524,0.1274976711972422,0.1665957339041979,0.05371970228056319,49.99893442622948,49.998934426229425
157920,0.012,0.16655144245153639,0.05128263222893852,0.12746897383907071,0.16655144245153639,0.053716420967473574,49.99893442622948,49.998934426229425
157980,0.012,0.16650719184646035,0.051281789563870785,0.12744030153399688,0.16650719184646035,0.05371314416040436,49.99893442622948,49.99893442622948
158040,0.012,0.1664629820307019,0.0512809477284135,0.12741165424780365,0.1664629820307019,0.05370987185106856,49.99893442622948,49.99893442622948
158100,0.012,0.16641881294610367,0.051280106721475635,0.1273830319463367,0.16641881294610367,0.05370660403119825,49.99893442622948,49.998934426229425
158160,0.012,0.16637468453461846,0.051279266541967995,0.12735443459550413,0.16637468453461846,0.05370334069254448,49.99893442622948,49.998934426229425
158220,0.012,0.1663305967383088,0.05127842718880315,0.1273258621612764,0.1663305967383088,0.05370008182687722,49.99893442622948,49.99893442622948
158280,0.012,0.16628654949934701,0.05127758866089548,0.12729731460968627,0.16628654949934701,0.05369682742598533,49.99893442622948,49.998934426229425
158340,0.012,0.16624254276001466,0.05127675095716116,0.12726879190682852,0.16624254276001466,0.05369357748167647,49.99893442622948,49.99893442622948
158400,0.012,0.16619857646270272,0.05127591407651813,0.12724029401885992,0.16619857646270272,0.05369033198577706,49.99893442622948,49.99893442622948
158460,0.012,0.1661546505499107,0.05127507801788613,0.12721182091199906,0.1661546505499107,0.05368709093013223,49.99893442622948,49.998934426229425
158520,0.012,0.16611076496424682,0.05127424278018669,0.12718337255252615,0.16611076496424682,0.053683854306605806,49.99893442622948,49.99893442622948
158580,0.012,0.16606691964842796,0.05127340836234308,0.12715494890678292,0.16606691964842796,0.053680622107080175,49.99893442622948,49.99893442622948
158640,0.011999999999999999,0.16602311454527877,0.05127257476328037,0.12712654994117248,0.16602311454527877,0.05367739432345665,49.99893442622948,49.99893442622948
158700,0.012,0.16597934959773172,0.05127174198192541,0.1270981756221593,0.16597934959773172,0.053674170947653546,49.99893442622948,49.99893442622948
158760,0.012000000000000002,0.16593562474882725,0.051270910017206794,0.12706982591626875,0.16593562474882725,0.05367095197161043,49.99893442622948,49.99893442622948
158820,0.012,0.16589193994171286,0.05127007886805488,0.1270415007900873,0.16589193994171286,0.053667737387281735,49.99893442622948,49.99893442622948
158880,0.012,0.16584829511964325,0.0512692485334018,0.12701320021026224,0.16584829511964325,0.05366452718664359,49.99893442622948,49.998934426229425
158940,0.012,0.16580469022598,0.05126841901218142,0.12698492414350152,0.16580469022598,0.053661321361688406,49.99893442622948,49.998934426229425
159000,0.012,0.16576112520419128,0.05126759030332937,0.1269566725565736,0.16576112520419128,0.05365811990442731,49.99893442622948,49.99893442622948
159060,0.012,0.16571759999785152,0.05126676240578303,0.1269284454163075,0.16571759999785152,0.053654922806889695,49.99893442622948,49.99893442622948
159120,0.012,0.1656741145506415,0.05126593531848152,0.1269002426895923,0.1656741145506415,0.053651730061123025,49.99893442622948,49.99893442622948
159180,0.012,0.16563066880634772,0.05126510904036569,0.12687206434337733,0.16563066880634772,0.053648541659192875,49.99893442622948,49.998934426229425
159240,0.012,0.16558726270886232,0.051264283570378176,0.126843910344672,0.16558726270886232,0.05364535759318285,49.99893442622948,49.998934426229425
159300,0.012,0.16554389620218277,0.05126345890746329,0.12681578066054544,0.16554389620218277,0.053642177855194526,49.99893442622948,49.998934426229425
159360,0.012,0.16550056923041184,0.0512626350505671,0.1267876752581266,0.16550056923041184,0.05363900243734745,49.99893442622948,49.99893442622948
159420,0.012,0.16545728173775703,0.05126181199863742,0.12675959410460405,0.16545728173775703,0.05363583133177903,49.99893442622948,49.998934426229425
159480,0.012,0.1654140336685305,0.051260989750623744,0.1267315371672257,0.1654140336685305,0.0536326645306445,49.99893442622948,49.99893442622948
159540,0.012,0.16537082496714886,0.051260168305477326,0.12670350441329892,0.16537082496714886,0.053629502026116896,49.99893442622948,49.998934426229425
159600,0.012,0.165327655578133,0.05125934766215113,0.12667549581019022,0.165327655578133,0.053626343810387,49.99893442622948,49.99893442622948
159660,0.012,0.16528452544610742,0.051258527819599824,0.1266475113253251,0.16528452544610742,0.053623189875663266,49.99893442622948,49.99893442622948
159720,0.012,0.1652414345158007,0.0512577087767798,0.12661955092618807,0.1652414345158007,0.05362004021417177,49.99893442622948,49.998934426229425
159780,0.012,0.16519838273204449,0.05125689053264913,0.12659161458032245,0.16519838273204449,0.053616894818156194,49.99893442622948,49.998934426229425
159840,0.012,0.16515537003977385,0.05125607308616765,0.12656370225533017,0.16515537003977385,0.0536137536798778,49.99893442622948,49.998934426229425
159900,0.012,0.16511239638402683,0.051255256436296824,0.12653581391887164,0.16511239638402683,0.053610616791615245,49.99893442622948,49.99893442622948
159960,0.012,0.16506946170994402,0.051254440581999856,0.12650794953866581,0.16506946170994402,0.05360748414566474,49.99893442622948,49.99893442622948
160020,0.012,0.16502656596276882,0.05125362552224166,0.1264801090824898,0.16502656596276882,0.053604355734339824,49.99893442622948,49.99893442622954
160080,0.012,0.1649837090878465,0.05125281125598879,0.12645229251817883,0.1649837090878465,0.0536012315499714,49.99893442622948,49.99893442622948
160140,0.012,0.16494089103062465,0.05125199778220953,0.12642449981362613,0.16494089103062465,0.053598111584907696,49.99893442622948,49.99893442622948
160200,0.012,0.16489811173665242,0.05125118509987382,0.126396730936783,0.16489811173665242,0.053594995831514135,49.99893442622948,49.998934426229425
160260,0.012,0.1648553711515807,0.051250373207953316,0.12636898585565812,0.1648553711515807,0.05359188428217343,49.99893442622948,49.99893442622948
160320,0.012,0.1648126692211615,0.051249562105421316,0.12634126453831815,0.1648126692211615,0.05358877692928539,49.99893442622948,49.99893442622948
160380,0.012,0.16477000589124816,0.05124875179125281,0.12631356695288698,0.16477000589124816,0.053585673765266954,49.99893442622948,49.99893442622948
160440,0.011999999999999999,0.1647273811077946,0.05124794226442445,0.1262858930675459,0.1647273811077946,0.053582574782552475,49.99893442622948,49.99893442622948
160500,0.012,0.1646847948168555,0.051247133523914586,0.1262582428505336,0.1646847948168555,0.0535794799735919,49.99893442622948,49.998934426229425
160560,0.012000000000000002,0.16464224696458593,0.0512463255687032,0.12623061627014567,0.16464224696458593,0.05357638933085482,49.99893442622948,49.99893442622948
160620,0.012,0.16459973749724105,0.05124551839777194,0.1262030132947347,0.16459973749724105,0.053573302846824364,49.99893442622948,49.998934426229425
160680,0.012,0.16455726636117607,0.051244712010104124,0.12617543389271016,0.16455726636117607,0.05357022051400381,49.99893442622948,49.99893442622954
160740,0.012,0.16451483350284568,0.05124390640468473,0.12614787803253832,0.16451483350284568,0.053567142324911284,49.99893442622948,49.99893442622948
160800,0.012,0.1644724388688042,0.051243101580500355,0.12612034568274183,0.1644724388688042,0.05356406827208222,49.99893442622948,49.998934426229425
160860,0.012,0.1644300824057051,0.05124229753653929,0.1260928368119,0.1644300824057051,0.05356099834806881,49.99893442622948,49.99893442622948
160920,0.012,0.164387764060301,0.051241494271791435,0.12606535138864838,0.164387764060301,0.05355793254543991,49.99893442622948,49.99893442622948
160980,0.012,0.1643454837794431,0.051240691785248337,0.1260378893816787,0.1643454837794431,0.05355487085678108,49.99893442622948,49.998934426229425
161040,0.012,0.1643032415100813,0.0512398900759032,0.12601045075973888,0.1643032415100813,0.053551813274694444,49.99893442622948,49.99893442622948
161100,0.012,0.16426103719926385,0.051239089142750854,0.1259830354916327,0.16426103719926385,0.05354875979179872,49.99893442622948,49.998934426229425
161160,0.012,0.16421887079413686,0.05123828898478777,0.12595564354621985,0.16421887079413686,0.05354571040072911,49.99893442622948,49.998934426229425
161220,0.012,0.16417674224194467,0.05123748960101204,0.12592827489241562,0.16417674224194467,0.053542665094137326,49.99893442622948,49.99893442622948
161280,0.012,0.16413465149002895,0.05123669099042339,0.12590092949919102,0.16413465149002895,0.05353962386469151,49.99893442622948,49.998934426229425
161340,0.012,0.16409259848582908,0.05123589315202314,0.1258736073355724,0.16409259848582908,0.05353658670507616,49.99893442622948,49.998934426229425
161400,0.012,0.16405058317688145,0.05123509608481427,0.12584630837064156,0.16405058317688145,0.05353355360799214,49.99893442622948,49.998934426229425
161460,0.012,0.1640086055108195,0.05123429978780135,0.1258190325735354,0.1640086055108195,0.05353052456615661,49.99893442622948,49.99893442622948
161520,0.012,0.1639666654353735,0.051233504259990584,0.125791779913446,0.1639666654353735,0.05352749957230296,49.99893442622948,49.998934426229425
161580,0.012,0.16392476289837019,0.05123270950038975,0.1257645503596204,0.16392476289837019,0.05352447861918083,49.99893442622948,49.998934426229425
161640,0.012,0.16388289784773255,0.0512319155080083,0.12573734388136043,0.16388289784773255,0.05352146169955599,49.99893442622948,49.998934426229425
161700,0.012,0.1638410702314799,0.051231122281857236,0.12571016044802266,0.1638410702314799,0.05351844880621036,49.99893442622948,49.998934426229425
161760,0.012,0.16379927999772725,0.05123032982094916,0.12568300002901833,0.16379927999772725,0.05351543993194194,49.99893442622948,49.998934426229425
161820,0.012,0.16375752709468536,0.051229538124298306,0.1256558625938131,0.16375752709468536,0.05351243506956475,49.99893442622948,49.99893442622948
161880,0.012,0.16371581147066042,0.05122874719092046,0.12562874811192698,0.16371581147066042,0.05350943421190881,49.99893442622948,49.99893442622948
161940,0.012,0.16367413307405385,0.051227957019833036,0.1256016565529343,0.16367413307405385,0.053506437351820105,49.99893442622948,49.99893442622948
162000,0.012,0.163632491853362,0.05122716761005502,0.1255745878864634,0.163632491853362,0.05350344448216054,49.99893442622948,49.998934426229425
162060,0.012,0.16359088775717617,0.05122637896060698,0.12554754208219668,0.16359088775717617,0.053500455595807815,49.99893442622948,49.99893442622948
162120,0.012,0.1635493207341821,0.0512255910705111,0.12552051910987047,0.1635493207341821,0.05349747068565555,49.99893442622948,49.99893442622948
162180,0.012,0.16350779073316002,0.0512248039387911,0.12549351893927474,0.16350779073316002,0.05349448974461309,49.99893442622948,49.99893442622948
162240,0.011999999999999999,0.1634662977029842,0.0512240175644723,0.12546654154025316,0.1634662977029842,0.05349151276560588,49.99893442622948,49.998934426229425
162300,0.012,0.163424841592623,0.05122323194658158,0.1254395868827031,0.163424841592623,0.053488539741573624,49.99893442622948,49.998934426229425
162360,0.012000000000000002,0.16338342235113834,0.0512224470841474,0.125412654936575,0.16338342235113834,0.05348557066547438,49.99893442622948,49.998934426229425
162420,0.012,0.16334203992768576,0.05122166297619978,0.12538574567187283,0.16334203992768576,0.05348260553027843,49.99893442622948,49.99893442622948
162480,0.012,0.163300694271514,0.051220879621770334,0.12535885905865363,0.163300694271514,0.05347964432897483,49.99893442622948,49.99893442622948
162540,0.012,0.16325938533196493,0.0512200970198922,0.1253319950670275,0.16325938533196493,0.0534766870545663,49.99893442622948,49.99893442622948
162600,0.012,0.1632181130584733,0.051219315169600065,0.12530515366715755,0.1632181130584733,0.05347373370007146,49.99893442622948,49.998934426229425
162660,0.012,0.1631768774005668,0.05121853406993021,0.12527833482925965,0.1631768774005668,0.053470784258524445,49.99893442622948,49.998934426229425
162720,0.012,0.163135678307865,0.05121775371992046,0.12525153852360235,0.163135678307865,0.053467838722974795,49.99893442622948,49.99893442622948
162780,0.012,0.16309451573008016,0.05121697411861017,0.12522476472050684,0.16309451573008016,0.05346489708648737,49.99893442622948,49.998934426229425
162840,0.012,0.1630533896170165,0.051216195265040246,0.12519801339034667,0.1630533896170165,0.05346195934214243,49.99893442622948,49.99893442622948
162900,0.012,0.16301229991857002,0.05121541715825316,0.12517128450354795,0.16301229991857002,0.053459025483035445,49.99893442622948,49.998934426229425
162960,0.012,0.16297124658472817,0.05121463979729289,0.12514457803058882,0.16297124658472817,0.053456095502277166,49.99893442622948,49.99893442622948
163020,0.012,0.1629302295655702,0.05121386318120498,0.12511789394199962,0.1629302295655702,0.0534531693929936,49.99893442622948,49.998934426229425
163080,0.012,0.16288924881126635,0.05121308730903648,0.1250912322083628,0.16288924881126635,0.0534502471483258,49.99893442622948,49.99893442622948
163140,0.012,0.1628483042720777,0.051212312179835996,0.12506459280031254,0.1628483042720777,0.053447328761430074,49.99893442622948,49.99893442622948
163200,0.012,0.16280739589835647,0.05121153779265365,0.1250379756885349,0.16280739589835647,0.05344441422547773,49.99893442622948,49.99893442622954
163260,0.012,0.16276652364054509,0.051210764146541105,0.12501138084376753,0.16276652364054509,0.05344150353365516,49.99893442622948,49.998934426229425
163320,0.012,0.16272568744917681,0.05120999124055151,0.12498480823679976,0.16272568744917681,0.05343859667916376,49.99893442622948,49.99893442622948
163380,0.012,0.1626848872748748,0.051209219073739584,0.12495825783847225,0.1626848872748748,0.05343569365521986,49.99893442622948,49.99893442622948
163440,0.012,0.1626441230683522,0.051208447645161526,0.12493172961967704,0.1626441230683522,0.053432794455054784,49.99893442622948,49.998934426229425
163500,0.012,0.16260339478041197,0.051207676953875056,0.12490522355135736,0.16260339478041197,0.05342989907191465,49.99893442622948,49.998934426229425
163560,0.012,0.16256270236194656,0.05120690699893941,0.12487873960450757,0.16256270236194656,0.05342700749906053,49.99893442622948,49.99893442622948
163620,0.012,0.1625220457639382,0.05120613777941533,0.12485227775017298,0.1625220457639382,0.05342411972976822,49.99893442622948,49.99893442622948
163680,0.012,0.16248142493745776,0.05120536929436506,0.12482583795944982,0.16248142493745776,0.05342123575732832,49.99893442622948,49.998934426229425
163740,0.012,0.1624408398336652,0.051204601542852335,0.12479942020348507,0.1624408398336652,0.05341835557504619,49.99893442622948,49.998934426229425
163800,0.012,0.1624002904038096,0.05120383452394242,0.12477302445347634,0.1624002904038096,0.053415479176241835,49.99893442622948,49.99893442622948
163860,0.012,0.16235977659922815,0.051203068236702044,0.12474665068067184,0.16235977659922815,0.05341260655424995,49.99893442622948,49.998934426229425
163920,0.012,0.1623192983713468,0.05120230268019946,0.12472029885637023,0.1623192983713468,0.0534097377024198,49.99893442622948,49.998934426229425
163980,0.012,0.16227885567167932,0.05120153785350438,0.1246939689519204,0.16227885567167932,0.053406872614115315,49.99893442622948,49.99893442622948
164040,0.011999999999999999,0.1622384484518278,0.051200773755688,0.1246676609387215,0.1622384484518278,0.05340401128271521,49.99893442622948,49.998934426229425
164100,0.012,0.1621980766634819,0.05120001038582305,0.12464137478822288,0.1621980766634819,0.05340115370161134,49.99893442622948,49.99893442622948
164160,0.012000000000000002,0.16215774025841895,0.05119924774298369,0.12461511047192371,0.16215774025841895,0.05339829986421268,49.99893442622948,49.99893442622948
164220,0.012,0.16211743918850352,0.051198485826245595,0.12458886796137321,0.16211743918850352,0.05339544976393925,49.99893442622948,49.998934426229425
164280,0.012,0.16207717340568759,0.05119772463468588,0.12456264722817027,0.16207717340568759,0.05339260339422867,49.99893442622948,49.998934426229425
164340,0.012,0.16203694286200998,0.05119696416738316,0.12453644824396351,0.16203694286200998,0.05338976074853102,49.99893442622948,49.99893442622948
164400,0.012,0.1619967475095964,0.05119620442341752,0.12451027098045109,0.1619967475095964,0.05338692182031113,49.99893442622948,49.998934426229425
164460,0.012,0.16195658730065898,0.051195445401870494,0.1244841154093806,0.16195658730065898,0.05338408660304815,49.99893442622948,49.998934426229425
164520,0.012,0.16191646218749647,0.051194687101825107,0.12445798150254905,0.16191646218749647,0.05338125509023546,49.99893442622948,49.99893442622948
164580,0.012,0.16187637212249378,0.05119392952236582,0.12443186923180259,0.16187637212249378,0.05337842727538065,49.99893442622948,49.99893442622948
164640,0.012,0.16183631705812193,0.051193172662578564,0.12440577856903658,0.16183631705812193,0.05337560315200543,49.99893442622948,49.99893442622948
164700,0.012,0.16179629694693753,0.051192416521550724,0.12437970948619541,0.16179629694693753,0.0533727827136457,49.99893442622948,49.99893442622954
164760,0.012,0.16175631174158306,0.051191661098371144,0.1243536619552723,0.16175631174158306,0.0533699659538514,49.99893442622948,49.99893442622948
164820,0.012,0.16171636139478632,0.051190906392130114,0.12432763594830934,0.16171636139478632,0.05336715286618657,49.99893442622948,49.99893442622948
164880,0.012,0.16167644585936047,0.05119015240191937,0.12430163143739736,0.16167644585936047,0.05336434344422924,49.99893442622948,49.998934426229425
164940,0.012,0.16163656508820368,0.05118939912683211,0.12427564839467573,0.16163656508820368,0.05336153768157141,49.99893442622948,49.998934426229425
165000,0.012,0.16159671903429892,0.05118864656596295,0.12424968679233236,0.16159671903429892,0.05335873557181904,49.99893442622948,49.99893442622948
165060,0.012,0.16155690765071407,0.051187894718407956,0.12422374660260355,0.16155690765071407,0.053355937108592016,49.99893442622948,49.99893442622948
165120,0.012,0.1615171308906012,0.05118714358326463,0.12419782779777382,0.1615171308906012,0.05335314228552407,49.99893442622948,49.998934426229425
165180,0.012,0.16147738870719713,0.05118639315963191,0.12417193035017593,0.16147738870719713,0.05335035109626279,49.99893442622948,49.99893442622948
165240,0.012,0.16143768105382222,0.051185643446610155,0.12414605423219072,0.16143768105382222,0.05334756353446954,49.99893442622948,49.998934426229425
165300,0.012,0.1613980078838814,0.05118489444330118,0.12412019941624695,0.1613980078838814,0.05334477959381946,49.99893442622948,49.99893442622948
165360,0.012,0.1613583691508629,0.051184146148808195,0.12409436587482128,0.1613583691508629,0.053341999268001435,49.99893442622948,49.998934426229425
165420,0.012,0.16131876480833862,0.05118339856223584,0.12406855358043822,0.16131876480833862,0.053339222550718025,49.99893442622948,49.99893442622948
165480,0.012,0.16127919480996397,0.051182651682690185,0.12404276250566974,0.16127919480996397,0.05333644943568546,49.99893442622948,49.99893442622948
165540,0.012,0.1612396591094775,0.05118190550927872,0.12401699262313558,0.1612396591094775,0.0533336799166336,49.99893442622948,49.99893442622948
165600,0.012,0.16120015766070056,0.05118116004111034,0.12399124390550278,0.16120015766070056,0.05333091398730585,49.99893442622948,49.99893442622948
165660,0.012,0.16116069041753758,0.05118041527729535,0.12396551632548582,0.16116069041753758,0.053328151641459216,49.99893442622948,49.99893442622948
165720,0.012,0.16112125733397567,0.051179671216945485,0.12393980985584639,0.16112125733397567,0.0533253928728642,49.99893442622948,49.99893442622948
165780,0.012,0.16108185836408406,0.05117892785917384,0.12391412446939334,0.16108185836408406,0.05332263767530478,49.99893442622948,49.99893442622948
165840,0.011999999999999999,0.16104249346201477,0.05117818520309497,0.12388846013898262,0.16104249346201477,0.05331988604257875,49.99893442622948,49.998934426229425
165900,0.012,0.16100316258200137,0.051177443247824805,0.12386281683751707,0.16100316258200137,0.053317137968495874,49.99893442622948,49.99893442622948
165960,0.012000000000000002,0.16096386567835969,0.05117670199248067,0.12383719453794631,0.16096386567835969,0.05331439344688196,49.99893442622948,49.998934426229425
166020,0.012,0.16092460270548709,0.0511759614361813,0.12381159321326682,0.16092460270548709,0.053311652471572796,49.99893442622948,49.99893442622948
166080,0.012,0.16088537361786273,0.05117522157804679,0.12378601283652169,0.16088537361786273,0.05330891503642069,49.99893442622948,49.998934426229425
166140,0.012,0.1608461783700468,0.05117448241719869,0.12376045338080051,0.1608461783700468,0.053306181135289316,49.99893442622948,49.99893442622948
166200,0.012,0.16080701691668106,0.05117374395275987,0.1237349148192394,0.16080701691668106,0.05330345076205605,49.99893442622948,49.99893442622948
166260,0.012,0.16076788921248797,0.051173006183854626,0.12370939712502069,0.16076788921248797,0.053300723910611525,49.99893442622948,49.99893442622948
166320,0.012,0.16072879521227088,0.05117226910960861,0.1236839002713731,0.16072879521227088,0.05329800057485948,49.99893442622948,49.99893442622948
166380,0.012,0.16068973487091387,0.05117153272914889,0.12365842423157135,0.16068973487091387,0.053295280748716846,49.99893442622948,49.998934426229425
166440,0.012,0.16065070814338145,0.05117079704160387,0.12363296897893633,0.16065070814338145,0.053292564426113645,49.99893442622948,49.99893442622948
166500,0.012,0.16061171498471857,0.051170062046103366,0.12360753448683484,0.16061171498471857,0.053289851600992956,49.99893442622948,49.99893442622948
166560,0.012,0.16057275535004997,0.05116932774177855,0.12358212072867943,0.16057275535004997,0.05328714226731093,49.99893442622948,49.998934426229425
166620,0.012,0.16053382919458056,0.051168594127761945,0.12355672767792854,0.16053382919458056,0.0532844364190367,49.99893442622948,49.99893442622948
166680,0.012,0.16049493647359517,0.05116786120318747,0.12353135530808618,0.16049493647359517,0.053281734050152345,49.99893442622948,49.998934426229425
166740,0.012,0.16045607714245777,0.05116712896719039,0.12350600359270197,0.16045607714245777,0.053279035154652946,49.99893442622948,49.998934426229425
166800,0.012,0.16041725115661215,0.05116639741890735,0.1234806725053709,0.16041725115661215,0.053276339726546426,49.99893442622948,49.998934426229425
166860,0.012,0.1603784584715811,0.05116566655747634,0.12345536201973334,0.1603784584715811,0.053273647759853604,49.99893442622948,49.998934426229425
166920,0.012,0.16033969904296663,0.05116493638203671,0.12343007210947503,0.16033969904296663,0.05327095924860814,49.99893442622948,49.99893442622948
166980,0.012,0.16030097282644948,0.05116420689172916,0.12340480274832673,0.16030097282644948,0.053268274186856514,49.99893442622948,49.998934426229425
167040,0.012,0.16026227977778937,0.05116347808569575,0.12337955391006432,0.16026227977778937,0.053265592568657934,49.99893442622948,49.998934426229425
167100,0.012,0.16022361985282413,0.05116274996307989,0.12335432556850869,0.16022361985282413,0.053262914388084406,49.99893442622948,49.99893442622948
167160,0.012,0.16018499300747047,0.05116202252302632,0.12332911769752555,0.16018499300747047,0.05326023963922063,49.99893442622948,49.998934426229425
167220,0.012,0.16014639919772292,0.05116129576468114,0.12330393027102543,0.16014639919772292,0.05325756831616391,49.99893442622948,49.99893442622948
167280,0.012,0.16010783837965423,0.05116056968719178,0.12327876326296353,0.16010783837965423,0.05325490041302429,49.99893442622948,49.99893442622948
167340,0.012,0.1600693105094149,0.05115984428970702,0.12325361664733957,0.1600693105094149,0.05325223592392439,49.99893442622948,49.99893442622948
167400,0.012,0.16003081554323312,0.05115911957137698,0.12322849039819792,0.16003081554323312,0.05324957484299937,49.99893442622948,49.99893442622948
167460,0.012,0.1599923534374148,0.05115839553135311,0.12320338448962721,0.1599923534374148,0.05324691716439701,49.99893442622948,49.99893442622948
167520,0.012,0.15995392414834292,0.05115767216878816,0.12317829889576037,0.15995392414834292,0.053244262882277515,49.99893442622948,49.99893442622948
167580,0.012,0.1599155276324776,0.051156949482836236,0.12315323359077465,0.1599155276324776,0.053241611990813655,49.99893442622948,49.99893442622948
167640,0.011999999999999999,0.15987716384635628,0.05115622747265277,0.12312818854889132,0.15987716384635628,0.053238964484190916,49.99893442622948,49.99893442622948
167700,0.012,0.15983883274659297,0.05115550613739454,0.12310316374437573,0.15983883274659297,0.05323632035660588,49.99893442622948,49.998934426229425
167760,0.012000000000000002,0.15980053428987853,0.051154785476219586,0.12307815915153708,0.15980053428987853,0.05323367960227007,49.99893442622948,49.99893442622948
167820,0.012,0.15976226843298016,0.051154065488287326,0.1230531747447285,0.15976226843298016,0.053231042215404124,49.99893442622948,49.998934426229425
167880,0.012,0.1597240351327415,0.051153346172758456,0.1230282104983468,0.1597240351327415,0.05322840819024408,49.99893442622948,49.998934426229425
167940,0.012,0.15968583434608227,0.05115262752879501,0.12300326638683243,0.15968583434608227,0.05322577752103644,49.99893442622948,49.998934426229425
168000,0.012,0.1596476660299984,0.051151909555560315,0.1229783423846694,0.1596476660299984,0.053223150202040395,49.99893442622948,49.99893442622948
168060,0.012,0.15960953014156137,0.051151192252219015,0.12295343846638525,0.15960953014156137,0.05322052622752741,49.99893442622948,49.99893442622948
168120,0.012,0.15957142663791846,0.051150475617937056,0.12292855460655082,0.15957142663791846,0.053217905591781176,49.99893442622948,49.998934426229425
168180,0.012,0.15953335547629244,0.05114975965188169,0.1229036907797802,0.15953335547629244,0.053215288289097475,49.99893442622948,49.99893442622948
168240,0.012,0.15949531661398142,0.05114904435322147,0.12287884696073074,0.15949531661398142,0.053212674313784306,49.99893442622948,49.99893442622948
168300,0.012,0.15945731000835875,0.05114832972112625,0.12285402312410287,0.15945731000835875,0.053210063660161705,49.99893442622948,49.998934426229425
168360,0.012,0.15941933561687274,0.051147615754767166,0.12282921924463999,0.15941933561687274,0.05320745632256183,49.99893442622948,49.998934426229425
168420,0.012,0.1593813933970465,0.051146902453316684,0.12280443529712845,0.1593813933970465,0.05320485229532888,49.99893442622948,49.998934426229425
168480,0.012,0.15934348330647788,0.05114618981594852,0.12277967125639735,0.15934348330647788,0.05320225157281907,49.99893442622948,49.99893442622948
168540,0.012,0.15930560530283927,0.05114547784183769,0.12275492709731865,0.15930560530283927,0.05319965414940057,49.99893442622948,49.998934426229425
168600,0.012,0.1592677593438773,0.051144766530160514,0.12273020279480679,0.1592677593438773,0.05319706001945351,49.99893442622948,49.99893442622948
168660,0.012,0.15922994538741297,0.05114405588009457,0.12270549832381888,0.15922994538741297,0.05319446917736998,49.99893442622948,49.99893442622954
168720,0.012,0.15919216339134118,0.05114334589081875,0.12268081365935446,0.15919216339134118,0.053191881617553935,49.99893442622948,49.998934426229425
168780,0.012,0.15915441331363075,0.05114263656151321,0.12265614877645542,0.15915441331363075,0.05318929733442121,49.99893442622948,49.99893442622948
168840,0.012,0.15911669511232415,0.051141927891359365,0.12263150365020595,0.15911669511232415,0.05318671632239944,49.99893442622948,49.99893442622948
168900,0.012,0.1590790087455376,0.05114121987953992,0.12260687825573242,0.1590790087455376,0.05318413857592813,49.99893442622948,49.998934426229425
168960,0.012,0.15904135417146054,0.05114051252523886,0.12258227256820328,0.15904135417146054,0.05318156408945847,49.99893442622948,49.99893442622948
169020,0.012,0.15900373134835571,0.05113980582764142,0.12255768656282907,0.15900373134835571,0.053178992857453485,49.99893442622948,49.99893442622948
169080,0.012,0.1589661402345588,0.051139099785934124,0.12253312021486215,0.1589661402345588,0.05317642487438782,49.99893442622948,49.99893442622948
169140,0.012,0.15892858078847877,0.051138394399304746,0.12250857349959682,0.15892858078847877,0.053173860134747904,49.99893442622948,49.998934426229425
169200,0.012,0.15889105296859687,0.051137689666942335,0.12248404639236905,0.15889105296859687,0.05317129863303174,49.99893442622948,49.99893442622948
169260,0.012,0.1588535567334673,0.051136985588037184,0.12245953886855648,0.1588535567334673,0.053168740363748995,49.99893442622948,49.99893442622948
169320,0.012,0.15881609204171662,0.05113628216178084,0.1224350509035784,0.15881609204171662,0.05316618532142094,49.99893442622948,49.99893442622948
169380,0.012,0.1587786588520435,0.05113557938736612,0.12241058247289548,0.1587786588520435,0.053163633500580385,49.99893442622948,49.99893442622954
169440,0.011999999999999999,0.15874125712321885,0.05113487726398711,0.12238613355200981,0.15874125712321885,0.05316108489577203,49.99893442622948,49.99893442622948
169500,0.012,0.15870388681408581,0.05113417579083912,0.12236170411646491,0.15870388681408581,0.05315853950155075,49.99893442622948,49.99893442622948
169560,0.012000000000000002,0.15866654788355897,0.05113347496711872,0.12233729414184533,0.15866654788355897,0.05315599731248538,49.99893442622948,49.99893442622954
169620,0.012,0.15862924029062478,0.0511327747920237,0.12231290360377695,0.15862924029062478,0.05315345832315304,49.99893442622948,49.998934426229425
169680,0.012,0.15859196399434097,0.051132075264753135,0.12228853247792651,0.15859196399434097,0.053150922528145295,49.99893442622948,49.99893442622948
169740,0.012,0.15855471895383713,0.05113137638450731,0.1222641807400019,0.15855471895383713,0.05314838992206336,49.99893442622948,49.99893442622948
169800,0.012,0.15851750512831347,0.05113067815048777,0.12223984836575172,0.15851750512831347,0.05314586049952016,49.99893442622948,49.998934426229425
169860,0.012,0.1584803224770417,0.05112998056189728,0.12221553533096548,0.1584803224770417,0.05314333425514006,49.99893442622948,49.998934426229425
169920,0.012,0.15844317095936417,0.051129283617939836,0.12219124161147338,0.15844317095936417,0.0531408111835587,49.99893442622948,49.998934426229425
169980,0.012,0.15840605053469395,0.05112858731782069,0.12216696718314621,0.15840605053469395,0.05313829127942298,49.99893442622948,49.998934426229425
170040,0.012,0.15836896116251484,0.051127891660746314,0.12214271202189529,0.15836896116251484,0.05313577453739106,49.99893442622948,49.99893442622954
170100,0.012,0.158331902802381,0.05112719664592438,0.12211847610367246,0.158331902802381,0.053133260952132354,49.99893442622948,49.998934426229425
170160,0.012,0.1582948754139169,0.05112650227256384,0.12209425940446982,0.1582948754139169,0.053130750518327455,49.99893442622948,49.998934426229425
170220,0.012,0.15825787895681712,0.051125808539874806,0.12207006190031984,0.15825787895681712,0.053128243230668115,49.99893442622948,49.99893442622948
170280,0.012,0.15822091339084632,0.05112511544706865,0.12204588356729516,0.15822091339084632,0.05312573908385722,49.99893442622948,49.99893442622948
170340,0.012,0.1581839786758388,0.05112442299335798,0.1220217243815085,0.1581839786758388,0.05312323807260877,49.99893442622948,49.99893442622948
170400,0.012,0.15814707477169876,0.05112373117795657,0.12199758431911273,0.15814707477169876,0.05312074019164788,49.99893442622948,49.99893442622948
170460,0.012,0.15811020163839978,0.05112304000007944,0.12197346335630051,0.15811020163839978,0.0531182454357107,49.99893442622948,49.99893442622948
170520,0.012,0.15807335923598478,0.05112234945894281,0.12194936146930445,0.15807335923598478,0.05311575379954437,49.99893442622948,49.998934426229425
170580,0.012,0.15803654752456617,0.051121659553764104,0.12192527863439694,0.15803654752456617,0.05311326527790713,49.99893442622948,49.99893442622948
170640,0.012,0.15799976646432518,0.051120970283761974,0.12190121482789003,0.15799976646432518,0.05311077986556807,49.99893442622948,49.998934426229425
170700,0.012,0.15796301601551213,0.051120281648156254,0.12187717002613543,0.15796301601551213,0.05310829755730735,49.99893442622948,49.99893442622954
170760,0.012,0.15792629613844603,0.051119593646167985,0.12185314420552437,0.15792629613844603,0.05310581834791594,49.99893442622948,49.99893442622948
170820,0.012,0.15788960679351455,0.051118906277019406,0.12182913734248747,0.15788960679351455,0.05310334223219577,49.99893442622948,49.99893442622948
170880,0.012,0.15785294794117385,0.05111821953993399,0.12180514941349482,0.15785294794117385,0.05310086920495959,49.99893442622948,49.998934426229425
170940,0.012,0.15781631954194852,0.05111753343413637,0.1217811803950557,0.15781631954194852,0.05309839926103107,49.99893442622948,49.998934426229425
171000,0.012,0.1577797215564314,0.051116847958852366,0.12175723026371865,0.1577797215564314,0.05309593239524459,49.99893442622948,49.99893442622948
171060,0.012,0.15774315394528313,0.051116163113309,0.12173329899607133,0.15774315394528313,0.053093468602445355,49.99893442622948,49.99893442622948
171120,0.012,0.15770661666923239,0.05111547889673449,0.12170938656874042,0.15770661666923239,0.05309100787748936,49.99893442622948,49.99893442622948
171180,0.012,0.1576701096890757,0.05111479530835823,0.12168549295839157,0.1576701096890757,0.053088550215243266,49.99893442622948,49.998934426229425
171240,0.011999999999999999,0.15763363296567723,0.05111411234741082,0.12166161814172921,0.15763363296567723,0.053086095610584805,49.99893442622948,49.99893442622948
171300,0.012,0.1575971864599684,0.05111343001312403,0.12163776209549684,0.1575971864599684,0.05308364405840104,49.99893442622948,49.99893442622948
171360,0.012000000000000002,0.1575607701329482,0.05111274830473079,0.12161392479647638,0.1575607701329482,0.05308119555359218,49.99893442622948,49.99893442622948
171420,0.012,0.15752438394568263,0.051112067221465225,0.12159010622148853,0.15752438394568263,0.0530787500910659,49.99893442622948,49.998934426229425
171480,0.012,0.15748802785930488,0.05111138676256265,0.12156630634739249,0.15748802785930488,0.0530763076657435,49.99893442622948,49.998934426229425
171540,0.012,0.1574517018350149,0.051110706927259525,0.12154252515108604,0.1574517018350149,0.05307386827255504,49.99893442622948,49.99893442622948
171600,0.012,0.1574154058340795,0.051110027714793504,0.12151876260950523,0.1574154058340795,0.05307143190644153,49.99893442622948,49.99893442622948
171660,0.012,0.15737913981783205,0.05110934912440341,0.12149501869962448,0.15737913981783205,0.05306899856235459,49.99893442622948,49.99893442622948
171720,0.012,0.15734290374767246,0.0511086711553292,0.12147129339845646,0.15734290374767246,0.0530665682352563,49.99893442622948,49.99893442622948
171780,0.012,0.15730669758506682,0.05110799380681205,0.12144758668305197,0.15730669758506682,0.05306414092011919,49.99893442622948,49.99893442622948
171840,0.012,0.15727052129154762,0.05110731707809425,0.12142389853049997,0.15727052129154762,0.053061716611926255,49.99893442622948,49.99893442622948
171900,0.012,0.15723437482871325,0.05110664096841928,0.12140022891792727,0.15723437482871325,0.05305929530567087,49.99893442622948,49.998934426229425
171960,0.012,0.15719825815822797,0.05110596547703176,0.12137657782249875,0.15719825815822797,0.053056876996356826,49.99893442622948,49.998934426229425
172020,0.012,0.15716217124182208,0.05110529060317748,0.12135294522141703,0.15716217124182208,0.0530544616789983,49.99893442622948,49.99893442622948
172080,0.012,0.15712611404129115,0.05110461634610339,0.12132933109192257,0.15712611404129115,0.053052049348619734,49.99893442622948,49.99893442622948
172140,0.012,0.1570900865184965,0.05110394270505757,0.12130573541129348,0.1570900865184965,0.05304964000025596,49.99893442622948,49.998934426229425
172200,0.012,0.15705408863536474,0.05110326967928927,0.12128215815684545,0.15705408863536474,0.05304723362895204,49.99893442622948,49.998934426229425
172260,0.012,0.1570181203538875,0.05110259726804887,0.12125859930593182,0.1570181203538875,0.05304483022976336,49.99893442622948,49.99893442622948
172320,0.012,0.15698218163612168,0.0511019254705879,0.12123505883594321,0.15698218163612168,0.05304242979775547,49.99893442622948,49.99893442622948
172380,0.012,0.15694627244418913,0.05110125428615905,0.12121153672430773,0.15694627244418913,0.05304003232800417,49.99893442622948,49.99893442622948
172440,0.012,0.15691039274027646,0.051100583714016136,0.12118803294849077,0.15691039274027646,0.053037637815595444,49.99893442622948,49.99893442622948
172500,0.012,0.1568745424866349,0.05109991375341413,0.12116454748599498,0.1568745424866349,0.05303524625562544,49.99893442622948,49.998934426229425
172560,0.012,0.15683872164558016,0.0510992444036091,0.12114108031436006,0.15683872164558016,0.053032857643200426,49.99893442622948,49.998934426229425
172620,0.012,0.1568029301794924,0.051098575663858316,0.12111763141116286,0.1568029301794924,0.053030471973436785,49.99893442622948,49.998934426229425
172680,0.012,0.15676716805081617,0.051097907533420105,0.12109420075401721,0.15676716805081617,0.053028089241460984,49.99893442622948,49.998934426229425
172740,0.012,0.1567314352220598,0.05109724001155398,0.12107078832057384,0.1567314352220598,0.05302570944240958,49.99893442622948,49.998934426229425
172800,0.012,0.1566957316557958,0.05109657309752056,0.1210473940885203,0.1566957316557958,0.05302333257142912,49.99893442622948,49.99893442622948
172860,0.012,0.1566600573146606,0.0510959067905816,0.12102401803558097,0.1566600573146606,0.053020958623676194,49.99893442622948,49.99893442622948
172920,0.012,0.1566244121613542,0.051095241089999965,0.1210006601395169,0.1566244121613542,0.05301858759431736,49.99893442622948,49.998934426229425
172980,0.012,0.15658879615864021,0.05109457599503967,0.1209773203781257,0.15658879615864021,0.053016219478529164,49.99893442622948,49.99893442622948
173040,0.011999999999999999,0.15655320926934566,0.05109391150496582,0.12095399872924152,0.15655320926934566,0.05301385427149838,49.99893442622948,49.998934426229425
173100,0.012,0.15651765145636087,0.05109324761904466,0.12093069517073518,0.15651765145636087,0.05301149196842039,49.99893442622948,49.99893442622948
173160,0.012000000000000002,0.15648212268263945,0.05109258433654354,0.12090740968051351,0.15648212268263945,0.05300913256450292,49.99893442622948,49.998934426229425
173220,0.012,0.15644662291119793,0.051091921656730925,0.12088414223652003,0.15644662291119793,0.05300677605496048,49.99893442622948,49.99893442622948
173280,0.012,0.1564111521051158,0.05109125957887641,0.12086089281673425,0.1564111521051158,0.05300442243502034,49.99893442622948,49.99893442622948
173340,0.012,0.15637571022753516,0.051090598102250674,0.12083766139917196,0.15637571022753516,0.05300207169991783,49.99893442622948,49.99893442622948
173400,0.012,0.15634029724166099,0.05108993722612552,0.12081444796188504,0.15634029724166099,0.052999723844898566,49.99893442622948,49.99893442622948
173460,0.012,0.15630491311076075,0.051089276949773846,0.12079125248296133,0.15630491311076075,0.05299737886521786,49.99893442622948,49.99893442622948
173520,0.012,0.15626955779816407,0.05108861727246967,0.12076807494052463,0.15626955779816407,0.05299503675614083,49.99893442622948,49.998934426229425
173580,0.012,0.15623423126726294,0.051087958193488076,0.12074491531273471,0.15623423126726294,0.05299269751294231,49.99893442622948,49.99893442622948
173640,0.012,0.15619893348151148,0.05108729971210531,0.12072177357778698,0.15619893348151148,0.052990361130906764,49.99893442622948,49.998934426229425
173700,0.012,0.15616366440442583,0.051086641827598665,0.1206986497139127,0.15616366440442583,0.05298802760532842,49.99893442622948,49.99893442622948
173760,0.012,0.1561284239995839,0.05108598453924655,0.12067554369937872,0.1561284239995839,0.05298569693151108,49.99893442622948,49.998934426229425
173820,0.012,0.15609321223062536,0.05108532784632846,0.12065245551248747,0.15609321223062536,0.05298336910476823,49.99893442622948,49.99893442622948
173880,0.012,0.15605802906125144,0.051084671748124984,0.12062938513157692,0.15605802906125144,0.052981044120422906,49.99893442622948,49.99893442622948
173940,0.012,0.15602287445522495,0.051084016243917806,0.12060633253502044,0.15602287445522495,0.05297872197380777,49.99893442622948,49.99893442622948
174000,0.012,0.15598774837636983,0.05108336133298969,0.12058329770122676,0.15598774837636983,0.05297640266026502,49.99893442622948,49.99893442622948
174060,0.012,0.15595265078857137,0.051082707014624515,0.12056028060863994,0.15595265078857137,0.05297408617514637,49.99893442622948,49.99893442622948
174120,0.012,0.15591758165577588,0.05108205328810719,0.12053728123573922,0.15591758165577588,0.05297177251381308,49.99893442622948,49.99893442622948
174180,0.012,0.15588254094199067,0.05108140015272376,0.12051429956103896,0.15588254094199067,0.05296946167163583,49.99893442622948,49.998934426229425
174240,0.012,0.15584752861128387,0.051080747607761316,0.12049133556308865,0.15584752861128387,0.05296715364399483,49.99893442622948,49.99893442622948
174300,0.012,0.1558125446277842,0.05108009565250803,0.12046838922047276,0.1558125446277842,0.05296484842627973,49.99893442622948,49.998934426229425
174360,0.012,0.15577758895568106,0.05107944428625317,0.12044546051181074,0.15577758895568106,0.05296254601388953,49.99893442622948,49.99893442622948
174420,0.012,0.1557426615592242,0.05107879350828706,0.12042254941575672,0.1557426615592242,0.05296024640223268,49.99893442622948,49.99893442622948
174480,0.012,0.15570776240272383,0.05107814331790111,0.12039965591099988,0.15570776240272383,0.05295794958672698,49.99893442622948,49.99893442622948
174540,0.012,0.15567289145055013,0.05107749371438779,0.12037677997626392,0.15567289145055013,0.052955655562799575,49.99893442622948,49.998934426229425
174600,0.012,0.15563804866713346,0.051076844697040644,0.12035392159030726,0.15563804866713346,0.05295336432588697,49.99893442622948,49.99893442622948
174660,0.012,0.15560323401696408,0.05107619626515426,0.12033108073192292,0.15560323401696408,0.052951075871434924,49.99893442622948,49.998934426229425
174720,0.012,0.15556844746459214,0.051075548418024315,0.12030825737993833,0.15556844746459214,0.0529487901948985,49.99893442622948,49.99893442622948
174780,0.012,0.15553368897462744,0.05107490115494757,0.1202854515132155,0.15553368897462744,0.05294650729174201,49.99893442622948,49.99893442622948
174840,0.011999999999999999,0.15549895851173928,0.05107425447522178,0.12026266311065065,0.15549895851173928,0.05294422715743931,49.99893442622948,49.998934426229425
174900,0.012,0.15546425604065647,0.05107360837814582,0.12023989215117449,0.15546425604065647,0.05294194978747221,49.99893442622948,49.998934426229425
174960,0.012000000000000002,0.15542958152616712,0.0510729628630196,0.12021713861375176,0.15542958152616712,0.052939675177334056,49.99893442622948,49.99893442622948
175020,0.012,0.15539493493311834,0.05107231792914407,0.12019440247738143,0.15539493493311834,0.05293740332252438,49.99893442622948,49.99893442622948
175080,0.012,0.15536031622641663,0.05107167357582125,0.12017168372109661,0.15536031622641663,0.052935134218554766,49.99893442622948,49.99893442622948
175140,0.012,0.1553257253710271,0.05107102980235422,0.12014898232396441,0.1553257253710271,0.052932867860944116,49.99893442622948,49.998934426229425
175200,0.012,0.155291162331974,0.051070386608047094,0.12012629826508582,0.155291162331974,0.05293060424522093,49.99893442622948,49.998934426229425
175260,0.012,0.15525662707434007,0.051069743992205034,0.12010363152359582,0.15525662707434007,0.0529283433669228,49.99893442622948,49.998934426229425
175320,0.012,0.1552221195632667,0.05106910195413424,0.12008098207866309,0.1552221195632667,0.05292608522159632,49.99893442622948,49.99893442622948
175380,0.012,0.15518763976395364,0.05106846049314198,0.12005834990949017,0.15518763976395364,0.052923829804797165,49.99893442622948,49.998934426229425
175440,0.012,0.1551531876416591,0.05106781960853654,0.1200357349953132,0.1551531876416591,0.052921577112090015,49.99893442622948,49.99893442622948
175500,0.012,0.15511876316169937,0.05106717929962725,0.12001313731540192,0.15511876316169937,0.052919327139048546,49.99893442622948,49.99893442622948
175560,0.012,0.1550843662894489,0.051066539565724475,0.11999055684905968,0.1550843662894489,0.05291707988125535,49.99893442622948,49.998934426229425
175620,0.012,0.1550499969903401,0.05106590040613963,0.11996799357562328,0.1550499969903401,0.052914835334302066,49.99893442622948,49.99893442622948
175680,0.012,0.15501565522986327,0.05106526182018517,0.11994544747446284,0.15501565522986327,0.05291259349378916,49.99893442622948,49.99893442622948
175740,0.012,0.1549813409735662,0.05106462380717456,0.11992291852498195,0.1549813409735662,0.05291035435532607,49.99893442622948,49.99893442622948
175800,0.012,0.1549470541870547,0.05106398636642229,0.11990040670661738,0.1549470541870547,0.052908117914531094,49.99893442622948,49.99893442622948
175860,0.012,0.15491279483599174,0.05106334949724388,0.11987791199883913,0.15491279483599174,0.05290588416703139,49.99893442622948,49.998934426229425
175920,0.012,0.15487856288609778,0.05106271319895591,0.1198554343811504,0.15487856288609778,0.05290365310846296,49.99893442622948,49.99893442622948
175980,0.012,0.15484435830315052,0.05106207747087595,0.11983297383308732,0.15484435830315052,0.05290142473447063,49.99893442622948,49.99893442622948
176040,0.012,0.15481018105298475,0.05106144231232259,0.11981053033421915,0.15481018105298475,0.052899199040708014,49.99893442622948,49.99893442622948
176100,0.012,0.15477603110149235,0.05106080772261547,0.11978810386414802,0.15477603110149235,0.0528969760228375,49.99893442622948,49.998934426229425
176160,0.012,0.15474190841462193,0.05106017370107524,0.11976569440250899,0.15474190841462193,0.05289475567653023,49.99893442622948,49.99893442622948
176220,0.012,0.15470781295837907,0.05105954024702354,0.11974330192896988,0.15470781295837907,0.05289253799746612,49.99893442622948,49.99893442622948
176280,0.012,0.15467374469882594,0.05105890735978306,0.11972092642323122,0.15467374469882594,0.052890322981333754,49.99893442622948,49.99893442622948
176340,0.012,0.15463970360208115,0.05105827503867747,0.11969856786502628,0.15463970360208115,0.05288811062383041,49.99893442622948,49.99893442622948
176400,0.012,0.15460568963431998,0.0510576432830315,0.11967622623412087,0.15460568963431998,0.05288590092066207,49.99893442622948,49.998934426229425
176460,0.012,0.15457170276177365,0.05105701209217085,0.11965390151031345,0.15457170276177365,0.05288369386754333,49.99893442622948,49.99893442622948
176520,0.012,0.15453774295072986,0.05105638146542222,0.11963159367343483,0.15453774295072986,0.05288148946019746,49.99893442622948,49.99893442622948
176580,0.012,0.15450381016753242,0.05105575140211335,0.1196093027033483,0.15450381016753242,0.052879287694356306,49.99893442622948,49.99893442622948
176640,0.011999999999999999,0.15446990437858088,0.05105512190157298,0.11958702857994948,0.15446990437858088,0.05287708856576059,49.99893442622948,49.99893442622948
176700,0.012,0.15443602555033076,0.051054492963130804,0.11956477128316634,0.15443602555033076,0.05287489207015838,49.99893442622948,49.99893442622948
176760,0.012000000000000002,0.15440217364929323,0.05105386458611757,0.11954253079295893,0.15440217364929323,0.05287269820330864,49.99893442622948,49.998934426229425
176820,0.012,0.1543683486420352,0.051053236769865014,0.11952030708931953,0.1543683486420352,0.05287050696097589,49.99893442622948,49.998934426229425
176880,0.012,0.154334550495179,0.05105260951370586,0.11949810015227254,0.154334550495179,0.05286831833893596,49.99893442622948,49.99893442622948
176940,0.012,0.1543007791754023,0.051051982816973845,0.11947590996187431,0.1543007791754023,0.052866132332971515,49.99893442622948,49.99893442622948
177000,0.012,0.15426703464943814,0.051051356679003665,0.11945373649821321,0.15426703464943814,0.052863948938874084,49.99893442622948,49.998934426229425
177060,0.012,0.1542333168840747,0.051050731099131025,0.11943157974140951,0.1542333168840747,0.052861768152443644,49.99893442622948,49.99893442622948
177120,0.012,0.15419962584615515,0.05105010607669262,0.11940943967161521,0.15419962584615515,0.05285958996948864,49.99893442622948,49.99893442622948
177180,0.012,0.15416596150257753,0.051049481611026154,0.11938731626901421,0.15416596150257753,0.052857414385825856,49.99893442622948,49.99893442622948
177240,0.012,0.1541323238202949,0.05104885770147028,0.11936520951382205,0.1541323238202949,0.05285524139728053,49.99893442622948,49.99893442622948
177300,0.012,0.15409871276631498,0.05104823434736466,0.11934311938628593,0.15409871276631498,0.05285307099968622,49.99893442622948,49.998934426229425
177360,0.012,0.15406512830769975,0.05104761154804994,0.11932104586668457,0.15406512830769975,0.05285090318888483,49.99893442622948,49.99893442622948
177420,0.012,0.1540315704115663,0.051046989302867725,0.11929898893532831,0.1540315704115663,0.0528487379607266,49.99893442622948,49.998934426229425
177480,0.012,0.15399803904508536,0.05104636761116061,0.11927694857255886,0.15399803904508536,0.05284657531107011,49.99893442622948,49.99893442622948
177540,0.012,0.1539645341754825,0.051045746472272176,0.11925492475874933,0.1539645341754825,0.05284441523578217,49.99893442622948,49.99893442622948
177600,0.012,0.1539310557700371,0.051045125885547,0.1192329174743042,0.1539310557700371,0.05284225773073784,49.99893442622948,49.99893442622948
177660,0.012,0.15389760379608275,0.05104450585033059,0.11921092669965916,0.15389760379608275,0.05284010279182051,49.99893442622948,49.99893442622948
177720,0.012,0.15386417822100693,0.051043886365969425,0.11918895241528117,0.15386417822100693,0.052837950414921724,49.99893442622948,49.998934426229425
177780,0.012,0.15383077901225078,0.051043267431811,0.11916699460166826,0.15383077901225078,0.05283580059594127,49.99893442622948,49.998934426229425
177840,0.012,0.15379740613730936,0.05104264904720373,0.11914505323934954,0.15379740613730936,0.05283365333078709,49.99893442622948,49.998934426229425
177900,0.012,0.15376405956373118,0.05104203121149703,0.11912312830888519,0.15376405956373118,0.05283150861537535,49.99893442622948,49.99893442622948
177960,0.012,0.15373073925911834,0.05104141392404127,0.11910121979086634,0.15373073925911834,0.052829366445630285,49.99893442622948,49.998934426229425
178020,0.012,0.15369744519112627,0.05104079718418779,0.11907932766591499,0.15369744519112627,0.052827226817484335,49.99893442622948,49.998934426229425
178080,0.012,0.15366417732746357,0.05104018099128886,0.11905745191468395,0.15366417732746357,0.052825089726878,49.99893442622948,49.998934426229425
178140,0.012,0.15363093563589209,0.051039565344697745,0.11903559251785684,0.15363093563589209,0.05282295516975987,49.99893442622948,49.99893442622948
178200,0.012,0.15359772008422673,0.05103895024376866,0.11901374945614794,0.15359772008422673,0.05282082314208666,49.99893442622948,49.998934426229425
178260,0.012,0.1535645306403354,0.05103833568785677,0.11899192271030228,0.1535645306403354,0.05281869363982307,49.99893442622948,49.998934426229425
178320,0.012,0.1535313672721386,0.05103772167631821,0.11897011226109534,0.1535313672721386,0.05281656665894186,49.99893442622948,49.998934426229425
178380,0.012,0.15349822994760978,0.05103710820851005,0.11894831808933323,0.15349822994760978,0.05281444219542382,49.99893442622948,49.99893442622948
178440,0.011999999999999999,0.15346511863477497,0.05103649528379029,0.11892654017585245,0.15346511863477497,0.052812320245258,49.99893442622948,49.99893442622948
178500,0.012,0.15343203330171257,0.051035882901517955,0.11890477850152005,0.15343203330171257,0.052810200804440224,49.99893442622948,49.99893442622948
178560,0.012000000000000002,0.15339897391655355,0.05103527106105294,0.11888303304723324,0.15339897391655355,0.05280808386897655,49.99893442622948,49.99893442622948
178620,0.012,0.15336594044748114,0.051034659761756127,0.11886130379391961,0.15336594044748114,0.05280596943487809,49.99893442622948,49.998934426229425
178680,0.012,0.15333293286273064,0.05103404900298932,0.118839590722537,0.15333293286273064,0.05280385749816663,49.99893442622948,49.998934426229425
178740,0.012,0.15329995113058953,0.05103343878411531,0.11881789381407334,0.15329995113058953,0.05280174805487021,49.99893442622948,49.99893442622948
178800,0.012,0.15326699521939727,0.05103282910449777,0.11879621304954677,0.15326699521939727,0.052799641101025155,49.99893442622948,49.99893442622948
178860,0.012,0.15323406509754517,0.05103221996350136,0.11877454841000534,0.15323406509754517,0.05279753663267568,49.99893442622948,49.99893442622948
178920,0.012,0.15320116073347623,0.05103161136049165,0.11875289987652721,0.15320116073347623,0.05279543464587381,49.99893442622948,49.99893442622948
178980,0.012,0.15316828209568528,0.051031003294835155,0.11873126743022037,0.15316828209568528,0.05279333513667942,49.99893442622948,49.998934426229425
179040,0.012,0.15313542915271855,0.05103039576589931,0.11870965105222282,0.15313542915271855,0.05279123810116023,49.99893442622948,49.998934426229425
179100,0.012,0.15310260187317382,0.051029788773052524,0.11868805072370221,0.15310260187317382,0.05278914353539166,49.99893442622948,49.998934426229425
179160,0.012,0.15306980022570005,0.05102918231566408,0.118666466425856,0.15306980022570005,0.052787051435456964,49.99893442622948,49.998934426229425
179220,0.012,0.15303702417899767,0.05102857639310424,0.11864489813991141,0.15303702417899767,0.052784961797447134,49.99893442622948,49.99893442622948
179280,0.012,0.15300427370181816,0.05102797100474419,0.11862334584712521,0.15300427370181816,0.052782874617460875,49.99893442622948,49.99893442622948
179340,0.012,0.15297154876296384,0.051027366149956004,0.11860180952878374,0.15297154876296384,0.05278078989160467,49.99893442622948,49.99893442622948
179400,0.012,0.1529388493312882,0.051026761828112714,0.11858028916620295,0.1529388493312882,0.05277870761599261,49.99893442622948,49.99893442622948
179460,0.012,0.15290617537569554,0.05102615803858825,0.11855878474072812,0.15290617537569554,0.052776627786746536,49.99893442622948,49.99893442622948
179520,0.012,0.15287352686514083,0.0510255547807575,0.11853729623373406,0.15287352686514083,0.052774550399995915,49.99893442622948,49.99893442622948
179580,0.012,0.15284090376862952,0.051024952053996236,0.11851582362662483,0.15284090376862952,0.05277247545187787,49.99893442622948,49.998934426229425
179640,0.012,0.15280830605521778,0.051024349857681166,0.11849436690083384,0.15280830605521778,0.052770402938537124,49.99893442622948,49.998934426229425
179700,0.012,0.15277573369401218,0.05102374819118991,0.11847292603782364,0.15277573369401218,0.052768332856126046,49.99893442622948,49.998934426229425
179760,0.012,0.15274318665416958,0.051023147053901007,0.11845150101908604,0.15274318665416958,0.05276626520080455,49.99893442622948,49.99893442622948
179820,0.012,0.1527106649048968,0.0510225464451939,0.11843009182614195,0.1527106649048968,0.05276419996874018,49.99893442622948,49.99893442622948
179880,0.012,0.15267816841545118,0.05102194636444895,0.11840869844054128,0.15267816841545118,0.052762137156107995,49.99893442622948,49.99893442622948
179940,0.012,0.15264569715513984,0.05102134681104743,0.11838732084386296,0.15264569715513984,0.052760076759090564,49.99893442622948,49.99893442622948
180000,0.012,0.1526132510933198,0.051020747784371524,0.11836595901771489,0.1526132510933198,0.05275801877387804,49.99893442622948,49.99893442622948
180060,0.012,0.15258083019939792,0.051020149283804314,0.11834461294373388,0.15258083019939792,0.052755963196668,49.99893442622948,49.99893442622948
180120,0.012,0.1525484344428309,0.05101955130872979,0.11832328260358548,0.1525484344428309,0.052753910023665564,49.99893442622948,49.998934426229425
180180,0.012,0.15251606379312474,0.05101895385853285,0.11830196797896407,0.15251606379312474,0.05275185925108329,49.99893442622948,49.99893442622948
180240,0.011999999999999999,0.1524837182198353,0.05101835693259927,0.11828066905159271,0.1524837182198353,0.05274981087514148,49.99893442622948,49.998934426229425
180300,0.012,0.15245139769256755,0.05101776053031575,0.11825938580322323,0.15245139769256755,0.05274776489206669,49.99893442622948,49.99893442622948
180360,0.012000000000000002,0.15241910218097593,0.0510171646510699,0.11823811821563593,0.15241910218097593,0.05274572129809508,49.99893442622948,49.99893442622948
180420,0.012,0.15238683165476405,0.05101656929425022,0.11821686627063964,0.15238683165476405,0.05274368008946738,49.99893442622948,49.99893442622948
180480,0.012,0.15235458608368468,0.05101597445924608,0.11819562995007185,0.15235458608368468,0.052741641262434455,49.99893442622948,49.998934426229425
180540,0.012,0.15232236543753938,0.05101538014544774,0.11817440923579829,0.15232236543753938,0.05273960481325287,49.99893442622948,49.99893442622948
180600,0.012,0.1522901696861789,0.05101478635224641,0.11815320410971325,0.1522901696861789,0.05273757073818693,49.99893442622948,49.998934426229425
180660,0.012,0.15225799879950272,0.05101419307903414,0.11813201455373916,0.15225799879950272,0.052735539033508326,49.99893442622948,49.99893442622948
180720,0.012,0.15222585274745892,0.051013600325203884,0.11811084054982686,0.15222585274745892,0.052733509695496,49.99893442622948,49.99893442622948
180780,0.012,0.15219373150004434,0.05101300809014948,0.11808968207995539,0.15219373150004434,0.052731482720436214,49.99893442622948,49.998934426229425
180840,0.012,0.1521616350273043,0.05101241637326566,0.11806853912613186,0.1521616350273043,0.0527294581046225,49.99893442622948,49.998934426229425
180900,0.012,0.15212956329933233,0.05101182517394803,0.11804741167039158,0.15212956329933233,0.05272743584435565,49.99893442622948,49.99893442622948
180960,0.012,0.15209751628627066,0.05101123449159309,0.11802629969479785,0.15209751628627066,0.05272541593594369,49.99893442622948,49.99893442622948
181020,0.012,0.1520654939583095,0.051010644325598216,0.11800520318144199,0.1520654939583095,0.05272339837570188,49.99893442622948,49.998934426229425
181080,0.012,0.15203349628568721,0.051010054675361655,0.11798412211244322,0.15203349628568721,0.05272138315995266,49.99893442622948,49.99893442622948
181140,0.012,0.1520015232386903,0.05100946554028255,0.1179630564699487,0.1520015232386903,0.05271937028502572,49.99893442622948,49.998934426229425
181200,0.012,0.151969574787653,0.051008876919760915,0.11794200623613342,0.151969574787653,0.05271735974725785,49.99893442622948,49.99893442622948
181260,0.012,0.1519376509029577,0.051008288813197626,0.1179209713932001,0.1519376509029577,0.05271535154299305,49.99893442622948,49.998934426229425
181320,0.012,0.15190575155503408,0.05100770121999445,0.1178999519233792,0.15190575155503408,0.05271334566858244,49.99893442622948,49.99893442622948
181380,0.012,0.15187387671435995,0.05100711413955401,0.11787894780892885,0.15187387671435995,0.052711342120384266,49.99893442622948,49.998934426229425
181440,0.012,0.15184202635146046,0.051006527571279825,0.11785795903213486,0.15184202635146046,0.052709340894763854,49.99893442622948,49.99893442622948
181500,0.012,0.15181020043690815,0.05100594151457624,0.11783698557531044,0.15181020043690815,0.05270734198809368,49.99893442622948,49.99893442622948
181560,0.012,0.15177839894132306,0.05100535596884852,0.1178160274207965,0.15177839894132306,0.05270534539675324,49.99893442622948,49.99893442622954
181620,0.012,0.15174662183537233,0.05100477093350276,0.11779508455096127,0.15174662183537233,0.05270335111712911,49.99893442622948,49.99893442622948
181680,0.012,0.15171486908977047,0.05100418640794593,0.1177741569482004,0.15171486908977047,0.05270135914561489,49.99893442622948,49.99893442622948
181740,0.012,0.15168314067527894,0.051003602391585856,0.11775324459493694,0.15168314067527894,0.05269936947861125,49.99893442622948,49.998934426229425
181800,0.012,0.15165143656270616,0.051003018883831235,0.1177323474736212,0.15165143656270616,0.05269738211252582,49.99893442622948,49.998934426229425
181860,0.012,0.1516197567229076,0.05100243588409162,0.11771146556673075,0.1516197567229076,0.052695397043773226,49.99893442622948,49.998934426229425
181920,0.012,0.1515881011267854,0.05100185339177742,0.11769059885677029,0.1515881011267854,0.052693414268775086,49.99893442622948,49.99893442622948
181980,0.012,0.1515564697452885,0.05100127140629992,0.11766974732627175,0.1515564697452885,0.05269143378395997,49.99893442622948,49.998934426229425
182040,0.011999999999999999,0.15152486254941236,0.05100068992707121,0.11764891095779402,0.15152486254941236,0.052689455585763684,49.99893442622948,49.998934426229425
182100,0.012,0.1514932795101989,0.051000108953504306,0.11762808973392322,0.1514932795101989,0.052687479670627785,49.99893442622948,49.99893442622948
182160,0.012000000000000002,0.1514617205987367,0.05099952848501301,0.11760728363727219,0.1514617205987367,0.05268550603500295,49.99893442622948,49.998934426229425
182220,0.012,0.15143018578616046,0.05099894852101202,0.11758649265048089,0.15143018578616046,0.05268353467534391,49.99893442622948,49.998934426229425
182280,0.012,0.1513986750436513,0.05099836906091686,0.11756571675621609,0.1513986750436513,0.052681565588115,49.99893442622948,49.99893442622948
182340,0.012,0.15136718834243618,0.05099779010414392,0.11754495593717136,0.15136718834243618,0.05267959876978581,49.99893442622948,49.998934426229425
182400,0.012,0.15133572565378847,0.05099721165011039,0.11752421017606711,0.15133572565378847,0.052677634216833163,49.99893442622948,49.99893442622948
182460,0.012,0.1513042869490274,0.05099663369823438,0.11750347945565037,0.1513042869490274,0.052675671925740734,49.99893442622948,49.99893442622954
182520,0.012,0.1512728721995179,0.05099605624793478,0.11748276375869493,0.1512728721995179,0.05267371189299901,49.99893442622948,49.99893442622948
182580,0.012,0.15124148137667087,0.05099547929863135,0.11746206306800111,0.15124148137667087,0.052671754115105274,49.99893442622948,49.99893442622948
182640,0.012,0.15121011445194293,0.050994902849744686,0.1174413773663959,0.15121011445194293,0.052669798588563604,49.99893442622948,49.99893442622948
182700,0.012,0.1511787713968361,0.05099432690069621,0.1174207066367327,0.1511787713968361,0.05266784530988484,49.99893442622948,49.998934426229425
182760,0.012,0.15114745218289816,0.05099375145090823,0.1174000508618914,0.15114745218289816,0.05266589427558655,49.99893442622948,49.99893442622948
182820,0.012,0.15111615678172208,0.05099317649980382,0.11737941002477834,0.15111615678172208,0.05266394548219307,49.99893442622948,49.998934426229425
182880,0.012,0.15108488516494628,0.050992602046806924,0.11735878410832618,0.15108488516494628,0.05266199892623546,49.99893442622948,49.998934426229425
182940,0.012,0.15105363730425445,0.05099202809134234,0.11733817309549392,0.15105363730425445,0.052660054604251466,49.99893442622948,49.99893442622948
183000,0.012,0.15102241317137538,0.050991454632835664,0.1173175769692668,0.15102241317137538,0.052658112512785536,49.99893442622948,49.998934426229425
183060,0.012,0.15099121273808294,0.050990881670713334,0.11729699571265624,0.15099121273808294,0.05265617264838879,49.99893442622948,49.99893442622948
183120,0.012,0.150960035976196,0.05099030920440261,0.11727642930869986,0.150960035976196,0.05265423500761898,49.99893442622948,49.99893442622948
183180,0.012,0.15092888285757827,0.0509897372333316,0.11725587774046137,0.15092888285757827,0.052652299587040596,49.99893442622948,49.99893442622948
183240,0.012,0.15089775335413813,0.05098916575692922,0.11723534099103053,0.15089775335413813,0.05265036638322464,49.99893442622948,49.998934426229425
183300,0.012,0.15086664743782893,0.050988594774625196,0.11721481904352311,0.15086664743782893,0.0526484353927488,49.99893442622948,49.99893442622948
183360,0.012,0.15083556508064846,0.05098802428585012,0.11719431188108087,0.15083556508064846,0.052646506612197316,49.99893442622948,49.99893442622948
183420,0.012,0.1508045062546391,0.05098745429003537,0.11717381948687142,0.1508045062546391,0.05264458003816107,49.99893442622948,49.99893442622948
183480,0.012,0.15077347093188764,0.05098688478661315,0.11715334184408827,0.15077347093188764,0.05264265566723746,49.99893442622948,49.998934426229425
183540,0.012,0.15074245908452538,0.0509863157750165,0.11713287893595069,0.15074245908452538,0.05264073349603047,49.99893442622948,49.99893442622948
183600,0.012,0.1507114706847275,0.05098574725467925,0.11711243074570377,0.1507114706847275,0.052638813521150594,49.99893442622948,49.998934426229425
183660,0.012,0.15068050570471378,0.05098517922503608,0.11709199725661827,0.15068050570471378,0.052636895739214894,49.99893442622948,49.998934426229425
183720,0.012,0.15064956411674793,0.05098461168552246,0.11707157845199062,0.15064956411674793,0.052634980146846866,49.99893442622948,49.99893442622948
183780,0.012,0.15061864589313753,0.05098404463557467,0.11705117431514285,0.15061864589313753,0.05263306674067657,49.99893442622948,49.99893442622948
183840,0.011999999999999999,0.15058775100623426,0.05098347807462981,0.11703078482942252,0.15058775100623426,0.05263115551734078,49.99893442622948,49.99893442622948
183900,0.012,0.15055687942843357,0.05098291200212579,0.11701040997820279,0.15055687942843357,0.05262924647348162,49.99893442622948,49.998934426229425
183960,0.012000000000000002,0.15052603113217466,0.05098234641750135,0.11699004974488225,0.15052603113217466,0.05262733960574978,49.99893442622948,49.998934426229425
184020,0.012,0.1504952060899404,0.05098178132019599,0.11696970411288479,0.1504952060899404,0.052625434910799664,49.99893442622948,49.99893442622948
184080,0.012,0.1504644042742573,0.05098121670965007,0.11694937306565983,0.1504644042742573,0.05262353238529472,49.99893442622948,49.998934426229425
184140,0.012,0.15043362565769514,0.050980652585304716,0.11692905658668204,0.15043362565769514,0.052621632025903226,49.99893442622948,49.998934426229425
184200,0.012,0.15040287021286727,0.05098008894660186,0.11690875465945134,0.15040287021286727,0.05261973382930025,49.99893442622948,49.99893442622948
184260,0.012,0.15037213791243037,0.05097952579298424,0.11688846726749286,0.15037213791243037,0.052617837792167235,49.99893442622948,49.99893442622948
184320,0.012,0.15034142872908426,0.05097896312389541,0.11686819439435694,0.15034142872908426,0.05261594391119199,49.99893442622948,49.99893442622948
184380,0.012,0.1503107426355719,0.050978400938779714,0.11684793602361909,0.1503107426355719,0.05261405218306866,49.99893442622948,49.99893442622948
184440,0.012,0.1502800796046795,0.0509778392370823,0.11682769213887975,0.1502800796046795,0.05261216260449774,49.99893442622948,49.99893442622948
184500,0.012,0.15024943960923598,0.05097727801824908,0.11680746272376452,0.15024943960923598,0.05261027517218601,49.99893442622948,49.99893442622948
184560,0.012,0.1502188226221134,0.0509767172817268,0.11678724776192395,0.1502188226221134,0.052608389882846586,49.99893442622948,49.99893442622948
184620,0.012,0.15018822861622633,0.05097615702696298,0.11676704723703346,0.15018822861622633,0.05260650673319884,49.99893442622948,49.99893442622948
184680,0.012,0.1501576575645324,0.05097559725340594,0.11674686113279346,0.1501576575645324,0.05260462571996846,49.99893442622948,49.99893442622948
184740,0.012,0.1501271094400317,0.05097503796050478,0.11672668943292912,0.1501271094400317,0.05260274683988735,49.99893442622948,49.998934426229425
184800,0.012,0.15009658421576674,0.05097447914770941,0.11670653212119039,0.15009658421576674,0.05260087008969369,49.99893442622948,49.99893442622948
184860,0.012,0.15006608186482281,0.050973920814470504,0.11668638918135205,0.15006608186482281,0.05259899546613186,49.99893442622948,49.99893442622948
184920,0.012,0.15003560236032742,0.05097336296023955,0.11666626059721347,0.15003560236032742,0.05259712296595248,49.99893442622948,49.99893442622948
184980,0.012,0.1500051456754504,0.05097280558446878,0.11664614635259878,0.1500051456754504,0.05259525258591236,49.99893442622948,49.99893442622948
185040,0.012,0.1499747117834039,0.050972248686611245,0.11662604643135659,0.1499747117834039,0.05259338432277452,49.99893442622948,49.99893442622948
