step_index,old_radius_m,new_radius_m,dt_total_s,sensible_energy_old_J,sensible_energy_new_J,delta_sensible_energy_J,conductive_boundary_heat_J,latent_heat_J,residual_J,relative_residual,linear_storage_delta_last_J,linear_boundary_heat_last_J,linear_solver_relative_residual_last,linear_storage_boundary_balance_relative_last,internal_radial_flux_abs_last_W,internal_axial_flux_abs_last_W,picard_calls
1,0.019753705501618122,0.019753705501618122,300.0,0.0,234.2595966641332,234.2595966641332,234.25959852673674,0.0,-1.862603539848351e-06,7.951023358540275e-09,234.2595966641332,234.25959852673674,2.6312026449795285e-11,7.951023358540275e-09,1.120417956167173,0.02345343767290605,5
2,0.019753705501618122,0.019519190938511326,300.0,234.25959664660388,604.1642701118267,369.9046734652228,378.08753003535026,0.0,-8.182856570127456,0.02164275708686393,378.08752763663,378.08753003535026,2.6684992912152626e-11,6.344351677216456e-09,2.1710059754584656,0.049104040955589415,5
3,0.019519190938511326,0.01929800970873786,300.0,604.1642700545049,1077.0619902589933,472.89772020448845,492.09179364352826,0.0,-19.194073439039812,0.03900506711750616,492.0917894638174,492.09179364352826,4.837316524971924e-11,8.493762567317133e-09,3.119992575904552,0.07308706563715575,5
4,0.01929800970873786,0.019091715210355985,300.0,1077.0619901059495,1635.0399889016514,557.977998795702,589.466516999321,0.0,-31.488518203619037,0.053418671452131535,589.4665136274068,589.466516999321,2.4903958756465617e-11,5.7202811467871804e-09,3.9760684130326833,0.09476394141875169,6
5,0.019091715210355985,0.018901860841423947,300.0,1635.0399888998577,2211.5425950181243,576.5026061182666,620.5080622333955,0.0,-44.005456115128936,0.07091842764579083,620.5080561651736,620.5080622333955,4.5176754995737474e-11,9.779440989691493e-09,4.472012713919094,0.10882413622506332,5
6,0.018901860841423947,0.01873,300.0,2211.542594636087,2822.008227296332,610.4656326602449,664.8443739416934,0.0,-54.37874128144858,0.08179168450964071,664.8443711343907,664.8443739416934,2.256267081891917e-11,4.222496038463927e-09,4.925003810578746,0.1205579736534282,5
7,0.01873,0.018578318897138145,300.0,2822.0082267661205,3409.5102079782064,587.5019812120859,650.0727276173488,0.0,-62.57074640526298,0.09625191728100596,650.0727251793326,650.0727276173488,1.663071067050345e-11,3.750374654600523e-09,5.040400556095203,0.12528049848767284,6
8,0.018578318897138145,0.018443526619709376,300.0,3409.510207959962,3990.5339877433826,581.0237797834207,649.6969040304871,0.0,-68.67312424706643,0.10570024856366551,649.6969014394335,649.6969040304871,1.7787309934844417e-11,3.988095876848674e-09,5.1227551770007365,0.127978134374451,6
9,0.018443526619709376,0.018318960879497432,300.0,3990.5339877200263,4554.243043676155,563.7090559561289,639.0470151550502,0.0,-75.33795919892134,0.11789110568123427,639.0470125118541,639.0470151550502,1.8460165273239284e-11,4.136152838976768e-09,5.120972690542752,0.12847517943472203,6
10,0.018318960879497432,0.01819795938828606,300.0,4554.243043651827,5055.486886210753,501.2438425589262,584.9035709118009,0.0,-83.65972835287471,0.14303165942799478,584.9035661826758,584.9035709118009,4.833302206957499e-11,8.08530722301482e-09,4.856072342912869,0.12347153825469304,5
11,0.01819795938828606,0.018073859857859004,300.0,5055.486885670664,5531.076768591027,475.58988292036247,569.6680341343375,0.0,-94.07815121397505,0.1651455682552653,569.6680295291717,569.6680341343375,4.7300935720263716e-11,8.083946353670143e-09,4.714671374159279,0.11947322838204691,5
12,0.018073859857859004,0.01794,300.0,5531.076768032243,5944.557234613506,413.4804665812626,522.0865116598602,0.0,-108.60604507859762,0.2080230817174502,522.086506862687,522.0865116598602,4.216659862217384e-11,9.188464221421376e-09,4.41884531688896,0.11252887298991679,5
13,0.01794,0.017794147603485837,300.0,5944.557234121419,6294.2790957945,349.72186167308064,474.27185939034587,0.0,-124.54999771726523,0.2626130883611108,474.2718554177225,474.27185939034587,3.578036427030002e-11,8.376257768767775e-09,4.077526440881774,0.10406967641109252,5
14,0.017794147603485837,0.017640997821350764,300.0,6294.279095366854,6576.538856781387,282.2597614145334,419.47980698639094,0.0,-137.22004557185755,0.3271195497053076,419.47980388150273,419.47980698639094,3.082326835702454e-11,7.401758454544314e-09,3.676816761697112,0.09419126025417601,5
15,0.017640997821350764,0.017484279411764708,300.0,6576.538856429475,6811.641311682555,235.10245525307982,381.57481700568127,0.0,-146.47236175260144,0.3838627582973344,381.57481436931823,381.57481700568127,2.9487982951080156e-11,6.90916412179292e-09,3.345795716985005,0.0852711670564755,5
16,0.017484279411764708,0.017327721132897603,300.0,6811.641311367968,7014.0296226267965,202.38831125882825,354.6536708462469,0.0,-152.26535958741863,0.42933535475354007,354.65366844168165,354.6536708462469,3.0159674604883676e-11,6.780037637745571e-09,3.08890886656436,0.07783832521977496,5
17,0.017327721132897603,0.017175051742919386,300.0,7014.02962232987,7154.921506777489,140.8918844476193,295.36779676822187,0.0,-154.47591232060256,0.5229951064767612,295.3677951057049,295.36779676822187,2.664430719624683e-11,5.628633173235386e-09,2.6735996413394867,0.06809165278655635,5
18,0.017175051742919386,0.01703,300.0,7154.92150655333,7267.633100375848,112.7115938225179,264.83512098052165,0.0,-152.12352715800375,0.5744084341789104,264.83511959992734,264.83512098052165,2.5676093123059995e-11,5.213033330090158e-09,2.377992671754445,0.0601306843604842,5
19,0.01703,0.016886403508771932,300.0,7267.633100205168,7362.754013110655,95.12091290548688,249.21682516276383,0.0,-154.09591225727695,0.6183206617636539,249.21682383681326,249.21682516276383,2.670089747381876e-11,5.320469686197099e-09,2.1917614234373297,0.05436585882020902,5
20,0.016886403508771932,0.01673982456140351,300.0,7362.754012935975,7429.321384598439,66.56737166246421,226.11805695502247,0.0,-159.55068529255826,0.7056078910331993,226.11805579966614,226.11805695502247,2.5369916225999358e-11,5.109527055365726e-09,1.9953067739016568,0.04892792646879397,5
21,0.01673982456140351,0.01659657894736842,300.0,7429.321384416902,7460.067503741255,30.74611932435255,189.80313552689697,0.0,-159.05701620254442,0.8380104773348409,189.8031347046172,189.80313552689697,2.0274941532459854e-11,4.332277001994717e-09,1.7259931527881065,0.042550221852619634,5
22,0.01659657894736842,0.016462982456140352,300.0,7460.067503633916,7464.67633258786,4.608828953943885,156.7213020335953,0.0,-152.1124730796514,0.970592198417571,156.72129993713827,156.7213020335953,3.606096852247658e-11,1.3376975540515854e-08,1.4565650519990476,0.03618352505896045,5
23,0.016462982456140352,0.016345350877192983,300.0,7464.676332493804,7475.072147722294,10.395815228490392,149.10388660008635,0.0,-138.70807137159596,0.9302780399254571,149.1038858124391,149.10388660008635,1.5418613304824134e-11,5.282540048214557e-09,1.330318179231052,0.032217586491005146,5
24,0.016345350877192983,0.01625,300.0,7475.072147651254,7475.266163150238,0.19401549898339,119.55021253042759,0.0,-119.3561970314442,0.9983771212541006,119.55020973711895,119.55021253042759,3.8739586012949913e-11,2.3365149918948525e-08,1.1138814700288644,0.027405909244694035,5
25,0.01625,0.016174763278058158,300.0,7475.266163063589,7474.749724428411,-0.5164386351780195,100.8045652317614,0.0,-101.32100386693942,1.005123167130285,100.80456310236693,100.8045652317614,2.688395306866003e-11,2.112398847399586e-08,0.9418552415621437,0.023279489884432014,5
26,0.016174763278058158,0.016110716173996637,300.0,7474.749724348641,7460.813706359466,-13.936017989175525,77.23160276242778,0.0,-91.16762075160331,1.1804445005763267,77.23160069177388,77.23160276242778,2.0837842693339207e-11,2.6810966392684415e-08,0.7510468856037953,0.019050030715695297,5
27,0.016110716173996637,0.016054037490987747,300.0,7460.813706285235,7439.441512678588,-21.37219360664676,62.83515506895181,0.0,-84.20734867559858,1.3401311508373634,62.83515265009388,62.83515506895181,2.9718809325104456e-11,3.84952966070565e-08,0.6098145224670228,0.015628517649290477,5
28,0.016054037490987747,0.016000906032203797,300.0,7439.441512607872,7427.664275382516,-11.777237225355748,68.885453414478,0.0,-80.66269063983374,1.170968421366019,68.8854513669225,68.885453414478,1.910163357096432e-11,2.9724062136564838e-08,0.5998341669140949,0.014397055791588651,5
29,0.016000906032203797,0.01594750060081711,300.0,7427.664275311767,7398.430378768122,-29.233896543644732,51.51008376346432,0.0,-80.74398030710906,1.567537352062706,51.51008171003253,51.51008376346432,3.315925372461513e-11,3.986465644344409e-08,0.48768348889534674,0.012074977544062667,5
30,0.01594750060081711,0.01589,300.0,7398.430378711713,7378.489450700681,-19.940928011032156,64.23111221606746,0.0,-84.17204022709961,1.310455904047757,64.23111015102282,64.23111221606746,1.944265584128038e-11,3.2150223916867057e-08,0.5314544845450074,0.011988938785635183,5
31,0.01589,0.015829462041372047,300.0,7378.489450626419,7339.751906010997,-38.73754461542194,48.0149336592368,0.0,-86.75247827465874,1.8067811754222816,48.01493210931843,48.0149336592368,3.0380146265600395e-11,3.227992324638431e-08,0.44204314380692167,0.01034632755818476,5
32,0.015829462041372047,0.015769152200579287,300.0,7339.75190595047,7277.009504762874,-62.74240118759644,23.37473772421993,0.0,-86.11713891181637,1.3725508951168557,23.37473776980682,23.37473772421993,2.1830294134484293e-11,1.950263192499088e-09,0.27470629870340235,0.007349886985679264,5
33,0.015769152200579287,0.015708560776833712,300.0,7277.009504693081,7219.8705983659365,-57.13890632714447,28.54839981734389,0.0,-85.68730614448836,1.4996315409660135,28.548400740120726,28.54839981734389,2.56719316490944e-11,3.2323241026801524e-08,0.26066022482017925,0.006386459107117889,5
34,0.015708560776833712,0.01564717806934731,300.0,7219.870598317615,7155.509080946354,-64.36151737126147,21.41518938258781,0.0,-85.77670675384928,1.3327328232343705,21.415190555448433,21.41518938258781,2.297872798136763e-11,5.4767694995945515e-08,0.20808085899391698,0.005215357840308837,5
35,0.01564717806934731,0.015584494377332076,300.0,7155.509080886144,7080.103722922615,-75.40535796352924,10.858110892694919,0.0,-86.26346885622416,1.1439965432953263,10.85811139438778,10.858110892694919,2.018216669825224e-11,4.620443125457423e-08,0.12999009793777433,0.003688788961850467,5
36,0.015584494377332076,0.01552,300.0,7080.103722806538,7027.356511730613,-52.7472110759245,34.33420050850876,0.0,-87.08141158443325,1.6509197322127231,34.33420017342492,34.33420050850876,2.7752500087617316e-11,9.759476988648092e-09,0.24815372699247004,0.004961948720511962,5
37,0.01552,0.015451909985935304,300.0,7027.3565116586615,6958.111309902244,-69.24520175641737,20.537227993860213,0.0,-89.78242975027759,1.2965870193591702,20.537229490136784,20.537227993860213,2.8274092415593456e-11,7.285678780614911e-08,0.1909787651998449,0.004229670534147372,5
38,0.015451909985935304,0.015380204781997187,300.0,6958.111309784192,6890.824577150975,-67.28673263321707,24.993022970548108,0.0,-92.27975560376518,1.3714405796278766,24.99302441691731,24.993022970548108,2.923247973750759e-11,5.7870915493613465e-08,0.2068057631569326,0.004251677415202782,5
39,0.015380204781997187,0.015307022784810127,300.0,6890.8245770956655,6796.532383922528,-94.2921931731371,-1.3850648329461799,0.0,-92.90712834019091,0.9853109278049884,-1.3850671577305906,-1.3850648329461799,3.252803320412602e-11,1.678463313335423e-06,0.05532928355259883,0.001973862522085991,5
40,0.015307022784810127,0.015234502390998595,300.0,6796.532383749369,6722.413509875016,-74.11887387435308,17.145756027863914,0.0,-91.264629902217,1.231327799946469,17.145758670138783,17.145756027863914,4.2463134902901024e-11,1.5410661721480068e-07,0.12531236980613647,0.0025386274795026996,5
41,0.015234502390998595,0.01516478199718706,300.0,6722.413509818714,6632.426838823999,-89.9866709947155,-1.9812574934653486,0.0,-88.00541350125015,0.9779827670968992,-1.9812593968605634,-1.9812574934653486,3.3280938599208866e-11,9.606996528527119e-07,0.02804182024686573,0.001153160445689094,5
42,0.01516478199718706,0.0151,300.0,6632.426838651793,6561.907850196311,-70.51898845548203,12.212513954015982,0.0,-82.731502409498,1.1731805038826617,12.2125161146957,12.212513954015982,2.8587764434256222e-11,1.7692338731893507e-07,0.08495709783373157,0.0016607871038539237,5
43,0.0151,0.015040052910052911,300.0,6561.907850093268,6494.798279036628,-67.10957105664056,10.718721703118447,0.0,-77.82829275975901,1.1597197170888163,10.71872341329069,10.718721703118447,2.6157046545548185e-11,1.5954999267184498e-07,0.08756184560266278,0.001725273664397643,5
44,0.015040052910052911,0.014982969312169313,300.0,6494.798278900318,6416.561269029069,-78.23700987124903,-3.5360625273999986,0.0,-74.70094734384904,0.9548031994931923,-3.536064702818582,-3.5360625273999986,4.781919266840887e-11,6.152089303570525e-07,0.017700198636290757,0.0007438114060271395,5
45,0.014982969312169313,0.014928085714285715,300.0,6416.561268830214,6359.564681609761,-56.996587220453875,15.012462046638328,0.0,-72.00904926709221,1.2633922973067226,15.01246383393406,15.012462046638328,2.8974829133436935e-11,1.1905412406848052e-07,0.09609469217201855,0.001572681603690586,5
46,0.014928085714285715,0.014874738624338624,300.0,6359.564681507003,6279.389669937759,-80.1750115692439,-10.03373667662069,0.0,-70.14127489262322,0.8748520707358431,-10.033738761180539,-10.03373667662069,2.3598492445460813e-11,2.0775504513285336e-07,0.04060706876414577,0.0008828830157359941,5
47,0.014874738624338624,0.01482226455026455,300.0,6279.389669684466,6221.797360614885,-57.59230906958055,11.00169714929334,0.0,-68.59400621887389,1.1910271931622252,11.001696471489696,11.00169714929334,2.6945844717707575e-11,6.1609007694397e-08,0.062151068277850566,0.0009389956275378376,5
48,0.01482226455026455,0.01477,300.0,6221.797360501215,6162.833061318288,-58.96429918292688,8.898257445522548,0.0,-67.86255662844943,1.1509092377731345,8.898260297453778,8.898257445522548,3.553264798579425e-11,3.2050436090945475e-07,0.06880322815534934,0.001167391780398787,5
49,0.01477,0.01471742937007088,300.0,6162.833061142339,6093.361859255437,-69.47120188690224,-1.939907285806182,0.0,-67.53129460109605,0.9720760943654851,-1.9399087509282484,-1.939907285806182,3.1262720282961754e-11,7.552530837516193e-07,0.01206356309042903,0.0003837261908184494,5
50,0.01471742937007088,0.014664948587401416,300.0,6093.361859016942,6025.502522539657,-67.85933647728507,-1.094299500378357,0.0,-66.76503697690671,0.9838740023527248,-1.0942999497137182,-1.094299500378357,3.01606496123122e-11,4.1061444008909496e-07,0.006009679617221229,0.00033769884376414936,5
51,0.014664948587401416,0.014613261455525607,300.0,6025.502522323504,5959.310000210943,-66.19252211256116,-0.7485604099319663,0.0,-65.4439617026292,0.9886911635024417,-0.7485614486191297,-0.7485604099319663,2.196200412613837e-11,1.3875776869174479e-06,0.004641225835200759,0.0002733790820386836,5
52,0.014613261455525607,0.014563071777977438,300.0,5959.30999998978,5895.17190938255,-64.13809060722997,-0.559452089233063,0.0,-63.57863851799691,0.9912773816005992,-0.559452877367685,-0.559452089233063,1.620471686581634e-11,1.4087596183575817e-06,0.004205217213443541,0.00020222244801946045,5
53,0.014563071777977438,0.014515083358290905,300.0,5895.171909152512,5833.554100987572,-61.61780816493956,-0.435736112341307,0.0,-61.18207205259825,0.9929284061650664,-0.4357366886989087,-0.435736112341307,1.1664094946820841e-11,1.3227199284534954e-06,0.0036435555201006016,0.00015824845055809235,5
54,0.014515083358290905,0.01447,300.0,5833.554100747391,5774.941004067092,-58.61309668029935,-0.3459418780147201,0.0,-58.26715480228463,0.9940978740655585,-0.345942663873967,-0.3459418780147201,1.5704579077705894e-11,2.2716459372160684e-06,0.0030345951706573495,0.0001292561794477073,5
55,0.01447,0.014428576694619147,300.0,5774.94100381603,5719.858700462488,-55.08230335354256,-0.2771226874037654,0.0,-54.80518066613879,0.994968934294104,-0.27712335834446744,-0.2771226874037654,1.1140610416199552e-11,2.4210903983713135e-06,0.0024873798894397207,0.00010346808288066787,5
56,0.014428576694619147,0.014390195946890285,300.0,5719.858700200117,5667.744885631465,-52.11381456865183,-0.22292765836980016,0.0,-51.890886910282035,0.9957222924436643,-0.222928993074183,-0.22292765836980016,1.9629955839959943e-11,5.9871278492931805e-06,0.0020249853605725367,8.183734526279342e-05,5
57,0.014390195946890285,0.014353502830188677,300.0,5667.744885357252,5617.47736540387,-50.26751995338236,-0.1796739882832559,0.0,-50.087845965099106,0.9964256444628682,-0.17967574190994517,-0.1796739882832559,4.047783261797389e-11,9.759952404459603e-06,0.0016434293472805442,6.42257541370681e-05,5
58,0.014353502830188677,0.014317142417889587,300.0,5617.477365117841,5567.962928522736,-49.51443659510551,-0.14492187914583524,0.0,-49.369514715959674,0.9970731388841015,-0.1449236456537758,-0.14492187914583524,3.200353341757509e-11,1.218923200969622e-05,0.0013316024697978724,5.0132017051431854e-05,5
59,0.014317142417889587,0.014279759783368273,300.0,5567.9629282250135,5518.135219805294,-49.827708419719784,-0.11690385836797759,0.0,-49.71080456135181,0.9976538383546912,-0.11690527019142614,-0.11690385836797759,2.5011942633069924e-11,1.2076645015578754e-05,0.0010777631952477024,3.8974915940814686e-05,5
60,0.014279759783368273,0.01424,300.0,5518.13521949574,5466.953969187849,-51.18125030789088,-0.09427264602705951,0.0,-51.08697766186382,0.9981580628558321,-0.09427382154624417,-0.09427264602705951,1.9859554097531936e-11,1.2469200520135983e-05,0.0008714631492028692,3.0205335230085573e-05,5
61,0.01424,0.014197000000000001,300.0,5466.953968866719,5413.781193773377,-53.17277509334235,-0.07597620812639326,0.0,-53.09679888521596,0.9985711445755272,-0.0759771789563498,-0.07597620812639326,1.5870220641574063e-11,1.2777915288151535e-05,0.0007039364049916392,2.3527930471402842e-05,5
62,0.014197000000000001,0.014151599999999999,300.0,5413.781193440866,5359.289367388275,-54.49182605259102,-0.061185611411173846,0.0,-54.43064044117985,0.9988771598266477,-0.06118637114176386,-0.061185611411173846,1.5983797484215117e-11,1.2416663643196238e-05,0.0005680215638347825,1.883937018589124e-05,5
63,0.014151599999999999,0.014104999999999998,300.0,5359.289367044221,5304.406938643704,-54.8824284005168,-0.049235107337748794,0.0,-54.83319329317905,0.999102898527404,-0.04923573256997007,-0.049235107337748794,1.2721226816890792e-11,1.269874923431988e-05,0.0004578673195535874,1.5022600355470855e-05,5
64,0.014104999999999998,0.0140584,300.0,5304.406938287954,5250.039643465505,-54.36729482244937,-0.039586341487104666,0.0,-54.327708480962265,0.999271872150042,-0.03958614394682171,-0.039586341487104666,2.7201970591101188e-11,4.99011213304474e-06,0.000368696654523863,1.1937991339706328e-05,5
65,0.0140584,0.014013,300.0,5250.039643097478,5197.07056101468,-52.969082082798195,-0.0318028621832991,0.0,-52.9372792206149,0.9993995957465605,-0.03180270293379948,-0.0318028621832991,2.2389333406764062e-11,5.007395205628862e-06,0.00029659770574977037,9.459731132555539e-06,5
66,0.014013,0.01397,300.0,5197.070560614168,5146.360889199052,-50.709671415116645,-0.025530212529535617,0.0,-50.68414120258711,0.999496541550811,-0.025530169504702695,-0.025530212529535617,2.6768336436420857e-11,1.685251655164252e-06,0.00023838195755878137,7.478734319071789e-06,5
67,0.01397,0.01392888775971093,300.0,5146.360888784808,5097.495904955196,-48.86498382961145,-0.020478253407520203,0.0,-48.84450557620393,0.9995809217193456,-0.020477912522345793,-0.020478253407520203,2.5036474056534643e-11,1.6646203542228485e-05,0.0001914159934636371,5.900320333487735e-06,5
68,0.01392888775971093,0.013888529719963866,300.0,5097.495904526756,5049.619178696619,-47.87672583013682,-0.016411324438463586,0.0,-47.860314505698355,0.9996572170683373,-0.01641103608176809,-0.016411324438463586,2.0195207325994465e-11,1.75705925855255e-05,0.00015355155076461713,4.645627555155329e-06,5
69,0.013888529719963866,0.013849193902439024,300.0,5049.619178245376,5002.909540111286,-46.7096381340898,-0.01314031071594015,0.0,-46.69649782337386,0.9997186809566322,-0.013140076895732346,-0.01314031071594015,1.64179932416934e-11,1.7794115592685464e-05,0.0001230564524442423,3.6511534647044507e-06,5
70,0.013849193902439024,0.01381114832881662,300.0,5002.9095396451185,4957.541751657763,-45.36778798735577,-0.010511918543625032,0.0,-45.35727606881214,0.9997682955460258,-0.010511724576406221,-0.010511918543625032,1.3711927561296953e-11,1.8452123464050804e-05,9.852210280308057e-05,2.864981205123019e-06,5
71,0.01381114832881662,0.013774661020776876,300.0,4957.5417511762325,4913.686749919541,-43.85500125669114,-0.008401949405249368,0.0,-43.84659930728589,0.9998084152510663,-0.008401394547730253,-0.008401949405249368,1.7863119990918146e-11,6.603914072226058e-05,7.88067278425691e-05,2.244969520423826e-06,5
72,0.013774661020776876,0.01374,300.0,4913.686749422067,4871.511903260707,-42.17484616135971,-0.006709822361439498,0.0,-42.16813633899827,0.9998409046393254,-0.0067093832142943385,-0.006709822361439498,1.4579161507742517e-11,6.544840109078644e-05,6.297831070670355e-05,1.7569003601067942e-06,5
73,0.01374,0.01370757196220611,300.0,4871.51190274687,4831.279221659448,-40.23268108742195,-0.005354156218376815,0.0,-40.22732693120358,0.99986692022322,-0.005353801518075114,-0.005354156218376815,1.1811759063713357e-11,6.624765644361324e-05,5.028518497723969e-05,1.3734449296848398e-06,5
74,0.01370757196220611,0.013677108327840035,300.0,4831.279221128629,4792.771599392494,-38.50762173613475,-0.004269030078761938,0.0,-38.50335270605599,0.9998891380488774,-0.00426827043010182,-0.004269030078761938,1.7069682905248283e-11,0.0001779440870883866,4.011723856389319e-05,1.072626513527206e-06,5
75,0.013677108327840035,0.013647864205669085,300.0,4792.771598844143,4755.444603229015,-37.326995615128,-0.003400980329116109,0.0,-37.32359463479888,0.9999088868452156,-0.0034003454251915716,-0.003400980329116109,1.4188127358286773e-11,0.0001866826218022994,3.197740311755489e-05,8.36777601552755e-07,5
76,0.013647864205669085,0.01361909470446056,300.0,4755.444602663008,4718.765333329984,-36.67926933302351,-0.002707049075755654,0.0,-36.67656228394776,0.9999261967556885,-0.00270651363650847,-0.002707049075755654,1.2604791725560528e-11,0.00019779443674643855,2.5466155536522026e-05,6.54127646876816e-07,5
77,0.01361909470446056,0.013590054932981762,300.0,4718.765332746238,4682.211809226383,-36.553523519854934,-0.00215270158505222,0.0,-36.55137081826988,0.9999411082331398,-0.002152225022583526,-0.00215270158505222,9.544109857308694e-12,0.00022137878840395727,2.0261138387149404e-05,5.163150203405503e-07,5
78,0.013590054932981762,0.013560000000000001,300.0,4682.211808624923,4645.272679573845,-36.93912905107754,-0.001710294663960811,0.0,-36.937418756413585,0.9999536996483703,-0.0017093555873548155,-0.001710294663960811,1.3747931634351902e-11,0.0005490729906277041,1.610332860207539e-05,4.0685150328689977e-07,5
79,0.013560000000000001,0.013528550693550695,300.0,4645.272678954683,4607.696755837864,-37.57592311681947,-0.0013573238439675572,0.0,-37.5745657929755,0.9999638778310316,-0.0013565794580225924,-0.0013573238439675572,1.0978001968821768e-11,0.000548421769994771,1.27854879831787e-05,3.2004087075388905e-07,5
80,0.013528550693550695,0.013496221078221076,300.0,4607.6967552011,4569.8443037759935,-37.852451425106665,-0.0010761910553764987,0.0,-37.85137523405129,0.9999715687884178,-0.0010751672572201663,-0.0010761910553764987,1.6841465517475285e-11,0.0009513163589473057,1.0139427734223153e-05,2.513392731695897e-07,5
81,0.013496221078221076,0.013463606177606178,300.0,4569.844303121321,4532.122647626022,-37.721655495299274,-0.000852541093759076,0.0,-37.72080295420552,0.9999773991601757,-0.0008510614485140866,-0.000852541093759076,2.6576918428537277e-11,0.0017355705851846022,8.033021814987719e-06,1.9708672283879727e-07,5
82,0.013463606177606178,0.013431301015301015,300.0,4532.12264695269,4494.930464136587,-37.19218281610301,-0.0006748010839391073,0.0,-37.191508015019075,0.9999818563732257,-0.0006731763247178698,-0.0006748010839391073,2.7740454992557158e-11,0.002407760242104362,6.356036713323554e-06,1.543294518331713e-07,5
83,0.013431301015301015,0.013399900614900614,300.0,4494.930463443894,4458.657996413062,-36.27246703083165,-0.000533498578708218,0.0,-36.27193353225294,0.9999852919136087,-0.0005322177594945185,-0.000533498578708218,2.1902967052492526e-11,0.002400792176055796,5.025938054481619e-06,1.2069701591533428e-07,5
84,0.013399900614900614,0.01337,300.0,4458.657995699762,4423.687416103925,-34.97057959583708,-0.00042137268716187925,0.0,-34.970158223149916,0.9999879506518898,-0.00042036340743872814,-0.00042137268716187925,1.7239752271432238e-11,0.002395218660110678,3.970506228661296e-06,9.428856699431061e-08,5
85,0.01337,0.01334089133089133,300.0,4423.687415368839,4389.534478970277,-34.152936398561906,-0.00033250745504717996,0.0,-34.15260389110686,0.9999902641620279,-0.00033164955146276217,-0.00033250745504717996,1.349833444498993e-11,0.002580103307145574,3.1335561290826657e-06,7.356095984560235e-08,5
86,0.01334089133089133,0.013311899877899876,300.0,4389.534478212679,4355.74664807833,-33.78783013434895,-0.00026210503880060883,0.0,-33.78756802931015,0.9999922426199682,-0.00026143622533990476,-0.00026210503880060883,1.0243486664250278e-11,0.002551700126653641,2.470610742921066e-06,5.732062193111426e-08,5
87,0.013311899877899876,0.01328367032967033,300.0,4355.746647297775,4322.740653893317,-33.00599340445751,-0.00020640544356573427,0.0,-33.00578699901395,0.9999937464253527,-0.00020588072793595378,-0.00020640544356573427,8.072943602787098e-12,0.0025421598418909016,1.945992388119574e-06,4.4615980279093744e-08,5
88,0.01328367032967033,0.013256847374847374,300.0,4322.740653088896,4290.9249184579085,-31.815734630987208,-0.0001624218999274231,0.0,-31.815572209087282,0.9999948949190767,-0.00016195115672178344,-0.0001624218999274231,8.774537376564042e-12,0.002898274221949203,1.530792645308096e-06,3.4687755313769244e-08,5
89,0.013256847374847374,0.013232075702075703,300.0,4290.92491762841,4260.7001167358,-30.224800892609892,-0.0001276851522761468,0.0,-30.224673207457617,0.999995775484089,-0.00012732305108113069,-0.0001276851522761468,6.741546711538572e-12,0.0028358911632339503,1.2036009108337747e-06,2.6948529086102137e-08,5
90,0.013232075702075703,0.01321,300.0,4260.700115879714,4232.459902377021,-28.240213502693223,-0.00010029985268322551,0.0,-28.24011320284054,0.9999964483323516,-0.00010001677675059334,-0.00010029985268322551,5.276869410786166e-12,0.0028222965942552238,9.455781623433791e-07,2.0922786503388523e-08,5
91,0.01321,0.01319087283087283,300.0,4232.459901492725,4206.341300456059,-26.118601036666405,-7.873256858952852e-05,0.0,-26.118522304097816,0.9999969855748216,-7.851109079750503e-05,-7.873256858952852e-05,4.1587155038842125e-12,0.002813039076346631,7.423479400854836e-07,1.623571012082524e-08,5
92,0.01319087283087283,0.013173921263921263,300.0,4206.341299542005,4181.828098110213,-24.513201431791458,-6.175949884241695e-05,0.0,-24.513139672292617,0.9999974805616878,-6.158645019492187e-05,-6.175949884241695e-05,3.2677121845936416e-12,0.002801976226144907,5.82398307039948e-07,1.2591114855054915e-08,5
93,0.013173921263921263,0.013158251748251748,300.0,4181.828097165498,4158.337046342817,-23.491050822680336,-4.84105843661614e-05,0.0,-23.49100241209597,0.999997939190344,-4.827547437374812e-05,-4.84105843661614e-05,2.5619505220084887e-12,0.002790918436169948,4.565906097244407e-07,9.7579065352034e-09,5
94,0.013158251748251748,0.013142970732970731,300.0,4158.337045367022,4135.294476782203,-23.04256858481949,-3.791823244225052e-05,0.0,-23.042530666587048,0.9999983544268382,-3.781281104177344e-05,-3.791823244225052e-05,2.0057602932984245e-12,0.0027802298178755446,3.5769366269336843e-07,7.556121785919036e-09,5
95,0.013142970732970731,0.013127184667184669,300.0,4135.294475775243,4112.13568015373,-23.15879562151258,-2.9675811996557615e-05,0.0,-23.158765945700583,0.999998718594331,-2.9593605584352975e-05,-2.9675811996557615e-05,1.5677187429294227e-12,0.0027701487060969496,2.799932314424738e-07,5.8456460612582776e-09,5
96,0.013127184667184669,0.01311,300.0,4112.13567911576,4088.3047011985827,-23.830977917176824,-2.3277653946629647e-05,0.0,-23.830954639522876,0.999999023218685,-2.30703258763302e-05,-2.3277653946629647e-05,7.659856206500729e-12,0.008906742525462476,2.1792125057339804e-07,4.520828045020068e-09,5
97,0.01311,0.01309070707070707,300.0,4088.3047001299556,4063.3688808615066,-24.935819268448995,-1.826986385361606e-05,0.0,-24.93580099858514,0.9999992673244998,-1.7878600603145902e-05,-1.826986385361606e-05,7.985714191293303e-12,0.021415772640950216,1.7049709267510552e-07,3.5194574655290953e-09,5
98,0.01309070707070707,0.013069838383838385,300.0,4063.368879762591,4037.671792691878,-25.69708707071277,-1.4426163988692602e-05,0.0,-25.69707264454878,0.9999994386070316,-1.3952882552946205e-05,-1.4426163988692602e-05,1.4785889140611166e-11,0.03280715761427365,1.3087311820804076e-07,2.7413082325719184e-09,5
99,0.013069838383838385,0.013048363636363637,300.0,4037.6717915621757,4011.8207007026263,-25.85109085954946,-1.1271370396016817e-05,0.0,-25.85107958817906,0.9999995639885969,-1.0993403833168946e-05,-1.1271370396016817e-05,8.757520637654705e-12,0.024661292556413663,1.0246162994415782e-07,2.1297983080715623e-09,5
100,0.013048363636363637,0.013027252525252525,300.0,4011.8206995405785,3986.41252039874,-25.408179141838446,-8.80849531908732e-06,0.0,-25.408170333343126,0.9999996533204811,-8.584602437581933e-06,-8.80849531908732e-06,7.589677318773395e-12,0.025417835100647497,7.986255817252639e-08,1.6530492559514714e-09,5
101,0.013027252525252525,0.013007474747474747,300.0,3986.412519202319,3962.034058704415,-24.37846049790369,-6.951900663087385e-06,0.0,-24.378453546003026,0.9999997148343037,-6.577773368799197e-06,-6.951900663087385e-06,1.660860263194753e-11,0.05381654779313774,6.17599804700518e-08,1.288222365989421e-09,5
102,0.013007474747474747,0.01299,300.0,3962.034057471,3939.2626541736954,-22.77140329730446,-5.440594680493245e-06,0.0,-22.77139785670978,0.9999997610777601,-5.18914938679136e-06,-5.440594680493245e-06,1.0832907665064193e-11,0.04621650912600036,4.8177695116198814e-08,1.0017235675177612e-09,5
103,0.01299,0.012975020576131688,300.0,3939.262652900411,3918.1969360153134,-21.065716885097572,-4.2574713192682275e-06,0.0,-21.065712627626255,0.9999997978957307,-4.0523123896162005e-06,-4.2574713192682275e-06,8.09359651753764e-12,0.048187976915670616,3.7645997336771916e-08,7.787912135472271e-10,5
104,0.012975020576131688,0.012961621399176953,300.0,3918.196934699573,3898.2678496134013,-19.929085086171654,-3.3374667501794525e-06,0.0,-19.929081748704903,0.9999998325328666,-3.1592052050114946e-06,-3.3374667501794525e-06,6.372174769571467e-12,0.05341223104570944,2.9246862995065742e-08,6.055058153408558e-10,5
105,0.012961621399176953,0.012949111111111111,300.0,3898.2678482539645,3879.049415568308,-19.218432685656353,-2.872066009925257e-06,0.0,-19.218429813590344,0.9999998505566996,-1.8368720518825144e-06,-2.872066009925257e-06,1.98676608404739e-11,0.3604352944762863,2.3370158100708493e-08,5.037558626023208e-10,5
106,0.012949111111111111,0.012936798353909465,300.0,3879.0494141646077,3860.1218262430957,-18.927587921511986,-2.3092087218097292e-06,0.0,-18.927585612303265,0.9999998779977285,-1.766424734462274e-06,-2.3092087218097292e-06,8.685394096599444e-12,0.23505193888323564,1.9319284757055364e-08,4.070596789806968e-10,5
107,0.012936798353909465,0.012923991769547324,300.0,3860.121824794839,3841.071093067709,-19.050731727129914,-1.9167212883695486e-06,0.0,-19.050729810408626,0.9999998993885738,-1.3372894132168287e-06,-1.9167212883695486e-06,9.201662641426076e-12,0.3023036675538838,1.5747592982543107e-08,3.3377406074853866e-10,5
108,0.012923991769547324,0.01291,300.0,3841.0710915750988,3821.4889317666816,-19.582159808417146,-1.5581183795319276e-06,0.0,-19.582158250298765,0.9999999204317401,-1.1493560089314292e-06,-1.5581183795319276e-06,6.251978949482855e-12,0.26234359081451447,1.294526066168314e-08,2.7101144434205145e-10,5
109,0.01291,0.012894362139917695,300.0,3821.488930230118,3801.108966570967,-20.379963659151144,-1.3343723271107002e-06,0.0,-20.379962324778816,0.9999999345252842,-7.502629533337402e-07,-1.3343723271107002e-06,1.5662465817286413e-11,0.4377409227615839,1.1116456132304147e-08,2.2972663125362466e-10,5
110,0.012894362139917695,0.012877489711934155,300.0,3801.1089649908135,3780.1818792019385,-20.927085788875047,-1.218428517913782e-06,0.0,-20.927084570446528,0.9999999417774394,-4.504456308592266e-07,-1.218428517913782e-06,1.9125585025787624e-11,0.6303060670063035,9.384166721056804e-09,2.044749548234223e-10,5
111,0.012877489711934155,0.01286,300.0,3780.181877577685,3759.075187546762,-21.10669003092289,-1.1052410365883417e-06,0.0,-21.106688925681855,0.999999947635511,-3.340584257373648e-07,-1.1052410365883417e-06,1.6019494523573192e-11,0.697750613053116,8.87450904239473e-09,1.857088046429167e-10,5
112,0.01286,0.012842510288065842,300.0,3759.0751858768745,3738.1508855457523,-20.92430033112214,-1.0079232651431428e-06,0.0,-20.924299323198873,0.9999999518300134,-3.3901623311609007e-07,-1.0079232651431428e-06,1.562241343375711e-11,0.6636487668851023,7.654658983688908e-09,1.6673355903705288e-10,5
113,0.012842510288065842,0.012825637860082303,300.0,3738.150883828212,3717.765525488302,-20.38535833991,-9.113894864020125e-07,0.0,-20.385357428520514,0.9999999552919566,-2.7500490589696625e-07,-9.113894864020125e-07,1.3645340097935156e-11,0.6982575397236238,7.25739981004054e-09,1.513763142620094e-10,5
114,0.012825637860082303,0.012809999999999998,300.0,3717.7655237205317,3698.2704492332273,-19.495074487304464,-8.321956297054474e-07,0.0,-19.495073655108836,0.9999999573125187,-2.7073641117272384e-07,-8.321956297054474e-07,1.2815306206713385e-11,0.6746721545887594,6.298823708724211e-09,1.3628751795709285e-10,5
115,0.012809999999999998,0.01279551440329218,300.0,3698.2704474124293,3679.6091870141317,-18.6612603982976,-7.516388725477808e-07,0.0,-18.661259646658728,0.9999999597219664,-2.2747584295550645e-07,-7.516388725477808e-07,1.1493074760629806e-11,0.6973601934870044,5.964750328121649e-09,1.236756824568315e-10,5
116,0.01279551440329218,0.012781621399176954,300.0,3679.609185138139,3661.452413572419,-18.156771565719737,-6.868388082319488e-07,0.0,-18.156770878880927,0.9999999621717547,-2.1913513133080396e-07,-6.868388082319488e-07,1.0556612418242828e-11,0.6809511508313011,5.195092510954223e-09,1.1151343093488815e-10,5
117,0.012781621399176954,0.01276822222222222,300.0,3661.4524116402904,3643.7388987634063,-17.713512876884124,-6.199271940132848e-07,0.0,-17.713512256956932,0.9999999650025833,-1.8795910076723423e-07,-6.199271940132848e-07,9.624477714153288e-12,0.6968045561117838,4.910536133455322e-09,1.0113717395068804e-10,5
118,0.01276822222222222,0.012755218106995883,300.0,3643.738896774227,3626.408260246634,-17.330636527593015,-5.666499351515365e-07,0.0,-17.33063596094308,0.9999999673035705,-1.7844369008816633e-07,-5.666499351515365e-07,8.719218660347688e-12,0.685090072338143,4.287160834898707e-09,9.126152041879336e-11,5
119,0.012755218106995883,0.01274251028806584,300.0,3626.408258199665,3609.400922118374,-17.00733608129076,-5.112304680808224e-07,0.0,-17.00733557006029,0.9999999699405913,-1.5505932092713228e-07,-5.112304680808224e-07,8.030416334320108e-12,0.6966938971590825,4.044626978350107e-09,8.272979051375486e-11,5
120,0.01274251028806584,0.012729999999999998,300.0,3609.400920012926,3592.658079195873,-16.742840817052638,-4.673036233226183e-07,0.0,-16.742840349749017,0.9999999720893469,-1.4576857023952029e-07,-4.673036233226183e-07,7.211605011367851e-12,0.6880645409871257,3.5376436920508594e-09,7.468138178154469e-11,5
121,0.012729999999999998,0.012717668566001898,300.0,3592.6580770314145,3576.166775296507,-16.491301734907665,-4.214792890971557e-07,0.0,-16.491301313428377,0.9999999744423275,-1.2774822859074205e-07,-4.214792890971557e-07,6.685088397017828e-12,0.6969050866902866,3.3314459126246944e-09,6.76703731867207e-11,5
122,0.012717668566001898,0.012705576448243114,300.0,3576.166773072437,3559.958607733517,-16.208165338920026,-3.852144111945665e-07,0.0,-16.208164953705616,0.9999999762333119,-1.1927639868430416e-07,-3.852144111945665e-07,5.969557198089734e-12,0.6903636125283503,2.9181719837393177e-09,6.109939400176283e-11,5
123,0.012705576448243114,0.012693743589743588,300.0,3559.958605449151,3544.0420962240255,-15.916509225125537,-3.473739731550819e-07,0.0,-15.916508877751564,0.9999999781752413,-1.0513724670849551e-07,-3.473739731550819e-07,5.555491125268891e-12,0.6973370061275201,2.7434707307621224e-09,5.5344538456595874e-11,5
124,0.012693743589743588,0.012682189933523267,300.0,3544.0420938786638,3528.425645768896,-15.616448109767589,-3.1741940729953664e-07,0.0,-15.61644779234818,0.9999999796740331,-9.769227881145205e-08,-3.1741940729953664e-07,4.94228902847606e-12,0.6922296603015721,2.4060833800076835e-09,4.997632259536072e-11,5
125,0.012682189933523267,0.012670935422602088,300.0,3528.42564336191,3513.117553893108,-15.308089468801882,-2.861998674960565e-07,0.0,-15.308089182602014,0.9999999813040114,-8.645847005273249e-08,-2.861998674960565e-07,4.610566701949232e-12,0.6979087698077855,2.258624297288738e-09,4.5256600021305364e-11,5
126,0.012670935422602088,0.01266,300.0,3513.1175514238935,3498.1260172434704,-14.99153418042306,-2.6145051081064023e-07,0.0,-14.991533918972548,0.9999999825601231,-8.006028401394002e-08,-2.6145051081064023e-07,4.0918616014798916e-12,0.693784174428617,1.9830169335889653e-09,4.0869402259942406e-11,5
127,0.01266,0.01264957264957265,300.0,3498.1260147115136,3483.55237512243,-14.573639589083541,-2.357152417713574e-07,0.0,-14.5736393533683,0.999999983825918,-7.105756784820752e-08,-2.357152417713574e-07,3.822473963525672e-12,0.698544874254958,1.8588659873971459e-09,3.700203279324775e-11,5
128,0.01264957264957265,0.012639658119658117,300.0,3483.5523725269377,3469.3955131193848,-14.156859407552929,-2.1526927416322064e-07,0.0,-14.156859192283655,0.999999984793995,-6.56386587160242e-08,-2.1526927416322064e-07,3.387033586318674e-12,0.6950857990710931,1.6336646147652758e-09,3.3417255192513005e-11,5
129,0.012639658119658117,0.012629999999999999,300.0,3469.395510459822,3455.5112644327564,-13.884246027065728,-1.940661137356299e-07,0.0,-13.884245832999614,0.9999999860225673,-5.837340100593543e-08,-1.940661137356299e-07,3.1648681587046564e-12,0.6992086877905141,1.5293939424826358e-09,3.024932005356551e-11,5
130,0.012629999999999999,0.012620341880341881,300.0,3455.511261709292,3441.757117246625,-13.754144462666773,-1.7717033130896183e-07,0.0,-13.75414428549644,0.9999999871187676,-5.3827646728702614e-08,-1.7717033130896183e-07,2.802237033240967e-12,0.6961813734217482,1.3451508729018236e-09,2.7321268499356002e-11,5
131,0.012620341880341881,0.01261042735042735,300.0,3441.7571144599488,3427.992145617046,-13.764968842902817,-1.5969893275181315e-07,0.0,-13.764968683203884,0.9999999883981624,-4.791846487780726e-08,-1.5969893275181315e-07,2.6192133029213357e-12,0.6999449899125064,1.257835950771142e-09,2.472308223106031e-11,5
132,0.01261042735042735,0.0126,300.0,3427.992142768203,3414.0769768389005,-13.915165929302475,-1.4574078613509032e-07,0.0,-13.915165783561688,0.9999999895264787,-4.411014779647446e-08,-1.4574078613509032e-07,2.317361928019195e-12,0.697338343189752,1.1069975441242442e-09,2.2328993647328434e-11,5
133,0.0126,0.01258868649097816,300.0,3414.076973929228,3399.810547258535,-14.266426670693363,-1.3134198214617848e-07,0.0,-14.26642653935138,0.9999999907936314,-3.9303533573331395e-08,-1.3134198214617848e-07,2.1656952839094776e-12,0.7007542224420817,1.0339575264123102e-09,2.0204741961350883e-11,5
134,0.01258868649097816,0.012576600189933522,300.0,3399.810544289835,3385.256501984648,-14.554042305187068,-1.1981040554232015e-07,0.0,-14.554042185376662,0.999999991767895,-3.612225238910077e-08,-1.1981040554232015e-07,1.916221293676652e-12,0.6985048817288123,9.104391823379959e-10,1.824728101245682e-11,5
135,0.012576600189933522,0.012564214743589742,300.0,3385.256498957951,3370.671320732498,-14.585178225453092,-1.0795600248060784e-07,0.0,-14.585178117497088,0.999999992598239,-3.220606269487157e-08,-1.0795600248060784e-07,1.7917760851987864e-12,0.7016741824924765,8.494215380105161e-10,1.650733379046986e-11,5
136,0.012564214743589742,0.012552003798670466,300.0,3370.6713176475055,3356.308456919719,-14.362860727786483,-9.845065375707197e-08,0.0,-14.36286062933583,0.9999999931454704,-2.954869867286071e-08,-9.845065375707197e-08,1.583173090143889e-12,0.6998628496081658,7.483674717457578e-10,1.49057728959217e-11,5
137,0.012552003798670466,0.012540441001899334,300.0,3356.308453775315,3342.4184234007853,-13.890030374529488,-8.870364667180253e-08,0.0,-13.89003028582584,0.9999999936138623,-2.6389968812399292e-08,-8.870364667180253e-08,1.481074364105567e-12,0.7024928534219074,6.974824850129844e-10,1.3482647273589194e-11,5
138,0.012540441001899334,0.01253,300.0,3342.4184201953294,3329.2489592721386,-13.169460923190854,-8.087251316683876e-08,0.0,-13.16946084231834,0.999999993859087,-2.418995696113237e-08,-8.087251316683876e-08,1.309367661505382e-12,0.7008877798662092,6.149053864824815e-10,1.2175072349901589e-11,5
139,0.01253,0.01252057355967078,300.0,3329.2489560037047,3316.737108440889,-12.511847562815547,-7.287398589628795e-08,0.0,-12.51184748994156,0.9999999941756015,-2.159913015413953e-08,-7.287398589628795e-08,1.222187760357377e-12,0.703609869990112,5.726843143205048e-10,1.1015507934242516e-11,5
140,0.01252057355967078,0.012511687242798355,300.0,3316.7371051088694,3304.626555849615,-12.110549259254185,-6.642087462174163e-08,0.0,-12.11054919283331,0.9999999945154532,-1.9820343592840184e-08,-6.642087462174163e-08,1.0815605914394863e-12,0.7015946612309081,5.050697274430638e-10,9.946786895007453e-12,5
141,0.012511687242798355,0.012503263888888888,300.0,3304.6265524550463,3292.873258738151,-11.753293716895314,-5.984850484538022e-08,0.0,-11.75329365704681,0.9999999949079376,-1.7692584673085366e-08,-5.984850484538022e-08,1.0086356108053843e-12,0.7043771649969451,4.700411211578702e-10,8.99974242154213e-12,5
142,0.012503263888888888,0.012495226337448559,300.0,3292.87325528263,3281.433647166141,-11.439608116489126,-5.453101365375098e-08,0.0,-11.439608061958111,0.9999999952331396,-1.6232024281580043e-08,-5.453101365375098e-08,8.916050196690864e-13,0.7023340812139204,4.147460322042202e-10,8.125167507117838e-12,5
143,0.012495226337448559,0.01248749742798354,300.0,3281.4336436512694,3270.264598149879,-11.169045501390428,-4.91286244334226e-08,0.0,-11.169045452261804,0.9999999956013587,-1.449963943427786e-08,-4.91286244334226e-08,8.317205170055501e-13,0.7048637204583803,3.856545759841503e-10,7.35018260075075e-12,5
144,0.01248749742798354,0.01248,300.0,3270.264594577431,3259.3234131218032,-10.941181455627884,-4.4751665437192726e-08,0.0,-10.941181410876219,0.9999999959097958,-1.3285587966893828e-08,-4.4751665437192726e-08,7.352336174235263e-13,0.7031264012835533,3.40413771557281e-10,6.635446290788909e-12,5
145,0.01248,0.012472818930041152,300.0,3259.3234094937143,3248.6523146863947,-10.671094807319605,-4.03143621068762e-08,0.0,-10.671094767005243,0.9999999962220969,-1.1869921403361223e-08,-4.03143621068762e-08,6.847143561847526e-13,0.7055659377198322,3.163262114240375e-10,6.0026287974621985e-12,5
146,0.012472818930041152,0.012466008230452675,300.0,3248.652311004304,3238.2770748171674,-10.37523618713658,-3.6711182163324796e-08,0.0,-10.375236150425398,0.9999999964616534,-1.0875022519861958e-08,-3.6711182163324796e-08,6.060766838146559e-13,0.7037681197113199,2.7935039907438877e-10,5.4182015516960286e-12,5
147,0.012466008230452675,0.012459444444444445,300.0,3238.2770710665636,3228.1311657565125,-10.145905310051148,-3.307028923880888e-08,0.0,-10.145905276980859,0.9999999967405284,-9.715562011645034e-09,-3.307028923880888e-08,5.644038222701389e-13,0.7062147856800853,2.59363736842994e-10,4.901014688991908e-12,5
148,0.012459444444444445,0.012453004115226339,300.0,3228.1311619561675,3218.148672323384,-9.982489632783654,-3.010788288847745e-08,0.0,-9.982489602675772,0.9999999969839305,-8.896527601892472e-09,-3.010788288847745e-08,4.98128936221507e-13,0.7045116843702999,2.2907740705785493e-10,4.423096152583271e-12,5
149,0.012453004115226339,0.01244656378600823,300.0,3218.1486684757374,3208.26426207714,-9.884406398597548,-2.7112518532317797e-08,0.0,-9.88440637148503,0.9999999972570414,-7.963197450645921e-09,-2.7112518532317797e-08,4.643300732384576e-13,0.7062907512205521,2.1256499196228196e-10,3.999593281694668e-12,5
150,0.01244656378600823,0.01244,300.0,3208.264258184854,3198.413164858859,-9.851093325994952,-2.4677727097899337e-08,0.0,-9.851093301317226,0.9999999974949251,-7.275597779680647e-09,-2.4677727097899337e-08,4.1038932504732625e-13,0.7051755313276005,1.877705835793069e-10,3.608493460657263e-12,5
151,0.01244,0.012433333333333333,300.0,3198.4131609247456,3188.605127657093,-9.808033267652718,-2.2219143223726264e-08,0.0,-9.808033245433574,0.9999999977345975,-6.511596120284316e-09,-2.2219143223726264e-08,3.81754163822568e-13,0.706937569341961,1.741367778703556e-10,3.2629104429482826e-12,5
152,0.012433333333333333,0.012426666666666666,300.0,3188.605123683661,3178.8919513472756,-9.713172336385469,-2.0214684008820185e-08,0.0,-9.713172316170786,0.9999999979188382,-5.954367771186816e-09,-2.0214684008820185e-08,3.371759261585039e-13,0.7054434405905741,1.538627535421954e-10,2.9430997945433013e-12,5
153,0.012426666666666666,0.012419999999999999,300.0,3178.8919473366327,3169.272403969935,-9.619543366697599,-1.8199954292327474e-08,0.0,-9.619543348497645,0.9999999981080231,-5.323578381054017e-09,-1.8199954292327474e-08,3.1418142851187495e-13,0.7074949587484256,1.425668519608894e-10,2.660098801054856e-12,5
154,0.012419999999999999,0.012413333333333334,300.0,3169.2723999242394,3159.7452592982727,-9.527140625966695,-1.655496129938637e-08,0.0,-9.527140609411733,0.9999999982623368,-4.861430605635125e-09,-1.655496129938637e-08,2.7705546103233127e-13,0.7063459999864016,1.2599575148575842e-10,2.3997587796369737e-12,5
155,0.012413333333333334,0.012406666666666667,300.0,3159.7452552197283,3150.3092975553504,-9.435957664377838,-1.4896822433977673e-08,0.0,-9.435957649481017,0.9999999984212709,-4.360229632782064e-09,-1.4896822433977673e-08,2.596726921867942e-13,0.7073047187004822,1.1671900700378612e-10,2.1691343795827694e-12,5
156,0.012406666666666667,0.0124,300.0,3150.309293446198,3140.9633061012055,-9.345987344992409,-1.355553718343711e-08,0.0,-9.345987331436872,0.9999999985495874,-3.956668073135419e-09,-1.355553718343711e-08,2.27234594210022e-13,0.7081142547438186,1.0310349334934472e-10,1.956822769217036e-12,5
157,0.0124,0.012393201058201056,300.0,3140.963301963719,3131.6391515079854,-9.324150455733616,-1.2194517603583063e-08,0.0,-9.324150443539098,0.9999999986921578,-3.5633549779046237e-09,-1.2194517603583063e-08,2.130308912986412e-13,0.7077904109255114,9.548928310305036e-11,1.7685706724445864e-12,5
158,0.012393201058201056,0.012386243386243384,300.0,3131.6391473448334,3122.322681328513,-9.316466016320192,-1.1092312308620057e-08,0.0,-9.316466005227879,0.9999999988093862,-3.231625073152078e-09,-1.1092312308620057e-08,1.871450630229506e-13,0.7086608289381902,8.43861382449167e-11,1.5945636766901082e-12,5
159,0.012386243386243384,0.012379285714285714,300.0,3122.322677151139,3113.0931006332057,-9.22957651793331,-9.977336504054112e-09,0.0,-9.229576507955974,0.9999999989189822,-2.9083667415911223e-09,-9.977336504054112e-09,1.748286185405898e-13,0.7085026910328864,7.81143025158334e-11,1.4413831627587008e-12,5
160,0.012379285714285714,0.012372486772486771,300.0,3113.0930964342797,3104.0289517372166,-9.064144697063057,-9.071863000676011e-09,0.0,-9.064144687991194,0.9999999989991485,-2.639290171418653e-09,-9.071863000676011e-09,1.5377899298580088e-13,0.7090685594323922,6.906887043560436e-11,1.2996868445508591e-12,5
161,0.012372486772486771,0.01236600529100529,300.0,3104.0289475184736,3095.2081428936995,-8.820804624774155,-8.163469010685596e-09,0.0,-8.820804616610687,0.9999999990745212,-2.3719313997853356e-09,-8.163469010685596e-09,1.4308718619305773e-13,0.7094456539639472,6.380879192815925e-11,1.1749025446988293e-12,5
162,0.01236600529100529,0.01236,300.0,3095.2081386567043,3086.707983553708,-8.50015510299636,-7.415806995078731e-09,0.0,-8.500155095580553,0.9999999991275681,-2.15949802733701e-09,-7.415806995078731e-09,1.264153981532642e-13,0.708797973198319,5.650822875496099e-11,1.0592019510072292e-12,5
163,0.01236,0.012354603174603174,300.0,3086.7079792999716,3078.5920279224692,-8.11595137750237,-6.674023802250564e-09,0.0,-8.115951370828347,0.9999999991776659,-1.9352261352498437e-09,-6.674023802250564e-09,1.1717881854588974e-13,0.7100360752987932,5.214681989095235e-11,9.57657265972092e-13,5
164,0.012354603174603174,0.012349682539682539,300.0,3078.5920236535967,3070.79170956036,-7.800314093236921,-6.061724786274142e-09,0.0,-7.800314087175196,0.9999999992228872,-1.7643227714675624e-09,-6.061724786274142e-09,1.02964161406468e-13,0.7089404693095596,4.6152978142817415e-11,8.630514058911738e-13,5
165,0.012349682539682539,0.012344999999999998,300.0,3070.791705278801,3063.1864536595454,-7.605251619255796,-5.451639832951418e-09,0.0,-7.605251613804156,0.9999999992831743,-1.5848756804125359e-09,-5.451639832951418e-09,9.62408393562815e-14,0.7092845952821294,4.2594815253751456e-11,7.800460142616992e-13,5
166,0.012344999999999998,0.012340317460317461,300.0,3063.186449368565,3055.6565787148093,-7.529870653755552,-4.95139623811346e-09,0.0,-7.529870648804155,0.9999999993424327,-1.4336126038359303e-09,-4.95139623811346e-09,8.462890529479753e-14,0.7104629613762937,3.77409353422051e-11,7.033019935907241e-13,5
167,0.012340317460317461,0.012335396825396826,300.0,3055.6565744292766,3048.0832541425625,-7.573320286714079,-4.4574233841048725e-09,0.0,-7.573320282256655,0.9999999994114307,-1.289532166066659e-09,-4.4574233841048725e-09,7.825347428752636e-14,0.7107000939903716,3.47248624254445e-11,6.350819972035383e-13,5
168,0.012335396825396826,0.01233,300.0,3048.0832498548893,3040.3484851498933,-7.734764704995996,-4.038516346040319e-09,0.0,-7.73476470095748,0.9999999994778748,-1.1807692990339461e-09,-4.038516346040319e-09,7.04386952949381e-14,0.7076229986807739,3.0856199538045775e-11,5.724306666658954e-13,5
169,0.01233,0.012323862433862433,300.0,3040.3484808640833,3032.322090887851,-8.026389976232167,-3.6412428950145314e-09,0.0,-8.026389972590923,0.999999999546341,-1.0379672277550502e-09,-3.6412428950145314e-09,6.321927596559764e-14,0.7149415027555013,2.8355316929509944e-11,5.17378026719403e-13,5
170,0.012323862433862433,0.012317089947089948,300.0,3032.3220866079046,3024.056929180898,-8.26515742700667,-3.296368285953011e-09,0.0,-8.265157423710303,0.999999999601173,-9.703327197660214e-10,-3.296368285953011e-09,5.745729985714877e-14,0.7056358284051718,2.5141450141506114e-11,4.652936882205584e-13,5
171,0.012317089947089948,0.01231,300.0,3024.05692490972,3015.7092834575515,-8.347641452168318,-2.9669247351708773e-09,0.0,-8.347641449201394,0.9999999996445793,-8.537805208258753e-10,-2.9669247351708773e-09,5.291445916851443e-14,0.7122338458050899,2.310719744854615e-11,4.1956810780265614e-13,5
172,0.01231,0.012302910052910053,300.0,3015.7092791967766,3007.434259978766,-8.275019218010584,-2.689815387632732e-09,0.0,-8.27501921532077,0.9999999996749477,-7.787298100844172e-10,-2.689815387632732e-09,4.7064771660962776e-14,0.7104894954260166,2.0513283432371947e-11,3.781856674849312e-13,5
173,0.012302910052910053,0.012296137566137566,300.0,3007.434255729273,2999.3858082211955,-8.048447508077516,-2.4216075118930625e-09,0.0,-8.048447505655908,0.9999999996991211,-6.900677792291644e-10,-2.4216075118930625e-09,4.3437011165824404e-14,0.7150373147423414,1.888088465185849e-11,3.4188661910380105e-13,5
174,0.012296137566137566,0.01229,300.0,2999.385803983454,2991.7167750677363,-7.669028915717718,-2.1980993145320143e-09,0.0,-7.669028913519618,0.9999999997133797,-6.295538504179985e-10,-2.1980993145320143e-09,3.797453526924485e-14,0.7135917170548622,1.672213947060511e-11,3.081787969566859e-13,5
175,0.01229,0.012284503968253967,300.0,2991.716770842051,2984.4278014781885,-7.288969363862634,-1.97357495071894e-09,0.0,-7.288969361889059,0.9999999997292381,-5.750119729485553e-10,-1.97357495071894e-09,3.581404513142265e-14,0.7086444714252741,1.5381048546588008e-11,2.7791107085911284e-13,5
176,0.012284503968253967,0.01227936507936508,300.0,2984.4277972656455,2977.378350293471,-7.049446972174337,-1.7912493875253618e-09,0.0,-7.049446970383087,0.999999999745902,-5.121471091673897e-10,-1.7912493875253618e-09,3.097901405638904e-14,0.7140838608325061,1.3639684801381227e-11,2.5032007620148436e-13,5
177,0.01227936507936508,0.012274464285714286,300.0,2977.3783460963787,2970.508988612959,-6.8693574834196625,-1.6095343310054575e-09,0.0,-6.869357481810128,0.9999999997656935,-4.6547594909304767e-10,-1.6095343310054575e-09,2.8735383681918747e-14,0.7108008570390231,1.2520278054129439e-11,2.2600538311947155e-13,5
178,0.012274464285714286,0.012269682539682539,300.0,2970.5089844339304,2963.7606943069304,-6.748290127000018,-1.4615189101409373e-09,0.0,-6.7482901255384995,0.9999999997834238,-4.1262077939882207e-10,-1.4615189101409373e-09,2.5098700264612557e-14,0.7176767426436979,1.1126770722460225e-11,2.037486183469351e-13,5
179,0.012269682539682539,0.012264900793650795,300.0,2963.760690148719,2957.0748346182413,-6.685855530477511,-1.3119011866807659e-09,0.0,-6.68585552916561,0.9999999998037796,-3.8083867022112675e-10,-1.3119011866807659e-09,2.411435934069908e-14,0.7097047597123648,1.0232922489893606e-11,1.8350955165206243e-13,5
180,0.012264900793650795,0.01226,300.0,2957.0748304836247,2950.393152221535,-6.6816782620899176,-1.1917602196740437e-09,0.0,-6.681678260898157,0.9999999998216376,-3.3865412911161377e-10,-1.1917602196740437e-09,2.0654154322966214e-14,0.7158370253336376,9.031227607450872e-12,1.6548275240144773e-13,5
181,0.01226,0.012254861111111112,300.0,2950.3931481132336,2943.657758204773,-6.735389908460547,-1.0695980754218252e-09,0.0,-6.73538990739095,0.9999999998411974,-3.0861553527099557e-10,-1.0695980754218252e-09,1.9317453260925953e-14,0.7114658839029001,8.31506127933665e-12,1.489727083043661e-13,5
182,0.012254861111111112,0.012249555555555555,300.0,2943.657754125391,2936.9025552517846,-6.755198873606332,-9.698444212985452e-10,0.0,-6.7551988726364876,0.9999999998564298,-2.760937608521205e-10,-9.698444212985452e-10,1.6842199083203838e-14,0.7153215971666335,7.389531603753018e-12,1.3431230868738025e-13,5
183,0.012249555555555555,0.01224425,300.0,2936.9025512033527,2930.206853358767,-6.695697844585538,-8.703275130602827e-10,0.0,-6.695697843715211,0.9999999998700169,-2.537427042551296e-10,-8.703275130602827e-10,1.603611200895437e-14,0.7084514732127579,6.749404668017179e-12,1.2084407606021595e-13,5
184,0.01224425,0.012239111111111112,300.0,2930.206849342729,2923.649461305778,-6.557388036951124,-7.906256748304755e-10,0.0,-6.557388036160499,0.9999999998794299,-2.185164846856798e-10,-7.906256748304755e-10,1.3698590123320911e-14,0.7236157493461951,6.020726312748234e-12,1.0944381097228224e-13,5
185,0.012239111111111112,0.012234305555555557,300.0,2923.6494573232267,2917.308709045502,-6.340748277724742,-7.106826618464093e-10,0.0,-6.340748277014059,0.9999999998879181,-2.0295699382853737e-10,-7.106826618464093e-10,1.2783391461275277e-14,0.7144196633399791,5.522671915573359e-12,9.845030854900042e-14,5
186,0.012234305555555557,0.012230000000000001,300.0,2917.308705097347,2911.26247829796,-6.046226799386659,-6.461883836682617e-10,0.0,-6.046226798740471,0.9999999998931254,-1.8021281878576042e-10,-6.461883836682617e-10,1.0763380274281192e-14,0.7211141157277791,4.871213949526516e-12,8.899173356536902e-14,5
187,0.012230000000000001,0.012226203703703703,300.0,2911.262474385038,2905.513357103684,-5.749117281353847,-5.773743732060931e-10,0.0,-5.749117280776472,0.9999999998995716,-1.7136857915273858e-10,-5.773743732060931e-10,1.041408754576678e-14,0.7031933055823925,4.477532233354485e-12,7.994515581299639e-14,5
188,0.012226203703703703,0.01222274074074074,300.0,2905.513353227151,2899.9760198998692,-5.537333327281885,-5.237583400112635e-10,0.0,-5.5373333267581275,0.9999999999054133,-1.486569536195734e-10,-5.237583400112635e-10,9.18610433888972e-15,0.7161726272151074,3.967362207127845e-12,7.20066800480814e-14,5
189,0.01222274074074074,0.012219500000000001,300.0,2899.976016061435,2894.5963856210838,-5.37963044035132,-4.724458392852838e-10,0.0,-5.379630439878874,0.9999999999121787,-1.274489626515427e-10,-4.724458392852838e-10,8.045884461058545e-15,0.7302358237626825,3.679676850262605e-12,6.504253500348431e-14,5
190,0.012219500000000001,0.01221637037037037,300.0,2894.5963818226105,2889.3206836183663,-5.275698204244236,-4.237691970031108e-10,0.0,-5.2756982038204665,0.9999999999196751,-1.303559743487132e-10,-4.237691970031108e-10,8.522039767913381e-15,0.6923892173603258,3.2555942200781448e-12,5.849501953986602e-14,5
191,0.01221637037037037,0.012213240740740742,300.0,2889.3206798617457,2884.0954367759714,-5.225243085774309,-3.844487716545377e-10,0.0,-5.22524308538986,0.9999999999264246,-1.023341363796972e-10,-3.844487716545377e-10,6.596424212265821e-15,0.7338159361537673,2.9764451021678585e-12,5.29019396438558e-14,5
192,0.012213240740740742,0.01221,300.0,2884.0954330630375,2878.8674507705146,-5.227982292522938,-3.4575124931232304e-10,0.0,-5.227982292177187,0.9999999999338653,-1.0495455804453963e-10,-3.4575124931232304e-10,6.125054065644454e-15,0.6964448913683248,2.6155807327699277e-12,4.739046825308316e-14,5
193,0.01221,0.012206512345679014,300.0,2878.867447102983,2873.572173427361,-5.2952736756219565,-3.114241843332055e-10,0.0,-5.295273675310533,0.9999999999411884,-8.628137344765693e-11,-3.114241843332055e-10,5.209371552310773e-15,0.722945815424081,2.4087822465857206e-12,4.250702633342161e-14,5
194,0.012206512345679014,0.012202839506172838,300.0,2873.572169806828,2868.2383321453053,-5.333837661522466,-2.8206664184371493e-10,0.0,-5.333837661240399,0.9999999999471175,-8.052111391843673e-11,-2.8206664184371493e-10,4.064682843610069e-15,0.7145315965329527,2.120941491279673e-12,3.816190399515723e-14,5
195,0.012202839506172838,0.012199166666666667,300.0,2868.2383285728756,2862.952499529082,-5.285829043793456,-2.4769698241805327e-10,0.0,-5.285829043545759,0.9999999999531394,-7.989464750105885e-11,-2.4769698241805327e-10,4.662110055189222e-15,0.677450057238825,1.989100554244273e-12,3.384749685889533e-14,5
196,0.012199166666666667,0.01219567901234568,300.0,2862.9524960053345,2857.800798431966,-5.151697573368438,-2.2758534702853548e-10,0.0,-5.1516975731408525,0.9999999999558233,-6.171020167473419e-11,-2.2758534702853548e-10,3.5315355168915104e-15,0.7288480893851362,1.6968875459249495e-12,3.085224571512336e-14,5
197,0.01219567901234568,0.012192561728395062,300.0,2857.8007949571765,2852.8689240211875,-4.931870935989082,-2.0080320530180742e-10,0.0,-4.931870935788279,0.9999999999592847,-5.963162889347946e-11,-2.0080320530180742e-10,4.194916346697753e-15,0.7030344769454598,1.6432360672040997e-12,2.7592736709202285e-14,5
198,0.012192561728395062,0.012190000000000001,300.0,2852.868920595486,2848.242176621415,-4.626743974070905,-1.8365471367983825e-10,0.0,-4.62674397388725,0.9999999999603058,-5.1863330743438184e-11,-1.8365471367983825e-10,3.2145827852255974e-15,0.7176041403769765,1.397768559096407e-12,2.4870935757573446e-14,5
199,0.012190000000000001,0.012188024691358027,300.0,2848.242173244894,2843.9334266677406,-4.308746577153215,-1.6596732907141973e-10,0.0,-4.3087465769872475,0.9999999999614813,-4.558245372498781e-11,-1.6596732907141973e-10,2.8884212950130516e-15,0.7253528511905342,1.2679605770616662e-12,2.288561938163961e-14,5
200,0.012188024691358027,0.01218641975308642,300.0,2843.9334233407326,2839.840376854934,-4.093046485798368,-1.4949405638035042e-10,0.0,-4.093046485648874,0.9999999999634762,-4.345945729756834e-11,-1.4949405638035042e-10,2.6321654854032404e-15,0.7092897313121496,1.1277228494683573e-12,2.0334136833139826e-14,5
201,0.01218641975308642,0.012185000000000001,300.0,2839.840373578295,2835.875597991214,-3.9647755870810215,-1.3393380170743737e-10,0.0,-3.9647755869470878,0.9999999999662191,-3.746316308713122e-11,-1.3393380170743737e-10,2.169397860953906e-15,0.7202859725510884,1.047291109566437e-12,1.8213748504838175e-14,5
202,0.012185000000000001,0.012183580246913581,300.0,2835.875594765973,2831.9520503415442,-3.9235444244286555,-1.1968541669861216e-10,0.0,-3.92354442430897,0.9999999999694955,-3.544414497154187e-11,-1.1968541669861216e-10,2.134592092860142e-15,0.7038557750039326,9.595467499362597e-13,1.621693006034841e-14,5
203,0.012183580246913581,0.012181975308641976,300.0,2831.9520471687547,2827.983064038709,-3.9689831300456717,-1.1060687305747474e-10,0.0,-3.9689831299350646,0.9999999999721322,-3.0776637783870554e-11,-1.1060687305747474e-10,2.14880998258456e-15,0.721747510501648,8.005023525707518e-13,1.4401310381317184e-14,5
204,0.012181975308641976,0.01218,300.0,2827.9830609193396,2823.8823343889107,-4.100726530428801,-9.917540507670692e-11,0.0,-4.100726530329625,0.9999999999758151,-2.604262393708556e-11,-9.917540507670692e-11,1.3358921841790491e-15,0.7374084439892837,7.587212601864042e-13,1.323245379912861e-14,5
205,0.01218,0.012177438271604937,300.0,2823.8823313237663,2819.5496275610394,-4.332703762726851,-8.819670949712579e-11,0.0,-4.332703762638654,0.9999999999796438,-2.7614815166790152e-11,-8.819670949712579e-11,1.5558729801222798e-15,0.686895176427301,6.81094710802265e-13,1.2105455217230134e-14,5
206,0.012177438271604937,0.012174320987654318,300.0,2819.549624550752,2814.9994495423066,-4.5501750084454216,-7.899636760490957e-11,0.0,-4.550175008366425,0.9999999999826388,-2.0305498065619173e-11,-7.899636760490957e-11,1.7590963904486443e-15,0.7429565601398969,6.414399122134448e-13,1.138897002501215e-14,5
207,0.012174320987654318,0.012170833333333334,300.0,2814.9994465870177,2810.317586396076,-4.681860190941734,-7.364075443100782e-11,0.0,-4.681860190868093,0.999999999984271,-1.8273657967641732e-11,-7.364075443100782e-11,1.3690340413011905e-15,0.7518540092529624,5.453362270368062e-13,1.0463815622988643e-14,5
208,0.012170833333333334,0.01216716049382716,300.0,2810.317583495427,2805.5894397361535,-4.72814375927328,-6.626398859980746e-11,0.0,-4.728143759207016,0.9999999999859851,-1.8142542654605106e-11,-6.626398859980746e-11,1.1434234697822613e-15,0.7262081103482229,5.0006696068876e-13,9.58893426986185e-15,5
209,0.01216716049382716,0.012163487654320987,300.0,2805.5894368894956,2800.9000213566105,-4.68941553288505,-5.908933863656994e-11,0.0,-4.689415532825961,0.9999999999873994,-1.607878916739007e-11,-5.908933863656994e-11,1.1159566468357688e-15,0.7278901822495771,4.782967794867333e-13,8.646101732836396e-15,5
210,0.012163487654320987,0.012159999999999999,300.0,2800.9000185631608,2796.3339586081156,-4.566059955045148,-5.4191741120719307e-11,0.0,-4.566059954990957,0.9999999999881317,-1.3392687337770179e-11,-5.4191741120719307e-11,9.610223131809974e-16,0.7528647897114767,4.324391149836268e-13,8.024549477347655e-15,5
211,0.012159999999999999,0.012156512345679013,300.0,2796.3339558670555,2791.8052637947385,-4.5286920723169715,-5.086673247634578e-11,0.0,-4.528692072266105,0.9999999999887679,-1.2788788998367978e-11,-5.086673247634578e-11,1.3830658523245439e-15,0.7485824550591084,3.5108469445745317e-13,7.418475802321957e-15,5
212,0.012156512345679013,0.012152839506172838,300.0,2791.8052611056137,2787.2283554851065,-4.576905620507205,-4.486169815730375e-11,0.0,-4.576905620462343,0.9999999999901982,-1.2220869921248695e-11,-4.486169815730375e-11,8.022600581056224e-16,0.727587888483462,3.4247763966772113e-13,6.757855435263822e-15,5
213,0.012152839506172838,0.012149166666666666,300.0,2787.2283528476405,2782.687838249785,-4.54051459785569,-4.016128226216088e-11,0.0,-4.540514597815529,0.9999999999911549,-1.0529432580099172e-11,-4.016128226216088e-11,8.318968537106273e-16,0.7378213048237311,3.3312436933438977e-13,6.093367666859191e-15,5
214,0.012149166666666666,0.012145679012345678,300.0,2782.6878356634497,2778.267940619855,-4.419895043594806,-3.663344028355795e-11,0.0,-4.4198950435581725,0.9999999999917116,-8.406294806778217e-12,-3.663344028355795e-11,8.134245783958188e-16,0.7705294741168173,3.082723147059602e-13,5.644996600719295e-15,5
215,0.012145679012345678,0.012142561728395061,300.0,2778.267938084007,2774.0525187762746,-4.215419307732191,-3.4669849456805936e-11,0.0,-4.215419307697521,0.9999999999917755,-6.614061779498874e-12,-3.4669849456805936e-11,8.152928543079817e-16,0.8092272714440505,2.7704091042324056e-13,5.080129548474944e-15,4
216,0.012142561728395061,0.01214,300.0,2774.0525324816626,2770.1251434077367,-3.9273890739259514,-3.4299438688998546e-11,0.0,-3.927389073891652,0.9999999999912667,-5.21584445367169e-12,-3.4299438688998546e-11,6.935779754482961e-16,0.8479320754789886,2.194512031954476e-13,4.658780326494111e-15,4
217,0.01214,0.012137947530864198,300.0,2770.1251564723307,2766.4634524667395,-3.6617040055912184,-3.266535777758611e-11,0.0,-3.661704005558553,0.9999999999910791,-5.515244600578477e-12,-3.266535777758611e-11,9.473416877386279e-16,0.8311592164968462,2.0012982485545304e-13,4.336980730564352e-15,4
218,0.012137947530864198,0.012136172839506172,300.0,2766.463464910198,2762.9608582395254,-3.502606670672776,-3.1469632461243435e-11,0.0,-3.5026066706413066,0.9999999999910154,-3.870689175698389e-12,-3.1469632461243435e-11,6.253809825173635e-16,0.8770024028572513,1.7891144791245122e-13,4.1986660430037835e-15,4
219,0.012136172839506172,0.012134583333333332,300.0,2762.9608700792237,2759.574416041534,-3.386454037689873,-2.913671607947228e-11,0.0,-3.3864540376607364,0.9999999999913961,-3.4166502350841327e-12,-2.913671607947228e-11,6.081120548787486e-16,0.8827372918154195,1.8446017602937326e-13,3.8865664849401714e-15,4
220,0.012134583333333332,0.012133086419753086,300.0,2759.574427297537,2756.2613506270986,-3.313076670438477,-2.913228327600097e-11,0.0,-3.3130766704093446,0.9999999999912069,-2.3606198703735518e-12,-2.913228327600097e-11,6.62934191255534e-16,0.9189689373809495,1.6415253256719888e-13,3.5096463239299603e-15,4
221,0.012133086419753086,0.012131589506172841,300.0,2756.261361321421,2752.9790465356223,-3.282314785798917,-2.8136642494795085e-11,0.0,-3.2823147857707804,0.9999999999914279,-4.10321953854647e-12,-2.8136642494795085e-11,9.220813831154343e-16,0.8541681176314654,1.2614627487133277e-13,3.310288928259695e-15,4
222,0.012131589506172841,0.01213,300.0,2752.9790566916504,2749.6850422697244,-3.294014421926022,-2.63451910951636e-11,0.0,-3.2940144218996767,0.9999999999920021,-1.7593298622116983e-12,-2.63451910951636e-11,6.555160734090408e-16,0.9332200758819065,1.5465377235697918e-13,3.1574018049438166e-15,4
223,0.01213,0.012128333333333331,300.0,2749.685051911773,2746.3859847514213,-3.2990671603515693,-2.5004466584061817e-11,0.0,-3.299067160326565,0.9999999999924207,-3.2215877383415667e-12,-2.5004466584061817e-11,7.6562204584986355e-16,0.8711595095415852,1.4294955241994117e-13,2.986798196914272e-15,4
224,0.012128333333333331,0.012126666666666666,300.0,2746.3859939013396,2743.116444575084,-3.269549326255401,-2.3213953083425867e-11,0.0,-3.269549326232187,0.9999999999929,-1.9436333408301873e-12,-2.3213953083425867e-11,5.520204451177564e-16,0.916273056387889,1.5651704846262042e-13,2.9222207522642574e-15,4
225,0.012126666666666666,0.012124999999999999,300.0,2743.1164532510747,2739.8759791372486,-3.240474113826167,-2.3210144673997525e-11,0.0,-3.2404741138029567,0.9999999999928374,-2.5482921531556604e-12,-2.3210144673997525e-11,8.359820074249495e-16,0.890207829854222,1.2476317626059953e-13,2.763094216297157e-15,4
226,0.012124999999999999,0.012123333333333331,300.0,2739.875987356798,2736.6641525279942,-3.211834828803603,-2.0810081557941283e-11,0.0,-3.211834828782793,0.9999999999935208,-2.0468094527697443e-12,-2.0810081557941283e-11,5.982987541774302e-16,0.901643371888244,1.568534312691961e-13,2.566307952702311e-15,4
227,0.012123333333333331,0.012121666666666666,300.0,2736.664160307957,2733.4805356890065,-3.183624618950489,-2.1168210864049497e-11,0.0,-3.1836246189293207,0.9999999999933509,-1.3954909696815038e-12,-2.1168210864049497e-11,7.258795503636798e-16,0.9340761021966433,1.3691334172349432e-13,2.5436784490093207e-15,4
228,0.012121666666666666,0.012119999999999999,300.0,2733.4805430456627,2730.324706498933,-3.1558365467294607,-2.007820899459566e-11,0.0,-3.1558365467093825,0.9999999999936378,-9.073459491365876e-13,-2.007820899459566e-11,6.129681652046865e-16,0.9548094180421764,1.4246880015217673e-13,2.5045602632567923e-15,4
229,0.012119999999999999,0.012118333333333332,300.0,2730.32471344804,2727.1962498051407,-3.128463642899078,-1.9528853809725033e-11,0.0,-3.128463642879549,0.9999999999937577,-5.918165791218688e-13,-1.9528853809725033e-11,6.625318808197591e-16,0.9696952732153101,1.4885865167445808e-13,2.5164159783303454e-15,4
230,0.012118333333333332,0.012116666666666666,300.0,2727.1962563619627,2724.0947574159372,-3.1014989460254583,-1.8592900761348818e-11,0.0,-3.1014989460068656,0.9999999999940052,-1.375363425080388e-12,-1.8592900761348818e-11,5.856632137902848e-16,0.926027496046259,1.5368131041183233e-13,2.5930023130755037e-15,4
231,0.012116666666666666,0.012114999999999999,300.0,2724.0947635952753,2721.019828063706,-3.074935531569281,-1.8518545626583997e-11,0.0,-3.0749355315507625,0.9999999999939776,-1.0918452097577873e-12,-1.8518545626583997e-11,7.202008933005563e-16,0.9410404449801714,1.3388550574603267e-13,2.680441578355077e-15,4
232,0.012114999999999999,0.012113333333333334,300.0,2721.0198338799164,2717.97106734668,-3.0487665332366305,-1.7809340986174066e-11,0.0,-3.048766533218821,0.9999999999941586,-1.0991207939128293e-12,-1.7809340986174066e-11,6.298042733401985e-16,0.938284027760145,1.3314612333473059e-13,2.6190179581577764e-15,4
233,0.012113333333333334,0.012111666666666668,300.0,2717.9710728136934,2714.948087655116,-3.022985158577285,-1.7076573529897868e-11,0.0,-3.0229851585602083,0.9999999999943511,-1.5622560584749468e-12,-1.7076573529897868e-11,6.67249891913964e-16,0.9085146645057492,1.3831713922670444e-13,2.7272486688547437e-15,4
234,0.012111666666666668,0.012110000000000001,300.0,2714.9480927864497,2711.9505080861736,-2.997584700276093,-1.7073841295575252e-11,0.0,-2.997584700259019,0.9999999999943041,0.0,-1.7073841295575252e-11,6.420955512653234e-16,1.0,1.3821209745275458e-13,2.724213929522159e-15,4
235,0.012110000000000001,0.012108333333333334,300.0,2711.950512894942,2708.977954350694,-2.972558544248386,-1.7071115152030513e-11,0.0,-2.972558544231315,0.999999999994257,0.0,-1.7071115152030513e-11,6.376460649027316e-16,1.0,1.3810816068526782e-13,2.7212032327737595e-15,4
236,0.012108333333333334,0.012106666666666667,300.0,2708.977958849621,2706.0300586743124,-2.947900175308405,-1.7068394996557306e-11,0.0,-2.9479001752913363,0.99999999999421,0.0,-1.7068394996557306e-11,6.614976778739085e-16,1.0,1.3800531205448168e-13,2.7182162469545505e-15,4
237,0.012106666666666667,0.012105,300.0,2706.030062875737,2703.106459694697,-2.9236031810396526,-1.70656807281919e-11,0.0,-2.923603181022587,0.9999999999941629,0.0,-1.70656807281919e-11,6.637463277259133e-16,1.0,1.3790353499349888e-13,2.715252645744308e-15,4
238,0.012105,0.012103333333333334,300.0,2703.106463610585,2700.206802356292,-2.8996612542928233,-1.7062972247735792e-11,0.0,-2.8996612542757605,0.9999999999941156,0.0,-1.7062972247735792e-11,6.591014956144325e-16,1.0,1.3780281323487236e-13,2.7123121080807895e-15,4
239,0.012103333333333334,0.012101666666666667,300.0,2700.20680599824,2697.3307378035806,-2.876068194659183,-1.7060269457764285e-11,0.0,-2.876068194642123,0.9999999999940683,0.0,-1.7060269457764285e-11,6.554408724505955e-16,1.0,1.3770313080670422e-13,2.709394318081491e-15,4
240,0.012101666666666667,0.0121,300.0,2697.3307411828264,2694.47792327367,-2.852817909156329,-1.7057572262626395e-11,0.0,-2.8528179091392714,0.9999999999940208,0.0,-1.7057572262626395e-11,6.78202433557567e-16,1.0,1.3760447202832507e-13,2.706498964964514e-15,4
241,0.0121,0.012098333333333332,300.0,2694.477926401099,2691.648021988763,-2.8299044123359636,-1.705488056843607e-11,0.0,-2.8299044123189088,0.9999999999939734,0.0,-1.705488056843607e-11,6.524795510393659e-16,1.0,1.3750682150575352e-13,2.7036257429689787e-15,4
242,0.012098333333333332,0.012096666666666667,300.0,2691.6480248617468,2688.840703036436,-2.807321825310737,-1.7052194283048464e-11,0.0,-2.807321825293685,0.9999999999939259,0.0,-1.7052194283048464e-11,6.458437063849876e-16,1.0,1.37410164126055e-13,2.700774351266385e-15,4
243,0.012096666666666667,0.012095,300.0,2688.8407056789633,2686.0556413018617,-2.785064377101662,-1.7049513316075046e-11,0.0,-2.7850643770846126,0.9999999999938782,0.0,-1.7049513316075046e-11,6.503675317053554e-16,1.0,1.37314485055235e-13,2.6979444939086557e-15,4
244,0.012095,0.012093333333333333,300.0,2686.0556437237783,2683.2925173223175,-2.763126401460795,-1.7046837578826508e-11,0.0,-2.763126401443748,0.9999999999938306,0.0,-1.7046837578826508e-11,6.407785225560871e-16,1.0,1.3721976973039556e-13,2.6951358797205837e-15,4
245,0.012093333333333333,0.012091666666666667,300.0,2683.2925195331454,2680.5510171965634,-2.741502336582016,-1.704416698430248e-11,0.0,-2.741502336564972,0.999999999993783,0.0,-1.704416698430248e-11,6.411835986702437e-16,1.0,1.3712600385579217e-13,2.6923482222309633e-15,4
246,0.012091666666666667,0.01209,300.0,2680.5510192055085,2677.830832481696,-2.7201867238127306,-1.7041501447166376e-11,0.0,-2.720186723795689,0.9999999999937352,0.0,-1.7041501447166376e-11,6.478461086383304e-16,1.0,1.3703317339784124e-13,2.68958123959459e-15,4
247,0.01209,0.012088333333333333,300.0,2677.8308342976543,2675.131660091392,-2.6991742062623416,-1.7038840883719218e-11,0.0,-2.699174206245303,0.9999999999936874,0.0,-1.7038840883719218e-11,6.384834222503197e-16,1.0,1.3694126458013497e-13,2.6868346545150196e-15,4
248,0.012088333333333333,0.012086666666666667,300.0,2675.131661722957,2672.4532021956234,-2.678459527333416,-1.703618521187215e-11,0.0,-2.67845952731638,0.9999999999936395,-2.94401400945701e-13,-1.703618521187215e-11,5.928234884428014e-16,0.982719053750335,1.2721725379700495e-13,2.669095128586892e-15,4
249,0.012086666666666667,0.012085,300.0,2672.4532036510946,2669.7951661218967,-2.658037529197827,-1.703353435111846e-11,0.0,-2.6580375291807936,0.9999999999935917,0.0,-1.703353435111846e-11,5.776262439353265e-16,1.0,1.2712998509128646e-13,2.6664003558770998e-15,4
250,0.012085,0.012083333333333333,300.0,2669.7951674092837,2667.157264258068,-2.637903151215596,-1.7030888222505633e-11,0.0,-2.6379031511985653,0.9999999999935438,0.0,-1.7030888222505633e-11,5.826847368492945e-16,1.0,1.2704355673585907e-13,2.663725100625091e-15,4
251,0.012083333333333333,0.01208166666666667,300.0,2667.1572653851017,2664.5392139567516,-2.6180514283500997,-1.7028246748606588e-11,0.0,-2.6180514283330716,0.9999999999934959,0.0,-1.7028246748606588e-11,5.686692747500018e-16,1.0,1.2695795679511543e-13,2.6610691040698658e-15,4
252,0.01208166666666667,0.01208,300.0,2664.5392149308873,2661.940737441332,-2.59847748955508,-1.7025609853491735e-11,0.0,-2.5984774895380545,0.9999999999934479,0.0,-1.7025609853491735e-11,5.689053524887339e-16,1.0,1.26873173545442e-13,2.658432111603599e-15,4
253,0.01208,0.012078333333333332,300.0,2661.940738269759,2659.361561713629,-2.579176556130278,-1.7012620130241967e-11,0.0,-2.5791765561132656,0.9999999999934038,-1.301029564142155e-14,-1.7012620130241967e-11,5.904443535260766e-16,0.9992352562073438,1.266850222920895e-13,2.702709370847676e-15,4
254,0.012078333333333332,0.012076666666666666,300.0,2659.3615624032764,2656.801418463148,-2.560143940128455,-1.7006801853046375e-11,0.0,-2.5601439401114483,0.9999999999933571,-4.015952487793115e-15,-1.7006801853046375e-11,5.692809107462398e-16,0.999763861981665,1.2638266644729935e-13,2.714552902983218e-15,4
255,0.012076666666666666,0.012075,300.0,2656.8014190206923,2654.260043977981,-2.541375042711479,-1.6548192057034217e-11,0.0,-2.541375042694931,0.9999999999934885,-7.447648713451099e-14,-1.6548192057034217e-11,5.54274577509421e-16,0.9954994184937048,1.3631629532116682e-13,2.7069100086432472e-15,4
256,0.012075,0.012073333333333333,300.0,2654.2600444098543,2651.737179057313,-2.52286535254143,-1.7001569751253624e-11,0.0,-2.5228653525244287,0.9999999999932611,7.443103877252787e-14,-1.7001569751253624e-11,5.997244656285087e-16,1.0043778921512256,1.2621895657842967e-13,2.709293121995902e-15,4
257,0.012073333333333333,0.012071666666666668,300.0,2651.737179369707,2649.2325689255367,-2.504610444170339,-1.699896003985969e-11,0.0,-2.5046104441533403,0.999999999993213,0.0,-1.699896003985969e-11,6.006630089819036e-16,1.0,1.2613824621761444e-13,2.7066906454574207e-15,4
258,0.012071666666666668,0.01207,300.0,2649.2325691244114,2646.7459631479533,-2.4866059764581223,-1.645272720859549e-11,0.0,-2.4866059764416697,0.9999999999933835,-8.872234311061663e-14,-1.645272720859549e-11,5.597755643357318e-16,0.994607438512427,1.3799827891842606e-13,2.745767329825676e-15,4
259,0.01207,0.01206810185185185,300.0,2646.7459632390437,2644.175624819767,-2.5703384192765952,-1.64499063085703e-11,0.0,-2.5703384192601453,0.9999999999936001,-5.520897502072965e-13,-1.64499063085703e-11,6.181923350373677e-16,0.9664381219047028,1.3346501752212562e-13,2.8134938021696416e-15,4
260,0.01206810185185185,0.012065925925925926,300.0,2644.175624811559,2641.5012234351043,-2.6744013764546253,-1.574359764217767e-11,0.0,-2.674401376438882,0.9999999999941133,-6.922263838472771e-13,-1.574359764217767e-11,5.479516434202816e-16,0.9560312452350295,1.3621727708622752e-13,2.972275008042708e-15,4
261,0.012065925925925926,0.01206375,300.0,2641.5012233357065,2638.8443398034588,-2.6568835322477753,-1.5285024205237384e-11,0.0,-2.65688353223249,0.9999999999942469,-3.784366150820019e-13,-1.5285024205237384e-11,5.746789253833898e-16,0.9752413466932992,1.4321764292633255e-13,2.9758610499703112e-15,4
262,0.01206375,0.012061851851851851,300.0,2638.8443396166454,2636.3262211395895,-2.5181184770558502,-1.5282410851007333e-11,0.0,-2.518118477040568,0.999999999993931,-7.291069768647434e-13,-1.5282410851007333e-11,6.957022770504825e-16,0.9522911022368775,1.3555670235740792e-13,3.1804344745303223e-15,4
263,0.012061851851851851,0.012060509259259259,300.0,2636.32622086589,2634.0678028100842,-2.2584180558055778,-1.5735873418346486e-11,0.0,-2.258418055789842,0.9999999999930324,-1.308643461621246e-13,-1.5735873418346486e-11,6.144306130794419e-16,0.9916836935146193,1.1874510378418936e-13,3.2851540874956974e-15,4
264,0.012060509259259259,0.01206,300.0,2634.0678024476447,2622.5793747425423,-11.488427705102367,-1.5733108209445854e-11,0.0,-11.488427705086634,0.9999999999986305,0.0,-1.5733108209445854e-11,6.038926218165843e-16,1.0,1.1826165846270565e-13,3.26997935747049e-15,28
265,0.01206,0.01205925925925926,300.0,2622.579373849676,2620.7075529326453,-1.8718209170306181,-1.573189163832216e-11,0.0,-1.8718209170148863,0.9999999999915954,0.0,-1.573189163832216e-11,6.041847283061685e-16,1.0,1.1819506766867955e-13,3.2675248160736012e-15,4
266,0.01205925925925926,0.012057407407407407,300.0,2620.7075519932678,2618.3674947206664,-2.3400572726013706,-1.572929133800655e-11,0.0,-2.3400572725856414,0.9999999999932783,0.0,-1.572929133800655e-11,6.227666229979751e-16,1.0,1.1812906203505236e-13,3.2644867357000838e-15,4
267,0.012057407407407407,0.012055,300.0,2618.367493747717,2615.8010424153126,-2.56645133240454,-1.5726000882014876e-11,0.0,-2.566451332388814,0.9999999999938725,0.0,-1.5726000882014876e-11,6.214196600225995e-16,1.0,1.18063628978448e-13,3.2611666979141724e-15,4
268,0.012055,0.012052592592592594,300.0,2615.8010414140704,2613.2494573476,-2.551584066470241,-1.572271368070041e-11,0.0,-2.5515840664545184,0.9999999999938382,0.0,-1.572271368070041e-11,6.33798525032833e-16,1.0,1.1799875896758587e-13,3.2578655212225366e-15,4
269,0.012052592592592594,0.01205074074074074,300.0,2613.249456317588,2610.953378531448,-2.2960777861399038,-1.572012302557277e-11,0.0,-2.2960777861241835,0.9999999999931534,0.0,-1.572012302557277e-11,6.336714813403315e-16,1.0,1.1793444616250166e-13,3.254883208606387e-15,4
270,0.01205074074074074,0.01205,300.0,2610.9533774679335,2609.1528906826234,-1.8004867853101132,-1.5264007562496717e-11,0.0,-1.8004867852948492,0.9999999999915223,-7.370336258798259e-14,-1.5264007562496717e-11,6.12795102772342e-16,0.9951714277992714,1.2779731040698706e-13,3.2030856674531008e-15,4
271,0.01205,0.01205,300.0,2609.1528895778147,2607.686754329451,-1.466135248363571,-1.501662205200906e-11,0.0,-1.4661352483485544,0.9999999999897576,-2.469433827841955e-13,-1.501662205200906e-11,6.046150243956303e-16,0.9835553307575483,1.3205696778505654e-13,3.341308323136931e-15,4
272,0.01205,0.01205,300.0,2607.6867531810985,2606.2338320557337,-1.45292112536481,-1.456146376160791e-11,0.0,-1.4529211253502485,0.9999999999899778,-7.366450795485812e-14,-1.456146376160791e-11,5.82287899311073e-16,0.9949411330371141,1.4190811580572477e-13,3.2899167509105863e-15,4
273,0.01205,0.01205,300.0,2606.233830868731,2604.7939593895376,-1.4398714791932434,-1.4561214664336718e-11,0.0,-1.4398714791786822,0.9999999999898871,-5.996158092370559e-13,-1.4561214664336718e-11,6.897777881980792e-16,0.9588210308645725,1.3664238490427985e-13,3.4582562500202645e-15,4
274,0.01205,0.012050000000000002,300.0,2604.793958168181,2600.551006297082,-4.2429518710987395,-1.4560481625795217e-11,0.0,-4.242951871084179,0.9999999999965682,0.0,-1.4560481625795217e-11,7.002193854599051e-16,1.0,1.36438484297912e-13,3.4521496265937664e-15,12
275,0.01205,0.01204925925925926,300.0,2600.5510049938857,2598.842024848959,-1.7089801449264996,-1.4559385016452477e-11,0.0,-1.7089801449119402,0.9999999999914806,0.0,-1.4559385016452477e-11,6.940073588279248e-16,1.0,1.3637168557163077e-13,3.449724111908552e-15,4
276,0.01204925925925926,0.012047407407407408,300.0,2598.8420235296257,2596.6663052493113,-2.1757182803144133,-1.455700541974097e-11,0.0,-2.1757182802998565,0.9999999999933095,0.0,-1.455700541974097e-11,6.885672326976149e-16,1.0,1.3630545249487535e-13,3.4466796663991094e-15,4
277,0.012047407407407408,0.012045,300.0,2596.666303911503,2594.2638626412318,-2.4024412702710833,-1.4553985657964844e-11,0.0,-2.402441270256529,0.999999999993942,0.0,-1.4553985657964844e-11,6.843781047219674e-16,1.0,1.362397734426608e-13,3.4433349398458706e-15,4
278,0.012045,0.012042592592592594,300.0,2594.2638612998326,2591.874179812255,-2.3896814875774908,-1.4550968425631927e-11,0.0,-2.3896814875629397,0.9999999999939109,0.0,-1.4550968425631927e-11,6.710724294734367e-16,1.0,1.3617463871447008e-13,3.4400078308620002e-15,4
279,0.012042592592592594,0.01204074074074074,300.0,2591.8741784663293,2589.7361638537254,-2.138014612603911,-1.4548596325176105e-11,0.0,-2.138014612589362,0.9999999999931952,0.0,-1.4548596325176105e-11,6.729103138781208e-16,1.0,1.3611004142780921e-13,3.4370154278857396e-15,4
280,0.01204074074074074,0.01204,300.0,2589.7361624992013,2580.3479998614575,-9.38816263774379,-1.4546189027281318e-11,0.0,-9.388162637729243,0.9999999999984506,0.0,-1.4546189027281318e-11,6.750112217991316e-16,1.0,1.3567257177708968e-13,3.423489223741405e-15,28
281,0.01204,0.01203925925925926,300.0,2580.347998428879,2578.7785359865798,-1.5694624422990273,-1.4545118766394977e-11,0.0,-1.5694624422844823,0.9999999999907325,0.0,-1.4545118766394977e-11,6.608187533145915e-16,1.0,1.3561211292541337e-13,3.421256525593934e-15,4
282,0.01203925925925926,0.012037407407407406,300.0,2578.778534554528,2576.7438841905578,-2.034650363970286,-1.4542765493651756e-11,0.0,-2.0346503639557434,0.9999999999928525,0.0,-1.4542765493651756e-11,6.689391014942298e-16,1.0,1.3555213912757212e-13,3.4184073118777185e-15,4
283,0.012037407407407406,0.012035,300.0,2576.743882765285,2574.4823955879083,-2.2614871773766936,-1.4539771836337104e-11,0.0,-2.2614871773621537,0.9999999999935706,0.0,-1.4539771836337104e-11,6.805415614395408e-16,1.0,1.3549264048910852e-13,3.415257849163989e-15,4
284,0.012035,0.012032592592592593,300.0,2574.4823941715035,2572.231930350651,-2.250463820852474,-1.4536780313480719e-11,0.0,-2.250463820837937,0.9999999999935405,0.0,-1.4536780313480719e-11,6.743038919467892e-16,1.0,1.3543360905207018e-13,3.4121237097018477e-15,4
285,0.012032592592592593,0.012030740740740743,300.0,2572.2319289420634,2570.2298128828234,-2.002116059240052,-1.4534433367583243e-11,0.0,-2.0021160592255174,0.9999999999927404,0.0,-1.4534433367583243e-11,6.744369742372068e-16,1.0,1.3537503952735414e-13,3.4093197108146835e-15,4
286,0.012030740740740743,0.01203,300.0,2570.2298114786845,2548.6856290481883,-21.54418243049622,-1.4529996141978468e-11,0.0,-21.54418243048169,0.9999999999993255,0.0,-1.4529996141978468e-11,6.874101545543682e-16,1.0,1.3434491801331208e-13,3.378044676237272e-15,76
287,0.01203,0.012029259259259259,300.0,2548.685627773516,2547.340356972184,-1.3452708013319352,-1.4528967004207652e-11,0.0,-1.3452708013174062,0.9999999999891999,0.0,-1.4528967004207652e-11,6.751173441880532e-16,1.0,1.342947316298552e-13,3.376124698951566e-15,4
288,0.012029259259259259,0.012027407407407407,300.0,2547.340355710946,2545.5326449760214,-1.8077107349245125,-1.4526655004033372e-11,0.0,-1.807710734909986,0.9999999999919641,0.0,-1.4526655004033372e-11,6.693550760085809e-16,1.0,1.342449096481687e-13,3.3735924586384182e-15,4
289,0.012027407407407407,0.012025000000000001,300.0,2545.532643731015,2543.4981133647752,-2.0345303662397782,-1.4523702398242212e-11,0.0,-2.0345303662252547,0.9999999999928615,0.0,-1.4523702398242212e-11,6.708579441443815e-16,1.0,1.3419544440746166e-13,3.37076027588889e-15,4
290,0.012025000000000001,0.012022592592592592,300.0,2543.4981121365986,2541.4719585570915,-2.0261535795070813,-1.4520751366714198e-11,0.0,-2.0261535794925605,0.9999999999928333,0.0,-1.4520751366714198e-11,6.500012930454224e-16,1.0,1.3414633020297977e-13,3.3679398697959896e-15,4
291,0.012022592592592592,0.012020740740740742,300.0,2541.471957344678,2539.6889060037115,-1.7830513409662672,-1.4518444038213308e-11,0.0,-1.7830513409517488,0.9999999999918575,0.0,-1.4518444038213308e-11,6.71348689280283e-16,1.0,1.3409756377284442e-13,3.365442294906573e-15,4
292,0.012020740740740742,0.01202,300.0,2539.688904804761,2516.617214553543,-23.071690251218115,-1.4513812917064165e-11,0.0,-23.071690251203602,0.999999999999371,0.0,-1.4513812917064165e-11,6.610079549793636e-16,1.0,1.329838059638321e-13,3.3316911231933978e-15,100
293,0.01202,0.012019259259259259,300.0,2516.6172136424466,2515.478213458067,-1.1390001843797108,-1.4512820469786359e-11,0.0,-1.139000184365198,0.9999999999872583,0.0,-1.4512820469786359e-11,6.623584866775707e-16,1.0,1.3294310186460206e-13,3.3300623447496987e-15,4
294,0.012019259259259259,0.012017407407407407,300.0,2515.4782125597085,2513.880020615092,-1.5981919446167012,-1.4510545388499031e-11,0.0,-1.5981919446021906,0.9999999999909206,0.0,-1.4510545388499031e-11,6.834753721161806e-16,1.0,1.3290266007125433e-13,3.3278262407949148e-15,4
295,0.012017407407407407,0.012015,300.0,2513.8800197306273,2512.055479869923,-1.8245398607041352,-1.4507629565531357e-11,0.0,-1.8245398606896275,0.9999999999920486,0.0,-1.4507629565531357e-11,6.65984051635349e-16,1.0,1.3286247502841052e-13,3.3252910911524925e-15,4
296,0.012015,0.012012592592592592,300.0,2512.055478999465,2510.237072319631,-1.81840667983397,-1.4504714842255763e-11,0.0,-1.8184066798194654,0.9999999999920235,0.0,-1.4504714842255763e-11,6.871778780036508e-16,1.0,1.3282254300928762e-13,3.3227646600509497e-15,4
297,0.012012592592592592,0.01201074074074074,300.0,2510.2370714624985,2508.6568675812714,-1.5802038812271348,-1.4502443030433526e-11,0.0,-1.5802038812126324,0.9999999999908225,0.0,-1.4502443030433526e-11,6.76945634771872e-16,1.0,1.3278286242508518e-13,3.320554131282625e-15,4
298,0.01201074074074074,0.01201,300.0,2508.656866736197,2485.80256751432,-22.854299221877227,-1.4950845990438372e-11,0.0,-22.854299221862277,0.9999999999993459,-1.243562633761103e-13,-1.4950845990438372e-11,5.891339142520593e-16,0.9916823259730159,1.1537525530949107e-13,3.3899492259825814e-15,124
299,0.01201,0.01201,300.0,2485.8025669535145,2483.8457204641936,-1.9568464893209239,-1.4497583181329423e-11,0.0,-1.9568464893064264,0.9999999999925914,-7.186341878012794e-14,-1.4497583181329423e-11,5.702208885113179e-16,0.9950430759471222,1.249287906247532e-13,3.3389748739499246e-15,12
300,0.01201,0.01201,300.0,2483.845719926903,2481.924057624597,-1.9216623023057764,-1.4950196419735076e-11,0.0,-1.9216623022908261,0.9999999999922201,7.18407679465265e-14,-1.4950196419735076e-11,5.716893282267635e-16,1.0048053394035474,1.1519591810364397e-13,3.3840908567175194e-15,12
301,0.01201,0.01201,300.0,2481.9240571098885,2480.036612505723,-1.8874446041654664,-1.4496964505637514e-11,0.0,-1.8874446041509694,0.9999999999923193,-7.181856114816392e-14,-1.4496964505637514e-11,5.529242249977522e-16,0.9950459586818857,1.2474247213034728e-13,3.333254436442006e-15,12
302,0.01201,0.01201,300.0,2480.0366120126855,2479.4149060581262,-0.6217059545592747,-1.4949776796041318e-11,0.0,-0.6217059545443249,0.9999999999759536,7.181125520218431e-14,-1.4949776796041318e-11,5.756997999778658e-16,1.0048035001580224,1.1507975409054937e-13,3.3802973721444484e-15,4
303,0.01201,0.01201,300.0,2479.414905572114,2478.796864104698,-0.6180414674158783,-1.4496763372017583e-11,0.0,-0.6180414674013816,0.9999999999765441,-7.18039965977628e-14,-1.4496763372017583e-11,5.71939137873965e-16,0.9950468946236397,1.2468177160187307e-13,3.3313912201623133e-15,4
304,0.01201,0.01201,300.0,2478.7968636256137,2478.1824533749095,-0.614410250704168,-1.4496663732085339e-11,0.0,-0.6144102506896714,0.9999999999764057,-5.053763501648608e-13,-1.4496663732085339e-11,5.849618444228175e-16,0.9651384374015439,1.2163085504467804e-13,3.318550245669705e-15,4
305,0.01201,0.01201,300.0,2478.182452902656,2472.810865117767,-5.371587784889016,-1.4948674546944614e-11,0.0,-5.371587784874067,0.999999999997217,7.173391159054117e-14,-1.4948674546944614e-11,5.883837321679497e-16,1.0047986804024176,1.1176021771434945e-13,3.358378270259432e-15,36
306,0.01201,0.01201,300.0,2472.8108647028066,2467.7083187383664,-5.102545964440196,-1.494782496191766e-11,0.0,-5.102545964425248,0.9999999999970705,0.0,-1.494782496191766e-11,5.766798930993976e-16,1.0,1.1153021905961971e-13,3.3506370808001953e-15,29
307,0.01201,0.01200925925925926,300.0,2467.708347288115,2466.8526944857595,-0.8556528023555074,-1.494685183460435e-11,0.0,-0.8556528023405606,0.9999999999825316,0.0,-1.494685183460435e-11,5.809157886115269e-16,1.0,1.1150534125249546e-13,3.3493868344182336e-15,3
308,0.01200925925925926,0.012007407407407408,300.0,2466.852722637731,2465.54379680316,-1.3089258345708004,-1.494455709041371e-11,0.0,-1.3089258345558559,0.9999999999885826,0.0,-1.494455709041371e-11,5.901009159742332e-16,1.0,1.1148058949338863e-13,3.3475215339081587e-15,3
309,0.012007407407407408,0.012005,300.0,2465.543824581332,2464.0101170107328,-1.5337075705992902,-1.4941601833666438e-11,0.0,-1.5337075705843486,0.9999999999902579,0.0,-1.4941601833666438e-11,5.944832998396375e-16,1.0,1.1145596080821349e-13,3.3453514402934535e-15,3
310,0.012005,0.012002592592592592,300.0,2464.0101444290794,2462.4798674600725,-1.5302769690069908,-1.4938647149901338e-11,0.0,-1.5302769689920521,0.9999999999902379,0.0,-1.4938647149901338e-11,5.891166159458226e-16,1.0,1.1143145387249043e-13,3.343186408580326e-15,3
311,0.012002592592592592,0.01200074074074074,300.0,2462.479894523334,2461.180931226082,-1.2989632972521576,-1.4936354123140453e-11,0.0,-1.2989632972372214,0.9999999999885014,0.0,-1.4936354123140453e-11,5.7799838985589505e-16,1.0,1.1140706907878572e-13,3.3413358195963004e-15,3
312,0.01200074074074074,0.012,300.0,2461.180957930471,2427.7490728177263,-33.43188511274457,-1.4477673912831623e-11,0.0,-33.431885112730086,0.9999999999995669,-7.114485677000546e-14,-1.4477673912831623e-11,5.723517709706262e-16,0.995085891753167,1.1940254349043766e-13,3.242905461587385e-15,222
313,0.012,0.012,300.0,2427.7490830982624,2425.176405054349,-2.5726780439135837,-1.492957645565194e-11,0.0,-2.5726780438986543,0.999999999994197,7.111583839250521e-14,-1.492957645565194e-11,5.915293103545161e-16,1.0047634196860007,1.0977927234574458e-13,3.2864127426248463e-15,21
314,0.012,0.012,300.0,2425.17641454138,2420.601793226775,-4.574621314604883,-1.4476533698537752e-11,0.0,-4.574621314590407,0.9999999999968355,-7.10643717257298e-14,-1.4476533698537752e-11,5.601624447493211e-16,0.9950910643938952,1.1905455511901243e-13,3.2320002308517225e-15,39
315,0.012,0.012,300.0,2420.601801431763,2420.2603296244724,-0.34147180729041793,-1.4476479270687843e-11,0.0,-0.34147180727594145,0.9999999999576057,-2.5553728761758194e-14,-1.4476479270687843e-11,5.794022149297885e-16,0.9982348105306585,1.1761989274201587e-13,3.2386908778189053e-15,3
316,0.012,0.012,300.0,2420.2603377400374,2419.5817137105505,-0.6786240294868549,-1.492865739754693e-11,0.0,-0.6786240294719262,0.9999999999780016,7.10529180568652e-14,-1.492865739754693e-11,5.739017121315804e-16,1.0047594982030026,1.0810448919613834e-13,3.2850297201016768e-15,6
317,0.012,0.012,300.0,2419.5817216508804,2418.241461910915,-1.3402597399654042,-1.447615755344023e-11,0.0,-1.340259739950928,0.999999999989199,-7.103788183896645e-14,-1.447615755344023e-11,5.659508878439322e-16,0.9950927667389138,1.1752330645372254e-13,3.2355962814410728e-15,12
318,0.012,0.012,300.0,2418.2414695146954,2417.5796775336157,-0.6617919810796593,-1.4928328792172553e-11,0.0,-0.661791981064731,0.9999999999774426,7.10304624783973e-14,-1.4928328792172553e-11,5.735738638019707e-16,1.004758098744157,1.0801412750567704e-13,3.281942056856474e-15,6
319,0.012,0.012,300.0,2417.5796849757944,2415.9489674432807,-1.6307175325136996,-1.4475792397396883e-11,0.0,-1.6307175324992238,0.9999999999911231,-7.101219481320696e-14,-1.4475792397396883e-11,5.481459555560945e-16,0.9950944174340345,1.17413516692572e-13,3.2320801121937593e-15,15
320,0.012,0.012,300.0,2415.9489744998236,2415.6268267528476,-0.322147746976043,-1.4928008392488687e-11,0.0,-0.322147746961115,0.999999999953661,-2.4350997232419244e-14,-1.4928008392488687e-11,5.640633363986964e-16,0.9983687711989315,1.074194328095944e-13,3.2643381891054886e-15,3
321,0.012,0.012,300.0,2415.626833735284,2413.408156564047,-2.218677171236777,-1.4475387885991042e-11,0.0,-2.2186771712223017,0.9999999999934756,-7.098377253586827e-14,-1.4475387885991042e-11,5.480468044446924e-16,0.9950962438385113,1.1678576857620837e-13,3.2136029872065562e-15,21
322,0.012,0.012,300.0,2413.4081630504666,2412.7856766041527,-0.6224864463138147,-1.492754247668394e-11,0.0,-0.6224864462988872,0.9999999999760195,7.09768167530444e-14,-1.492754247668394e-11,5.6449906140732e-16,1.0047547556380367,1.0729163255195041e-13,3.2599676841748318e-15,6
323,0.012,0.012,300.0,2412.785682958074,2411.861238243932,-0.9244447141422825,-1.4475141705845194e-11,0.0,-0.9244447141278074,0.9999999999843419,-7.096649217029221e-14,-1.4475141705845194e-11,5.461242399982557e-16,0.9950973542358044,1.167119076130729e-13,3.211236439451006e-15,9
324,0.012,0.012,300.0,2411.8612444054047,2411.251043182575,-0.6102012228298008,-1.4475044617846008e-11,0.0,-0.6102012228153257,0.9999999999762782,-2.4561477323467246e-13,-1.4475044617846008e-11,6.038698836644013e-16,0.9830318468979461,1.1519326942458167e-13,3.1228990475058724e-15,6
325,0.012,0.012,300.0,2411.251049219801,2410.34474441132,-0.906304808481309,-1.4927142396516948e-11,0.0,-0.9063048084663818,0.9999999999835296,7.09495690512822e-14,-1.4927142396516948e-11,6.169937531027598e-16,1.0047530576962833,1.0569274507446372e-13,3.16885235937937e-15,9
326,0.012,0.012,300.0,2410.3447502680146,2409.449060081685,-0.8956901863298299,-1.447475796881379e-11,0.0,-0.8956901863153551,0.9999999999838396,-7.09395817955425e-14,-1.447475796881379e-11,5.701687709911897e-16,0.9950990833872053,1.1510819973107492e-13,3.120231697297069e-15,9
327,0.012,0.012,300.0,2409.4490657645797,2408.5637943630127,-0.8852714015670244,-1.4926850605094235e-11,0.0,-0.8852714015520976,0.9999999999831387,7.09297165254502e-14,-1.4926850605094235e-11,6.080075498626619e-16,1.0047518206219095,1.0561350776179723e-13,3.1661992875802467e-15,9
328,0.012,0.012,300.0,2408.563799878545,2407.6887562771913,-0.8750436013538092,-1.4474478040201015e-11,0.0,-0.8750436013393347,0.9999999999834585,-7.091997088130776e-14,-1.4474478040201015e-11,5.920720529729149e-16,0.9951003434676997,1.1502502762665506e-13,3.1176247146861244e-15,9
329,0.012,0.012,300.0,2407.688761631518,2407.39931739419,-0.2894442373280981,-1.492665986753577e-11,0.0,-0.2894442373131714,0.9999999999484299,7.091674851794087e-14,-1.492665986753577e-11,5.951153557588118e-16,1.0047510125605648,1.0556166288788645e-13,3.1644638549194544e-15,3
330,0.012,0.012,300.0,2407.3993226961034,2403.735124806244,-3.6641978898592242,-1.4473849634340638e-11,0.0,-3.6641978898447505,0.9999999999960499,-7.087600700955645e-14,-1.4473849634340638e-11,5.878924264864196e-16,0.9951031682102461,1.14837970448215e-13,3.1117646627988263e-15,39
331,0.012,0.012,300.0,2403.7351294822047,2403.460617411911,-0.2745120702938948,-1.4926015007410618e-11,0.0,-0.2745120702789688,0.9999999999456272,7.087295869518078e-14,-1.4926015007410618e-11,6.175738759314958e-16,1.0047482840302648,1.0538609585722154e-13,3.1585897594934475e-15,3
332,0.012,0.012,300.0,2403.460622043687,2402.643188170644,-0.8174338730432282,-1.447367615092853e-11,0.0,-0.8174338730287546,0.9999999999822938,-7.086388459182872e-14,-1.447367615092853e-11,5.804147832026852e-16,0.995103947065495,1.1478624603178957e-13,3.110145032359554e-15,9
333,0.012,0.012,300.0,2402.6431926729974,2398.688176036441,-3.955016636556593,-1.4925234205378747e-11,0.0,-3.9550166365416675,0.9999999999962262,7.082004752645091e-14,-1.4925234205378747e-11,5.95824257895651e-16,1.0047449873517516,1.0517293330612638e-13,3.1514635260119424e-15,45
334,0.012,0.012,300.0,2398.6881799562016,2397.416656815307,-1.2715231408947147,-1.4472846192793828e-11,0.0,-1.2715231408802419,0.9999999999886177,-7.080597733742667e-14,-1.4472846192793828e-11,5.612225831913245e-16,0.9951076673935303,1.1453829615293132e-13,3.1023857005022053e-15,15
335,0.012,0.012,300.0,2397.416660562351,2397.165051225754,-0.2516093365970846,-1.492498513533471e-11,0.0,-0.2516093365821596,0.9999999999406818,7.080319448599252e-14,-1.492498513533471e-11,6.08843264112602e-16,1.004743937353637,1.0510480272389692e-13,3.1491871763251024e-15,3
336,0.012,0.012,300.0,2397.165054939423,2396.16745545878,-0.9975994806432027,-1.4472647921500766e-11,0.0,-0.99759948062873,0.9999999999854925,-7.079216500916172e-14,-1.4472647921500766e-11,5.942692541864762e-16,0.9951085547445682,1.1447894198576618e-13,3.1005294133626273e-15,12
337,0.012,0.012,300.0,2396.1674590426737,2395.4283892268845,-0.7390698157892075,-1.4924701216342622e-11,0.0,-0.7390698157742828,0.999999999979806,7.078399826943854e-14,-1.4924701216342622e-11,6.091130748618661e-16,1.0047427413951797,1.0502706151088301e-13,3.146590500812772e-15,9
338,0.012,0.012,300.0,2395.428392717218,2390.920931268336,-4.507461448881713,-1.4471815594362186e-11,0.0,-4.507461448867241,0.9999999999967893,-7.073427124341861e-14,-1.4471815594362186e-11,6.02842676060075e-16,0.995112273869011,1.1422927521153243e-13,3.0927259458273834e-15,57
339,0.012,0.012,300.0,2390.920934233122,2390.2353744952766,-0.685559737845324,-1.4471706880831691e-11,0.0,-0.6855597378308522,0.9999999999788906,-2.9590382656788937e-13,-1.4471706880831691e-11,6.287478483104645e-16,0.9795529422337993,1.1087958029220867e-13,3.0019710524895136e-15,9
340,0.012,0.012,300.0,2390.235377386565,2390.008375666731,-0.22700171983387918,-1.4923815584714637e-11,0.0,-0.22700171981895537,0.9999999999342568,7.072422053372097e-14,-1.4923815584714637e-11,6.652275705226857e-16,1.0047390173198174,1.0146727611991653e-13,3.048754179484633e-15,3
341,0.012,0.012,300.0,2390.0083785340394,2387.560245509662,-2.448133024377512,-1.4923415781250125e-11,0.0,-2.4481330243625883,0.9999999999939041,0.0,-1.4923415781250125e-11,6.552590691775511e-16,1.0,1.0136021406287184e-13,3.0451966258275747e-15,33
