time_s,sensible_inventory_change_J,fixed_volume_sensible_change_J,geometry_heat_term_J,geometry_reference_temperature_K,surface_convection_in_W,surface_latent_out_W,linear_solver_relative_residual,physical_heat_balance_residual_J,physical_heat_balance_relative
300.0,-9079.651067020506,-9079.651067020506,0.0,301.15,14.388536254859893,44.65403980854069,4.7263071900483e-11,-9.16268618311733e-07,1.009145188012613e-10
600.0,-4510.470470251088,-4510.470470251088,0.0,283.74765764599226,17.431249986712242,32.46615154995111,4.733915367801299e-11,-1.2794289432349615e-06,2.4466192311897004e-10
900.0,-2444.220138475222,-2444.220138475222,0.0,275.04975262405935,18.839460630320836,26.986861104168277,4.93524814221164e-11,3.6790102058148477e-06,6.509404697594738e-10
1200.0,-1256.433283587758,-1256.433283587758,0.0,270.306151634453,19.7010196398146,23.88913058913285,4.4457733392023534e-11,1.2077171049895696e-06,2.0434087965491974e-10
1500.0,-554.1399403065022,-554.1399403065022,0.0,267.8531948361354,20.088406220811933,21.935539357369393,3.7991522962712614e-11,6.607357363463962e-07,1.0963798871242502e-10
1800.0,-62.38566428497984,-62.38566428497984,0.0,266.76583797895063,20.375630515696123,20.583582724975198,4.5105743625710665e-11,-1.5012574436923387e-06,2.4559688963340514e-10
2100.0,204.46712518588643,204.46712518588643,0.0,266.6448706950519,20.365230549012487,19.683673458980113,4.83203675723607e-11,-1.8238258405745e-06,2.985195504637417e-10
2400.0,400.91049928581236,400.91049928581236,0.0,267.0537612704263,20.343492993247008,19.00712465575722,4.4814608880647424e-11,-1.961123871296877e-06,3.213351597564668e-10
2700.0,515.4308753531749,515.4308753531749,0.0,267.8578511306838,20.254562431378698,18.536459504946393,4.2826744670252543e-11,-2.576516635599546e-06,4.240224302267102e-10
3000.0,536.8251197252633,536.8251197252633,0.0,268.8964917937522,19.9805242453398,18.191107171162862,4.637079059061017e-11,-2.5278183102273033e-06,4.217137113434989e-10
3300.0,586.4442687174893,586.4442687174893,0.0,269.98354119102316,19.8302260495916,17.875411812103692,3.653470219552715e-11,-2.528883442209917e-06,4.250890258614406e-10
3600.0,567.7662071064783,567.7662071064783,0.0,271.17717046076604,19.560427253278096,17.66787322212631,3.7623445994475746e-11,-2.2390573803932057e-06,3.8156245283752106e-10
3900.0,545.4674993845172,545.4674993845172,0.0,272.33854013275726,19.277360474815623,17.459135469769304,3.433505109499743e-11,-2.1293784584486275e-06,3.682002110248263e-10
4200.0,506.96707789151003,506.96707789151003,0.0,273.4598990349004,18.95966807988519,17.269777813794086,3.307384611697797e-11,-1.935821387633041e-06,3.403402386364919e-10
4500.0,485.910889270614,485.910889270614,0.0,274.5072909325412,18.700381180877063,17.08067821009708,3.5294537743889584e-11,-1.9633808392427454e-06,3.499716254002514e-10
4800.0,471.8971552049706,471.8971552049706,0.0,275.51623029169883,18.484171136797507,16.91118061406074,3.401507216619806e-11,-1.6160593645508925e-06,2.914312201848766e-10
5100.0,412.5593630065292,412.5593630065292,0.0,276.50097826895745,18.13587188498448,16.760673999999867,3.576792320124372e-11,-2.488854306648136e-06,4.57445943309141e-10
5400.0,392.33097816623297,392.33097816623297,0.0,277.3660211568917,17.89326338702564,16.585493452570773,3.2612400808595034e-11,-2.1702273329538002e-06,4.042913220118037e-10
5700.0,386.5248378065957,386.5248378065957,0.0,278.1927421315737,17.7112940442055,16.422877913718366,2.6505115576825264e-11,-1.3395438713814656e-06,2.521072840185302e-10
6000.0,367.4566155554465,367.4566155554465,0.0,279.011290953381,17.499636013044235,16.27478062354196,2.6389198489654638e-11,-1.2952356769346807e-06,2.467166890346008e-10
6300.0,328.8101335582244,328.8101335582244,0.0,279.7932390937661,17.231665330286074,16.1356315434885,3.447221680267454e-11,-2.4810475451886305e-06,4.799395952419419e-10
6600.0,295.5008344928049,295.5008344928049,0.0,280.49625094482906,16.970493623914145,15.985490834783254,3.174480201800401e-11,-2.246462088351109e-06,4.4124862405995543e-10
6900.0,297.8992701123825,297.8992701123825,0.0,281.13104730850625,16.80882848423116,15.815830908872604,3.628722705970088e-11,-2.4951843897724757e-06,4.948162393973062e-10
7200.0,263.0814345902492,263.0814345902492,0.0,281.77416232413657,16.557236857400333,15.680298735030119,3.154628285885304e-11,-2.1208151110840845e-06,4.2696639327557373e-10
7500.0,247.94926138707652,247.94926138707652,0.0,282.3447335836364,16.34139140842971,15.514893863659548,3.167816054103329e-11,-2.04397238690035e-06,4.169315280064353e-10
7800.0,222.00821427470078,222.00821427470078,0.0,282.885039983024,16.10377478147474,15.363747393769971,3.0589046362113086e-11,-2.0367299669032946e-06,4.2158437893006357e-10
8100.0,211.27324573749752,211.27324573749752,0.0,283.37104559397994,15.897990815637081,15.193746656587523,3.12002395201851e-11,-1.9773700330460997e-06,4.1459537371250317e-10
8400.0,224.34719679396795,224.34719679396795,0.0,283.8357427034771,15.782948318392071,15.035124322441657,3.59411831840395e-11,-1.9911562674224115e-06,4.2052900536589265e-10
8700.0,200.82834409740008,200.82834409740008,0.0,284.33163260932594,15.570507908649313,14.901080088447237,3.296525383776423e-11,-1.9632226724297652e-06,4.2028658365927127e-10
9000.0,221.19922149234827,221.19922149234827,0.0,284.77753483300063,15.488346170097183,14.751015425047258,3.995526658082379e-11,-2.0226289336733316e-06,4.353012498257887e-10
9300.0,197.60035569710382,197.60035569710382,0.0,285.27111462642796,15.283286662381899,14.624618803442097,3.5336931300842e-11,-1.9848368708608177e-06,4.328992218116433e-10
9600.0,164.75911257356407,164.75911257356407,0.0,285.71398680835625,15.036885681294116,14.487688633815159,4.035368557700991e-11,-1.6701230833859881e-06,3.70228055370894e-10
9900.0,174.43578598191155,174.43578598191155,0.0,286.0848233851336,14.920690672211094,14.339238046550193,3.5328408683910973e-11,-1.7163588665880525e-06,3.834404417092813e-10
10200.0,164.91042128966626,164.91042128966626,0.0,286.4793645475173,14.751437716103093,14.201736306243527,3.454153252384641e-11,-1.6682034242876398e-06,3.7695838114061277e-10
10500.0,149.62268627957647,149.62268627957647,0.0,286.85404615117574,14.568029636168102,14.069287343536702,3.211952418358913e-11,-1.5098435426352808e-06,3.454696300376331e-10
10800.0,183.37350241516654,183.37350241516654,0.0,287.19549740368984,14.538694079148318,13.927449065965655,4.4005927422983155e-11,-1.5396321657590306e-06,3.5299643773076827e-10
11100.0,159.3901637335557,159.3901637335557,0.0,287.6161409642284,14.348903034595885,13.817602483280899,3.679398370696165e-11,-1.6609402280209906e-06,3.858460408707168e-10
11400.0,165.69755017412155,165.69755017412155,0.0,287.9833254299141,14.238825894804217,13.686500722183371,4.151927375132919e-11,-1.6121320527417993e-06,3.774028525132985e-10
11700.0,124.26269896511104,124.26269896511104,0.0,288.3668316677576,13.992143684004505,13.577934679968644,3.646053326937211e-11,-2.2456472663634486e-06,5.349781317951589e-10
12000.0,153.2398077420453,153.2398077420453,0.0,288.6555264749544,13.94572196248039,13.43492259856932,4.354746596001891e-11,-1.431275364893736e-06,3.42106195420704e-10
12300.0,123.5305644584192,123.5305644584192,0.0,289.0134096888372,13.729670619874152,13.31790206425604,3.040088817563317e-11,-2.2270143631430983e-06,5.406816679004232e-10
12600.0,144.03402690472717,144.03402690472717,0.0,289.3030482940578,13.667582003991553,13.18746857651201,4.418586597460829e-11,-1.3391356219472073e-06,3.2659657027754165e-10
12900.0,138.355567069083,138.355567069083,0.0,289.64246160348654,13.538897595693529,13.077712367614957,4.1984924963221016e-11,-1.3544884609473229e-06,3.33480736121913e-10
13200.0,114.04459562740605,114.04459562740605,0.0,289.96992971050753,13.352646542580981,12.972497883326136,3.1397143140532934e-11,-2.1490473471885707e-06,5.364847436387378e-10
13500.0,142.4869404224096,142.4869404224096,0.0,290.2409330964345,13.316546212518025,12.841589740193616,4.9426727492980635e-11,-1.2749132736189495e-06,3.191301140883126e-10
13800.0,101.22143033275654,101.22143033275654,0.0,290.58127540153737,13.081209925942007,12.743805152314714,3.622053581102566e-11,-1.7554314126755344e-06,4.4731627084796636e-10
14100.0,133.4271888666433,133.4271888666433,0.0,290.82389198677663,13.059965798143647,12.61520849814239,2.8652190614864417e-11,-1.133733746883081e-06,2.893661857941034e-10
14400.0,125.80717039643949,125.80717039643949,0.0,291.1454271384531,12.937721008188733,12.518363768303503,4.312362346205176e-11,-1.5691294095177e-06,4.0427764377887563e-10
14700.0,108.07121025212554,108.07121025212554,0.0,291.44990823175846,12.771764881660978,12.41152750714448,3.4893211618380794e-11,-2.102823714267288e-06,5.488209692112169e-10
15000.0,108.79469773420665,108.79469773420665,0.0,291.7125182058021,12.660608171553712,12.297959172336187,3.5809186524443707e-11,-2.0310507835574754e-06,5.347428169948712e-10
15300.0,107.8304215979964,107.8304215979964,0.0,291.97807926816733,12.549091436123938,12.189656690644176,3.70149748695048e-11,-2.0459321206089953e-06,5.434476089425766e-10
15600.0,106.52557655600411,106.52557655600411,0.0,292.2424573994285,12.438377144522379,12.08329188164038,3.820917724805507e-11,-2.3085957678858904e-06,6.186755021876123e-10
15900.0,105.08947533884341,105.08947533884341,0.0,292.50479256597083,12.32875770242812,11.978459443625013,3.869267588914849e-11,-2.3020888022529107e-06,6.22417077702138e-10
16200.0,103.59657888049472,103.59657888049472,0.0,292.76473326927015,12.22031868181634,11.874996745469142,3.9014659583898675e-11,-2.0236644786564284e-06,5.5199446412354e-10
16500.0,102.0831367066813,102.0831367066813,0.0,293.02210937654473,12.11307973195406,11.772802603563592,3.981483225864243e-11,-1.8104592243162188e-06,4.982105471603735e-10
16800.0,100.5707548229069,100.5707548229069,0.0,293.276839641816,12.007033869852847,11.671798014453762,4.0917065276977097e-11,-1.7968188217309944e-06,4.988239508072656e-10
17100.0,99.0738030601641,99.0738030601641,0.0,293.5288964413586,11.902160828056598,11.571914811921578,4.2631044603078606e-11,-1.7803417051709403e-06,4.98604617791809e-10
17400.0,97.60226662927488,97.60226662927488,0.0,293.7782884321704,11.798432653381138,11.473091758736054,4.411723863006573e-11,-1.7642503138404209e-06,4.984420009197382e-10
17700.0,96.16311358244607,96.16311358244607,0.0,294.0250500552084,11.695816632942464,11.375272915169937,4.576025268809119e-11,-1.74931189178551e-06,4.985577170268995e-10
18000.0,94.76109976249427,94.76109976249427,0.0,294.2692342862331,11.59427711135595,11.278406773029397,4.754522537303168e-11,-1.7354715851070068e-06,4.989448870446636e-10
18300.0,93.39931560050654,93.39931560050654,0.0,294.5109072829987,11.493776738725558,11.182445680979857,4.9456499930562464e-11,-1.7232036668701767e-06,4.997497648921177e-10
18600.0,92.07958781785267,92.07958781785267,0.0,294.7501443172943,11.394277368079532,11.087345403707031,4.7590036885583863e-11,-1.4938974999267884e-06,4.370315178599694e-10
18900.0,90.80278459357018,90.80278459357018,0.0,294.9870266527178,11.29574071491168,10.993064761318546,4.924360490668772e-11,-1.4843700313349473e-06,4.380323724957696e-10
19200.0,89.5690524879196,89.5690524879196,0.0,295.2216391440309,11.198128836799608,10.899565323788542,3.8301156739957624e-11,-1.4154002485611272e-06,4.213204632038759e-10
19500.0,88.37799887476484,88.37799887476484,0.0,295.45406840039755,11.101404487787775,10.806811154133952,3.96016355209103e-11,-1.2213822344619985e-06,3.6673504864650043e-10
19800.0,87.22883352047347,87.22883352047347,0.0,295.68440138540007,11.005531373127004,10.714768590629465,4.104443296357236e-11,-1.228788420348792e-06,3.72172979413247e-10
20100.0,86.12047923481502,86.12047923481502,0.0,295.9127243587307,10.910474328573116,10.62340606036539,4.249866438521863e-11,-1.227502750111853e-06,3.7502272682963093e-10
20400.0,85.05165549677389,85.05165549677389,0.0,296.1391220872253,10.816199445686411,10.532693923268615,4.396158478897298e-11,-1.2285649120258313e-06,3.7861879248654604e-10
20700.0,84.02094338214411,84.02094338214411,0.0,296.3636772610308,10.72267415434208,10.442604338925893,4.545045144104625e-11,-1.2427120310576356e-06,3.8631906343823357e-10
21000.0,83.02683487112702,83.02683487112702,0.0,296.5864700707315,10.629867273620947,10.35311115322814,4.69372884749992e-11,-1.246715228830908e-06,3.909472547930282e-10
21300.0,82.06777013350893,82.06777013350893,0.0,296.8075779080449,10.537749039103256,10.264189801152336,4.842464083310713e-11,-1.2517670597844699e-06,3.959628237932786e-10
21600.0,81.14216567441309,81.14216567441309,0.0,297.0270751611413,10.446291112370915,10.175817222598218,4.9911216455947953e-11,-1.2573960930239991e-06,4.012256852689533e-10
21900.0,80.24843533153383,80.24843533153383,0.0,297.24503308248023,10.355466577294145,10.087971788805348,3.152204948094095e-11,-1.215105285723439e-06,3.9113167158420873e-10
22200.0,79.38500581358731,79.38500581358731,0.0,297.4615197117283,10.265249926957297,10.000633236844626,3.233430242483185e-11,-1.22021404536099e-06,3.9622806849758836e-10
22500.0,78.55032819358343,78.55032819358343,0.0,297.6765998403604,10.175617042563774,9.913782611170014,3.311824266196362e-11,-1.2245446328051912e-06,4.01136896721847e-10
22800.0,77.74288615664315,77.74288615664315,0.0,297.89033500797416,10.086545167795165,9.827402209847593,3.386703372715172e-11,-1.2276286156520655e-06,4.056984148122724e-10
23100.0,76.96120195663246,76.96120195663246,0.0,298.1027835222236,9.998012878909748,9.74147553495752,3.4576730462899e-11,-1.229036016070495e-06,4.0976009631643173e-10
23400.0,76.20384058092776,76.20384058092776,0.0,298.31400049664677,9.910000052051583,9.655987246020421,3.5241761988298724e-11,-1.2284206150070531e-06,4.1319226658421114e-10
23700.0,75.46941261307838,75.46941261307838,0.0,298.5240379018637,9.822487828392935,9.570923115767838,3.0870499662905047e-11,-1.174450673602223e-06,3.9855845556334847e-10
24000.0,74.75657598763844,74.75657598763844,0.0,298.7329446268371,9.735458578248808,9.486269987727553,3.140912553406212e-11,-1.168738108958678e-06,4.0016540209343615e-10
24300.0,74.06403727399054,74.06403727399054,0.0,298.9407665473252,9.648895863254694,9.402015735139573,3.1903898079557865e-11,-1.1605458070107488e-06,4.009252538522344e-10
24600.0,73.39055209459153,73.39055209459153,0.0,299.14754660035504,9.562784398736756,9.318149221082791,3.737669831855687e-11,-1.2015979820034772e-06,4.188452274640178e-10
24900.0,72.73492542921065,72.73492542921065,0.0,299.3533248623911,9.477110014770316,9.234660259377284,3.775713158269737e-11,-1.1886990307630185e-06,4.180947669034129e-10
25200.0,72.09601130354216,72.09601130354216,0.0,299.55813863093204,9.39185961792632,9.151539576335928,3.806718965175702e-11,-1.173575469692878e-06,4.1652222152499833e-10
25500.0,71.47271254402693,71.47271254402693,0.0,299.76202250783604,9.307021152065001,9.068778773063169,3.830022785514349e-11,-1.1565227282517299e-06,4.142115611270264e-10
25800.0,70.86398018066595,70.86398018066595,0.0,299.96500848456174,9.222583559531394,8.986370288469795,3.844947362081562e-11,-1.1378137969586533e-06,4.1124188596905e-10
26100.0,70.2688127578635,70.2688127578635,0.0,300.1671260283285,9.138536742440765,8.904307362854784,3.8506839094852066e-11,-1.117930892746699e-06,4.0777166128243733e-10
26400.0,69.68625553298276,69.68625553298276,0.0,300.3684021689119,9.05487152420494,8.822584002105314,3.846326006405417e-11,-1.0969048105380352e-06,4.037991437742859e-10
26700.0,69.11539958396897,69.11539958396897,0.0,300.5688615857258,8.971579611398825,8.74119494253466,3.831013674396275e-11,-1.0752804939784255e-06,3.9951362731122986e-10
27000.0,68.55538084461551,68.55538084461551,0.0,300.7685266948952,8.888653556050196,8.660135616389914,3.8039970358423415e-11,-1.0534691199381996e-06,3.950613792048553e-10
27300.0,68.00537907742634,68.00537907742634,0.0,300.9674177360679,8.806086718431766,8.579402118067343,3.7645833286668656e-11,-1.0319007515136036e-06,3.906013285688568e-10
27600.0,67.4646167946984,67.4646167946984,0.0,301.16555285873926,8.723873230426504,8.498991171074056,3.71241657852566e-11,-1.0110358346082648e-06,3.8630999782758805e-10
27900.0,66.93235813575014,66.93235813575014,0.0,301.3629482078829,8.642007959530517,8.418900095773575,3.6476509650573526e-11,-9.91332498756492e-07,3.823696620040091e-10
28200.0,66.40790770191454,66.40790770191454,0.0,301.5596180087082,8.560486473560577,8.33912677794966,3.5717494235510814e-11,-9.813602872554839e-07,3.821279278486709e-10
28500.0,65.89060932131873,65.89060932131873,0.0,301.75557465035524,8.4793050062517,8.2596696385202,4.965234270147354e-11,-9.981309148088258e-07,3.923792158566906e-10
28800.0,65.37984509390078,65.37984509390078,0.0,301.9508287682592,8.39846042283602,8.180527602578795,4.7909388092564226e-11,-9.83266730258947e-07,3.902567378442259e-10
29100.0,64.87503352816117,64.87503352816117,0.0,302.14538932594814,8.317950188415116,8.10170007250074,4.7172204661133193e-11,-1.2461514700135012e-06,4.99382436692591e-10
29400.0,64.3756292131585,64.3756292131585,0.0,302.33926369350775,8.237772334276741,8.023186898598102,4.575681321493009e-11,-1.4904333198728636e-06,6.030891440846148e-10
29700.0,63.881121027343085,63.881121027343085,0.0,302.53245772720754,8.157925427591143,7.9449883526291245,4.411919226076704e-11,-1.4612626060284128e-06,5.970727970807531e-10
30000.0,63.39103048723358,63.39103048723358,0.0,302.7249758458706,8.07840854135427,7.867105101622684,4.2593333006890444e-11,-1.4322420369694555e-06,5.909753262405788e-10
30300.0,62.90491120481654,62.90491120481654,0.0,302.91682110429696,7.9992212245929935,7.789538182563993,4.134016827423189e-11,-1.4038836937402266e-06,5.850084878363299e-10
30600.0,62.422347360592426,62.422347360592426,0.0,303.1079952670064,7.920363473957727,7.712288978157953,4.0752853723616276e-11,-1.3793399062933531e-06,5.805036224362864e-10
30900.0,61.94295227403256,61.94295227403256,0.0,303.29849887929277,7.841835706472371,7.635359193383569,4.1743156815693654e-11,-1.6526080415246724e-06,7.024749915638031e-10
31200.0,61.46636806094399,61.46636806094399,0.0,303.4883313356597,7.76363873184072,7.558750832902333,4.06387297228432e-11,-1.6205721351525426e-06,6.957957864551971e-10
31500.0,60.992263155390134,60.992263155390134,0.0,303.67749094927507,7.685773727651487,7.482466179276488,3.8087741971717134e-11,-1.357109397304157e-06,5.885806883357398e-10
31800.0,60.520331445677144,60.520331445677144,0.0,303.86597501521084,7.60824221500045,7.4065077723369805,3.6567278836232374e-11,-1.3533637144291788e-06,5.929375345774699e-10
32100.0,60.05029201390028,60.05029201390028,0.0,304.05377987291314,7.531046033469405,7.33087838858941,4.7497129086152936e-11,-1.4500982672416285e-06,6.418312767341638e-10
32400.0,59.58188726442,59.58188726442,0.0,304.2409009693782,7.45418731787777,7.255581022172298,4.6589746965792644e-11,-1.4472214573402198e-06,6.471626374209265e-10
32700.0,59.11488176629318,59.11488176629318,0.0,304.4273329181,7.377668476936172,7.180618866227809,4.57303108142627e-11,-1.4462156627814693e-06,6.534203713556126e-10
33000.0,58.64906141708081,58.64906141708081,0.0,304.6130695558876,7.301492171173099,7.10599529495746,4.522106085012915e-11,-1.44761090581369e-06,6.608744586615589e-10
33300.0,58.18423229318316,58.18423229318316,0.0,304.7981039984905,7.225661292426755,7.0317138464919395,4.513272245777068e-11,-1.4872615921035504e-06,6.86101719927169e-10
33600.0,57.72021974374641,57.72021974374641,0.0,304.98242869398473,7.150178943834645,6.957778206386811,4.518094227920971e-11,-1.4906036653883348e-06,6.949027323172248e-10
33900.0,57.25686722325989,57.25686722325989,0.0,305.1660354746183,7.075048420884372,6.8841921918233915,4.536925573708638e-11,-1.4950341409303292e-06,7.043693328973015e-10
34200.0,56.794035469287245,56.794035469287245,0.0,305.3489156062187,7.000273192950398,6.81095973638693,4.563205845676272e-11,-1.4997532176153072e-06,7.141403277068429e-10
34500.0,56.33160153706194,56.33160153706194,0.0,305.53105983619184,6.925856885657843,6.738084875520008,4.5922764386783e-11,-1.5042883774185611e-06,7.239962757213295e-10
34800.0,55.86945787335031,55.86945787335031,0.0,305.7124584395916,6.851803263996881,6.665571732565363,4.633210249098927e-11,-1.5561050048518155e-06,7.570294246617975e-10
35100.0,55.407511595387604,55.407511595387604,0.0,305.8931012633232,6.778116215890935,6.59342450538929,4.6599281817753155e-11,-1.5551058965002085e-06,7.647679910702156e-10
35400.0,54.945683419210084,54.945683419210084,0.0,306.0729777690589,6.7047997368690355,6.5216474536301225,4.692991119832293e-11,-1.5524638072861308e-06,7.718171400652405e-10
35700.0,54.48390706513632,54.48390706513632,0.0,306.2520770737834,6.631857914966586,6.450244886253685,4.7144569315049216e-11,-1.54873396951416e-06,7.784314186521908e-10
36000.0,54.02212832758852,54.02212832758852,0.0,306.43038798918747,6.559294916683244,6.379221150445408,4.732403450620638e-11,-1.5437622806757645e-06,7.845163747449343e-10
36300.0,53.56030444416817,53.56030444416817,0.0,306.60789905910514,6.487114973192545,6.308580619843083,4.749544544127331e-11,-1.560670597200442e-06,8.019335784087797e-10
36600.0,53.09840338235026,53.09840338235026,0.0,306.78459859566385,6.41532236727849,6.238327684159845,4.761038451836973e-11,-1.5532431945075587e-06,8.070486592276401e-10
36900.0,52.636403048182444,52.636403048182444,0.0,306.96047471392677,6.343921421063426,6.168466739079526,4.769147274441838e-11,-1.5469874909967984e-06,8.128450256127113e-10
37200.0,52.174290707481376,52.174290707481376,0.0,307.13551536469447,6.2729164841225735,6.099002176621932,4.773681666363491e-11,-1.5427111463850451e-06,8.197734659732907e-10
37500.0,51.712062325743574,51.712062325743574,0.0,307.3097083661173,6.202311922250838,6.029938376028091,4.774319653074847e-11,-1.541080635547587e-06,8.282291371700441e-10
37800.0,51.249721958521505,51.249721958521505,0.0,307.4830414337996,6.132112106778095,5.961279695112821,4.774840837165317e-11,-1.5410607545618404e-06,8.376998157282207e-10
38100.0,50.78728116786947,50.78728116786947,0.0,307.6555022095147,6.062321404473662,5.893030462084049,4.767777908185511e-11,-1.5490146125785031e-06,8.517169739826149e-10
38400.0,50.3247584675091,50.3247584675091,0.0,307.8270782885691,5.99294416790622,5.8251949678149515,4.756562059915993e-11,-1.559871478207242e-06,8.67615557286384e-10
38700.0,49.86217877107856,49.86217877107856,0.0,307.99775724586715,5.923984726405904,5.757777458562842,4.74733293856871e-11,-1.5818401521983105e-06,8.900766546247871e-10
39000.0,49.39957291508858,49.39957291508858,0.0,308.1675266606408,5.855447377495368,5.690782129111917,4.7276423741549377e-11,-1.5999467208871465e-06,9.108024361704218e-10
39300.0,48.93697712061284,48.93697712061284,0.0,308.33637414005364,5.787336378821848,5.624213116344216,4.7056081441099125e-11,-1.6226768195792829e-06,9.346135040161706e-10
39600.0,48.474432569644165,48.474432569644165,0.0,308.50428734143026,5.719655940585636,5.558074493203723,4.678143730259337e-11,-1.6449299522491856e-06,9.586415507834205e-10
39900.0,48.01198493314035,48.01198493314035,0.0,308.6712539934594,5.6524102184029825,5.492370263064782,4.64667689502945e-11,-1.6683198964528856e-06,9.83839832325692e-10
40200.0,47.54968395943068,47.54968395943068,0.0,308.8372619161671,5.585603306647952,5.427104354473967,4.6116086219864e-11,-1.6927647550346592e-06,1.0101951165656779e-09
40500.0,47.08758286473274,47.08758286473274,0.0,309.00229903982967,5.519239232626872,5.3622806162623675,4.853935795132784e-11,-2.044618668151088e-06,1.2348432951075127e-09
40800.0,46.62573883479201,46.62573883479201,0.0,309.1663534221019,5.453321949307198,5.297902812956816,4.8105179214765534e-11,-2.0703225445117823e-06,1.2654809696774523e-09
41100.0,46.16421122707008,46.16421122707008,0.0,309.32941326717787,5.387855331701108,5.233974620621468,4.767291327254917e-11,-2.096822072417126e-06,1.297252149094048e-09
41400.0,45.70306223009204,45.70306223009204,0.0,309.49146693898984,5.322843171096282,5.170499623250032,4.721497458190889e-11,-2.1237827709796875e-06,1.3299801770803614e-09
41700.0,45.242356321028,45.242356321028,0.0,309.65250297690307,5.258289170369645,5.107481308795818,4.673353329740124e-11,-2.1511200571922018e-06,1.3636374794763543e-09
42000.0,44.782159915401834,44.782159915401834,0.0,309.8125101097397,5.194196939756009,5.044923066108852,4.623340646383528e-11,-2.178745077685562e-06,1.3981918045306833e-09
42300.0,44.32254106023308,44.32254106023308,0.0,309.97147726875534,5.130569992965856,4.98282818207647,4.5717027117983253e-11,-2.2065826499328978e-06,1.433617611661199e-09
42600.0,43.863568976103714,43.863568976103714,0.0,310.1293935996899,5.06741174392215,4.921199838499749,4.648336970456932e-11,-2.6506166292961097e-06,1.7435703295508844e-09
42900.0,43.40531481482782,43.40531481482782,0.0,310.2862484733273,5.004725501916612,4.860041110274949,4.6055509132766107e-11,-2.6776710555509453e-06,1.783428518057919e-09
43200.0,42.94784962092055,42.94784962092055,0.0,310.44203149887215,4.942514470733585,4.79935496298201,4.565220412229838e-11,-2.7045518962154347e-06,1.8240053804125171e-09
43500.0,42.4912454907371,42.4912454907371,0.0,310.5967325301535,4.880781744893094,4.7391442508198685,4.5285276280340324e-11,-2.7312304666793352e-06,1.8652957725724318e-09
43800.0,42.03557494007733,42.03557494007733,0.0,310.7503416760193,4.819530307338139,4.6794117150124075,4.497158042926429e-11,-2.7576421999242484e-06,1.907268982709447e-09
44100.0,41.58091072663903,41.58091072663903,0.0,310.90284930852675,4.75876302726084,4.620159982226175,4.472455159094572e-11,-2.7837603795433097e-06,1.949918752412747e-09
44400.0,41.127325617826784,41.127325617826784,0.0,311.0542460705361,4.698482658308562,4.561391563550581,4.4555768366198724e-11,-2.809567476447228e-06,1.9932445435186965e-09
44700.0,40.6748921949416,40.6748921949416,0.0,311.2045228824242,4.6386918369997545,4.503108853298493,4.9981568766723744e-11,-2.915436759565182e-06,2.095013610166761e-09
45000.0,40.22368296072448,40.22368296072448,0.0,311.35367094816405,4.579393080593427,4.445314127857321,4.4483741216336396e-11,-2.860107230162612e-06,2.0818677495956014e-09
45300.0,39.773769660937155,39.773769660937155,0.0,311.5016817617251,4.520588787072556,4.388009545253932,4.456822297084868e-11,-2.884649916268245e-06,2.12704587251807e-09
45600.0,39.32522367066379,39.32522367066379,0.0,311.64854711097206,4.462281233115539,4.331197144517644,4.470339025009186e-11,-2.9087049142617616e-06,2.172808601928869e-09
45900.0,38.87811557497027,38.87811557497027,0.0,311.7942590829274,4.404472573692981,4.274878845335402,4.487220792775781e-11,-2.9323035519723817e-06,2.2191862952266853e-09
46200.0,38.43251511997487,38.43251511997487,0.0,311.9388100674334,4.347164841383941,4.21905644779987,4.5011215817788175e-11,-2.955246493741015e-06,2.2660336116141677e-09
46500.0,37.98849110076858,37.98849110076858,0.0,312.08219276055536,4.290359945916116,4.1637316323217135,4.509343999603445e-11,-2.9775520786756715e-06,2.3133661792253795e-09
46800.0,37.54611151904267,37.54611151904267,0.0,312.22440016749084,4.234059673042879,4.108905959677305,4.8200003048348094e-11,-2.4906294697757403e-06,1.960789141788207e-09
47100.0,37.10544237827489,37.10544237827489,0.0,312.36542560592926,4.178265687462925,4.054580871193037,4.759726310347929e-11,-2.5026915224657387e-06,1.996595166247388e-09
47400.0,36.66654942610711,36.66654942610711,0.0,312.5052627048818,4.1229795288006725,4.000757688999925,4.682773069209001e-11,-2.5141172130815903e-06,2.0326054620770155e-09
47700.0,36.229496705610416,36.229496705610416,0.0,312.64390540982,4.068202613963149,3.9474376165284277,4.5916923344871833e-11,-2.5248059927207578e-06,2.068731765436129e-09
48000.0,35.794346910732564,35.794346910732564,0.0,312.78134798231616,4.0139362371148035,3.894621738963568,4.4905980285344175e-11,-2.5346380922997014e-06,2.1048649360389325e-09
48300.0,35.36116130955858,35.36116130955858,0.0,312.91758500085945,3.960181570054816,3.8423110238777296,4.38537523279545e-11,-2.543567390489443e-06,2.1409518271609915e-09
48600.0,34.9299996895582,34.9299996895582,0.0,313.05261136124136,3.906939662747611,3.790506321943563,4.284713018512028e-11,-2.5516561663607717e-06,2.1770288995336765e-09
48900.0,34.50092031229505,34.50092031229505,0.0,313.18642227657983,3.8542114439676283,3.7392083677309973,4.186649639532976e-11,-2.55869424137245e-06,2.21289904006794e-09
49200.0,34.07397987451462,34.07397987451462,0.0,313.3190132770131,3.8019977220473695,3.68841778058287,4.0995585194689525e-11,-2.5648351851259577e-06,2.2486732612987103e-09
49500.0,33.64923347682629,33.64923347682629,0.0,313.45038020908146,3.750299185718963,3.6381350655625813,4.0260121257943825e-11,-2.57008820625515e-06,2.2843405987820706e-09
49800.0,33.22673459814932,33.22673459814932,0.0,313.58051923481827,3.699116405042865,3.5883606144672813,3.968149932038684e-11,-2.5745258227516388e-06,2.3199466582901487e-09
50100.0,32.80653507647371,32.80653507647371,0.0,313.70942683056967,3.6484498324155323,3.5390947068998737,3.9260084443331745e-11,-2.578223877947039e-06,2.355542761421748e-09
50400.0,32.388685116752676,32.388685116752676,0.0,313.8370997855665,3.59829980359834,3.490337511271548,3.89808903483408e-11,-2.5812848534201294e-06,2.391207879935237e-09
50700.0,31.973233205876465,31.973233205876465,0.0,313.9635352003241,3.5486665390177947,3.4420890863854963,3.8825743864110086e-11,-2.583813071055374e-06,2.427027206460229e-09
51000.0,31.560226205406284,31.560226205406284,0.0,314.0887304845594,3.499550144823329,3.394349382171483,4.111562456593286e-11,-2.590147541781107e-06,2.467124282257206e-09
51300.0,31.149709317291144,31.149709317291144,0.0,314.21268335525866,3.4509506141470383,3.347118241114796,4.107961147644911e-11,-2.592381495247764e-06,2.504026460245859e-09
51600.0,30.741726071234034,30.741726071234034,0.0,314.33539183442923,3.4028678284768015,3.3003953995911273,4.101372130726344e-11,-2.5944682278122855e-06,2.5414526399375577e-09
51900.0,30.336318389510694,30.336318389510694,0.0,314.45685424661053,3.355301558886246,3.25418048891876,3.887863106137079e-11,-2.6007351188184202e-06,2.5837072795345647e-09
52200.0,29.933526535124795,29.933526535124795,0.0,314.57706921644746,3.308251467485377,3.208473037026757,3.876334237939094e-11,-2.6024612047592655e-06,2.6221920454930562e-09
52500.0,29.533389174489137,29.533389174489137,0.0,314.69603566586954,3.261717108795727,3.1632724695324073,3.8463870601611154e-11,-2.6045068040048136e-06,2.6616929234209757e-09
52800.0,29.135943397895304,29.135943397895304,0.0,314.81375281132296,3.2156979311394522,3.1185781111251414,3.8351546539782624e-11,-2.6063979525758896e-06,2.7017441816042893e-09
53100.0,28.74122473548062,28.74122473548062,0.0,314.9302201608922,3.1701932780982647,3.0743891868943316,4.080030665625404e-11,-2.62569930242762e-06,2.7608193697711752e-09
53400.0,28.34926722653121,28.34926722653121,0.0,315.0454375112946,3.1252023898281758,3.0307048236473713,4.050466747716275e-11,-2.6277101454752483e-06,2.802709305086766e-09
53700.0,27.96010339369174,27.96010339369174,0.0,315.1594049449609,3.080724404643478,2.9875240512319694,4.022729309485826e-11,-2.6297607966796477e-06,2.8453922425040605e-09
54000.0,27.573764327897127,27.573764327897127,0.0,315.27212282682416,3.0367583603559223,2.9448458038234984,3.997939033011892e-11,-2.6318300463401556e-06,2.888859033257306e-09
54300.0,27.190279714626712,27.190279714626712,0.0,315.38359180126145,2.9933031957091365,2.9026689212143215,3.9762226089847866e-11,-2.633817782538017e-06,2.9330114707541854e-09
54600.0,26.809677877630257,26.809677877630257,0.0,315.49381278895805,2.950357751786534,2.860992150075522,3.9578358401999596e-11,-2.6356732227839075e-06,2.9778007104256252e-09
54900.0,26.431985824414344,26.431985824414344,0.0,315.6027869837637,2.907920773401549,2.8198141451959446,3.942552293562798e-11,-2.637266920402226e-06,3.023084334031191e-09
55200.0,26.057229146372798,26.057229146372798,0.0,315.7105158495544,2.865990910696951,2.779133470694986,4.398924844180997e-11,-2.854216781145169e-06,3.319639256928745e-09
55500.0,25.685432704822077,25.685432704822077,0.0,315.81700111651054,2.8245667196951905,2.7389486011819866,4.38248107084132e-11,-2.8491390899887392e-06,3.3623317281693864e-09
55800.0,25.31661963470704,25.31661963470704,0.0,315.9222447800113,2.783646664584975,2.6992579229906757,4.369068972523226e-11,-2.843582791456356e-06,3.405105046357499e-09
56100.0,24.950812171158056,24.950812171158056,0.0,316.02624909530897,2.743229118572328,2.6600597352092095,4.3589549316097274e-11,-2.8377774654586574e-06,3.448220257707986e-09
56400.0,24.58803146104812,24.58803146104812,0.0,316.12901657539686,2.703312365201968,2.621352250803986,4.349889357501041e-11,-2.8583465478959624e-06,3.5244990364286066e-09
56700.0,24.228297691767498,24.228297691767498,0.0,316.2305499879495,2.6638945994787226,2.5831335976685454,4.3512375686340636e-11,-2.8512856609097526e-06,3.567815910669162e-09
57000.0,23.87163002093433,23.87163002093433,0.0,316.3308523526337,2.624973929202818,2.545401819653432,4.3549607946246444e-11,-2.843881532044179e-06,3.6113140025328957e-09
57300.0,23.51804672021942,23.51804672021942,0.0,316.4299269379761,2.5865483760594903,2.508154877538286,4.360797308854673e-11,-2.8361419204259164e-06,3.654989208368197e-09
57600.0,23.167565199874893,23.167565199874893,0.0,316.52777725867077,2.548615876749265,2.4713906499894533,4.369306573568045e-11,-2.8280686166226587e-06,3.6988294213901354e-09
57900.0,22.820202059604735,22.820202059604735,0.0,316.62440707284355,2.5111742840769598,2.4351069344794274,4.3789766641492174e-11,-2.819654973507113e-06,3.742810672794518e-09
58200.0,22.475973956523248,22.475973956523248,0.0,316.71982037938403,2.474221366836653,2.3993014481765624,3.4291898729628885e-11,-1.6415039389983122e-06,2.211475444356341e-09
58500.0,22.134894156496728,22.134894156496728,0.0,316.81402141876134,2.4377548147678882,2.3639718289062657,3.42801135473308e-11,-1.6019900428432265e-06,2.190526617823897e-09
58800.0,21.79697822979331,21.79697822979331,0.0,316.907014659318,2.401772234988429,2.3291156356808282,3.427368031928668e-11,-1.5624869007524467e-06,2.1685193930139317e-09
59100.0,21.46223998138036,21.46223998138036,0.0,316.9988048071847,2.366271154842096,2.294730349826981,3.428030673973208e-11,-1.52315405799186e-06,2.1456459809843758e-09
59400.0,21.130692647198078,21.130692647198078,0.0,317.0893967991102,2.331249022786227,2.2608133756839153,3.430114520340232e-11,-1.4834953852016497e-06,2.1211739153583688e-09
59700.0,20.802348906435398,20.802348906435398,0.0,317.1787958001528,2.296703209322372,2.227362041381602,3.485104783182559e-11,-1.475795549765735e-06,2.141904308424131e-09
60000.0,20.47722099107947,20.47722099107947,0.0,317.26700720130606,2.2626310077101004,2.1943735996115414,3.497116854963768e-11,-1.4384882192075565e-06,2.119196950078309e-09
60300.0,20.155320594551466,20.155320594551466,0.0,317.35403661747347,2.229029635062681,2.161845228409336,3.519225779886669e-11,-1.4014520068883485e-06,2.095757999869062e-09
60600.0,19.836658987993502,19.836658987993502,0.0,317.43988988495,2.195896233092282,2.1297740319126626,3.5344237829009206e-11,-1.3658923911918919e-06,2.0734015427016618e-09
60900.0,19.52124703113954,19.52124703113954,0.0,317.5245730592881,2.1632278689882307,2.098157041147815,3.639663105772173e-11,-1.3209851807971518e-06,2.035515536349843e-09
61200.0,19.209095140542118,19.209095140542118,0.0,317.60809241310955,2.1310215363118568,2.066991214822348,3.693910548267103e-11,-1.3063104624677635e-06,2.0433243559621413e-09
61500.0,18.9002134120126,18.9002134120126,0.0,317.6904544336844,2.0992741557970667,2.0362734401794396,3.7054897494695385e-11,-1.2732755294564413e-06,2.0217710741279135e-09
61800.0,18.594611540970988,18.594611540970988,0.0,317.77166582093645,2.067982576274293,2.006000533666563,3.7177026478857115e-11,-1.241347945324378e-06,2.0009000713484546e-09
62100.0,18.292298854498434,18.292298854498434,0.0,317.85173348501957,2.0371435755880394,1.9761692420758004,3.759956424000925e-11,-1.1991732726812643e-06,1.9621809135946842e-09
62400.0,17.993284311326484,17.993284311326484,0.0,317.9306645439421,2.006753861536203,1.946776243271295,3.765245655061806e-11,-1.1681459497481228e-06,1.9403574634275076e-09
62700.0,17.697576532876997,17.697576532876997,0.0,318.0084663211072,1.9768100727664955,1.917818147196071,3.7713326940996276e-11,-1.1382503650736453e-06,1.9193386030601188e-09
63000.0,17.40518376760138,17.40518376760138,0.0,318.08514634290316,1.9473087798134208,1.8892914968895296,3.7730940797312434e-11,-1.1095659786519718e-06,1.8993152501102633e-09
63300.0,17.116113808973395,17.116113808973395,0.0,318.1607123360646,1.9182464863009117,1.8611927695566315,3.5806470388886895e-11,-1.214310657360329e-06,2.1101053592995566e-09
63600.0,16.830374333776508,16.830374333776508,0.0,318.2351722245995,1.889619629433913,1.8335183776949178,3.573460006511758e-11,-1.1879220416233238e-06,2.095522335323465e-09
63900.0,16.5479722843454,16.5479722843454,0.0,318.3085341281102,1.8614245819270718,1.8062646703598,3.795707040119722e-11,-1.185836154604658e-06,2.1235279798031547e-09
64200.0,16.268914355101764,16.268914355101764,0.0,318.38080635736605,1.8336576527790096,1.779427934389902,3.7900271794579674e-11,-1.1616305215511602e-06,2.1116819339943216e-09
64500.0,15.993206721412331,15.993206721412331,0.0,318.45199741191624,1.806315088677833,1.7530043958160229,3.775927699154958e-11,-1.1371307024887756e-06,2.098435482669343e-09
64800.0,15.7208550928809,15.7208550928809,0.0,318.5221159764585,1.7793930753395981,1.726990221313464,3.767501213887385e-11,-1.1149593284187631e-06,2.088650982313117e-09
65100.0,15.451864655165698,15.451864655165698,0.0,318.59117091737517,1.7528877389566804,1.7013815197939228,3.757947239866588e-11,-1.0936615666423677e-06,2.079733045337168e-09
65400.0,15.18624005775013,15.18624005775013,0.0,318.65917127895256,1.7267951476771257,1.6761743439074137,3.746767005312794e-11,-1.0731634727534356e-06,2.0715900091894678e-09
65700.0,14.92398532827053,14.92398532827053,0.0,318.72612627948354,1.7011113132969444,1.6513646920247858,3.734137426724708e-11,-1.0533770709031387e-06,2.0640959092825343e-09
66000.0,14.665103866890007,14.665103866890007,0.0,318.79204530695284,1.675832192919159,1.6269485099154373,3.719899797047712e-11,-1.0342265355234304e-06,2.0571402075007173e-09
66300.0,14.409598387915699,14.409598387915699,0.0,318.85693791460443,1.6509536907763316,1.6029216927644196,3.7036182448791057e-11,-1.0156578813536044e-06,2.0506488401783682e-09
66600.0,14.15747088001389,14.15747088001389,0.0,318.92081381623285,1.626471660117184,1.579280087191882,3.6852576677326396e-11,-9.975767323311402e-07,2.0444597074612143e-09
66900.0,13.908722555312707,13.908722555312707,0.0,318.98368288122765,1.6023819052090846,1.5560194934250402,3.6643741464893996e-11,-9.799006228661256e-07,2.0384250464483053e-09
67200.0,13.663353802321382,13.663353802321382,0.0,319.0455551293436,1.578680183433176,1.5331356675501737,3.641625815197189e-11,-9.625793211398559e-07,2.0324558265848844e-09
67500.0,13.421364137995273,13.421364137995273,0.0,319.1064407252131,1.5553622074728353,1.5106243238634673,3.4819233068026305e-11,-9.44815104375607e-07,2.0248554748987806e-09
67800.0,13.182752162135563,13.182752162135563,0.0,319.1663499725956,1.5324236476159014,1.4884811373166182,3.447767704455859e-11,-9.276493972976141e-07,2.017826246984253e-09
68100.0,12.947515459019922,12.947515459019922,0.0,319.2252933083788,1.5098601342516642,1.4667017463526943,3.4118409461780724e-11,-9.106710372464022e-07,2.0104975654974832e-09
68400.0,12.715650720026353,12.715650720026353,0.0,319.28328129609326,1.4876672599680651,1.4452817545885168,3.37310620985504e-11,-8.938381448331256e-07,2.0027734446754198e-09
68700.0,12.487153502529127,12.487153502529127,0.0,319.3403246199335,1.4658405824420793,1.4242167345102774,3.3269145408311934e-11,-8.770114288125797e-07,1.9943310782847553e-09
69000.0,12.262017897022565,12.262017897022565,0.0,319.39643407765817,1.4443756274601727,1.4035022298912518,3.420154583855795e-11,-1.3736536850217362e-06,3.1701210749385745e-09
69300.0,12.040238144821066,12.040238144821066,0.0,319.45162057195654,1.4232678900228417,1.3831337586049584,4.236650597276698e-11,-1.280543941106771e-06,2.999069840338162e-09
69600.0,11.821805798126295,11.821805798126295,0.0,319.50589510902836,1.402512839154597,1.3631068156315362,4.187318994347829e-11,-1.2587919044904083e-06,2.99175372789975e-09
69900.0,11.606711874984661,11.606711874984661,0.0,319.55926878439647,1.3821059196057361,1.343416875900044,4.1353013485873884e-11,-1.2367229835774651e-06,2.9827018948259686e-09
70200.0,11.394946115962535,11.394946115962535,0.0,319.6117527783407,1.3620425550932513,1.3240593973252568,4.081008573044334e-11,-1.2144358283450174e-06,2.972094676982815e-09
70500.0,11.186497002467291,11.186497002467291,0.0,319.6633583479677,1.3423181511419942,1.3050298238276217,4.024408604197402e-11,-1.191844454240254e-06,2.9596670834612428e-09
70800.0,10.98135174557096,10.98135174557096,0.0,319.71409681933017,1.3229280980561904,1.2863235883405066,3.965657251760671e-11,-1.1691341637032338e-06,2.945824406282474e-09
71100.0,10.779496239590618,10.779496239590618,0.0,319.76397957946756,1.303867774014708,1.2679361160662739,3.8581049998960295e-11,-1.1449396168927706e-06,2.927034064114785e-09
71400.0,10.580915105673384,10.580915105673384,0.0,319.81301806820755,1.2851325480108389,1.2498628272521646,3.79540073100292e-11,-1.1219289035580005e-06,2.910021240726105e-09
71700.0,10.385591645998764,10.385591645998764,0.0,319.86122377014135,1.2667177829356027,1.232099140453051,3.730523770459639e-11,-1.0987667291573189e-06,2.8913747112397855e-09
72000.0,10.193507854771134,10.193507854771134,0.0,319.90860820636766,1.2486188386277581,1.2146404755269424,3.66422950271409e-11,-1.075473576861441e-06,2.8711019023317927e-09
72300.0,10.004644422782436,10.004644422782436,0.0,319.9551829262665,1.2308310748996594,1.1974822566573884,3.602178396780216e-11,-1.0498988594065395e-06,2.843333204740355e-09
72600.0,9.818980736532158,9.818980736532158,0.0,320.0009594992751,1.213349854604109,1.1806199153418337,3.528976156532852e-11,-1.042150431729283e-06,2.863011652615546e-09
72900.0,9.636494935378725,9.636494935378725,0.0,320.04594950664455,1.1961705465155017,1.1640488933339668,3.463026444736901e-11,-1.0190817540944863e-06,2.8398451961640334e-09
73200.0,9.457163859073209,9.457163859073209,0.0,320.09016453344395,1.1792885283930188,1.1477646455430375,3.3950597694095555e-11,-9.959211837440307e-07,2.8150339795728157e-09
73500.0,9.280963126005227,9.280963126005227,0.0,320.13361616031364,1.1626991898548389,1.1317626428590561,3.326091701288057e-11,-9.727295964268023e-07,2.788710972176865e-09
73800.0,9.107867144222313,9.107867144222313,0.0,320.1763159555681,1.1463979352322402,1.1160383749196536,3.256361130518181e-11,-9.495536605896859e-07,2.7609774680822994e-09
74100.0,8.937849144078886,8.937849144078886,0.0,320.21827546734227,1.1303801863672345,1.1005873527991756,3.184978172624197e-11,-9.263387674707246e-07,2.7316436795415738e-09
74400.0,8.770881192997326,8.770881192997326,0.0,320.2595062158926,1.1146413854704307,1.085405111612155,3.104683955389308e-11,-9.644853697921008e-07,2.8842920014884218e-09
74700.0,8.606934333218014,8.606934333218014,0.0,320.30001968594735,1.0991769972979182,1.0704872130352714,3.017681776434332e-11,-9.455760228149757e-07,2.8675273261705916e-09
75000.0,8.445978455724472,8.445978455724472,0.0,320.3398273197107,1.0839825123366138,1.055829247750625,2.945766986281169e-11,-9.200721589053273e-07,2.8292958248377267e-09
75300.0,8.28798247852965,8.28798247852965,0.0,320.3789405092814,1.0690534489820047,1.0414268377372342,2.8736830258713708e-11,-8.949015022352569e-07,2.7903235430290154e-09
75600.0,8.132914359026323,8.132914359026323,0.0,320.4173705899007,1.0543853559459813,1.0272756385157442,2.802182689611042e-11,-8.700447899911978e-07,2.7505591609518157e-09
75900.0,7.980739633469986,7.980739633469986,0.0,320.4551288332676,1.039973817096248,1.0133713412657663,4.0554723547287274e-11,-3.1156745237126415e-06,9.986387709939465e-09
76200.0,7.8314279909994955,7.8314279909994955,0.0,320.492226434094,1.0258144447322934,0.9997096746785892,3.935651752901569e-11,-3.025111783294676e-06,9.82995121203146e-09
76500.0,7.6849426610636575,7.6849426610636575,0.0,320.52867452713855,1.0119028926982903,0.9862864073747829,3.8182691100859043e-11,-2.935988548280477e-06,9.671509553818663e-09
76800.0,7.5412483181006085,7.5412483181006085,0.0,320.5644841550884,0.9982348530431983,0.9730973487991604,3.9776768349913315e-11,-2.955110738334099e-06,9.867787222366257e-09
77100.0,7.400308814671387,7.400308814671387,0.0,320.59966627306807,0.9848060587907136,0.960138352179649,4.0235293423217924e-11,-3.1686479760040243e-06,1.0725116712810593e-08
77400.0,7.262087886064422,7.262087886064422,0.0,320.6342317426741,0.9716122846473926,0.9474053147885169,3.9031941878333374e-11,-3.0715982921591944e-06,1.0537805187981634e-08
77700.0,7.126547836063738,7.126547836063738,0.0,320.66819132931084,0.9586493503228917,0.934894180044076,3.798338352760654e-11,-3.2475809677023904e-06,1.1292210116968358e-08
78000.0,6.993651308784859,6.993651308784859,0.0,320.70155569292444,0.9459131203415692,0.922600938681102,4.8438310457872144e-11,-3.189355274990646e-06,1.1239070503779353e-08
78300.0,6.863339624183208,6.863339624183208,0.0,320.73433538945335,0.9333995678135527,0.9105217587678472,4.6961598839567646e-11,-3.0895284321985628e-06,1.1033247134935103e-08
78600.0,6.735612728583016,6.735612728583016,0.0,320.76654076625874,0.9211045776108205,0.8986525252090616,4.551759323997751e-11,-2.9919446724591126e-06,1.0827379594687929e-08
78900.0,6.610421210366616,6.610421210366616,0.0,320.7981822360846,0.9090241528902626,0.8869894124367752,4.4866451493910587e-11,-9.256796067447226e-07,3.3944078156101193e-09
79200.0,6.487717818871849,6.487717818871849,0.0,320.82927004399573,0.8971543612270041,0.8755286322129231,4.595790767279463e-11,-8.853524500196386e-07,3.2894839070531686e-09
79500.0,6.367462878481876,6.367462878481876,0.0,320.8598142753616,0.8854913184698993,0.8642664393969746,4.453148048927499e-11,-8.433955320796827e-07,3.1748684392789726e-09
79800.0,6.249616036803566,6.249616036803566,0.0,320.8898248893898,0.8740311927525226,0.8531991366158305,4.314238782080832e-11,-8.042040775535497e-07,3.0670304226440267e-09
80100.0,6.134137438512367,6.134137438512367,0.0,320.91931171406395,0.8627702045053955,0.8423230771515888,4.178535337978376e-11,-7.676296478464906e-07,2.9657555157326176e-09
80400.0,6.020987393585308,6.020987393585308,0.0,320.94828444663193,0.8517046272836677,0.8316346668599247,4.046291466712105e-11,-7.335375862282945e-07,2.8708606353658775e-09
80700.0,5.910126256359498,5.910126256359498,0.0,320.9767526525798,0.8408307885337069,0.8211303653396771,3.9170575544690706e-11,-7.018494292410082e-07,2.7823649292740458e-09
81000.0,5.801512497775629,5.801512497775629,0.0,321.00472576407554,0.8301450735151312,0.8108066866603849,4.866772373474511e-11,-3.5586482649563322e-06,1.4289262517645429e-08
81300.0,5.6951109231806445,5.6951109231806445,0.0,321.03221306933835,0.8196439142642652,0.8006601996816451,4.7599197096518204e-11,-3.451605369519939e-06,1.4037011721194378e-08
81600.0,5.590879329348308,5.590879329348308,0.0,321.0592237408752,0.8093238043298994,0.7906875287479742,4.6047274970058914e-11,-3.3452292385049986e-06,1.37778773695932e-08
81900.0,5.488778382981044,5.488778382981044,0.0,321.0857668007185,0.7991812920764901,0.7808853533288201,4.453860340009696e-11,-3.2413199537728588e-06,1.3519335291041114e-08
82200.0,5.388768875069066,5.388768875069066,0.0,321.1118511323549,0.7892129816489729,0.771250408265809,4.307485855162091e-11,-3.1398800954818284e-06,1.3261650819619471e-08
82500.0,5.290811797797341,5.290811797797341,0.0,321.13748547973125,0.7794155331075261,0.7617794836451364,4.1655514500720804e-11,-3.04091957659125e-06,1.3005127763137754e-08
82800.0,5.194868352287141,5.194868352287141,0.0,321.1626784466584,0.7697856625505825,0.7524694248948831,4.0275128109470395e-11,-2.9444226612440616e-06,1.2749967532036162e-08
83100.0,5.1008999601174905,5.1008999601174905,0.0,321.18743849629124,0.7603201421366329,0.7433171322613814,4.2822882633023225e-11,-3.00245795781251e-06,1.3163130421066563e-08
83400.0,5.008868556202968,5.008868556202968,0.0,321.21177395069725,0.751015799510925,0.7343195607847465,4.896081229765997e-11,-3.0616505934943916e-06,1.3588931131622856e-08
83700.0,4.918736348434839,4.918736348434839,0.0,321.23569299185857,0.7418695176901485,0.7254737199717786,4.7500115848585784e-11,-2.9670761501066067e-06,1.3331527442295429e-08
84000.0,4.830465733197674,4.830465733197674,0.0,321.25920366156663,0.7328782355200629,0.7167766734933578,4.607321074205184e-11,-2.874813854525371e-06,1.3075450168905406e-08
84300.0,4.744019649411049,4.744019649411049,0.0,321.28231386095155,0.724038946677675,0.7082255385631122,4.468649152515179e-11,-2.7849577843852558e-06,1.2821399535500646e-08
84600.0,4.659361421682427,4.659361421682427,0.0,321.3050313517367,0.715348699540708,0.69981748578711,4.4129279278067934e-11,-2.7043969739182216e-06,1.2601765524303455e-08
84900.0,4.576454831402983,4.576454831402983,0.0,321.3273637567753,0.7068045967323702,0.6915497385643672,4.2802894523548485e-11,-2.6189979118740325e-06,1.235135294809875e-08
85200.0,4.495264099743858,4.495264099743858,0.0,321.3493185609724,0.6984037947026795,0.6834195725890313,4.108367485892093e-11,-2.5343506164787755e-06,1.2095918510664663e-08
85500.0,4.415753924223616,4.415753924223616,0.0,321.3709031121559,0.6901435032327103,0.6754243153068598,3.980102796760142e-11,-2.4535315592544293e-06,1.1850344881230303e-08
85800.0,4.337889493816704,4.337889493816704,0.0,321.3921246221606,0.68202098491139,0.6675613453488234,3.8536865270672576e-11,-2.374953268713398e-06,1.1607430080380681e-08
86100.0,4.261636496211766,4.261636496211766,0.0,321.4129901680173,0.67403355458809,0.6598280919362219,3.5268794908112474e-11,-2.2993486528122276e-06,1.1371088957222548e-08
86400.0,4.186961130647992,4.186961130647992,0.0,321.4335066932134,0.6661785787859036,0.6522220342607282,3.4120050650433394e-11,-2.2269046162648465e-06,1.1142680992651816e-08
86700.0,4.113830108482832,4.113830108482832,0.0,321.45368100904824,0.6584534750620928,0.644740700845574,3.29871166963283e-11,-2.1564728207579265e-06,1.091685746693325e-08
87000.0,4.042210672851826,4.042210672851826,0.0,321.4735197960241,0.6508557114582542,0.637381668886055,3.289157524728661e-11,-2.0988079336703436e-06,1.0748966817688497e-08
87300.0,3.9720706760818736,3.9720706760818736,0.0,321.49302960536596,0.643382806095443,0.6301425635718251,3.7591527509703464e-11,-2.0810034917495557e-06,1.0781572401552222e-08
87600.0,3.9033783124784036,3.9033783124784036,0.0,321.51221686094436,0.6360323251443474,0.6230210573797073,3.6236223964693676e-11,-2.0169136329961646e-06,1.0570288926423283e-08
87900.0,3.8361024906924417,3.8361024906924417,0.0,321.53108785994544,0.6288018842515348,0.6160148694339077,3.492068826054128e-11,-1.954595693742789e-06,1.0361481322368868e-08
88200.0,3.7702126378020457,3.7702126378020457,0.0,321.54964877536224,0.6216891464831166,0.6091217647104066,3.364416983437006e-11,-1.8940109529630433e-06,1.0155187490283133e-08
88500.0,3.705678717171595,3.705678717171595,0.0,321.56790565757575,0.6146918218583572,0.6023395533506802,3.2403042941294576e-11,-1.8351315085318731e-06,9.95149896405997e-09
88800.0,3.642471238492149,3.642471238492149,0.0,321.58586443605054,0.6078076666639753,0.5956660899472143,3.131975359566944e-11,-1.776536175501775e-06,9.742863699260356e-09
89100.0,3.5805612551094397,3.5805612551094397,0.0,321.60353092110665,0.6010344827186203,0.589099272793902,2.9837070478077597e-11,-1.7223060515547672e-06,9.551898163781287e-09
89400.0,3.519920647888938,3.519920647888938,0.0,321.620910805709,0.5943701171865508,0.5826370431527358,4.4930190828236354e-11,-1.5622555502581292e-06,8.76140699251538e-09
89700.0,3.46052098456008,3.46052098456008,0.0,321.63800966865796,0.5878124594937736,0.5762773844901372,4.3376964648453367e-11,-1.516530832468277e-06,8.599856456339376e-09
90000.0,3.4023352611134676,3.4023352611134676,0.0,321.65483297228127,0.5813594442754548,0.5700183218329024,4.1743144539035763e-11,-1.4716522751534455e-06,8.437994139681564e-09
90300.0,3.3453367490844763,3.3453367490844763,0.0,321.671386068588,0.5750090481438007,0.5638579208849499,4.0213150541414926e-11,-1.4285707674588366e-06,8.28143935050783e-09
90600.0,3.289499228437348,3.289499228437348,0.0,321.68767419986625,0.5687592894268769,0.5577942873753786,3.8736915775110546e-11,-1.387012144249411e-06,8.128876134618478e-09
90900.0,3.2347970080382824,3.2347970080382824,0.0,321.70370250043106,0.5626082274903773,0.5518255663079675,3.729908723891493e-11,-1.3466846517928843e-06,7.978818332133957e-09
91200.0,3.181204974383494,3.181204974383494,0.0,321.7194759984981,0.556553962404443,0.5459499412254678,4.0083859444980625e-11,-1.379309062077283e-06,8.261008247480299e-09
91500.0,3.128698651847306,3.128698651847306,0.0,321.73499961831675,0.5505946321032719,0.5401656334645526,4.180847400808827e-11,-9.397684741507817e-07,5.689415402646078e-09
91800.0,3.0772533392306842,3.0772533392306842,0.0,321.75027818262106,0.5447284156861755,0.5344709015080926,4.0321523470794566e-11,-9.141941705870238e-07,5.594189350519103e-09
92100.0,3.0268458299017436,3.0268458299017436,0.0,321.7653164108951,0.5389535291873694,0.5288640401241191,3.8904798764635425e-11,-8.890733300681575e-07,5.49876307770416e-09
92400.0,2.977453009945189,2.977453009945189,0.0,321.78011892604013,0.5332682260080057,0.5233433797682209,3.778403667529192e-11,-8.619902649442679e-07,5.388096914486753e-09
92700.0,2.9290525236603626,2.9290525236603626,0.0,321.7946902542365,0.5276707956192296,0.51790728584405,3.610193327673452e-11,-4.088935146029371e-07,2.5830089391441774e-09
93000.0,2.881621638407486,2.881621638407486,0.0,321.80903482806866,0.5221595648268067,0.5125541580248734,3.477883256362687e-11,-4.0217251484619965e-07,2.5673666438188926e-09
93300.0,2.8351391171860976,2.8351391171860976,0.0,321.82315698412606,0.5167328945362706,0.5072824294925127,3.338694001934025e-11,-3.95941273989564e-07,2.554132435900576e-09
93600.0,2.7895837880205976,2.7895837880205976,0.0,321.83706096976846,0.5113891802680846,0.502090566344477,3.2155217585948154e-11,-3.890616628865473e-07,2.5359789758202698e-09
93900.0,2.7449352267824922,2.7449352267824922,0.0,321.85075094292694,0.5061268507211197,0.4969770668755057,2.9291670036689516e-11,7.30982785412948e-08,4.814226475513387e-10
94200.0,2.7011726804953833,2.7011726804953833,0.0,321.86423097525847,0.5009443694686324,0.4919404609407393,3.878435899259781e-11,1.2212744637807305e-07,8.126480957530773e-10
94500.0,2.658276591755934,2.658276591755934,0.0,321.8775050500425,0.49584023089037865,0.4869793093673722,4.880075745379488e-11,1.3485400263135716e-07,9.0656891897887e-10
94800.0,2.6162276263553146,2.6162276263553146,0.0,321.8905770675663,0.49081296128148905,0.4820922029219583,4.7035765902229577e-11,1.1849609471425993e-07,8.047607001852078e-10
95100.0,2.5750069818892967,2.5750069818892967,0.0,321.90345084576086,0.4858611184725734,0.47727776220021445,4.535997412907298e-11,1.001816101187103e-07,6.873130771310148e-10
95400.0,2.5345964227562003,2.5345964227562003,0.0,321.91613012236604,0.4809832898210469,0.47253463675261687,4.3398716931298284e-11,5.022271967192182e-07,3.4805588700463676e-09
95700.0,2.4949775718942755,2.4949775718942755,0.0,321.92861855728773,0.4761780934157156,0.4678615045139273,4.3791529968866747e-11,9.013577781935567e-07,6.309668522883576e-09
96000.0,2.456132668016279,2.456132668016279,0.0,321.9409197314834,0.47144417719724424,0.46325707114282,4.206407680449026e-11,8.516890064313998e-07,6.021844137834284e-09
96300.0,2.4180448058860877,2.4180448058860877,0.0,321.9530371495848,0.4667802161052567,0.45872006943346694,4.040254484050528e-11,8.04349153504802e-07,5.7439534764074425e-09
96600.0,2.380697243709803,2.380697243709803,0.0,321.9649742437215,0.4621849128542854,0.45424925880020645,3.694165004265911e-11,1.0274861095282972e-06,7.4103537419176945e-09
96900.0,2.344073268535454,2.344073268535454,0.0,321.97673437395025,0.4576569989918559,0.4498434246677825,3.550946013668877e-11,9.713134270228352e-07,7.074537110852895e-09
97200.0,2.3081571200970847,2.3081571200970847,0.0,321.98832082752847,0.453195230602741,0.4455013778547733,3.715817961421181e-11,1.295706778314809e-06,9.530158975059116e-09
97500.0,2.272919105869736,2.272919105869736,0.0,321.9997368251528,0.44879843631026134,0.44122204338062837,3.559667426428699e-11,1.2269798452813063e-06,9.11307278882077e-09
97800.0,2.2383614571387005,2.2383614571387005,0.0,322.0109854491141,0.44446539876664837,0.4370041977807016,3.410168210182113e-11,1.161354669321213e-06,8.709749379395772e-09
98100.0,2.204471075293168,2.204471075293168,0.0,322.02206980227135,0.44019493623722117,0.4328467029820512,3.267487804753941e-11,1.0987421745767278e-06,8.32011823344113e-09
98400.0,2.1712323000510305,2.1712323000510305,0.0,322.0329929317274,0.4359858986893338,0.428748461576087,3.18257425221652e-11,1.1660769865251552e-06,8.915250011759786e-09
98700.0,2.138629195436497,2.138629195436497,0.0,322.0437578158567,0.43183716569398417,0.42470840538557164,3.0599467647380336e-11,1.1029127380268733e-06,8.513338094730195e-09
99000.0,2.106646542173542,2.106646542173542,0.0,322.0543673626233,0.4277476420067244,0.42072549034189627,2.9436122117124304e-11,1.0427251080358246e-06,8.125703145465323e-09
99300.0,2.0752697837417315,2.0752697837417315,0.0,322.0648244128181,0.42371625688721465,0.4167986942259768,2.832763131600331e-11,9.853703826223636e-07,7.751810058467585e-09
99600.0,2.044485064417596,2.044485064417596,0.0,322.07513174304574,0.41974196241411177,0.412927015535784,2.7960591358801018e-11,1.0009192599191863e-06,7.948687126431046e-09
99900.0,2.0142790669044803,2.0142790669044803,0.0,322.08529206891484,0.41582373330307576,0.40910947290271604,2.695548459066238e-11,9.467965651488441e-07,7.589726842733829e-09
100200.0,1.984639016211515,1.984639016211515,0.0,322.09530804743827,0.4119605650815162,0.40534510467314744,2.5953233994840045e-11,8.937008915133049e-07,7.231281885249259e-09
100500.0,1.9555525242687488,1.9555525242687488,0.0,322.10518227946386,0.40815147421355086,0.40163296860977,2.4995531355153608e-11,8.431344888926162e-07,6.8857972440845646e-09
100800.0,1.9270075591811513,1.9270075591811513,0.0,322.114917311347,0.40439549743978453,0.3979721415591172,2.4079378305389426e-11,7.949809504026462e-07,6.552833842411255e-09
101100.0,1.8989924089179286,1.8989924089179286,0.0,322.12451563647966,0.4006916912979717,0.39436171909861073,2.3204640994625774e-11,7.491096318812396e-07,6.2318040540898e-09
101400.0,1.8714956469505122,1.8714956469505122,0.0,322.1339796966473,0.3970391317075529,0.3908008152358824,2.236925754759785e-11,7.054493615932245e-07,5.922584662786986e-09
101700.0,1.8445061197262098,1.8445061197262098,0.0,322.1433118832252,0.393436913545911,0.38728856202641576,2.1569129153740394e-11,6.63877643525268e-07,5.624600545162952e-09
102000.0,1.8180129324445633,1.8180129324445633,0.0,322.152514538318,0.38988415024694256,0.38382410921983096,2.0805157135530124e-11,6.243110812764741e-07,5.337577678574961e-09
102300.0,1.7920054442305604,1.7920054442305604,0.0,322.1615899558387,0.38637997328299706,0.3804066238946722,2.4945601676016792e-11,6.277331103810013e-07,5.415507650385989e-09
102600.0,1.7664732423600351,1.7664732423600351,0.0,322.1705403825684,0.3829235322702563,0.3770352900958158,2.4121015910363082e-11,5.900279000936592e-07,5.136168193473109e-09
102900.0,1.7414061735401347,1.7414061735401347,0.0,322.1793680190963,0.3795139938530339,0.3737093084578307,2.3808997283575947e-11,5.549791641801249e-07,4.8744725549790015e-09
103200.0,1.716794301696901,1.716794301696901,0.0,322.18807502092164,0.37615054179924984,0.3704278958630739,2.3042354447422346e-11,5.208441187232182e-07,4.615564433607284e-09
103500.0,1.69262792520569,1.69262792520569,0.0,322.1966634993516,0.37283237653081935,0.367190285074688,2.2307283538728015e-11,4.88366278750263e-07,4.36627207910857e-09
103800.0,1.668897565139094,1.668897565139094,0.0,322.20513552249184,0.3695587147484838,0.36399572438960004,2.160557801730359e-11,4.5747397026119074e-07,4.126308414190158e-09
104100.0,1.645593961829094,1.645593961829094,0.0,322.2134931161847,0.3663287890745228,0.36084347729537486,2.093337110698257e-11,4.280847056836734e-07,3.895268571576262e-09
104400.0,1.6227080704669246,1.6227080704669246,0.0,322.221738264935,0.36314184770165503,0.3577328221338393,2.029423821501702e-11,4.001221993732429e-07,3.672781512290019e-09
104700.0,1.6002310566070728,1.6002310566070728,0.0,322.22987291282186,0.35999715404849575,0.3546630517716395,1.967686128355778e-11,3.7355019255613797e-07,3.458825422694096e-09
105000.0,1.5781542923751604,1.5781542923751604,0.0,322.23789896439075,0.3568939864254109,0.35163347327784505,1.8955348378373823e-11,3.4810539917273786e-07,3.251249319714443e-09
105300.0,1.5564693563394347,1.5564693563394347,0.0,322.2458182855343,0.35383163766565123,0.34864340755832285,1.8395689650644093e-11,3.2414091943877565e-07,3.053626686948672e-09
105600.0,1.5351680055203831,1.5351680055203831,0.0,322.2536327043774,0.35080941489589784,0.3456921892153932,1.7858812094763326e-11,3.013689864328484e-07,2.8635585176857273e-09
105900.0,1.5142422036607943,1.5142422036607943,0.0,322.26134401202586,0.3478266391377479,0.3427791660580092,1.7343493294030983e-11,2.797391722708653e-07,2.6808294783892973e-09
106200.0,1.4936841009449706,1.4936841009449706,0.0,322.26895396346293,0.34488264501715465,0.33990369887789695,1.6850006302269815e-11,2.591676604435378e-07,2.504887427534919e-09
106500.0,1.4734860291863319,1.4734860291863319,0.0,322.2764642783482,0.341976780466874,0.3370651611684152,1.6375838468884025e-11,2.3964867779113774e-07,2.335915686672881e-09
106800.0,1.4536405017342942,1.4536405017342942,0.0,322.2838766417974,0.3391084064208567,0.3342629388188162,1.5923323727295462e-11,2.2112213793334945e-07,2.1735639080453994e-09
107100.0,1.4341402004539963,1.4341402004539963,0.0,322.2911927051662,0.33627689654720144,0.33149642989078504,1.5484829602163498e-11,2.0352907492693362e-07,2.017475053214718e-09
107400.0,1.4149779859972649,1.4149779859972649,0.0,322.2984140867726,0.3334816369298888,0.3287650442660204,1.506780247889492e-11,1.8683673763675301e-07,1.8675364892333746e-09
107700.0,1.3961468767316751,1.3961468767316751,0.0,322.30554237267575,0.33072202577669657,0.32606820348515664,2.6573906061702906e-11,1.892696952499051e-07,1.907641266664027e-09
108000.0,1.3776400529179829,1.3776400529179829,0.0,322.3125791173519,0.32799747335758955,0.3234053404254075,2.5837647269769027e-11,1.7326335877143606e-07,1.76082005549009e-09
108300.0,1.3594508582908869,1.3594508582908869,0.0,322.319525844396,0.32530740139671765,0.3207758990626635,2.5121677721796625e-11,1.580746453733184e-07,1.6197463762441299e-09
108600.0,1.3415736040766173,1.3415736040766173,0.0,322.32638404723525,0.3226512427756655,0.31817933423518074,3.446686179400963e-11,1.0419311962106548e-06,1.0764266573067708e-08
108900.0,1.3240001491423827,1.3240001491423827,0.0,322.33315519389777,0.3200284416305901,0.3156151114083615,3.621009092961992e-11,1.0824738141401724e-06,1.1274766794942927e-08
109200.0,1.306725212117469,1.306725212117469,0.0,322.33984071455114,0.31743845363912127,0.3130827064290964,3.5328215406158844e-11,1.049110013529031e-06,1.1016413853898409e-08
109500.0,1.2897428172462129,1.2897428172462129,0.0,322.3464420158114,0.3148807446218257,0.31058160528738155,3.446827105499833e-11,1.0169129689430179e-06,1.076505932602451e-08
109800.0,1.27304703281642,1.27304703281642,0.0,322.3529604771499,0.3123547907454211,0.3081113039221512,3.3634323087249834e-11,9.858354454994611e-07,1.0520466626500884e-08
110100.0,1.2566320599228553,1.2566320599228553,0.0,322.35939745102155,0.30986007834094426,0.3056713079940006,3.281913229101866e-11,9.558397606745928e-07,1.0282487994714247e-08
110400.0,1.240492233237413,1.240492233237413,0.0,322.36575426344325,0.30739610369346576,0.30326113267228716,3.203259308470374e-11,9.268838325748874e-07,1.0050917165594835e-08
110700.0,1.2246220185969485,1.2246220185969485,0.0,322.37203221458043,0.3049623728266463,0.3008803024277339,3.126388084837845e-11,8.989232296308103e-07,9.825509742932526e-09
111000.0,1.2090160408678527,1.2090160408678527,0.0,322.3782325793227,0.3025584012324192,0.29852835083011847,3.80034130228655e-11,9.201776260958638e-07,1.0137741147358434e-08
111300.0,1.1936689476092042,1.1936689476092042,0.0,322.3843566080052,0.30018371386926185,0.29620482035212264,3.7129482706859525e-11,8.924674430588198e-07,9.910236096813627e-09
111600.0,1.1785758840627787,1.1785758840627787,0.0,322.39040552644127,0.2978378444282928,0.29390926217175917,4.415519618896893e-11,1.20710268625146e-06,1.3509618391718305e-08
111900.0,1.1637312051152753,1.1637312051152753,0.0,322.39638053836296,0.29552033610458167,0.29164123599617936,4.315700605659481e-11,1.172594581877462e-06,1.3226327019589525e-08
112200.0,1.1491303286988956,1.1491303286988956,0.0,322.40228282134285,0.2932307404872692,0.28940030985569953,4.218222105961072e-11,1.1392279912758596e-06,1.2950301974738101e-08
112500.0,1.1347684403896916,1.1347684403896916,0.0,322.408113532102,0.29096861772295907,0.28718605994482294,4.1234512762195937e-11,1.1069488523585136e-06,1.2681194063941707e-08
112800.0,1.1206408296880408,1.1206408296880408,0.0,322.4138738052617,0.28873353628547854,0.2849980704389335,4.031183363099188e-11,1.0757245259007675e-06,1.2418884435107322e-08
113100.0,1.1067428912086492,1.1067428912086492,0.0,322.41956475380056,0.28652507280973394,0.2828359333240817,3.94204377031265e-11,1.0455129746400615e-06,1.216313537459403e-08
113400.0,1.0930701234282851,1.0930701234282851,0.0,322.4251874695195,0.28434281191989536,0.2806992482294032,3.8544066122762125e-11,1.0162806312052908e-06,1.191379546802817e-08
113700.0,1.0796181263177187,1.0796181263177187,0.0,322.43074302350277,0.28218634605801624,0.27858762226359857,3.768913426946637e-11,9.879924180999922e-07,1.1670685369221294e-08
114000.0,1.0663825987542603,1.0663825987542603,0.0,322.43623246656824,0.28005527531577984,0.2765006698552951,3.686165472344866e-11,9.606088353653064e-07,1.1433562348030043e-08
114300.0,1.053359335196717,1.053359335196717,0.0,322.4416568297085,0.27794920727260364,0.2744380126023136,3.605611247949276e-11,9.341097046977609e-07,1.1202402936178866e-08
114600.0,1.0405444478600145,1.0405444478600145,0.0,322.4470171245144,0.27586775668650837,0.2723992790985694,3.708717610298769e-11,1.1714783310079468e-06,1.4155071317247076e-08
114900.0,1.0279334378651983,1.0279334378651983,0.0,322.45231434473243,0.2738105456906771,0.27038410481999403,3.97424750230592e-11,1.1766602814322624e-06,1.432450648755669e-08
115200.0,1.0155226138714273,1.0155226138714273,0.0,322.45754946310115,0.2717772035089638,0.26839213195064415,3.8894317247348534e-11,1.1463755382745688e-06,1.4060236638362973e-08
115500.0,1.0033081629349976,1.0033081629349976,0.0,322.46272343539965,0.26976736606836665,0.26642300924860407,3.806713218012665e-11,1.1170062224064026e-06,1.3802092258054688e-08
115800.0,0.9912863253574881,0.9912863253574881,0.0,322.4678371997774,0.26778067603524963,0.26447639191256633,3.725099987397213e-11,1.0885524984738382e-06,1.3550299379214667e-08
116100.0,0.979453435017944,0.979453435017944,0.0,322.47289167697255,0.265816782584715,0.2625519414427207,3.657918096022215e-11,1.0924196636175054e-06,1.3698905100412595e-08
116400.0,0.967805866215156,0.967805866215156,0.0,322.4778877707374,0.2638753415139234,0.26064932551018477,3.581539709230417e-11,1.0650935703404585e-06,1.3454504239637447e-08
116700.0,0.9563401196690642,0.9563401196690642,0.0,322.4828263679952,0.2619560147602222,0.2587682178231983,3.506956597154629e-11,1.0385619038100202e-06,1.3215474421798808e-08
117000.0,0.9450527531138362,0.9450527531138362,0.0,322.4877083394355,0.2600584704744121,0.2569082980067998,3.433825709195219e-11,1.012830149527133e-06,1.298208242271409e-08
117300.0,0.9339404008237024,0.9339404008237024,0.0,322.4925345397591,0.2581823828528205,0.2550692514762319,3.36289743941699e-11,9.878471103341724e-07,1.2753866722932118e-08
117600.0,0.922999770684296,0.922999770684296,0.0,322.4973058080219,0.2563274320072298,0.2532507693169483,3.293512444907814e-11,9.635998440282734e-07,1.253084562562016e-08
117900.0,0.9122276587775441,0.9122276587775441,0.0,322.502022967967,0.25449330381026986,0.25145254816693563,3.29011463043738e-11,9.65777276484836e-07,1.2649675021244612e-08
118200.0,0.9016211325888195,0.9016211325888195,0.0,322.50668682843155,0.2526796897038949,0.24967429010228612,4.00351442472102e-11,1.252106176408141e-06,1.6517699778659603e-08
118500.0,0.8911765507552852,0.8911765507552852,0.0,322.5112981846917,0.2508862869516263,0.2479157025264468,3.92260832050899e-11,1.2232014349189413e-06,1.625173765349171e-08
118800.0,0.8808912348641547,0.8808912348641547,0.0,322.51585781480037,0.249112798185194,0.24617649805262448,3.8436026733722e-11,1.1950933005433484e-06,1.599132747962229e-08
119100.0,0.8707622348489921,0.8707622348489921,0.0,322.52036648446716,0.2473589312937313,0.24445639440343597,3.766262497686097e-11,1.1677603958260008e-06,1.5736382076016765e-08
119400.0,0.8607866723913075,0.8607866723913075,0.0,322.52482494562065,0.2456243988692879,0.24275511430576122,4.100482692650047e-11,1.3033332982859136e-06,1.768734843777333e-08
119700.0,0.8509664333277498,0.8509664333277498,0.0,322.52923393673257,0.24390890477821392,0.24107235424467546,4.0170129877678366e-11,1.2732662127978855e-06,1.7400843618995996e-08
120000.0,0.8412856769558525,0.8412856769558525,0.0,322.53359420724973,0.2422122036969468,0.23940792225378307,3.935946875989211e-11,1.244006736622616e-06,1.712006686196406e-08
120300.0,0.8317478707473407,0.8317478707473407,0.0,322.53790642672755,0.24053402279475122,0.2377615339436042,3.8588317694518986e-11,1.215403231280554e-06,1.68431228863018e-08
120600.0,0.8223528964409927,0.8223528964409927,0.0,322.5421712836307,0.23887409038646726,0.23613291802401265,3.781544662937858e-11,1.187704610328133e-06,1.6573649161176378e-08
120900.0,0.8130991172098367,0.8130991172098367,0.0,322.5463894669733,0.23723213954732164,0.23452181302559225,3.700698063784125e-11,1.1606910182981878e-06,1.6308793860632026e-08
121200.0,0.8039841947693196,0.8039841947693196,0.0,322.55056165852113,0.23560790882238355,0.2329279652880672,3.627263394987836e-11,1.1344744118568784e-06,1.6050315932760393e-08
121500.0,0.7950055347775552,0.7950055347775552,0.0,322.55468852917045,0.23400114219991747,0.23135112760659537,3.560637102300969e-11,1.1567809276025187e-06,1.6478280358338735e-08
121800.0,0.786160339440585,0.786160339440585,0.0,322.55877073760416,0.23241158901038694,0.22979105831674587,3.4915236197960396e-11,1.1313482637387295e-06,1.622621701089337e-08
122100.0,0.7774459774613409,0.7774459774613409,0.0,322.56280892921774,0.23083900357467863,0.2282475206718012,3.423620539970936e-11,1.1065981155855553e-06,1.597936366109754e-08
122400.0,0.7688601170670387,0.7688601170670387,0.0,322.56680373694115,0.22928314475318312,0.22672028242164266,4.311696448886357e-11,1.417604900466607e-06,2.06092326294143e-08
122700.0,0.7603996343798097,0.7603996343798097,0.0,322.5707557827466,0.22774377634539197,0.22520911552355471,4.227489523874526e-11,1.3878286320156974e-06,2.0312719470482804e-08
123000.0,0.7520624876445063,0.7520624876445063,0.0,322.5746656735523,0.22622066635330773,0.22371379592389934,4.145073413606988e-11,1.3588219887061825e-06,2.0022072704651376e-08
123300.0,0.7438463661609158,0.7438463661609158,0.0,322.5785340067494,0.22471358686798346,0.2222341034159714,4.0645574672049475e-11,1.330557302781088e-06,1.973708430846202e-08
123600.0,0.7357490405056424,0.7357490405056424,0.0,322.5823613687947,0.2232223139811644,0.2207698215228333,3.985721484701008e-11,1.3030063136243442e-06,1.9457527794978007e-08
123900.0,0.7277683563336226,0.7277683563336226,0.0,322.5861483356019,0.22174662767013179,0.21932073740292612,3.9092221629177995e-11,1.2761719244691605e-06,1.9183635212821694e-08
124200.0,0.7199022259401998,0.7199022259401998,0.0,322.5898954729023,0.2202863116901154,0.21788664177035738,3.8343230679035735e-11,1.2500127959391705e-06,1.8914971556011586e-08
124500.0,0.7121486528687263,0.7121486528687263,0.0,322.593603336563,0.21884115344738864,0.21646732882401304,4.105256440867535e-11,1.2658560469835933e-06,1.9281200496991476e-08
124800.0,0.7045055869275758,0.7045055869275758,0.0,322.59727247303243,0.21741094400386007,0.21506259618262485,4.0292011413932586e-11,1.2405570100071373e-06,1.9020155826579296e-08
125100.0,0.6969711449246985,0.6969711449246985,0.0,322.60090341904083,0.21599547791734316,0.21367224482053138,3.954944253873598e-11,1.2158811618645515e-06,1.8763991011729165e-08
125400.0,0.6895434411999659,0.6895434411999659,0.0,322.6044967024375,0.2145945531737673,0.212296079009192,3.882322085011176e-11,1.1918273781219568e-06,1.8512855374554917e-08
125700.0,0.6822206308952181,0.6822206308952181,0.0,322.60805284215616,0.2132079711347884,0.21093390625774974,3.813653867129413e-11,1.1677836212475867e-06,1.8257347744116053e-08
126000.0,0.6750009089540828,0.6750009089540828,0.0,322.611572348404,0.2118355364681803,0.2095855372547112,3.7443293949441555e-11,1.144913359341082e-06,1.8015758489338874e-08
126300.0,0.6678825074941592,0.6678825074941592,0.0,322.6150557228466,0.2104770570814487,0.20825078579847286,3.676891366954721e-11,1.122601407499424e-06,1.777868212123802e-08
126600.0,0.660863688438983,0.660863688438983,0.0,322.61850345877883,0.2091323440815537,0.2069294687895427,3.6105510249623455e-11,1.100835677170231e-06,1.7546077214164232e-08
126900.0,0.6539427548677378,0.6539427548677378,0.0,322.6219160412593,0.20780121168442123,0.20562140610019794,3.5456713815566495e-11,1.0796007514635164e-06,1.7317844984514332e-08
127200.0,0.6471180400663163,0.6471180400663163,0.0,322.6252939473033,0.20648347717321092,0.20432642056929967,3.482643526705042e-11,1.0588929428845262e-06,1.7094070631073017e-08
127500.0,0.6403879097893446,0.6403879097893446,0.0,322.6286376460204,0.20517896083864445,0.20304433793492202,3.420814654686239e-11,1.0386726146949243e-06,1.6874254722957855e-08
127800.0,0.633750761501246,0.633750761501246,0.0,322.63194759876353,0.2038874859224185,0.2017749867805676,3.3606237482437557e-11,1.0189459730414185e-06,1.6658631899052058e-08
128100.0,0.6272052951493534,0.6272052951493534,0.0,322.63522425927516,0.20260887827635074,0.200518198482198,3.857705727185333e-11,1.3569035350879943e-06,2.232385778009902e-08
128400.0,0.6207493479353905,0.6207493479353905,0.0,322.6384680752328,0.20134296721380335,0.1992738071607178,3.7919247336561795e-11,1.3320097254077012e-06,2.2052085948007614e-08
128700.0,0.614381777887911,0.614381777887911,0.0,322.6416794837748,0.20008958451726372,0.1980416496165694,3.727676212627745e-11,1.307679613260504e-06,2.178490227124037e-08
129000.0,0.6081011000144378,0.6081011000144378,0.0,322.6448589167576,0.19884856468069273,0.19682156529374217,3.664617856549731e-11,1.2839292709010408e-06,2.1522731346887855e-08
129300.0,0.6019058565097745,0.6019058565097745,0.0,322.6480067989681,0.1976197448787326,0.19561339622610321,3.603089474235369e-11,1.260720958629058e-06,2.126509776646537e-08
129600.0,0.595794618471219,0.595794618471219,0.0,322.65112354824834,0.1964029649234775,0.19441698698875595,3.542755364067923e-11,1.2380547539381226e-06,2.1012153158694136e-08
129900.0,0.5897659853939758,0.5897659853939758,0.0,322.65420957563015,0.19519806721542354,0.19323218465043288,3.483492483187028e-11,1.2158967755970806e-06,2.076347020135875e-08
130200.0,0.5838186224206502,0.5838186224206502,0.0,322.65726528546696,0.1940048966542903,0.1920588387269272,3.464132532012005e-11,1.2442117189870316e-06,2.1377668647270826e-08
130500.0,0.5779510962862848,0.5779510962862848,0.0,322.660291075759,0.192823300713958,0.19089680113612723,3.4071019996222976e-11,1.22293705040466e-06,2.1140893344261248e-08
130800.0,0.5721621401441077,0.5721621401441077,0.0,322.6632873376299,0.1916531292793427,0.18974592615136035,3.351214617874681e-11,1.2017494047666943e-06,2.090146591545418e-08
131100.0,0.5664504590140741,0.5664504590140741,0.0,322.66625445617456,0.19049423461931148,0.18860607035938307,3.296692096544246e-11,1.1810355511343573e-06,2.066616440290295e-08
131400.0,0.5608147830600633,0.5608147830600633,0.0,322.66919281029965,0.18934647135815758,0.18747709261722587,3.243165516554223e-11,1.1607805503466295e-06,2.0434859300000007e-08
131700.0,0.5552541529236651,0.5552541529236651,0.0,322.6721027728413,0.18820969612637825,0.18635885400993077,4.078451552384055e-11,1.5179894204964128e-06,2.6884718689468575e-08
132000.0,0.549766689734408,0.549766689734408,0.0,322.6749847121619,0.1870837684709803,0.18525121781383605,4.011538194638851e-11,1.4925911347996035e-06,2.6593989544513022e-08
132300.0,0.5443515923334924,0.5443515923334924,0.0,322.67783898737025,0.18596854985801703,0.18415404944275993,3.9463724214669663e-11,1.4677563614506894e-06,2.6308325835583306e-08
132600.0,0.5390076801043987,0.5390076801043987,0.0,322.680665953896,0.18486390387693466,0.1830672164214076,3.8825693148472294e-11,1.4434462831669492e-06,2.6027188161943947e-08
132900.0,0.5337337954623349,0.5337337954623349,0.0,322.683465961512,0.1837696962631242,0.18199058834381512,3.8200782257061284e-11,1.4196696123125463e-06,2.575088350946687e-08
133200.0,0.5285288042990594,0.5285288042990594,0.0,322.68623935444117,0.18268579486088193,0.1809240368345632,3.7584743308624536e-11,1.3964034412117243e-06,2.547914653636329e-08
133500.0,0.5233915950805527,0.5233915950805527,0.0,322.68898647146733,0.18161206958314,0.1798674355116142,3.6985673628872406e-11,1.373622810274533e-06,2.5211665234721704e-08
133800.0,0.5183210780286631,0.5183210780286631,0.0,322.69170764604166,0.18054839237227752,0.1788206599499817,3.6394785156632645e-11,1.3513399174103213e-06,2.4948803654146413e-08
134100.0,0.5133161843990683,0.5133161843990683,0.0,322.69440320638404,0.17949463716237327,0.17778358764614932,3.58191726497523e-11,1.329531884919355e-06,2.4690280555413706e-08
134400.0,0.5083758986731937,0.5083758986731937,0.0,322.69707347558256,0.17845067978045623,0.1767560979832172,3.465750907676536e-11,1.3595014860534604e-06,2.5394532684063815e-08
134700.0,0.5034991165841054,0.5034991165841054,0.0,322.6997187718598,0.17741639812477583,0.17573807219661194,3.41151087479169e-11,1.338134939188329e-06,2.5141136019216356e-08
135000.0,0.49868516369390725,0.49868516369390725,0.0,322.7023394081009,0.1763916714573237,0.1747293933391539,4.041621396672986e-11,1.7282429682907718e-06,3.2659194431956764e-08
135300.0,0.4939323811019295,0.4939323811019295,0.0,322.7049356940791,0.1753763818574256,0.17372994625848093,3.981443998314232e-11,1.701418527511045e-06,3.233841998356491e-08
135600.0,0.4892402056521841,0.4892402056521841,0.0,322.7075079313269,0.17437041264499883,0.1727396175432747,3.9220453239458904e-11,1.6751349399268811e-06,3.20225378169956e-08
135900.0,0.48460767323394854,0.48460767323394854,0.0,322.7100564188241,0.17337364892471888,0.17175829551189947,3.863624335534129e-11,1.6493881274670663e-06,3.171162664562426e-08
136200.0,0.4800338405919142,0.4800338405919142,0.0,322.7125814509045,0.17238597756589014,0.1707858701746581,3.78174293207219e-11,1.623222303293037e-06,3.138736159040936e-08
136500.0,0.47551778712120224,0.47551778712120224,0.0,322.7150833173555,0.17140728716541692,0.1698222332034428,3.7262630511884116e-11,1.5985289679165682e-06,3.1086367336955847e-08
136800.0,0.471058607378753,0.471058607378753,0.0,322.71756230352673,0.17043746801238513,0.168867277902233,3.671884404265088e-11,1.5743331120421367e-06,3.0790043417912765e-08
137100.0,0.4666554146155209,0.4666554146155209,0.0,322.7200186904011,0.1694764120581775,0.16792089917821715,3.61847993649075e-11,1.550627411861516e-06,3.049839194001857e-08
137400.0,0.4623073388458438,0.4623073388458438,0.0,322.72245275468356,0.1685240128848918,0.16698299351340426,3.566129140852071e-11,1.5273995818687602e-06,3.021131441392927e-08
137700.0,0.4580135263355201,0.4580135263355201,0.0,322.72486476888,0.16758016567591746,0.16605345893684814,3.5145647907539403e-11,1.5046147234243357e-06,2.992825786503683e-08
138000.0,0.4537731386377587,0.4537731386377587,0.0,322.7272550013747,0.16664476718855564,0.1651321949974059,3.455897400786359e-11,1.4812928329499542e-06,2.9629749915357322e-08
138300.0,0.4495853546346743,0.4495853546346743,0.0,322.72962371650175,0.16571771572099617,0.16421910273702914,3.4064869803517776e-11,1.4594445655324861e-06,2.9356035939042675e-08
138600.0,0.44544936597860413,0.44544936597860413,0.0,322.73197117462774,0.16479891109117864,0.16331408466464353,3.3579900371592985e-11,1.4380180718975843e-06,2.9086318236289177e-08
138900.0,0.4413643856864905,0.4413643856864905,0.0,322.7342976322116,0.1638882545877631,0.16241704469215343,3.3102913290536646e-11,1.4170035892435706e-06,2.882052352903173e-08
139200.0,0.4373296229477528,0.4373296229477528,0.0,322.7366033419083,0.16298564901107984,0.1615278882559265,3.2631882816919704e-11,1.3964017534506823e-06,2.855878747450855e-08
139500.0,0.4333445760087582,0.4333445760087582,0.0,322.73888855254177,0.16209099811933697,0.16064652210069702,3.7472409358753656e-11,1.770416772961525e-06,3.640787774568627e-08
139800.0,0.42940789073951136,0.42940789073951136,0.0,322.7411535106076,0.16120420817611467,0.15977285435536354,3.721189672133682e-11,1.7445141723415603e-06,3.607255236653393e-08
140100.0,0.42551921237534385,0.42551921237534385,0.0,322.74339845581545,0.16032518610571952,0.15890679446212486,3.667895240106841e-11,1.7192969432588967e-06,3.574603560468618e-08
140400.0,0.42167780150289574,0.42167780150289574,0.0,322.74562362630013,0.1594538402373642,0.15804825321426547,3.6158507473995686e-11,1.6945732764228616e-06,3.542453151123667e-08
140700.0,0.41788294035773665,0.41788294035773665,0.0,322.7478292566077,0.15859008026408972,0.15719714269732515,3.564978526391876e-11,1.6703283678420888e-06,3.5107878228377625e-08
141000.0,0.4141339266868926,0.4141339266868926,0.0,322.7500155778014,0.15773381720698676,0.15635337627310095,3.5147511848606575e-11,1.6465211488125853e-06,3.479535287079946e-08
141300.0,0.4104300720108266,0.4104300720108266,0.0,322.75218281753723,0.1568849633869841,0.15551686855756006,3.4656526237548433e-11,1.62318361351943e-06,3.448776688508095e-08
141600.0,0.4067707006806125,0.4067707006806125,0.0,322.75433120012934,0.15604343240055127,0.15468753539921995,3.41709112218519e-11,1.6002812168736114e-06,3.418452568525526e-08
141900.0,0.40315518716219223,0.40315518716219223,0.0,322.75646094661164,0.1552091390042338,0.15386529385817643,3.766570087904306e-11,1.6433449809838407e-06,3.529313182473131e-08
142200.0,0.3995827926962202,0.3995827926962202,0.0,322.758572274994,0.15438199942507141,0.15305006218605555,3.715264426374034e-11,1.6209914598386277e-06,3.499957822965771e-08
142500.0,0.3960529321262337,0.3960529321262337,0.0,322.7606653996643,0.15356193091210027,0.1522417598018759,3.664990847625609e-11,1.5990589238290553e-06,3.47104023836126e-08
142800.0,0.39256497472902285,0.39256497472902285,0.0,322.7627405321864,0.15274885193501367,0.15144030727764948,3.615508434685013e-11,1.577519767148594e-06,3.4425130907470324e-08
143100.0,0.38911830263668545,0.38911830263668545,0.0,322.7647978810567,0.15194268213695963,0.15064562631609477,3.566914619068843e-11,1.5563772252091823e-06,3.414395488526564e-08
143400.0,0.3857123091426113,0.3857123091426113,0.0,322.7668376517655,0.15114334231027046,0.14985763973189076,3.5191425797511097e-11,1.5356286998113866e-06,3.386693885726512e-08
143700.0,0.38234639822091715,0.38234639822091715,0.0,322.76886004685144,0.15035075437630158,0.1490762714330276,3.4719973755391773e-11,1.5152387231043285e-06,3.359341803526864e-08
144000.0,0.37901998432674555,0.37901998432674555,0.0,322.7708652659511,0.1495648413661775,0.1483014464024852,3.4257742907728684e-11,1.495219049130192e-06,3.3323764138513186e-08
144300.0,0.3757324920932442,0.3757324920932442,0.0,322.7728535058498,0.14878552740201637,0.14753309068026121,3.380542989858372e-11,1.4755666988275351e-06,3.305802485391327e-08
144600.0,0.37248335611613026,0.37248335611613026,0.0,322.7748249605299,0.14801273767860884,0.14677113134574288,3.335935403958521e-11,1.4562563412923168e-06,3.279574366665648e-08
144900.0,0.3692720190520431,0.3692720190520431,0.0,322.77677982121827,0.1472463984511403,0.14601549650041604,3.2498787936949433e-11,1.4338347663622741e-06,3.245885312973214e-08
145200.0,0.36609817053411153,0.36609817053411153,0.0,322.778718276424,0.14648643643923134,0.14526611525083918,3.7880494315069596e-11,1.8140164637081568e-06,4.1278371518050323e-08
145500.0,0.36296072322387374,0.36296072322387374,0.0,322.78064051322923,0.14573278080699595,0.1445229176984804,3.74041051602454e-11,1.7906692131308688e-06,4.095782255749255e-08
145800.0,0.35985950159864294,0.35985950159864294,0.0,322.7825467132094,0.14498536068116546,0.14378583490153493,3.6938315381716304e-11,1.7677094828472129e-06,4.064110276472554e-08
146100.0,0.35679396888899084,0.35679396888899084,0.0,322.7844370572113,0.14424410629743828,0.14305479888505077,3.6472043126780436e-11,1.7451727367667758e-06,4.032915177756947e-08
146400.0,0.3537636081835238,0.3537636081835238,0.0,322.7863117234544,0.14350894889742233,0.14232974261351686,3.6018512846480296e-11,1.7230118826150331e-06,4.0021009046309526e-08
146700.0,0.35076791489390635,0.35076791489390635,0.0,322.7881708876308,0.14277982068828673,0.14161059997610795,3.557261418195536e-11,1.7012402703242557e-06,3.971710339559258e-08
147000.0,0.3478064693261534,0.3478064693261534,0.0,322.7900147229662,0.1420566544394163,0.14089730577179466,3.7711379759273155e-11,1.8690396563214584e-06,4.3856672623493284e-08
147300.0,0.3448786096204831,0.3448786096204831,0.0,322.7918434006611,0.14133938490629833,0.14018979569888718,3.7278524384753246e-11,1.847397138043938e-06,4.356882169983216e-08
147600.0,0.3419841998798334,0.3419841998798334,0.0,322.7936570886153,0.1406279461347274,0.1394880063245616,4.171220826364812e-11,2.2568300928060836e-06,5.349411111226183e-08
147900.0,0.33912222341601195,0.33912222341601195,0.0,322.7954559541879,0.13992227507271476,0.13879187509926968,4.1246845198839854e-11,2.231382488337985e-06,5.31576664539505e-08
148200.0,0.33629256634796334,0.33629256634796334,0.0,322.79724015956384,0.13922230817144343,0.13810134030472856,4.078367218575942e-11,2.2063335032296294e-06,5.282519092923599e-08
148500.0,0.3334947545757848,0.3334947545757848,0.0,322.7990098664957,0.1385279829845782,0.13741634107492345,4.032914929447053e-11,2.1816793637219334e-06,5.2496718634453604e-08
148800.0,0.33072833526182244,0.33072833526182244,0.0,322.8007652344068,0.13783923795943254,0.13673681736661852,3.988221457491306e-11,2.157417618553481e-06,5.217231441718674e-08
149100.0,0.3279928667609345,0.3279928667609345,0.0,322.80250642049964,0.1371560123919124,0.13606270994777692,3.944195529352095e-11,2.133520285496626e-06,5.185142204825508e-08
149400.0,0.32528791617259933,0.32528791617259933,0.0,322.80423357981124,0.1364782464053826,0.13539396038484725,3.900598104385255e-11,2.1100119886874324e-06,5.153475722961358e-08
149700.0,0.32261305843453236,0.32261305843453236,0.0,322.8059468652555,0.13580588093532184,0.13473051103005806,3.858111653194525e-11,2.0868554003738993e-06,5.122152752152105e-08
150000.0,0.31996787594383314,0.31996787594383314,0.0,322.80764642766167,0.13513885771515585,0.13407230500889109,3.816075068089326e-11,2.06406440295126e-06,5.0912186123448216e-08
150300.0,0.317351958230939,0.317351958230939,0.0,322.8093324158099,0.1344771192631621,0.13341928620777826,3.774619893117323e-11,2.0416157856528727e-06,5.060627405959365e-08
150600.0,0.3147649005397142,0.3147649005397142,0.0,322.8110049764661,0.1338206088749726,0.1327713992620152,3.7105597857429024e-11,2.0166524934417396e-06,5.023273346797876e-08
150900.0,0.31220630916284253,0.31220630916284253,0.0,322.81266425440833,0.13316927059129952,0.13212858954385442,3.670375936732782e-11,1.994929315185523e-06,4.9934676028676836e-08
151200.0,0.30967579177542603,0.30967579177542603,0.0,322.81431039248275,0.1325230492118255,0.1314908031510132,3.63112841795976e-11,1.9735317318136936e-06,4.963996184188787e-08
151500.0,0.3071729647494711,0.3071729647494711,0.0,322.81594353160716,0.131881890269294,0.1308579868950171,3.592439308592844e-11,1.952466398780217e-06,4.934886295592244e-08
151800.0,0.30469745061925374,0.30469745061925374,0.0,322.81756381081453,0.1312457400198243,0.13023008829009192,3.5544622446438017e-11,1.9316995361617906e-06,4.90606281994375e-08
152100.0,0.302248878083203,0.302248878083203,0.0,322.819171367282,0.13061454543153306,0.12960705554211369,3.516598080242435e-11,1.911257391462584e-06,4.877602223009299e-08
152400.0,0.2998268818119342,0.2998268818119342,0.0,322.82076633636143,0.12998825417345894,0.1289888375377773,3.4797988079546024e-11,1.8911074394223348e-06,4.849431592741713e-08
152700.0,0.29743110238967746,0.29743110238967746,0.0,322.82234885160744,0.12936681460435537,0.12837538383395908,3.443280298183185e-11,1.8712707904877668e-06,4.821614662695645e-08
153000.0,0.2950611867412854,0.2950611867412854,0.0,322.8239190448061,0.12875017575983166,0.127766644643092,3.40700595439642e-11,1.8517193887679362e-06,4.7940889603705634e-08
153300.0,0.29271693844617985,0.29271693844617985,0.0,322.8254770460059,0.12813828688325785,0.1271625708394957,3.779245459642056e-11,2.125317535406346e-06,5.5287080520610924e-08
153600.0,0.2903976511430929,0.2903976511430929,0.0,322.82702298434197,0.12753109908951946,0.12656311392926387,3.738579004542041e-11,2.1030664155707868e-06,5.4968720847572915e-08
153900.0,0.28810322717955095,0.28810322717955095,0.0,322.82855698534235,0.12692856319251877,0.12596822603906455,3.6985395746574386e-11,2.081143282817166e-06,5.4653925811287356e-08
154200.0,0.2858333192781401,0.2858333192781401,0.0,322.8300791741374,0.12633063079125859,0.12537785992547743,3.65889013366488e-11,2.059543791899099e-06,5.4342687359335406e-08
154500.0,0.2835875958687296,0.2835875958687296,0.0,322.8315896741406,0.12573725414662265,0.12479196895455835,3.61986290912251e-11,2.038249439895168e-06,5.403462041351611e-08
154800.0,0.2813657334442573,0.2813657334442573,0.0,322.83308860712935,0.12514838614663357,0.12421050709273149,3.5813477684581584e-11,2.017273633359018e-06,5.3730181040060814e-08
155100.0,0.27916741446526244,0.27916741446526244,0.0,322.83457609328417,0.1245639802934778,0.12363342889787135,3.557280438012293e-11,1.995783326824707e-06,5.3407181383750485e-08
155400.0,0.27699232729780177,0.27699232729780177,0.0,322.836052251219,0.1239839906832708,0.12306068951033354,3.519864693191856e-11,1.975416622834736e-06,5.310945421120619e-08
155700.0,0.2748401649075022,0.2748401649075022,0.0,322.8375171980097,0.12340837200943229,0.12249224464416755,3.4829449662663445e-11,1.9553280808382034e-06,5.2814571356329985e-08
156000.0,0.2727106255352496,0.2727106255352496,0.0,322.83897104921647,0.12283707954498818,0.12192805057832379,3.4467433172096254e-11,1.9355359315298415e-06,5.2523118119800996e-08
156300.0,0.27060341220814654,0.27060341220814654,0.0,322.8404139189087,0.12227006913547854,0.12136806414814645,3.410668726548548e-11,1.916008519842194e-06,5.223432939310778e-08
156600.0,0.2685182326896858,0.2685182326896858,0.0,322.8418459196893,0.12170729718999199,0.12081224273694055,3.375515588565592e-11,1.896774254994682e-06,5.1949069578896055e-08
156900.0,0.2664547993007223,0.2664547993007223,0.0,322.84326716271727,0.12114872067275777,0.1202605442676985,3.34075609826265e-11,1.877782941805961e-06,5.166605505966384e-08
157200.0,0.2644128289192445,0.2644128289192445,0.0,322.8446777577294,0.12059429709442795,0.1197129271949647,3.30631285080185e-11,1.8590802662865613e-06,5.13866274795969e-08
157500.0,0.26239204277572115,0.26239204277572115,0.0,322.8460778130628,0.12004398450401005,0.11916935049684468,3.272453583331362e-11,1.8406261117487333e-06,5.1109769455301817e-08
157800.0,0.2603921664736456,0.2603921664736456,0.0,322.84746743567587,0.11949774148061905,0.11862977366714714,3.239168103526955e-11,1.8224320719739673e-06,5.083588608435587e-08
158100.0,0.2584129298354062,0.2584129298354062,0.0,322.8488467311697,0.11895552712547812,0.11809415670766342,3.206204049900285e-11,1.8044909962933176e-06,5.0564863466155784e-08
158400.0,0.25645408356887484,0.25645408356887484,0.0,322.85021580380817,0.11841730100747633,0.11756246012058087,3.4369305024696685e-11,1.8175002381992655e-06,5.116088676052826e-08
158700.0,0.2545153263332586,0.2545153263332586,0.0,322.8515747566269,0.1178830233218983,0.1170346449017242,3.404434045074771e-11,1.800281028363493e-06,5.0905860675333494e-08
159000.0,0.2525964262289622,0.2525964262289622,0.0,322.8529236911562,0.11735265467384488,0.11651067253069526,3.372516869746684e-11,1.783284075573821e-06,5.065313834129715e-08
159300.0,0.2506971267789372,0.2506971267789372,0.0,322.85426270778623,0.11682615616781565,0.11599050496695186,3.3409640894661054e-11,1.766519799994981e-06,5.040309059606631e-08
159600.0,0.24881717750047572,0.24881717750047572,0.0,322.8555919056357,0.11630348939942717,0.11547410464101875,3.309585506896959e-11,1.7499779491614298e-06,5.015550144419683e-08
159900.0,0.2469563319954279,0.2469563319954279,0.0,322.8569113825821,0.1157846164421911,0.11496143444772733,3.279140866884947e-11,1.7336562976588699e-06,4.991038104284632e-08
160200.0,0.2451144172990851,0.2451144172990851,0.0,322.8582212352808,0.11526949957375399,0.11445245773942292,3.602523082117917e-11,1.86699976498228e-06,5.398941240270588e-08
160500.0,0.2432912277502276,0.2432912277502276,0.0,322.85952155955385,0.114758101681886,0.11394713832196662,4.2849955047700345e-11,2.2197744166119193e-06,6.447691227835115e-08
160800.0,0.24148616366768533,0.24148616366768533,0.0,322.8608124502144,0.11425038699010225,0.11344544044334476,4.2458597966125745e-11,2.199640439126682e-06,6.417601716941351e-08
161100.0,0.2396992933099764,0.2396992933099764,0.0,322.8620939989761,0.1137463191604562,0.11294732878193808,4.2073395082327294e-11,2.1797545406987417e-06,6.387765795521032e-08
161400.0,0.23793036728159153,0.23793036728159153,0.0,322.8633662979929,0.11324586248025509,0.11245276845634247,4.169222333351703e-11,2.160107806709055e-06,6.358165497615654e-08
161700.0,0.2361791533788281,0.2361791533788281,0.0,322.8646294381732,0.11274898171707622,0.11196172500820394,4.1315244225873997e-11,2.1407171439946637e-06,6.32885876630034e-08
162000.0,0.2344454265574254,0.2344454265574254,0.0,322.86588350927025,0.11225564208119687,0.11147416439786581,4.094191186804785e-11,2.1215581070821443e-06,6.299781664270607e-08
162300.0,0.2327289665500901,0.2327289665500901,0.0,322.867128599918,0.11176580921136411,0.11099005299834165,4.0574928649273266e-11,2.102643351126199e-06,6.270979667105584e-08
162600.0,0.2310295570484115,0.2310295570484115,0.0,322.86836479765526,0.11127944916633853,0.11050935758940213,4.0214134931504015e-11,2.0839674909067796e-06,6.242444903406206e-08
162900.0,0.22934719634667036,0.22934719634667036,0.0,322.8695921889451,0.11079652767395864,0.11003204535171854,4.9634148689656147e-11,2.499674638417604e-06,7.520315816434867e-08
163200.0,0.2276811742461367,0.2276811742461367,0.0,322.87081086031344,0.11031701285671541,0.10955808386751026,4.9194293699239557e-11,2.4774845904240728e-06,7.485955025637308e-08
163500.0,0.22603160956657944,0.22603160956657944,0.0,322.87202089458503,0.10984087160487419,0.1090874410915606,4.875468949028399e-11,2.45557250380668e-06,7.451908893075807e-08
163800.0,0.22439828033958528,0.22439828033958528,0.0,322.8732223752847,0.10936807153088532,0.10862008537615098,4.8322122974253323e-11,2.433919282535113e-06,7.418128674625053e-08
164100.0,0.22278098008153563,0.22278098008153563,0.0,322.8744153848261,0.10889858067443833,0.1081559854492722,4.7894684380018184e-11,2.412531695306086e-06,7.384643829039905e-08
164400.0,0.2211795087900938,0.2211795087900938,0.0,322.8756000045928,0.10843236746958324,0.10769511041161325,4.7472174434995e-11,2.391399099466174e-06,7.351430682162298e-08
164700.0,0.21959367076551226,0.21959367076551226,0.0,322.8767763149718,0.10796940073226302,0.10723742973146372,4.705543030529349e-11,2.3705257213568753e-06,7.318510940073918e-08
165000.0,0.21802327382632763,0.21802327382632763,0.0,322.8779443953744,0.10750964965258727,0.10678291323953973,4.6643110379939434e-11,2.349912063770443e-06,7.285895022335456e-08
165300.0,0.21646812950550914,0.21646812950550914,0.0,322.8791043242546,0.10705308378689256,0.10633153112032827,4.6235724167756765e-11,2.3295362220898674e-06,7.253523640437446e-08
165600.0,0.21492805087907654,0.21492805087907654,0.0,322.8802561791268,0.10659967305745392,0.10588325391920654,4.583484205580982e-11,2.3094048620386776e-06,7.221425719238933e-08
165900.0,0.2134028550558792,0.2134028550558792,0.0,322.88140003657355,0.10614938774169638,0.1054380525232198,4.543757086305656e-11,2.2895129059286035e-06,7.189593693182346e-08
166200.0,0.21189236179757817,0.21189236179757817,0.0,322.8825359722652,0.10570219846843695,0.10499589816198003,4.504649445934253e-11,2.2698605014748185e-06,7.158036238803512e-08
166500.0,0.21039639349434422,0.21039639349434422,0.0,322.88366406097344,0.10525807621299069,0.10455676240279944,4.465880981233751e-11,2.250436971468206e-06,7.126727792726727e-08
166800.0,0.2089147751356398,0.2089147751356398,0.0,322.884784376584,0.10481699229224412,0.10412061714592614,4.427397510819748e-11,2.231240248590227e-06,7.095669635858354e-08
167100.0,0.20744731864969193,0.20744731864969193,0.0,322.8858969921091,0.1043789184092723,0.10368743471883819,4.316694357914965e-11,2.211519460310063e-06,7.062471662584332e-08
167400.0,0.20599387887146076,0.20599387887146076,0.0,322.8870019796173,0.1039438265088859,0.10325718755525215,4.279531767405025e-11,2.192781337340133e-06,7.031943473662919e-08
167700.0,0.20455428240052498,0.20455428240052498,0.0,322.8880994104606,0.10351168889594986,0.10282984853551046,4.243371735313192e-11,2.1742687039139064e-06,7.001684953343724e-08
168000.0,0.2031283632816045,0.2031283632816045,0.0,322.88918935512316,0.10308247820204816,0.10240539084433346,4.207382351620636e-11,2.155967195105468e-06,6.971657494430937e-08
168300.0,0.20171595775975393,0.20171595775975393,0.0,322.89027188326,0.10265616737938782,0.10198378797978762,4.171618509240039e-11,2.137879693664413e-06,6.941877753151843e-08
168600.0,0.20031690474663266,0.20031690474663266,0.0,322.89134706370766,0.10223272969489625,0.10156501374572453,4.136407716539306e-11,2.1199951188433097e-06,6.912317040965359e-08
168900.0,0.19893104566991,0.19893104566991,0.0,322.8924149644973,0.10181213872543515,0.1011490422476102,4.101678700696924e-11,2.102322425534542e-06,6.883011697992912e-08
169200.0,0.19755822432667386,0.19755822432667386,0.0,322.8934756528675,0.10139436835329592,0.10073584788840044,4.067098930351044e-11,2.0848580301602304e-06,6.853957354895704e-08
169500.0,0.19619828681380663,0.19619828681380663,0.0,322.8945291952756,0.10097939276191073,0.10032540536447286,4.033223766215765e-11,2.0675824459193137e-06,6.825096980576558e-08
169800.0,0.19485108147502778,0.19485108147502778,0.0,322.89557565740915,0.10056718643149846,0.09991768966161929,3.999688604820823e-11,2.0505112756641353e-06,6.796488823124049e-08
170100.0,0.19351645882382973,0.19351645882382973,0.0,322.89661510419705,0.10015772413507679,0.09951267605110019,3.9662879694493536e-11,2.0336308501067712e-06,6.768094581715714e-08
170400.0,0.1921942715030381,0.1921942715030381,0.0,322.8976475998201,0.09975098093428057,0.09911034008575738,3.9332310181118165e-11,2.0169460799024375e-06,6.739937328640648e-08
170700.0,0.19088437530645125,0.19088437530645125,0.0,322.89867320772174,0.0993469321733016,0.09871065759618866,3.947063779355161e-11,2.0021725713470495e-06,6.71778023252375e-08
171000.0,0.1895866245909663,0.1895866245909663,0.0,322.89969199062347,0.09894555348274699,0.09831360468700621,3.9144517607151135e-11,1.9858687346774317e-06,6.690106039054111e-08
171300.0,0.18830092590413636,0.18830092590413636,0.0,322.900704010517,0.09854682053728142,0.0979191577330412,3.7891302511699155e-11,2.084632071214232e-06,7.051240753206546e-08
171600.0,0.18702703027026676,0.18702703027026676,0.0,322.9017093289413,0.09815070991954085,0.09752729337756673,3.757977828116001e-11,2.067678030764908e-06,7.022119461183348e-08
171900.0,0.18576487094272712,0.18576487094272712,0.0,322.9027080061525,0.09775719792214578,0.09713798852202929,3.727074538869009e-11,2.050907779799216e-06,6.993202967460145e-08
172200.0,0.18451430864357468,0.18451430864357468,0.0,322.903700102095,0.09736626124599648,0.09675122033160857,3.696946061287944e-11,2.0343272017220304e-06,6.964517878810505e-08
172500.0,0.18327520839193956,0.18327520839193956,0.0,322.9046856760136,0.09697787686130718,0.09636696622643225,3.666671355874859e-11,2.017929458586476e-06,6.936047422693514e-08
172800.0,0.18204743775792287,0.18204743775792287,0.0,322.90566478647617,0.09659202199929631,0.09598520387916491,3.6366308657769197e-11,2.0017185028975426e-06,6.907811713173459e-08
173100.0,0.18083086640605397,0.18083086640605397,0.0,322.9066374913861,0.09620867414740396,0.09560591121166258,3.607172387859244e-11,1.9856836399878564e-06,6.879780357938536e-08
173400.0,0.17962536593704806,0.17962536593704806,0.0,322.90760384799273,0.09582781104536085,0.09522906639165621,3.5781470208057496e-11,1.9698256547850956e-06,6.85196233152212e-08
173700.0,0.17843080978617978,0.17843080978617978,0.0,322.9085639129013,0.09544941068163122,0.09485464782948014,3.5494431236070675e-11,1.9541408544376804e-06,6.824351037485402e-08
174000.0,0.17724707317761346,0.17724707317761346,0.0,322.9095177420817,0.09507345128998075,0.09448263417484895,3.5210139977947924e-11,1.93863807335104e-06,6.796983620022574e-08
174300.0,0.17607403305147495,0.17607403305147495,0.0,322.9104653908773,0.0946999113462021,0.09411300431368332,3.4929187921774634e-11,1.9232958377024545e-06,6.769791053169721e-08
174600.0,0.1749115680594554,0.1749115680594554,0.0,322.91140691401364,0.09432876956476423,0.09374573736498366,3.465093125446242e-11,1.9081252861097298e-06,6.742818389037537e-08
174900.0,0.1737595585111396,0.1737595585111396,0.0,322.9123423656068,0.09396000489573862,0.09338081267775211,3.4376753317777215e-11,1.8931151866130591e-06,6.71603195676617e-08
175200.0,0.1726178863523034,0.1726178863523034,0.0,322.91327179917147,0.09359359652154792,0.09301820982796007,3.410464207627155e-11,1.87827594810841e-06,6.689474557788354e-08
175500.0,0.17148643511696363,0.17148643511696363,0.0,322.9141952676294,0.09322952385401745,0.09265790861556367,3.383607592513948e-11,1.8635808290146105e-06,6.663056765625306e-08
175800.0,0.17036508993363686,0.17036508993363686,0.0,322.9151128233166,0.09286776653116512,0.092299889061562,3.3566063140759744e-11,1.8490527024517256e-06,6.636865769894479e-08
176100.0,0.16925373746827846,0.16925373746827846,0.0,322.9160245179918,0.0925083044143781,0.09194413140510307,3.330620881138627e-11,1.8346857705575648e-06,6.610886745689139e-08
176400.0,0.16815226590609628,0.16815226590609628,0.0,322.9169304028439,0.09215111758542786,0.0915906161006302,3.3046308627080517e-11,1.820466796698117e-06,6.585077657940392e-08
176700.0,0.16706068293274184,0.16706068293274184,0.0,322.9178305284993,0.09179618614378075,0.09123932381507409,4.354680212666709e-11,1.9843207425540577e-06,7.205530810201663e-08
177000.0,0.16597861051135826,0.16597861051135826,0.0,322.91872494566087,0.09144349089615017,0.09089023542660414,4.322746609828841e-11,1.9696475493935495e-06,7.179835072972091e-08
177300.0,0.16490610147023219,0.16490610147023219,0.0,322.9196137030434,0.09109301250466605,0.09054333201681367,4.29068471010313e-11,1.9551145180873863e-06,7.154279142201823e-08
177600.0,0.16384304741145797,0.16384304741145797,0.0,322.9204968496787,0.0907447318961674,0.09019859487394116,4.2594821029362355e-11,1.9407435869200906e-06,7.128948595204192e-08
177900.0,0.16278934206731513,0.16278934206731513,0.0,322.92137443405164,0.09039863020618723,0.08985600548767494,4.227861312955178e-11,1.9265136302626384e-06,7.103771468913182e-08
178200.0,0.1617448809826546,0.1617448809826546,0.0,322.9222465041118,0.09005468877529252,0.08951554554675464,4.196939132023749e-11,1.9124212921051154e-06,7.078740404352342e-08
178500.0,0.16070956140038853,0.16070956140038853,0.0,322.9231131072821,0.0897128891461555,0.08917719693640887,4.166549292651626e-11,1.8984764003915355e-06,7.053896857186405e-08
178800.0,0.1596833475375817,0.1596833475375817,0.0,322.9239742904677,0.08937321309224715,0.08884094173583049,4.2543641756330006e-11,1.9406125834342536e-06,7.2378606381431e-08
179100.0,0.15866599264034326,0.15866599264034326,0.0,322.92483010041377,0.08903564243404098,0.08850676221567345,4.223494415706427e-11,1.927130084899975e-06,7.214826303326123e-08
179400.0,0.15765748351667133,0.15765748351667133,0.0,322.92568058257524,0.08870015940200483,0.088174640836202,4.192866483947239e-11,1.9137758200116206e-06,7.191929277669238e-08
179700.0,0.15665772302561967,0.15665772302561967,0.0,322.9265257823673,0.0883667463180116,0.08784456024307409,4.162526263975427e-11,1.9005443671338274e-06,7.169153730802027e-08
180000.0,0.15566661512610555,0.15566661512610555,0.0,322.92736574471525,0.08803538569244566,0.08751650326684349,4.1326929205091645e-11,1.8874454525141804e-06,7.146540896286217e-08
180300.0,0.15468406509641677,0.15468406509641677,0.0,322.9282005140595,0.08770606022203989,0.08719045291995657,4.1031086582164564e-11,1.8744714213869695e-06,7.124066518860418e-08
180600.0,0.1537099795467351,0.1537099795467351,0.0,322.92903013436234,0.08737875278754842,0.0868663923944384,4.073663584352156e-11,1.8616137290594637e-06,7.101702529392424e-08
180900.0,0.1527442664147307,0.1527442664147307,0.0,322.9298546491155,0.08705344645139043,0.08654430505961569,4.044357619695055e-11,1.8488823080309302e-06,7.07949113790811e-08
181200.0,0.15178683492485823,0.15178683492485823,0.0,322.9306741013447,0.08673012445539219,0.08622417445987546,4.015669276094226e-11,1.836269839183835e-06,7.057408832722559e-08
181500.0,0.15083759554909576,0.15083759554909576,0.0,322.93148853361845,0.08640877021836245,0.08590598431245527,3.987024457470614e-11,1.8237769434659157e-06,7.0354623296419e-08
181800.0,0.14989645999741386,0.14989645999741386,0.0,322.9322979880527,0.08608936733392303,0.08558971850526718,3.958851620277041e-11,1.8114006607450328e-06,7.013644529484424e-08
182100.0,0.14896334115578502,0.14896334115578502,0.0,322.9331025063174,0.08577189956814343,0.08527536109475188,3.9308173238793934e-11,1.7991383191584553e-06,6.991949298923513e-08
182400.0,0.14803814981623528,0.14803814981623528,0.0,322.93390212964255,0.0854563508688005,0.08496289632607373,3.903212939920957e-11,1.786998204106327e-06,6.970413105398767e-08
182700.0,0.147120808869177,0.147120808869177,0.0,322.9346968988064,0.08514270532117518,0.08465230854147163,3.875695770492686e-11,1.7749581102677325e-06,6.948953538541512e-08
183000.0,0.14621127996010125,0.14621127996010125,0.0,322.9354868541999,0.08483094703001254,0.08434358231310979,3.8424550536710826e-11,1.8648892763928338e-06,7.327865367077458e-08
183300.0,0.14530936450447723,0.14530936450447723,0.0,322.9362720360345,0.08452106072563068,0.08403670235178143,3.8156355742183737e-11,1.8523497030131786e-06,7.305278657218196e-08
183600.0,0.14441505233034518,0.14441505233034518,0.0,322.93705248348124,0.08421303089443151,0.0837316535236028,3.7644248474041404e-11,1.8410817333447405e-06,7.287398453622137e-08
183900.0,0.1435282602067211,0.1435282602067211,0.0,322.93782823568205,0.0839068422916404,0.08342842085352807,3.7379026235182826e-11,1.8287730218502496e-06,7.26509293681464e-08
184200.0,0.14264890815407869,0.14264890815407869,0.0,322.9385993313573,0.0836024798254281,0.08312698952019618,3.712389796353314e-11,1.8165845032391825e-06,7.242945053912383e-08
184500.0,0.14177691742070186,0.14177691742070186,0.0,322.93936580882206,0.08329992856215941,0.08282734485245309,3.6868727679923696e-11,1.8045088058249448e-06,7.220929785385504e-08
184800.0,0.14091220956846584,0.14091220956846584,0.0,322.94012770599346,0.0829991737247702,0.08252947233466314,3.6612714979958086e-11,1.7925363476334333e-06,7.199012822214278e-08
185100.0,0.14005470787286306,0.14005470787286306,0.0,322.9408850603909,0.08270020068775563,0.08223335759713832,3.636462337537304e-11,1.7806876689285822e-06,7.1772807245123e-08
185400.0,0.1392043365897445,0.1392043365897445,0.0,322.94163790914575,0.08240299497595091,0.08193898641709607,3.6115655669266004e-11,1.7689332927062207e-06,7.155618931983719e-08
185700.0,0.13836102100172326,0.13836102100172326,0.0,322.94238628900547,0.0821075422625623,0.08164634471684983,3.586781008331478e-11,1.757287981740685e-06,7.13409078434092e-08
186000.0,0.13752468735348278,0.13752468735348278,0.0,322.9431302363392,0.08181382836735097,0.08135541856203134,3.5625028515648945e-11,1.7457575915980073e-06,7.112724203376348e-08
186300.0,0.13669526282406919,0.13669526282406919,0.0,322.9438697871427,0.08152183925485644,0.08106619415983812,3.538311005406468e-11,1.7343185740315015e-06,7.091427237510403e-08
186600.0,0.1358726755459569,0.1358726755459569,0.0,322.94460497704256,0.08123156103248128,0.08077865785730541,3.51460580787983e-11,1.7229931975615287e-06,7.070294581981388e-08
186900.0,0.1350568545417124,0.1350568545417124,0.0,322.9453358413013,0.08094297994885079,0.08049279613960456,3.490837048765137e-11,1.7117678426936678e-06,7.04927445540619e-08
187200.0,0.13424772973099777,0.13424772973099777,0.0,322.9460624148217,0.08065608239201509,0.08020859562836342,3.467467011218169e-11,1.7006354977866511e-06,7.028341601157878e-08
187500.0,0.1334452319201499,0.1334452319201499,0.0,322.9467847321511,0.08037085488771592,0.07992604308001235,3.444256228896563e-11,1.6896090777041017e-06,7.007553007719079e-08
187800.0,0.13264929276583654,0.13264929276583654,0.0,322.94750282748623,0.0800872840977734,0.07964512538415272,3.421021295526057e-11,1.678679634187219e-06,6.986875436795632e-08
188100.0,0.13185984478353194,0.13185984478353194,0.0,322.94821673467715,0.07980535681839925,0.07936582956194868,3.398197867049268e-11,1.6678483626686447e-06,6.966317505326993e-08
188400.0,0.1310768213080315,0.1310768213080315,0.0,322.9489264872315,0.0795250599785404,0.07908814276454136,3.37587760538978e-11,1.657108320785028e-06,6.945853802697304e-08
188700.0,0.13030015651559768,0.13030015651559768,0.0,322.949632118319,0.0792463806383281,0.07881205227148594,3.3528712219652195e-11,1.6464629480350546e-06,6.925502190227602e-08
189000.0,0.12952978538655616,0.12952978538655616,0.0,322.95033366077513,0.07896930598744013,0.07853754548920974,3.3308766497244003e-11,1.6359174389302122e-06,6.90528815162016e-08
189300.0,0.1287656436979378,0.1287656436979378,0.0,322.95103114710525,0.07869382334361368,0.0782646099494926,3.309170034937268e-11,1.625461613585788e-06,6.885172366020265e-08
189600.0,0.1280076680060591,0.1280076680060591,0.0,322.951724609489,0.0784199201509896,0.07799323330796813,3.2869895650940125e-11,1.6150996187958011e-06,6.86517581963907e-08
189900.0,0.12725590010135904,0.12725590010135904,0.0,322.95241407978364,0.07814758381471655,0.07772340334264609,4.245628584104551e-11,1.758480220354075e-06,7.500680697193534e-08
190200.0,0.12651003984518902,0.12651003984518902,0.0,322.9530995900908,0.07787680226070286,0.07745510795359041,4.218145036563243e-11,1.7477114549746542e-06,7.480667773714179e-08
190500.0,0.1257701682245559,0.1257701682245559,0.0,322.95378117091474,0.07760756326160761,0.077188335157672,4.1909841174464094e-11,1.7370438705754943e-06,7.460801488810597e-08
190800.0,0.12503622205782328,0.12503622205782328,0.0,322.95445885321465,0.07733985474356656,0.0769230730915763,4.164096522297593e-11,1.7264607457545544e-06,7.441013655373971e-08
191100.0,0.12430814026955053,0.12430814026955053,0.0,322.9551326676274,0.07707366475619797,0.07665931000850033,4.137456699557137e-11,1.7159602610228308e-06,7.421299551326706e-08
191400.0,0.1235858628774619,0.1235858628774619,0.0,322.95580264447955,0.07680898146799812,0.07639703427690614,4.110973403522584e-11,1.7055498663098856e-06,7.401694583597144e-08
191700.0,0.1228693308371043,0.1228693308371043,0.0,322.95646881379196,0.07654579316453397,0.07613623437917669,4.084582939504659e-11,1.6952299192463105e-06,7.382203729134361e-08
192000.0,0.12215848599664189,0.12215848599664189,0.0,322.9571312052854,0.07628408824695157,0.07587689891027742,4.05891684527008e-11,1.6849943971497527e-06,7.362804117572481e-08
192300.0,0.12145335453411521,0.12145335453411521,0.0,322.95778984838427,0.0760238550956669,0.07561901657643452,4.5348351903376214e-11,1.7987644000405645e-06,7.886841999690031e-08
192600.0,0.1207536892983472,0.1207536892983472,0.0,322.9584447726719,0.07576508253157739,0.0753625761948835,4.506243456542313e-11,1.7882901796328898e-06,7.867697184858938e-08
192900.0,0.12005954888016537,0.12005954888016537,0.0,322.95909600641613,0.07550775925892249,0.07510756668897951,4.478094287283182e-11,1.7778972727644504e-06,7.848629466312596e-08
193200.0,0.11937087544731197,0.11937087544731197,0.0,322.95974357821746,0.07525187411755523,0.0748539770913462,4.449571434292423e-11,1.767584603198924e-06,7.829637130532589e-08
193500.0,0.1186876299649036,0.1186876299649036,0.0,322.96038751643425,0.07499741604484224,0.0746017965403466,4.7433179821961036e-11,1.7786162117422455e-06,7.905233297988028e-08
193800.0,0.11801139386111018,0.11801139386111018,0.0,322.96102784907396,0.07474436844178908,0.07435100302325391,4.713063004834776e-11,1.7683005587298961e-06,7.885992374605224e-08
194100.0,0.11733964211412687,0.11733964211412687,0.0,322.96166461284287,0.07449272505609898,0.07410159877594326,4.683613871611755e-11,1.7580674097905646e-06,7.866841620961863e-08
194400.0,0.11667264217226939,0.11667264217226939,0.0,322.96229783079696,0.07424247625011708,0.07385357326929454,4.6541863434788824e-11,1.747925505973802e-06,7.847823304838675e-08
194700.0,0.11601051541072169,0.11601051541072169,0.0,322.96292752744904,0.07399361190500232,0.07360691597986894,4.62496303691408e-11,1.737870707979594e-06,7.828922268815955e-08
195000.0,0.11535332856641173,0.11535332856641173,0.0,322.96355372798155,0.07374612176013808,0.07336161642456848,4.5962944654549307e-11,1.727895533765178e-06,7.810108032461335e-08
195300.0,0.1147011153007097,0.1147011153007097,0.0,322.9641764579515,0.07349999551575653,0.0731176641914274,4.567713676919434e-11,1.7180019699081228e-06,7.791392629132097e-08
195600.0,0.11405388546070187,0.11405388546070187,0.0,322.964795743112,0.07325522288310483,0.07287504895885882,4.5392553289351195e-11,1.7081868986940085e-06,7.772765005528705e-08
195900.0,0.1134116311055279,0.1134116311055279,0.0,322.96541160928484,0.07301179361556082,0.07263376050673621,4.5111317020799396e-11,1.6984581473200588e-06,7.754263903642689e-08
196200.0,0.11277433107008702,0.11277433107008702,0.0,322.9660240822628,0.07276969752969611,0.07239378872210034,4.4831498419396766e-11,1.6887913541763222e-06,7.73578110809633e-08
196500.0,0.11214195462522916,0.11214195462522916,0.0,322.9666331877392,0.07252892451948059,0.07215512360142119,4.4555536196778585e-11,1.6792074092053522e-06,7.717414904147805e-08
196800.0,0.11151446425458655,0.11151446425458655,0.0,322.96723895125587,0.07228946456589529,0.07191775525070807,4.428187834300392e-11,1.669698420136978e-06,7.699132140317942e-08
197100.0,0.11089181784369309,0.11089181784369309,0.0,322.96784139816657,0.07205130774294052,0.07168167388431698,4.400965278642394e-11,1.6602566306478383e-06,7.680899822902047e-08
197400.0,0.11027397031884117,0.11027397031884117,0.0,322.9684405536112,0.0718144442210875,0.07144686982301558,4.3739701751936203e-11,1.6508972657258703e-06,7.662791163308911e-08
197700.0,0.10966093803885199,0.10966093803885199,0.0,322.9690364425007,0.07157886414614653,0.07121333349166352,4.894693275672231e-11,1.7416939483150262e-06,8.110839091452627e-08
198000.0,0.10905252835162521,0.10905252835162521,0.0,322.96962908984773,0.0713445580716069,0.07098105541769276,4.865434915591656e-11,1.7321773811973529e-06,8.093013342651896e-08
198300.0,0.10844878122564972,0.10844878122564972,0.0,322.97021851963814,0.07111151642022004,0.07075002622524754,4.836429566788782e-11,1.7227338989789232e-06,8.075269125180576e-08
198600.0,0.10784964570525044,0.10784964570525044,0.0,322.9708047560869,0.07087972974480036,0.07052023663698706,4.8075552835761146e-11,1.7133612597308723e-06,8.057598723451501e-08
198900.0,0.10725507341238678,0.10725507341238678,0.0,322.9713878231469,0.07064918870090646,0.07029167746966891,4.778663259006277e-11,1.7040411224439334e-06,8.039918333471581e-08
199200.0,0.10666501699131428,0.10666501699131428,0.0,322.9719677445227,0.0704198840395172,0.07006433963224398,4.7506310545648194e-11,1.6948093499447037e-06,8.022399606118993e-08
199500.0,0.1060794299043783,0.1060794299043783,0.0,322.9725445436758,0.0701918066047277,0.06983821412386204,4.7223454184714966e-11,1.6856446825030957e-06,8.004945135526977e-08
199800.0,0.10549826648993232,0.10549826648993232,0.0,322.9731182438287,0.06996494733183292,0.06961329203199548,4.6947007899845244e-11,1.6765387006456578e-06,7.987517390644651e-08
200100.0,0.10492148195701839,0.10492148195701839,0.0,322.9736888679701,0.06973929724552994,0.06938956453069732,4.667008623991854e-11,1.6675072338490082e-06,7.970194231516484e-08
200400.0,0.1043490323749554,0.1043490323749554,0.0,322.97425643885845,0.06951484745847646,0.06916702287898414,4.639271456903926e-11,1.6585272618468982e-06,7.952868212015628e-08
200700.0,0.10378087464779727,0.10378087464779727,0.0,322.9748209790271,0.06929158916942252,0.068945658419331,4.6118449524467264e-11,1.64962033981364e-06,7.935644905762945e-08
201000.0,0.10321696646058401,0.10321696646058401,0.0,322.9753825107885,0.06906951366187336,0.06872546257627056,4.58532841846606e-11,1.6407797438222627e-06,7.918494749384534e-08
201300.0,0.10265726625825711,0.10265726625825711,0.0,322.9759410562381,0.06884861230259534,0.06850642685508036,4.558662913950075e-11,1.632003763629708e-06,7.901412045202967e-08
201600.0,0.10210173319532527,0.10210173319532527,0.0,322.9764966372584,0.06862887654026129,0.06828854284055141,4.531932857923587e-11,1.6232823637912785e-06,7.884350561185792e-08
201900.0,0.10155032709098173,0.10155032709098173,0.0,322.9770492755225,0.06841029790402345,0.06807180219582572,4.5054690679982874e-11,1.6146316624970902e-06,7.86739088493346e-08
202200.0,0.1010030084046624,0.1010030084046624,0.0,322.97759899249786,0.06819286800247916,0.06785619666129726,4.479203663851103e-11,1.6060500927367327e-06,7.85052816509758e-08
202500.0,0.10045973818528435,0.10045973818528435,0.0,322.978145809449,0.06797657852244353,0.0676417180535643,4.453663602247264e-11,1.5975215143376742e-06,7.833685999216273e-08
202800.0,0.09992047988241946,0.09992047988241946,0.0,322.9786897474412,0.06776142122539013,0.06742835826442968,4.392442083193404e-11,1.5915942859073828e-06,7.829402321287275e-08
203100.0,0.09938519176059733,0.09938519176059733,0.0,322.97923082735275,0.0675473879551983,0.06721610925999034,4.367135087526429e-11,1.5831982120156907e-06,7.812777863277101e-08
203400.0,0.09885383848542999,0.09885383848542999,0.0,322.9797690698471,0.06733447062497655,0.0670049630795394,4.341788941179521e-11,1.57485428602111e-06,7.796176665551474e-08
203700.0,0.0983263833642502,0.0983263833642502,0.0,322.9803044954074,0.06712266122419044,0.06679491183491795,4.3168782609641837e-11,1.5665825027766367e-06,7.779700000988904e-08
204000.0,0.09780279008433508,0.09780279008433508,0.0,322.9808371243284,0.06691195181523228,0.06658594770950593,4.292198129372523e-11,1.5583664303570055e-06,7.763268933180577e-08
204300.0,0.09728302275001108,0.09728302275001108,0.0,322.9813669767192,0.06670233453254976,0.06637806295741673,4.2673708503333517e-11,1.5502101034237104e-06,7.746905783171306e-08
204600.0,0.09676704590196682,0.09676704590196682,0.0,322.9818940725046,0.06649380158200177,0.06617124990268299,4.2429592976004705e-11,1.5421063310067096e-06,7.730576857377935e-08
204900.0,0.09625482451621835,0.09625482451621835,0.0,322.98241843142813,0.06628634523997362,0.06596550093845945,4.218569505895477e-11,1.5340619657217003e-06,7.714318638667846e-08
205200.0,0.0957463239857447,0.0957463239857447,0.0,322.9829400730533,0.06607995785262358,0.06576080852624586,4.1946094598674865e-11,1.5260724283427951e-06,7.698110379884296e-08
205500.0,0.09524151011017315,0.09524151011017315,0.0,322.9834590167664,0.06587463183503822,0.06555716519512492,4.1707472584491875e-11,1.5181361815719274e-06,7.681946445249769e-08
205800.0,0.09474034909256816,0.09474034909256816,0.0,322.98397528177856,0.06567035967046905,0.06535456354101553,4.147254383515878e-11,1.5102565108365829e-06,7.665845588050088e-08
206100.0,0.09424280752266528,0.09424280752266528,0.0,322.9844888871272,0.06546713390953948,0.06515299622593995,4.1232991454253637e-11,1.5024428062226924e-06,7.64985785742366e-08
206400.0,0.09374885236735035,0.09374885236735035,0.0,322.98499985167877,0.06526494716962904,0.06495245597730322,4.100201656750913e-11,1.4946696043488528e-06,7.633855891351509e-08
206700.0,0.09325845097157001,0.09325845097157001,0.0,322.9855081941302,0.06506379213389579,0.06475293558718355,4.0776261324404255e-11,1.4869578970622133e-06,7.617948725368787e-08
207000.0,0.0927715710406199,0.0927715710406199,0.0,322.9860139330107,0.06486366155076403,0.06455442791163632,4.054042551532124e-11,1.479302305373853e-06,7.60211120786077e-08
207300.0,0.09228818063841424,0.09228818063841424,0.0,322.98651708668405,0.0646645482331315,0.06435692587000547,4.0314307862002085e-11,1.4717006032449742e-06,7.586334106591317e-08
207600.0,0.09180824897373123,0.09180824897373123,0.0,322.98701767335,0.06446644505931692,0.06416042244424679,4.0448989336219507e-11,1.4644526902113375e-06,7.572170239695312e-08
207900.0,0.09133174329241112,0.09133174329241112,0.0,322.9875157110505,0.06426934496599712,0.06396491067827365,4.022668460929169e-11,1.4569753682414088e-06,7.556611263696807e-08
208200.0,0.09085863322802305,0.09085863322802305,0.0,322.988011217659,0.0640732409562056,0.06377038367724742,4.0002299012088256e-11,1.4495405691733465e-06,7.541060550608093e-08
208500.0,0.09038888842131448,0.09038888842131448,0.0,322.98850421089304,0.06387812609456284,0.06357683460700027,3.9780420470299936e-11,1.4421525438290672e-06,7.52554190299904e-08
208800.0,0.08992248160854026,0.08992248160854026,0.0,322.98899470831464,0.06368399349574215,0.06338425667311307,3.955760096251637e-11,1.4348198148356195e-06,7.510101759617981e-08
209100.0,0.08945937593955743,0.08945937593955743,0.0,322.9894827273463,0.06349083636300626,0.06319264320166114,3.934131681203813e-11,1.4275360214338617e-06,7.494708964886328e-08
209400.0,0.08899954636654953,0.08899954636654953,0.0,322.98996828521956,0.06329864793602039,0.06300198751583673,3.9123187753236806e-11,1.4203114527544525e-06,7.47941964568787e-08
209700.0,0.08854296336724544,0.08854296336724544,0.0,322.9904513990382,0.06310742151849404,0.06281228301769781,3.8908173272730763e-11,1.4131283781609882e-06,7.464142590301955e-08
210000.0,0.08808959789297616,0.08808959789297616,0.0,322.9909320857547,0.06291715047310342,0.06262352316678917,3.8692447497674387e-11,1.405998699244293e-06,7.44894245141922e-08
210300.0,0.08763942126564533,0.08763942126564533,0.0,322.9914103621718,0.06272782822074942,0.06243570147956106,3.848181644967565e-11,1.3989091381116925e-06,7.43375084493974e-08
210600.0,0.0871924051280921,0.0871924051280921,0.0,322.99188624494525,0.06253944823962498,0.06224881152877489,3.826969698342415e-11,1.391873064804372e-06,7.418640575312279e-08
210900.0,0.08674852143128148,0.08674852143128148,0.0,322.9923597505846,0.06235200406473554,0.06206284694291722,3.806134650967691e-11,1.3848857862153174e-06,7.403588743127334e-08
211200.0,0.0863077424361468,0.0863077424361468,0.0,322.99283089545554,0.06216548928727278,0.06187780140561855,3.7851020895476694e-11,1.3779398776447849e-06,7.388557506975135e-08
211500.0,0.08587004070735668,0.08587004070735668,0.0,322.9932996957809,0.06197989755393783,0.06169366865508012,3.7643272828350305e-11,1.3710500436914241e-06,7.37362756743438e-08
211800.0,0.0854353890922797,0.0854353890922797,0.0,322.99376616764243,0.061795222566480026,0.061510442483508176,3.7439581062543875e-11,1.3642007247044452e-06,7.358717324988579e-08
212100.0,0.08500376073578045,0.08500376073578045,0.0,322.9942303269822,0.061611458081035436,0.06132811673655344,3.723807315360269e-11,1.3573911810671468e-06,7.343824365060023e-08
212400.0,0.08457512906919738,0.08457512906919738,0.0,322.9946921896043,0.061428597907534174,0.06114668531275851,3.7033940746943324e-11,1.3506364989340769e-06,7.32903210633334e-08
212700.0,0.08414946779760472,0.08414946779760472,0.0,322.99515177117587,0.06124663590925423,0.06096614216301191,3.683169901166433e-11,1.3439249094276962e-06,7.314278787049985e-08
213000.0,0.0837268129023987,0.0837268129023987,0.0,322.9956090872289,0.06106556585943895,0.06078648129000737,4.8676831024298734e-11,1.4420729234632113e-06,7.871718991259233e-08
213300.0,0.0833069957276367,0.0833069957276367,0.0,322.9960641534981,0.06088538195075059,0.0606076967486287,4.841311944996939e-11,1.4350910701732555e-06,7.856790492744123e-08
213600.0,0.08289007882080726,0.08289007882080726,0.0,322.9965169848096,0.06070607814438146,0.060429782642139385,4.81496491086328e-11,1.4281481841293964e-06,7.841873651886679e-08
213900.0,0.082476033133824,0.082476033133824,0.0,322.9969675963362,0.060527648498788514,0.06025273312586579,4.789122973280905e-11,1.4212570076804765e-06,7.827040165007806e-08
214200.0,0.08206483267729375,0.08206483267729375,0.0,322.9974160031002,0.060350087132057056,0.06007654240451692,4.76323407268577e-11,1.414415251810297e-06,7.812279534439871e-08
214500.0,0.08165645224092123,0.08165645224092123,0.0,322.99786221998966,0.06017338821407945,0.05990120473196171,4.737495144571122e-11,1.407605600176054e-06,7.797497874908875e-08
214800.0,0.08125086701710374,0.08125086701710374,0.0,322.9983062617628,0.05999754596467307,0.05972671441075743,4.712069804848673e-11,1.4008424112366136e-06,7.782776160330726e-08
215100.0,0.08084805252607771,0.08084805252607771,0.0,322.99874814304974,0.05982255465298262,0.059553065791659435,4.686748546538962e-11,1.394129122311849e-06,7.768135448794539e-08
215400.0,0.08044798459392272,0.08044798459392272,0.0,322.9991878783544,0.059648408596921026,0.05938025327313126,4.661472817273439e-11,1.387456993240388e-06,7.753528975747654e-08
215700.0,0.08005063936895418,0.08005063936895418,0.0,322.99962548205633,0.05947510216267907,0.059208271300860246,4.636566244259596e-11,1.3808233080836452e-06,7.738943176069167e-08
216000.0,0.0796559932889131,0.0796559932889131,0.0,323.0000609684116,0.05930262976414594,0.05903711436727865,4.611738957399639e-11,1.3742287261198083e-06,7.724383283873974e-08
216300.0,0.07926402307190934,0.07926402307190934,0.0,323.00049435155523,0.059130985862394216,0.05886677701109061,4.5873099806889657e-11,1.3676808275769892e-06,7.709893595436675e-08
216600.0,0.07887470570598254,0.07887470570598254,0.0,323.00092564550187,0.058960164965233895,0.05869725381680395,4.56302989107225e-11,1.361176998587732e-06,7.695461273954235e-08
216900.0,0.07848801842438077,0.07848801842438077,0.0,323.0013548641477,0.05879016162665794,0.058528539414267396,4.538661421255326e-11,1.354707217071649e-06,7.681031313110999e-08
217200.0,0.07810393873156785,0.07810393873156785,0.0,323.00178202127125,0.058620970446381516,0.0583606284782142,4.5147966557868896e-11,1.348281373519944e-06,7.666661283230081e-08
217500.0,0.07772244435292622,0.07772244435292622,0.0,323.0022071305354,0.058452586069329564,0.05819351572780961,4.490743623868649e-11,1.3418969408152126e-06,7.65233859356033e-08
217800.0,0.07734351326505313,0.07734351326505313,0.0,323.0026302054875,0.058285003185233,0.05802719592620486,4.467194501229294e-11,1.3355566117340123e-06,7.638080345124906e-08
218100.0,0.07696712366434968,0.07696712366434968,0.0,323.00305125956186,0.05811821652811714,0.05786166388009552,4.443576915960121e-11,1.3292578628920637e-06,7.623873903339637e-08
218400.0,0.07659325398251045,0.07659325398251045,0.0,323.00347030608,0.05795222087593324,0.05769691443928537,4.420247315639508e-11,1.3229881481308103e-06,7.60964882296817e-08
218700.0,0.0762218828719918,0.0762218828719918,0.0,323.00388735825186,0.057787011049944284,0.05753294249625491,4.3971678818099194e-11,1.316765179226742e-06,7.595508375222277e-08
219000.0,0.07585298919946754,0.07585298919946754,0.0,323.00430242917776,0.05762258191447136,0.05736974298573601,4.374188575620754e-11,1.310578862295797e-06,7.58139615148957e-08
219300.0,0.07548655205687475,0.07548655205687475,0.0,323.0047155318486,0.05745892837637414,0.057207310884289916,4.351202167712998e-11,1.304431607798695e-06,7.567327623737635e-08
219600.0,0.07512255074519911,0.07512255074519911,0.0,323.00512667914717,0.05729604538463715,0.057045641209891106,4.328443254443798e-11,1.2983213850958908e-06,7.553292589858283e-08
219900.0,0.07476096477634593,0.07476096477634593,0.0,323.0055358838497,0.05713392792994094,0.05688472902151577,4.305912844550133e-11,1.2922487956784634e-06,7.539296074439059e-08
220200.0,0.0744017738703284,0.0744017738703284,0.0,323.00594315862645,0.05697257104423536,0.05672456941873523,4.283541492582227e-11,1.2862202898311637e-06,7.525377365846805e-08
220500.0,0.07404495795167391,0.07404495795167391,0.0,323.0063485160427,0.05681196980041951,0.05656515754131358,4.2614000729086554e-11,1.280219894858603e-06,7.511444620772796e-08
220800.0,0.07369049714919909,0.07369049714919909,0.0,323.0067519685604,0.056652119311773885,0.05640648856881018,4.239277676613788e-11,1.274260086669976e-06,7.497572330626822e-08
221100.0,0.0733383718303602,0.0733383718303602,0.0,323.00715352853865,0.05649301473155789,0.05624855771992475,4.217523495252464e-11,1.2683404174845814e-06,7.483759561610994e-08
221400.0,0.07298856248080747,0.07298856248080747,0.0,323.00755320823487,0.056334651252880806,0.05609136025280184,4.19573780895305e-11,1.262457118192395e-06,7.469985702200392e-08
221700.0,0.0726410498176311,0.0726410498176311,0.0,323.0079510198061,0.0561770241081136,0.05593489146408388,4.17401244062441e-11,1.2566087158466521e-06,7.456243519463807e-08
222000.0,0.0722958147573244,0.0722958147573244,0.0,323.0083469753093,0.05602012856852552,0.05577914668865645,4.1524399076439756e-11,1.2507966040825602e-06,7.442542743379271e-08
222300.0,0.07195283840493757,0.07195283840493757,0.0,323.00874108670286,0.0558639599439,0.05562412129927444,4.131312703435386e-11,1.245017269446702e-06,7.428863920477413e-08
222600.0,0.0716121020577578,0.0716121020577578,0.0,323.00913336584756,0.05570851358212167,0.055469810706191995,4.110037007432268e-11,1.2392788548837297e-06,7.4152571136e-08
222900.0,0.07127358719273408,0.07127358719273408,0.0,323.0095238245074,0.055553784868863226,0.05531621035679741,4.089048543493728e-11,1.2335729887846814e-06,7.401673841524787e-08
223200.0,0.07093727548356116,0.07093727548356116,0.0,323.0099124743505,0.055399769227181886,0.055163315735250844,4.068374273835134e-11,1.2279042485296987e-06,7.388142981211962e-08
223500.0,0.07060325410964038,0.07060325410964038,0.0,323.01029932695036,0.05524646184299591,0.055011122362127025,4.4887930306958396e-11,1.409848974148753e-06,8.506420906828878e-08
223800.0,0.07027126411735302,0.07027126411735302,0.0,323.01068439436045,0.05509385866374244,0.05485962579562848,4.4658593163557194e-11,1.403683166034675e-06,8.492677768931598e-08
224100.0,0.06994143446742883,0.06994143446742883,0.0,323.0110676872281,0.05494195508205319,0.05470882162564795,4.4432856269609894e-11,1.3975458558052045e-06,8.478923218258472e-08
224400.0,0.06961374094745384,0.06961374094745384,0.0,323.0114492169079,0.05479074664554826,0.05455870548055215,4.420574402067879e-11,1.3914486210464538e-06,8.465228809820747e-08
224700.0,0.06928816499071742,0.06928816499071742,0.0,323.0118289946279,0.05464022895519349,0.05440927302319004,4.3982483739803616e-11,1.385389681959892e-06,8.451585388340584e-08
225000.0,0.06896468873426084,0.06896468873426084,0.0,323.0122070315192,0.05449039764893285,0.05426051995101614,4.37599960836658e-11,1.3793592487654216e-06,8.437934683784513e-08
225300.0,0.06864329451169957,0.06864329451169957,0.0,323.01258333862063,0.05434124839965597,0.05411244199581979,4.354015895219001e-11,1.3733608462129787e-06,8.424299445070492e-08
225600.0,0.0683239648821104,0.0683239648821104,0.0,323.01295792687944,0.054192776915005854,0.05396503492340497,4.332039887159106e-11,1.3674018460030357e-06,8.410726323347624e-08
225900.0,0.06800668263795519,0.06800668263795519,0.0,323.01333080715193,0.054044978937131886,0.05381829453326431,4.3103131517753545e-11,1.3614776823572816e-06,8.39718884240864e-08
226200.0,0.067691430843504,0.067691430843504,0.0,323.0137019902056,0.05389785024246657,0.05367221665825703,4.2885832264080426e-11,1.3555806405857185e-06,8.383640748115559e-08
226500.0,0.06737819279968227,0.06737819279968227,0.0,323.01407148672007,0.053751386641227236,0.05352679716428908,4.266969675407243e-11,1.3497182363986227e-06,8.370129719676171e-08
226800.0,0.06706695203975922,0.06706695203975922,0.0,323.0144393072884,0.05360558397715642,0.05338203194999796,4.24560161894835e-11,1.343892221852827e-06,8.356668106476344e-08
227100.0,0.06675769230368817,0.06675769230368817,0.0,323.014805462418,0.05346043812711301,0.053237916946439964,4.224395627017834e-11,1.3381017754665603e-06,8.343252333529034e-08
227400.0,0.06645039751961641,0.06645039751961641,0.0,323.0151699625322,0.05331594500072371,0.053094448116781115,4.203354544402309e-11,1.3323368381196188e-06,8.329821020094044e-08
227700.0,0.06614507119159878,0.06614507119159878,0.0,323.0155328179709,0.053172100512873945,0.05295162145599176,4.991751300377505e-11,1.354126944144718e-06,8.488956495878001e-08
228000.0,0.06584163477668448,0.06584163477668448,0.0,323.0158940390978,0.05302890069945226,0.05280943299076918,4.1670113594953576e-11,1.3221717609368522e-06,8.311013701946048e-08
228300.0,0.06554014345859749,0.06554014345859749,0.0,323.01625363585146,0.05288634153468637,0.05266787877822379,4.146257232981784e-11,1.31651982476777e-06,8.29779351066355e-08
228600.0,0.06524055212912237,0.06524055212912237,0.0,323.0166116184769,0.05274441904481289,0.052526954907353735,4.125876631546304e-11,1.3108913756582075e-06,8.284550286065613e-08
228900.0,0.06494284747543229,0.06494284747543229,0.0,323.01696799697595,0.052603129304568196,0.05238665749730706,4.105405267487435e-11,1.3052970915666817e-06,8.271352603436125e-08
229200.0,0.06464701488114644,0.06464701488114644,0.0,323.0173227812828,0.05246246841473357,0.05224698269758627,4.085118225180614e-11,1.299736956061892e-06,8.258201817643752e-08
229500.0,0.06435303949946893,0.06435303949946893,0.0,323.01767598125565,0.05232243250540698,0.05210792668774849,4.0650604745599824e-11,1.294201920951088e-06,8.245041747102423e-08
229800.0,0.06406092579622165,0.06406092579622165,0.0,323.0180276066756,0.05218301770173228,0.05196948567711118,4.992327014478569e-11,1.3184098918844755e-06,8.42170467168868e-08
230100.0,0.06377061305878366,0.06377061305878366,0.0,323.01837766735224,0.0520442202388193,0.051831655904721094,4.968342761102954e-11,1.3128293219061282e-06,8.408422144872494e-08
230400.0,0.06348211750585281,0.06348211750585281,0.0,323.01872617276774,0.05190603633893454,0.051694433638178654,4.944094451304411e-11,1.3072790860935157e-06,8.395164148522035e-08
230700.0,0.06319542233757622,0.06319542233757622,0.0,323.0190731324964,0.051768462243094004,0.05155781517449975,4.9199795402504005e-11,1.3017592992436988e-06,8.3819326982704e-08
231000.0,0.0629105126079628,0.0629105126079628,0.0,323.0194185560249,0.05163149422706582,0.05142179683929001,4.8969663414283864e-11,1.2962752209272344e-06,8.368763034608646e-08
231300.0,0.06262737398114743,0.06262737398114743,0.0,323.0197624527623,0.05149512859708261,0.051286374986523824,4.8733017516262774e-11,1.290813512494493e-06,8.355570372454107e-08
231600.0,0.062345992398613076,0.062345992398613076,0.0,323.02010483204253,0.05135936168831223,0.051151545998293385,4.849387533677803e-11,1.285392958766396e-06,8.342477505640488e-08
231900.0,0.06206635395404958,0.06206635395404958,0.0,323.02044570312745,0.05122418986442038,0.051017306284550715,4.826299506559983e-11,1.27999315033267e-06,8.329353467053632e-08
232200.0,0.06178844491735845,0.06178844491735845,0.0,323.02078507520577,0.05108960951714456,0.05088365228284897,4.803391632445775e-11,1.2746286815884522e-06,8.316294276110518e-08
232500.0,0.0615122516855084,0.0615122516855084,0.0,323.0211229573954,0.05095561706606233,0.050750580458086905,4.7804062679985436e-11,1.2692928806970483e-06,8.303257840062727e-08
232800.0,0.061237760799625215,0.061237760799625215,0.0,323.02145935874336,0.05082220895831971,0.05061808730225541,4.757509893600208e-11,1.2639803347175294e-06,8.290209868380865e-08
233100.0,0.06096495893897349,0.06096495893897349,0.0,323.0217942882267,0.05068938166831412,0.05048616933418675,4.7349636016421907e-11,1.258700763721865e-06,8.277215216118774e-08
233400.0,0.06069383291644551,0.06069383291644551,0.0,323.02212775475357,0.05055713169754275,0.05035482309930681,4.7119474858874575e-11,1.2534456640470037e-06,8.264219256910663e-08
233700.0,0.06042436967570822,0.06042436967570822,0.0,323.02245976716324,0.050425455574206364,0.050224045169389164,4.690132909139364e-11,1.2482305483119127e-06,8.251325539835796e-08
234000.0,0.06015655626680191,0.06015655626680191,0.0,323.02279033422707,0.05029434985310036,0.05009383214231321,4.667814125803689e-11,1.2430306552332904e-06,8.238371764515177e-08
234300.0,0.05989037989367694,0.05989037989367694,0.0,323.0231194646496,0.050163811115242395,0.04996418064182339,4.645848234450129e-11,1.237867975546758e-06,8.225504588709562e-08
234600.0,0.05962582786443862,0.05962582786443862,0.0,323.02344716706824,0.05003383596774705,0.049835087317291825,4.6239078065908075e-11,1.2327278717180756e-06,8.212628167018282e-08
234900.0,0.059362887602995525,0.059362887602995525,0.0,323.02377345005476,0.049904421043437355,0.04970654884348338,4.601784065941669e-11,1.2276168019145772e-06,8.199786553620477e-08
235200.0,0.05910154666957944,0.05910154666957944,0.0,323.0240983221154,0.04977556300076842,0.049578561920323345,4.580537079318703e-11,1.22253605651379e-06,8.186989644529765e-08
235500.0,0.05884179272497288,0.05884179272497288,0.0,323.0244217916919,0.04964725852348294,0.049451123272667,4.558685289153367e-11,1.2174801916203792e-06,8.174202213968615e-08
235800.0,0.058583613547037075,0.058583613547037075,0.0,323.02474386716165,0.04951950432038462,0.04932422965007243,4.5372531899884536e-11,1.2124533800977888e-06,8.161453395907576e-08
236100.0,0.05832699703842399,0.05832699703842399,0.0,323.0250645568383,0.0493922971251977,0.04919787782657533,4.516103720980028e-11,1.20745171265646e-06,8.14871807234677e-08
236400.0,0.058071931200115987,0.058071931200115987,0.0,323.0253838689729,0.04926563369621087,0.049072064600466064,4.4947751810544774e-11,1.2024766743307103e-06,8.136007355185308e-08
236700.0,0.057818404157005156,0.057818404157005156,0.0,323.0257018117539,0.04913951081617314,0.04894678679406961,4.474373803079753e-11,1.1975259453858578e-06,8.12330665280534e-08
237000.0,0.057566394239372605,0.057566394239372605,0.0,323.02601839330794,0.049013925326130116,0.04882204132066874,4.453107399759294e-11,1.1926009593002385e-06,8.110626734238481e-08
237300.0,0.05731590470455615,0.05731590470455615,0.0,323.02633362164613,0.04888887402898645,0.04869782497234926,4.432477224303819e-11,1.187713398062562e-06,8.098048357303552e-08
237600.0,0.057066921795790704,0.057066921795790704,0.0,323.0266475048009,0.048764353773393374,0.04857413464354566,4.4117135069748715e-11,1.1828414764047945e-06,8.08542432382355e-08
