time_s,method,rho_d_kg_m3,net_inventory_rate_kg_s,local_positive_loss_rate_kg_s,boundary_net_rate_kg_s,water_balance_residual_kg_s,solver_relative_residual
300.0,fixed-domain-moisture,650.0,-1.557883871819058e-05,1.557883871819058e-05,-1.5578838720311676e-05,2.1210958608009617e-15,1.702431914721029e-11
600.0,fixed-domain-moisture,650.0,-1.2654564297852215e-05,1.2654564297852215e-05,-1.2654564279967702e-05,-1.7884512840409157e-14,4.6280131800999725e-11
900.0,fixed-domain-moisture,650.0,-1.0975621539268184e-05,1.0975621539268184e-05,-1.097562154244078e-05,3.172595785258872e-15,1.2546783284220267e-11
1200.0,fixed-domain-moisture,650.0,-9.91250492983654e-06,9.91250492983654e-06,-9.912504942598851e-06,1.2762311484850429e-14,4.0747026935445944e-11
1500.0,fixed-domain-moisture,650.0,-9.18335805240801e-06,9.18335805240801e-06,-9.1833580544156e-06,2.0075900577370964e-15,2.9021441136147006e-11
1800.0,fixed-domain-moisture,650.0,-8.688492669686276e-06,8.688492669686276e-06,-8.688492670835186e-06,1.1489104074580495e-15,2.1237619275288423e-11
2100.0,fixed-domain-moisture,650.0,-8.320175748052923e-06,8.320175748052923e-06,-8.320175750375536e-06,2.3226134692822323e-15,2.667695238716236e-11
2400.0,fixed-domain-moisture,650.0,-8.057979147331863e-06,8.057979147331863e-06,-8.057979151902324e-06,4.570461034376222e-15,3.762840338298789e-11
2700.0,fixed-domain-moisture,650.0,-7.864151170995577e-06,7.864151170995577e-06,-7.864151180620776e-06,9.625199603817934e-15,4.6135762419551834e-11
3000.0,fixed-domain-moisture,650.0,-7.699079524664528e-06,7.699079524664528e-06,-7.699079530177036e-06,5.512507361389932e-15,4.2931340240729086e-11
3300.0,fixed-domain-moisture,650.0,-7.576275759124063e-06,7.576275759124063e-06,-7.576275759810817e-06,6.867539848430526e-16,9.364866350583447e-12
3600.0,fixed-domain-moisture,650.0,-7.470278869690213e-06,7.470278869690213e-06,-7.4702788681668116e-06,-1.523401461131068e-15,1.086306616421681e-11
3900.0,fixed-domain-moisture,650.0,-7.372787271660031e-06,7.372787271660031e-06,-7.372787268242657e-06,-3.4173739074552616e-15,1.3765652561659688e-11
4200.0,fixed-domain-moisture,650.0,-7.2800545067689805e-06,7.2800545067689805e-06,-7.280054502006097e-06,-4.762883203069876e-15,1.5457378938928225e-11
4500.0,fixed-domain-moisture,650.0,-7.197252818822604e-06,7.197252818822604e-06,-7.197252814380345e-06,-4.4422592096774946e-15,1.6562444254073793e-11
4800.0,fixed-domain-moisture,650.0,-7.12392628196093e-06,7.12392628196093e-06,-7.123926276443901e-06,-5.517028823262375e-15,1.9464248661841334e-11
5100.0,fixed-domain-moisture,650.0,-7.041545325801986e-06,7.041545325801986e-06,-7.041545320736967e-06,-5.0650190083225376e-15,1.7400115886674284e-11
5400.0,fixed-domain-moisture,650.0,-6.968068550082101e-06,6.968068550082101e-06,-6.968068543902087e-06,-6.180014216572525e-15,2.0958622648886643e-11
5700.0,fixed-domain-moisture,650.0,-6.901422116143742e-06,6.901422116143742e-06,-6.9014221087202896e-06,-7.423452653911207e-15,2.538237172607352e-11
6000.0,fixed-domain-moisture,650.0,-6.834296299983561e-06,6.834296299983561e-06,-6.834296295632745e-06,-4.350816073790762e-15,1.4672582976717038e-11
6300.0,fixed-domain-moisture,650.0,-6.7655598662400525e-06,6.7655598662400525e-06,-6.7655598595818255e-06,-6.658226995735674e-15,2.495474033581104e-11
6600.0,fixed-domain-moisture,650.0,-6.696393208851167e-06,6.696393208851167e-06,-6.696393202509248e-06,-6.341919482242501e-15,2.4293075164031052e-11
6900.0,fixed-domain-moisture,650.0,-6.630499606349436e-06,6.630499606349436e-06,-6.6304996013036e-06,-5.045835406133122e-15,1.8311288577450653e-11
7200.0,fixed-domain-moisture,650.0,-6.563598770905466e-06,6.563598770905466e-06,-6.5635987644803646e-06,-6.425101505794662e-15,2.557269529834322e-11
7500.0,fixed-domain-moisture,650.0,-6.49352065547235e-06,6.49352065547235e-06,-6.493520648649586e-06,-6.822763992772769e-15,2.7419617038043444e-11
7800.0,fixed-domain-moisture,650.0,-6.424727729481297e-06,6.424727729481297e-06,-6.424727723666875e-06,-5.814421244010413e-15,2.379439606233862e-11
8100.0,fixed-domain-moisture,650.0,-6.353568808167034e-06,6.353568808167034e-06,-6.353568801882596e-06,-6.2844381323759295e-15,2.607290276631255e-11
8400.0,fixed-domain-moisture,650.0,-6.2927784664413446e-06,6.2927784664413446e-06,-6.292778460499594e-06,-5.941750624773468e-15,2.5324619987321235e-11
8700.0,fixed-domain-moisture,650.0,-6.229207763407065e-06,6.229207763407065e-06,-6.229207757116377e-06,-6.290688388493719e-15,2.739345871416625e-11
9000.0,fixed-domain-moisture,650.0,-6.1743233975218345e-06,6.1743233975218345e-06,-6.174323390536645e-06,-6.9851893366723594e-15,3.1966592090989865e-11
9300.0,fixed-domain-moisture,650.0,-6.1135396206590985e-06,6.1135396206590985e-06,-6.1135396156823835e-06,-4.9767149765383295e-15,2.547787368917465e-11
9600.0,fixed-domain-moisture,650.0,-6.049117910759804e-06,6.049117910759804e-06,-6.049117906771719e-06,-3.988085225557422e-15,2.2957485171298154e-11
9900.0,fixed-domain-moisture,650.0,-5.9929215771440655e-06,5.9929215771440655e-06,-5.992921571769777e-06,-5.374288525056975e-15,2.8896302696370467e-11
10200.0,fixed-domain-moisture,650.0,-5.932855738576025e-06,5.932855738576025e-06,-5.932855733979506e-06,-4.596519155965553e-15,2.7757240599264287e-11
10500.0,fixed-domain-moisture,650.0,-5.874335955231838e-06,5.874335955231838e-06,-5.874335951769476e-06,-3.462361521349832e-15,2.5210789229854046e-11
10800.0,fixed-domain-moisture,650.0,-5.825467710814754e-06,5.825467710814754e-06,-5.825467702169435e-06,-8.645318856149217e-15,4.7011866968454556e-11
11100.0,fixed-domain-moisture,650.0,-5.770984039981614e-06,5.770984039981614e-06,-5.77098403562741e-06,-4.354204205579779e-15,3.1554921782209666e-11
11400.0,fixed-domain-moisture,650.0,-5.71939247542161e-06,5.71939247542161e-06,-5.719392468724038e-06,-6.697572523168584e-15,4.118752368726637e-11
11700.0,fixed-domain-moisture,650.0,-5.663297456936308e-06,5.663297456936308e-06,-5.663297456800283e-06,-1.360250209995681e-16,3.8338691071120124e-11
12000.0,fixed-domain-moisture,650.0,-5.614124417095687e-06,5.614124417095687e-06,-5.614124409518323e-06,-7.577363622624997e-15,4.7976650029074097e-11
12300.0,fixed-domain-moisture,650.0,-5.556408831679261e-06,5.556408831679261e-06,-5.556408830216019e-06,-1.4632426401182258e-15,3.054218986948324e-11
12600.0,fixed-domain-moisture,650.0,-5.5090207074495695e-06,5.5090207074495695e-06,-5.509020700359255e-06,-7.090314595756091e-15,4.893468520448195e-11
12900.0,fixed-domain-moisture,650.0,-5.46070888853209e-06,5.46070888853209e-06,-5.4607088832239346e-06,-5.308155580667148e-15,4.247968719568527e-11
13200.0,fixed-domain-moisture,650.0,-5.411158645085257e-06,5.411158645085257e-06,-5.411158644537801e-06,-5.474560285352939e-16,3.7866989800747236e-11
13500.0,fixed-domain-moisture,650.0,-5.3651811360293904e-06,5.3651811360293904e-06,-5.3651811297530796e-06,-6.2763108512470245e-15,3.01590870928423e-11
13800.0,fixed-domain-moisture,650.0,-5.312982161658299e-06,5.312982161658299e-06,-5.312982162490973e-06,8.326740447324454e-16,4.3127924715624516e-11
14100.0,fixed-domain-moisture,650.0,-5.269505468789979e-06,5.269505468789979e-06,-5.269505462577647e-06,-6.212332758675013e-15,3.015494029303291e-11
14400.0,fixed-domain-moisture,650.0,-5.225578413881418e-06,5.225578413881418e-06,-5.225578410394298e-06,-3.487120294398075e-15,2.2815331533802808e-11
14700.0,fixed-domain-moisture,650.0,-5.177216796035013e-06,5.177216796035013e-06,-5.1772167956715415e-06,-3.6347115502924007e-16,4.378724270814284e-11
15000.0,fixed-domain-moisture,650.0,-5.131258980754694e-06,5.131258980754694e-06,-5.1312589793264845e-06,-1.428209357419788e-15,4.433064558230254e-11
15300.0,fixed-domain-moisture,650.0,-5.086078173579985e-06,5.086078173579985e-06,-5.086078172087337e-06,-1.492648235915106e-15,4.761649941701735e-11
15600.0,fixed-domain-moisture,650.0,-5.04156342518691e-06,5.04156342518691e-06,-5.0415634237791705e-06,-1.4077391121834933e-15,2.310426734449631e-11
15900.0,fixed-domain-moisture,650.0,-4.997654171131705e-06,4.997654171131705e-06,-4.9976541697709835e-06,-1.3607211603143543e-15,2.4695317658532034e-11
16200.0,fixed-domain-moisture,650.0,-4.95430816664776e-06,4.95430816664776e-06,-4.954308165333449e-06,-1.314311378101344e-15,2.6391112281833422e-11
16500.0,fixed-domain-moisture,650.0,-4.911491252710221e-06,4.911491252710221e-06,-4.911491251449883e-06,-1.2603384387023e-15,2.8196213525073643e-11
16800.0,fixed-domain-moisture,650.0,-4.869173609557178e-06,4.869173609557178e-06,-4.869173608355081e-06,-1.2020964532490942e-15,3.013318416067563e-11
17100.0,fixed-domain-moisture,650.0,-4.827328270209835e-06,4.827328270209835e-06,-4.82732826866301e-06,-1.5468253102544384e-15,3.2922018452323106e-11
17400.0,fixed-domain-moisture,650.0,-4.785930462172043e-06,4.785930462172043e-06,-4.785930460669856e-06,-1.502187520967084e-15,3.514582196358338e-11
17700.0,fixed-domain-moisture,650.0,-4.744957265684478e-06,4.744957265684478e-06,-4.744957264225796e-06,-1.4586813676972614e-15,3.751921200799881e-11
18000.0,fixed-domain-moisture,650.0,-4.704387391139072e-06,4.704387391139072e-06,-4.7043873897219585e-06,-1.4171132258107566e-15,4.005016293184568e-11
18300.0,fixed-domain-moisture,650.0,-4.664201011787924e-06,4.664201011787924e-06,-4.664201010409672e-06,-1.3782522012236766e-15,4.274624759108338e-11
18600.0,fixed-domain-moisture,650.0,-4.624379624374916e-06,4.624379624374916e-06,-4.624379623028635e-06,-1.346280942629563e-15,4.5465638066642486e-11
18900.0,fixed-domain-moisture,650.0,-4.584905928783849e-06,4.584905928783849e-06,-4.584905927469337e-06,-1.3145121249098432e-15,4.850437804192805e-11
19200.0,fixed-domain-moisture,650.0,-4.545763723418012e-06,4.545763723418012e-06,-4.545763722071411e-06,-1.3466011210836251e-15,1.8375671084770856e-11
19500.0,fixed-domain-moisture,650.0,-4.506937814125607e-06,4.506937814125607e-06,-4.506937812763318e-06,-1.362289018299722e-15,1.936170471908055e-11
19800.0,fixed-domain-moisture,650.0,-4.4684139352621945e-06,4.4684139352621945e-06,-4.468413933871375e-06,-1.3908196290620886e-15,2.0396360101021165e-11
20100.0,fixed-domain-moisture,650.0,-4.430178681480334e-06,4.430178681480334e-06,-4.430178680054884e-06,-1.4254505711105807e-15,2.1459634243261735e-11
20400.0,fixed-domain-moisture,650.0,-4.392219449117272e-06,4.392219449117272e-06,-4.39221944765257e-06,-1.464702077886345e-15,2.25357418706385e-11
20700.0,fixed-domain-moisture,650.0,-4.35452438558343e-06,4.35452438558343e-06,-4.354524384072741e-06,-1.5106883436257282e-15,2.362242518036613e-11
21000.0,fixed-domain-moisture,650.0,-4.317082345581279e-06,4.317082345581279e-06,-4.317082344017639e-06,-1.5636406083233308e-15,2.4714356979908538e-11
21300.0,fixed-domain-moisture,650.0,-4.279882853006914e-06,4.279882853006914e-06,-4.279882851383857e-06,-1.6230574284743782e-15,2.5799120361234924e-11
21600.0,fixed-domain-moisture,650.0,-4.242916067530065e-06,4.242916067530065e-06,-4.242916065838464e-06,-1.6916010286320907e-15,2.6881467564505463e-11
21900.0,fixed-domain-moisture,650.0,-4.206172754947719e-06,4.206172754947719e-06,-4.206172753179501e-06,-1.7682176998100839e-15,2.7951364641517455e-11
22200.0,fixed-domain-moisture,650.0,-4.16964426060177e-06,4.16964426060177e-06,-4.16964425874888e-06,-1.8528905013494128e-15,2.900549587992953e-11
22500.0,fixed-domain-moisture,650.0,-4.133322485183165e-06,4.133322485183165e-06,-4.13332248323776e-06,-1.945405133914422e-15,3.004184680399797e-11
22800.0,fixed-domain-moisture,650.0,-4.097199862460109e-06,4.097199862460109e-06,-4.097199860414803e-06,-2.0453058937794887e-15,3.1059889994191985e-11
23100.0,fixed-domain-moisture,650.0,-4.061269338482766e-06,4.061269338482766e-06,-4.061269336330835e-06,-2.1519312482128072e-15,3.2060378844896775e-11
23400.0,fixed-domain-moisture,650.0,-4.025524351944176e-06,4.025524351944176e-06,-4.025524349679849e-06,-2.2643274381157694e-15,3.3045052309540936e-11
23700.0,fixed-domain-moisture,650.0,-3.989958815444574e-06,3.989958815444574e-06,-3.98995881306306e-06,-2.3815135993354546e-15,3.40137493768546e-11
24000.0,fixed-domain-moisture,650.0,-3.95456709741718e-06,3.95456709741718e-06,-3.954567094915654e-06,-2.50152546246718e-15,3.4973750126767965e-11
24300.0,fixed-domain-moisture,650.0,-3.919344004666849e-06,3.919344004666849e-06,-3.9193440020440195e-06,-2.6228298978764157e-15,3.5923825066479053e-11
24600.0,fixed-domain-moisture,650.0,-3.8842847652823406e-06,3.8842847652823406e-06,-3.8842847625391236e-06,-2.743216996603775e-15,3.68653682997339e-11
24900.0,fixed-domain-moisture,650.0,-3.849385011970883e-06,3.849385011970883e-06,-3.849385009110164e-06,-2.8607182540798387e-15,3.77920859543866e-11
25200.0,fixed-domain-moisture,650.0,-3.814640765639796e-06,3.814640765639796e-06,-3.814640762667186e-06,-2.972610035862711e-15,3.870009971817632e-11
25500.0,fixed-domain-moisture,650.0,-3.780048419318796e-06,3.780048419318796e-06,-3.7800484162425704e-06,-3.0762254587179613e-15,3.95801002961557e-11
25800.0,fixed-domain-moisture,650.0,-3.745604722328169e-06,3.745604722328169e-06,-3.7456047191593917e-06,-3.1687773607326497e-15,4.041909225636245e-11
26100.0,fixed-domain-moisture,650.0,-3.7113067647177845e-06,3.7113067647177845e-06,-3.7113067614703043e-06,-3.2474802740597303e-15,4.120054362068195e-11
26400.0,fixed-domain-moisture,650.0,-3.677151961979129e-06,3.677151961979129e-06,-3.6771519586694204e-06,-3.3097083965627147e-15,4.1905412265523505e-11
26700.0,fixed-domain-moisture,650.0,-3.6431380400409378e-06,3.6431380400409378e-06,-3.643138036687956e-06,-3.3529816157720424e-15,4.2512424373366026e-11
27000.0,fixed-domain-moisture,650.0,-3.609263020563183e-06,3.609263020563183e-06,-3.6092630171879934e-06,-3.3751895490996293e-15,4.299975840318356e-11
27300.0,fixed-domain-moisture,650.0,-3.5755252065448015e-06,3.5755252065448015e-06,-3.5755252031701083e-06,-3.3746931877925383e-15,4.334619971965689e-11
27600.0,fixed-domain-moisture,650.0,-3.541923168261229e-06,3.541923168261229e-06,-3.5419231649108472e-06,-3.3503816481404453e-15,4.353284413940303e-11
27900.0,fixed-domain-moisture,650.0,-3.5084557295469543e-06,3.5084557295469543e-06,-3.508455726245158e-06,-3.3017962618024123e-15,4.3544560024204644e-11
28200.0,fixed-domain-moisture,650.0,-3.4751219544362522e-06,3.4751219544362522e-06,-3.4751219512063873e-06,-3.2298649533721562e-15,4.337096941359577e-11
28500.0,fixed-domain-moisture,650.0,-3.4419211341640883e-06,3.4419211341640883e-06,-3.441921131029928e-06,-3.1341603947277873e-15,4.3010314015112657e-11
28800.0,fixed-domain-moisture,650.0,-3.4088527745879464e-06,3.4088527745879464e-06,-3.408852771570872e-06,-3.0170746069123518e-15,4.246818383942375e-11
29100.0,fixed-domain-moisture,650.0,-3.3759165839040974e-06,3.3759165839040974e-06,-3.375916581021364e-06,-2.8827334874119252e-15,4.176787843025413e-11
29400.0,fixed-domain-moisture,650.0,-3.343112460871208e-06,3.343112460871208e-06,-3.343112458140435e-06,-2.7307728120591884e-15,4.091949177851258e-11
29700.0,fixed-domain-moisture,650.0,-3.3104404833465386e-06,3.3104404833465386e-06,-3.3104404807803824e-06,-2.5661561939250514e-15,3.9962765835721534e-11
30000.0,fixed-domain-moisture,650.0,-3.2779008971897152e-06,3.2779008971897152e-06,-3.277900894796647e-06,-2.393068399285424e-15,3.8946593373500904e-11
30300.0,fixed-domain-moisture,650.0,-3.245494105605529e-06,3.245494105605529e-06,-3.24549410338928e-06,-2.216249000996668e-15,3.7920430007070927e-11
30600.0,fixed-domain-moisture,650.0,-3.2132206588407693e-06,3.2132206588407693e-06,-3.2132206568028983e-06,-2.037871062084964e-15,3.6951968038715585e-11
30900.0,fixed-domain-moisture,650.0,-3.1810812441479047e-06,3.1810812441479047e-06,-3.181081242409277e-06,-1.7386278743471758e-15,3.304279861644349e-11
31200.0,fixed-domain-moisture,650.0,-3.149076676935789e-06,3.149076676935789e-06,-3.149076675039845e-06,-1.895943915508928e-15,3.508335062066379e-11
31500.0,fixed-domain-moisture,650.0,-3.117207889787303e-06,3.117207889787303e-06,-3.117207888050585e-06,-1.7367178150511173e-15,3.448850745467299e-11
31800.0,fixed-domain-moisture,650.0,-3.08547592571417e-06,3.08547592571417e-06,-3.0854759241267033e-06,-1.587466798096647e-15,3.395062569288142e-11
32100.0,fixed-domain-moisture,650.0,-3.053881928367219e-06,3.053881928367219e-06,-3.0538819269195436e-06,-1.4476754450971126e-15,3.327633405706463e-11
32400.0,fixed-domain-moisture,650.0,-3.0224271341493383e-06,3.0224271341493383e-06,-3.022427132825823e-06,-1.3235152381062092e-15,3.2174606259478416e-11
32700.0,fixed-domain-moisture,650.0,-2.9911128642771802e-06,2.9911128642771802e-06,-2.991112863068623e-06,-1.2085571970542764e-15,3.064059642410742e-11
33000.0,fixed-domain-moisture,650.0,-2.9599405172193974e-06,2.9599405172193974e-06,-2.9599405161218404e-06,-1.0975569174483894e-15,2.898985993317341e-11
33300.0,fixed-domain-moisture,650.0,-2.928911561402674e-06,2.928911561402674e-06,-2.928911560412904e-06,-9.897698573279115e-16,2.7594862756390958e-11
33600.0,fixed-domain-moisture,650.0,-2.8980275282039295e-06,2.8980275282039295e-06,-2.8980275273273126e-06,-8.766168434865777e-16,2.663326453709654e-11
33900.0,fixed-domain-moisture,650.0,-2.8672900052316755e-06,2.8672900052316755e-06,-2.86729000446985e-06,-7.61825667925254e-16,2.6082855516394218e-11
34200.0,fixed-domain-moisture,650.0,-2.83670062985913e-06,2.83670062985913e-06,-2.836700629212939e-06,-6.461912710649387e-16,2.5865642639359062e-11
34500.0,fixed-domain-moisture,650.0,-2.8062610830349665e-06,2.8062610830349665e-06,-2.806261082504396e-06,-5.305704267317794e-16,2.590642404512451e-11
34800.0,fixed-domain-moisture,650.0,-2.7759730833484495e-06,2.7759730833484495e-06,-2.775973082928906e-06,-4.1954346558805387e-16,2.614474683216752e-11
35100.0,fixed-domain-moisture,650.0,-2.7458383813425522e-06,2.7458383813425522e-06,-2.7458383810376212e-06,-3.0493101397860087e-16,2.6538187203071745e-11
35400.0,fixed-domain-moisture,650.0,-2.715858754872943e-06,2.715858754872943e-06,-2.7158587537613173e-06,-1.1116257111858097e-15,2.8605877511277868e-11
35700.0,fixed-domain-moisture,650.0,-2.686036000733835e-06,2.686036000733835e-06,-2.686035999683311e-06,-1.0505241425026735e-15,2.9051644091060887e-11
36000.0,fixed-domain-moisture,650.0,-2.6563719344822795e-06,2.6563719344822795e-06,-2.6563719334925118e-06,-9.897677397455434e-16,2.9535722055036974e-11
36300.0,fixed-domain-moisture,650.0,-2.626868382471984e-06,2.626868382471984e-06,-2.626868381542181e-06,-9.29803312794096e-16,3.004417010270332e-11
36600.0,fixed-domain-moisture,650.0,-2.5975271781713127e-06,2.5975271781713127e-06,-2.5975271773029116e-06,-8.684010474146846e-16,3.056324185448957e-11
36900.0,fixed-domain-moisture,650.0,-2.568350157869789e-06,2.568350157869789e-06,-2.568350157063622e-06,-8.061669956810694e-16,3.108619484548454e-11
37200.0,fixed-domain-moisture,650.0,-2.539339156600397e-06,2.539339156600397e-06,-2.539339155857698e-06,-7.426988169433046e-16,3.160875577528556e-11
37500.0,fixed-domain-moisture,650.0,-2.510496004274757e-06,2.510496004274757e-06,-2.510496003597101e-06,-6.776560039565942e-16,3.212929416181148e-11
37800.0,fixed-domain-moisture,650.0,-2.4818225220230934e-06,2.4818225220230934e-06,-2.481822521412123e-06,-6.10970370568684e-16,3.2641516415768977e-11
38100.0,fixed-domain-moisture,650.0,-2.453320518733497e-06,2.453320518733497e-06,-2.453320518191389e-06,-5.421078625063303e-16,3.316099614438008e-11
38400.0,fixed-domain-moisture,650.0,-2.4249917877894123e-06,2.4249917877894123e-06,-2.424991787318344e-06,-4.71068479769533e-16,3.368654054024965e-11
38700.0,fixed-domain-moisture,650.0,-2.396838103994735e-06,2.396838103994735e-06,-2.3968381035964526e-06,-3.982825150954973e-16,3.424038301638415e-11
39000.0,fixed-domain-moisture,650.0,-2.368861220684812e-06,2.368861220684812e-06,-2.3688612203615906e-06,-3.232214199251366e-16,3.479823695828194e-11
39300.0,fixed-domain-moisture,650.0,-2.3410628670183006e-06,2.3410628670183006e-06,-2.3410628667715285e-06,-2.467720377542261e-16,3.537796500401585e-11
39600.0,fixed-domain-moisture,650.0,-2.313444745440148e-06,2.313444745440148e-06,-2.3134447452712675e-06,-1.6888058199061515e-16,3.600856853059406e-11
39900.0,fixed-domain-moisture,650.0,-2.2860085293155385e-06,2.2860085293155385e-06,-2.28600852922521e-06,-9.032844052814584e-17,3.669461004333694e-11
40200.0,fixed-domain-moisture,650.0,-2.2587558607246806e-06,2.2587558607246806e-06,-2.258755860712805e-06,-1.187540192050529e-17,3.7454141762591504e-11
40500.0,fixed-domain-moisture,650.0,-2.231688348399201e-06,2.231688348399201e-06,-2.231688348461205e-06,6.200408228843567e-17,3.828115672161451e-11
40800.0,fixed-domain-moisture,650.0,-2.2048075666828964e-06,2.2048075666828964e-06,-2.2048075659363156e-06,-7.465807689405711e-16,3.437783295836408e-11
41100.0,fixed-domain-moisture,650.0,-2.1781150504684305e-06,2.1781150504684305e-06,-2.178115049755569e-06,-7.128616578597983e-16,3.5185505730121294e-11
41400.0,fixed-domain-moisture,650.0,-2.1516122985316265e-06,2.1516122985316265e-06,-2.151612297850366e-06,-6.812605526636348e-16,3.6164336652603805e-11
41700.0,fixed-domain-moisture,650.0,-2.1253007687273316e-06,2.1253007687273316e-06,-2.125300768075418e-06,-6.519134021401151e-16,3.731871052976443e-11
42000.0,fixed-domain-moisture,650.0,-2.0991818774802867e-06,2.0991818774802867e-06,-2.0991818768553915e-06,-6.248951687050711e-16,3.864197809358571e-11
42300.0,fixed-domain-moisture,650.0,-2.0732569985505094e-06,2.0732569985505094e-06,-2.073256997950335e-06,-6.001745121394543e-16,4.0117796390667665e-11
42600.0,fixed-domain-moisture,650.0,-2.0475274619064623e-06,2.0475274619064623e-06,-2.0475274613231717e-06,-5.832906044018343e-16,4.169777535995641e-11
42900.0,fixed-domain-moisture,650.0,-2.0219945527653205e-06,2.0219945527653205e-06,-2.0219945522025413e-06,-5.627792780675978e-16,4.340767820626822e-11
43200.0,fixed-domain-moisture,650.0,-1.996659510645635e-06,1.996659510645635e-06,-1.9966595101017004e-06,-5.4393448905708415e-16,4.5199829579785814e-11
43500.0,fixed-domain-moisture,650.0,-1.9715235285784417e-06,1.9715235285784417e-06,-1.9715235280519963e-06,-5.26445376278651e-16,4.705700146310279e-11
43800.0,fixed-domain-moisture,650.0,-1.9465877524076305e-06,1.9465877524076305e-06,-1.9465877518975918e-06,-5.100387716068088e-16,4.896897255204112e-11
44100.0,fixed-domain-moisture,650.0,-1.9218532791398017e-06,1.9218532791398017e-06,-1.9218532795375036e-06,3.977018740101545e-16,2.476989561549283e-11
44400.0,fixed-domain-moisture,650.0,-1.8973211605249698e-06,1.8973211605249698e-06,-1.8973211609436118e-06,4.186420107739385e-16,2.5695843466197136e-11
44700.0,fixed-domain-moisture,650.0,-1.872992396537297e-06,1.872992396537297e-06,-1.8729923969903467e-06,4.53049759640829e-16,2.6664319271578827e-11
45000.0,fixed-domain-moisture,650.0,-1.8488679389749124e-06,1.8488679389749124e-06,-1.8488679394634006e-06,4.884881358462913e-16,2.7704062142362072e-11
45300.0,fixed-domain-moisture,650.0,-1.824948690213884e-06,1.824948690213884e-06,-1.8249486907385237e-06,5.246397137933416e-16,2.881835300523063e-11
45600.0,fixed-domain-moisture,650.0,-1.8012355029794e-06,1.8012355029794e-06,-1.8012355035406475e-06,5.612474189824884e-16,3.00081455903184e-11
45900.0,fixed-domain-moisture,650.0,-1.777729180195353e-06,1.777729180195353e-06,-1.7777291807933943e-06,5.980412596617943e-16,3.1272209490047975e-11
46200.0,fixed-domain-moisture,650.0,-1.7544304748905837e-06,1.7544304748905837e-06,-1.7544304755254243e-06,6.348406060552574e-16,3.260881980177365e-11
46500.0,fixed-domain-moisture,650.0,-1.731340090167136e-06,1.731340090167136e-06,-1.7313400908385783e-06,6.714423820137734e-16,3.401428066257759e-11
46800.0,fixed-domain-moisture,650.0,-1.7084586796530497e-06,1.7084586796530497e-06,-1.7084586799328198e-06,2.797701120386487e-16,3.117960693889211e-11
47100.0,fixed-domain-moisture,650.0,-1.6857868458570157e-06,1.6857868458570157e-06,-1.6857868461748394e-06,3.1782370246875857e-16,3.263110449695246e-11
47400.0,fixed-domain-moisture,650.0,-1.6633251429022622e-06,1.6633251429022622e-06,-1.6633251432582852e-06,3.560229825657962e-16,3.41487851526802e-11
47700.0,fixed-domain-moisture,650.0,-1.6410740749519473e-06,1.6410740749519473e-06,-1.6410740753462835e-06,3.943361885942395e-16,3.5728987827704695e-11
48000.0,fixed-domain-moisture,650.0,-1.6190340968704472e-06,1.6190340968704472e-06,-1.6190340973031721e-06,4.327249923132253e-16,3.736830702760363e-11
48300.0,fixed-domain-moisture,650.0,-1.5972056144846421e-06,1.5972056144846421e-06,-1.5972056149557799e-06,4.71137724712971e-16,3.9063146989335005e-11
48600.0,fixed-domain-moisture,650.0,-1.5755889848830806e-06,1.5755889848830806e-06,-1.5755889853925678e-06,5.0948714139990945e-16,4.081090125286967e-11
48900.0,fixed-domain-moisture,650.0,-1.554184516750141e-06,1.554184516750141e-06,-1.5541845172978879e-06,5.477467725944389e-16,4.2609225618450937e-11
49200.0,fixed-domain-moisture,650.0,-1.5329924707326737e-06,1.5329924707326737e-06,-1.5329924713184777e-06,5.858039629145747e-16,4.445530448213915e-11
49500.0,fixed-domain-moisture,650.0,-1.5120130598357798e-06,1.5120130598357798e-06,-1.512013060459315e-06,6.235352573082543e-16,4.634723784587476e-11
49800.0,fixed-domain-moisture,650.0,-1.4912464498451528e-06,1.4912464498451528e-06,-1.491246450505963e-06,6.608102127016006e-16,4.828275787042336e-11
50100.0,fixed-domain-moisture,650.0,-1.4706927591818201e-06,1.4706927591818201e-06,-1.470692760437432e-06,1.2556117830983841e-15,2.2812344380859528e-11
50400.0,fixed-domain-moisture,650.0,-1.4503520616810676e-06,1.4503520616810676e-06,-1.450352062982101e-06,1.3010332896201855e-15,2.3701095482023493e-11
50700.0,fixed-domain-moisture,650.0,-1.4302243837048014e-06,1.4302243837048014e-06,-1.4302243850505998e-06,1.3457983456078649e-15,2.460592626502619e-11
51000.0,fixed-domain-moisture,650.0,-1.410309706812683e-06,1.410309706812683e-06,-1.4103097082021405e-06,1.3894576000829037e-15,2.5523626820083434e-11
51300.0,fixed-domain-moisture,650.0,-1.3906079677570108e-06,1.3906079677570108e-06,-1.3906079691892738e-06,1.4322630453471102e-15,2.645559895167944e-11
51600.0,fixed-domain-moisture,650.0,-1.371119059007315e-06,1.371119059007315e-06,-1.3711190604810692e-06,1.4737541072354149e-15,2.7398245808534067e-11
51900.0,fixed-domain-moisture,650.0,-1.3518428292839826e-06,1.3518428292839826e-06,-1.3518428307972743e-06,1.5132916993891143e-15,2.834655235844604e-11
52200.0,fixed-domain-moisture,650.0,-1.3327790840913187e-06,1.3327790840913187e-06,-1.3327790856427528e-06,1.551434016520449e-15,2.9303762791648545e-11
52500.0,fixed-domain-moisture,650.0,-1.3139275862598506e-06,1.3139275862598506e-06,-1.3139275878473453e-06,1.5874947501839064e-15,3.0264316209720624e-11
52800.0,fixed-domain-moisture,650.0,-1.2952880564861285e-06,1.2952880564861285e-06,-1.2952880581073438e-06,1.6212153435723369e-15,3.122568314816843e-11
53100.0,fixed-domain-moisture,650.0,-1.276860173872307e-06,1.276860173872307e-06,-1.276860175524351e-06,1.6520439547206044e-15,3.218361934543459e-11
53400.0,fixed-domain-moisture,650.0,-1.2586435764640142e-06,1.2586435764640142e-06,-1.258643578144249e-06,1.680234905271122e-15,3.3137907418003685e-11
53700.0,fixed-domain-moisture,650.0,-1.240637861780403e-06,1.240637861780403e-06,-1.2406378634856146e-06,1.7052115775450464e-15,3.408392732093255e-11
54000.0,fixed-domain-moisture,650.0,-1.2228425873386497e-06,1.2228425873386497e-06,-1.2228425890653213e-06,1.7266715807802077e-15,3.5018503279257164e-11
54300.0,fixed-domain-moisture,650.0,-1.2052572711701757e-06,1.2052572711701757e-06,-1.2052572729144817e-06,1.744305959709095e-15,3.5938108627407396e-11
54600.0,fixed-domain-moisture,650.0,-1.1878813923266184e-06,1.1878813923266184e-06,-1.1878813940844286e-06,1.7578102059871703e-15,3.683927318318796e-11
54900.0,fixed-domain-moisture,650.0,-1.170714391374556e-06,1.170714391374556e-06,-1.1707143931414268e-06,1.7668709174239496e-15,3.7718351883901936e-11
55200.0,fixed-domain-moisture,650.0,-1.1537556708703145e-06,1.1537556708703145e-06,-1.1537556726403453e-06,1.7700307738336817e-15,3.855155864448217e-11
55500.0,fixed-domain-moisture,650.0,-1.137004595851491e-06,1.137004595851491e-06,-1.137004597621031e-06,1.7695399182407479e-15,3.937693954217372e-11
55800.0,fixed-domain-moisture,650.0,-1.120460494270182e-06,1.120460494270182e-06,-1.1204604960338923e-06,1.7637102139812701e-15,4.016867735777758e-11
56100.0,fixed-domain-moisture,650.0,-1.104122657438073e-06,1.104122657438073e-06,-1.1041226591902837e-06,1.752210682931109e-15,4.0922319469848896e-11
56400.0,fixed-domain-moisture,650.0,-1.0879903404514227e-06,1.0879903404514227e-06,-1.0879903421862108e-06,1.7347880622390352e-15,4.163462036008834e-11
56700.0,fixed-domain-moisture,650.0,-1.0720627626043359e-06,1.0720627626043359e-06,-1.0720627643154746e-06,1.7111386905934584e-15,4.229991649631842e-11
57000.0,fixed-domain-moisture,650.0,-1.056339107778982e-06,1.056339107778982e-06,-1.0563391094599864e-06,1.6810044347037026e-15,4.291482611984504e-11
57300.0,fixed-domain-moisture,650.0,-1.0408185248263494e-06,1.0408185248263494e-06,-1.0408185264704854e-06,1.6441360551250382e-15,4.347527316825494e-11
57600.0,fixed-domain-moisture,650.0,-1.0255001279308101e-06,1.0255001279308101e-06,-1.0255001295311323e-06,1.6003222171371255e-15,4.397745477127218e-11
57900.0,fixed-domain-moisture,650.0,-1.0103829969609125e-06,1.0103829969609125e-06,-1.0103829985102658e-06,1.5493532800855189e-15,4.4417961320072516e-11
58200.0,fixed-domain-moisture,650.0,-9.954661778467925e-07,9.954661778467925e-07,-9.954661793252736e-07,1.4784811863558043e-15,4.464465461818066e-11
58500.0,fixed-domain-moisture,650.0,-9.807486827818374e-07,9.807486827818374e-07,-9.80748684194902e-07,1.4130646200811179e-15,4.4955758719304046e-11
58800.0,fixed-domain-moisture,650.0,-9.662294906710163e-07,9.662294906710163e-07,-9.662294920110894e-07,1.3400730381591362e-15,4.5197180780917703e-11
59100.0,fixed-domain-moisture,650.0,-9.519075473858307e-07,9.519075473858307e-07,-9.519075486452906e-07,1.2594598537777604e-15,4.5367527694068034e-11
59400.0,fixed-domain-moisture,650.0,-9.377817660692572e-07,9.377817660692572e-07,-9.377817672404538e-07,1.171196585454139e-15,4.546602664660249e-11
59700.0,fixed-domain-moisture,650.0,-9.238510274290157e-07,9.238510274290157e-07,-9.238510285041428e-07,1.0751270614886219e-15,4.5492722410636855e-11
60000.0,fixed-domain-moisture,650.0,-9.101141800319205e-07,9.101141800319205e-07,-9.10114181003686e-07,9.71765536759311e-16,4.5449382474273156e-11
60300.0,fixed-domain-moisture,650.0,-8.965700405933206e-07,8.965700405933206e-07,-8.965700414543664e-07,8.610458368172019e-16,4.533809572199562e-11
60600.0,fixed-domain-moisture,650.0,-8.832173942715895e-07,8.832173942715895e-07,-8.832173950147734e-07,7.431838491847261e-16,4.5162610314743835e-11
60900.0,fixed-domain-moisture,650.0,-8.700549949674582e-07,8.700549949674582e-07,-8.700549955854064e-07,6.179482279881649e-16,4.492554625149205e-11
61200.0,fixed-domain-moisture,650.0,-8.570815656296049e-07,8.570815656296049e-07,-8.570815661161521e-07,4.86547159847658e-16,4.463800408943968e-11
61500.0,fixed-domain-moisture,650.0,-8.442957985736971e-07,8.442957985736971e-07,-8.442957989231507e-07,3.4945360678512866e-16,4.4308075433103704e-11
61800.0,fixed-domain-moisture,650.0,-8.316963558138085e-07,8.316963558138085e-07,-8.316963560207279e-07,2.0691934934414808e-16,4.394451619239736e-11
62100.0,fixed-domain-moisture,650.0,-8.192818694088892e-07,8.192818694088892e-07,-8.192818694680708e-07,5.918166262906593e-17,4.3560545980833134e-11
62400.0,fixed-domain-moisture,650.0,-8.070509418299508e-07,8.070509418299508e-07,-8.070509417378022e-07,-9.214860845267693e-17,4.316792051318787e-11
62700.0,fixed-domain-moisture,650.0,-7.950021463505715e-07,7.950021463505715e-07,-7.950021461061886e-07,-2.4438298132649534e-16,4.280473478608216e-11
63000.0,fixed-domain-moisture,650.0,-7.831340274728349e-07,7.831340274728349e-07,-7.831340270715775e-07,-4.012574006853728e-16,4.2442558762148566e-11
63300.0,fixed-domain-moisture,650.0,-7.71445101350058e-07,7.71445101350058e-07,-7.714451007917959e-07,-5.58262157239009e-16,4.212306432079111e-11
63600.0,fixed-domain-moisture,650.0,-7.599338562966402e-07,7.599338562966402e-07,-7.599338555803823e-07,-7.162578364618144e-16,4.186689641715135e-11
63900.0,fixed-domain-moisture,650.0,-7.485987532715863e-07,7.485987532715863e-07,-7.485987523983482e-07,-8.732381349390987e-16,4.1691477027192496e-11
64200.0,fixed-domain-moisture,650.0,-7.374382264395039e-07,7.374382264395039e-07,-7.374382254120844e-07,-1.0274195189212995e-15,4.161743380016514e-11
64500.0,fixed-domain-moisture,650.0,-7.264506837551668e-07,7.264506837551668e-07,-7.264506825774885e-07,-1.1776782933247657e-15,4.166073486836032e-11
64800.0,fixed-domain-moisture,650.0,-7.156345075921746e-07,7.156345075921746e-07,-7.156345062695827e-07,-1.3225918663145836e-15,4.1836167291161344e-11
65100.0,fixed-domain-moisture,650.0,-7.049880554137828e-07,7.049880554137828e-07,-7.049880539530491e-07,-1.4607337285284586e-15,4.2155398430252786e-11
65400.0,fixed-domain-moisture,650.0,-6.94509660490478e-07,6.94509660490478e-07,-6.945096588998113e-07,-1.590666676813137e-15,4.262573377120282e-11
65700.0,fixed-domain-moisture,650.0,-6.841976326041245e-07,6.841976326041245e-07,-6.841976309260205e-07,-1.678103982134067e-15,4.368012125873142e-11
66000.0,fixed-domain-moisture,650.0,-6.740502590728965e-07,6.740502590728965e-07,-6.740502572831064e-07,-1.7897901466689932e-15,4.440466440238237e-11
66300.0,fixed-domain-moisture,650.0,-6.640658052764353e-07,6.640658052764353e-07,-6.640658033870364e-07,-1.889398891925494e-15,4.5277565784218384e-11
66600.0,fixed-domain-moisture,650.0,-6.542425157723815e-07,6.542425157723815e-07,-6.542425137964984e-07,-1.9758830734225262e-15,4.628772483743696e-11
66900.0,fixed-domain-moisture,650.0,-6.445786151883138e-07,6.445786151883138e-07,-6.445786131399467e-07,-2.0483670708508657e-15,4.7419906400322814e-11
67200.0,fixed-domain-moisture,650.0,-6.35072309211065e-07,6.35072309211065e-07,-6.350723071048753e-07,-2.1061897749951805e-15,4.865524374139774e-11
67500.0,fixed-domain-moisture,650.0,-6.257217856195952e-07,6.257217856195952e-07,-6.257217834706925e-07,-2.1489026819098995e-15,4.997289673357592e-11
67800.0,fixed-domain-moisture,650.0,-6.165252137153796e-07,6.165252137153796e-07,-6.165252132782028e-07,-4.371767857257571e-16,2.1960628327664495e-11
68100.0,fixed-domain-moisture,650.0,-6.07480752101251e-07,6.07480752101251e-07,-6.074807516869025e-07,-4.1434850664342484e-16,2.2647268819772758e-11
68400.0,fixed-domain-moisture,650.0,-5.985865397109994e-07,5.985865397109994e-07,-5.985865393249251e-07,-3.860743351058395e-16,2.3263342719036725e-11
68700.0,fixed-domain-moisture,650.0,-5.898407038371442e-07,5.898407038371442e-07,-5.89840703483501e-07,-3.5364313762136683e-16,2.3797251678180298e-11
69000.0,fixed-domain-moisture,650.0,-5.812413596052708e-07,5.812413596052708e-07,-5.812413592864708e-07,-3.1880001381958756e-16,2.4236100268886195e-11
69300.0,fixed-domain-moisture,650.0,-5.727866112456271e-07,5.727866112456271e-07,-5.727866109647709e-07,-2.808562200352655e-16,2.458759950106912e-11
69600.0,fixed-domain-moisture,650.0,-5.644745533516778e-07,5.644745533516778e-07,-5.644745531087273e-07,-2.429504368544515e-16,2.4840358272910344e-11
69900.0,fixed-domain-moisture,650.0,-5.563032721676922e-07,5.563032721676922e-07,-5.563032719625867e-07,-2.05105428287603e-16,2.499711688247563e-11
70200.0,fixed-domain-moisture,650.0,-5.48270846905124e-07,5.48270846905124e-07,-5.482708467367303e-07,-1.6839364392506233e-16,2.5059226978763664e-11
70500.0,fixed-domain-moisture,650.0,-5.403753510657862e-07,5.403753510657862e-07,-5.403753509331323e-07,-1.3265393574861438e-16,2.5033630158092372e-11
70800.0,fixed-domain-moisture,650.0,-5.326148537748242e-07,5.326148537748242e-07,-5.326148536761055e-07,-9.871872538717331e-17,2.492358681012685e-11
71100.0,fixed-domain-moisture,650.0,-5.249874211151497e-07,5.249874211151497e-07,-5.249874210482423e-07,-6.69074501409724e-17,2.4735113276376555e-11
71400.0,fixed-domain-moisture,650.0,-5.174911174652095e-07,5.174911174652095e-07,-5.174911174277616e-07,-3.744796187282306e-17,2.4474628151515752e-11
71700.0,fixed-domain-moisture,650.0,-5.101240068290173e-07,5.101240068290173e-07,-5.101240068185478e-07,-1.0469538986299966e-17,2.4148945212214237e-11
72000.0,fixed-domain-moisture,650.0,-5.028841541583856e-07,5.028841541583856e-07,-5.028841541723646e-07,1.3979008245011346e-17,2.3764946439251694e-11
72300.0,fixed-domain-moisture,650.0,-4.957696266619157e-07,4.957696266619157e-07,-4.957696266978103e-07,3.589460932667708e-17,2.3329245355146247e-11
72600.0,fixed-domain-moisture,650.0,-4.88778495095139e-07,4.88778495095139e-07,-4.887784951505479e-07,5.540897788199528e-17,2.2848505750898686e-11
72900.0,fixed-domain-moisture,650.0,-4.819088350358038e-07,4.819088350358038e-07,-4.819088351082367e-07,7.243285781414902e-17,2.2328957042567048e-11
73200.0,fixed-domain-moisture,650.0,-4.751587281229206e-07,4.751587281229206e-07,-4.7515872821009177e-07,8.717117815681464e-17,2.1776551695554445e-11
73500.0,fixed-domain-moisture,650.0,-4.6852626327696736e-07,4.6852626327696736e-07,-4.6852626337671745e-07,9.975009387957383e-17,2.1196851261297557e-11
73800.0,fixed-domain-moisture,650.0,-4.620095378841681e-07,4.620095378841681e-07,-4.6200953799449334e-07,1.1032524728648457e-16,2.059501666853541e-11
74100.0,fixed-domain-moisture,650.0,-4.556066589389745e-07,4.556066589389745e-07,-4.5560665905565445e-07,1.1667995315458235e-16,1.996416162625622e-11
74400.0,fixed-domain-moisture,650.0,-4.4931574418222693e-07,4.4931574418222693e-07,-4.49315744306293e-07,1.2406608045463985e-16,1.9334249415095426e-11
74700.0,fixed-domain-moisture,650.0,-4.43134923144385e-07,4.43134923144385e-07,-4.4313492327397973e-07,1.2959471744092787e-16,1.8694782087075694e-11
75000.0,fixed-domain-moisture,650.0,-4.3706233818383715e-07,4.3706233818383715e-07,-4.370623383175475e-07,1.337103446525181e-16,1.8049841793774704e-11
75300.0,fixed-domain-moisture,650.0,-4.3109614547484665e-07,4.3109614547484665e-07,-4.3109614561138894e-07,1.3654229343254445e-16,1.7402850221769287e-11
75600.0,fixed-domain-moisture,650.0,-4.2523451594589156e-07,4.2523451594589156e-07,-4.252345160841207e-07,1.382291595470014e-16,1.6756648905581708e-11
75900.0,fixed-domain-moisture,650.0,-4.1947563612633766e-07,4.1947563612633766e-07,-4.194756362639138e-07,1.3757615008422753e-16,1.6116582925092747e-11
76200.0,fixed-domain-moisture,650.0,-4.138177091252134e-07,4.138177091252134e-07,-4.138177092626283e-07,1.37414896186894e-16,1.5479690318543102e-11
76500.0,fixed-domain-moisture,650.0,-4.0825895566663203e-07,4.0825895566663203e-07,-4.0825895536877787e-07,-2.978541595834096e-16,4.981076682802389e-11
76800.0,fixed-domain-moisture,650.0,-4.0279761326669293e-07,4.0279761326669293e-07,-4.0279761300718544e-07,-2.595074957535497e-16,4.826073307617642e-11
77100.0,fixed-domain-moisture,650.0,-3.974319395296757e-07,3.974319395296757e-07,-3.974319393048256e-07,-2.2485013686501516e-16,4.669150434545618e-11
77400.0,fixed-domain-moisture,650.0,-3.9216021092214826e-07,3.9216021092214826e-07,-3.9216021072839106e-07,-1.937571984976451e-16,4.510986246149022e-11
77700.0,fixed-domain-moisture,650.0,-3.86980723854423e-07,3.86980723854423e-07,-3.869807236884511e-07,-1.6597192378930308e-16,4.3523190168662736e-11
78000.0,fixed-domain-moisture,650.0,-3.8189186286670674e-07,3.8189186286670674e-07,-3.818918631171365e-07,2.504297907182662e-16,2.8712496607567585e-11
78300.0,fixed-domain-moisture,650.0,-3.768918656118976e-07,3.768918656118976e-07,-3.768918658538578e-07,2.4196020239955203e-16,2.74824831549311e-11
78600.0,fixed-domain-moisture,650.0,-3.719791012978613e-07,3.719791012978613e-07,-3.719791015314195e-07,2.335582178979406e-16,2.6295889322209762e-11
78900.0,fixed-domain-moisture,650.0,-3.67151961979751e-07,3.67151961979751e-07,-3.6715196220203655e-07,2.2228553285896595e-16,2.5152425231519578e-11
79200.0,fixed-domain-moisture,650.0,-3.6240885744320857e-07,3.6240885744320857e-07,-3.6240885765743676e-07,2.1422818488776862e-16,2.40498444420891e-11
79500.0,fixed-domain-moisture,650.0,-3.5774821700664177e-07,3.5774821700664177e-07,-3.577482172128993e-07,2.0625755191454645e-16,2.2987835135582822e-11
79800.0,fixed-domain-moisture,650.0,-3.5316849113893946e-07,3.5316849113893946e-07,-3.531684913373568e-07,1.9841736201520145e-16,2.1965250869016588e-11
80100.0,fixed-domain-moisture,650.0,-3.4866815243108506e-07,3.4866815243108506e-07,-3.486681526218079e-07,1.9072286178278418e-16,2.0981271659188093e-11
80400.0,fixed-domain-moisture,650.0,-3.4424569620828586e-07,3.4424569620828586e-07,-3.442456963914698e-07,1.8318395091486569e-16,2.003475995944176e-11
80700.0,fixed-domain-moisture,650.0,-3.3989964091019554e-07,3.3989964091019554e-07,-3.398996410860042e-07,1.7580867622444488e-16,1.912472044823733e-11
81000.0,fixed-domain-moisture,650.0,-3.3562852832463777e-07,3.3562852832463777e-07,-3.3562852849324613e-07,1.686083667771913e-16,1.825017393432853e-11
81300.0,fixed-domain-moisture,650.0,-3.314309236925968e-07,3.314309236925968e-07,-3.314309238541841e-07,1.615873106774004e-16,1.7410146499377668e-11
81600.0,fixed-domain-moisture,650.0,-3.2730541589217194e-07,3.2730541589217194e-07,-3.2730541604692587e-07,1.5475392531498554e-16,1.6603548308500017e-11
81900.0,fixed-domain-moisture,650.0,-3.232506173536673e-07,3.232506173536673e-07,-3.232506175017781e-07,1.4811080472834767e-16,1.5829473624420787e-11
82200.0,fixed-domain-moisture,650.0,-3.192651640826349e-07,3.192651640826349e-07,-3.192651642242992e-07,1.416643016645912e-16,1.5086952761074866e-11
82500.0,fixed-domain-moisture,650.0,-3.1534771561609254e-07,3.1534771561609254e-07,-3.153477157515066e-07,1.3541404554680172e-16,1.437492507117826e-11
82800.0,fixed-domain-moisture,650.0,-3.1149695494756905e-07,3.1149695494756905e-07,-3.114969550769349e-07,1.293658597264916e-16,1.3692550773774409e-11
83100.0,fixed-domain-moisture,650.0,-3.0771158842759873e-07,3.0771158842759873e-07,-3.0771158855109217e-07,1.2349343324273673e-16,1.303893163332728e-11
83400.0,fixed-domain-moisture,650.0,-3.0399034564500256e-07,3.0399034564500256e-07,-3.039903457628468e-07,1.1784425288014259e-16,1.241291324960504e-11
83700.0,fixed-domain-moisture,650.0,-3.003319785931964e-07,3.003319785931964e-07,-3.003319794086003e-07,8.154038899708775e-16,4.8064391701134587e-11
84000.0,fixed-domain-moisture,650.0,-2.9673526429759377e-07,2.9673526429759377e-07,-2.967352650721424e-07,7.745486321886056e-16,4.577697111586343e-11
84300.0,fixed-domain-moisture,650.0,-2.931990003583888e-07,2.931990003583888e-07,-2.931990010935652e-07,7.351764232178576e-16,4.35986385535139e-11
84600.0,fixed-domain-moisture,650.0,-2.897220076630181e-07,2.897220076630181e-07,-2.897220083613056e-07,6.982875030902224e-16,4.15094280244139e-11
84900.0,fixed-domain-moisture,650.0,-2.8630312942864434e-07,2.8630312942864434e-07,-2.8630313009172773e-07,6.630833844342352e-16,3.951441348099132e-11
85200.0,fixed-domain-moisture,650.0,-2.8294123096327735e-07,2.8294123096327735e-07,-2.829412315928783e-07,6.296009661226607e-16,3.760964917322471e-11
85500.0,fixed-domain-moisture,650.0,-2.7963519942676123e-07,2.7963519942676123e-07,-2.7963520002451746e-07,5.977562330750433e-16,3.579162477520399e-11
85800.0,fixed-domain-moisture,650.0,-2.763839435758707e-07,2.763839435758707e-07,-2.7638394414334863e-07,5.67477928644695e-16,3.4057004841020474e-11
86100.0,fixed-domain-moisture,650.0,-2.7318639350072127e-07,2.7318639350072127e-07,-2.731863940393785e-07,5.386572090978938e-16,3.2402479043438765e-11
86400.0,fixed-domain-moisture,650.0,-2.700415003452985e-07,2.700415003452985e-07,-2.7004150085659673e-07,5.112982566598168e-16,3.082449952432126e-11
86700.0,fixed-domain-moisture,650.0,-2.669482360333666e-07,2.669482360333666e-07,-2.669482365186666e-07,4.853000097119445e-16,2.932008132510134e-11
87000.0,fixed-domain-moisture,650.0,-2.639055929723143e-07,2.639055929723143e-07,-2.639055934320444e-07,4.597300967375869e-16,2.7887128289752696e-11
87300.0,fixed-domain-moisture,650.0,-2.6091258375385146e-07,2.6091258375385146e-07,-2.609125841902176e-07,4.363661222556755e-16,2.6520756117148164e-11
87600.0,fixed-domain-moisture,650.0,-2.5796824086843e-07,2.5796824086843e-07,-2.579682412825142e-07,4.140841794243223e-16,2.5218803284614468e-11
87900.0,fixed-domain-moisture,650.0,-2.5507161637859515e-07,2.5507161637859515e-07,-2.5507161677151795e-07,3.929228082426273e-16,2.3978684813835976e-11
88200.0,fixed-domain-moisture,650.0,-2.522217816192735e-07,2.522217816192735e-07,-2.522217819920955e-07,3.7282202819001312e-16,2.2797599273464755e-11
88500.0,fixed-domain-moisture,650.0,-2.494178268842991e-07,2.494178268842991e-07,-2.494178272380336e-07,3.537345113005519e-16,2.1673080905228317e-11
88800.0,fixed-domain-moisture,650.0,-2.4665886111086445e-07,2.4665886111086445e-07,-2.4665886144647447e-07,3.356100179325596e-16,2.060255763802103e-11
89100.0,fixed-domain-moisture,650.0,-2.439440115628758e-07,2.439440115628758e-07,-2.4394401188127795e-07,3.1840217303217406e-16,1.958353333760658e-11
89400.0,fixed-domain-moisture,650.0,-2.412724235064e-07,2.412724235064e-07,-2.4127242380864143e-07,3.0224141967327245e-16,1.8613891943478932e-11
89700.0,fixed-domain-moisture,650.0,-2.38643259917997e-07,2.38643259917997e-07,-2.3864326020472484e-07,2.8672785242563233e-16,1.7691097204985142e-11
90000.0,fixed-domain-moisture,650.0,-2.3605570112886127e-07,2.3605570112886127e-07,-2.3605570140086052e-07,2.7199924649208053e-16,1.681308605472724e-11
90300.0,fixed-domain-moisture,650.0,-2.3350894452843266e-07,2.3350894452843266e-07,-2.335089447864524e-07,2.5801973532125675e-16,1.597789716037744e-11
90600.0,fixed-domain-moisture,650.0,-2.3100220424593813e-07,2.3100220424593813e-07,-2.3100220449069354e-07,2.447554111254912e-16,1.518345920665349e-11
90900.0,fixed-domain-moisture,650.0,-2.285347108346197e-07,2.285347108346197e-07,-2.2853471106678732e-07,2.3216762802656546e-16,1.4427942042183361e-11
91200.0,fixed-domain-moisture,650.0,-2.261057109534167e-07,2.261057109534167e-07,-2.2610571117368697e-07,2.2027028265877036e-16,1.3709466604424724e-11
91500.0,fixed-domain-moisture,650.0,-2.237144670807999e-07,2.237144670807999e-07,-2.2371446728988283e-07,2.0908293618923158e-16,1.3026283676055843e-11
91800.0,fixed-domain-moisture,650.0,-2.2136025716029617e-07,2.2136025716029617e-07,-2.2136025735861845e-07,1.9832228256687215e-16,1.2376838948670218e-11
92100.0,fixed-domain-moisture,650.0,-2.190423743303909e-07,2.190423743303909e-07,-2.1904237451850247e-07,1.8811156508551758e-16,1.1759359750504516e-11
92400.0,fixed-domain-moisture,650.0,-2.1676012661230688e-07,2.1676012661230688e-07,-2.1676012679073493e-07,1.7842804620449e-16,1.1172465119130518e-11
92700.0,fixed-domain-moisture,650.0,-2.1451283661794542e-07,2.1451283661794542e-07,-2.1451283678721527e-07,1.692698465694377e-16,1.0614651872776903e-11
93000.0,fixed-domain-moisture,650.0,-2.1229984122358146e-07,2.1229984122358146e-07,-2.1229984138357873e-07,1.5999727101672647e-16,1.0080457200959728e-11
93300.0,fixed-domain-moisture,650.0,-2.1012049132046926e-07,2.1012049132046926e-07,-2.101204914722202e-07,1.5175092881917302e-16,9.576958906068753e-12
93600.0,fixed-domain-moisture,650.0,-2.0797415149539495e-07,2.0797415149539495e-07,-2.0797415163932594e-07,1.4393098830122332e-16,9.098540492904828e-12
93900.0,fixed-domain-moisture,650.0,-2.058601997657781e-07,2.058601997657781e-07,-2.0586019990230232e-07,1.365242145730765e-16,8.643860650054758e-12
94200.0,fixed-domain-moisture,650.0,-2.037780264116756e-07,2.037780264116756e-07,-2.0377802743153913e-07,1.019863535045538e-15,4.8138235798388934e-11
94500.0,fixed-domain-moisture,650.0,-2.0172703724871997e-07,2.0172703724871997e-07,-2.0172703821658614e-07,9.678661676470665e-16,4.587024004244695e-11
94800.0,fixed-domain-moisture,650.0,-1.9970664791648678e-07,1.9970664791648678e-07,-1.9970664883499658e-07,9.185097960385749e-16,4.370582605047797e-11
95100.0,fixed-domain-moisture,650.0,-1.977162873436515e-07,1.977162873436515e-07,-1.9771628821431552e-07,8.706640282821724e-16,4.1640680736085715e-11
95400.0,fixed-domain-moisture,650.0,-1.957553965300001e-07,1.957553965300001e-07,-1.957553973561937e-07,8.2619358094146e-16,3.967081313314243e-11
95700.0,fixed-domain-moisture,650.0,-1.9382342825568173e-07,1.9382342825568173e-07,-1.9382342903966655e-07,7.839848174490349e-16,3.7791844899611925e-11
96000.0,fixed-domain-moisture,650.0,-1.9191984683737178e-07,1.9191984683737178e-07,-1.919198475812998e-07,7.439280205684482e-16,3.599986877599079e-11
96300.0,fixed-domain-moisture,650.0,-1.9004412790082286e-07,1.9004412790082286e-07,-1.9004412860674203e-07,7.059191640658652e-16,3.429125018069035e-11
96600.0,fixed-domain-moisture,650.0,-1.881957581239437e-07,1.881957581239437e-07,-1.8819575879380362e-07,6.698599127100656e-16,3.2662403638579276e-11
96900.0,fixed-domain-moisture,650.0,-1.8637423497321206e-07,1.8637423497321206e-07,-1.8637423560886537e-07,6.356533076983683e-16,3.1109668029903754e-11
97200.0,fixed-domain-moisture,650.0,-1.8457890102538885e-07,1.8457890102538885e-07,-1.845789011960272e-07,1.7063836064462503e-16,2.499986546320214e-11
97500.0,fixed-domain-moisture,650.0,-1.8280965248662886e-07,1.8280965248662886e-07,-1.8280965265288806e-07,1.662592003073203e-16,2.3912434480009214e-11
97800.0,fixed-domain-moisture,650.0,-1.8106580085725659e-07,1.8106580085725659e-07,-1.8106580101917847e-07,1.6192188869156585e-16,2.28764412453291e-11
98100.0,fixed-domain-moisture,650.0,-1.7934688054109443e-07,1.7934688054109443e-07,-1.7934688069871423e-07,1.5761980835246126e-16,2.18889285193843e-11
98400.0,fixed-domain-moisture,650.0,-1.7765243964617964e-07,1.7765243964617964e-07,-1.7765243979953167e-07,1.5335203284772047e-16,2.094726386936815e-11
98700.0,fixed-domain-moisture,650.0,-1.7598203706247548e-07,1.7598203706247548e-07,-1.7598203721157538e-07,1.4909990098272428e-16,2.004918438767956e-11
99000.0,fixed-domain-moisture,650.0,-1.7433524116298066e-07,1.7433524116298066e-07,-1.7433524130784955e-07,1.4486889200185024e-16,1.919246962841292e-11
99300.0,fixed-domain-moisture,650.0,-1.7271162918270805e-07,1.7271162918270805e-07,-1.7271162932336486e-07,1.4065680891339142e-16,1.8374920954094472e-11
99600.0,fixed-domain-moisture,650.0,-1.711107869068638e-07,1.711107869068638e-07,-1.7111078704435414e-07,1.3749033505875883e-16,1.759390225144519e-11
99900.0,fixed-domain-moisture,650.0,-1.6953230847731259e-07,1.6953230847731259e-07,-1.6953230861057866e-07,1.3326607587168323e-16,1.6848835581652008e-11
100200.0,fixed-domain-moisture,650.0,-1.6797579624699245e-07,1.6797579624699245e-07,-1.679757963760754e-07,1.2908295072210866e-16,1.6137237416820356e-11
100500.0,fixed-domain-moisture,650.0,-1.6644086064348484e-07,1.6644086064348484e-07,-1.664408607684351e-07,1.2495025050267533e-16,1.545745846057403e-11
100800.0,fixed-domain-moisture,650.0,-1.6492712003041427e-07,1.6492712003041427e-07,-1.6492712015128942e-07,1.2087514852365529e-16,1.4807939576220876e-11
101100.0,fixed-domain-moisture,650.0,-1.6343420056438156e-07,1.6343420056438156e-07,-1.6343420068124572e-07,1.1686415635083055e-16,1.4187066593518511e-11
101400.0,fixed-domain-moisture,650.0,-1.6196173604700623e-07,1.6196173604700623e-07,-1.6196173615992612e-07,1.129198944923817e-16,1.3593527179955876e-11
101700.0,fixed-domain-moisture,650.0,-1.6050936777244598e-07,1.6050936777244598e-07,-1.6050936788149526e-07,1.0904927156078477e-16,1.3025948527699383e-11
102000.0,fixed-domain-moisture,650.0,-1.5907674437386585e-07,1.5907674437386585e-07,-1.590767444791207e-07,1.0525485512466112e-16,1.2483206210116092e-11
102300.0,fixed-domain-moisture,650.0,-1.5766352166976707e-07,1.5766352166976707e-07,-1.5766352177130819e-07,1.0154111857676345e-16,1.1963911765902023e-11
102600.0,fixed-domain-moisture,650.0,-1.5626936250525028e-07,1.5626936250525028e-07,-1.5626936260316282e-07,9.791253530984443e-17,1.1467060072789898e-11
102900.0,fixed-domain-moisture,650.0,-1.5489393660554834e-07,1.5489393660554834e-07,-1.5489393669991576e-07,9.436741125800957e-17,1.0991593675008605e-11
103200.0,fixed-domain-moisture,650.0,-1.53536920421187e-07,1.53536920421187e-07,-1.5353692051209432e-07,9.090730813825535e-17,1.053649494697902e-11
103500.0,fixed-domain-moisture,650.0,-1.5219799698012306e-07,1.5219799698012306e-07,-1.5219799706765976e-07,8.753669934333447e-17,1.0100876012169652e-11
103800.0,fixed-domain-moisture,650.0,-1.508768557419138e-07,1.508768557419138e-07,-1.508768558261691e-07,8.425532017545092e-17,9.68378964293284e-12
104100.0,fixed-domain-moisture,650.0,-1.4957319245462018e-07,1.4957319245462018e-07,-1.4957319253568443e-07,8.106425589556835e-17,9.284404151772401e-12
104400.0,fixed-domain-moisture,650.0,-1.4828670901467642e-07,1.4828670901467642e-07,-1.4828670909263638e-07,7.795995955322014e-17,8.901857205022318e-12
104700.0,fixed-domain-moisture,650.0,-1.4701711332973038e-07,1.4701711332973038e-07,-1.4701711340467815e-07,7.494777804388584e-17,8.535511871903789e-12
105000.0,fixed-domain-moisture,650.0,-1.4576411872961108e-07,1.4576411872961108e-07,-1.4576411924638615e-07,5.167750658176447e-16,4.921834687918626e-11
105300.0,fixed-domain-moisture,650.0,-1.4452744565393647e-07,1.4452744565393647e-07,-1.4452744615210045e-07,4.981639784912344e-16,4.7180368264683693e-11
105600.0,fixed-domain-moisture,650.0,-1.433068188028161e-07,1.433068188028161e-07,-1.4330681928308133e-07,4.802652194036853e-16,4.523262439286271e-11
105900.0,fixed-domain-moisture,650.0,-1.4210196881581518e-07,1.4210196881581518e-07,-1.4210196927886657e-07,4.630513923331098e-16,4.3370940180633215e-11
106200.0,fixed-domain-moisture,650.0,-1.4091263174331614e-07,1.4091263174331614e-07,-1.4091263218747079e-07,4.44154643145238e-16,4.158663566677942e-11
106500.0,fixed-domain-moisture,650.0,-1.397385487637113e-07,1.397385487637113e-07,-1.397385491919988e-07,4.282874925816784e-16,3.98851892123841e-11
106800.0,fixed-domain-moisture,650.0,-1.3857946631207805e-07,1.3857946631207805e-07,-1.3857946672509465e-07,4.1301660027342666e-16,3.825838910721918e-11
107100.0,fixed-domain-moisture,650.0,-1.3743513580431093e-07,1.3743513580431093e-07,-1.3743513620262487e-07,3.983139347238845e-16,3.670263635744298e-11
107400.0,fixed-domain-moisture,650.0,-1.3630531356465784e-07,1.3630531356465784e-07,-1.3630531394881462e-07,3.8415678486215376e-16,3.521458206830675e-11
107700.0,fixed-domain-moisture,650.0,-1.351897607172932e-07,1.351897607172932e-07,-1.351897610878161e-07,3.7052288960358933e-16,3.3791300930800676e-11
108000.0,fixed-domain-moisture,650.0,-1.34088243078299e-07,1.34088243078299e-07,-1.3408824343569e-07,3.573909937151711e-16,3.242950391670862e-11
108300.0,fixed-domain-moisture,650.0,-1.3300053105491948e-07,1.3300053105491948e-07,-1.330005313996606e-07,3.4474111251329975e-16,3.112657946324368e-11
108600.0,fixed-domain-moisture,650.0,-1.3192639954570884e-07,1.3192639954570884e-07,-1.3192639987811885e-07,3.3241000686717165e-16,2.987981518706018e-11
108900.0,fixed-domain-moisture,650.0,-1.308656278335744e-07,1.308656278335744e-07,-1.3086562815601818e-07,3.2244376427021835e-16,2.8687523024736385e-11
109200.0,fixed-domain-moisture,650.0,-1.2981799949739937e-07,1.2981799949739937e-07,-1.2981799980842947e-07,3.1103010118508506e-16,2.7545117231152236e-11
109500.0,fixed-domain-moisture,650.0,-1.2878330230935333e-07,1.2878330230935333e-07,-1.2878330260938545e-07,3.000321195188168e-16,2.645152779828432e-11
109800.0,fixed-domain-moisture,650.0,-1.2776132815202584e-07,1.2776132815202584e-07,-1.2776132844145978e-07,2.894339374036526e-16,2.5404381276363346e-11
110100.0,fixed-domain-moisture,650.0,-1.2675187292479638e-07,1.2675187292479638e-07,-1.2675187320401613e-07,2.792197523811702e-16,2.4401606655123e-11
110400.0,fixed-domain-moisture,650.0,-1.2575473645583938e-07,1.2575473645583938e-07,-1.257547367252154e-07,2.6937601192421356e-16,2.3441175606799637e-11
110700.0,fixed-domain-moisture,650.0,-1.2476972241629988e-07,1.2476972241629988e-07,-1.2476972267618767e-07,2.598877870770873e-16,2.252123620387559e-11
111000.0,fixed-domain-moisture,650.0,-1.2379663823671044e-07,1.2379663823671044e-07,-1.237966384874982e-07,2.5078776801759953e-16,2.163991936676463e-11
111300.0,fixed-domain-moisture,650.0,-1.2283529502471336e-07,1.2283529502471336e-07,-1.2283529526668114e-07,2.419677727565181e-16,2.0795483762666563e-11
111600.0,fixed-domain-moisture,650.0,-1.2188550748817184e-07,1.2188550748817184e-07,-1.2188550772168546e-07,2.3351361631931175e-16,1.9986407206391396e-11
111900.0,fixed-domain-moisture,650.0,-1.209470938488412e-07,1.209470938488412e-07,-1.2094709407415496e-07,2.253137550547389e-16,1.9210869737127606e-11
112200.0,fixed-domain-moisture,650.0,-1.2001987577553355e-07,1.2001987577553355e-07,-1.2001987599294335e-07,2.1740979945633339e-16,1.8467575318493753e-11
112500.0,fixed-domain-moisture,650.0,-1.1910367830567887e-07,1.1910367830567887e-07,-1.1910367851546382e-07,2.0978495444893798e-16,1.7755041802628686e-11
112800.0,fixed-domain-moisture,650.0,-1.1819832977338086e-07,1.1819832977338086e-07,-1.1819832997581355e-07,2.0243268199699106e-16,1.7071832206353048e-11
113100.0,fixed-domain-moisture,650.0,-1.1730366173842927e-07,1.1730366173842927e-07,-1.1730366193377295e-07,1.953436779729626e-16,1.6416656448997587e-11
113400.0,fixed-domain-moisture,650.0,-1.164195089170149e-07,1.164195089170149e-07,-1.1641950910552262e-07,1.8850772504192638e-16,1.5788394470757442e-11
113700.0,fixed-domain-moisture,650.0,-1.1554570911410119e-07,1.1554570911410119e-07,-1.1554570929601329e-07,1.8191210447478375e-16,1.5185816959193546e-11
114000.0,fixed-domain-moisture,650.0,-1.1468210315737475e-07,1.1468210315737475e-07,-1.146821033329279e-07,1.755531502070599e-16,1.4607763198147493e-11
114300.0,fixed-domain-moisture,650.0,-1.1382853483274448e-07,1.1382853483274448e-07,-1.1382853500216564e-07,1.694211610645308e-16,1.4053211313705606e-11
114600.0,fixed-domain-moisture,650.0,-1.1298485082258928e-07,1.1298485082258928e-07,-1.1298485098605886e-07,1.6346957670487707e-16,1.3521085841430303e-11
114900.0,fixed-domain-moisture,650.0,-1.1215090064135748e-07,1.1215090064135748e-07,-1.1215090079916325e-07,1.5780577178905298e-16,1.3010470182976486e-11
115200.0,fixed-domain-moisture,650.0,-1.1132653657677969e-07,1.1132653657677969e-07,-1.1132653672908136e-07,1.5230167228845573e-16,1.2520415565860532e-11
115500.0,fixed-domain-moisture,650.0,-1.105116136323298e-07,1.105116136323298e-07,-1.1051161377932087e-07,1.4699106687674689e-16,1.2050006964620321e-11
115800.0,fixed-domain-moisture,650.0,-1.0970598946922439e-07,1.0970598946922439e-07,-1.0970598961109596e-07,1.418715732737623e-16,1.1598451195356576e-11
116100.0,fixed-domain-moisture,650.0,-1.0890952435097502e-07,1.0890952435097502e-07,-1.0890952448790655e-07,1.369315315415874e-16,1.1164891866358792e-11
116400.0,fixed-domain-moisture,650.0,-1.0812208108661285e-07,1.0812208108661285e-07,-1.0812208121877902e-07,1.3216617711989391e-16,1.0748638378576049e-11
116700.0,fixed-domain-moisture,650.0,-1.0734352497999439e-07,1.0734352497999439e-07,-1.0734352510756321e-07,1.275688263893324e-16,1.034887823768767e-11
117000.0,fixed-domain-moisture,650.0,-1.065737237760842e-07,1.065737237760842e-07,-1.0657372389921784e-07,1.2313364276350067e-16,9.964936737995412e-12
117300.0,fixed-domain-moisture,650.0,-1.0581254761023585e-07,1.0581254761023585e-07,-1.0581254772909049e-07,1.1885463083731896e-16,9.596118031733913e-12
117600.0,fixed-domain-moisture,650.0,-1.0505986895840767e-07,1.0505986895840767e-07,-1.0505986907313484e-07,1.1472717163424676e-16,9.241877531002067e-12
117900.0,fixed-domain-moisture,650.0,-1.043155625887193e-07,1.043155625887193e-07,-1.0431556269946502e-07,1.1074571973545752e-16,8.901574380747847e-12
118200.0,fixed-domain-moisture,650.0,-1.0357950551502215e-07,1.0357950551502215e-07,-1.0357950562192755e-07,1.0690539146661473e-16,8.574526440671575e-12
118500.0,fixed-domain-moisture,650.0,-1.028515769459017e-07,1.028515769459017e-07,-1.0285157704910094e-07,1.0319923851057294e-16,8.260257987482375e-12
118800.0,fixed-domain-moisture,650.0,-1.0213165824408499e-07,1.0213165824408499e-07,-1.021316583437077e-07,9.962270806524067e-17,7.958227444868589e-12
119100.0,fixed-domain-moisture,650.0,-1.0141963288068746e-07,1.0141963288068746e-07,-1.0141963297686086e-07,9.617339138067414e-17,7.66791201395882e-12
119400.0,fixed-domain-moisture,650.0,-1.0071509689200386e-07,1.0071509689200386e-07,-1.0071509671796415e-07,-1.7403971408855328e-16,4.839295958455719e-11
119700.0,fixed-domain-moisture,650.0,-1.0001852336727132e-07,1.0001852336727132e-07,-1.0001852319479959e-07,-1.7247173698917736e-16,4.667948438004306e-11
120000.0,fixed-domain-moisture,650.0,-9.932951795929166e-08,9.932951795929166e-08,-9.932951778862638e-08,-1.7066528041047996e-16,4.502797961025815e-11
120300.0,fixed-domain-moisture,650.0,-9.864796565986588e-08,9.864796565986588e-08,-9.864796549122098e-08,-1.6864489507304164e-16,4.343633865951515e-11
120600.0,fixed-domain-moisture,650.0,-9.797375594144533e-08,9.797375594144533e-08,-9.797375577501499e-08,-1.6643034066733507e-16,4.190252945335643e-11
120900.0,fixed-domain-moisture,650.0,-9.730678180180741e-08,9.730678180180741e-08,-9.730678163776158e-08,-1.64045823806806e-16,4.0424516244092013e-11
121200.0,fixed-domain-moisture,650.0,-9.664693911587697e-08,9.664693911587697e-08,-9.664693895436198e-08,-1.6151499523952857e-16,3.900027621272626e-11
121500.0,fixed-domain-moisture,650.0,-9.599412619620691e-08,9.599412619620691e-08,-9.599412603735504e-08,-1.5885187071380184e-16,3.762809911044953e-11
121800.0,fixed-domain-moisture,650.0,-9.534824349366244e-08,9.534824349366244e-08,-9.534824333757537e-08,-1.56087075764625e-16,3.630597026616552e-11
122100.0,fixed-domain-moisture,650.0,-9.470919339567303e-08,9.470919339567303e-08,-9.470919324243857e-08,-1.5323446732161953e-16,3.50321073674603e-11
122400.0,fixed-domain-moisture,650.0,-9.407688008780659e-08,9.407688008780659e-08,-9.407687993751596e-08,-1.502906307832168e-16,3.3804721844547044e-11
122700.0,fixed-domain-moisture,650.0,-9.345120945152298e-08,9.345120945152298e-08,-9.345120930421269e-08,-1.4731029241874335e-16,3.262225642310634e-11
123000.0,fixed-domain-moisture,650.0,-9.283208899714003e-08,9.283208899714003e-08,-9.283208885285251e-08,-1.4428752299756837e-16,3.1482942064266424e-11
123300.0,fixed-domain-moisture,650.0,-9.221942781020722e-08,9.221942781020722e-08,-9.221942766897316e-08,-1.4123406186694522e-16,3.0385218522677163e-11
123600.0,fixed-domain-moisture,650.0,-9.161313650906008e-08,9.161313650906008e-08,-9.161313637089849e-08,-1.3816159543456806e-16,2.93275754422956e-11
123900.0,fixed-domain-moisture,650.0,-9.101312720960314e-08,9.101312720960314e-08,-9.101312707452404e-08,-1.3507909695572185e-16,2.8308532001483593e-11
124200.0,fixed-domain-moisture,650.0,-9.041931349449066e-08,9.041931349449066e-08,-9.041931336249459e-08,-1.319960690812836e-16,2.7326650628216374e-11
124500.0,fixed-domain-moisture,650.0,-8.983161038536211e-08,8.983161038536211e-08,-8.983161025644388e-08,-1.289182292836473e-16,2.6380476261142603e-11
124800.0,fixed-domain-moisture,650.0,-8.92499343150098e-08,8.92499343150098e-08,-8.92499341891533e-08,-1.2585649634689862e-16,2.5468854725518465e-11
125100.0,fixed-domain-moisture,650.0,-8.867420310340475e-08,8.867420310340475e-08,-8.86742029805877e-08,-1.2281705096457457e-16,2.45903250269805e-11
125400.0,fixed-domain-moisture,650.0,-8.810433593209508e-08,8.810433593209508e-08,-8.810433581229256e-08,-1.1980252687974552e-16,2.374374280511149e-11
125700.0,fixed-domain-moisture,650.0,-8.754025331981645e-08,8.754025331981645e-08,-8.754025320299712e-08,-1.1681932977907508e-16,2.292792835886383e-11
126000.0,fixed-domain-moisture,650.0,-8.698187709835161e-08,8.698187709835161e-08,-8.698187698448121e-08,-1.1387039780809904e-16,2.2141720404770317e-11
126300.0,fixed-domain-moisture,650.0,-8.642913038909765e-08,8.642913038909765e-08,-8.64291302782293e-08,-1.1086835422435218e-16,2.1384243028124633e-11
126600.0,fixed-domain-moisture,650.0,-8.588193757790972e-08,8.588193757790972e-08,-8.588193746990423e-08,-1.0800548874175106e-16,2.0653913453606443e-11
126900.0,fixed-domain-moisture,650.0,-8.53402242941166e-08,8.53402242941166e-08,-8.534022418893184e-08,-1.0518476314827583e-16,1.9949938843353844e-11
127200.0,fixed-domain-moisture,650.0,-8.480391738611682e-08,8.480391738611682e-08,-8.48039172837033e-08,-1.0241352280776598e-16,1.9271420261662128e-11
127500.0,fixed-domain-moisture,650.0,-8.427294489904945e-08,8.427294489904945e-08,-8.427294479936044e-08,-9.968901486314292e-17,1.8617359156195252e-11
127800.0,fixed-domain-moisture,650.0,-8.37472360525202e-08,8.37472360525202e-08,-8.374723595550252e-08,-9.701767147084987e-17,1.7986867548640736e-11
128100.0,fixed-domain-moisture,650.0,-8.322672122011272e-08,8.322672122011272e-08,-8.322672112572182e-08,-9.439090318740607e-17,1.737896073012062e-11
128400.0,fixed-domain-moisture,650.0,-8.271133190368586e-08,8.271133190368586e-08,-8.271133181186365e-08,-9.18222096004084e-17,1.6792953164478324e-11
128700.0,fixed-domain-moisture,650.0,-8.220100071557748e-08,8.220100071557748e-08,-8.220100062627132e-08,-8.930616440503851e-17,1.6227911865023215e-11
129000.0,fixed-domain-moisture,650.0,-8.169566135765852e-08,8.169566135765852e-08,-8.169566127081232e-08,-8.684619543775481e-17,1.568311146216236e-11
129300.0,fixed-domain-moisture,650.0,-8.119524860045598e-08,8.119524860045598e-08,-8.119524851601667e-08,-8.443931161346231e-17,1.515776821737479e-11
129600.0,fixed-domain-moisture,650.0,-8.069969826311084e-08,8.069969826311084e-08,-8.069969818102278e-08,-8.208806726589258e-17,1.4651186687144714e-11
129900.0,fixed-domain-moisture,650.0,-8.020894719374471e-08,8.020894719374471e-08,-8.020894711395723e-08,-7.97874860764805e-17,1.4162603247961752e-11
130200.0,fixed-domain-moisture,650.0,-7.97229332505694e-08,7.97229332505694e-08,-7.972293317302545e-08,-7.754396049699987e-17,1.3691380178811186e-11
130500.0,fixed-domain-moisture,650.0,-7.924159528206133e-08,7.924159528206133e-08,-7.924159520670663e-08,-7.535469796570273e-17,1.323690852683018e-11
130800.0,fixed-domain-moisture,650.0,-7.87648731094891e-08,7.87648731094891e-08,-7.876487303626986e-08,-7.321923526144603e-17,1.2798548672659457e-11
131100.0,fixed-domain-moisture,650.0,-7.829270750859595e-08,7.829270750859595e-08,-7.829270743745769e-08,-7.113826059849943e-17,1.2375697605449787e-11
131400.0,fixed-domain-moisture,650.0,-7.782504019180662e-08,7.782504019180662e-08,-7.782504012269832e-08,-6.910830643573509e-17,1.1967770962619564e-11
131700.0,fixed-domain-moisture,650.0,-7.736181379273445e-08,7.736181379273445e-08,-7.736181372560202e-08,-6.713243003269703e-17,1.1574217171958666e-11
132000.0,fixed-domain-moisture,650.0,-7.69029718436111e-08,7.69029718436111e-08,-7.690297177840329e-08,-6.520781235785765e-17,1.1194505895108507e-11
132300.0,fixed-domain-moisture,650.0,-7.644845876403994e-08,7.644845876403994e-08,-7.644845870070626e-08,-6.33336725527187e-17,1.082814814239141e-11
132600.0,fixed-domain-moisture,650.0,-7.599821984340488e-08,7.599821984340488e-08,-7.599821978189624e-08,-6.15086474236307e-17,1.0474578856346991e-11
132900.0,fixed-domain-moisture,650.0,-7.555220122459972e-08,7.555220122459972e-08,-7.555220116486479e-08,-5.97349339623006e-17,1.0133425778725532e-11
133200.0,fixed-domain-moisture,650.0,-7.511034988836539e-08,7.511034988836539e-08,-7.511034983035607e-08,-5.800931609050678e-17,9.804121467294135e-12
133500.0,fixed-domain-moisture,650.0,-7.467261363799151e-08,7.467261363799151e-08,-7.467261358166248e-08,-5.632902771628086e-17,9.486337085126035e-12
133800.0,fixed-domain-moisture,650.0,-7.423894108433353e-08,7.423894108433353e-08,-7.423894102963708e-08,-5.4696451119787e-17,9.179606868250138e-12
134100.0,fixed-domain-moisture,650.0,-7.380928163112446e-08,7.380928163112446e-08,-7.380928157801339e-08,-5.3111070140322966e-17,8.883489862490637e-12
134400.0,fixed-domain-moisture,650.0,-7.338358547337524e-08,7.338358547337524e-08,-7.338358543292379e-08,-4.04514480595582e-17,8.599369791857928e-12
134700.0,fixed-domain-moisture,650.0,-7.29618035311414e-08,7.29618035311414e-08,-7.296180349168567e-08,-3.945572112539137e-17,8.322951536688912e-12
135000.0,fixed-domain-moisture,650.0,-7.254388751713153e-08,7.254388751713153e-08,-7.254388747865279e-08,-3.847873479518254e-17,8.056067616896783e-12
135300.0,fixed-domain-moisture,650.0,-7.212978986365655e-08,7.212978986365655e-08,-7.212978982613544e-08,-3.752111110875235e-17,7.798441208680065e-12
135600.0,fixed-domain-moisture,650.0,-7.171946372900045e-08,7.171946372900045e-08,-7.171946369241707e-08,-3.6583379461692833e-17,7.54964908363415e-12
135900.0,fixed-domain-moisture,650.0,-7.131286298254964e-08,7.131286298254964e-08,-7.131286294688631e-08,-3.566332962740725e-17,7.309407983648749e-12
136200.0,fixed-domain-moisture,650.0,-7.09099421918042e-08,7.09099421918042e-08,-7.09099421570401e-08,-3.4764098274778406e-17,7.0774320659903436e-12
136500.0,fixed-domain-moisture,650.0,-7.051065660999772e-08,7.051065660999772e-08,-7.051065657611364e-08,-3.388408398214039e-17,6.853327538529746e-12
136800.0,fixed-domain-moisture,650.0,-7.011496216387033e-08,7.011496216387033e-08,-7.011496213084679e-08,-3.3023538212399424e-17,6.636937715632514e-12
137100.0,fixed-domain-moisture,650.0,-6.972281544176654e-08,6.972281544176654e-08,-6.972281540958475e-08,-3.218178598617566e-17,6.427921180858571e-12
137400.0,fixed-domain-moisture,650.0,-6.933417368193141e-08,6.933417368193141e-08,-6.933417365057245e-08,-3.1358959652367114e-17,6.225958867183217e-12
137700.0,fixed-domain-moisture,650.0,-6.894899476104475e-08,6.894899476104475e-08,-6.894899473048858e-08,-3.055617094171705e-17,6.030881155980549e-12
138000.0,fixed-domain-moisture,650.0,-6.8567237182984e-08,6.8567237182984e-08,-6.856723715321327e-08,-2.97707331715959e-17,5.842342740531841e-12
138300.0,fixed-domain-moisture,650.0,-6.818886006780043e-08,6.818886006780043e-08,-6.818886003879566e-08,-2.9004777159261595e-17,5.660216447833312e-12
138600.0,fixed-domain-moisture,650.0,-6.781382297439777e-08,6.781382297439777e-08,-6.781382310404964e-08,1.2965186569508793e-16,4.941401524600606e-11
138900.0,fixed-domain-moisture,650.0,-6.744208655568049e-08,6.744208655568049e-08,-6.744208667975769e-08,1.2407719776207256e-16,4.8040839978464705e-11
139200.0,fixed-domain-moisture,650.0,-6.707361155942007e-08,6.707361155942007e-08,-6.707361167818915e-08,1.1876908050964627e-16,4.670859795774139e-11
139500.0,fixed-domain-moisture,650.0,-6.670835946269427e-08,6.670835946269427e-08,-6.670835957640025e-08,1.137059807721031e-16,4.541607572587601e-11
139800.0,fixed-domain-moisture,650.0,-6.634629230299823e-08,6.634629230299823e-08,-6.634629241188783e-08,1.0888959261533753e-16,4.416197615055404e-11
140100.0,fixed-domain-moisture,650.0,-6.598737267673548e-08,6.598737267673548e-08,-6.59873727810372e-08,1.0430171806587342e-16,4.2945028343661314e-11
140400.0,fixed-domain-moisture,650.0,-6.56315637258503e-08,6.56315637258503e-08,-6.563156382577654e-08,9.992623702793332e-17,4.1764157906749334e-11
140700.0,fixed-domain-moisture,650.0,-6.527882912830825e-08,6.527882912830825e-08,-6.527882922406819e-08,9.575994665818544e-17,4.0618300992318826e-11
141000.0,fixed-domain-moisture,650.0,-6.492913308878647e-08,6.492913308878647e-08,-6.492913318057205e-08,9.178557542543965e-17,3.95062520103952e-11
141300.0,fixed-domain-moisture,650.0,-6.458244032953897e-08,6.458244032953897e-08,-6.458244041753528e-08,8.799630736144854e-17,3.8427010909591095e-11
141600.0,fixed-domain-moisture,650.0,-6.423871608179689e-08,6.423871608179689e-08,-6.423871616633684e-08,8.453994971550796e-17,3.7378848709621476e-11
141900.0,fixed-domain-moisture,650.0,-6.389792607635595e-08,6.389792607635595e-08,-6.389792615744059e-08,8.108463762586165e-17,3.6362225751819867e-11
142200.0,fixed-domain-moisture,650.0,-6.356003653509331e-08,6.356003653509331e-08,-6.356003661287874e-08,7.778543106141635e-17,3.5375429063966855e-11
142500.0,fixed-domain-moisture,650.0,-6.322501416350322e-08,6.322501416350322e-08,-6.322501423814035e-08,7.463712871048033e-17,3.441756656822486e-11
142800.0,fixed-domain-moisture,650.0,-6.28928261418759e-08,6.28928261418759e-08,-6.289282621351069e-08,7.163479395915786e-17,3.348775055730172e-11
143100.0,fixed-domain-moisture,650.0,-6.256344011734196e-08,6.256344011734196e-08,-6.256344018610981e-08,6.876785213049807e-17,3.2585058088968184e-11
143400.0,fixed-domain-moisture,650.0,-6.22368241960193e-08,6.22368241960193e-08,-6.223682426204699e-08,6.60276873112406e-17,3.170865666277593e-11
143700.0,fixed-domain-moisture,650.0,-6.191294693530143e-08,6.191294693530143e-08,-6.191294699871446e-08,6.341302895196459e-17,3.085776221877293e-11
144000.0,fixed-domain-moisture,650.0,-6.159177733631393e-08,6.159177733631393e-08,-6.159177739722891e-08,6.091498320672385e-17,3.0031635691424815e-11
144300.0,fixed-domain-moisture,650.0,-6.127328483648921e-08,6.127328483648921e-08,-6.127328489501764e-08,5.852842817316545e-17,2.9229410477629596e-11
144600.0,fixed-domain-moisture,650.0,-6.09574393023017e-08,6.09574393023017e-08,-6.095743935854813e-08,5.624642876903376e-17,2.8450438595385128e-11
144900.0,fixed-domain-moisture,650.0,-6.064421102211196e-08,6.064421102211196e-08,-6.064421107617891e-08,5.4066946821299444e-17,2.7693907616639175e-11
145200.0,fixed-domain-moisture,650.0,-6.03335707015229e-08,6.03335707015229e-08,-6.033357075349999e-08,5.197709154729647e-17,2.695924054359633e-11
145500.0,fixed-domain-moisture,650.0,-6.002548944870828e-08,6.002548944870828e-08,-6.002548949869194e-08,4.998366568038248e-17,2.624568766633639e-11
145800.0,fixed-domain-moisture,650.0,-5.971993877670144e-08,5.971993877670144e-08,-5.971993882477906e-08,4.807761655593369e-17,2.555267164362839e-11
146100.0,fixed-domain-moisture,650.0,-5.941689059309671e-08,5.941689059309671e-08,-5.9416890639350845e-08,4.625413329150749e-17,2.4879541487065806e-11
146400.0,fixed-domain-moisture,650.0,-5.911631719357994e-08,5.911631719357994e-08,-5.9116317238088074e-08,4.450813368942036e-17,2.4225614438595842e-11
146700.0,fixed-domain-moisture,650.0,-5.881819125565969e-08,5.881819125565969e-08,-5.881819129849748e-08,4.283778471743488e-17,2.3590366999910194e-11
147000.0,fixed-domain-moisture,650.0,-5.852248583423649e-08,5.852248583423649e-08,-5.852248587548089e-08,4.1244403247086235e-17,2.297333444379429e-11
147300.0,fixed-domain-moisture,650.0,-5.822917434894064e-08,5.822917434894064e-08,-5.8229174388654425e-08,3.971378162417321e-17,2.237374879877789e-11
147600.0,fixed-domain-moisture,650.0,-5.7938230589950645e-08,5.7938230589950645e-08,-5.7938230628197114e-08,3.824646909662255e-17,2.1791234596311998e-11
147900.0,fixed-domain-moisture,650.0,-5.7649628696339497e-08,5.7649628696339497e-08,-5.764962873318115e-08,3.684165171871149e-17,2.1225199585016126e-11
148200.0,fixed-domain-moisture,650.0,-5.7363343164804404e-08,5.7363343164804404e-08,-5.736334320029992e-08,3.5495517842177394e-17,2.0675157066849192e-11
148500.0,fixed-domain-moisture,650.0,-5.707934883726108e-08,5.707934883726108e-08,-5.7079348871467045e-08,3.4205963119541925e-17,2.0140661602042766e-11
148800.0,fixed-domain-moisture,650.0,-5.67976208960164e-08,5.67976208960164e-08,-5.679762092898514e-08,3.296873915117901e-17,1.9621204199002378e-11
149100.0,fixed-domain-moisture,650.0,-5.651813485841375e-08,5.651813485841375e-08,-5.651813489019635e-08,3.178260185744737e-17,1.9116348488807742e-11
149400.0,fixed-domain-moisture,650.0,-5.624086657149577e-08,5.624086657149577e-08,-5.6240866602140155e-08,3.0644388099684605e-17,1.8625619519259404e-11
149700.0,fixed-domain-moisture,650.0,-5.596579220673605e-08,5.596579220673605e-08,-5.596579223628967e-08,2.955361480441298e-17,1.8148674259896643e-11
150000.0,fixed-domain-moisture,650.0,-5.569288825487251e-08,5.569288825487251e-08,-5.569288828337977e-08,2.8507257799313e-17,1.76850525242626e-11
150300.0,fixed-domain-moisture,650.0,-5.5422131520827725e-08,5.5422131520827725e-08,-5.542213154832939e-08,2.7501664254799636e-17,1.7234362627731117e-11
150600.0,fixed-domain-moisture,650.0,-5.515349911869225e-08,5.515349911869225e-08,-5.515349914522943e-08,2.6537178278007706e-17,1.6796122964437225e-11
150900.0,fixed-domain-moisture,650.0,-5.48869684669343e-08,5.48869684669343e-08,-5.4886968492545116e-08,2.561081540128712e-17,1.6370139869208616e-11
151200.0,fixed-domain-moisture,650.0,-5.462251728345055e-08,5.462251728345055e-08,-5.462251730817205e-08,2.472149698111911e-17,1.595594339724787e-11
151500.0,fixed-domain-moisture,650.0,-5.4360123580931784e-08,5.4360123580931784e-08,-5.436012360479965e-08,2.3867866441299086e-17,1.5553201386719467e-11
151800.0,fixed-domain-moisture,650.0,-5.409976566221397e-08,5.409976566221397e-08,-5.4099765685260596e-08,2.304662829426664e-17,1.516152356408122e-11
152100.0,fixed-domain-moisture,650.0,-5.384142211572168e-08,5.384142211572168e-08,-5.38414221379805e-08,2.2258814861426235e-17,1.4780656724662807e-11
152400.0,fixed-domain-moisture,650.0,-5.3585071811010256e-08,5.3585071811010256e-08,-5.358507183250922e-08,2.1498966750735024e-17,1.4410271440763735e-11
152700.0,fixed-domain-moisture,650.0,-5.33306938943619e-08,5.33306938943619e-08,-5.333069391513279e-08,2.077088899301075e-17,1.4050004903364075e-11
153000.0,fixed-domain-moisture,650.0,-5.3078267784502834e-08,5.3078267784502834e-08,-5.307826780457219e-08,2.0069353806782077e-17,1.369960903721384e-11
153300.0,fixed-domain-moisture,650.0,-5.2827773169897986e-08,5.2827773169897986e-08,-5.282777318929047e-08,1.9392481837697285e-17,1.3358810923524396e-11
153600.0,fixed-domain-moisture,650.0,-5.257919000142667e-08,5.257919000142667e-08,-5.2579190041347475e-08,3.9920801770438084e-17,1.306102563955033e-11
153900.0,fixed-domain-moisture,650.0,-5.2332498485363764e-08,5.2332498485363764e-08,-5.233249852396658e-08,3.860281850451039e-17,1.2736707933758091e-11
154200.0,fixed-domain-moisture,650.0,-5.208767909122118e-08,5.208767909122118e-08,-5.208767912855261e-08,3.733143528557149e-17,1.2421217837127311e-11
154500.0,fixed-domain-moisture,650.0,-5.1844712538093224e-08,5.1844712538093224e-08,-5.1844712574197275e-08,3.6104051457775505e-17,1.2114296930878119e-11
154800.0,fixed-domain-moisture,650.0,-5.160357979312041e-08,5.160357979312041e-08,-5.160357982803793e-08,3.491751711734984e-17,1.181570346285186e-11
155100.0,fixed-domain-moisture,650.0,-5.136426206772876e-08,5.136426206772876e-08,-5.136426210150109e-08,3.3772328572662027e-17,1.1525127195909903e-11
155400.0,fixed-domain-moisture,650.0,-5.1126740813908845e-08,5.1126740813908845e-08,-5.1126740846574783e-08,3.26659381074254e-17,1.1242469195151395e-11
155700.0,fixed-domain-moisture,650.0,-5.08909977205787e-08,5.08909977205787e-08,-5.089099775217493e-08,3.1596228139271824e-17,1.0967362984686111e-11
156000.0,fixed-domain-moisture,650.0,-5.065701470997148e-08,5.065701470997148e-08,-5.065701474053449e-08,3.056300676229919e-17,1.0699696783663259e-11
156300.0,fixed-domain-moisture,650.0,-5.0424773934105936e-08,5.0424773934105936e-08,-5.0424773963672336e-08,2.95663997079606e-17,1.0439186869503651e-11
156600.0,fixed-domain-moisture,650.0,-5.019425777131809e-08,5.019425777131809e-08,-5.0194257799918935e-08,2.86008483225397e-17,1.0185650288603166e-11
156900.0,fixed-domain-moisture,650.0,-4.996544882283088e-08,4.996544882283088e-08,-4.996544885050065e-08,2.7669767207605113e-17,9.938830229195356e-12
157200.0,fixed-domain-moisture,650.0,-4.973832990941449e-08,4.973832990941449e-08,-4.973832993618389e-08,2.6769397654453393e-17,9.698615091035971e-12
157500.0,fixed-domain-moisture,650.0,-4.9512884068075724e-08,4.9512884068075724e-08,-4.9512884093976013e-08,2.5900288911011278e-17,9.46482036927956e-12
157800.0,fixed-domain-moisture,650.0,-4.928909454882369e-08,4.928909454882369e-08,-4.928909457388374e-08,2.5060045462224812e-17,9.237197044208178e-12
158100.0,fixed-domain-moisture,650.0,-4.906694481147895e-08,4.906694481147895e-08,-4.906694483572691e-08,2.4247959241489652e-17,9.015553228076097e-12
158400.0,fixed-domain-moisture,650.0,-4.8846418522954105e-08,4.8846418522954105e-08,-4.884641854641926e-08,2.346515521443887e-17,8.799810867005444e-12
158700.0,fixed-domain-moisture,650.0,-4.862749955264907e-08,4.862749955264907e-08,-4.8627499575354143e-08,2.2705075493176143e-17,8.589728140191487e-12
159000.0,fixed-domain-moisture,650.0,-4.8410171971503876e-08,4.8410171971503876e-08,-4.841017199347535e-08,2.1971472168960015e-17,8.38516978751243e-12
159300.0,fixed-domain-moisture,650.0,-4.8194420047839914e-08,4.8194420047839914e-08,-4.819442006910286e-08,2.1262948960916494e-17,8.185958157710555e-12
159600.0,fixed-domain-moisture,650.0,-4.7980228244641376e-08,4.7980228244641376e-08,-4.798022826521929e-08,2.0577911064824578e-17,7.991991327738885e-12
159900.0,fixed-domain-moisture,650.0,-4.77675812167023e-08,4.77675812167023e-08,-4.776758123661661e-08,1.9914313690210037e-17,7.803052784296853e-12
160200.0,fixed-domain-moisture,650.0,-4.7556463808747374e-08,4.7556463808747374e-08,-4.755646382802442e-08,1.9277047128854285e-17,7.619035812401392e-12
160500.0,fixed-domain-moisture,650.0,-4.734686105150146e-08,4.734686105150146e-08,-4.734686107015562e-08,1.8654160275267153e-17,7.439877930018124e-12
160800.0,fixed-domain-moisture,650.0,-4.713875815534396e-08,4.713875815534396e-08,-4.713875817339973e-08,1.8055771202701393e-17,7.265293665318586e-12
161100.0,fixed-domain-moisture,650.0,-4.693214051555539e-08,4.693214051555539e-08,-4.693214053344421e-08,1.788881968530859e-17,7.098002095244019e-12
161400.0,fixed-domain-moisture,650.0,-4.6726993704828556e-08,4.6726993704828556e-08,-4.672699372213844e-08,1.7309885900750077e-17,6.932203748006852e-12
161700.0,fixed-domain-moisture,650.0,-4.652330347119766e-08,4.652330347119766e-08,-4.6523303487948437e-08,1.6750777981113234e-17,6.770697645892332e-12
162000.0,fixed-domain-moisture,650.0,-4.63210557357524e-08,4.63210557357524e-08,-4.632105575196211e-08,1.6209709216274948e-17,6.613311194873238e-12
162300.0,fixed-domain-moisture,650.0,-4.612023659008398e-08,4.612023659008398e-08,-4.612023660577122e-08,1.5687235471606854e-17,6.459956957187704e-12
162600.0,fixed-domain-moisture,650.0,-4.5920832293832855e-08,4.5920832293832855e-08,-4.592083230901382e-08,1.51809678494999e-17,6.3105236195990814e-12
162900.0,fixed-domain-moisture,650.0,-4.5722829274892235e-08,4.5722829274892235e-08,-4.572282928958179e-08,1.4689556391194396e-17,6.164918613458675e-12
163200.0,fixed-domain-moisture,650.0,-4.552621411748249e-08,4.552621411748249e-08,-4.5526214131699305e-08,1.421681274495299e-17,6.023047104334399e-12
163500.0,fixed-domain-moisture,650.0,-4.533097357229014e-08,4.533097357229014e-08,-4.533097358604934e-08,1.3759203195198855e-17,5.884711005205244e-12
163800.0,fixed-domain-moisture,650.0,-4.51370945475033e-08,4.51370945475033e-08,-4.513709456082221e-08,1.3318904881304229e-17,5.7499502023377625e-12
164100.0,fixed-domain-moisture,650.0,-4.4944564107531425e-08,4.4944564107531425e-08,-4.494456412042187e-08,1.2890445176336462e-17,5.61856789058417e-12
164400.0,fixed-domain-moisture,650.0,-4.475336947084571e-08,4.475336947084571e-08,-4.475336948332359e-08,1.2477880574019514e-17,5.490511869466612e-12
164700.0,fixed-domain-moisture,650.0,-4.4563498007823196e-08,4.4563498007823196e-08,-4.4563498019901456e-08,1.2078259693927795e-17,5.365628555655185e-12
165000.0,fixed-domain-moisture,650.0,-4.437493719021185e-08,4.437493719021185e-08,-4.437493722775077e-08,3.753891865297939e-17,6.165704940339995e-12
165300.0,fixed-domain-moisture,650.0,-4.41876747824559e-08,4.41876747824559e-08,-4.418767481915607e-08,3.670017074674042e-17,6.0343682340772745e-12
165600.0,fixed-domain-moisture,650.0,-4.4001698550024625e-08,4.4001698550024625e-08,-4.400169858590726e-08,3.588263175140731e-17,5.9060946300837945e-12
165900.0,fixed-domain-moisture,650.0,-4.381699644954907e-08,4.381699644954907e-08,-4.3816996484632356e-08,3.508328411210547e-17,5.780809731677744e-12
166200.0,fixed-domain-moisture,650.0,-4.363355657918458e-08,4.363355657918458e-08,-4.363355661348828e-08,3.430369616327629e-17,5.658376059255549e-12
166500.0,fixed-domain-moisture,650.0,-4.345136717661692e-08,4.345136717661692e-08,-4.34513672101589e-08,3.354197531567826e-17,5.538794658980033e-12
166800.0,fixed-domain-moisture,650.0,-4.327041612413873e-08,4.327041612413873e-08,-4.327041666664351e-08,5.425047768514577e-16,4.944940025566269e-11
167100.0,fixed-domain-moisture,650.0,-4.309069296634533e-08,4.309069296634533e-08,-4.309069349726795e-08,5.309226203842698e-16,4.84829617781333e-11
167400.0,fixed-domain-moisture,650.0,-4.291218580079091e-08,4.291218580079091e-08,-4.2912186320411256e-08,5.196203487491454e-16,4.753741850522198e-11
167700.0,fixed-domain-moisture,650.0,-4.273488340484921e-08,4.273488340484921e-08,-4.2734883913433935e-08,5.085847270562835e-16,4.661217771186235e-11
168000.0,fixed-domain-moisture,650.0,-4.255877468581782e-08,4.255877468581782e-08,-4.255877518363009e-08,4.978122679122217e-16,4.570691558983167e-11
168300.0,fixed-domain-moisture,650.0,-4.238384867912231e-08,4.238384867912231e-08,-4.2383849166417614e-08,4.872953016983204e-16,4.482112199851715e-11
168600.0,fixed-domain-moisture,650.0,-4.2210094546564026e-08,4.2210094546564026e-08,-4.2210095023592534e-08,4.770285079888796e-16,4.395427197912229e-11
168900.0,fixed-domain-moisture,650.0,-4.20375015745952e-08,4.20375015745952e-08,-4.203750204159966e-08,4.670044620107211e-16,4.3105962900324707e-11
169200.0,fixed-domain-moisture,650.0,-4.1866059172612094e-08,4.1866059172612094e-08,-4.186605962982688e-08,4.57214786078601e-16,4.2275840042931615e-11
169500.0,fixed-domain-moisture,650.0,-4.169575687126864e-08,4.169575687126864e-08,-4.169575731892447e-08,4.47655833980379e-16,4.1463381958803955e-11
169800.0,fixed-domain-moisture,650.0,-4.152658432082937e-08,4.152658432082937e-08,-4.152658475914968e-08,4.3832030667433e-16,4.066822411223333e-11
170100.0,fixed-domain-moisture,650.0,-4.135853128953343e-08,4.135853128953343e-08,-4.1358531718737234e-08,4.2920380355959526e-16,3.988996654113221e-11
170400.0,fixed-domain-moisture,650.0,-4.1191587661994464e-08,4.1191587661994464e-08,-4.119158808229407e-08,4.2029960792960085e-16,3.912815501927688e-11
170700.0,fixed-domain-moisture,650.0,-4.1025743437631775e-08,4.1025743437631775e-08,-4.1025743849233744e-08,4.1160196922472827e-16,3.8382569578694514e-11
171000.0,fixed-domain-moisture,650.0,-4.08609887290655e-08,4.08609887290655e-08,-4.086098913217069e-08,4.0310518982491827e-16,3.765266401716364e-11
171300.0,fixed-domain-moisture,650.0,-4.0697313761198845e-08,4.0697313761198845e-08,-4.069731415600374e-08,3.9480489559909167e-16,3.693819321285474e-11
171600.0,fixed-domain-moisture,650.0,-4.053470886766964e-08,4.053470886766964e-08,-4.053470925436478e-08,3.86695137464283e-16,3.623871133986563e-11
171900.0,fixed-domain-moisture,650.0,-4.03731644920249e-08,4.03731644920249e-08,-4.0373164870798706e-08,3.7877380445556897e-16,3.5553924956285295e-11
172200.0,fixed-domain-moisture,650.0,-4.021267118481568e-08,4.021267118481568e-08,-4.021267155584798e-08,3.71032300512024e-16,3.488346024212705e-11
172500.0,fixed-domain-moisture,650.0,-4.005321960238241e-08,4.005321960238241e-08,-4.005321996585072e-08,3.634683095279329e-16,3.422706499021824e-11
172800.0,fixed-domain-moisture,650.0,-3.989480050546031e-08,3.989480050546031e-08,-3.9894800861537675e-08,3.560773647279879e-16,3.3584342744977834e-11
173100.0,fixed-domain-moisture,650.0,-3.973740475778682e-08,3.973740475778682e-08,-3.9737405106640734e-08,3.488539140759175e-16,3.295502070267563e-11
173400.0,fixed-domain-moisture,650.0,-3.958102332472584e-08,3.958102332472584e-08,-3.9581023666521e-08,3.417951583925289e-16,3.233879110768668e-11
173700.0,fixed-domain-moisture,650.0,-3.9425647271922665e-08,3.9425647271922665e-08,-3.9425647606817376e-08,3.3489471184349314e-16,3.173537214208573e-11
174000.0,fixed-domain-moisture,650.0,-3.9271267763965006e-08,3.9271267763965006e-08,-3.927126809211508e-08,3.2815007303463786e-16,3.114439978006672e-11
174300.0,fixed-domain-moisture,650.0,-3.9117876063076446e-08,3.9117876063076446e-08,-3.911787638463494e-08,3.215584957263294e-16,3.0565714237961534e-11
174600.0,fixed-domain-moisture,650.0,-3.896546352782834e-08,3.896546352782834e-08,-3.896546384294211e-08,3.1511377275525115e-16,2.9998955385011744e-11
174900.0,fixed-domain-moisture,650.0,-3.881402161186062e-08,3.881402161186062e-08,-3.881402192067521e-08,3.0881459386731283e-16,2.9443873130415936e-11
175200.0,fixed-domain-moisture,650.0,-3.8663541862640254e-08,3.8663541862640254e-08,-3.8663542165293915e-08,3.0265366002078927e-16,2.8900137016735308e-11
175500.0,fixed-domain-moisture,650.0,-3.851401592021383e-08,3.851401592021383e-08,-3.8514016216846286e-08,2.966324535233382e-16,2.836764012245132e-11
175800.0,fixed-domain-moisture,650.0,-3.8365435516010145e-08,3.8365435516010145e-08,-3.836543580675439e-08,2.907442444334958e-16,2.7845973735992885e-11
176100.0,fixed-domain-moisture,650.0,-3.821779247163278e-08,3.821779247163278e-08,-3.8217792756618425e-08,2.8498564461947314e-16,2.7335006510299138e-11
176400.0,fixed-domain-moisture,650.0,-3.807107869768348e-08,3.807107869768348e-08,-3.8071078977039014e-08,2.79355535733082e-16,2.6834463004273422e-11
176700.0,fixed-domain-moisture,650.0,-3.7925286192480914e-08,3.7925286192480914e-08,-3.792528646748051e-08,2.7499959600993287e-16,2.633733080600799e-11
177000.0,fixed-domain-moisture,650.0,-3.778040704184269e-08,3.778040704184269e-08,-3.778040731143814e-08,2.6959544639711163e-16,2.5857089190518492e-11
177300.0,fixed-domain-moisture,650.0,-3.763643341582882e-08,3.763643341582882e-08,-3.763643368013837e-08,2.6430955052466097e-16,2.5386612774196174e-11
177600.0,fixed-domain-moisture,650.0,-3.749335756964171e-08,3.749335756964171e-08,-3.749335782878103e-08,2.591393209716248e-16,2.4925654726403967e-11
177900.0,fixed-domain-moisture,650.0,-3.735117184185195e-08,3.735117184185195e-08,-3.7351172095933486e-08,2.540815350423367e-16,2.4473983218366155e-11
178200.0,fixed-domain-moisture,650.0,-3.7209868653322486e-08,3.7209868653322486e-08,-3.7209868902456025e-08,2.491335391413915e-16,2.4031443530712582e-11
178500.0,fixed-domain-moisture,650.0,-3.7069440506150587e-08,3.7069440506150587e-08,-3.706944075044305e-08,2.4429246129770244e-16,2.359777591173678e-11
178800.0,fixed-domain-moisture,650.0,-3.692987998253306e-08,3.692987998253306e-08,-3.6929880222093854e-08,2.39560796287997e-16,2.317288544126653e-11
179100.0,fixed-domain-moisture,650.0,-3.6791179744322396e-08,3.6791179744322396e-08,-3.679117997925008e-08,2.349276848851936e-16,2.2756494634828346e-11
179400.0,fixed-domain-moisture,650.0,-3.6653332530774394e-08,3.6653332530774394e-08,-3.6653332761169274e-08,2.303948807121908e-16,2.2348412259113726e-11
179700.0,fixed-domain-moisture,650.0,-3.6516331158653914e-08,3.6516331158653914e-08,-3.651633138461185e-08,2.259579368460156e-16,2.1948454796643184e-11
180000.0,fixed-domain-moisture,650.0,-3.638016852089534e-08,3.638016852089534e-08,-3.6380168742511463e-08,2.2161612536772884e-16,2.155648466358544e-11
180300.0,fixed-domain-moisture,650.0,-3.624483758563636e-08,3.624483758563636e-08,-3.624483780300507e-08,2.1736871174094665e-16,2.11723417843909e-11
180600.0,fixed-domain-moisture,650.0,-3.611033139526878e-08,3.611033139526878e-08,-3.611033160847861e-08,2.1320983290948724e-16,2.0795782780800812e-11
180900.0,fixed-domain-moisture,650.0,-3.5976643065485825e-08,3.5976643065485825e-08,-3.597664327462683e-08,2.091410042682328e-16,2.0426713792390262e-11
181200.0,fixed-domain-moisture,650.0,-3.584376578436901e-08,3.584376578436901e-08,-3.584376598952751e-08,2.051585001957044e-16,2.0064906597698727e-11
181500.0,fixed-domain-moisture,650.0,-3.571169281146764e-08,3.571169281146764e-08,-3.571169301272863e-08,2.0126099058547704e-16,1.9710242173149533e-11
181800.0,fixed-domain-moisture,650.0,-3.5580417476905154e-08,3.5580417476905154e-08,-3.558041767434956e-08,1.9744440570893697e-16,1.936263245643495e-11
182100.0,fixed-domain-moisture,650.0,-3.544993318048548e-08,3.544993318048548e-08,-3.5449933374194954e-08,1.9370947348502324e-16,1.9021795587040495e-11
182400.0,fixed-domain-moisture,650.0,-3.532023339081611e-08,3.532023339081611e-08,-3.532023358081414e-08,1.8999802657306111e-16,1.8687457474245856e-11
182700.0,fixed-domain-moisture,650.0,-3.519131164448108e-08,3.519131164448108e-08,-3.519131183090073e-08,1.8641964986060162e-16,1.8359898102831166e-11
183000.0,fixed-domain-moisture,650.0,-3.506316154567128e-08,3.506316154567128e-08,-3.506316172858497e-08,1.8291368784768746e-16,1.80386977589742e-11
183300.0,fixed-domain-moisture,650.0,-3.4935776763443075e-08,3.4935776763443075e-08,-3.4935776942926895e-08,1.7948381983368328e-16,1.7723772473976634e-11
183600.0,fixed-domain-moisture,650.0,-3.480915103350147e-08,3.480915103350147e-08,-3.480915120962668e-08,1.7612520846636688e-16,1.741500196265019e-11
183900.0,fixed-domain-moisture,650.0,-3.468327815588729e-08,3.468327815588729e-08,-3.468327832872362e-08,1.7283633173341114e-16,1.7112249645354913e-11
184200.0,fixed-domain-moisture,650.0,-3.455815196839941e-08,3.455815196839941e-08,-3.455815215908965e-08,1.906902377794251e-16,1.724229996434135e-11
184500.0,fixed-domain-moisture,650.0,-3.4433766449473534e-08,3.4433766449473534e-08,-3.443376663674801e-08,1.8727447815794862e-16,1.6949610044394946e-11
184800.0,fixed-domain-moisture,650.0,-3.431011556293046e-08,3.431011556293046e-08,-3.431011574685752e-08,1.8392705688995882e-16,1.666253415108031e-11
185100.0,fixed-domain-moisture,650.0,-3.418719335940566e-08,3.418719335940566e-08,-3.418719354005287e-08,1.8064720635184726e-16,1.638093770831e-11
185400.0,fixed-domain-moisture,650.0,-3.406499395028652e-08,3.406499395028652e-08,-3.406499412771878e-08,1.7743225971331907e-16,1.610468439328963e-11
185700.0,fixed-domain-moisture,650.0,-3.39435115069627e-08,3.39435115069627e-08,-3.3943511681244614e-08,1.742819125719088e-16,1.5833731098549016e-11
186000.0,fixed-domain-moisture,650.0,-3.382274026009562e-08,3.382274026009562e-08,-3.382274043128984e-08,1.7119421939881577e-16,1.556791989030605e-11
186300.0,fixed-domain-moisture,650.0,-3.370267449889348e-08,3.370267449889348e-08,-3.3702674667060154e-08,1.6816667218242268e-16,1.5307129338057294e-11
186600.0,fixed-domain-moisture,650.0,-3.358330857039325e-08,3.358330857039325e-08,-3.358330873559362e-08,1.6520036941858302e-16,1.505132174429848e-11
186900.0,fixed-domain-moisture,650.0,-3.3464636878764706e-08,3.3464636878764706e-08,-3.34646370410575e-08,1.6229279647823463e-16,1.4800287958203244e-11
187200.0,fixed-domain-moisture,650.0,-3.334665388461253e-08,3.334665388461253e-08,-3.334665404405483e-08,1.594422990001524e-16,1.4554065996628343e-11
187500.0,fixed-domain-moisture,650.0,-3.322935410429346e-08,3.322935410429346e-08,-3.3229354260940536e-08,1.566470770393234e-16,1.4312395036201958e-11
187800.0,fixed-domain-moisture,650.0,-3.311273210923983e-08,3.311273210923983e-08,-3.3112732263147707e-08,1.539078783670214e-16,1.4075285232749152e-11
188100.0,fixed-domain-moisture,650.0,-3.299678252530105e-08,3.299678252530105e-08,-3.299678267652299e-08,1.5122193689127801e-16,1.3842637954770574e-11
188400.0,fixed-domain-moisture,650.0,-3.288150003208388e-08,3.288150003208388e-08,-3.2881500180671554e-08,1.4858767104276204e-16,1.3614284883874883e-11
188700.0,fixed-domain-moisture,650.0,-3.276687936230598e-08,3.276687936230598e-08,-3.276687950831118e-08,1.4600519993548169e-16,1.3390247829242372e-11
189000.0,fixed-domain-moisture,650.0,-3.265291530116073e-08,3.265291530116073e-08,-3.265291544463527e-08,1.4347454342177165e-16,1.317035592351346e-11
189300.0,fixed-domain-moisture,650.0,-3.253960268569299e-08,3.253960268569299e-08,-3.253960282668509e-08,1.4099210161160611e-16,1.2954541313149668e-11
189600.0,fixed-domain-moisture,650.0,-3.242693640417388e-08,3.242693640417388e-08,-3.242693654273016e-08,1.3855627970076406e-16,1.2742745113535963e-11
189900.0,fixed-domain-moisture,650.0,-3.231491139597803e-08,3.231491139597803e-08,-3.231491153214596e-08,1.3616792472219275e-16,1.2534874782291269e-11
190200.0,fixed-domain-moisture,650.0,-3.220352264933571e-08,3.220352264933571e-08,-3.220352278316205e-08,1.3382634184417764e-16,1.2330849211892707e-11
190500.0,fixed-domain-moisture,650.0,-3.209276520268221e-08,3.209276520268221e-08,-3.2092765334211013e-08,1.3152880467941975e-16,1.2130564442046504e-11
190800.0,fixed-domain-moisture,650.0,-3.198263414320007e-08,3.198263414320007e-08,-3.198263427247673e-08,1.2927666318667878e-16,1.1933983782828997e-11
191100.0,fixed-domain-moisture,650.0,-3.18731246063253e-08,3.18731246063253e-08,-3.187312473339254e-08,1.2706724391821494e-16,1.1740977097734523e-11
191400.0,fixed-domain-moisture,650.0,-3.176423177517761e-08,3.176423177517761e-08,-3.176423190007774e-08,1.2490012997499951e-16,1.1551550036930178e-11
191700.0,fixed-domain-moisture,650.0,-3.1655950880002335e-08,3.1655950880002335e-08,-3.165595100277666e-08,1.2277432874029744e-16,1.1365534620666923e-11
192000.0,fixed-domain-moisture,650.0,-3.154827719761679e-08,3.154827719761679e-08,-3.154827731830527e-08,1.2068848363790412e-16,1.1182982249346613e-11
192300.0,fixed-domain-moisture,650.0,-3.1441206051219245e-08,3.1441206051219245e-08,-3.144120616986166e-08,1.1864241599680725e-16,1.1003703020181673e-11
192600.0,fixed-domain-moisture,650.0,-3.133473280867325e-08,3.133473280867325e-08,-3.133473292530931e-08,1.1663605964255783e-16,1.0827711449781377e-11
192900.0,fixed-domain-moisture,650.0,-3.122885288255708e-08,3.122885288255708e-08,-3.1228852998327035e-08,1.157699552191005e-16,1.0631322840572598e-11
193200.0,fixed-domain-moisture,650.0,-3.112356173213703e-08,3.112356173213703e-08,-3.112356184596622e-08,1.138291909787041e-16,1.0461871723338353e-11
193500.0,fixed-domain-moisture,650.0,-3.101883283495325e-08,3.101883283495325e-08,-3.1018832882896555e-08,4.794330227678978e-17,3.030769349123157e-11
193800.0,fixed-domain-moisture,650.0,-3.0914701718369645e-08,3.0914701718369645e-08,-3.091470176822463e-08,4.985498284684883e-17,2.985457138635953e-11
194100.0,fixed-domain-moisture,650.0,-3.081114670024406e-08,3.081114670024406e-08,-3.081114675194958e-08,5.170551822602796e-17,2.940990850455395e-11
194400.0,fixed-domain-moisture,650.0,-3.070816339396503e-08,3.070816339396503e-08,-3.070816344746099e-08,5.349596058806634e-17,2.8973440795687148e-11
194700.0,fixed-domain-moisture,650.0,-3.060574742308198e-08,3.060574742308198e-08,-3.0605747478309664e-08,5.5227686361503255e-17,2.8545013559020992e-11
195000.0,fixed-domain-moisture,650.0,-3.050389443669494e-08,3.050389443669494e-08,-3.050389449359842e-08,5.690347487319688e-17,2.812446501409515e-11
195300.0,fixed-domain-moisture,650.0,-3.04026001191474e-08,3.04026001191474e-08,-3.040260017767033e-08,5.85229290764532e-17,2.7711616558292885e-11
195600.0,fixed-domain-moisture,650.0,-3.030186019572083e-08,3.030186019572083e-08,-3.030186025581132e-08,6.009048927680039e-17,2.7306256240268756e-11
195900.0,fixed-domain-moisture,650.0,-3.0201670435721354e-08,3.0201670435721354e-08,-3.020167049732604e-08,6.160468640147056e-17,2.690829957458767e-11
196200.0,fixed-domain-moisture,650.0,-3.010202665385428e-08,3.010202665385428e-08,-3.010202671692291e-08,6.306863064956691e-17,2.651754386739308e-11
196500.0,fixed-domain-moisture,650.0,-3.000292471054961e-08,3.000292471054961e-08,-3.00029247750327e-08,6.448308964469789e-17,2.613381207320475e-11
196800.0,fixed-domain-moisture,650.0,-2.990436051162345e-08,2.990436051162345e-08,-2.990436057747469e-08,6.58512397604157e-17,2.575702802018759e-11
197100.0,fixed-domain-moisture,650.0,-2.98063300075682e-08,2.98063300075682e-08,-2.980633007473982e-08,6.717161854139734e-17,2.5387049808486762e-11
197400.0,fixed-domain-moisture,650.0,-2.9708829192622383e-08,2.9708829192622383e-08,-2.970882926106812e-08,6.844573807380257e-17,2.5023740347592666e-11
197700.0,fixed-domain-moisture,650.0,-2.9611854104150917e-08,2.9611854104150917e-08,-2.961185417383187e-08,6.96809536476382e-17,2.4667023005010302e-11
198000.0,fixed-domain-moisture,650.0,-2.9515400820213007e-08,2.9515400820213007e-08,-2.9515400891080714e-08,7.086770636374558e-17,2.4316568751292552e-11
198300.0,fixed-domain-moisture,650.0,-2.941946546028274e-08,2.941946546028274e-08,-2.9419465532296445e-08,7.20137055454337e-17,2.3972418328344648e-11
198600.0,fixed-domain-moisture,650.0,-2.932404418340054e-08,2.932404418340054e-08,-2.9324044256517432e-08,7.311689316733852e-17,2.363439722298264e-11
198900.0,fixed-domain-moisture,650.0,-2.9229133187347203e-08,2.9229133187347203e-08,-2.9229133261528787e-08,7.418158380353512e-17,2.3302369933289203e-11
199200.0,fixed-domain-moisture,650.0,-2.9134728707801118e-08,2.9134728707801118e-08,-2.9134728783007945e-08,7.52068278506803e-17,2.2976304855714922e-11
199500.0,fixed-domain-moisture,650.0,-2.9040827017527103e-08,2.9040827017527103e-08,-2.9040827093721495e-08,7.619439216656246e-17,2.2655988294885297e-11
199800.0,fixed-domain-moisture,650.0,-2.894742442563415e-08,2.894742442563415e-08,-2.894742450277866e-08,7.714451167047557e-17,2.2341348694173204e-11
200100.0,fixed-domain-moisture,650.0,-2.8854517276880347e-08,2.8854517276880347e-08,-2.8854517354938123e-08,7.805777531501576e-17,2.2032356169892484e-11
200400.0,fixed-domain-moisture,650.0,-2.8762101951028207e-08,2.8762101951028207e-08,-2.8762102029964786e-08,7.8936578615237e-17,2.1728772789222126e-11
200700.0,fixed-domain-moisture,650.0,-2.867017486224841e-08,2.867017486224841e-08,-2.8670174942029784e-08,7.978137486611496e-17,2.1430571204304826e-11
201000.0,fixed-domain-moisture,650.0,-2.857873245855691e-08,2.857873245855691e-08,-2.8578732539150862e-08,8.059395077777275e-17,2.1137507458005304e-11
201300.0,fixed-domain-moisture,650.0,-2.8487771221294617e-08,2.8487771221294617e-08,-2.8487771302666786e-08,8.137216891550754e-17,2.0849751493312497e-11
201600.0,fixed-domain-moisture,650.0,-2.8397287664623785e-08,2.8397287664623785e-08,-2.8397287746743063e-08,8.211927844476543e-17,2.0566987948779105e-11
201900.0,fixed-domain-moisture,650.0,-2.8307278335069087e-08,2.8307278335069087e-08,-2.8307278417904317e-08,8.283522973470968e-17,2.0289175206055506e-11
202200.0,fixed-domain-moisture,650.0,-2.8217739811067456e-08,2.8217739811067456e-08,-2.821773989458987e-08,8.352241499167178e-17,2.0016215154002795e-11
202500.0,fixed-domain-moisture,650.0,-2.8128668702551338e-08,2.8128668702551338e-08,-2.8128668786730663e-08,8.417932543821444e-17,1.9748053500632567e-11
202800.0,fixed-domain-moisture,650.0,-2.8040061650558508e-08,2.8040061650558508e-08,-2.8040061735366365e-08,8.480785697230164e-17,1.948463155929782e-11
203100.0,fixed-domain-moisture,650.0,-2.7951915326759652e-08,2.7951915326759652e-08,-2.795191541216875e-08,8.540909816361948e-17,1.9225733088615274e-11
203400.0,fixed-domain-moisture,650.0,-2.7864226433206415e-08,2.7864226433206415e-08,-2.7864226519188444e-08,8.598202992565331e-17,1.8971349793245108e-11
203700.0,fixed-domain-moisture,650.0,-2.777699170188692e-08,2.777699170188692e-08,-2.7776991788415202e-08,8.652828014984863e-17,1.8721386923106108e-11
204000.0,fixed-domain-moisture,650.0,-2.7690207894393714e-08,2.7690207894393714e-08,-2.769020798144309e-08,8.704937746597743e-17,1.847576920687875e-11
204300.0,fixed-domain-moisture,650.0,-2.7603871801582958e-08,2.7603871801582958e-08,-2.760387188912697e-08,8.754401161994944e-17,1.8234378403311555e-11
204600.0,fixed-domain-moisture,650.0,-2.7517980243233054e-08,2.7517980243233054e-08,-2.75179803312479e-08,8.801484613333708e-17,1.7997189350621174e-11
204900.0,fixed-domain-moisture,650.0,-2.7432530067723498e-08,2.7432530067723498e-08,-2.7432530156186226e-08,8.846272803908759e-17,1.776409020418924e-11
205200.0,fixed-domain-moisture,650.0,-2.734751815171488e-08,2.734751815171488e-08,-2.7347518240601793e-08,8.888691287464968e-17,1.753496937728234e-11
205500.0,fixed-domain-moisture,650.0,-2.7262941399833798e-08,2.7262941399833798e-08,-2.7262941489120424e-08,8.928662639897e-17,1.7309872328183407e-11
205800.0,fixed-domain-moisture,650.0,-2.7178796744360824e-08,2.7178796744360824e-08,-2.717879683402632e-08,8.966549497185399e-17,1.7088586184090177e-11
206100.0,fixed-domain-moisture,650.0,-2.709508114493734e-08,2.709508114493734e-08,-2.709508123496004e-08,9.002269803013399e-17,1.6871108148020225e-11
206400.0,fixed-domain-moisture,650.0,-2.7011791588261007e-08,2.7011791588261007e-08,-2.701179167862105e-08,9.036004213626782e-17,1.6657335196659577e-11
206700.0,fixed-domain-moisture,650.0,-2.6928925087799222e-08,2.6928925087799222e-08,-2.6928925178475432e-08,9.067621041872029e-17,1.644727189460184e-11
207000.0,fixed-domain-moisture,650.0,-2.6846478683495996e-08,2.6846478683495996e-08,-2.6846478774468125e-08,9.097212931977746e-17,1.6240741405316498e-11
207300.0,fixed-domain-moisture,650.0,-2.676444944149037e-08,2.676444944149037e-08,-2.676444953273855e-08,9.124818265124355e-17,1.603779312443834e-11
207600.0,fixed-domain-moisture,650.0,-2.668283445383922e-08,2.668283445383922e-08,-2.66828345453489e-08,9.150968091265117e-17,1.5838318315015343e-11
207900.0,fixed-domain-moisture,650.0,-2.660163083823069e-08,2.660163083823069e-08,-2.6601630929979833e-08,9.174914308254037e-17,1.5642179669160136e-11
208200.0,fixed-domain-moisture,650.0,-2.652083573772857e-08,2.652083573772857e-08,-2.652083582969875e-08,9.197017897710434e-17,1.544937438631973e-11
208500.0,fixed-domain-moisture,650.0,-2.6440446320490143e-08,2.6440446320490143e-08,-2.6440446412664592e-08,9.217444957501308e-17,1.5259831676642837e-11
208800.0,fixed-domain-moisture,650.0,-2.6360459779923155e-08,2.6360459779923155e-08,-2.6360459872154492e-08,9.223133644009958e-17,1.5074651214015605e-11
209100.0,fixed-domain-moisture,650.0,-2.6280873332795663e-08,2.6280873332795663e-08,-2.6280873425199887e-08,9.240422380556806e-17,1.489134911221054e-11
209400.0,fixed-domain-moisture,650.0,-2.6201684221355703e-08,2.6201684221355703e-08,-2.6201684313917673e-08,9.256197045710438e-17,1.4711193313347817e-11
209700.0,fixed-domain-moisture,650.0,-2.6122889711540574e-08,2.6122889711540574e-08,-2.6122889804245577e-08,9.27050032199046e-17,1.4534010465603184e-11
210000.0,fixed-domain-moisture,650.0,-2.6044487093094418e-08,2.6044487093094418e-08,-2.604448718592608e-08,9.283166111529872e-17,1.4359874821582478e-11
210300.0,fixed-domain-moisture,650.0,-2.5966473679314945e-08,2.5966473679314945e-08,-2.5966473772258517e-08,9.294357203473224e-17,1.4188652784707213e-11
210600.0,fixed-domain-moisture,650.0,-2.5888846806812125e-08,2.5888846806812125e-08,-2.5888846899852865e-08,9.304073928692762e-17,1.4020267148519078e-11
210900.0,fixed-domain-moisture,650.0,-2.5811603835263288e-08,2.5811603835263288e-08,-2.5811603928387145e-08,9.31238577035994e-17,1.3854696753965453e-11
211200.0,fixed-domain-moisture,650.0,-2.5734742147172255e-08,2.5734742147172255e-08,-2.5734742240367078e-08,9.319482318271155e-17,1.3691910855088081e-11
211500.0,fixed-domain-moisture,650.0,-2.5658259147637793e-08,2.5658259147637793e-08,-2.5658259240889226e-08,9.325143211511223e-17,1.3531799214321329e-11
211800.0,fixed-domain-moisture,650.0,-2.5582152264112118e-08,2.5582152264112118e-08,-2.55821523574066e-08,9.329448190291194e-17,1.3374374276652476e-11
212100.0,fixed-domain-moisture,650.0,-2.5506418946172202e-08,2.5506418946172202e-08,-2.5506419039497207e-08,9.332500486751514e-17,1.3219614400336079e-11
212400.0,fixed-domain-moisture,650.0,-2.54310566652909e-08,2.54310566652909e-08,-2.5431056758635258e-08,9.334435758512643e-17,1.306736608087881e-11
212700.0,fixed-domain-moisture,650.0,-2.5356062914614168e-08,2.5356062914614168e-08,-2.5356063007965312e-08,9.335114377487182e-17,1.2917619161127821e-11
213000.0,fixed-domain-moisture,650.0,-2.528143520924639e-08,2.528143520924639e-08,-2.5281435302596442e-08,9.335005189646325e-17,1.2770551468932565e-11
213300.0,fixed-domain-moisture,650.0,-2.5207171084137947e-08,2.5207171084137947e-08,-2.5207171177471366e-08,9.333341894870603e-17,1.2625721596023188e-11
213600.0,fixed-domain-moisture,650.0,-2.513326809641107e-08,2.513326809641107e-08,-2.5133268189716752e-08,9.33056819284059e-17,1.2483318762231725e-11
213900.0,fixed-domain-moisture,650.0,-2.5059723823708752e-08,2.5059723823708752e-08,-2.505972391697772e-08,9.326896834409835e-17,1.2343213255439817e-11
214200.0,fixed-domain-moisture,650.0,-2.4986535864241756e-08,2.4986535864241756e-08,-2.4986535957462705e-08,9.322094885517842e-17,1.2205424702990721e-11
214500.0,fixed-domain-moisture,650.0,-2.491370183658313e-08,2.491370183658313e-08,-2.491370192974581e-08,9.316267894410774e-17,1.2069932802814524e-11
214800.0,fixed-domain-moisture,650.0,-2.4841219379466523e-08,2.4841219379466523e-08,-2.484121947256103e-08,9.309450602674357e-17,1.1936571005290498e-11
215100.0,fixed-domain-moisture,650.0,-2.4769086151579887e-08,2.4769086151579887e-08,-2.4769086244597866e-08,9.301797858519261e-17,1.1805445783212478e-11
215400.0,fixed-domain-moisture,650.0,-2.469729983136558e-08,2.469729983136558e-08,-2.469729992429799e-08,9.293241171390767e-17,1.1676465036977395e-11
215700.0,fixed-domain-moisture,650.0,-2.4625858116819107e-08,2.4625858116819107e-08,-2.46258582096553e-08,9.28361940650555e-17,1.1549576014572692e-11
216000.0,fixed-domain-moisture,650.0,-2.4554758725284438e-08,2.4554758725284438e-08,-2.4554758818017377e-08,9.273293876355174e-17,1.1424729647830725e-11
216300.0,fixed-domain-moisture,650.0,-2.4483999393269174e-08,2.4483999393269174e-08,-2.4483999485889937e-08,9.26207631463222e-17,1.130192941442963e-11
216600.0,fixed-domain-moisture,650.0,-2.4413577876243084e-08,2.4413577876243084e-08,-2.4413577968742986e-08,9.249990213266085e-17,1.1181132478793293e-11
216900.0,fixed-domain-moisture,650.0,-2.434349194844744e-08,2.434349194844744e-08,-2.4343492040819632e-08,9.237219206352756e-17,1.1062248163130952e-11
217200.0,fixed-domain-moisture,650.0,-2.427373940271158e-08,2.427373940271158e-08,-2.427373949494713e-08,9.22355484437787e-17,1.0945313589424573e-11
217500.0,fixed-domain-moisture,650.0,-2.4204318050257434e-08,2.4204318050257434e-08,-2.420431814234961e-08,9.209217488256611e-17,1.0830247888677142e-11
217800.0,fixed-domain-moisture,650.0,-2.4135225720521926e-08,2.4135225720521926e-08,-2.413522581246375e-08,9.194182322570602e-17,1.0717069306113092e-11
218100.0,fixed-domain-moisture,650.0,-2.406646026097171e-08,2.406646026097171e-08,-2.4066460352755735e-08,9.17840236346105e-17,1.0605664733512379e-11
218400.0,fixed-domain-moisture,650.0,-2.3998019536921288e-08,2.3998019536921288e-08,-2.3998019628541338e-08,9.162004996742289e-17,1.0496076198306714e-11
218700.0,fixed-domain-moisture,650.0,-2.3929901431358203e-08,2.3929901431358203e-08,-2.3929901522807087e-08,9.144888313762852e-17,1.0388243260743846e-11
219000.0,fixed-domain-moisture,650.0,-2.386210384476204e-08,2.386210384476204e-08,-2.3862103936034248e-08,9.127220728495454e-17,1.0282101491120158e-11
219300.0,fixed-domain-moisture,650.0,-2.3794624694936427e-08,2.3794624694936427e-08,-2.379462478602444e-08,9.108801401487369e-17,1.017770616872002e-11
219600.0,fixed-domain-moisture,650.0,-2.372746191682799e-08,2.372746191682799e-08,-2.37274620077275e-08,9.08995094794402e-17,1.0074926078838218e-11
219900.0,fixed-domain-moisture,650.0,-2.3660613462365903e-08,2.3660613462365903e-08,-2.366061355307101e-08,9.070510880060044e-17,9.973798521523268e-12
220200.0,fixed-domain-moisture,650.0,-2.359407730028799e-08,2.359407730028799e-08,-2.3594077390792333e-08,9.050434213976647e-17,9.87429793035583e-12
220500.0,fixed-domain-moisture,650.0,-2.3527851415971805e-08,2.3527851415971805e-08,-2.3527851506271996e-08,9.030019065586593e-17,9.776365965930867e-12
220800.0,fixed-domain-moisture,650.0,-2.346193381495127e-08,2.346193381495127e-08,-2.346193390659828e-08,9.164700943794722e-17,9.579843121378206e-12
221100.0,fixed-domain-moisture,650.0,-2.339632250796835e-08,2.339632250796835e-08,-2.3396322599287745e-08,9.131939628453947e-17,9.479758771263979e-12
221400.0,fixed-domain-moisture,650.0,-2.33310155330848e-08,2.33310155330848e-08,-2.3331015624071135e-08,9.098633366525622e-17,9.381107227394716e-12
221700.0,fixed-domain-moisture,650.0,-2.3266010940640713e-08,2.3266010940640713e-08,-2.3266011031289448e-08,9.064873478749373e-17,9.283679509069073e-12
222000.0,fixed-domain-moisture,650.0,-2.3201306796815853e-08,2.3201306796815853e-08,-2.320130688712066e-08,9.030480632368398e-17,9.187580725593973e-12
222300.0,fixed-domain-moisture,650.0,-2.3136901183468593e-08,2.3136901183468593e-08,-2.3136901273424944e-08,8.995635152756234e-17,9.092723071151699e-12
222600.0,fixed-domain-moisture,650.0,-2.3072792197988175e-08,2.3072792197988175e-08,-2.307279228759158e-08,8.960340348635331e-17,8.9990951088326e-12
222900.0,fixed-domain-moisture,650.0,-2.300897795314233e-08,2.300897795314233e-08,-2.3008978042387998e-08,8.924566772375883e-17,8.906663663316087e-12
223200.0,fixed-domain-moisture,650.0,-2.2945456576926294e-08,2.2945456576926294e-08,-2.2945456665809644e-08,8.88833493805708e-17,8.815451890228557e-12
223500.0,fixed-domain-moisture,650.0,-2.2882226213126974e-08,2.2882226213126974e-08,-2.288222630164789e-08,8.852091523209702e-17,8.725545570746275e-12
223800.0,fixed-domain-moisture,650.0,-2.2819285018611867e-08,2.2819285018611867e-08,-2.2819285106762268e-08,8.815040118339982e-17,8.636590501294896e-12
224100.0,fixed-domain-moisture,650.0,-2.275663116651529e-08,2.275663116651529e-08,-2.2756631254291098e-08,8.77758074799215e-17,8.548767063430595e-12
224400.0,fixed-domain-moisture,650.0,-2.269426284432818e-08,2.269426284432818e-08,-2.2694262931726e-08,8.739781902720927e-17,8.46206806069201e-12
224700.0,fixed-domain-moisture,650.0,-2.2632178254014577e-08,2.2632178254014577e-08,-2.2632178341030424e-08,8.701584687266698e-17,8.376428673915838e-12
225000.0,fixed-domain-moisture,650.0,-2.257037561189504e-08,2.257037561189504e-08,-2.257037569852631e-08,8.663127075355638e-17,8.291909199456843e-12
225300.0,fixed-domain-moisture,650.0,-2.250885314851507e-08,2.250885314851507e-08,-2.2508853234759485e-08,8.624441492467758e-17,8.20845735320655e-12
225600.0,fixed-domain-moisture,650.0,-2.244760910850853e-08,2.244760910850853e-08,-2.244760919436375e-08,8.585522313774893e-17,8.126070922477367e-12
225900.0,fixed-domain-moisture,650.0,-2.2386641750462088e-08,2.2386641750462088e-08,-2.23866418359257e-08,8.546361267470918e-17,8.044798244442882e-12
226200.0,fixed-domain-moisture,650.0,-2.2325949346779558e-08,2.2325949346779558e-08,-2.2325949431851173e-08,8.507161509114275e-17,7.96462997124813e-12
226500.0,fixed-domain-moisture,650.0,-2.2265530183554946e-08,2.2265530183554946e-08,-2.2265530268233237e-08,8.467829070987378e-17,7.885622170640201e-12
226800.0,fixed-domain-moisture,650.0,-2.2205382560434977e-08,2.2205382560434977e-08,-2.2205382644721347e-08,8.428636922692371e-17,7.807700613713888e-12
227100.0,fixed-domain-moisture,650.0,-2.214550479049749e-08,2.214550479049749e-08,-2.2145504874392088e-08,8.389459663648389e-17,7.730965400134692e-12
227400.0,fixed-domain-moisture,650.0,-2.2085895200117522e-08,2.2085895200117522e-08,-2.2085895283621465e-08,8.350394239423225e-17,7.655443319300423e-12
227700.0,fixed-domain-moisture,650.0,-2.2026552128842617e-08,2.2026552128842617e-08,-2.202655221195806e-08,8.311544213029569e-17,7.581167571640904e-12
228000.0,fixed-domain-moisture,650.0,-2.1967473929313535e-08,2.1967473929313535e-08,-2.1967474012046936e-08,8.273340049258195e-17,7.508236152712945e-12
228300.0,fixed-domain-moisture,650.0,-2.1908658966943376e-08,2.1908658966943376e-08,-2.1908659049295152e-08,8.235177575389694e-17,7.436525520953063e-12
228600.0,fixed-domain-moisture,650.0,-2.185010562012547e-08,2.185010562012547e-08,-2.1850105702100363e-08,8.197489241448308e-17,7.366135787695966e-12
228900.0,fixed-domain-moisture,650.0,-2.1791812279854733e-08,2.1791812279854733e-08,-2.179181236145666e-08,8.160192660245027e-17,7.297177282121369e-12
229200.0,fixed-domain-moisture,650.0,-2.1733777349689373e-08,2.1733777349689373e-08,-2.1733777430925252e-08,8.123587932906085e-17,7.229544276877672e-12
229500.0,fixed-domain-moisture,650.0,-2.1675999245636274e-08,2.1675999245636274e-08,-2.1675999326511307e-08,8.087503336736317e-17,7.163395454148432e-12
229800.0,fixed-domain-moisture,650.0,-2.1618476396025065e-08,2.1618476396025065e-08,-2.161847647654566e-08,8.052059640105155e-17,7.098639531708609e-12
230100.0,fixed-domain-moisture,650.0,-2.1561207241442378e-08,2.1561207241442378e-08,-2.1561207321614274e-08,8.017189675946859e-17,7.035343638212843e-12
230400.0,fixed-domain-moisture,650.0,-2.1504190234457108e-08,2.1504190234457108e-08,-2.1504190314286754e-08,7.98296458179411e-17,6.973493554737852e-12
230700.0,fixed-domain-moisture,650.0,-2.1447423839698462e-08,2.1447423839698462e-08,-2.14474239191915e-08,7.949303955691367e-17,6.91304071463261e-12
231000.0,fixed-domain-moisture,650.0,-2.1390906533655575e-08,2.1390906533655575e-08,-2.139090661281875e-08,7.916317647223978e-17,6.8539505312492584e-12
231300.0,fixed-domain-moisture,650.0,-2.133463680457604e-08,2.133463680457604e-08,-2.133463688341518e-08,7.88391400478007e-17,6.796283827509397e-12
231600.0,fixed-domain-moisture,650.0,-2.1278613152355536e-08,2.1278613152355536e-08,-2.1278613230875933e-08,7.852039757928197e-17,6.739843979990535e-12
231900.0,fixed-domain-moisture,650.0,-2.1222834088432107e-08,2.1222834088432107e-08,-2.122283416663649e-08,7.820438480678466e-17,6.684651248864e-12
232200.0,fixed-domain-moisture,650.0,-2.1167298135673684e-08,2.1167298135673684e-08,-2.1167298213565632e-08,7.789194876325603e-17,6.63061241095933e-12
232500.0,fixed-domain-moisture,650.0,-2.1112003828275828e-08,2.1112003828275828e-08,-2.11120039058594e-08,7.758357252217381e-17,6.577709912597403e-12
232800.0,fixed-domain-moisture,650.0,-2.105694971166008e-08,2.105694971166008e-08,-2.105694978893635e-08,7.727626830716546e-17,6.5258182890636436e-12
233100.0,fixed-domain-moisture,650.0,-2.1002134342361014e-08,2.1002134342361014e-08,-2.1002134419333502e-08,7.697248788156659e-17,6.474910472301243e-12
233400.0,fixed-domain-moisture,650.0,-2.094755628793563e-08,2.094755628793563e-08,-2.0947556364604076e-08,7.666844606689415e-17,6.424874401334074e-12
233700.0,fixed-domain-moisture,650.0,-2.089321412685141e-08,2.089321412685141e-08,-2.0893214203215882e-08,7.636447373539316e-17,6.375703207013939e-12
234000.0,fixed-domain-moisture,650.0,-2.0839106448390095e-08,2.0839106448390095e-08,-2.083910652445071e-08,7.606061390045548e-17,6.327313111966506e-12
234300.0,fixed-domain-moisture,650.0,-2.0785231852549797e-08,2.0785231852549797e-08,-2.0785231928305144e-08,7.575534785847646e-17,6.279604013556401e-12
234600.0,fixed-domain-moisture,650.0,-2.0731588949942994e-08,2.0731588949942994e-08,-2.0731589025392322e-08,7.54493274277788e-17,6.232549489644576e-12
234900.0,fixed-domain-moisture,650.0,-2.067817636170126e-08,2.067817636170126e-08,-2.067817643684452e-08,7.514325736624437e-17,6.186171760061391e-12
235200.0,fixed-domain-moisture,650.0,-2.0624992719382695e-08,2.0624992719382695e-08,-2.0624992794217103e-08,7.483440797785177e-17,6.140305067585738e-12
235500.0,fixed-domain-moisture,650.0,-2.057203666486914e-08,2.057203666486914e-08,-2.0572036739393246e-08,7.452410606030353e-17,6.095029857904846e-12
235800.0,fixed-domain-moisture,650.0,-2.051930685027852e-08,2.051930685027852e-08,-2.0519306924489804e-08,7.421128289624823e-17,6.050239398976264e-12
236100.0,fixed-domain-moisture,650.0,-2.0466801937867536e-08,2.0466801937867536e-08,-2.046680201176428e-08,7.389674250524126e-17,6.005965866226564e-12
236400.0,fixed-domain-moisture,650.0,-2.04145205999408e-08,2.04145205999408e-08,-2.0414520673522282e-08,7.358148081274015e-17,5.962117179561592e-12
236700.0,fixed-domain-moisture,650.0,-2.0362461898295932e-08,2.0362461898295932e-08,-2.0362461603536037e-08,-2.9475989528753043e-16,4.960397383129299e-11
237000.0,fixed-domain-moisture,650.0,-2.031062378660813e-08,2.031062378660813e-08,-2.0310623496166246e-08,-2.9044188344982807e-16,4.902217761362471e-11
237300.0,fixed-domain-moisture,650.0,-2.025900532174985e-08,2.025900532174985e-08,-2.0259005035558444e-08,-2.86191405946057e-16,4.844799279624518e-11
237600.0,fixed-domain-moisture,650.0,-2.0207605215794304e-08,2.0207605215794304e-08,-2.0207604933791165e-08,-2.820031390417948e-16,4.7881383430612866e-11
