time_s,method,rho_d_kg_m3,net_inventory_rate_kg_s,local_positive_loss_rate_kg_s,boundary_net_rate_kg_s,water_balance_residual_kg_s,solver_relative_residual
300.0,fixed-domain-moisture,650.0,-1.5761087056802983e-05,1.5761087056802983e-05,-1.5761087054661552e-05,-2.141431427798643e-15,2.904715563222531e-11
600.0,fixed-domain-moisture,650.0,-1.2751001008512213e-05,1.2751001008512213e-05,-1.2751000994803497e-05,-1.370871664341071e-14,4.224795568784241e-11
900.0,fixed-domain-moisture,650.0,-1.1028144228036922e-05,1.1028144228036922e-05,-1.1028144235778157e-05,7.741235698798497e-15,4.039445915269831e-11
1200.0,fixed-domain-moisture,650.0,-9.946688315887368e-06,9.946688315887368e-06,-9.946688322878293e-06,6.9909254437911655e-15,2.8599266675455296e-11
1500.0,fixed-domain-moisture,650.0,-9.212010643018814e-06,9.212010643018814e-06,-9.212010646216885e-06,3.1980711481804924e-15,2.2073867069478774e-11
1800.0,fixed-domain-moisture,650.0,-8.715205667292535e-06,8.715205667292535e-06,-8.715205662310557e-06,-4.981978439272568e-15,2.4390949569662496e-11
2100.0,fixed-domain-moisture,650.0,-8.346947797747976e-06,8.346947797747976e-06,-8.346947792480622e-06,-5.2673540035979086e-15,2.1920523568955432e-11
2400.0,fixed-domain-moisture,650.0,-8.08403916938045e-06,8.08403916938045e-06,-8.08403916195748e-06,-7.422969845131272e-15,3.3943124003363454e-11
2700.0,fixed-domain-moisture,650.0,-7.889255959706594e-06,7.889255959706594e-06,-7.889255954686494e-06,-5.020100004096695e-15,3.676734181575288e-11
3000.0,fixed-domain-moisture,650.0,-7.723319621866011e-06,7.723319621866011e-06,-7.723319615778688e-06,-6.0873225541215395e-15,3.9856682324278216e-11
3300.0,fixed-domain-moisture,650.0,-7.598880933657849e-06,7.598880933657849e-06,-7.598880931399872e-06,-2.257977232110204e-15,4.036411498114674e-11
3600.0,fixed-domain-moisture,650.0,-7.491858753027612e-06,7.491858753027612e-06,-7.491858750145359e-06,-2.882253219730832e-15,4.0958907094562495e-11
3900.0,fixed-domain-moisture,650.0,-7.393289271749742e-06,7.393289271749742e-06,-7.393289268218741e-06,-3.531000836230584e-15,4.515193426826955e-11
4200.0,fixed-domain-moisture,650.0,-7.299710865959715e-06,7.299710865959715e-06,-7.299710861853643e-06,-4.106071832912263e-15,4.876262051970579e-11
4500.0,fixed-domain-moisture,650.0,-7.216050613497276e-06,7.216050613497276e-06,-7.216050609941094e-06,-3.55618143168656e-15,2.6992286775202263e-11
4800.0,fixed-domain-moisture,650.0,-7.1419587724736205e-06,7.1419587724736205e-06,-7.141958768013202e-06,-4.4604187490336795e-15,3.139283707797852e-11
5100.0,fixed-domain-moisture,650.0,-7.0592051127333594e-06,7.0592051127333594e-06,-7.059205107892957e-06,-4.840402811369642e-15,2.829316513130442e-11
5400.0,fixed-domain-moisture,650.0,-6.9851516002836885e-06,6.9851516002836885e-06,-6.985151594602406e-06,-5.681282911295087e-15,3.358483881286122e-11
5700.0,fixed-domain-moisture,650.0,-6.9178900676727635e-06,6.9178900676727635e-06,-6.917890061001482e-06,-6.6712814675187575e-15,4.029300095791544e-11
6000.0,fixed-domain-moisture,650.0,-6.850265479831121e-06,6.850265479831121e-06,-6.850265472525157e-06,-7.305964101929352e-15,4.177642438229645e-11
6300.0,fixed-domain-moisture,650.0,-6.78118343061037e-06,6.78118343061037e-06,-6.781183423480309e-06,-7.130060769773051e-15,3.795363977882794e-11
6600.0,fixed-domain-moisture,650.0,-6.711646205165762e-06,6.711646205165762e-06,-6.711646198171924e-06,-6.993837543063826e-15,3.7145288697521166e-11
6900.0,fixed-domain-moisture,650.0,-6.645166599702373e-06,6.645166599702373e-06,-6.645166591178796e-06,-8.523577351739198e-15,4.810002891962878e-11
7200.0,fixed-domain-moisture,650.0,-6.577947708866268e-06,6.577947708866268e-06,-6.5779477016317674e-06,-7.234500779202454e-15,4.0598682474412414e-11
7500.0,fixed-domain-moisture,650.0,-6.5074131499748035e-06,6.5074131499748035e-06,-6.5074131423777845e-06,-7.597019022166033e-15,4.3927099667380074e-11
7800.0,fixed-domain-moisture,650.0,-6.438272287810982e-06,6.438272287810982e-06,-6.438272281280482e-06,-6.5305003565203565e-15,4.113154364713699e-11
8100.0,fixed-domain-moisture,650.0,-6.366668569165261e-06,6.366668569165261e-06,-6.3666685621493705e-06,-7.015890892878539e-15,4.520526580894802e-11
8400.0,fixed-domain-moisture,650.0,-6.3053650084140415e-06,6.3053650084140415e-06,-6.305365002908174e-06,-5.505867470116405e-15,3.723799329842247e-11
8700.0,fixed-domain-moisture,650.0,-6.241470022532172e-06,6.241470022532172e-06,-6.241470016778822e-06,-5.753350168513378e-15,2.7829896773671414e-11
9000.0,fixed-domain-moisture,650.0,-6.186059040228093e-06,6.186059040228093e-06,-6.1860590337682384e-06,-6.459854420587559e-15,4.5458174340933104e-11
9300.0,fixed-domain-moisture,650.0,-6.1249508884473684e-06,6.1249508884473684e-06,-6.124950882145575e-06,-6.30179383746517e-15,3.1600237917289914e-11
9600.0,fixed-domain-moisture,650.0,-6.060267802755573e-06,6.060267802755573e-06,-6.060267798847414e-06,-3.9081591966545065e-15,4.780165456433729e-11
9900.0,fixed-domain-moisture,650.0,-6.003649985112906e-06,6.003649985112906e-06,-6.003649979751378e-06,-5.361527973706589e-15,3.482716580797418e-11
10200.0,fixed-domain-moisture,650.0,-5.943236224367571e-06,5.943236224367571e-06,-5.943236219767789e-06,-4.599781926878377e-15,3.0890835130282355e-11
10500.0,fixed-domain-moisture,650.0,-5.884428920137219e-06,5.884428920137219e-06,-5.884428916059662e-06,-4.077557315775894e-15,2.766507090674925e-11
10800.0,fixed-domain-moisture,650.0,-5.8350679286786e-06,5.8350679286786e-06,-5.835067922199927e-06,-6.478673798609655e-15,3.962049292942069e-11
11100.0,fixed-domain-moisture,650.0,-5.78032912154193e-06,5.78032912154193e-06,-5.780329117052549e-06,-4.4893804995661986e-15,3.4458854261613563e-11
11400.0,fixed-domain-moisture,650.0,-5.72836337000608e-06,5.72836337000608e-06,-5.728363363325771e-06,-6.680309144670594e-15,4.669902973718814e-11
11700.0,fixed-domain-moisture,650.0,-5.672114408987575e-06,5.672114408987575e-06,-5.6721144082702705e-06,-7.173047691846207e-16,3.905011439808758e-11
12000.0,fixed-domain-moisture,650.0,-5.622508798849211e-06,5.622508798849211e-06,-5.6225087926410105e-06,-6.208200931958306e-15,3.5312446832890604e-11
12300.0,fixed-domain-moisture,650.0,-5.564582158210661e-06,5.564582158210661e-06,-5.564582156434195e-06,-1.7764661066504463e-15,4.0950319488823496e-11
12600.0,fixed-domain-moisture,650.0,-5.516829732245859e-06,5.516829732245859e-06,-5.516829726236723e-06,-6.009136330892284e-15,3.376584285926451e-11
12900.0,fixed-domain-moisture,650.0,-5.468244030520329e-06,5.468244030520329e-06,-5.468244025213194e-06,-5.307134905965707e-15,4.711602372667109e-11
13200.0,fixed-domain-moisture,650.0,-5.418510511441877e-06,5.418510511441877e-06,-5.418510510235999e-06,-1.2058784553585847e-15,2.978755413580042e-11
13500.0,fixed-domain-moisture,650.0,-5.372141379667115e-06,5.372141379667115e-06,-5.372141373607822e-06,-6.059292539831e-15,4.159808678516836e-11
13800.0,fixed-domain-moisture,650.0,-5.319820016780515e-06,5.319820016780515e-06,-5.319820016787159e-06,6.644126438262732e-18,4.6429447474723696e-11
14100.0,fixed-domain-moisture,650.0,-5.275973265962677e-06,5.275973265962677e-06,-5.275973259802069e-06,-6.160608691750929e-15,4.268594968891703e-11
14400.0,fixed-domain-moisture,650.0,-5.231816047412416e-06,5.231816047412416e-06,-5.231816043575451e-06,-3.836965230404835e-15,3.236282118147146e-11
14700.0,fixed-domain-moisture,650.0,-5.183253679987158e-06,5.183253679987158e-06,-5.183253678597767e-06,-1.3893906844800706e-15,4.273008614261376e-11
15000.0,fixed-domain-moisture,650.0,-5.137051161595999e-06,5.137051161595999e-06,-5.137051159095235e-06,-2.5007639798475985e-15,3.856507349297281e-11
15300.0,fixed-domain-moisture,650.0,-5.091636632463021e-06,5.091636632463021e-06,-5.09163662981906e-06,-2.6439608288115687e-15,4.1381089248434584e-11
15600.0,fixed-domain-moisture,650.0,-5.0468945391025246e-06,5.0468945391025246e-06,-5.046894536455008e-06,-2.6475166731241423e-15,4.479588756582561e-11
15900.0,fixed-domain-moisture,650.0,-5.002762834905907e-06,5.002762834905907e-06,-5.0027628322899034e-06,-2.6160036593544933e-15,4.8612324319906193e-11
16200.0,fixed-domain-moisture,650.0,-4.9591988564047665e-06,4.9591988564047665e-06,-4.95919885422892e-06,-2.175846376445585e-15,3.261941140202179e-11
16500.0,fixed-domain-moisture,650.0,-4.916168289663428e-06,4.916168289663428e-06,-4.916168287518643e-06,-2.1447848312368227e-15,3.493142899712877e-11
16800.0,fixed-domain-moisture,650.0,-4.873641189702165e-06,4.873641189702165e-06,-4.873641187742406e-06,-1.9597589542385933e-15,3.870823655959259e-11
17100.0,fixed-domain-moisture,650.0,-4.831590444112327e-06,4.831590444112327e-06,-4.831590442145661e-06,-1.966665660890505e-15,4.142442408296903e-11
17400.0,fixed-domain-moisture,650.0,-4.789991112970747e-06,4.789991112970747e-06,-4.789991110958217e-06,-2.0125299538854835e-15,4.438883654799543e-11
17700.0,fixed-domain-moisture,650.0,-4.748820093588738e-06,4.748820093588738e-06,-4.7488200915703745e-06,-2.018363469793224e-15,4.7471455328192753e-11
18000.0,fixed-domain-moisture,650.0,-4.708055906823297e-06,4.708055906823297e-06,-4.708055905243742e-06,-1.5795555103692918e-15,2.7004746733614026e-11
18300.0,fixed-domain-moisture,650.0,-4.667678536344237e-06,4.667678536344237e-06,-4.66767853475296e-06,-1.5912767522933968e-15,2.8557106835643655e-11
18600.0,fixed-domain-moisture,650.0,-4.627669290423146e-06,4.627669290423146e-06,-4.627669288347085e-06,-2.0760616600942923e-15,2.5643279467396286e-11
18900.0,fixed-domain-moisture,650.0,-4.5880106868514925e-06,4.5880106868514925e-06,-4.588010684664814e-06,-2.186678233775073e-15,2.7836242202559035e-11
19200.0,fixed-domain-moisture,650.0,-4.5486863480940285e-06,4.5486863480940285e-06,-4.548686345782993e-06,-2.3110353759262132e-15,3.023775096525041e-11
19500.0,fixed-domain-moisture,650.0,-4.509680912077059e-06,4.509680912077059e-06,-4.509680909623574e-06,-2.4534851418307052e-15,3.2864175265567024e-11
19800.0,fixed-domain-moisture,650.0,-4.47097995414263e-06,4.47097995414263e-06,-4.470979951533259e-06,-2.609371391377492e-15,3.571976321989136e-11
20100.0,fixed-domain-moisture,650.0,-4.432569919575232e-06,4.432569919575232e-06,-4.43256991679251e-06,-2.7827226132637155e-15,3.8821613961493285e-11
20400.0,fixed-domain-moisture,650.0,-4.39443806529054e-06,4.39443806529054e-06,-4.394438062341692e-06,-2.9488477970769124e-15,4.2703641811711094e-11
20700.0,fixed-domain-moisture,650.0,-4.356572409613515e-06,4.356572409613515e-06,-4.356572406451651e-06,-3.1618647248501074e-15,4.6325223278562686e-11
21000.0,fixed-domain-moisture,650.0,-4.3189616878371965e-06,4.3189616878371965e-06,-4.318961685164745e-06,-2.6724516290254144e-15,3.497379618034687e-11
21300.0,fixed-domain-moisture,650.0,-4.281595316763944e-06,4.281595316763944e-06,-4.281595313929451e-06,-2.8344932669998983e-15,3.8271849651676663e-11
21600.0,fixed-domain-moisture,650.0,-4.244463357302209e-06,4.244463357302209e-06,-4.244463354305585e-06,-2.996623843433844e-15,4.182944593115083e-11
21900.0,fixed-domain-moisture,650.0,-4.207556487010407e-06,4.207556487010407e-06,-4.20755648406411e-06,-2.9462973808727297e-15,4.36757400813847e-11
22200.0,fixed-domain-moisture,650.0,-4.170865973261518e-06,4.170865973261518e-06,-4.170865970177721e-06,-3.0837970862334675e-15,4.736438001912747e-11
22500.0,fixed-domain-moisture,650.0,-4.134383646523606e-06,4.134383646523606e-06,-4.134383644524448e-06,-1.99915784474718e-15,3.619125458086554e-11
22800.0,fixed-domain-moisture,650.0,-4.098101882552494e-06,4.098101882552494e-06,-4.098101880504298e-06,-2.0481959701955203e-15,3.8053168024414327e-11
23100.0,fixed-domain-moisture,650.0,-4.062013574375354e-06,4.062013574375354e-06,-4.062013572288686e-06,-2.0866682066598106e-15,3.968552027333244e-11
23400.0,fixed-domain-moisture,650.0,-4.026112116658085e-06,4.026112116658085e-06,-4.026112114543106e-06,-2.1149794358888384e-15,4.10115033726306e-11
23700.0,fixed-domain-moisture,650.0,-3.990391385198432e-06,3.990391385198432e-06,-3.99039138306651e-06,-2.131922635932766e-15,4.197844399780787e-11
24000.0,fixed-domain-moisture,650.0,-3.954845718331743e-06,3.954845718331743e-06,-3.954845716195502e-06,-2.1362408098978686e-15,4.2547778590373674e-11
24300.0,fixed-domain-moisture,650.0,-3.919469898910151e-06,3.919469898910151e-06,-3.919469896783393e-06,-2.1267574290204094e-15,4.2700567081720193e-11
24600.0,fixed-domain-moisture,650.0,-3.884259136748096e-06,3.884259136748096e-06,-3.884259134645479e-06,-2.102616990023662e-15,4.24400780222803e-11
24900.0,fixed-domain-moisture,650.0,-3.8492090514895175e-06,3.8492090514895175e-06,-3.849209049425769e-06,-2.0637483421400565e-15,4.1794236505949036e-11
25200.0,fixed-domain-moisture,650.0,-3.8143156558455555e-06,3.8143156558455555e-06,-3.814315653834731e-06,-2.010824453046187e-15,4.0815852158206645e-11
25500.0,fixed-domain-moisture,650.0,-3.779575339181712e-06,3.779575339181712e-06,-3.779575337236309e-06,-1.945403016332054e-15,3.958634835930183e-11
25800.0,fixed-domain-moisture,650.0,-3.744984851454063e-06,3.744984851454063e-06,-3.7449848495815158e-06,-1.8725471714398697e-15,3.817276682579668e-11
26100.0,fixed-domain-moisture,650.0,-3.7105412874845577e-06,3.7105412874845577e-06,-3.7105412856634305e-06,-1.82112718934385e-15,3.702384990674993e-11
26400.0,fixed-domain-moisture,650.0,-3.676242071460332e-06,3.676242071460332e-06,-3.6762420697199696e-06,-1.740362174306679e-15,3.5545528058231725e-11
26700.0,fixed-domain-moisture,650.0,-3.642084942025548e-06,3.642084942025548e-06,-3.642084940365727e-06,-1.659820775967583e-15,3.409419722501932e-11
27000.0,fixed-domain-moisture,650.0,-3.608067937441678e-06,3.608067937441678e-06,-3.6080679358606516e-06,-1.581026383082199e-15,3.2686916283320813e-11
27300.0,fixed-domain-moisture,650.0,-3.574189381219668e-06,3.574189381219668e-06,-3.5741893797153936e-06,-1.5042746101491186e-15,3.13185657933442e-11
27600.0,fixed-domain-moisture,650.0,-3.5404478685552377e-06,3.5404478685552377e-06,-3.5404478665862953e-06,-1.9689424854527245e-15,4.8609869710941835e-11
27900.0,fixed-domain-moisture,650.0,-3.50684225057916e-06,3.50684225057916e-06,-3.5068422487222455e-06,-1.8569143313653443e-15,4.609079634059428e-11
28200.0,fixed-domain-moisture,650.0,-3.4733716242138754e-06,3.4733716242138754e-06,-3.4733716224620584e-06,-1.7518170243688725e-15,4.365842951123016e-11
28500.0,fixed-domain-moisture,650.0,-3.440035316801199e-06,3.440035316801199e-06,-3.4400353151524913e-06,-1.6487077036996065e-15,4.137734854289957e-11
28800.0,fixed-domain-moisture,650.0,-3.4068328740270955e-06,3.4068328740270955e-06,-3.4068328724772255e-06,-1.549869970183344e-15,3.9287801635198666e-11
29100.0,fixed-domain-moisture,650.0,-3.3737640475193666e-06,3.3737640475193666e-06,-3.373764046061502e-06,-1.4578648279361082e-15,3.740493456728383e-11
29400.0,fixed-domain-moisture,650.0,-3.3408287827855306e-06,3.3408287827855306e-06,-3.3408287814128e-06,-1.3727303934405258e-15,3.5757092944121613e-11
29700.0,fixed-domain-moisture,650.0,-3.308027207481708e-06,3.308027207481708e-06,-3.3080272061859476e-06,-1.2957605095235275e-15,3.4351269546514016e-11
30000.0,fixed-domain-moisture,650.0,-3.2753596200024823e-06,3.2753596200024823e-06,-3.275359618774727e-06,-1.2277551988037951e-15,3.317187307827604e-11
30300.0,fixed-domain-moisture,650.0,-3.2428264784009386e-06,3.2428264784009386e-06,-3.242826477232946e-06,-1.167992789210268e-15,3.2194958320930394e-11
30600.0,fixed-domain-moisture,650.0,-3.21042838963768e-06,3.21042838963768e-06,-3.210428388523567e-06,-1.114113023435422e-15,3.141996746585288e-11
30900.0,fixed-domain-moisture,650.0,-3.178166099180364e-06,3.178166099180364e-06,-3.178166098114335e-06,-1.0660290806021634e-15,3.084259887269217e-11
31200.0,fixed-domain-moisture,650.0,-3.146040480909938e-06,3.146040480909938e-06,-3.1460404798876067e-06,-1.0223314978862613e-15,3.046406813971035e-11
31500.0,fixed-domain-moisture,650.0,-3.114052527385832e-06,3.114052527385832e-06,-3.114052526402192e-06,-9.836398798886321e-16,3.026923405890245e-11
31800.0,fixed-domain-moisture,650.0,-3.082203340458669e-06,3.082203340458669e-06,-3.0822033395117793e-06,-9.468896614061098e-16,3.023768724937668e-11
32100.0,fixed-domain-moisture,650.0,-3.0504941221858864e-06,3.0504941221858864e-06,-3.0504941212672567e-06,-9.18629677670391e-16,3.0343402475826976e-11
32400.0,fixed-domain-moisture,650.0,-3.01892616618008e-06,3.01892616618008e-06,-3.0189261652940733e-06,-8.860066272233652e-16,3.056963153010489e-11
32700.0,fixed-domain-moisture,650.0,-2.9875008491939292e-06,2.9875008491939292e-06,-2.987500848338933e-06,-8.549963275079116e-16,3.089070364971303e-11
33000.0,fixed-domain-moisture,650.0,-2.9562196232105943e-06,2.9562196232105943e-06,-2.9562196222579563e-06,-9.526380505026511e-16,3.12188641126848e-11
33300.0,fixed-domain-moisture,650.0,-2.9250840073410403e-06,2.9250840073410403e-06,-2.9250840063974354e-06,-9.436048676366576e-16,3.169535721673612e-11
33600.0,fixed-domain-moisture,650.0,-2.8940955811131707e-06,2.8940955811131707e-06,-2.894095580178251e-06,-9.349198153119857e-16,3.222471063586654e-11
33900.0,fixed-domain-moisture,650.0,-2.8632559770423843e-06,2.8632559770423843e-06,-2.8632559761193674e-06,-9.230168848206946e-16,3.2794973770381486e-11
34200.0,fixed-domain-moisture,650.0,-2.8325668740519643e-06,2.8325668740519643e-06,-2.8325668731401892e-06,-9.117750635447355e-16,3.339725773426859e-11
34500.0,fixed-domain-moisture,650.0,-2.8020299912318614e-06,2.8020299912318614e-06,-2.802029990187861e-06,-1.0440002947429208e-15,3.37420178520132e-11
34800.0,fixed-domain-moisture,650.0,-2.771647081271276e-06,2.771647081271276e-06,-2.771647080230625e-06,-1.0406511264694773e-15,3.435534625592218e-11
35100.0,fixed-domain-moisture,650.0,-2.741419925495174e-06,2.741419925495174e-06,-2.7414199244583985e-06,-1.0367755272193153e-15,3.499866389813249e-11
35400.0,fixed-domain-moisture,650.0,-2.7113503278782236e-06,2.7113503278782236e-06,-2.7113503268451813e-06,-1.033042229504292e-15,3.5674239103445555e-11
35700.0,fixed-domain-moisture,650.0,-2.6814401100097297e-06,2.6814401100097297e-06,-2.6814401089802167e-06,-1.029513066729557e-15,3.6385596834741076e-11
36000.0,fixed-domain-moisture,650.0,-2.651691106197572e-06,2.651691106197572e-06,-2.651691105171268e-06,-1.0263036588924104e-15,3.7137483682053184e-11
36300.0,fixed-domain-moisture,650.0,-2.6221051588348028e-06,2.6221051588348028e-06,-2.6221051578112664e-06,-1.0235364022537306e-15,3.79356572788078e-11
36600.0,fixed-domain-moisture,650.0,-2.59268411401894e-06,2.59268411401894e-06,-2.592684112997582e-06,-1.0213578335133925e-15,3.87868178708039e-11
36900.0,fixed-domain-moisture,650.0,-2.5634298174108046e-06,2.5634298174108046e-06,-2.5634298163924075e-06,-1.018397029846265e-15,3.970224265868857e-11
37200.0,fixed-domain-moisture,650.0,-2.5343441103360914e-06,2.5343441103360914e-06,-2.5343441093179633e-06,-1.0181280968855119e-15,4.068257492079998e-11
37500.0,fixed-domain-moisture,650.0,-2.5054288260981723e-06,2.5054288260981723e-06,-2.5054288250664045e-06,-1.0317678684351479e-15,4.1755897558118337e-11
37800.0,fixed-domain-moisture,650.0,-2.476685786465058e-06,2.476685786465058e-06,-2.476685785431406e-06,-1.033652093226315e-15,4.2901682860451824e-11
38100.0,fixed-domain-moisture,650.0,-2.448116801550953e-06,2.448116801550953e-06,-2.4481168014958584e-06,-5.509483453768234e-17,3.1548803498635075e-11
38400.0,fixed-domain-moisture,650.0,-2.4197236538407298e-06,2.4197236538407298e-06,-2.419723653509538e-06,-3.3119157644232594e-16,3.671721008346087e-11
38700.0,fixed-domain-moisture,650.0,-2.391508115141107e-06,2.391508115141107e-06,-2.391508114857918e-06,-2.8318894877200386e-16,3.764465794996368e-11
39000.0,fixed-domain-moisture,650.0,-2.3634719308144835e-06,2.3634719308144835e-06,-2.3634719305786166e-06,-2.358669120748006e-16,3.876590794603867e-11
39300.0,fixed-domain-moisture,650.0,-2.3356168197412655e-06,2.3356168197412655e-06,-2.3356168195524584e-06,-1.8880703207477256e-16,4.0111541931507406e-11
39600.0,fixed-domain-moisture,650.0,-2.307944472391272e-06,2.307944472391272e-06,-2.307944472248739e-06,-1.4253277513332288e-16,4.157371787013939e-11
39900.0,fixed-domain-moisture,650.0,-2.2804565486125094e-06,2.2804565486125094e-06,-2.280456548514639e-06,-9.787042189049813e-17,4.282637885241334e-11
40200.0,fixed-domain-moisture,650.0,-2.2531546755481717e-06,2.2531546755481717e-06,-2.2531546754930806e-06,-5.5091022889419694e-17,4.342264093353319e-11
40500.0,fixed-domain-moisture,650.0,-2.2260404456935637e-06,2.2260404456935637e-06,-2.226040445678678e-06,-1.4885757015047074e-17,4.3138894329236884e-11
40800.0,fixed-domain-moisture,650.0,-2.1991154150912165e-06,2.1991154150912165e-06,-2.1991154151147153e-06,2.3498811539202427e-17,4.2370361769118996e-11
41100.0,fixed-domain-moisture,650.0,-2.172381101662001e-06,2.172381101662001e-06,-2.1723811017231913e-06,6.119050714259791e-17,4.170128849990674e-11
41400.0,fixed-domain-moisture,650.0,-2.1458389836636147e-06,2.1458389836636147e-06,-2.1458389837624426e-06,9.882799263736912e-17,4.14274865763211e-11
41700.0,fixed-domain-moisture,650.0,-2.11949049827455e-06,2.11949049827455e-06,-2.119490498411036e-06,1.3648623043934806e-16,4.157315965032503e-11
42000.0,fixed-domain-moisture,650.0,-2.0933370402929345e-06,2.0933370402929345e-06,-2.093337040466928e-06,1.739932728602421e-16,4.2062572283239004e-11
42300.0,fixed-domain-moisture,650.0,-2.0673799609433356e-06,2.0673799609433356e-06,-2.067379961148357e-06,2.05021360267588e-16,4.2809137828245645e-11
42600.0,fixed-domain-moisture,650.0,-2.041620566827405e-06,2.041620566827405e-06,-2.0416205670689542e-06,2.415492326014561e-16,4.375306458154382e-11
42900.0,fixed-domain-moisture,650.0,-2.0160601189377858e-06,2.0160601189377858e-06,-2.016060119215121e-06,2.773351040735294e-16,4.484076106233642e-11
43200.0,fixed-domain-moisture,650.0,-1.9906998320755376e-06,1.9906998320755376e-06,-1.990699832069957e-06,-5.580676572984958e-18,4.519043257133268e-11
43500.0,fixed-domain-moisture,650.0,-1.965540872910321e-06,1.965540872910321e-06,-1.9655408729349165e-06,2.4595719205896746e-17,4.682439274154531e-11
43800.0,fixed-domain-moisture,650.0,-1.9405843611098365e-06,1.9405843611098365e-06,-1.940584361163756e-06,5.3919576323366997e-17,4.85001047412689e-11
44100.0,fixed-domain-moisture,650.0,-1.91583136711331e-06,1.91583136711331e-06,-1.9158313676025855e-06,4.892754529707641e-16,3.2555576175831076e-11
44400.0,fixed-domain-moisture,650.0,-1.8912829135775898e-06,1.8912829135775898e-06,-1.8912829141001242e-06,5.225344134029411e-16,3.334634081229535e-11
44700.0,fixed-domain-moisture,650.0,-1.8669399724979779e-06,1.8669399724979779e-06,-1.86693997305384e-06,5.558621952620824e-16,3.4116114766165386e-11
45000.0,fixed-domain-moisture,650.0,-1.8428034665312695e-06,1.8428034665312695e-06,-1.8428034671204512e-06,5.89181718549988e-16,3.48781255425774e-11
45300.0,fixed-domain-moisture,650.0,-1.8188742683062872e-06,1.8188742683062872e-06,-1.8188742689286896e-06,6.224023507413017e-16,3.564353312139888e-11
45600.0,fixed-domain-moisture,650.0,-1.7951532002303775e-06,1.7951532002303775e-06,-1.7951532008858108e-06,6.554332475524303e-16,3.642040873245574e-11
45900.0,fixed-domain-moisture,650.0,-1.7716410343639795e-06,1.7716410343639795e-06,-1.771641035052132e-06,6.881524362389695e-16,3.7214354226767926e-11
46200.0,fixed-domain-moisture,650.0,-1.7483384923590233e-06,1.7483384923590233e-06,-1.7483384930795189e-06,7.204955422969277e-16,3.803052068243877e-11
46500.0,fixed-domain-moisture,650.0,-1.7252462454579792e-06,1.7252462454579792e-06,-1.7252462462103126e-06,7.523333932018487e-16,3.887116887809544e-11
46800.0,fixed-domain-moisture,650.0,-1.702364914549951e-06,1.702364914549951e-06,-1.7023649153334935e-06,7.835425339016702e-16,3.9738065412979e-11
47100.0,fixed-domain-moisture,650.0,-1.6796950702742107e-06,1.6796950702742107e-06,-1.679695071090675e-06,8.164643752208399e-16,4.0637394957234184e-11
47400.0,fixed-domain-moisture,650.0,-1.657237233202998e-06,1.657237233202998e-06,-1.6572372340490129e-06,8.460148136517007e-16,4.1560529830037085e-11
47700.0,fixed-domain-moisture,650.0,-1.6349918740221478e-06,1.6349918740221478e-06,-1.6349918748966439e-06,8.744960847448897e-16,4.251164966277481e-11
48000.0,fixed-domain-moisture,650.0,-1.612959413796406e-06,1.612959413796406e-06,-1.6129594146981311e-06,9.017250176255633e-16,4.3490385905379055e-11
48300.0,fixed-domain-moisture,650.0,-1.5911402242602756e-06,1.5911402242602756e-06,-1.5911402251877792e-06,9.275036183423006e-16,4.449627619840308e-11
48600.0,fixed-domain-moisture,650.0,-1.5695346281488686e-06,1.5695346281488686e-06,-1.5695346291004781e-06,9.516095407464476e-16,4.5528417271521235e-11
48900.0,fixed-domain-moisture,650.0,-1.5481428995653281e-06,1.5481428995653281e-06,-1.5481429005359292e-06,9.70601078215073e-16,4.658976747476485e-11
49200.0,fixed-domain-moisture,650.0,-1.5269652643625673e-06,1.5269652643625673e-06,-1.5269652653426657e-06,9.80098435136162e-16,4.763324383594014e-11
49500.0,fixed-domain-moisture,650.0,-1.5060019005942755e-06,1.5060019005942755e-06,-1.5060019015921695e-06,9.978939620832643e-16,4.873408797642724e-11
49800.0,fixed-domain-moisture,650.0,-1.4852529390633234e-06,1.4852529390633234e-06,-1.485252939951819e-06,8.88495633538872e-16,4.823602124633466e-11
50100.0,fixed-domain-moisture,650.0,-1.4647184633556284e-06,1.4647184633556284e-06,-1.4647184642596e-06,9.039715607599185e-16,4.943346055178948e-11
50400.0,fixed-domain-moisture,650.0,-1.4443985109485591e-06,1.4443985109485591e-06,-1.4443985119629393e-06,1.0143801878521484e-15,3.0775502456283486e-11
50700.0,fixed-domain-moisture,650.0,-1.4242930734924868e-06,1.4242930734924868e-06,-1.4242930745185313e-06,1.0260444668105505e-15,3.150895952893534e-11
51000.0,fixed-domain-moisture,650.0,-1.4044020970804342e-06,1.4044020970804342e-06,-1.40440209811711e-06,1.036675789089776e-15,3.224955521278081e-11
51300.0,fixed-domain-moisture,650.0,-1.3847254830898415e-06,1.3847254830898415e-06,-1.3847254841316687e-06,1.04182723171674e-15,3.297723015822863e-11
51600.0,fixed-domain-moisture,650.0,-1.3652630886123123e-06,1.3652630886123123e-06,-1.3652630896556083e-06,1.0432959868472789e-15,3.3702002777905505e-11
51900.0,fixed-domain-moisture,650.0,-1.3460147270243688e-06,1.3460147270243688e-06,-1.3460147280651508e-06,1.0407819930598281e-15,3.442476427805715e-11
52200.0,fixed-domain-moisture,650.0,-1.326980168544501e-06,1.326980168544501e-06,-1.3269801695784972e-06,1.0339962003611371e-15,3.514641812308065e-11
52500.0,fixed-domain-moisture,650.0,-1.3081591407941322e-06,1.3081591407941322e-06,-1.3081591418168033e-06,1.0226711580981103e-15,3.586878031990395e-11
52800.0,fixed-domain-moisture,650.0,-1.2895513293578988e-06,1.2895513293578988e-06,-1.2895513303644228e-06,1.0065239572663648e-15,3.659426803764247e-11
53100.0,fixed-domain-moisture,650.0,-1.271156378341979e-06,1.271156378341979e-06,-1.271156379327292e-06,9.85313193475933e-16,3.732562365067646e-11
53400.0,fixed-domain-moisture,650.0,-1.2529738909281656e-06,1.2529738909281656e-06,-1.252973891886951e-06,9.587853921173492e-16,3.806638188094758e-11
53700.0,fixed-domain-moisture,650.0,-1.2350034299216975e-06,1.2350034299216975e-06,-1.235003430848461e-06,9.267635233046372e-16,3.882098230268862e-11
54000.0,fixed-domain-moisture,650.0,-1.2172445182960307e-06,1.2172445182960307e-06,-1.217244519181624e-06,8.855932751451051e-16,3.958519078394196e-11
54300.0,fixed-domain-moisture,650.0,-1.1996966397070969e-06,1.1996966397070969e-06,-1.1996966405493284e-06,8.422315409927893e-16,4.038491823254604e-11
54600.0,fixed-domain-moisture,650.0,-1.1823592390345009e-06,1.1823592390345009e-06,-1.182359239827542e-06,7.930411613721799e-16,4.121652292381587e-11
54900.0,fixed-domain-moisture,650.0,-1.1652317228772519e-06,1.1652317228772519e-06,-1.1652317236152878e-06,7.380359005686697e-16,4.2088089463038564e-11
55200.0,fixed-domain-moisture,650.0,-1.1483134600506096e-06,1.1483134600506096e-06,-1.1483134607277142e-06,6.771045855079316e-16,4.300764414152904e-11
55500.0,fixed-domain-moisture,650.0,-1.1316037820655754e-06,1.1316037820655754e-06,-1.1316037826764255e-06,6.108500918901739e-16,4.3986427427871606e-11
55800.0,fixed-domain-moisture,650.0,-1.1151019835949388e-06,1.1151019835949388e-06,-1.1151019841340884e-06,5.391495999380446e-16,4.5034463390414195e-11
56100.0,fixed-domain-moisture,650.0,-1.0988073229220066e-06,1.0988073229220066e-06,-1.098807323384766e-06,4.627592983152051e-16,4.6162658227038714e-11
56400.0,fixed-domain-moisture,650.0,-1.082719022374631e-06,1.082719022374631e-06,-1.082719022756753e-06,3.821219734948325e-16,4.738246739084794e-11
56700.0,fixed-domain-moisture,650.0,-1.0668362687419314e-06,1.0668362687419314e-06,-1.06683626903975e-06,2.978186900787433e-16,4.870560070044096e-11
57000.0,fixed-domain-moisture,650.0,-1.0511582137648529e-06,1.0511582137648529e-06,-1.0511582139035134e-06,1.3866056401494985e-16,2.656818773369128e-11
57300.0,fixed-domain-moisture,650.0,-1.0356839741749369e-06,1.0356839741749369e-06,-1.0356839742499933e-06,7.505643648915081e-17,2.7365015101269034e-11
57600.0,fixed-domain-moisture,650.0,-1.0204126325634604e-06,1.0204126325634604e-06,-1.0204126325749434e-06,1.1483013907689736e-17,2.8250610796169514e-11
57900.0,fixed-domain-moisture,650.0,-1.0053432374223166e-06,1.0053432374223166e-06,-1.0053432373711592e-06,-5.1157401882370723e-17,2.922789378405661e-11
58200.0,fixed-domain-moisture,650.0,-9.904748035577478e-07,9.904748035577478e-07,-9.904748034456137e-07,-1.1213403320578692e-16,3.03014460921764e-11
58500.0,fixed-domain-moisture,650.0,-9.758063124264032e-07,9.758063124264032e-07,-9.758063122563904e-07,-1.7001285328285733e-16,3.1465339040990625e-11
58800.0,fixed-domain-moisture,650.0,-9.6133671243819e-07,9.6133671243819e-07,-9.61336712214181e-07,-2.2400908608795084e-16,3.271046385022029e-11
59100.0,fixed-domain-moisture,650.0,-9.470649192744168e-07,9.470649192744168e-07,-9.470649190011469e-07,-2.732698753223008e-16,3.4033581319159675e-11
59400.0,fixed-domain-moisture,650.0,-9.329898161909794e-07,9.329898161909794e-07,-9.329898158736926e-07,-3.1728678945931775e-16,3.543668084869362e-11
59700.0,fixed-domain-moisture,650.0,-9.191102543028521e-07,9.191102543028521e-07,-9.191102539480213e-07,-3.5483078369253577e-16,3.688132114789246e-11
60000.0,fixed-domain-moisture,650.0,-9.054250528661715e-07,9.054250528661715e-07,-9.054250524807955e-07,-3.853760623199467e-16,3.8379713626493565e-11
60300.0,fixed-domain-moisture,650.0,-8.919329995975249e-07,8.919329995975249e-07,-8.919329991888049e-07,-4.087200785880384e-16,3.990945589867324e-11
60600.0,fixed-domain-moisture,650.0,-8.786328509494964e-07,8.786328509494964e-07,-8.7863285052453e-07,-4.249663822746127e-16,4.1451021861017525e-11
60900.0,fixed-domain-moisture,650.0,-8.655233324013002e-07,8.655233324013002e-07,-8.65523331967369e-07,-4.3393127310923383e-16,4.2995150788560996e-11
61200.0,fixed-domain-moisture,650.0,-8.526031387658005e-07,8.526031387658005e-07,-8.526031383334372e-07,-4.323633092447477e-16,4.447576093947985e-11
61500.0,fixed-domain-moisture,650.0,-8.398709345102874e-07,8.398709345102874e-07,-8.398709340819366e-07,-4.283508082944857e-16,4.598560343451343e-11
61800.0,fixed-domain-moisture,650.0,-8.273253540691096e-07,8.273253540691096e-07,-8.273253536511325e-07,-4.1797708991034386e-16,4.745972039935248e-11
62100.0,fixed-domain-moisture,650.0,-8.149650021978871e-07,8.149650021978871e-07,-8.149650017960919e-07,-4.017952666068793e-16,4.8886635581567096e-11
62400.0,fixed-domain-moisture,650.0,-8.027884544076944e-07,8.027884544076944e-07,-8.027884540103464e-07,-3.97348025996439e-16,2.6084350595432635e-11
62700.0,fixed-domain-moisture,650.0,-7.9079425710628e-07,7.9079425710628e-07,-7.907942567226235e-07,-3.836564795579021e-16,2.6656262693633856e-11
63000.0,fixed-domain-moisture,650.0,-7.789809282756603e-07,7.789809282756603e-07,-7.789809279079777e-07,-3.6768260284298845e-16,2.7185954140704142e-11
63300.0,fixed-domain-moisture,650.0,-7.673469578110168e-07,7.673469578110168e-07,-7.673469574604749e-07,-3.5054193824323203e-16,2.766957617882225e-11
63600.0,fixed-domain-moisture,650.0,-7.558908079911116e-07,7.558908079911116e-07,-7.558908076588628e-07,-3.322487794396177e-16,2.810793356557579e-11
63900.0,fixed-domain-moisture,650.0,-7.44610913994079e-07,7.44610913994079e-07,-7.446109136809426e-07,-3.131363280177717e-16,2.850069653965425e-11
64200.0,fixed-domain-moisture,650.0,-7.335056844396386e-07,7.335056844396386e-07,-7.335056841461555e-07,-2.934831519382222e-16,2.8847102785121293e-11
64500.0,fixed-domain-moisture,650.0,-7.225735019709314e-07,7.225735019709314e-07,-7.225735016973838e-07,-2.735475962498818e-16,2.9147279888051015e-11
64800.0,fixed-domain-moisture,650.0,-7.118127238815178e-07,7.118127238815178e-07,-7.118127236279502e-07,-2.5356757133181054e-16,2.940127368477035e-11
65100.0,fixed-domain-moisture,650.0,-7.012216827872697e-07,7.012216827872697e-07,-7.012216825535531e-07,-2.3371661305907716e-16,2.960837926937242e-11
65400.0,fixed-domain-moisture,650.0,-6.907986873369248e-07,6.907986873369248e-07,-6.907986871227805e-07,-2.1414432862599045e-16,2.97701759585369e-11
65700.0,fixed-domain-moisture,650.0,-6.805420229801446e-07,6.805420229801446e-07,-6.805420227850905e-07,-1.9505400593989143e-16,2.988603088229873e-11
66000.0,fixed-domain-moisture,650.0,-6.70449952771946e-07,6.70449952771946e-07,-6.7044995259553e-07,-1.7641599884762622e-16,2.9956976648001277e-11
66300.0,fixed-domain-moisture,650.0,-6.605207182302313e-07,6.605207182302313e-07,-6.605207180718508e-07,-1.5838054981821403e-16,2.998397682599907e-11
66600.0,fixed-domain-moisture,650.0,-6.507525402456104e-07,6.507525402456104e-07,-6.507525401045988e-07,-1.4101160983917256e-16,2.996663890431144e-11
66900.0,fixed-domain-moisture,650.0,-6.411436200260824e-07,6.411436200260824e-07,-6.41143619901736e-07,-1.2434644836018102e-16,2.9906540437527804e-11
67200.0,fixed-domain-moisture,650.0,-6.316921401015796e-07,6.316921401015796e-07,-6.316921399931543e-07,-1.0842529944623397e-16,2.980431640352262e-11
67500.0,fixed-domain-moisture,650.0,-6.223962653659492e-07,6.223962653659492e-07,-6.223962652726814e-07,-9.326785661335508e-17,2.9661156837307106e-11
67800.0,fixed-domain-moisture,650.0,-6.132541441660567e-07,6.132541441660567e-07,-6.132541440871904e-07,-7.886628480678224e-17,2.9478268434261175e-11
68100.0,fixed-domain-moisture,650.0,-6.042639094316451e-07,6.042639094316451e-07,-6.042639093664174e-07,-6.522767792744872e-17,2.925694662644208e-11
68400.0,fixed-domain-moisture,650.0,-5.95423679844251e-07,5.95423679844251e-07,-5.95423679791932e-07,-5.231900169041159e-17,2.899839180827333e-11
68700.0,fixed-domain-moisture,650.0,-5.867315610439406e-07,5.867315610439406e-07,-5.86731561003798e-07,-4.014269131539421e-17,2.8704082592341076e-11
69000.0,fixed-domain-moisture,650.0,-5.781856468668734e-07,5.781856468668734e-07,-5.781856468382148e-07,-2.8658618616520404e-17,2.8375364916366715e-11
69300.0,fixed-domain-moisture,650.0,-5.697840206154798e-07,5.697840206154798e-07,-5.697840205975573e-07,-1.7922581889190554e-17,2.801410298447517e-11
69600.0,fixed-domain-moisture,650.0,-5.615247563522541e-07,5.615247563522541e-07,-5.615247563445285e-07,-7.72557575366966e-18,2.762147420518889e-11
69900.0,fixed-domain-moisture,650.0,-5.534059202084602e-07,5.534059202084602e-07,-5.534059202089814e-07,5.212428999166151e-19,2.7216647921531642e-11
70200.0,fixed-domain-moisture,650.0,-5.454255717549537e-07,5.454255717549537e-07,-5.454255717646368e-07,9.683068894774348e-18,2.676544584747147e-11
70500.0,fixed-domain-moisture,650.0,-5.375817652936301e-07,5.375817652936301e-07,-5.375817653119311e-07,1.8300993858376413e-17,2.6288053147046945e-11
70800.0,fixed-domain-moisture,650.0,-5.298725512585769e-07,5.298725512585769e-07,-5.298725512850853e-07,2.6508425479915363e-17,2.5786055157710523e-11
71100.0,fixed-domain-moisture,650.0,-5.222959775622548e-07,5.222959775622548e-07,-5.22295977596569e-07,3.431415172621896e-17,2.5261256239035238e-11
71400.0,fixed-domain-moisture,650.0,-5.148500909560302e-07,5.148500909560302e-07,-5.148500909977879e-07,4.175766550845294e-17,2.471527600081968e-11
71700.0,fixed-domain-moisture,650.0,-5.075329383874475e-07,5.075329383874475e-07,-5.075329384363165e-07,4.886893061712642e-17,2.414992673847494e-11
72000.0,fixed-domain-moisture,650.0,-5.003425683436109e-07,5.003425683436109e-07,-5.003425683995472e-07,5.593625589166108e-17,2.3567008837307436e-11
72300.0,fixed-domain-moisture,650.0,-4.932770319009994e-07,4.932770319009994e-07,-4.932770322412214e-07,3.4022200645124085e-16,4.901026109583859e-11
72600.0,fixed-domain-moisture,650.0,-4.863343852003752e-07,4.863343852003752e-07,-4.863343855405868e-07,3.40211630297637e-16,4.795711689285728e-11
72900.0,fixed-domain-moisture,650.0,-4.795126889862744e-07,4.795126889862744e-07,-4.795126893260191e-07,3.3974470338546305e-16,4.6882204920407425e-11
73200.0,fixed-domain-moisture,650.0,-4.7281001104166925e-07,4.7281001104166925e-07,-4.728100113805189e-07,3.3884965425801127e-16,4.578780281098225e-11
73500.0,fixed-domain-moisture,650.0,-4.662244271313813e-07,4.662244271313813e-07,-4.6622442746900063e-07,3.376193389021244e-16,4.467675135692165e-11
73800.0,fixed-domain-moisture,650.0,-4.597540222031678e-07,4.597540222031678e-07,-4.5975402253931075e-07,3.3614296047506016e-16,4.355110667707763e-11
74100.0,fixed-domain-moisture,650.0,-4.5339689155213003e-07,4.5339689155213003e-07,-4.5339689188654864e-07,3.344186131526872e-16,4.2412277736546e-11
74400.0,fixed-domain-moisture,650.0,-4.4715114193259777e-07,4.4715114193259777e-07,-4.4715114226424383e-07,3.316460625580871e-16,4.129530515258283e-11
74700.0,fixed-domain-moisture,650.0,-4.4101489268910393e-07,4.4101489268910393e-07,-4.410148930190728e-07,3.2996888438296436e-16,4.013687929576266e-11
75000.0,fixed-domain-moisture,650.0,-4.349862767245082e-07,4.349862767245082e-07,-4.349862770527951e-07,3.2828688870795413e-16,3.8972408058246365e-11
75300.0,fixed-domain-moisture,650.0,-4.2906344152645474e-07,4.2906344152645474e-07,-4.2906344185323783e-07,3.2678308758922253e-16,3.7803518805865224e-11
75600.0,fixed-domain-moisture,650.0,-4.23244550122574e-07,4.23244550122574e-07,-4.232445504476199e-07,3.2504592889352237e-16,3.663222140350458e-11
75900.0,fixed-domain-moisture,650.0,-4.175277819413318e-07,4.175277819413318e-07,-4.175277822649454e-07,3.2361359617971534e-16,3.546036042944121e-11
76200.0,fixed-domain-moisture,650.0,-4.119113336725605e-07,4.119113336725605e-07,-4.1191133399451907e-07,3.2195854674033964e-16,3.428971885693496e-11
76500.0,fixed-domain-moisture,650.0,-4.0639342006162847e-07,4.0639342006162847e-07,-4.0639342038204473e-07,3.2041625856206717e-16,3.31225869373836e-11
76800.0,fixed-domain-moisture,650.0,-4.009722746369444e-07,4.009722746369444e-07,-4.009722749557754e-07,3.1883103640128075e-16,3.196092530265875e-11
77100.0,fixed-domain-moisture,650.0,-3.9564615039589953e-07,3.9564615039589953e-07,-3.956461507130539e-07,3.1715438762175007e-16,3.080709978417939e-11
77400.0,fixed-domain-moisture,650.0,-3.904133204407423e-07,3.904133204407423e-07,-3.904133207560643e-07,3.15321990659043e-16,2.9663511990916286e-11
77700.0,fixed-domain-moisture,650.0,-3.8527207856123644e-07,3.8527207856123644e-07,-3.8527207887423883e-07,3.130023909329871e-16,2.8532822923338886e-11
78000.0,fixed-domain-moisture,650.0,-3.8022073976168605e-07,3.8022073976168605e-07,-3.802207400723492e-07,3.1066315063046674e-16,2.7417434263988585e-11
78300.0,fixed-domain-moisture,650.0,-3.7525764074995853e-07,3.7525764074995853e-07,-3.752576410581299e-07,3.081713914578814e-16,2.6320112116819292e-11
78600.0,fixed-domain-moisture,650.0,-3.703811403599028e-07,3.703811403599028e-07,-3.703811406648985e-07,3.049957061199474e-16,2.524350698511835e-11
78900.0,fixed-domain-moisture,650.0,-3.6558961987650273e-07,3.6558961987650273e-07,-3.655896202520748e-07,3.755720794719518e-16,4.98621866574761e-11
79200.0,fixed-domain-moisture,650.0,-3.608814836271204e-07,3.608814836271204e-07,-3.608814839934218e-07,3.663014097433719e-16,4.814850762484234e-11
79500.0,fixed-domain-moisture,650.0,-3.5625515884628893e-07,3.5625515884628893e-07,-3.5625515920388904e-07,3.576001049740245e-16,4.642170500320742e-11
79800.0,fixed-domain-moisture,650.0,-3.5170909624742936e-07,3.5170909624742936e-07,-3.517090965964025e-07,3.4897312734579865e-16,4.471246214267697e-11
80100.0,fixed-domain-moisture,650.0,-3.4724177011950745e-07,3.4724177011950745e-07,-3.472417704599193e-07,3.404118477105442e-16,4.3024409130095396e-11
80400.0,fixed-domain-moisture,650.0,-3.428516784942734e-07,3.428516784942734e-07,-3.4285167882702463e-07,3.3275122879601713e-16,4.135859634543509e-11
80700.0,fixed-domain-moisture,650.0,-3.3853734330354814e-07,3.3853734330354814e-07,-3.385373436285191e-07,3.2497096647769036e-16,3.971560587732996e-11
81000.0,fixed-domain-moisture,650.0,-3.3429731039468136e-07,3.3429731039468136e-07,-3.342973107118428e-07,3.171614285831241e-16,3.809804743863746e-11
81300.0,fixed-domain-moisture,650.0,-3.3013014963168876e-07,3.3013014963168876e-07,-3.3013014994087537e-07,3.091866133847249e-16,3.6508845808969285e-11
81600.0,fixed-domain-moisture,650.0,-3.260344549054202e-07,3.260344549054202e-07,-3.2603445520649983e-07,3.0107960810699477e-16,3.495085763895433e-11
81900.0,fixed-domain-moisture,650.0,-3.2200884411409295e-07,3.2200884411409295e-07,-3.220088444068307e-07,2.927377629446384e-16,3.342692801273871e-11
82200.0,fixed-domain-moisture,650.0,-3.180519591156518e-07,3.180519591156518e-07,-3.180519593997852e-07,2.841333905081924e-16,3.194014982096674e-11
82500.0,fixed-domain-moisture,650.0,-3.141624656533198e-07,3.141624656533198e-07,-3.1416246592855674e-07,2.752369505236213e-16,3.04931771548152e-11
82800.0,fixed-domain-moisture,650.0,-3.103390532683983e-07,3.103390532683983e-07,-3.103390535344894e-07,2.66091112275643e-16,2.9088600153300843e-11
83100.0,fixed-domain-moisture,650.0,-3.0658043515869625e-07,3.0658043515869625e-07,-3.065804354153981e-07,2.5670185793444746e-16,2.7728609406248593e-11
83400.0,fixed-domain-moisture,650.0,-3.0288534804197106e-07,3.0288534804197106e-07,-3.028853482890741e-07,2.471030158783657e-16,2.641506052268296e-11
83700.0,fixed-domain-moisture,650.0,-2.992525519864693e-07,2.992525519864693e-07,-2.992525522238054e-07,2.373360907218132e-16,2.5149298140597275e-11
84000.0,fixed-domain-moisture,650.0,-2.956808302211845e-07,2.956808302211845e-07,-2.956808304482896e-07,2.271050973892837e-16,2.3932044953204302e-11
84300.0,fixed-domain-moisture,650.0,-2.921689889351492e-07,2.921689889351492e-07,-2.9216898915230175e-07,2.171525661381641e-16,2.2764500792624183e-11
84600.0,fixed-domain-moisture,650.0,-2.887158570528995e-07,2.887158570528995e-07,-2.88715857260079e-07,2.0717949433807356e-16,2.1646659117074735e-11
84900.0,fixed-domain-moisture,650.0,-2.853202859963373e-07,2.853202859963373e-07,-2.8532028619357323e-07,1.972359098724593e-16,2.0578344367382322e-11
85200.0,fixed-domain-moisture,650.0,-2.819811496293317e-07,2.819811496293317e-07,-2.819811496515321e-07,2.220041591017999e-17,4.871968011901584e-11
85500.0,fixed-domain-moisture,650.0,-2.7869734323686527e-07,2.7869734323686527e-07,-2.786973432641477e-07,2.7282454775028183e-17,4.6630321487477655e-11
85800.0,fixed-domain-moisture,650.0,-2.7546778436286793e-07,2.7546778436286793e-07,-2.7546778439448974e-07,3.1621804563811964e-17,4.4581763715664516e-11
86100.0,fixed-domain-moisture,650.0,-2.722914117500264e-07,2.722914117500264e-07,-2.7229141178379166e-07,3.3765274376398174e-17,4.25799704856232e-11
86400.0,fixed-domain-moisture,650.0,-2.6916718538006604e-07,2.6916718538006604e-07,-2.691671854159195e-07,3.585347528917604e-17,4.062938576776171e-11
86700.0,fixed-domain-moisture,650.0,-2.660940860448798e-07,2.660940860448798e-07,-2.6609408608199265e-07,3.7112854463065576e-17,3.8734223433526277e-11
87000.0,fixed-domain-moisture,650.0,-2.6307111505218925e-07,2.6307111505218925e-07,-2.630711150897109e-07,3.752165373923418e-17,3.689826137511422e-11
87300.0,fixed-domain-moisture,650.0,-2.600972939478013e-07,2.600972939478013e-07,-2.6009729398542726e-07,3.762594467086487e-17,3.5122916473885175e-11
87600.0,fixed-domain-moisture,650.0,-2.571716641357475e-07,2.571716641357475e-07,-2.571716641719491e-07,3.620160583049756e-17,3.341430542339954e-11
87900.0,fixed-domain-moisture,650.0,-2.542932866318447e-07,2.542932866318447e-07,-2.5429328666649983e-07,3.465513542704802e-17,3.177025645214618e-11
88200.0,fixed-domain-moisture,650.0,-2.514612417602636e-07,2.514612417602636e-07,-2.51461241793316e-07,3.3052390272165274e-17,3.019104231480999e-11
88500.0,fixed-domain-moisture,650.0,-2.4867462870614074e-07,2.4867462870614074e-07,-2.486746287363939e-07,3.0253158139726625e-17,2.86814204053706e-11
88800.0,fixed-domain-moisture,650.0,-2.459325653169484e-07,2.459325653169484e-07,-2.459325653444898e-07,2.7541382159091982e-17,2.7237445044089734e-11
89100.0,fixed-domain-moisture,650.0,-2.4323418774250314e-07,2.4323418774250314e-07,-2.4323418776713496e-07,2.463182398527346e-17,2.5859409933004193e-11
89400.0,fixed-domain-moisture,650.0,-2.405786500628351e-07,2.405786500628351e-07,-2.40578650084251e-07,2.14159045823449e-17,2.4546814747844823e-11
89700.0,fixed-domain-moisture,650.0,-2.3796512399062806e-07,2.3796512399062806e-07,-2.3796512400879752e-07,1.816946552353558e-17,2.3298491159569836e-11
90000.0,fixed-domain-moisture,650.0,-2.353927985529013e-07,2.353927985529013e-07,-2.3539279856749223e-07,1.4590936609843374e-17,2.211289250192441e-11
90300.0,fixed-domain-moisture,650.0,-2.3286087973614706e-07,2.3286087973614706e-07,-2.3286087974754342e-07,1.139635184927378e-17,2.098853565190123e-11
90600.0,fixed-domain-moisture,650.0,-2.3036859022426615e-07,2.3036859022426615e-07,-2.303685902323519e-07,8.08575004470995e-18,1.9922688180114092e-11
90900.0,fixed-domain-moisture,650.0,-2.2791516902300834e-07,2.2791516902300834e-07,-2.2791516902766332e-07,4.654975440754414e-18,1.8913522240674506e-11
91200.0,fixed-domain-moisture,650.0,-2.2549987115539485e-07,2.2549987115539485e-07,-2.254998711569031e-07,1.5082480417046885e-18,1.7959416080688132e-11
91500.0,fixed-domain-moisture,650.0,-2.2312196733714126e-07,2.2312196733714126e-07,-2.2312196733564045e-07,-1.5008100336366117e-18,1.7057769955013113e-11
91800.0,fixed-domain-moisture,650.0,-2.2078074368407598e-07,2.2078074368407598e-07,-2.2078074367965894e-07,-4.417038591914761e-18,1.620630757792401e-11
92100.0,fixed-domain-moisture,650.0,-2.1847550138562842e-07,2.1847550138562842e-07,-2.1847550137842835e-07,-7.200071219237172e-18,1.5402614012756382e-11
92400.0,fixed-domain-moisture,650.0,-2.1620555668295854e-07,2.1620555668295854e-07,-2.1620555640255278e-07,-2.8040575732600384e-16,4.77797308748862e-11
92700.0,fixed-domain-moisture,650.0,-2.1397023942152057e-07,2.1397023942152057e-07,-2.139702391537791e-07,-2.677414765640292e-16,4.544464004249688e-11
93000.0,fixed-domain-moisture,650.0,-2.11768894490241e-07,2.11768894490241e-07,-2.1176889423406814e-07,-2.5617285938910755e-16,4.3210003154475954e-11
93300.0,fixed-domain-moisture,650.0,-2.0960088036391716e-07,2.0960088036391716e-07,-2.096008801183358e-07,-2.4558134765840297e-16,4.107470422555047e-11
93600.0,fixed-domain-moisture,650.0,-2.0746556909309245e-07,2.0746556909309245e-07,-2.0746556885722043e-07,-2.3587202074226374e-16,3.903676452382493e-11
93900.0,fixed-domain-moisture,650.0,-2.053623460369855e-07,2.053623460369855e-07,-2.0536234581002795e-07,-2.2695755483778386e-16,3.70941371460272e-11
94200.0,fixed-domain-moisture,650.0,-2.0329060956163695e-07,2.0329060956163695e-07,-2.0329060934289593e-07,-2.1874101761206193e-16,3.5244595605758685e-11
94500.0,fixed-domain-moisture,650.0,-2.0124977077060857e-07,2.0124977077060857e-07,-2.0124977055946732e-07,-2.1114125272083913e-16,3.348532918061579e-11
94800.0,fixed-domain-moisture,650.0,-1.9923925323155387e-07,1.9923925323155387e-07,-1.992392530274764e-07,-2.040774743967711e-16,3.181363945376845e-11
95100.0,fixed-domain-moisture,650.0,-1.972584927064842e-07,1.972584927064842e-07,-1.972584925089785e-07,-1.975057163359394e-16,3.022647202590662e-11
95400.0,fixed-domain-moisture,650.0,-1.9530693688594397e-07,1.9530693688594397e-07,-1.9530693669458975e-07,-1.9135421896584385e-16,2.8720714722576765e-11
95700.0,fixed-domain-moisture,650.0,-1.9338404513632798e-07,1.9338404513632798e-07,-1.9338404495075722e-07,-1.855707574113303e-16,2.729324468578771e-11
96000.0,fixed-domain-moisture,650.0,-1.9148928823223858e-07,1.9148928823223858e-07,-1.9148928805201662e-07,-1.802219561076562e-16,2.593979017798319e-11
96300.0,fixed-domain-moisture,650.0,-1.896223115822075e-07,1.896223115822075e-07,-1.896223119645596e-07,3.8235210175868966e-16,2.5391670847067495e-11
96600.0,fixed-domain-moisture,650.0,-1.8778229223747885e-07,1.8778229223747885e-07,-1.8778229260100578e-07,3.6352692685486085e-16,2.4161118045331843e-11
96900.0,fixed-domain-moisture,650.0,-1.8596886192640966e-07,1.8596886192640966e-07,-1.8596886227203815e-07,3.4562848540466704e-16,2.2988146868602582e-11
97200.0,fixed-domain-moisture,650.0,-1.8418155149978617e-07,1.8418155149978617e-07,-1.841815518277207e-07,3.2793452300189634e-16,2.187100939610019e-11
97500.0,fixed-domain-moisture,650.0,-1.8241989223062496e-07,1.8241989223062496e-07,-1.824198925424141e-07,3.117891485849433e-16,2.0806104386223362e-11
97800.0,fixed-domain-moisture,650.0,-1.8068342081939275e-07,1.8068342081939275e-07,-1.8068342111583945e-07,2.9644670846242817e-16,1.979176632571079e-11
98100.0,fixed-domain-moisture,650.0,-1.7897168176049128e-07,1.7897168176049128e-07,-1.789716820423703e-07,2.818790123190751e-16,1.882574355508703e-11
98400.0,fixed-domain-moisture,650.0,-1.7728422836670012e-07,1.7728422836670012e-07,-1.772842286347414e-07,2.68041273287798e-16,1.790574821989002e-11
98700.0,fixed-domain-moisture,650.0,-1.756206224531293e-07,1.756206224531293e-07,-1.7562062331952856e-07,8.663992703323062e-16,4.975310793256079e-11
99000.0,fixed-domain-moisture,650.0,-1.739804368042335e-07,1.739804368042335e-07,-1.7398043763193089e-07,8.276973820601916e-16,4.7414829330111274e-11
99300.0,fixed-domain-moisture,650.0,-1.72363251284518e-07,1.72363251284518e-07,-1.7236325207524152e-07,7.907235204098145e-16,4.5183624011747823e-11
99600.0,fixed-domain-moisture,650.0,-1.707686552015608e-07,1.707686552015608e-07,-1.707686559572516e-07,7.556907935767483e-16,4.30545423464518e-11
99900.0,fixed-domain-moisture,650.0,-1.6919624645498327e-07,1.6919624645498327e-07,-1.6919624717692048e-07,7.219372188429341e-16,4.102321970203336e-11
100200.0,fixed-domain-moisture,650.0,-1.6764563132831704e-07,1.6764563132831704e-07,-1.6764563201801433e-07,6.896972919858633e-16,3.908511225373093e-11
100500.0,fixed-domain-moisture,650.0,-1.6611642428732256e-07,1.6611642428732256e-07,-1.661164249462229e-07,6.589003386939994e-16,3.723588621990818e-11
100800.0,fixed-domain-moisture,650.0,-1.6460824779607993e-07,1.6460824779607993e-07,-1.64608248425564e-07,6.294840755759396e-16,3.5471424636921584e-11
101100.0,fixed-domain-moisture,650.0,-1.6312073212488003e-07,1.6312073212488003e-07,-1.6312073272626606e-07,6.01386033951824e-16,3.378787484546098e-11
101400.0,fixed-domain-moisture,650.0,-1.616535151713758e-07,1.616535151713758e-07,-1.616535157459236e-07,5.745477950180715e-16,3.218152461107571e-11
101700.0,fixed-domain-moisture,650.0,-1.602062422579371e-07,1.602062422579371e-07,-1.6020624280647733e-07,5.485402307077794e-16,3.0650364067726565e-11
102000.0,fixed-domain-moisture,650.0,-1.5877856605866514e-07,1.5877856605866514e-07,-1.587785665827188e-07,5.240536464031805e-16,2.918783579635861e-11
102300.0,fixed-domain-moisture,650.0,-1.5737014629357094e-07,1.5737014629357094e-07,-1.573701467942305e-07,5.006595493120823e-16,2.779217162391792e-11
102600.0,fixed-domain-moisture,650.0,-1.559806496567138e-07,1.559806496567138e-07,-1.5598065013502415e-07,4.783103467707612e-16,2.6460236777935066e-11
102900.0,fixed-domain-moisture,650.0,-1.5460974963863727e-07,1.5460974963863727e-07,-1.546097500955939e-07,4.569566197007007e-16,2.5189121359226218e-11
103200.0,fixed-domain-moisture,650.0,-1.5325712637243503e-07,1.5325712637243503e-07,-1.5325712680898633e-07,4.36551304833769e-16,2.3975895694200598e-11
103500.0,fixed-domain-moisture,650.0,-1.5192246648374875e-07,1.5192246648374875e-07,-1.5192246690079918e-07,4.1705043586604765e-16,2.2817784827425832e-11
103800.0,fixed-domain-moisture,650.0,-1.5060546294546286e-07,1.5060546294546286e-07,-1.5060546334387285e-07,3.984099935540591e-16,2.1712158021978894e-11
104100.0,fixed-domain-moisture,650.0,-1.4930581493097618e-07,1.4930581493097618e-07,-1.4930581531187173e-07,3.808955491965471e-16,2.0656460973591014e-11
104400.0,fixed-domain-moisture,650.0,-1.4802322768088207e-07,1.4802322768088207e-07,-1.4802322804471816e-07,3.6383609388060867e-16,1.964831427857887e-11
104700.0,fixed-domain-moisture,650.0,-1.4675741236221377e-07,1.4675741236221377e-07,-1.46757412709314e-07,3.47100231620301e-16,1.8684754187801537e-11
105000.0,fixed-domain-moisture,650.0,-1.455080859388981e-07,1.455080859388981e-07,-1.4550808627038965e-07,3.3149155845455197e-16,1.7764828899652986e-11
105300.0,fixed-domain-moisture,650.0,-1.4427497103947207e-07,1.4427497103947207e-07,-1.442749713560205e-07,3.16548441427108e-16,1.6885745285578386e-11
105600.0,fixed-domain-moisture,650.0,-1.4305779527448633e-07,1.4305779527448633e-07,-1.4305779611818331e-07,8.436969874008781e-16,4.898068690485189e-11
105900.0,fixed-domain-moisture,650.0,-1.4185629337026224e-07,1.4185629337026224e-07,-1.4185629416861573e-07,7.983534873195629e-16,4.629228496317664e-11
106200.0,fixed-domain-moisture,650.0,-1.4067020363157743e-07,1.4067020363157743e-07,-1.406702043862449e-07,7.546674718973467e-16,4.371905801069921e-11
106500.0,fixed-domain-moisture,650.0,-1.3949927010233002e-07,1.3949927010233002e-07,-1.39499270814859e-07,7.125289856697642e-16,4.125580923543523e-11
106800.0,fixed-domain-moisture,650.0,-1.3834324189390284e-07,1.3834324189390284e-07,-1.383432425657461e-07,6.718432668258411e-16,3.8897486523089095e-11
107100.0,fixed-domain-moisture,650.0,-1.3720187306862857e-07,1.3720187306862857e-07,-1.3720187370113587e-07,6.325072949833678e-16,3.663918118307237e-11
107400.0,fixed-domain-moisture,650.0,-1.3607492252932522e-07,1.3607492252932522e-07,-1.360749231237546e-07,5.94429378825804e-16,3.447644067538687e-11
107700.0,fixed-domain-moisture,650.0,-1.3496215391143086e-07,1.3496215391143086e-07,-1.349621544689518e-07,5.575209240008227e-16,3.2405020314298326e-11
108000.0,fixed-domain-moisture,650.0,-1.3386333547809412e-07,1.3386333547809412e-07,-1.3386333599978945e-07,5.216953213895673e-16,3.042096192719475e-11
108300.0,fixed-domain-moisture,650.0,-1.3277824002080408e-07,1.3277824002080408e-07,-1.3277824050765858e-07,4.8685450045861335e-16,2.852060501430934e-11
108600.0,fixed-domain-moisture,650.0,-1.3170664475390512e-07,1.3170664475390512e-07,-1.317066452068606e-07,4.529554742858878e-16,2.670068259146327e-11
108900.0,fixed-domain-moisture,650.0,-1.3064833121634257e-07,1.3064833121634257e-07,-1.3064833163622752e-07,4.1988495221469537e-16,2.495798495760681e-11
109200.0,fixed-domain-moisture,650.0,-1.296030851744332e-07,1.296030851744332e-07,-1.296030855613694e-07,3.8693621759945034e-16,2.3328496794516322e-11
109500.0,fixed-domain-moisture,650.0,-1.2857069655957374e-07,1.2857069655957374e-07,-1.285706969150267e-07,3.5545295586207365e-16,2.173360133323459e-11
109800.0,fixed-domain-moisture,650.0,-1.275509591504834e-07,1.275509591504834e-07,-1.2755095966079426e-07,5.103108544713347e-16,4.9060461662956753e-11
110100.0,fixed-domain-moisture,650.0,-1.2654367129094525e-07,1.2654367129094525e-07,-1.2654367173087122e-07,4.3992596350496892e-16,4.592147208648084e-11
110400.0,fixed-domain-moisture,650.0,-1.2554863453887802e-07,1.2554863453887802e-07,-1.2554863491237212e-07,3.734940958941002e-16,4.297102644095666e-11
110700.0,fixed-domain-moisture,650.0,-1.2456565448213422e-07,1.2456565448213422e-07,-1.2456565479207908e-07,3.099448666911951e-16,4.0204346829678396e-11
111000.0,fixed-domain-moisture,650.0,-1.2359454041706975e-07,1.2359454041706975e-07,-1.2359454066681712e-07,2.4974737333035484e-16,3.761565161034382e-11
111300.0,fixed-domain-moisture,650.0,-1.2263510526837407e-07,1.2263510526837407e-07,-1.226351054612356e-07,1.9286151409548288e-16,3.519986615438225e-11
111600.0,fixed-domain-moisture,650.0,-1.216871655100233e-07,1.216871655100233e-07,-1.2168716564928092e-07,1.3925761636364572e-16,3.2952102473269887e-11
111900.0,fixed-domain-moisture,650.0,-1.2075054108819825e-07,1.2075054108819825e-07,-1.2075054117708669e-07,8.888843157825433e-17,3.0867059007576723e-11
112200.0,fixed-domain-moisture,650.0,-1.1982505534609442e-07,1.1982505534609442e-07,-1.198250553878431e-07,4.174866578338836e-17,2.894005558122873e-11
112500.0,fixed-domain-moisture,650.0,-1.1891053495110103e-07,1.1891053495110103e-07,-1.1891053494810647e-07,-2.9945658710093712e-18,2.716086064210098e-11
112800.0,fixed-domain-moisture,650.0,-1.180068098216019e-07,1.180068098216019e-07,-1.180068097778062e-07,-4.379569295399579e-17,2.5535099260871848e-11
113100.0,fixed-domain-moisture,650.0,-1.1711371305952936e-07,1.1711371305952936e-07,-1.1711371297805448e-07,-8.147488158652947e-17,2.4051701305615057e-11
113400.0,fixed-domain-moisture,650.0,-1.1623108088125448e-07,1.1623108088125448e-07,-1.1623108076518874e-07,-1.1606574838870457e-16,2.270494860276079e-11
113700.0,fixed-domain-moisture,650.0,-1.1535875255227777e-07,1.1535875255227777e-07,-1.1535875240473251e-07,-1.4754526465226761e-16,2.1489009158659353e-11
114000.0,fixed-domain-moisture,650.0,-1.1449657031839322e-07,1.1449657031839322e-07,-1.1449657014230791e-07,-1.7608531189106222e-16,2.0397113574764164e-11
114300.0,fixed-domain-moisture,650.0,-1.13644379346802e-07,1.13644379346802e-07,-1.1364437914512739e-07,-2.0167461397897806e-16,1.9422580935454922e-11
114600.0,fixed-domain-moisture,650.0,-1.1280202766275902e-07,1.1280202766275902e-07,-1.1280202743838312e-07,-2.2437590429367116e-16,1.855812094611844e-11
114900.0,fixed-domain-moisture,650.0,-1.1196936608681846e-07,1.1196936608681846e-07,-1.1196936584256187e-07,-2.4425658812889724e-16,1.7795918061072417e-11
115200.0,fixed-domain-moisture,650.0,-1.1114624817806092e-07,1.1114624817806092e-07,-1.1114624791665886e-07,-2.614020569936514e-16,1.7127856868517755e-11
115500.0,fixed-domain-moisture,650.0,-1.1033253017597999e-07,1.1033253017597999e-07,-1.1033252990008073e-07,-2.7589926411392514e-16,1.6545610598692415e-11
115800.0,fixed-domain-moisture,650.0,-1.0952807094415707e-07,1.0952807094415707e-07,-1.0952807065630048e-07,-2.878565900022977e-16,1.604040769745849e-11
116100.0,fixed-domain-moisture,650.0,-1.0873273191458682e-07,1.0873273191458682e-07,-1.087327316171904e-07,-2.9739641768475745e-16,1.5603899146760134e-11
116400.0,fixed-domain-moisture,650.0,-1.0794637703537305e-07,1.0794637703537305e-07,-1.0794637673072761e-07,-3.0464543152647816e-16,1.5227500739461983e-11
116700.0,fixed-domain-moisture,650.0,-1.0716882522325028e-07,1.0716882522325028e-07,-1.0716882527370034e-07,5.045006319696438e-17,1.8449335374184203e-11
117000.0,fixed-domain-moisture,650.0,-1.0640007954835584e-07,1.0640007954835584e-07,-1.0640007959632862e-07,4.797278299382117e-17,1.776301440105492e-11
117300.0,fixed-domain-moisture,650.0,-1.0563991155829304e-07,1.0563991155829304e-07,-1.0563991160390133e-07,4.560829052156079e-17,1.7102741457009375e-11
117600.0,fixed-domain-moisture,650.0,-1.0488819693332566e-07,1.0488819693332566e-07,-1.0488819697667869e-07,4.335302559482681e-17,1.6467659860668495e-11
117900.0,fixed-domain-moisture,650.0,-1.0414481461538088e-07,1.0414481461538088e-07,-1.0414481465823673e-07,4.285584372456814e-17,1.5856327461099596e-11
118200.0,fixed-domain-moisture,650.0,-1.0340964525517625e-07,1.0340964525517625e-07,-1.0340964529591383e-07,4.0737573142162744e-17,1.5268331992608995e-11
118500.0,fixed-domain-moisture,650.0,-1.0268257090466956e-07,1.0268257090466956e-07,-1.0268257094338809e-07,3.871852452859431e-17,1.4702827442593716e-11
118800.0,fixed-domain-moisture,650.0,-1.0196347509695851e-07,1.0196347509695851e-07,-1.0196347513371623e-07,3.675772266503941e-17,1.4158810551085362e-11
119100.0,fixed-domain-moisture,650.0,-1.012522429773509e-07,1.012522429773509e-07,-1.0125224301225389e-07,3.490298520834851e-17,1.363536602290383e-11
119400.0,fixed-domain-moisture,650.0,-1.0054876105605742e-07,1.0054876105605742e-07,-1.0054876145861552e-07,4.025580991852206e-16,4.943696730395767e-11
119700.0,fixed-domain-moisture,650.0,-9.985291875175305e-08,9.985291875175305e-08,-9.985291913815617e-08,3.8640311623827216e-16,4.75997428249071e-11
120000.0,fixed-domain-moisture,650.0,-9.916460617795825e-08,9.916460617795825e-08,-9.916460654890144e-08,3.709431899989949e-16,4.5835061126139026e-11
120300.0,fixed-domain-moisture,650.0,-9.848371568603797e-08,9.848371568603797e-08,-9.848371604218082e-08,3.561428509627225e-16,4.4139917474274014e-11
120600.0,fixed-domain-moisture,650.0,-9.781014146350396e-08,9.781014146350396e-08,-9.781014180546207e-08,3.4195811959064675e-16,4.251149109694271e-11
120900.0,fixed-domain-moisture,650.0,-9.714377951542306e-08,9.714377951542306e-08,-9.714377984380298e-08,3.283799167483643e-16,4.094695955618469e-11
121200.0,fixed-domain-moisture,650.0,-9.648452763600588e-08,9.648452763600588e-08,-9.648452795141432e-08,3.1540844095922214e-16,3.944367069219461e-11
121500.0,fixed-domain-moisture,650.0,-9.58322853628611e-08,9.58322853628611e-08,-9.583228566532043e-08,3.024593321338434e-16,3.799902424347948e-11
121800.0,fixed-domain-moisture,650.0,-9.51869540196386e-08,9.51869540196386e-08,-9.518695431017479e-08,2.9053619196582647e-16,3.66107756847452e-11
122100.0,fixed-domain-moisture,650.0,-9.454843656828477e-08,9.454843656828477e-08,-9.454843684739945e-08,2.7911468059104127e-16,3.527639477573581e-11
122400.0,fixed-domain-moisture,650.0,-9.39166376552629e-08,9.39166376552629e-08,-9.391663792343478e-08,2.6817187518035277e-16,3.399380200693054e-11
122700.0,fixed-domain-moisture,650.0,-9.329146355873224e-08,9.329146355873224e-08,-9.329146381641493e-08,2.5768268238269854e-16,3.27608678689713e-11
123000.0,fixed-domain-moisture,650.0,-9.267282215611848e-08,9.267282215611848e-08,-9.267282240375788e-08,2.476393994922145e-16,3.157545409192403e-11
123300.0,fixed-domain-moisture,650.0,-9.206062289241586e-08,9.206062289241586e-08,-9.206062313041782e-08,2.380019644974735e-16,3.0435684551039054e-11
123600.0,fixed-domain-moisture,650.0,-9.145477674964313e-08,9.145477674964313e-08,-9.145477697840936e-08,2.287662348779678e-16,2.933959517971265e-11
123900.0,fixed-domain-moisture,650.0,-9.085519621427724e-08,9.085519621427724e-08,-9.08551964341837e-08,2.1990645553814504e-16,2.8285567787348276e-11
124200.0,fixed-domain-moisture,650.0,-9.026179525016086e-08,9.026179525016086e-08,-9.026179546158764e-08,2.1142678223340264e-16,2.727181952003918e-11
124500.0,fixed-domain-moisture,650.0,-8.967448926957897e-08,8.967448926957897e-08,-8.967448947286002e-08,2.0328105166811524e-16,2.6296729971404232e-11
124800.0,fixed-domain-moisture,650.0,-8.909319510097084e-08,8.909319510097084e-08,-8.909319529643618e-08,1.954653463149018e-16,2.5358599976569482e-11
125100.0,fixed-domain-moisture,650.0,-8.851783096482052e-08,8.851783096482052e-08,-8.851783115284214e-08,1.8802162077443101e-16,2.4456097130655547e-11
125400.0,fixed-domain-moisture,650.0,-8.7948316446182e-08,8.7948316446182e-08,-8.794831662701017e-08,1.8082816700009427e-16,2.3587739138725352e-11
125700.0,fixed-domain-moisture,650.0,-8.738457246640004e-08,8.738457246640004e-08,-8.738457264032358e-08,1.7392353822588143e-16,2.2752099385259298e-11
126000.0,fixed-domain-moisture,650.0,-8.682652125874924e-08,8.682652125874924e-08,-8.682652142604838e-08,1.6729914500831177e-16,2.1947947132581416e-11
126300.0,fixed-domain-moisture,650.0,-8.627408633986681e-08,8.627408633986681e-08,-8.62740865030719e-08,1.632050906670969e-16,2.1173665633963563e-11
126600.0,fixed-domain-moisture,650.0,-8.572719249473869e-08,8.572719249473869e-08,-8.572719265173384e-08,1.5699514802364081e-16,2.042875176151197e-11
126900.0,fixed-domain-moisture,650.0,-8.518576573774659e-08,8.518576573774659e-08,-8.518576588878164e-08,1.5103505362984513e-16,1.9711623412833186e-11
127200.0,fixed-domain-moisture,650.0,-8.464973329858331e-08,8.464973329858331e-08,-8.464973344389634e-08,1.4531302843378711e-16,1.9021243794171398e-11
127500.0,fixed-domain-moisture,650.0,-8.411902359820388e-08,8.411902359820388e-08,-8.411902373802458e-08,1.3982069475022282e-16,1.8356544367607178e-11
127800.0,fixed-domain-moisture,650.0,-8.359356622120255e-08,8.359356622120255e-08,-8.359356635574885e-08,1.345462999970091e-16,1.771645201618213e-11
128100.0,fixed-domain-moisture,650.0,-8.307329189834459e-08,8.307329189834459e-08,-8.307329202782456e-08,1.294799709463545e-16,1.7100131321836766e-11
128400.0,fixed-domain-moisture,650.0,-8.255813248347683e-08,8.255813248347683e-08,-8.255813260809181e-08,1.2461498427424023e-16,1.6506495287878973e-11
128700.0,fixed-domain-moisture,650.0,-8.204802093211771e-08,8.204802093211771e-08,-8.204802105206021e-08,1.199424990742793e-16,1.593475552696984e-11
129000.0,fixed-domain-moisture,650.0,-8.154289128048728e-08,8.154289128048728e-08,-8.154289139594118e-08,1.1545389943321135e-16,1.5384011803708013e-11
129300.0,fixed-domain-moisture,650.0,-8.104267862513693e-08,8.104267862513693e-08,-8.104267873627887e-08,1.1114193263142552e-16,1.4853447406470933e-11
129600.0,fixed-domain-moisture,650.0,-8.054731910297755e-08,8.054731910297755e-08,-8.05473192099754e-08,1.0699785040676346e-16,1.4342281866982547e-11
129900.0,fixed-domain-moisture,650.0,-8.005674987263697e-08,8.005674987263697e-08,-8.005674997565505e-08,1.0301807933897893e-16,1.3849793397219067e-11
130200.0,fixed-domain-moisture,650.0,-7.957090909222637e-08,7.957090909222637e-08,-7.957090919141884e-08,9.919246826759468e-17,1.3375194409261041e-11
130500.0,fixed-domain-moisture,650.0,-7.908973590445866e-08,7.908973590445866e-08,-7.908973599999301e-08,9.553434472664017e-17,1.2917933074572444e-11
130800.0,fixed-domain-moisture,650.0,-7.861317041905125e-08,7.861317041905125e-08,-7.861317051086292e-08,9.181167462812693e-17,1.2478025422891029e-11
131100.0,fixed-domain-moisture,650.0,-7.814115368471929e-08,7.814115368471929e-08,-7.814115377312714e-08,8.840784625980592e-17,1.2053165521190672e-11
131400.0,fixed-domain-moisture,650.0,-7.767362768636828e-08,7.767362768636828e-08,-7.767362777150368e-08,8.513540064253793e-17,1.1643602586036611e-11
131700.0,fixed-domain-moisture,650.0,-7.721053532064834e-08,7.721053532064834e-08,-7.721053540263897e-08,8.199063200717873e-17,1.1248847620960833e-11
132000.0,fixed-domain-moisture,650.0,-7.675181991950889e-08,7.675181991950889e-08,-7.675182047291708e-08,5.534081952300989e-16,4.987974519631687e-11
132300.0,fixed-domain-moisture,650.0,-7.629742710883506e-08,7.629742710883506e-08,-7.62974276427661e-08,5.339310299500109e-16,4.827527760323636e-11
132600.0,fixed-domain-moisture,650.0,-7.584730190719038e-08,7.584730190719038e-08,-7.584730242240009e-08,5.152097092264493e-16,4.6724209094762504e-11
132900.0,fixed-domain-moisture,650.0,-7.540139069688797e-08,7.540139069688797e-08,-7.540139119406176e-08,4.971737969758941e-16,4.522487525911997e-11
133200.0,fixed-domain-moisture,650.0,-7.495964069037712e-08,7.495964069037712e-08,-7.495964117017653e-08,4.797994042222547e-16,4.377552878777773e-11
133500.0,fixed-domain-moisture,650.0,-7.452199991522688e-08,7.452199991522688e-08,-7.45220003782879e-08,4.630610273328848e-16,4.2374407114379584e-11
133800.0,fixed-domain-moisture,650.0,-7.408841719954741e-08,7.408841719954741e-08,-7.408841764647935e-08,4.469319450652767e-16,4.1019911983192975e-11
134100.0,fixed-domain-moisture,650.0,-7.365884215942658e-08,7.365884215942658e-08,-7.365884259081764e-08,4.313910610050876e-16,3.9710389175835433e-11
134400.0,fixed-domain-moisture,650.0,-7.32332251793413e-08,7.32332251793413e-08,-7.323322559575642e-08,4.1641512145093753e-16,3.844432653627083e-11
134700.0,fixed-domain-moisture,650.0,-7.281151740432243e-08,7.281151740432243e-08,-7.281151780630627e-08,4.019838373167618e-16,3.722022173456082e-11
135000.0,fixed-domain-moisture,650.0,-7.239367072431916e-08,7.239367072431916e-08,-7.23936711123948e-08,3.880756489670748e-16,3.603668758554312e-11
135300.0,fixed-domain-moisture,650.0,-7.197963775631165e-08,7.197963775631165e-08,-7.197963813490864e-08,3.7859699294527454e-16,3.489058294379638e-11
135600.0,fixed-domain-moisture,650.0,-7.156937184890671e-08,7.156937184890671e-08,-7.156937221441842e-08,3.655117103387349e-16,3.378396707855808e-11
135900.0,fixed-domain-moisture,650.0,-7.1162827043709e-08,7.1162827043709e-08,-7.116282739660906e-08,3.529000647334982e-16,3.2713924767560245e-11
136200.0,fixed-domain-moisture,650.0,-7.075995807938046e-08,7.075995807938046e-08,-7.075995842012432e-08,3.407438581560883e-16,3.167911629628203e-11
136500.0,fixed-domain-moisture,650.0,-7.036072037539569e-08,7.036072037539569e-08,-7.036072070442123e-08,3.290255411426293e-16,3.0678326087693237e-11
136800.0,fixed-domain-moisture,650.0,-6.996477653881633e-08,6.996477653881633e-08,-6.996477641986683e-08,-1.1894949852741144e-16,2.641466344735345e-11
137100.0,fixed-domain-moisture,650.0,-6.957269209553898e-08,6.957269209553898e-08,-6.95726919806102e-08,-1.1492877871058308e-16,2.5634307679280213e-11
137400.0,fixed-domain-moisture,650.0,-6.918411973929948e-08,6.918411973929948e-08,-6.918411962831039e-08,-1.1098908288911552e-16,2.4877689940302908e-11
137700.0,fixed-domain-moisture,650.0,-6.879900852469552e-08,6.879900852469552e-08,-6.879900841753209e-08,-1.0716343211306188e-16,2.4144947229797052e-11
138000.0,fixed-domain-moisture,650.0,-6.841731301518102e-08,6.841731301518102e-08,-6.841731291171452e-08,-1.0346650387521128e-16,2.3435910086388368e-11
138300.0,fixed-domain-moisture,650.0,-6.803899094461495e-08,6.803899094461495e-08,-6.80389908447785e-08,-9.983645153552437e-17,2.2750534004786914e-11
138600.0,fixed-domain-moisture,650.0,-6.76640019237145e-08,6.76640019237145e-08,-6.766400182729611e-08,-9.641839566066745e-17,2.2087054262881453e-11
138900.0,fixed-domain-moisture,650.0,-6.729230672115343e-08,6.729230672115343e-08,-6.729230662802501e-08,-9.312841381441334e-17,2.1445349911984815e-11
139200.0,fixed-domain-moisture,650.0,-6.692386690086015e-08,6.692386690086015e-08,-6.69238668108944e-08,-8.996575160804339e-17,2.0824598724307446e-11
139500.0,fixed-domain-moisture,650.0,-6.655864463100438e-08,6.655864463100438e-08,-6.655864454407642e-08,-8.692796058694445e-17,2.02240809842461e-11
139800.0,fixed-domain-moisture,650.0,-6.619660259405605e-08,6.619660259405605e-08,-6.619660251004884e-08,-8.400721893124421e-17,1.9643056666592333e-11
140100.0,fixed-domain-moisture,650.0,-6.583770394829875e-08,6.583770394829875e-08,-6.583770386709883e-08,-8.119991351602704e-17,1.908091138328687e-11
140400.0,fixed-domain-moisture,650.0,-6.54819123144507e-08,6.54819123144507e-08,-6.548191223594815e-08,-7.850255033038553e-17,1.8536849669121602e-11
140700.0,fixed-domain-moisture,650.0,-6.512919177351522e-08,6.512919177351522e-08,-6.512919169760614e-08,-7.590908102968067e-17,1.8010267607611468e-11
141000.0,fixed-domain-moisture,650.0,-6.4779506868582e-08,6.4779506868582e-08,-6.477950679516599e-08,-7.341601160300505e-17,1.7500502263149236e-11
141300.0,fixed-domain-moisture,650.0,-6.443282260733149e-08,6.443282260733149e-08,-6.443282253642145e-08,-7.09100381587736e-17,1.7006256756759223e-11
141600.0,fixed-domain-moisture,650.0,-6.408910446359911e-08,6.408910446359911e-08,-6.408910439499546e-08,-6.860364685273894e-17,1.65283648606715e-11
141900.0,fixed-domain-moisture,650.0,-6.374831837864847e-08,6.374831837864847e-08,-6.374831831226064e-08,-6.638783513250129e-17,1.6065564491074186e-11
142200.0,fixed-domain-moisture,650.0,-6.341043075501455e-08,6.341043075501455e-08,-6.3410430690759e-08,-6.42555488017968e-17,1.561735883937557e-11
142500.0,fixed-domain-moisture,650.0,-6.307540845902751e-08,6.307540845902751e-08,-6.307540839682316e-08,-6.22043526409021e-17,1.5183133255317628e-11
142800.0,fixed-domain-moisture,650.0,-6.274321881498729e-08,6.274321881498729e-08,-6.274321875475687e-08,-6.023042176666476e-17,1.4762554509193205e-11
143100.0,fixed-domain-moisture,650.0,-6.241382960035888e-08,6.241382960035888e-08,-6.241382954202751e-08,-5.833137389892062e-17,1.4355033285829236e-11
143400.0,fixed-domain-moisture,650.0,-6.208720904047651e-08,6.208720904047651e-08,-6.2087208983972e-08,-5.650450912015031e-17,1.3960090083311229e-11
143700.0,fixed-domain-moisture,650.0,-6.176332580280378e-08,6.176332580280378e-08,-6.176332574805729e-08,-5.474649223812401e-17,1.3577335308043205e-11
144000.0,fixed-domain-moisture,650.0,-6.144214899251748e-08,6.144214899251748e-08,-6.144214893946298e-08,-5.305450422131414e-17,1.320630266785525e-11
144300.0,fixed-domain-moisture,650.0,-6.112364813969085e-08,6.112364813969085e-08,-6.11236480882684e-08,-5.1422457020412315e-17,1.2846656549378842e-11
144600.0,fixed-domain-moisture,650.0,-6.080779320259861e-08,6.080779320259861e-08,-6.08077931527444e-08,-4.985421522324038e-17,1.2497941480469849e-11
144900.0,fixed-domain-moisture,650.0,-6.049455439645667e-08,6.049455439645667e-08,-6.049455452372715e-08,1.2727048550344167e-16,4.986978177004154e-11
145200.0,fixed-domain-moisture,650.0,-6.018390283454576e-08,6.018390283454576e-08,-6.018390297677652e-08,1.4223076818295732e-16,4.850495362998641e-11
145500.0,fixed-domain-moisture,650.0,-5.987580954334505e-08,5.987580954334505e-08,-5.987580968272443e-08,1.3937937734981353e-16,4.7183941770518585e-11
145800.0,fixed-domain-moisture,650.0,-5.9570246093569714e-08,5.9570246093569714e-08,-5.9570246230005215e-08,1.364355011067414e-16,4.590180226100032e-11
146100.0,fixed-domain-moisture,650.0,-5.926718446498458e-08,5.926718446498458e-08,-5.926718459853329e-08,1.3354870694338034e-16,4.465836796667624e-11
146400.0,fixed-domain-moisture,650.0,-5.8966597022327956e-08,5.8966597022327956e-08,-5.896659715304588e-08,1.3071792283365647e-16,4.345230391145363e-11
146700.0,fixed-domain-moisture,650.0,-5.866845651008938e-08,5.866845651008938e-08,-5.866845663802844e-08,1.2793905919662133e-16,4.228236619068347e-11
147000.0,fixed-domain-moisture,650.0,-5.837273604221478e-08,5.837273604221478e-08,-5.837273616743337e-08,1.2521858789338753e-16,4.1147419397262476e-11
147300.0,fixed-domain-moisture,650.0,-5.807940910156998e-08,5.807940910156998e-08,-5.8079409224121994e-08,1.2255201567886768e-16,4.004621006553515e-11
147600.0,fixed-domain-moisture,650.0,-5.778844953193412e-08,5.778844953193412e-08,-5.778844965187138e-08,1.1993726467536306e-16,3.897772802265983e-11
147900.0,fixed-domain-moisture,650.0,-5.7499831533689554e-08,5.7499831533689554e-08,-5.749983165106078e-08,1.1737122468377046e-16,3.794088789875671e-11
148200.0,fixed-domain-moisture,650.0,-5.721352965329384e-08,5.721352965329384e-08,-5.721352976815249e-08,1.148586536469733e-16,3.6934617881330296e-11
148500.0,fixed-domain-moisture,650.0,-5.692951878381017e-08,5.692951878381017e-08,-5.692951889620757e-08,1.123974008953789e-16,3.595798599929516e-11
148800.0,fixed-domain-moisture,650.0,-5.664777415820254e-08,5.664777415820254e-08,-5.6647774268181556e-08,1.0997901595184947e-16,3.5009971202161914e-11
149100.0,fixed-domain-moisture,650.0,-5.6368271338484486e-08,5.6368271338484486e-08,-5.636827144609845e-08,1.0761396099677256e-16,3.408968689013711e-11
149400.0,fixed-domain-moisture,650.0,-5.609098621769622e-08,5.609098621769622e-08,-5.6090986322989893e-08,1.0529367305644701e-16,3.31962023913149e-11
149700.0,fixed-domain-moisture,650.0,-5.581589501114134e-08,5.581589501114134e-08,-5.581589511416188e-08,1.0302054102848189e-16,3.232873616919098e-11
150000.0,fixed-domain-moisture,650.0,-5.554297425307053e-08,5.554297425307053e-08,-5.5542974353860085e-08,1.0078955550708757e-16,3.14863284502423e-11
150300.0,fixed-domain-moisture,650.0,-5.5272200786593445e-08,5.5272200786593445e-08,-5.5272200885199284e-08,9.860583839461698e-17,3.06683014017204e-11
150600.0,fixed-domain-moisture,650.0,-5.500355176542174e-08,5.500355176542174e-08,-5.500355186188739e-08,9.646565083470138e-17,2.9873836811946014e-11
150900.0,fixed-domain-moisture,650.0,-5.4737004645632895e-08,5.4737004645632895e-08,-5.473700474000084e-08,9.43679472710465e-17,2.910215759745068e-11
151200.0,fixed-domain-moisture,650.0,-5.447253718116173e-08,5.447253718116173e-08,-5.447253727347691e-08,9.23151827757104e-17,2.8352545110788096e-11
151500.0,fixed-domain-moisture,650.0,-5.4210127419688716e-08,5.4210127419688716e-08,-5.421012750998966e-08,9.030094504458458e-17,2.7624327754158757e-11
151800.0,fixed-domain-moisture,650.0,-5.394975369756065e-08,5.394975369756065e-08,-5.394975378583687e-08,8.827621866329158e-17,2.6917042587479375e-11
152100.0,fixed-domain-moisture,650.0,-5.3691394635205195e-08,5.3691394635205195e-08,-5.369139472155047e-08,8.63452747111274e-17,2.6229648071857597e-11
152400.0,fixed-domain-moisture,650.0,-5.3435029133062716e-08,5.3435029133062716e-08,-5.3435029217512497e-08,8.444978041129478e-17,2.5561651909408747e-11
152700.0,fixed-domain-moisture,650.0,-5.318063636728255e-08,5.318063636728255e-08,-5.318063644987511e-08,8.259255479532132e-17,2.4912471732970883e-11
153000.0,fixed-domain-moisture,650.0,-5.292819578519663e-08,5.292819578519663e-08,-5.292819586596933e-08,8.077269789070056e-17,2.4281539890053078e-11
153300.0,fixed-domain-moisture,650.0,-5.26776871016566e-08,5.26776871016566e-08,-5.267768718088922e-08,7.923261993902483e-17,2.366739619669833e-11
153600.0,fixed-domain-moisture,650.0,-5.242909029300396e-08,5.242909029300396e-08,-5.242909037047962e-08,7.74756618481826e-17,2.3071279181432402e-11
153900.0,fixed-domain-moisture,650.0,-5.2182385596133024e-08,5.2182385596133024e-08,-5.2182385671887244e-08,7.575421958412094e-17,2.2491796019072818e-11
154200.0,fixed-domain-moisture,650.0,-5.193755350228528e-08,5.193755350228528e-08,-5.1937553576354706e-08,7.406942472991783e-17,2.192841975712631e-11
154500.0,fixed-domain-moisture,650.0,-5.169457475372487e-08,5.169457475372487e-08,-5.169457482614313e-08,7.241825973069868e-17,2.1380614989640313e-11
154800.0,fixed-domain-moisture,650.0,-5.1453430339892003e-08,5.1453430339892003e-08,-5.145343041069305e-08,7.080104884126361e-17,2.0847937099261043e-11
155100.0,fixed-domain-moisture,650.0,-5.121410149366147e-08,5.121410149366147e-08,-5.1214101562879056e-08,6.92175869208207e-17,2.032987874384309e-11
155400.0,fixed-domain-moisture,650.0,-5.097656968761028e-08,5.097656968761028e-08,-5.097656975527797e-08,6.766768868091274e-17,1.982607245583674e-11
155700.0,fixed-domain-moisture,650.0,-5.074081663038563e-08,5.074081663038563e-08,-5.074081669653546e-08,6.614983210921264e-17,1.9336005213229667e-11
156000.0,fixed-domain-moisture,650.0,-5.050682426313999e-08,5.050682426313999e-08,-5.050682432780414e-08,6.46641495546184e-17,1.8859335313875506e-11
156300.0,fixed-domain-moisture,650.0,-5.027457475600763e-08,5.027457475600763e-08,-5.0274574819215566e-08,6.320793448216574e-17,1.839558487690698e-11
156600.0,fixed-domain-moisture,650.0,-5.004405050493263e-08,5.004405050493263e-08,-5.004405056671853e-08,6.178589851262378e-17,1.7944446731823848e-11
156900.0,fixed-domain-moisture,650.0,-4.9815234127187173e-08,4.9815234127187173e-08,-4.9815234187578174e-08,6.039100068461846e-17,1.7505443900208943e-11
157200.0,fixed-domain-moisture,650.0,-4.958810845957625e-08,4.958810845957625e-08,-4.958810851860238e-08,5.902613282157126e-17,1.7078305120207772e-11
157500.0,fixed-domain-moisture,650.0,-4.936265655424023e-08,4.936265655424023e-08,-4.936265661192908e-08,5.768884646886903e-17,1.6662636059383713e-11
157800.0,fixed-domain-moisture,650.0,-4.913886167560221e-08,4.913886167560221e-08,-4.91388617319817e-08,5.637948573364659e-17,1.625811485574881e-11
158100.0,fixed-domain-moisture,650.0,-4.891670729721885e-08,4.891670729721885e-08,-4.891670735231717e-08,5.509832193114486e-17,1.5864406514010987e-11
158400.0,fixed-domain-moisture,650.0,-4.869617710048407e-08,4.869617710048407e-08,-4.869617715432505e-08,5.384098093028466e-17,1.5481180664892562e-11
158700.0,fixed-domain-moisture,650.0,-4.8477254925195877e-08,4.8477254925195877e-08,-4.847725499611904e-08,7.092316055201114e-17,1.5155835233571512e-11
159000.0,fixed-domain-moisture,650.0,-4.825992493687432e-08,4.825992493687432e-08,-4.8259925005961566e-08,6.908724310861704e-17,1.4790589142659532e-11
159300.0,fixed-domain-moisture,650.0,-4.804417137304466e-08,4.804417137304466e-08,-4.804417144034444e-08,6.729977859678385e-17,1.4435028587172093e-11
159600.0,fixed-domain-moisture,650.0,-4.782997870707648e-08,4.782997870707648e-08,-4.782997877263538e-08,6.555890089704965e-17,1.4088842544621058e-11
159900.0,fixed-domain-moisture,650.0,-4.761733160396933e-08,4.761733160396933e-08,-4.761733166783511e-08,6.386578129716181e-17,1.3751810526833467e-11
160200.0,fixed-domain-moisture,650.0,-4.740621491661505e-08,4.740621491661505e-08,-4.740621497883147e-08,6.221641624295558e-17,1.3423677554142442e-11
160500.0,fixed-domain-moisture,650.0,-4.7196613684148235e-08,4.7196613684148235e-08,-4.719661374475794e-08,6.060970723857748e-17,1.3104132221744387e-11
160800.0,fixed-domain-moisture,650.0,-4.6988513128557504e-08,4.6988513128557504e-08,-4.6988513187602655e-08,5.904515135821508e-17,1.2792980700369984e-11
161100.0,fixed-domain-moisture,650.0,-4.67818986521464e-08,4.67818986521464e-08,-4.678189870966709e-08,5.752069057650435e-17,1.2489903611188973e-11
161400.0,fixed-domain-moisture,650.0,-4.657675583489487e-08,4.657675583489487e-08,-4.657675589093175e-08,5.603688075881693e-17,1.2194672358905195e-11
161700.0,fixed-domain-moisture,650.0,-4.637307043188517e-08,4.637307043188517e-08,-4.637307048647711e-08,5.45919418124746e-17,1.1907159886836792e-11
162000.0,fixed-domain-moisture,650.0,-4.617082837145459e-08,4.617082837145459e-08,-4.6170828424638324e-08,5.3183736302774525e-17,1.162709343617701e-11
162300.0,fixed-domain-moisture,650.0,-4.597001575015136e-08,4.597001575015136e-08,-4.597001580196455e-08,5.1813190672002764e-17,1.1354228401587784e-11
162600.0,fixed-domain-moisture,650.0,-4.577061883370191e-08,4.577061883370191e-08,-4.5770618884181355e-08,5.047944465232226e-17,1.1088416375588421e-11
162900.0,fixed-domain-moisture,650.0,-4.557262405270898e-08,4.557262405270898e-08,-4.55726241018893e-08,4.918032110436078e-17,1.0829357514692928e-11
163200.0,fixed-domain-moisture,650.0,-4.5376018000541824e-08,4.5376018000541824e-08,-4.537601804853071e-08,4.79888832372639e-17,1.0576602032519997e-11
163500.0,fixed-domain-moisture,650.0,-4.518078743120662e-08,4.518078743120662e-08,-4.5180787477963355e-08,4.675673484913961e-17,1.0330625933580147e-11
163800.0,fixed-domain-moisture,650.0,-4.498691925679123e-08,4.498691925679123e-08,-4.4986919302347823e-08,4.5556595041998675e-17,1.0090930960579458e-11
164100.0,fixed-domain-moisture,650.0,-4.479440054539979e-08,4.479440054539979e-08,-4.479440058978653e-08,4.438674328016698e-17,9.857361908146077e-12
164400.0,fixed-domain-moisture,650.0,-4.460321833041743e-08,4.460321833041743e-08,-4.460321855727016e-08,2.2685272789311624e-16,4.907859502554854e-11
164700.0,fixed-domain-moisture,650.0,-4.441336036114774e-08,4.441336036114774e-08,-4.44133605829569e-08,2.2180915623547421e-16,4.8014965611848995e-11
165000.0,fixed-domain-moisture,650.0,-4.4224813976802594e-08,4.4224813976802594e-08,-4.4224814193686836e-08,2.168842419823417e-16,4.697672736238023e-11
165300.0,fixed-domain-moisture,650.0,-4.4037566846071036e-08,4.4037566846071036e-08,-4.403756705873848e-08,2.1266744065566887e-16,4.596407301556254e-11
165600.0,fixed-domain-moisture,650.0,-4.385160678234623e-08,4.385160678234623e-08,-4.385160699028421e-08,2.0793798587256018e-16,4.497482841505496e-11
165900.0,fixed-domain-moisture,650.0,-4.3666921743845635e-08,4.3666921743845635e-08,-4.366692194716658e-08,2.033209482434199e-16,4.400909432759451e-11
166200.0,fixed-domain-moisture,650.0,-4.348349983009535e-08,4.348349983009535e-08,-4.348350002890686e-08,1.9881151026836052e-16,4.306625192954147e-11
166500.0,fixed-domain-moisture,650.0,-4.330132927999149e-08,4.330132927999149e-08,-4.330132947440068e-08,1.944091888739043e-16,4.214574217460885e-11
166800.0,fixed-domain-moisture,650.0,-4.312039846979462e-08,4.312039846979462e-08,-4.312039865990495e-08,1.9011033123046621e-16,4.1246969463630644e-11
167100.0,fixed-domain-moisture,650.0,-4.2940695911164524e-08,4.2940695911164524e-08,-4.29406960970773e-08,1.8591277343356382e-16,4.036931003154157e-11
167400.0,fixed-domain-moisture,650.0,-4.2762210249253576e-08,4.2762210249253576e-08,-4.276221043106553e-08,1.8181195606366073e-16,3.951232886641435e-11
167700.0,fixed-domain-moisture,650.0,-4.258493026083119e-08,4.258493026083119e-08,-4.258493043863896e-08,1.7780777324163854e-16,3.8675443233346826e-11
168000.0,fixed-domain-moisture,650.0,-4.2408844852460175e-08,4.2408844852460175e-08,-4.240884502635793e-08,1.7389775666054938e-16,3.7858110853560075e-11
168300.0,fixed-domain-moisture,650.0,-4.223394305870033e-08,4.223394305870033e-08,-4.223394322877733e-08,1.7007700279372205e-16,3.705981583413061e-11
168600.0,fixed-domain-moisture,650.0,-4.206021404033539e-08,4.206021404033539e-08,-4.2060214206681594e-08,1.6634620647287108e-16,3.628016333462471e-11
168900.0,fixed-domain-moisture,650.0,-4.188764708264768e-08,4.188764708264768e-08,-4.188764724534921e-08,1.6270152957995423e-16,3.5518522499785897e-11
169200.0,fixed-domain-moisture,650.0,-4.1716231593704926e-08,4.1716231593704926e-08,-4.171623175284572e-08,1.5914079497559926e-16,3.477466284885037e-11
169500.0,fixed-domain-moisture,650.0,-4.154595710268011e-08,4.154595710268011e-08,-4.154595725834375e-08,1.5566363870033665e-16,3.404793010195465e-11
169800.0,fixed-domain-moisture,650.0,-4.137681325820517e-08,4.137681325820517e-08,-4.137681341046992e-08,1.5226474694591136e-16,3.3337966404811865e-11
170100.0,fixed-domain-moisture,650.0,-4.120878982673289e-08,4.120878982673289e-08,-4.120878997567768e-08,1.4894479469170323e-16,3.264433083539255e-11
170400.0,fixed-domain-moisture,650.0,-4.104187669094475e-08,4.104187669094475e-08,-4.104187683664561e-08,1.4570085702706628e-16,3.196663165086036e-11
170700.0,fixed-domain-moisture,650.0,-4.0876063848893004e-08,4.0876063848893004e-08,-4.087606399142328e-08,1.4253027373915052e-16,3.1304439281943175e-11
171000.0,fixed-domain-moisture,650.0,-4.0711341409706573e-08,4.0711341409706573e-08,-4.0711341549140134e-08,1.394335609886582e-16,3.06574445789434e-11
171300.0,fixed-domain-moisture,650.0,-4.054769959587808e-08,4.054769959587808e-08,-4.054769973228485e-08,1.3640676816098376e-16,3.002516962279069e-11
171600.0,fixed-domain-moisture,650.0,-4.038512873949403e-08,4.038512873949403e-08,-4.0385128872943925e-08,1.334498952561272e-16,2.9407260208610485e-11
171900.0,fixed-domain-moisture,650.0,-4.0223619281210324e-08,4.0223619281210324e-08,-4.0223619411769627e-08,1.305593026793933e-16,2.8803435665583754e-11
172200.0,fixed-domain-moisture,650.0,-4.006316176879766e-08,4.006316176879766e-08,-4.00631618965329e-08,1.2773524189368826e-16,2.8213217693942904e-11
172500.0,fixed-domain-moisture,650.0,-3.990374685571649e-08,3.990374685571649e-08,-3.9903746980691116e-08,1.249746291696885e-16,2.7636400030272756e-11
172800.0,fixed-domain-moisture,650.0,-3.974536529976411e-08,3.974536529976411e-08,-3.974536542204038e-08,1.222762733673119e-16,2.7072552729304793e-11
173100.0,fixed-domain-moisture,650.0,-3.958800796154781e-08,3.958800796154781e-08,-3.958800808118757e-08,1.196397642049747e-16,2.652142622585338e-11
173400.0,fixed-domain-moisture,650.0,-3.9431665803122324e-08,3.9431665803122324e-08,-3.943166592018465e-08,1.1706232897326356e-16,2.5982666380046227e-11
173700.0,fixed-domain-moisture,650.0,-3.927632984567818e-08,3.927632984567818e-08,-3.927632998966304e-08,1.4398486092015767e-16,2.5514083203246867e-11
174000.0,fixed-domain-moisture,650.0,-3.912199133430457e-08,3.912199133430457e-08,-3.912199147500833e-08,1.4070375968495993e-16,2.4996815578711203e-11
174300.0,fixed-domain-moisture,650.0,-3.896864148498348e-08,3.896864148498348e-08,-3.896864162242994e-08,1.3744646139906902e-16,2.449100685186707e-11
174600.0,fixed-domain-moisture,650.0,-3.8816271652337705e-08,3.8816271652337705e-08,-3.881627178665511e-08,1.3431740257790342e-16,2.3996653385150452e-11
174900.0,fixed-domain-moisture,650.0,-3.866487328628498e-08,3.866487328628498e-08,-3.8664873417546524e-08,1.3126154593222632e-16,2.3513312456994716e-11
175200.0,fixed-domain-moisture,650.0,-3.851443793042236e-08,3.851443793042236e-08,-3.851443805869923e-08,1.2827686652389818e-16,2.3040722394941815e-11
175500.0,fixed-domain-moisture,650.0,-3.836495722085917e-08,3.836495722085917e-08,-3.8364957346220504e-08,1.2536133279733458e-16,2.2578597079333712e-11
175800.0,fixed-domain-moisture,650.0,-3.821642288499703e-08,3.821642288499703e-08,-3.821642300751122e-08,1.2251419036381686e-16,2.2126710550590098e-11
176100.0,fixed-domain-moisture,650.0,-3.806882674033638e-08,3.806882674033638e-08,-3.8068826860068625e-08,1.1973224299745812e-16,2.1684780240849028e-11
176400.0,fixed-domain-moisture,650.0,-3.7922160693292714e-08,3.7922160693292714e-08,-3.792216081030963e-08,1.1701691344891195e-16,2.1252623372781822e-11
176700.0,fixed-domain-moisture,650.0,-3.777641673804948e-08,3.777641673804948e-08,-3.777641685241308e-08,1.1436360259397255e-16,2.082993993807717e-11
177000.0,fixed-domain-moisture,650.0,-3.7631586955407606e-08,3.7631586955407606e-08,-3.763158706717956e-08,1.117719530906153e-16,2.0416555251922613e-11
177300.0,fixed-domain-moisture,650.0,-3.7487663511667794e-08,3.7487663511667794e-08,-3.748766362090977e-08,1.0924197817373002e-16,2.0012219651466627e-11
177600.0,fixed-domain-moisture,650.0,-3.734463865752862e-08,3.734463865752862e-08,-3.73446387642989e-08,1.0677028309408277e-16,1.9616700665724383e-11
177900.0,fixed-domain-moisture,650.0,-3.7202504726992463e-08,3.7202504726992463e-08,-3.720250483134839e-08,1.043559281744977e-16,1.9229839898999547e-11
178200.0,fixed-domain-moisture,650.0,-3.706125413629591e-08,3.706125413629591e-08,-3.706125423829347e-08,1.0199755683877021e-16,1.8851363864756833e-11
178500.0,fixed-domain-moisture,650.0,-3.692087938285201e-08,3.692087938285201e-08,-3.6920879482546896e-08,9.969488453676959e-17,1.8481143510658605e-11
178800.0,fixed-domain-moisture,650.0,-3.678137304421289e-08,3.678137304421289e-08,-3.6781373141658717e-08,9.744582677335221e-17,1.811897645045308e-11
179100.0,fixed-domain-moisture,650.0,-3.6642727777041895e-08,3.6642727777041895e-08,-3.664272787229098e-08,9.524908652931759e-17,1.7764580284755336e-11
179400.0,fixed-domain-moisture,650.0,-3.6504936316104895e-08,3.6504936316104895e-08,-3.650493640920787e-08,9.310297635621611e-17,1.7417856992995858e-11
179700.0,fixed-domain-moisture,650.0,-3.6367991473273616e-08,3.6367991473273616e-08,-3.636799156428063e-08,9.100701318057004e-17,1.707861799739491e-11
180000.0,fixed-domain-moisture,650.0,-3.6231886136547104e-08,3.6231886136547104e-08,-3.62318862255075e-08,8.896039629154644e-17,1.674664151685222e-11
180300.0,fixed-domain-moisture,650.0,-3.609661326908826e-08,3.609661326908826e-08,-3.609661335604796e-08,8.695969785268688e-17,1.642178074812787e-11
180600.0,fixed-domain-moisture,650.0,-3.596216590826257e-08,3.596216590826257e-08,-3.596216599327055e-08,8.500798174098027e-17,1.6103923169680348e-11
180900.0,fixed-domain-moisture,650.0,-3.582853716487209e-08,3.582853716487209e-08,-3.582853724797299e-08,8.310090029512701e-17,1.5792798805044607e-11
181200.0,fixed-domain-moisture,650.0,-3.569572022173162e-08,3.569572022173162e-08,-3.569572030296867e-08,8.123705061680823e-17,1.5488375678083335e-11
181500.0,fixed-domain-moisture,650.0,-3.556370833325859e-08,3.556370833325859e-08,-3.556370841267557e-08,7.941698195395065e-17,1.5190359726544732e-11
181800.0,fixed-domain-moisture,650.0,-3.543249482433447e-08,3.543249482433447e-08,-3.543249490244078e-08,7.810631096463792e-17,1.490029006974531e-11
182100.0,fixed-domain-moisture,650.0,-3.530207308982493e-08,3.530207308982493e-08,-3.530207316616908e-08,7.634414494465906e-17,1.4614754647137772e-11
182400.0,fixed-domain-moisture,650.0,-3.517243659300036e-08,3.517243659300036e-08,-3.517243666762464e-08,7.46242776324837e-17,1.4335305803348534e-11
182700.0,fixed-domain-moisture,650.0,-3.5043578865175503e-08,3.5043578865175503e-08,-3.50435789381196e-08,7.294409513737619e-17,1.4061736782342441e-11
183000.0,fixed-domain-moisture,650.0,-3.4915493504768004e-08,3.4915493504768004e-08,-3.4915493576072375e-08,7.130437170038988e-17,1.3793922651290606e-11
183300.0,fixed-domain-moisture,650.0,-3.4788174176446025e-08,3.4788174176446025e-08,-3.4788174246148955e-08,6.970293018215251e-17,1.3531718946336305e-11
183600.0,fixed-domain-moisture,650.0,-3.466161461044707e-08,3.466161461044707e-08,-3.4661614678586005e-08,6.813893678460665e-17,1.3275023528905411e-11
183900.0,fixed-domain-moisture,650.0,-3.45358086012785e-08,3.45358086012785e-08,-3.4535808667891194e-08,6.661269591021771e-17,1.3023728156120914e-11
184200.0,fixed-domain-moisture,650.0,-3.44107500074915e-08,3.44107500074915e-08,-3.441075007261268e-08,6.512118338666619e-17,1.2777687432944527e-11
184500.0,fixed-domain-moisture,650.0,-3.4286432750633966e-08,3.4286432750633966e-08,-3.4286432814298795e-08,6.366482934787063e-17,1.2536738797167734e-11
184800.0,fixed-domain-moisture,650.0,-3.4162850814508674e-08,3.4162850814508674e-08,-3.416285087675212e-08,6.224344850537381e-17,1.2300828692134098e-11
185100.0,fixed-domain-moisture,650.0,-3.4039998244408933e-08,3.4039998244408933e-08,-3.403999830526398e-08,6.08550490082607e-17,1.2069809054684566e-11
185400.0,fixed-domain-moisture,650.0,-3.391786912372687e-08,3.391786912372687e-08,-3.391786922644561e-08,1.0271873921890824e-16,1.2531981526973606e-11
185700.0,fixed-domain-moisture,650.0,-3.379645766271058e-08,3.379645766271058e-08,-3.3796457763414414e-08,1.0070383312584747e-16,1.2299906368460225e-11
186000.0,fixed-domain-moisture,650.0,-3.367575806476073e-08,3.367575806476073e-08,-3.3675758163487555e-08,9.872682513973143e-17,1.2072440659104948e-11
186300.0,fixed-domain-moisture,650.0,-3.3555764613941885e-08,3.3555764613941885e-08,-3.3555764710730136e-08,9.678825127359706e-17,1.1849535748069913e-11
186600.0,fixed-domain-moisture,650.0,-3.343647165209773e-08,3.343647165209773e-08,-3.343647174698283e-08,9.488510059001465e-17,1.1631044772136113e-11
186900.0,fixed-domain-moisture,650.0,-3.3317873578029296e-08,3.3317873578029296e-08,-3.3317873671048575e-08,9.301927891311554e-17,1.1416864857804623e-11
187200.0,fixed-domain-moisture,650.0,-3.319996484689672e-08,3.319996484689672e-08,-3.3199964938085576e-08,9.11888539489888e-17,1.1206928080969514e-11
187500.0,fixed-domain-moisture,650.0,-3.3082739969632554e-08,3.3082739969632554e-08,-3.308274005902554e-08,8.939298528213207e-17,1.1001143913084998e-11
187800.0,fixed-domain-moisture,650.0,-3.296619351225513e-08,3.296619351225513e-08,-3.296619359988721e-08,8.763208319412919e-17,1.0799380966274986e-11
188100.0,fixed-domain-moisture,650.0,-3.285032009518642e-08,3.285032009518642e-08,-3.2850320181091094e-08,8.590467199476735e-17,1.0601634130033281e-11
188400.0,fixed-domain-moisture,650.0,-3.273511439250876e-08,3.273511439250876e-08,-3.273511447678434e-08,8.427558279173601e-17,1.0407616258349068e-11
188700.0,fixed-domain-moisture,650.0,-3.2620571103125464e-08,3.2620571103125464e-08,-3.262057120846834e-08,1.0534287375928167e-16,1.2094663192189243e-11
189000.0,fixed-domain-moisture,650.0,-3.250668506447031e-08,3.250668506447031e-08,-3.2506685167931445e-08,1.0346113712739703e-16,1.1911557912452681e-11
189300.0,fixed-domain-moisture,650.0,-3.239345107883042e-08,3.239345107883042e-08,-3.2393451180443375e-08,1.0161295755860245e-16,1.1732015222650945e-11
189600.0,fixed-domain-moisture,650.0,-3.228086402914489e-08,3.228086402914489e-08,-3.228086412894263e-08,9.979773948285689e-17,1.1555921271313238e-11
189900.0,fixed-domain-moisture,650.0,-3.216891884895774e-08,3.216891884895774e-08,-3.2168918946973705e-08,9.801596597363806e-17,1.1383268350315859e-11
190200.0,fixed-domain-moisture,650.0,-3.205761052182546e-08,3.205761052182546e-08,-3.205761061808996e-08,9.626449374461828e-17,1.1213904904719757e-11
190500.0,fixed-domain-moisture,650.0,-3.194693408072068e-08,3.194693408072068e-08,-3.194693417526563e-08,9.454495068724305e-17,1.1047825912212315e-11
190800.0,fixed-domain-moisture,650.0,-3.183688460745907e-08,3.183688460745907e-08,-3.183688470031456e-08,9.285549053438514e-17,1.0884863926241386e-11
191100.0,fixed-domain-moisture,650.0,-3.1727457232119996e-08,3.1727457232119996e-08,-3.1727457323316546e-08,9.1196550037408e-17,1.0725018775271626e-11
191400.0,fixed-domain-moisture,650.0,-3.161864713248285e-08,3.161864713248285e-08,-3.161864722205025e-08,8.956740127737255e-17,1.0568230250388397e-11
191700.0,fixed-domain-moisture,650.0,-3.151044953346793e-08,3.151044953346793e-08,-3.1510449621433626e-08,8.796569506133918e-17,1.0414392091201626e-11
192000.0,fixed-domain-moisture,650.0,-3.140285970657717e-08,3.140285970657717e-08,-3.140285979297105e-08,8.639387984392101e-17,1.0263428787843525e-11
192300.0,fixed-domain-moisture,650.0,-3.129587296935811e-08,3.129587296935811e-08,-3.12958730542082e-08,8.485009612310104e-17,1.0115299785127897e-11
192600.0,fixed-domain-moisture,650.0,-3.1189484360471564e-08,3.1189484360471564e-08,-3.118948476260285e-08,4.0213128722403304e-16,4.999100471502717e-11
192900.0,fixed-domain-moisture,650.0,-3.1083689937221104e-08,3.1083689937221104e-08,-3.1083690332712764e-08,3.954916606483026e-16,4.91698728159739e-11
193200.0,fixed-domain-moisture,650.0,-3.0978484832649577e-08,3.0978484832649577e-08,-3.0978485221623544e-08,3.8897396711230737e-16,4.8363845222084486e-11
193500.0,fixed-domain-moisture,650.0,-3.087386454065407e-08,3.087386454065407e-08,-3.0873864923228185e-08,3.825741170350989e-16,4.757261873108667e-11
193800.0,fixed-domain-moisture,650.0,-3.076982459944802e-08,3.076982459944802e-08,-3.076982497573868e-08,3.762906545787991e-16,4.679589040876148e-11
194100.0,fixed-domain-moisture,650.0,-3.066636059078591e-08,3.066636059078591e-08,-3.066636096090789e-08,3.7012197832174203e-16,4.603338082933923e-11
194400.0,fixed-domain-moisture,650.0,-3.056346813926398e-08,3.056346813926398e-08,-3.056346850332918e-08,3.6406520305795116e-16,4.528476850814803e-11
194700.0,fixed-domain-moisture,650.0,-3.046114291168591e-08,3.046114291168591e-08,-3.046114326980334e-08,3.5811743034656006e-16,4.454979883552413e-11
195000.0,fixed-domain-moisture,650.0,-3.035938061646504e-08,3.035938061646504e-08,-3.0359380968742386e-08,3.522773433160336e-16,4.3828205044169606e-11
195300.0,fixed-domain-moisture,650.0,-3.025817700309838e-08,3.025817700309838e-08,-3.02581773496409e-08,3.4654251998153814e-16,4.3119707965219855e-11
195600.0,fixed-domain-moisture,650.0,-3.015752786163986e-08,3.015752786163986e-08,-3.0157528202550684e-08,3.409108229083709e-16,4.242406626202284e-11
195900.0,fixed-domain-moisture,650.0,-3.005742902221112e-08,3.005742902221112e-08,-3.0057429357590784e-08,3.3537966467557582e-16,4.1740986091649295e-11
196200.0,fixed-domain-moisture,650.0,-2.9957876354524975e-08,2.9957876354524975e-08,-2.995787668447242e-08,3.29947443861487e-16,4.107023092312544e-11
196500.0,fixed-domain-moisture,650.0,-2.985886576742464e-08,2.985886576742464e-08,-2.985886609203713e-08,3.246124928699895e-16,4.04115554422959e-11
196800.0,fixed-domain-moisture,650.0,-2.9760393208432825e-08,2.9760393208432825e-08,-2.976039352780589e-08,3.193730646956296e-16,3.976474972033231e-11
197100.0,fixed-domain-moisture,650.0,-2.966245466331027e-08,2.966245466331027e-08,-2.9662454977537306e-08,3.142270351385943e-16,3.912952830178124e-11
197400.0,fixed-domain-moisture,650.0,-2.956504615562077e-08,2.956504615562077e-08,-2.9565046464792517e-08,3.091717472947561e-16,3.850568972439995e-11
197700.0,fixed-domain-moisture,650.0,-2.9468163746301435e-08,2.9468163746301435e-08,-2.9468164050508057e-08,3.0420662213768613e-16,3.789299894751592e-11
198000.0,fixed-domain-moisture,650.0,-2.9371803533244937e-08,2.9371803533244937e-08,-2.9371803832574085e-08,2.9932914834704475e-16,3.729127214065118e-11
198300.0,fixed-domain-moisture,650.0,-2.927596165100683e-08,2.927596165100683e-08,-2.927596194554506e-08,2.945382307357009e-16,3.6700257779551824e-11
198600.0,fixed-domain-moisture,650.0,-2.918063426995968e-08,2.918063426995968e-08,-2.9180634559791112e-08,2.8983143077520884e-16,3.611973436451795e-11
198900.0,fixed-domain-moisture,650.0,-2.9085817596422925e-08,2.9085817596422925e-08,-2.908581788163086e-08,2.8520793451984574e-16,3.5549498020460956e-11
199200.0,fixed-domain-moisture,650.0,-2.899150787200675e-08,2.899150787200675e-08,-2.8991508152672353e-08,2.806656045349088e-16,3.4989383351705525e-11
199500.0,fixed-domain-moisture,650.0,-2.8897701373243314e-08,2.8897701373243314e-08,-2.889770164944649e-08,2.7620317688842203e-16,3.4439155331382954e-11
199800.0,fixed-domain-moisture,650.0,-2.8804394411204857e-08,2.8804394411204857e-08,-2.8804394683022213e-08,2.71817356092825e-16,3.389864751798835e-11
200100.0,fixed-domain-moisture,650.0,-2.8711583331112272e-08,2.8711583331112272e-08,-2.871158359862197e-08,2.6750969724766937e-16,3.3367634502291825e-11
200400.0,fixed-domain-moisture,650.0,-2.8619264511965276e-08,2.8619264511965276e-08,-2.861926477524187e-08,2.6327659384548435e-16,3.284597651362996e-11
200700.0,fixed-domain-moisture,650.0,-2.8527434366159483e-08,2.8527434366159483e-08,-2.8527434625276516e-08,2.591170334172002e-16,3.233347564263771e-11
201000.0,fixed-domain-moisture,650.0,-2.8436089339119288e-08,2.8436089339119288e-08,-2.8436089594149066e-08,2.550297785006205e-16,3.182995392938422e-11
201300.0,fixed-domain-moisture,650.0,-2.8345225908931904e-08,2.8345225908931904e-08,-2.834522615994545e-08,2.5101354531143466e-16,3.133522475247457e-11
201600.0,fixed-domain-moisture,650.0,-2.8254840585986733e-08,2.8254840585986733e-08,-2.825484083305393e-08,2.4706719895784217e-16,3.084910829419103e-11
201900.0,fixed-domain-moisture,650.0,-2.8164929912620477e-08,2.8164929912620477e-08,-2.816493015580853e-08,2.431880527572135e-16,3.0371484769410375e-11
202200.0,fixed-domain-moisture,650.0,-2.8075490462761177e-08,2.8075490462761177e-08,-2.807549070213774e-08,2.3937656331324675e-16,2.990215194651348e-11
202500.0,fixed-domain-moisture,650.0,-2.798651884158624e-08,2.798651884158624e-08,-2.7986519077216933e-08,2.356306924529126e-16,2.9440969361461656e-11
202800.0,fixed-domain-moisture,650.0,-2.789801168517761e-08,2.789801168517761e-08,-2.7898011917126055e-08,2.319484450165736e-16,2.898775554231957e-11
203100.0,fixed-domain-moisture,650.0,-2.7809965660222184e-08,2.7809965660222184e-08,-2.7809965888554315e-08,2.283321304925e-16,2.8542361067436877e-11
203400.0,fixed-domain-moisture,650.0,-2.772237746351607e-08,2.772237746351607e-08,-2.7722377688291392e-08,2.247753233416934e-16,2.8104680543328308e-11
203700.0,fixed-domain-moisture,650.0,-2.7635243821732603e-08,2.7635243821732603e-08,-2.7635244043133175e-08,2.2140057202626487e-16,2.767119452176437e-11
204000.0,fixed-domain-moisture,650.0,-2.7548561491511272e-08,2.7548561491511272e-08,-2.7548561709472388e-08,2.1796111533459998e-16,2.724851959526184e-11
204300.0,fixed-domain-moisture,650.0,-2.74623272583346e-08,2.74623272583346e-08,-2.7462327472914505e-08,2.1457990539294862e-16,2.6833120108291847e-11
204600.0,fixed-domain-moisture,650.0,-2.737653793675226e-08,2.737653793675226e-08,-2.7376538148008568e-08,2.1125630692660036e-16,2.6424829270930773e-11
204900.0,fixed-domain-moisture,650.0,-2.7291190370110084e-08,2.7291190370110084e-08,-2.7291190578099418e-08,2.0798933393626502e-16,2.602351201036136e-11
205200.0,fixed-domain-moisture,650.0,-2.7206281429599824e-08,2.7206281429599824e-08,-2.7206281634377804e-08,2.0477798057031775e-16,2.5629045769088556e-11
205500.0,fixed-domain-moisture,650.0,-2.7121808014827323e-08,2.7121808014827323e-08,-2.712180821644752e-08,2.0162019542083942e-16,2.5241285709777094e-11
205800.0,fixed-domain-moisture,650.0,-2.703776705300815e-08,2.703776705300815e-08,-2.7037767251524014e-08,1.9851586268254426e-16,2.4860137816123528e-11
206100.0,fixed-domain-moisture,650.0,-2.6954155498746374e-08,2.6954155498746374e-08,-2.6954155694211227e-08,1.9546485331525672e-16,2.4485433390774698e-11
206400.0,fixed-domain-moisture,650.0,-2.687097033377873e-08,2.687097033377873e-08,-2.6870970526242287e-08,1.9246355750278362e-16,2.4117103445679862e-11
206700.0,fixed-domain-moisture,650.0,-2.678820856665488e-08,2.678820856665488e-08,-2.6788208756169293e-08,1.8951441377357076e-16,2.375498323219499e-11
207000.0,fixed-domain-moisture,650.0,-2.670586723246884e-08,2.670586723246884e-08,-2.6705867419081934e-08,1.8661309431865327e-16,2.3398970643148815e-11
207300.0,fixed-domain-moisture,650.0,-2.662394339256295e-08,2.662394339256295e-08,-2.6623943576323817e-08,1.8376086637872957e-16,2.3048972398415266e-11
207600.0,fixed-domain-moisture,650.0,-2.6542434134256353e-08,2.6542434134256353e-08,-2.6542434315212875e-08,1.8095652227010534e-16,2.2704827582020103e-11
207900.0,fixed-domain-moisture,650.0,-2.646133657056598e-08,2.646133657056598e-08,-2.6461336748764713e-08,1.781987318863556e-16,2.236650144435254e-11
208200.0,fixed-domain-moisture,650.0,-2.638064783993414e-08,2.638064783993414e-08,-2.638064801541984e-08,1.7548570189991233e-16,2.2033799959737165e-11
208500.0,fixed-domain-moisture,650.0,-2.6300365105955098e-08,2.6300365105955098e-08,-2.6300365278774065e-08,1.7281896755799242e-16,2.1706678255013153e-11
208800.0,fixed-domain-moisture,650.0,-2.622048555711593e-08,2.622048555711593e-08,-2.6220485727312184e-08,1.7019625245955014e-16,2.1385015446231543e-11
209100.0,fixed-domain-moisture,650.0,-2.6141006406528233e-08,2.6141006406528233e-08,-2.6141006574144932e-08,1.6761669964547087e-16,2.1068683170098478e-11
209400.0,fixed-domain-moisture,650.0,-2.6061924891669077e-08,2.6061924891669077e-08,-2.6061925056749316e-08,1.6508023963258317e-16,2.075762911455173e-11
209700.0,fixed-domain-moisture,650.0,-2.5983238274125837e-08,2.5983238274125837e-08,-2.598323843671216e-08,1.625863231729603e-16,2.0451714553987337e-11
210000.0,fixed-domain-moisture,650.0,-2.5904943839344728e-08,2.5904943839344728e-08,-2.5904943999476595e-08,1.6013186653727865e-16,2.0150868923425862e-11
210300.0,fixed-domain-moisture,650.0,-2.582703889637254e-08,2.582703889637254e-08,-2.582703905409188e-08,1.5771934134120854e-16,1.9854976602187723e-11
210600.0,fixed-domain-moisture,650.0,-2.5749520777757757e-08,2.5749520777757757e-08,-2.5749520933104592e-08,1.5534683514317375e-16,1.9564001273250276e-11
210900.0,fixed-domain-moisture,650.0,-2.567238683880327e-08,2.567238683880327e-08,-2.5672386991816114e-08,1.5301284247445942e-16,1.927777610375341e-11
211200.0,fixed-domain-moisture,650.0,-2.559563445797421e-08,2.559563445797421e-08,-2.5595634608691745e-08,1.5071753538863298e-16,1.8996266231904517e-11
211500.0,fixed-domain-moisture,650.0,-2.551926103631584e-08,2.551926103631584e-08,-2.5519261184775396e-08,1.4845955730948983e-16,1.871938644759466e-11
211800.0,fixed-domain-moisture,650.0,-2.5443263997264798e-08,2.5443263997264798e-08,-2.544326414350375e-08,1.4623895125042182e-16,1.844702824259933e-11
212100.0,fixed-domain-moisture,650.0,-2.536764078642614e-08,2.536764078642614e-08,-2.5367640930480688e-08,1.4405454923240404e-16,1.8179140665612144e-11
212400.0,fixed-domain-moisture,650.0,-2.5292388871342462e-08,2.5292388871342462e-08,-2.529238901324795e-08,1.4190548767887697e-16,1.7915638745465796e-11
212700.0,fixed-domain-moisture,650.0,-2.5217505741266483e-08,2.5217505741266483e-08,-2.5217505881058352e-08,1.3979186916023657e-16,1.7656396203020428e-11
213000.0,fixed-domain-moisture,650.0,-2.5142988906938957e-08,2.5142988906938957e-08,-2.5142989044651225e-08,1.377122676171068e-16,1.7401419264815024e-11
213300.0,fixed-domain-moisture,650.0,-2.506883590036528e-08,2.506883590036528e-08,-2.506883603603108e-08,1.3566579962059346e-16,1.7150539793822992e-11
213600.0,fixed-domain-moisture,650.0,-2.4995044274596154e-08,2.4995044274596154e-08,-2.4995044408248768e-08,1.336526140632068e-16,1.6903752502331896e-11
213900.0,fixed-domain-moisture,650.0,-2.492161160351312e-08,2.492161160351312e-08,-2.4921611735185186e-08,1.3167206574406904e-16,1.666095789450299e-11
214200.0,fixed-domain-moisture,650.0,-2.4848535481613514e-08,2.4848535481613514e-08,-2.4848535611337672e-08,1.2972415797190262e-16,1.6422082506522817e-11
214500.0,fixed-domain-moisture,650.0,-2.4775813523802977e-08,2.4775813523802977e-08,-2.4775813651609185e-08,1.278062073728004e-16,1.618706015643663e-11
214800.0,fixed-domain-moisture,650.0,-2.4703443365179923e-08,2.4703443365179923e-08,-2.4703443491099603e-08,1.2591967971080787e-16,1.5955789585650984e-11
215100.0,fixed-domain-moisture,650.0,-2.463142266067977e-08,2.463142266067977e-08,-2.4631422784807286e-08,1.2412751681309538e-16,1.572911822169544e-11
215400.0,fixed-domain-moisture,650.0,-2.4559749085491637e-08,2.4559749085491637e-08,-2.455974920779151e-08,1.2229987448454927e-16,1.5505220058337514e-11
215700.0,fixed-domain-moisture,650.0,-2.4488420333930797e-08,2.4488420333930797e-08,-2.4488420454431832e-08,1.2050103458493225e-16,1.5284905248867054e-11
216000.0,fixed-domain-moisture,650.0,-2.4417434119847177e-08,2.4417434119847177e-08,-2.441743423857797e-08,1.1873079197345242e-16,1.506812168124553e-11
216300.0,fixed-domain-moisture,650.0,-2.434678817628276e-08,2.434678817628276e-08,-2.4346788293271878e-08,1.1698911687160772e-16,1.4854791515339178e-11
216600.0,fixed-domain-moisture,650.0,-2.427648025527689e-08,2.427648025527689e-08,-2.4276480370552548e-08,1.1527565855481842e-16,1.4644855617217376e-11
216900.0,fixed-domain-moisture,650.0,-2.4206508127674972e-08,2.4206508127674972e-08,-2.4206508241264006e-08,1.1358903397710035e-16,1.4438266055298654e-11
217200.0,fixed-domain-moisture,650.0,-2.4136869582937012e-08,2.4136869582937012e-08,-2.4136869694866057e-08,1.1192904461510648e-16,1.4234933151399729e-11
217500.0,fixed-domain-moisture,650.0,-2.4067562428951097e-08,2.4067562428951097e-08,-2.4067562539246453e-08,1.1029535628786935e-16,1.403483292017914e-11
217800.0,fixed-domain-moisture,650.0,-2.3998584491848757e-08,2.3998584491848757e-08,-2.399858460053596e-08,1.0868720137178051e-16,1.383788240734379e-11
218100.0,fixed-domain-moisture,650.0,-2.3929933615821012e-08,2.3929933615821012e-08,-2.3929933722925318e-08,1.0710430524287658e-16,1.3644037357266396e-11
218400.0,fixed-domain-moisture,650.0,-2.386160766293658e-08,2.386160766293658e-08,-2.3861607768484484e-08,1.0554790536335396e-16,1.3453272386955845e-11
218700.0,fixed-domain-moisture,650.0,-2.3793604512969103e-08,2.3793604512969103e-08,-2.3793604616983703e-08,1.0401460036653381e-16,1.3265465466712956e-11
219000.0,fixed-domain-moisture,650.0,-2.3725922027009963e-08,2.3725922027009963e-08,-2.3725922142791373e-08,1.1578141001622314e-16,1.34095387117152e-11
219300.0,fixed-domain-moisture,650.0,-2.3658558193306165e-08,2.3658558193306165e-08,-2.3658558307455846e-08,1.1414968045267654e-16,1.3226282048663636e-11
219600.0,fixed-domain-moisture,650.0,-2.359151090640262e-08,2.359151090640262e-08,-2.3591511018946446e-08,1.125438250986906e-16,1.3045908264530193e-11
219900.0,fixed-domain-moisture,650.0,-2.3524778115078852e-08,2.3524778115078852e-08,-2.352477822604054e-08,1.1096168666722777e-16,1.286835627147398e-11
220200.0,fixed-domain-moisture,650.0,-2.3458357784910153e-08,2.3458357784910153e-08,-2.3458357894314173e-08,1.0940401954700671e-16,1.2693569250104384e-11
220500.0,fixed-domain-moisture,650.0,-2.339224789817692e-08,2.339224789817692e-08,-2.3392248006047436e-08,1.0787051602683955e-16,1.252152897188561e-11
220800.0,fixed-domain-moisture,650.0,-2.332644645369167e-08,2.332644645369167e-08,-2.3326446560051716e-08,1.0636004452364832e-16,1.2352141097849138e-11
221100.0,fixed-domain-moisture,650.0,-2.3260951466624713e-08,2.3260951466624713e-08,-2.326095157149812e-08,1.0487340574826597e-16,1.2185382911277478e-11
221400.0,fixed-domain-moisture,650.0,-2.3195760968341582e-08,2.3195760968341582e-08,-2.3195761071750366e-08,1.0340878321206733e-16,1.2021211077484794e-11
221700.0,fixed-domain-moisture,650.0,-2.3130873006234407e-08,2.3130873006234407e-08,-2.313087310820139e-08,1.0196698424333025e-16,1.185957715479403e-11
222000.0,fixed-domain-moisture,650.0,-2.3066285643566754e-08,2.3066285643566754e-08,-2.306628574411359e-08,1.0054683755430736e-16,1.1700434682097703e-11
222300.0,fixed-domain-moisture,650.0,-2.3001996959312837e-08,2.3001996959312837e-08,-2.3001997058461415e-08,9.914857806429262e-17,1.154374302110254e-11
222600.0,fixed-domain-moisture,650.0,-2.2938005048004664e-08,2.2938005048004664e-08,-2.2938005145776843e-08,9.777217930350643e-17,1.1389468619675577e-11
222900.0,fixed-domain-moisture,650.0,-2.287430801958134e-08,2.287430801958134e-08,-2.287430811599673e-08,9.641539134068266e-17,1.1237524825319274e-11
223200.0,fixed-domain-moisture,650.0,-2.2810903999232817e-08,2.2810903999232817e-08,-2.2810904094312037e-08,9.507922002744615e-17,1.1087963829304837e-11
223500.0,fixed-domain-moisture,650.0,-2.2747791127255334e-08,2.2747791127255334e-08,-2.27477912210196e-08,9.376426755128285e-17,1.0940673804203678e-11
223800.0,fixed-domain-moisture,650.0,-2.2684949528883085e-08,2.2684949528883085e-08,-2.2684949404874123e-08,-1.2400896197898183e-16,3.968216714988444e-11
224100.0,fixed-domain-moisture,650.0,-2.262240780848184e-08,2.262240780848184e-08,-2.2622407688290817e-08,-1.2019102383495963e-16,3.9130820787128514e-11
224400.0,fixed-domain-moisture,650.0,-2.2560152977268406e-08,2.2560152977268406e-08,-2.256015286080295e-08,-1.1646545529558e-16,3.858952131596373e-11
224700.0,fixed-domain-moisture,650.0,-2.249818314850377e-08,2.249818314850377e-08,-2.24981830356804e-08,-1.1282337244106411e-16,3.805760260657139e-11
225000.0,fixed-domain-moisture,650.0,-2.2436496383790684e-08,2.2436496383790684e-08,-2.243649627453065e-08,-1.0926003387214083e-16,3.7534613135676244e-11
225300.0,fixed-domain-moisture,650.0,-2.2375090742383508e-08,2.2375090742383508e-08,-2.237509063661092e-08,-1.0577258747005806e-16,3.7020223499876383e-11
225600.0,fixed-domain-moisture,650.0,-2.2313964305310613e-08,2.2313964305310613e-08,-2.2313964202953335e-08,-1.0235727783483482e-16,3.6514176765363194e-11
225900.0,fixed-domain-moisture,650.0,-2.225311518580321e-08,2.225311518580321e-08,-2.2253115086791285e-08,-9.901192451837641e-17,3.601627205399385e-11
226200.0,fixed-domain-moisture,650.0,-2.219254153249727e-08,2.219254153249727e-08,-2.2192541436762082e-08,-9.57351874880905e-17,3.552631421925363e-11
226500.0,fixed-domain-moisture,650.0,-2.2132241528991104e-08,2.2132241528991104e-08,-2.21322414364657e-08,-9.252540245658463e-17,3.5044107237183295e-11
226800.0,fixed-domain-moisture,650.0,-2.207221339172276e-08,2.207221339172276e-08,-2.2072213302341954e-08,-8.938080587479284e-17,3.456951459180087e-11
227100.0,fixed-domain-moisture,650.0,-2.2012455367219436e-08,2.2012455367219436e-08,-2.201245528092029e-08,-8.629914781144899e-17,3.4102403484496547e-11
227400.0,fixed-domain-moisture,650.0,-2.195296572927331e-08,2.195296572927331e-08,-2.1952965645992774e-08,-8.328053414567148e-17,3.3642605848877584e-11
227700.0,fixed-domain-moisture,650.0,-2.1893742776300675e-08,2.1893742776300675e-08,-2.1893742695978936e-08,-8.032173887307135e-17,3.319000620793493e-11
228000.0,fixed-domain-moisture,650.0,-2.1834784829010234e-08,2.1834784829010234e-08,-2.1834784751586506e-08,-7.742372814060407e-17,3.274447193555205e-11
228300.0,fixed-domain-moisture,650.0,-2.177609022839639e-08,2.177609022839639e-08,-2.1776090153812314e-08,-7.458407665471363e-17,3.2305914120429584e-11
228600.0,fixed-domain-moisture,650.0,-2.171765733406453e-08,2.171765733406453e-08,-2.1717657262262907e-08,-7.180162305382e-17,3.187413734284279e-11
228900.0,fixed-domain-moisture,650.0,-2.1659484518647076e-08,2.1659484518647076e-08,-2.165948445043011e-08,-6.821696638615e-17,3.142797097291304e-11
229200.0,fixed-domain-moisture,650.0,-2.1601570183865706e-08,2.1601570183865706e-08,-2.1601570118299952e-08,-6.556575326124404e-17,3.1009444721143076e-11
229500.0,fixed-domain-moisture,650.0,-2.1543912733082104e-08,2.1543912733082104e-08,-2.1543912670113976e-08,-6.296812820514172e-17,3.0597397117870813e-11
229800.0,fixed-domain-moisture,650.0,-2.1486510588669808e-08,2.1486510588669808e-08,-2.1486510528246822e-08,-6.042298610454466e-17,3.0191771728525724e-11
230100.0,fixed-domain-moisture,650.0,-2.142936218675984e-08,2.142936218675984e-08,-2.1429362128830478e-08,-5.79293608124974e-17,2.979239679063757e-11
230400.0,fixed-domain-moisture,650.0,-2.1372465976727727e-08,2.1372465976727727e-08,-2.1372465921241352e-08,-5.548637551755064e-17,2.9399218866083916e-11
230700.0,fixed-domain-moisture,650.0,-2.1315820420773506e-08,2.1315820420773506e-08,-2.131582036768058e-08,-5.3092925106406e-17,2.901210291082349e-11
231000.0,fixed-domain-moisture,650.0,-2.125942399357499e-08,2.125942399357499e-08,-2.1259423942826608e-08,-5.074838092179795e-17,2.8630948581246126e-11
231300.0,fixed-domain-moisture,650.0,-2.120327518199707e-08,2.120327518199707e-08,-2.1203275133546126e-08,-4.845094301871357e-17,2.8255686901710816e-11
231600.0,fixed-domain-moisture,650.0,-2.1147372484850222e-08,2.1147372484850222e-08,-2.1147372438649455e-08,-4.620076690710802e-17,2.7886182540293722e-11
231900.0,fixed-domain-moisture,650.0,-2.1091714412677677e-08,2.1091714412677677e-08,-2.1091714368681247e-08,-4.399642983632771e-17,2.7522394784556097e-11
232200.0,fixed-domain-moisture,650.0,-2.1036299487576007e-08,2.1036299487576007e-08,-2.1036299445738615e-08,-4.183739248461325e-17,2.7164177059065672e-11
232500.0,fixed-domain-moisture,650.0,-2.0981126243032726e-08,2.0981126243032726e-08,-2.0981126203310527e-08,-3.972219901408655e-17,2.6811469242446606e-11
232800.0,fixed-domain-moisture,650.0,-2.0926193223784186e-08,2.0926193223784186e-08,-2.092619318613345e-08,-3.765073692818431e-17,2.6464171490105588e-11
233100.0,fixed-domain-moisture,650.0,-2.087149898568171e-08,2.087149898568171e-08,-2.087149895006011e-08,-3.562160001986518e-17,2.6122165331897812e-11
233400.0,fixed-domain-moisture,650.0,-2.0817042095571056e-08,2.0817042095571056e-08,-2.081704206193769e-08,-3.363336553847557e-17,2.5785418438356886e-11
233700.0,fixed-domain-moisture,650.0,-2.0762821131181423e-08,2.0762821131181423e-08,-2.0762821099494013e-08,-3.168740991255477e-17,2.545381016823187e-11
234000.0,fixed-domain-moisture,650.0,-2.0708834681300096e-08,2.0708834681300096e-08,-2.070883465152361e-08,-2.977648703993682e-17,2.5127355278251625e-11
234300.0,fixed-domain-moisture,650.0,-2.0655081344605046e-08,2.0655081344605046e-08,-2.0655081316694946e-08,-2.791009957149872e-17,2.480581833241626e-11
234600.0,fixed-domain-moisture,650.0,-2.0601559731001305e-08,2.0601559731001305e-08,-2.0601559704920323e-08,-2.608098155273981e-17,2.448915263267755e-11
234900.0,fixed-domain-moisture,650.0,-2.0548268460720896e-08,2.0548268460720896e-08,-2.054826843643034e-08,-2.4290555734313683e-17,2.4177305184179983e-11
235200.0,fixed-domain-moisture,650.0,-2.0495206164355463e-08,2.0495206164355463e-08,-2.049520614181755e-08,-2.2537912217546527e-17,2.3870206549585895e-11
235500.0,fixed-domain-moisture,650.0,-2.0442371482778195e-08,2.0442371482778195e-08,-2.0442371461956875e-08,-2.0821320540596883e-17,2.3567810688168272e-11
235800.0,fixed-domain-moisture,650.0,-2.0389763066365766e-08,2.0389763066365766e-08,-2.038976304762617e-08,-1.873959479765408e-17,2.3273535703930497e-11
236100.0,fixed-domain-moisture,650.0,-2.033737957762677e-08,2.033737957762677e-08,-2.0337379560526353e-08,-1.7100417299872048e-17,2.2980243676166852e-11
