scenario,question,time_s,sensible_inventory_change_J,fixed_volume_sensible_change_J,geometry_heat_term_J,geometry_reference_temperature_K,surface_convection_in_W,surface_latent_out_W,moisture_enthalpy_correction_J,linear_solver_relative_residual,physical_heat_balance_residual_J,physical_heat_balance_relative
no_latent,Q2,120.0,48.16656040119729,48.16656040119729,0.0,301.15,0.40138900289528706,0.0,0.0,4.709473696479238e-11,-0.00011994623716304886,2.4902325902025274e-06
no_latent,Q2,240.0,76.42919793861299,76.42919793861299,0.0,301.2419320240224,0.6369106778166201,0.0,0.4385509402422538,4.6233620427434674e-11,-8.33993814239875e-05,1.0911967241346823e-06
no_latent,Q2,360.0,118.67104087515156,118.67104087515156,0.0,301.38919492502794,0.9889264868311822,0.0,0.9381116047492719,3.801031388793062e-11,-0.00013754459030224098,1.159039559005166e-06
no_latent,Q2,480.0,139.44686280244215,139.44686280244215,0.0,301.61933504420773,1.1620571302460672,0.0,1.6316088449362574,2.2566846114997303e-11,7.172914109787598e-06,5.143833260666211e-08
no_latent,Q2,600.0,169.04809132144842,169.04809132144842,0.0,301.8918490119876,1.4087348062204132,0.0,2.3150000040609604,3.3700861492084205e-11,-8.54250011741442e-05,5.053293257475983e-07
no_latent,Q2,720.0,195.36555570968096,195.36555570968096,0.0,302.2242591120752,1.6280469959510662,0.0,3.0929657074921484,2.360470352619598e-11,-8.380444697309031e-05,4.289620589450171e-07
no_latent,Q2,840.0,211.7833057091732,211.7833057091732,0.0,302.61081531900646,1.7648599942626861,0.0,3.93377519238957,2.8072149172488735e-11,0.000106397650853296,5.023892251422511e-07
no_latent,Q2,960.0,230.15812050141204,230.15812050141204,0.0,303.0326627321383,1.9179837963325945,0.0,4.778636725082628,2.032164515646807e-11,6.49415007103471e-05,2.8216037117816433e-07
no_latent,Q2,1080.0,248.11212565573828,248.11212565573828,0.0,303.49395325914855,2.0676007857193133,0.0,5.658797209666811,2.4283622481948573e-11,3.136942069659199e-05,1.26432437002768e-07
no_latent,Q2,1200.0,258.13778319488557,258.13778319488557,0.0,303.9942239187749,2.151145895636952,0.0,6.578214214447123,2.578477705167774e-11,0.000275718451348439,1.068105753198789e-06
no_latent,Q2,1320.0,270.3787623579352,270.3787623579352,0.0,304.51811055464185,2.2531546253450867,0.0,7.495438526813255,2.8575614137698234e-11,0.00020731652483618745,7.667633471956494e-07
no_latent,Q2,1440.0,273.8650561738684,273.8650561738684,0.0,305.07020057855397,2.282204273168134,0.0,8.434661813488392,2.9324533568402704e-11,0.0005433936923395777,1.9841658513548872e-06
no_latent,Q2,1560.0,273.8658577024205,273.8658577024205,0.0,305.6332307574924,2.28220924026658,0.0,9.35259137589814,2.9328152529040244e-11,0.000748870430925308,2.734442464671964e-06
no_latent,Q2,1680.0,272.401789472955,272.401789472955,0.0,306.2002418819954,2.270007858403072,0.0,10.243449982670061,2.9158606150188466e-11,0.0008464645863455189,3.1074119886776987e-06
no_latent,Q2,1800.0,284.36864822233497,284.36864822233497,0.0,306.7682554448499,2.369737221931245,0.0,11.109256100929963,3.3715055595914784e-11,0.00018159058555511365,6.385745640044545e-07
no_latent,Q2,1920.0,276.83974005578307,276.83974005578307,0.0,307.36437081646505,2.30698953340248,0.0,12.025505061435375,3.100913459416834e-11,0.0009960474854437962,3.5979208954722077e-06
no_latent,Q2,2040.0,278.27873894686064,278.27873894686064,0.0,307.9492925161459,2.3189836579460037,0.0,12.889756858748283,3.229115944182182e-11,0.0006999933402198621,2.5154395296923167e-06
no_latent,Q2,2160.0,269.8615848450833,269.8615848450833,0.0,308.5410982486395,2.2488371728000347,0.0,13.755718942242067,3.01335751844314e-11,0.001124109079171376,4.165502399375153e-06
no_latent,Q2,2280.0,268.47262581295803,268.47262581295803,0.0,309.1196700334772,2.237264854671851,0.0,14.576489995193963,3.048210591381899e-11,0.0008432523358692379,3.140924827310784e-06
no_latent,Q2,2400.0,267.72955835940843,267.72955835940843,0.0,309.6992305468579,2.2310737283768964,0.0,15.396918772398449,3.117836145024714e-11,0.0007109541808745234,2.6554937946751348e-06
no_latent,Q2,2520.0,266.5850794977799,266.5850794977799,0.0,310.28109464583815,2.2215368054166147,0.0,16.212830352306863,3.1653974158971294e-11,0.0006628477860886051,2.4864399288112645e-06
no_latent,Q2,2640.0,262.00590344791294,262.00590344791294,0.0,310.86441739648916,2.1833757240201805,0.0,17.024556704678997,3.079962648132602e-11,0.000816565491277288,3.116591956637428e-06
no_latent,Q2,2760.0,246.4374861670301,246.4374861670301,0.0,311.44205343178146,2.0536339484786037,0.0,17.81886170472372,2.639609774705366e-11,0.0014123495976718914,5.73106640405604e-06
no_latent,Q2,2880.0,244.73864701160568,244.73864701160568,0.0,311.9910435759252,2.039481730108471,0.0,18.5502561789477,2.70518868226018e-11,0.0008393985891643752,3.4297753927052242e-06
no_latent,Q2,3000.0,227.70757783216357,227.70757783216357,0.0,312.54001122466826,1.8975512395025549,0.0,19.281586014533723,2.264091156764607e-11,0.0014290918569770383,6.275996040985422e-06
no_latent,Q2,3120.0,231.01426797511647,231.01426797511647,0.0,313.0568044368766,1.9251143503630102,0.0,19.9467766703797,2.49117134960337e-11,0.0005459315552513999,2.363194100678684e-06
no_latent,Q2,3240.0,220.21018420843188,220.21018420843188,0.0,313.5838217880311,1.8350765877452773,0.0,20.630750902787295,2.235605387725416e-11,0.0009936789986113581,4.512411640647953e-06
no_latent,Q2,3360.0,206.6816549049607,206.6816549049607,0.0,314.0913639962239,1.7223372024293029,0.0,21.28195689098654,3.557536986874293e-11,0.0011906134443506744,5.7606150139360905e-06
no_latent,Q2,3480.0,192.30590548169545,192.30590548169545,0.0,314.57344488326464,1.6025388910231242,0.0,21.88614856646454,3.0643286013279616e-11,0.0012385589205337055,6.440566229265368e-06
no_latent,Q2,3600.0,194.17679616445338,194.17679616445338,0.0,315.02798118293936,1.6181355891262466,0.0,22.443594963151682,3.224187400279831e-11,0.0005254693037954894,2.7061384994242862e-06
no_latent,Q2,3720.0,182.7817321424899,182.7817321424899,0.0,315.48931241682897,1.52317385538884,0.0,23.010805649722236,2.904787966228166e-11,0.0008694958290789145,4.757017120294536e-06
no_latent,Q2,3840.0,175.1361887534331,175.1361887534331,0.0,315.92910071839145,1.4594618169849012,0.0,23.54302994077828,2.6915435712403002e-11,0.0007707152449540899,4.400662424138666e-06
no_latent,Q2,3960.0,164.72512990586836,164.72512990586836,0.0,316.3551622900107,1.3727025338449563,0.0,24.050666528775842,2.4057558369378887e-11,0.0008258444736100046,5.013469857828801e-06
no_latent,Q2,4080.0,146.1108937574341,146.1108937574341,0.0,316.7613769995172,1.2175819680464077,0.0,24.530225114255654,3.185267381321086e-11,0.0010575918651625216,7.238282088112348e-06
no_latent,Q2,4200.0,142.3441824288297,142.3441824288297,0.0,317.12981152525714,1.1861962477846908,0.0,24.93834297044247,2.9767333768585144e-11,0.000632694666791167,4.44482279497096e-06
no_latent,Q2,4320.0,146.53976934215257,146.53976934215257,0.0,317.4922494703613,1.2211633367309616,0.0,25.342125504903407,3.1884984927058244e-11,0.00016893443716980983,1.1528231409684317e-06
no_latent,Q2,4440.0,122.11145272883604,122.11145272883604,0.0,317.86594850169615,1.0175879625464068,0.0,25.767308848641868,3.606608426245318e-11,0.0008972232672306291,7.34757671930271e-06
no_latent,Q2,4560.0,119.88571526182395,119.88571526182395,0.0,318.1885236225324,0.9990436664776539,0.0,26.101769455699422,3.229858617797338e-11,0.0004752845054838417,3.964479875236561e-06
no_latent,Q2,4680.0,117.41734892681657,117.41734892681657,0.0,318.508067898586,0.9784751967433055,0.0,26.434290350936696,4.037356896650417e-11,0.00032531761991094754,2.7706094787892908e-06
no_latent,Q2,4800.0,111.55260524006192,111.55260524006192,0.0,318.8240115587456,0.929602120515913,0.0,26.76925075083275,3.7892434650259056e-11,0.00035077815236661536,3.1445088316112254e-06
no_latent,Q2,4920.0,106.6696763500634,106.6696763500634,0.0,319.12883703285945,0.88891135663832,0.0,27.081056982212306,3.476023608914009e-11,0.00031355346500561154,2.93948079467877e-06
no_latent,Q2,5040.0,83.85006170908491,83.85006170908491,0.0,319.42458047850914,0.698745391829033,0.0,27.377837877432658,4.366448004429831e-11,0.0006146896009511238,7.3308187068933776e-06
no_latent,Q2,5160.0,91.9821809220813,91.9821809220813,0.0,319.6713235769147,0.7665173215278162,0.0,27.59755127386539,2.941132622465726e-11,0.0001023387433605194,1.1125931385255065e-06
no_latent,Q2,5280.0,73.98614381256186,73.98614381256186,0.0,319.9375048012567,0.6165476504045289,0.0,27.85159598935119,4.2089997601790276e-11,0.00042576401840221934,5.754645349281338e-06
no_latent,Q2,5400.0,68.53366463901607,68.53366463901607,0.0,320.1649312135323,0.5711114666822602,0.0,28.04127672778316,4.514660908338578e-11,0.0002886371448482805,4.211611131093083e-06
no_latent,Q2,5520.0,68.91020822266621,68.91020822266621,0.0,320.381323774922,0.5742505801376,0.0,28.206012742144107,4.8741859223751314e-11,0.00013860615420924205,2.0114023420357505e-06
no_latent,Q2,5640.0,60.216070532782666,60.216070532782666,0.0,320.5996595388728,0.5017987841832509,0.0,28.384519413171713,4.7144145085640536e-11,0.0002164307925625053,3.594236399810855e-06
no_latent,Q2,5760.0,56.24087027351814,56.24087027351814,0.0,320.7995050744719,0.46867257310893684,0.0,28.52994237261636,2.8854971706610853e-11,0.0001615004457207192,2.871585111241853e-06
no_latent,Q2,5880.0,46.49371532993338,46.49371532993338,0.0,320.99134442236516,0.38744603730640104,0.0,28.661675545955415,3.605691521641121e-11,0.0001908531652574652,4.104923943012809e-06
no_latent,Q2,6000.0,57.43873927854021,57.43873927854021,0.0,321.16197820553657,0.47865689822645036,0.0,28.762800492191996,4.468094573852444e-11,-8.850863383003116e-05,1.5409199184561865e-06
no_latent,Q2,6120.0,38.90192391795003,38.90192391795003,0.0,321.35835506671657,0.32418120428051694,0.0,28.908595503492755,3.0761238905044076e-11,0.00017940428799789743,4.611707338081476e-06
no_latent,Q2,6240.0,44.99610776417997,44.99610776417997,0.0,321.5133263198396,0.3749674379519458,0.0,28.982947777193978,3.630409922737886e-11,1.5209946468530688e-05,3.3802804785348265e-07
no_latent,Q2,6360.0,33.53234013660294,33.53234013660294,0.0,321.68296071959173,0.27943518281179175,0.0,29.089556790678547,4.104153028019239e-11,0.00011819918793065654,3.524931079940755e-06
no_latent,Q2,6480.0,23.01873964038954,23.01873964038954,0.0,321.82701290092706,0.19182202630630982,0.0,29.151468783706818,2.9596293768056404e-11,9.648363236181012e-05,4.191525420988573e-06
no_latent,Q2,6600.0,27.181086185689022,27.181086185689022,0.0,321.9474048759341,0.22650880690749847,0.0,29.17467107222325,2.9400518269527605e-11,2.935678920579221e-05,1.080044741598616e-06
no_latent,Q2,6720.0,20.48422597122864,20.48422597122864,0.0,322.07788896801065,0.17070144127840758,0.0,29.209387382215326,4.8776297968314524e-11,5.301781973088282e-05,2.5882266581783284e-06
no_latent,Q2,6840.0,14.946635009004323,14.946635009004323,0.0,322.1933169695848,0.12455494442564348,0.0,29.226663616562128,3.87338068275311e-11,4.1677927105965296e-05,2.788448843559584e-06
no_latent,Q2,6960.0,23.479204568846004,23.479204568846004,0.0,322.2962517224572,0.19566033085522336,0.0,29.221057100633555,2.5383539400360882e-11,-3.5133780798446423e-05,1.4963764262995168e-06
no_latent,Q2,7080.0,13.122012944734456,13.122012944734456,0.0,322.4194689014037,0.10934986160334535,0.0,29.251760159622556,3.661752317073696e-11,2.9552333012716758e-05,2.2521188736195684e-06
no_latent,Q2,7200.0,13.352191782939158,13.352191782939158,0.0,322.51885400791326,0.11126813230929165,0.0,29.25016090831194,3.5122445152619295e-11,1.5905824160000748e-05,1.1912519246708626e-06
no_latent,Q2,7320.0,0.7672705575949417,0.7672705575949417,0.0,322.6191002568756,0.006394029900260901,0.0,29.24414122634435,1.812815685232601e-11,-1.3030436366467946e-05,1.3030436366467946e-05
no_latent,Q2,7440.0,-1.4769702042305923,-1.4769702042305923,0.0,322.6899345195797,-0.012308094436058313,0.0,29.189596186814857,3.970916286450785e-11,1.1280964051785247e-06,7.637903190721966e-07
no_latent,Q2,7560.0,2.5873432784297297,2.5873432784297297,0.0,322.75555213380255,0.02156115641100293,0.0,29.128719383531106,3.922607771156839e-11,4.509109377881515e-06,1.7427565238340208e-06
no_latent,Q2,7680.0,-4.08358835928127,-4.08358835928127,0.0,322.8308989220794,-0.03402982248760468,0.0,29.082586714280062,3.28968303484374e-11,-9.660768708563694e-06,2.365754786866919e-06
no_latent,Q2,7800.0,-4.235465168237925,-4.235465168237925,0.0,322.890472402493,-0.03529553116166795,0.0,29.02435384826464,3.1199735328221986e-11,-1.4288377716553669e-06,3.3735084929285444e-07
no_latent,Q2,7920.0,1.9813331663377736,1.9813331663377736,0.0,322.9497360336351,0.01651115318838445,0.0,28.95678201619075,3.351950964241766e-11,-5.216268360586085e-06,2.6326993947015334e-06
no_latent,Q2,8040.0,-0.4754371875177581,-0.4754371875177581,0.0,323.02394794168157,-0.003961967914535665,0.0,28.913620584279382,3.812646096641334e-11,-1.0377734782629489e-06,1.0377734782629489e-06
no_latent,Q2,8160.0,4.330550895212494,4.330550895212494,0.0,323.0923799873116,0.03608801033485214,0.0,28.85577340134712,3.800608171831108e-11,-1.03449697634872e-05,2.3888288814619827e-06
no_latent,Q2,8280.0,-1.951284477806577,-1.951284477806577,0.0,323.17249840616284,-0.01626065177062728,0.0,28.814956354413134,3.151957531705806e-11,-6.2653313031013624e-06,3.2108753871419972e-06
no_latent,Q2,8400.0,-9.623152268265496,-9.623152268265496,0.0,323.23755457026095,-0.08019263586756427,0.0,28.753628779882654,2.3747521685140527e-11,-3.59641577833969e-05,3.7372533220737635e-06
no_latent,Q2,8520.0,-2.0438348556826282,-2.0438348556826282,0.0,323.2840234502573,-0.01703197767300873,0.0,28.67548580457172,4.0255528589626434e-11,2.4650784191670994e-06,1.2061030465228993e-06
no_latent,Q2,8640.0,-13.275936740587493,-13.275936740587493,0.0,323.3489285391898,-0.11063234725026123,0.0,28.61001766661926,3.020718298492164e-11,-5.507055614550893e-05,4.148148429869056e-06
no_latent,Q2,8760.0,-16.68230884619428,-16.68230884619428,0.0,323.38640945863744,-0.1390188840576936,0.0,28.51335376026338,2.5048447929931113e-11,-4.275927105013011e-05,2.5631506672342145e-06
no_latent,Q2,8880.0,-15.104074282475839,-15.104074282475839,0.0,323.4154153697609,-0.12586722646867105,0.0,28.40620856474763,3.4520548091782016e-11,-7.106235313969478e-06,4.7048466400978486e-07
no_latent,Q2,9000.0,-6.716256509503722,-6.716256509503722,0.0,323.44813414219163,-0.05596888966045497,0.0,28.304898355980058,3.461447057210905e-11,1.0249750873825292e-05,1.526108363653331e-06
no_latent,Q2,9120.0,-22.121285013161092,-22.121285013161092,0.0,323.50141488170186,-0.18434307521424392,0.0,28.222856079622023,3.430082857246288e-11,-0.00011598745182084258,5.243251092865341e-06
no_latent,Q2,9240.0,-22.686452018568808,-22.686452018568808,0.0,323.5165106052369,-0.1890534230514641,0.0,28.098899667255957,3.3255085055622077e-11,-4.1252393113921926e-05,1.8183712940285656e-06
no_latent,Q2,9360.0,-19.536716477227667,-19.536716477227667,0.0,323.52994278118655,-0.1628060099030927,0.0,27.972374239538244,3.109171534749398e-11,4.711143457569733e-06,2.411429948836018e-07
no_latent,Q2,9480.0,-11.828815792306141,-11.828815792306141,0.0,323.55095165833274,-0.09857366397382909,0.0,27.852151065868657,3.093529287771541e-11,2.3884553350228543e-05,2.019179733829125e-06
no_latent,Q2,9600.0,-25.42637970236858,-25.42637970236858,0.0,323.59099429060217,-0.21188558311547828,0.0,27.75333521600078,2.477793653657452e-11,-0.00010972851118395965,4.315538132773891e-06
no_latent,Q2,9720.0,-22.81053504348907,-22.81053504348907,0.0,323.5968202997267,-0.19008772217718914,0.0,27.626291761095494,4.100952823181543e-11,-8.382226376113522e-06,3.674717125281155e-07
no_latent,Q2,9840.0,-16.971105111057085,-16.971105111057085,0.0,323.60892480647567,-0.1414260941348773,0.0,27.485682145789838,3.7546935913585176e-11,2.6185128191968943e-05,1.5429217849404513e-06
no_latent,Q2,9960.0,-12.922156969071924,-12.922156969071924,0.0,323.63544543043525,-0.10768482069159355,0.0,27.37695694348643,2.6428049433119405e-11,2.151391930205193e-05,1.6648833113061821e-06
no_latent,Q2,10080.0,-24.296728451336442,-24.296728451336442,0.0,323.6720205442375,-0.20247199672807648,0.0,27.27871918345719,2.7021854476519113e-11,-8.884396726571708e-05,3.656622637227121e-06
no_latent,Q2,10200.0,-24.689213691989103,-24.689213691989103,0.0,323.6795858117333,-0.20574317153712507,0.0,27.149015738643,3.673854800034023e-11,-3.3107534093801405e-05,1.3409715881127388e-06
no_latent,Q2,10320.0,-25.334817548555673,-25.334817548555673,0.0,323.6858455012269,-0.2111233033679876,0.0,27.009770202218245,3.1060972045962814e-11,-2.114439716294214e-05,8.345983594481253e-07
no_latent,Q2,10440.0,-27.069132863134715,-27.069132863134715,0.0,323.6901210983488,-0.22557586617384837,0.0,26.88170595998176,3.5747621849900733e-11,-2.892227291084737e-05,1.068459527576387e-06
no_latent,Q2,10560.0,-21.70501428528438,-21.70501428528438,0.0,323.6896394065997,-0.18087536426958087,0.0,26.729685349503974,3.434897692911011e-11,2.9427065321385726e-05,1.3557708388600185e-06
no_latent,Q2,10680.0,-13.707183407291213,-13.707183407291213,0.0,323.70254992696965,-0.11422685652659728,0.0,26.602259028594542,2.8535691766141233e-11,3.937590046021455e-05,2.872638833046385e-06
no_latent,Q2,10800.0,-15.44445290212037,-15.44445290212037,0.0,323.7357860949132,-0.12870382137119118,0.0,26.516763427678946,3.611036787627671e-11,5.662422571717229e-06,3.6663134211236765e-07
nominal_proxy,Q2,120.0,-4533.845811795145,-4533.845811795145,0.0,301.15000000000003,9.419060699183346,47.219594602408264,0.0,2.8863569076389467e-11,2.2182565918446926,0.0004892659971086201
nominal_proxy,Q2,240.0,-3279.1018089021427,-3279.1018089021427,0.0,292.49561056647286,12.880503426097778,40.21518620146755,-39.66688881439891,3.714729900230847e-11,1.0601241422300518,0.00032329711122479175
nominal_proxy,Q2,360.0,-2464.7464777795,-2464.7464777795,0.0,286.149290426276,14.927117706772737,35.46980149722093,-49.3755215629398,4.30473585136825e-11,0.3755770742832283,0.00015237959671275694
nominal_proxy,Q2,480.0,-1916.673659881687,-1916.673659881687,0.0,281.32995725958347,16.169198993966333,32.14283068922836,-51.7591470154292,3.950279664424572e-11,0.16214354975636525,8.356605967147291e-05
nominal_proxy,Q2,600.0,-1495.8990287860665,-1495.8990287860665,0.0,277.54612053529524,17.15413519075763,29.620584246968875,-51.818049139588986,3.171546807315705e-11,0.07485795928300831,3.63653614957229e-05
nominal_proxy,Q2,720.0,-1169.1311822147914,-1169.1311822147914,0.0,274.5626039616265,17.91969265312427,27.662761376722194,-50.93851191554191,3.717636633592145e-11,0.03706461695969665,1.723644562305709e-05
nominal_proxy,Q2,840.0,-913.3488278590318,-913.3488278590318,0.0,272.2040966304311,18.476468465315648,26.087872337222674,-49.680720241054274,3.1113510296520404e-11,0.01963676981131357,8.85665725215836e-06
nominal_proxy,Q2,960.0,-699.846861359862,-699.846861359862,0.0,270.337358079557,18.959507066515343,24.79164862460401,-48.313193142344424,1.8152241084746965e-11,0.01012561077823193,4.4505423860741774e-06
nominal_proxy,Q2,1080.0,-520.9734153069032,-520.9734153069032,0.0,268.8833438819491,19.372325846763868,23.71381307915107,-46.902759683513345,4.7075058081082975e-11,0.0050525795609246416,2.173452480999105e-06
nominal_proxy,Q2,1200.0,-377.6717680053936,-377.6717680053936,0.0,267.77699769946565,19.668902224657018,22.816188783010965,-45.51024789975303,3.544012106987539e-11,0.0026189970801056006,1.1096183924381296e-06
nominal_proxy,Q2,1320.0,-253.42482896367972,-253.42482896367972,0.0,266.9506179932126,19.942462550183542,22.054347261415565,-44.178432438763814,3.856554158807026e-11,0.0013363841629825401,5.584332759054709e-07
nominal_proxy,Q2,1440.0,-155.86890564320512,-155.86890564320512,0.0,266.36828604931776,20.1099251331703,21.4088393239818,-42.88969395609197,2.948948620089249e-11,0.0007972541746426032,3.3037342231223793e-07
nominal_proxy,Q2,1560.0,-75.60113544471308,-75.60113544471308,0.0,265.97867770106126,20.218779711832443,20.84879420437172,-41.66761678008132,3.721417880303204e-11,0.0006036600002659043,2.4880334391654297e-07
nominal_proxy,Q2,1680.0,-8.581877675555127,-8.581877675555127,0.0,265.7485832628939,20.290107483748038,20.361628133469903,-40.50984906751251,3.3914427359678065e-11,0.0006002910687001872,2.4654505041476004e-07
nominal_proxy,Q2,1800.0,61.85554291562114,61.85554291562114,0.0,265.6525075769503,20.451618506176754,19.936163434284506,-39.40795940821328,4.2556107693250386e-11,0.0009342885513916599,3.806905515039018e-07
nominal_proxy,Q2,1920.0,101.93471832804545,101.93471832804545,0.0,265.69784607212824,20.437993945499056,19.588545976127506,-38.33531198866679,4.51702357450267e-11,0.0009620034594775007,3.9224473385321215e-07
nominal_proxy,Q2,2040.0,145.43095671965136,145.43095671965136,0.0,265.8248032138984,20.48252979453343,19.2706150609179,-37.33491460035769,3.625506746824066e-11,0.0011886857878380397,4.836177463437188e-07
nominal_proxy,Q2,2160.0,172.01203767175255,172.01203767175255,0.0,266.04049929027315,20.43409441283571,19.00067117525408,-36.37087936014786,2.335453261798971e-11,0.0012491619571335377,5.094271743001224e-07
nominal_proxy,Q2,2280.0,201.51106551508767,201.51106551508767,0.0,266.3114730240738,20.431653462622954,18.7524062655683,-35.45678680912818,3.055479255972787e-11,0.0014018685292285227,5.717715291590155e-07
nominal_proxy,Q2,2400.0,225.70908213856643,225.70908213856643,0.0,266.6437593766818,20.42813350973728,18.547237405077624,-34.5888131702071,3.7653280463651336e-11,0.001549579407821966,6.321263626799055e-07
nominal_proxy,Q2,2520.0,245.78190732707753,245.78190732707753,0.0,267.0269061832935,20.41490395527962,18.36673522305942,-33.743995076588284,4.4960635721179056e-11,0.001659460653371525,6.773893626141544e-07
nominal_proxy,Q2,2640.0,258.92154970321576,258.92154970321576,0.0,267.4528018104389,20.36830625174951,18.210640888364296,-32.92847407287529,4.050545663103854e-11,0.00170609699017632,6.980194986470615e-07
nominal_proxy,Q2,2760.0,258.40899882972275,258.40899882972275,0.0,267.90760313632234,20.22587821139022,18.072483436750183,-32.14959604089586,4.111714132166405e-11,0.001625872918168625,6.698814678468915e-07
nominal_proxy,Q2,2880.0,270.77365941814764,270.77365941814764,0.0,268.363793956968,20.191672536626573,17.935238134623578,-31.421126401264093,4.634923091381987e-11,0.0015311777882516253,6.31934520478741e-07
nominal_proxy,Q2,3000.0,264.6186436662978,264.6186436662978,0.0,268.84737570374375,20.028025406900348,17.82288276157706,-30.706645701505238,4.489862860754598e-11,0.0015262275032341677,6.350382660573924e-07
nominal_proxy,Q2,3120.0,278.76376289792944,278.76376289792944,0.0,269.3208593420269,20.026899845962376,17.703879732748746,-30.034078357744637,3.2761160938854806e-11,0.001349312293825733,5.614582986732915e-07
nominal_proxy,Q2,3240.0,275.6260483941847,275.6260483941847,0.0,269.8254062855174,19.908521131529465,17.611649565363663,-29.355552265388482,3.1622273715914374e-11,0.001460454288519486,6.113187576275818e-07
nominal_proxy,Q2,3360.0,268.969312655533,268.969312655533,0.0,270.3259303803524,19.765180631378243,17.523781130145622,-28.719909435393735,4.8273435890404066e-11,0.001372507618441432,5.786723481218386e-07
nominal_proxy,Q2,3480.0,261.07956048581093,261.07956048581093,0.0,270.81515957091534,19.61130917139405,17.435656545846115,-28.117960449407875,4.5583562558463294e-11,0.0012454200585807484,5.292099776445041e-07
nominal_proxy,Q2,3600.0,268.7522382067031,268.7522382067031,0.0,271.2904699632064,19.589342307928693,17.349748585999265,-27.549621815535644,3.2606664025737535e-11,0.0009915751717812782,4.2181745061273396e-07
nominal_proxy,Q2,3720.0,261.32313151627284,261.32313151627284,0.0,271.7836314241604,19.45778450434378,17.28010112929109,-26.968741109173273,4.740506230637813e-11,0.0011265099499269127,4.824589826227087e-07
nominal_proxy,Q2,3840.0,257.5810633841999,257.5810633841999,0.0,272.2637128017771,19.355450343445554,17.208949856952234,-26.42011891154736,4.667119973527008e-11,0.0010050050015593115,4.3269681309673157e-07
nominal_proxy,Q2,3960.0,250.5161677357562,250.5161677357562,0.0,272.7381895812719,19.22886204911614,17.141235380211462,-25.88672757336421,4.386503867946836e-11,0.0009674671946697799,4.192773655380583e-07
nominal_proxy,Q2,4080.0,234.64113499692562,234.64113499692562,0.0,273.2001535446555,19.03326584434695,17.07793116350949,-25.383344298150305,4.140500579803091e-11,0.0009732964304305369,4.261383019210086e-07
nominal_proxy,Q2,4200.0,234.94728050683364,234.94728050683364,0.0,273.6313021186217,18.95569373768481,16.99780533453988,-24.90459044515496,4.0489677632438975e-11,0.0006721294418809975,2.954826533837924e-07
nominal_proxy,Q2,4320.0,241.3262532274375,241.3262532274375,0.0,274.064960818202,18.944957006590485,16.93390893871865,-24.433379212165203,4.5887598010856783e-11,0.00048508281707881906,2.133737652497138e-07
nominal_proxy,Q2,4440.0,217.62754511967665,217.62754511967665,0.0,274.5136946784012,18.699280626258993,16.88572524498219,-23.95480879342393,3.5410033034510806e-11,0.00089936646028832,4.008026111912559e-07
nominal_proxy,Q2,4560.0,218.7761614651138,218.7761614651138,0.0,274.9150742846482,18.63145272911,16.80832224966018,-23.520073238025294,3.7389853642903925e-11,0.0005039311354835263,2.2539445474738282e-07
nominal_proxy,Q2,4680.0,217.8353931395112,217.8353931395112,0.0,275.3205732841838,18.562337053710323,16.747045888835938,-23.08758983276392,3.859318673357248e-11,0.00045335458506201576,2.0352797519974155e-07
nominal_proxy,Q2,4800.0,212.4190069889979,212.4190069889979,0.0,275.7258250572215,18.466936866329963,16.6967826308367,-22.66790075643463,3.6907149679642036e-11,0.0004987298064520473,2.250552839659807e-07
nominal_proxy,Q2,4920.0,208.50299153954407,208.50299153954407,0.0,276.12144170772586,18.378810353204322,16.641289131659533,-22.254356639233308,3.6617548196139256e-11,0.00044495416941003896,2.0175143768779614e-07
nominal_proxy,Q2,5040.0,186.48579319652066,186.48579319652066,0.0,276.51051065911327,18.14133615945328,16.587293367056166,-21.850344407688496,2.784184956391165e-11,0.0006581088667587665,3.0230631901196905e-07
nominal_proxy,Q2,5160.0,196.9137717109781,196.9137717109781,0.0,276.8550126862765,18.15588568509777,16.51493855637525,-21.491626619341822,3.685804541773164e-11,0.0001162642757606136,5.336390531842912e-08
nominal_proxy,Q2,5280.0,178.69119595562202,178.69119595562202,0.0,277.22289260072057,17.957203635349455,16.468114649416144,-21.114893121888628,2.8364392126362484e-11,0.0005176436247325,2.402209698329173e-07
nominal_proxy,Q2,5400.0,174.95254423076022,174.95254423076022,0.0,277.5539128062325,17.858457022893994,16.400521766660205,-20.76931047453987,3.0104524667060966e-11,0.0003134827055646383,1.4628116395253852e-07
nominal_proxy,Q2,5520.0,176.85519266117402,176.85519266117402,0.0,277.87844565993004,17.806232859096376,16.3324408839038,-20.42216913147587,3.392111349327717e-11,0.0001556380649105904,7.283875733391587e-08
nominal_proxy,Q2,5640.0,168.10473346160427,168.10473346160427,0.0,278.20838420580174,17.681013022958457,16.280142779723658,-20.082152501413717,2.9503021998987493e-11,0.00030427342841221616,1.4340874587574203e-07
nominal_proxy,Q2,5760.0,164.96709664905643,164.96709664905643,0.0,278.5211574228983,17.59317444694163,16.218450428786063,-19.754517032983827,3.011020835448715e-11,0.00021447038824362608,1.0158787663668303e-07
nominal_proxy,Q2,5880.0,155.81522287949784,155.81522287949784,0.0,278.828588050404,17.456850612216204,16.15839276149719,-19.432112730780414,4.680861819768414e-11,0.00028079321612040076,1.340415587925423e-07
nominal_proxy,Q2,6000.0,167.57209883086665,167.57209883086665,0.0,279.1178537542604,17.490900579978973,16.094465334925843,-19.129215206687274,3.564455748975077e-11,-0.00013057550896178327,6.221116153354193e-08
nominal_proxy,Q2,6120.0,147.81070502631962,147.81070502631962,0.0,279.4333863491994,17.28465336091553,16.0529005025666,-18.809221107161992,4.383109284494044e-11,0.0003620244480373458,1.7454040513956928e-07
nominal_proxy,Q2,6240.0,155.2220901844624,155.2220901844624,0.0,279.7080293209538,17.277969004950776,15.984451461717743,-18.51941090874801,3.2263609328293564e-11,-1.5003501601995595e-05,7.2363354732726095e-09
nominal_proxy,Q2,6360.0,142.846267090239,142.846267090239,0.0,279.99968920736524,17.12899777558584,15.938614301080147,-18.22597411286714,4.4856270682763743e-11,0.0002501495557112321,1.2169886751331767e-07
nominal_proxy,Q2,6480.0,132.95971714501275,132.95971714501275,0.0,280.2660242599752,16.98503066204814,15.877034947603121,-17.949864704910794,4.6084508256015e-11,0.00023141161062767424,1.135370389923931e-07
nominal_proxy,Q2,6600.0,138.16293359934826,138.16293359934826,0.0,280.5122559916281,16.960234424981454,15.808876588202983,-17.689534389212376,2.818073233714977e-11,-6.814068285621033e-06,3.3480611739974444e-09
nominal_proxy,Q2,6720.0,131.55811387702903,131.55811387702903,0.0,280.77073066751296,16.846171769399604,15.749855222953208,-17.415367520008694,4.4358255590292684e-11,0.00012830346156533778,6.34681592756066e-08
nominal_proxy,Q2,6840.0,126.22612475243606,126.22612475243606,0.0,281.0160641462867,16.741120665331177,15.689237322984047,-17.157834573122656,4.9264491870624294e-11,0.0001236707804253001,6.156038520239132e-08
nominal_proxy,Q2,6960.0,135.27304985354903,135.27304985354903,0.0,281.250923560058,16.75161177728802,15.624335177576869,-16.906775870745196,3.1351712449979384e-11,-0.0001421117889890411,7.069557986340429e-08
nominal_proxy,Q2,7080.0,123.8175375086847,123.8175375086847,0.0,281.506354759175,16.60871602171489,15.57690450036096,-16.64459968138395,4.841768619683599e-11,0.0001549462130867596,7.774342343510921e-08
nominal_proxy,Q2,7200.0,123.93517017056914,123.93517017056914,0.0,281.7380132448606,16.55242659531235,15.519633787223674,-16.40651522784727,4.577966376441142e-11,3.319992784156511e-05,1.671453208103806e-08
nominal_proxy,Q2,7320.0,111.14363994556942,111.14363994556942,0.0,281.9708938537643,16.38947918598512,15.4632836322452,-16.16433423502754,3.8240409108274826e-11,0.00017349677906963734,8.821552386382771e-08
nominal_proxy,Q2,7440.0,109.8856554384332,109.8856554384332,0.0,282.17692388600983,16.30871576608162,15.393002497103394,-15.941296194622788,4.351795497540687e-11,6.316104622783314e-05,3.227366639090492e-08
nominal_proxy,Q2,7560.0,114.28080303273984,114.28080303273984,0.0,282.38110556309044,16.28005128807803,15.327710758422079,-15.721399389032824,4.581407879431489e-11,-6.052597444750063e-05,3.098166654826211e-08
nominal_proxy,Q2,7680.0,107.20537633052405,107.20537633052405,0.0,282.5957619300396,16.163590940647975,15.27021343247512,-15.493339644864578,4.335660099587188e-11,7.534978155376848e-05,3.884748436081319e-08
nominal_proxy,Q2,7800.0,106.5788415426341,106.5788415426341,0.0,282.7958467100512,16.101626356323443,15.213469464389757,-15.286619363494161,4.644258709708067e-11,1.4510591725525046e-05,7.509899623600462e-09
nominal_proxy,Q2,7920.0,112.63611489631586,112.63611489631586,0.0,282.99539888499856,16.092211054212672,15.153575743301108,-15.074291714297324,4.975299113386795e-11,-0.00012241307189242434,6.339147112850113e-08
nominal_proxy,Q2,8040.0,109.13991852133353,109.13991852133353,0.0,283.2091011513278,16.013044412227444,15.103545106419881,-14.853615820814111,4.1295166553108996e-11,1.8244260076016872e-06,9.494478171644907e-10
nominal_proxy,Q2,8160.0,113.66101988803831,113.66101988803831,0.0,283.4160009015706,15.993469048720344,15.046292938270756,-14.635438155646726,4.865595157748527e-11,-0.00011336591224164749,5.906885694837108e-08
nominal_proxy,Q2,8280.0,106.49434482039337,106.49434482039337,0.0,283.6337390007975,15.883206318922444,14.995753913780124,-14.411223711919764,4.673476921160577e-11,5.620331504019305e-05,2.9487809278803738e-08
nominal_proxy,Q2,8400.0,98.51439607421896,98.51439607421896,0.0,283.8365533950375,15.760262685602143,14.939310184848091,-14.201814939188646,3.8154395689454823e-11,9.598373276276106e-05,5.075197385005487e-08
nominal_proxy,Q2,8520.0,105.62621045563928,105.62621045563928,0.0,284.02256218012496,15.764009011643509,14.883789668391605,-14.014325738696671,4.6868159371281956e-11,-0.00011073458915689116,5.8537662741280417e-08
nominal_proxy,Q2,8640.0,93.79700893763497,93.79700893763497,0.0,284.2251071251037,15.611947959333504,14.830307071735742,-13.804962381811222,3.536843361936591e-11,0.00010242590354891945,5.467281843779824e-08
nominal_proxy,Q2,8760.0,90.34323968616296,90.34323968616296,0.0,284.4022281209359,15.523213128831344,14.770353236987107,-13.621758938780953,3.573993301211216e-11,5.26648545644548e-05,2.8272097045553072e-08
nominal_proxy,Q2,8880.0,91.6809047039809,91.6809047039809,0.0,284.5724129828803,15.47564195388914,14.711634254935516,-13.445805367699426,4.2055992620661215e-11,-1.9170453896322215e-05,1.0322917972989452e-08
nominal_proxy,Q2,9000.0,99.44910796300138,99.44910796300138,0.0,284.7462986143317,15.48579304344718,14.65704909573405,-13.267328103822617,4.822967205407938e-11,-0.00016576257405631623,8.920142351942099e-08
nominal_proxy,Q2,9120.0,83.24079326188306,83.24079326188306,0.0,284.93825705818364,15.299052686229373,14.605380309415205,-13.069026749064577,3.2780604992497106e-11,0.00010804418282361894,5.8851237959801456e-08
nominal_proxy,Q2,9240.0,82.654978689651,82.654978689651,0.0,285.09475406360025,15.233519954597273,14.544728660251074,-12.906734845181681,3.847469037253768e-11,2.3368107108012737e-05,1.2783271790137903e-08
nominal_proxy,Q2,9360.0,85.41081357645184,85.41081357645184,0.0,285.25060227308524,15.199139495187115,14.487382322723187,-12.745601741943853,4.1385206341038764e-11,-4.711921951638942e-05,2.5834367975957873e-08
nominal_proxy,Q2,9480.0,92.59298514533978,92.59298514533978,0.0,285.4132977132511,15.203464179950311,14.431854624478827,-12.576342668768492,4.59876252448031e-11,-0.00016151123826091407,8.852765195991117e-08
nominal_proxy,Q2,9600.0,78.1047945340712,78.1047945340712,0.0,285.59283416481156,15.031744268938192,14.380871668535324,-12.391924223099592,3.2269065765138084e-11,8.248572699187662e-05,4.5728629091039845e-08
nominal_proxy,Q2,9720.0,80.08674685256689,80.08674685256689,0.0,285.7404641598498,14.994379918711429,14.326990228567825,-12.244526457744403,4.1285918897369637e-11,-1.596466564990351e-05,8.872583003572149e-09
nominal_proxy,Q2,9840.0,86.0697851338756,86.0697851338756,0.0,285.89318428274265,14.982303651285102,14.265054451472837,-12.080332565029435,4.7917918313167156e-11,-0.00011884359622627017,6.610220463664388e-08
nominal_proxy,Q2,9960.0,88.94942155561831,88.94942155561831,0.0,286.06009593705545,14.958291149737223,14.217044990660153,-11.913670252276109,3.9292417011053485e-11,-0.00011753363008892848,6.547853010769505e-08
nominal_proxy,Q2,10080.0,76.47965950835797,76.47965950835797,0.0,286.23421720220836,14.806860866274933,14.169530951726996,-11.740649479291084,3.307062229049598e-11,6.976260550572988e-05,3.926254532486453e-08
nominal_proxy,Q2,10200.0,75.6401058611653,75.6401058611653,0.0,286.380740568768,14.745439451798605,14.11510531610946,-11.593939746204322,3.551492640631899e-11,9.578467924598044e-06,5.413237516538088e-09
nominal_proxy,Q2,10320.0,74.74695167947627,74.74695167947627,0.0,286.52596389447757,14.681094863485429,14.05820353556733,-11.44454505691132,3.688321441659905e-11,-7.670695609363065e-06,4.354066505649095e-09
nominal_proxy,Q2,10440.0,71.93348400720878,71.93348400720878,0.0,286.66976268938214,14.60938941015551,14.009943753838726,-11.30443517775608,3.375331657822769e-11,5.2491947712951514e-06,2.9941901425658077e-09
nominal_proxy,Q2,10560.0,77.40345720834587,77.40345720834587,0.0,286.80772838294536,14.594821166820982,13.949791573145173,-11.158426201663241,4.2254557097888744e-11,-9.403275110742015e-05,5.369070646853188e-08
nominal_proxy,Q2,10680.0,84.53702467968272,84.53702467968272,0.0,286.95879551790443,14.604409716187996,13.899932985179895,-11.007482693606738,4.062732904933328e-11,-0.00018304128948898324,1.044440760508191e-07
nominal_proxy,Q2,10800.0,80.69324157070102,80.69324157070102,0.0,287.1268275134749,14.537392542861614,13.864948547601905,-10.853349777078051,4.152128632378874e-11,-3.7860464033201424e-05,2.1702919970904207e-08
nominal_proxy,Q3,300.0,-9067.726298658643,-9067.726298658643,0.0,301.15000000000003,14.124059004936422,44.418322636915974,0.0,4.920858356817354e-11,20.55279093522404,0.0022665870426927578
nominal_proxy,Q3,600.0,-4434.300864994741,-4434.300864994741,0.0,283.73225808381653,17.264311180343075,32.05393799552566,-118.6584770986014,4.2983614970908106e-11,2.587179560034201,0.0004995236576018029
nominal_proxy,Q3,900.0,-2368.5760733649217,-2368.5760733649217,0.0,274.94939286405236,18.74279734330795,26.639327366144943,-122.21997675421453,4.9653593629081646e-11,0.3829334861766256,6.810322549733141e-05
nominal_proxy,Q3,1200.0,-1184.990585099738,-1184.990585099738,0.0,270.1164031536938,19.658665947148098,23.608848843488477,-115.5495116580799,4.3794418038805895e-11,0.06428380237593956,1.0899994019391614e-05
nominal_proxy,Q3,1500.0,-483.37601084196325,-483.37601084196325,0.0,267.57828725984785,20.085790866981277,21.697094610838658,-107.98748918759836,4.224338091015819e-11,0.015112315250917163,2.5079612002001647e-06
nominal_proxy,Q3,1800.0,10.002557239636076,10.002557239636076,0.0,266.41827083225036,20.399635424174193,20.366354952663958,-101.01448192491696,4.844356015056876e-11,0.018415786565626036,3.009169229858354e-06
nominal_proxy,Q3,2100.0,278.61678986645575,278.61678986645575,0.0,266.24060953521683,20.405370081296756,19.476722803486425,-94.64216232365672,2.6450810436934276e-11,0.022606523356444086,3.6929042479794527e-06
nominal_proxy,Q3,2400.0,476.9854746538881,476.9854746538881,0.0,266.60826786973917,20.39127874157532,18.801436288641046,-89.00201369718629,3.448903683781968e-11,0.032738773605899496,5.351760756940522e-06
nominal_proxy,Q3,2700.0,592.340988565154,592.340988565154,0.0,267.38566701972206,20.30400198157168,18.329655985471252,-83.8652266220749,3.1462573618540096e-11,0.03718973502554945,6.105485191097402e-06
nominal_proxy,Q3,3000.0,613.6848629205543,613.6848629205543,0.0,268.40923622784044,20.0276688695746,17.982159103500447,-79.17379438825382,3.460458580083677e-11,0.031933098308059016,5.314830284046149e-06
nominal_proxy,Q3,3300.0,662.3977576672025,662.3977576672025,0.0,269.4904462992756,19.872910473770222,17.665031328287192,-74.95724363817472,4.873988134485863e-11,0.0340140222934906,5.705257640106766e-06
nominal_proxy,Q3,3600.0,641.8090910435867,641.8090910435867,0.0,270.68477312068694,19.597578476915867,17.458311766846244,-71.04965307223108,3.1306919665773317e-11,0.02907802269965032,4.945853001499061e-06
nominal_proxy,Q3,3900.0,617.095794922971,617.095794922971,0.0,271.8509144367102,19.309100563359106,17.252197029828324,-67.47605009994663,4.2650237446455036e-11,0.02473486373628475,4.269983758025056e-06
nominal_proxy,Q3,4200.0,575.7686278020794,575.7686278020794,0.0,272.9794456899405,18.986575252951482,17.067413713091803,-64.2056802218587,2.910331030195935e-11,0.020165844175608072,3.540368902227952e-06
nominal_proxy,Q3,4500.0,551.7026016716796,551.7026016716796,0.0,274.0349997138975,18.723326803027106,16.88437546909119,-61.230471884247294,2.6690941701633735e-11,0.01720149090454015,3.062399306402302e-06
nominal_proxy,Q3,4800.0,534.5469091949138,534.5469091949138,0.0,275.0520661682495,18.504066323127297,16.72229407810797,-58.44620506699917,2.7649603874146848e-11,0.015235689116138929,2.744565951088025e-06
nominal_proxy,Q3,5100.0,472.1182567395695,472.1182567395695,0.0,276.0442167716907,18.153658149897197,16.579971022118368,-55.80588592777109,2.4348687581365563e-11,0.012118405920830355,2.225154074689712e-06
nominal_proxy,Q3,5400.0,449.1157790708449,449.1157790708449,0.0,276.91587342461173,17.909723057501058,16.412702396159872,-53.487408331428085,2.6483658031236825e-11,0.009580668489263644,1.7831410082861875e-06
nominal_proxy,Q3,5700.0,440.5566686196921,440.5566686196921,0.0,277.74829518865647,17.72713274043291,16.258638366185103,-51.27979527752132,3.042601617383927e-11,0.008356345349852745,1.5712910207964587e-06
nominal_proxy,Q3,6000.0,418.87236880173543,418.87236880173543,0.0,278.571391380533,17.51540160681581,16.119185667704677,-49.11990205784193,3.2439133764148923e-11,0.007587068395366714,1.443885133339704e-06
nominal_proxy,Q3,6300.0,377.8975731718012,377.8975731718012,0.0,279.3569587450769,17.24767707305885,15.988040019095575,-47.10771147743028,3.1444048218528646e-11,0.006456982818860979,1.2478941930382983e-06
nominal_proxy,Q3,6600.0,342.5288621618304,342.5288621618304,0.0,280.06302583747646,16.98704040745654,15.845294113428098,-45.299941638806146,3.103682203772641e-11,0.004973953297792377,9.760290155486291e-07
nominal_proxy,Q3,6900.0,342.990493394373,342.990493394373,0.0,280.70043753157796,16.8262211452512,15.682931856799343,-43.60699586273619,3.730086929464619e-11,0.003706858815803571,7.343417126171441e-07
nominal_proxy,Q3,7200.0,306.36117491122786,306.36117491122786,0.0,281.34561662584474,16.575480208181347,15.55428849655277,-41.95986635944629,3.837831263244249e-11,0.0036614226549431805,7.363130376832101e-07
nominal_proxy,Q3,7500.0,289.6220229370682,289.6220229370682,0.0,281.91800876379125,16.360658951052702,15.395261298217308,-40.43799414927133,3.849985103088586e-11,0.002727086450022398,5.556187066754072e-07
nominal_proxy,Q3,7800.0,262.21243212679246,262.21243212679246,0.0,282.4599953647947,16.123984751203903,15.249951012536652,-39.02442527076698,4.903848165004371e-11,0.002310526617236519,4.776583152135108e-07
nominal_proxy,Q3,8100.0,250.1154068079311,250.1154068079311,0.0,282.9476519596009,15.919231261682999,15.085518806347176,-37.698360554042196,4.212418315591416e-11,0.0016702071843042177,3.4972525931038406e-07
nominal_proxy,Q3,8400.0,261.9125906328925,261.9125906328925,0.0,283.41395469493193,15.80506870594693,14.932030026421847,-36.44635671917871,4.180250231906235e-11,0.0009867753677212932,2.0811369358362905e-07
nominal_proxy,Q3,8700.0,237.1232360869186,237.1232360869186,0.0,283.9113290623678,15.593417459914614,14.803011851267263,-35.165798327210446,4.038002258517315e-11,0.001553492713298965,3.3208301244044545e-07
nominal_proxy,Q3,9000.0,256.3588751587099,256.3588751587099,0.0,284.35882894312925,15.511947504126297,14.657419672584815,-33.99185318256978,3.575413673925354e-11,0.0005256962652993025,1.1296588541605606e-07
nominal_proxy,Q3,9300.0,231.5553421969981,231.5553421969981,0.0,284.85399252013246,15.307532506588986,14.535686071614222,-32.745851130836144,4.951070981034644e-11,0.001411704568965888,3.074095641820419e-07
nominal_proxy,Q3,9600.0,197.68466525456444,197.68466525456444,0.0,285.2986387073466,15.061673624508515,14.402728978227925,-31.625627774676822,3.7976149660705914e-11,0.0012713703874567273,2.813698794154234e-07
nominal_proxy,Q3,9900.0,206.4212676183496,206.4212676183496,0.0,285.6716035509202,14.945925331372294,14.25785576704715,-30.661952912065974,3.717551777492733e-11,0.00039832080653923185,8.88359865555096e-08
nominal_proxy,Q3,10200.0,195.873425518844,195.873425518844,0.0,286.06827718197314,14.77717403348027,14.124264616012226,-29.64820335133517,4.591057429496756e-11,0.0006002784309657727,1.3540668186527345e-07
nominal_proxy,Q3,10500.0,179.67261426356066,179.67261426356066,0.0,286.4451146602155,14.594148865712567,13.995242182156902,-28.702353817187323,4.244487607678839e-11,0.0006091968612054188,1.3914180420544275e-07
nominal_proxy,Q3,10800.0,212.534797126228,212.534797126228,0.0,286.78887204343727,14.565159453593065,13.856708004399025,-27.81811372703037,4.09875741211737e-11,-0.0006376319840910583,1.459263081699989e-07
nominal_proxy,Q3,11100.0,187.56903912884184,187.56903912884184,0.0,287.2116364820394,14.375687338624424,13.750459513181717,-26.811903983332826,4.528741663985828e-11,0.000691496029787686,1.6033923885962256e-07
nominal_proxy,Q3,11400.0,193.02829155383387,193.02829155383387,0.0,287.5811177668155,14.265876409082829,13.622449279740628,-25.906718803734464,3.793820071383026e-11,0.00015275117385726844,3.5691503621890925e-08
nominal_proxy,Q3,11700.0,150.73897638615438,150.73897638615438,0.0,287.96701821744125,14.019367019279636,13.516906227491415,-25.01527776484117,3.20019829569108e-11,0.0007388496878490969,1.7567357281134022e-07
nominal_proxy,Q3,12000.0,178.9686767386047,178.9686767386047,0.0,288.25842109374685,13.9731563733597,13.376592591839662,-24.278194069365387,3.664997498597135e-11,-0.00045771740661848526,1.0918969543897257e-07
nominal_proxy,Q3,12300.0,148.39562572457112,148.39562572457112,0.0,288.61882940980024,13.75738913431229,13.262738668139722,-23.428517933208493,3.873035856529444e-11,0.00048587280093670415,1.177240817505819e-07
nominal_proxy,Q3,12600.0,168.19323915720418,168.19323915720418,0.0,288.91112978061284,13.695456093649247,13.13481077032726,-22.71767144532642,3.4441175184574005e-11,-0.0003578393919383416,8.709443226800754e-08
nominal_proxy,Q3,12900.0,161.71708606296247,161.71708606296247,0.0,289.25310071385314,13.566946740403244,13.027890048632983,-21.935854474856644,4.3423702057470475e-11,7.853188415651857e-05,1.929490490360801e-08
nominal_proxy,Q3,13200.0,136.6875276918023,136.6875276918023,0.0,289.5831228771617,13.380797950754774,12.925174106235184,-21.1987672544081,3.42791208149213e-11,0.0003743359254713141,9.325201851413723e-08
nominal_proxy,Q3,13500.0,164.44615973611138,164.44615973611138,0.0,289.8568733932062,13.344887659334415,12.796731615472991,-20.540615790758707,3.6483772575067115e-11,-0.0006534223156506869,1.6321414170757602e-07
nominal_proxy,Q3,13800.0,122.43994906713176,122.43994906713176,0.0,290.1997316004345,13.10970731180799,12.701575477993101,-19.796488425215756,4.514423235144806e-11,0.0003989226652834077,1.0143187685156422e-07
nominal_proxy,Q3,14100.0,154.04567706870336,154.04567706870336,0.0,290.4451313538159,13.088588150104378,12.575100245010589,-19.21235890909238,3.4548123524548865e-11,-0.0006944594335607235,1.768613048243316e-07
nominal_proxy,Q3,14400.0,145.71020288810766,145.71020288810766,0.0,290.7692122763586,12.966475183571704,12.480774430701937,-18.51922091725918,3.948547454859503e-11,-2.2972822705469298e-05,5.9056971613934215e-09
nominal_proxy,Q3,14700.0,127.32743762429,127.32743762429,0.0,291.076234921385,12.800674347708323,12.376250272816899,-17.852934603893512,3.562571982549712e-11,0.00021515686258055666,5.602748124465691e-08
nominal_proxy,Q3,15000.0,127.45681870670268,127.45681870670268,0.0,291.3415531121462,12.68963438994291,12.264778214639774,-17.26633503289253,4.66559737504149e-11,-3.388423803585283e-05,8.900765510551292e-09
nominal_proxy,Q3,15300.0,125.88554696765263,125.88554696765263,0.0,291.60980399659553,12.578248780660404,12.158630048640493,-16.685241214945975,4.3245924604600674e-11,-7.263832071657816e-05,1.9249717503934966e-08
nominal_proxy,Q3,15600.0,123.99099775732869,123.99099775732869,0.0,291.87681911808676,12.467668981702744,12.05436537408384,-16.113733776784763,4.276801056023402e-11,-8.452834239847107e-05,2.2599344090843516e-08
nominal_proxy,Q3,15900.0,121.98055129099978,121.98055129099978,0.0,292.14175936592557,12.358181869174977,11.951579730102647,-15.553226132977462,4.204768297869403e-11,-9.04306992168813e-05,2.439158666277134e-08
nominal_proxy,Q3,16200.0,119.92701506669985,119.92701506669985,0.0,292.4042848157279,12.24987157317982,11.850114539890528,-15.004128384514342,4.137588119075083e-11,-9.492008786082806e-05,2.5828866121516057e-08
nominal_proxy,Q3,16500.0,117.86556860496242,117.86556860496242,0.0,292.66423143461554,12.142757520044501,11.749871961168147,-14.466482110383577,4.0855713542448155e-11,-9.905794398434864e-05,2.7192599874405246e-08
nominal_proxy,Q3,16800.0,115.81708113668032,115.81708113668032,0.0,292.92152112867797,12.036832863362234,11.650775582735218,-13.94016219458561,4.0538507468172466e-11,-0.00010305142447464277,2.853780160845886e-08
nominal_proxy,Q3,17100.0,113.79536798398202,113.79536798398202,0.0,293.1761277763814,11.932077568280361,11.552759318665883,-13.424953153338745,4.04561698772451e-11,-0.00010690036138782943,2.9863578737259753e-08
nominal_proxy,Q3,17400.0,111.80995997040853,111.80995997040853,0.0,293.4280605931091,11.828463928473862,11.455763693351328,-12.920585112849043,4.06331006924154e-11,-0.00011056635190698216,3.115827283958746e-08
nominal_proxy,Q3,17700.0,109.8674262517829,109.8674262517829,0.0,293.67735403861127,11.725959468578095,11.359734334354245,-12.426754617362931,4.1082931594440313e-11,-0.00011401537204847045,3.241109959317075e-08
nominal_proxy,Q3,18000.0,107.9721556252403,107.9721556252403,0.0,293.9240608057645,11.624528756539707,11.26462118036868,-11.9431383848966,4.1805342613776986e-11,-0.00011722606782882394,3.3614572049605336e-08
nominal_proxy,Q3,18300.0,106.12689066554935,106.12689066554935,0.0,294.16824661024185,11.524134653138331,11.170377947177952,-11.469403024982817,4.343760590160895e-11,-0.00012112256428054025,3.503446402591143e-08
nominal_proxy,Q3,18600.0,104.33312633047771,104.33312633047771,0.0,294.40998620722286,11.424739207716977,11.07696170720937,-11.005212089525703,4.292342953671909e-11,-0.0001238218045642725,3.612680701444679e-08
nominal_proxy,Q3,18900.0,102.59140876981412,102.59140876981412,0.0,294.64936032689684,11.326304321259112,10.984332537771051,-10.550231206807924,4.224830994936734e-11,-0.0001262766042060548,3.716322659899977e-08
nominal_proxy,Q3,19200.0,100.90157425920052,100.90157425920052,0.0,294.8864533010445,11.228792226420081,10.89245321723361,-10.104131826361234,4.143946872788907e-11,-0.00012849674074288941,3.814501689105711e-08
nominal_proxy,Q3,19500.0,99.26293140823742,99.26293140823742,0.0,295.121351247883,11.132165839262608,10.801288966250738,-9.666593892583899,4.0551418979753446e-11,-0.00013049532380193796,3.907455377092548e-08
nominal_proxy,Q3,19800.0,97.67440363113423,97.67440363113423,0.0,295.3541406853923,11.036389011897903,10.710807225500764,-9.237307719904038,3.967263321253856e-11,-0.00013228800750653136,3.9955099856156694e-08
nominal_proxy,Q3,20100.0,96.13463913022937,96.13463913022937,0.0,295.58490748289665,10.941426711688626,10.620977468280998,-8.815975290556995,3.89120700258868e-11,-0.00013389205909675184,4.07905545973318e-08
nominal_proxy,Q3,20400.0,94.64209607567452,94.64209607567452,0.0,295.8137360762153,10.847245142701029,10.531771038026536,-8.402311049662483,3.830463118810297e-11,-0.00013532667341564775,4.158557361350171e-08
nominal_proxy,Q3,20700.0,93.19510722493575,93.19510722493575,0.0,296.0407088893691,10.75381182671874,10.44316101393847,-7.9960424048591205,3.769373125320775e-11,-0.00013660914540025715,4.234441008810177e-08
nominal_proxy,Q3,21000.0,91.79192935542414,91.79192935542414,0.0,296.265905914677,10.661095652121485,10.355122095099492,-7.596909948095064,3.694660973543928e-11,-0.00013775117369618783,4.306973635452947e-08
nominal_proxy,Q3,21300.0,90.43078047181518,90.43078047181518,0.0,296.489404415796,10.569066899455159,10.26763050200387,-7.204667491202802,3.61483897532453e-11,-0.00013876357138542517,4.3764056217229704e-08
nominal_proxy,Q3,21600.0,89.10986773684472,89.10986773684472,0.0,296.71127872476666,10.477697249264047,10.180663891272854,-6.8190819620747884,3.541362874474919e-11,-0.0001396605131844808,4.443104556976663e-08
nominal_proxy,Q3,21900.0,87.82740774770816,87.82740774770816,0.0,296.93160011110626,10.386959778784277,10.094201284768491,-6.439933192604704,3.4791209371351314e-11,-0.00014045702754117428,4.5074795876287946e-08
nominal_proxy,Q3,22200.0,86.58164210645847,86.58164210645847,0.0,297.1504367042947,10.296828946831246,10.008223002587298,-6.067013641474624,3.4288489278405754e-11,-0.00014116672576847122,4.569909386582361e-08
nominal_proxy,Q3,22500.0,85.37084807523075,85.37084807523075,0.0,297.36785345867025,10.207280573487749,9.922710607231712,-5.700128056599805,3.39001068537868e-11,-0.00014180158015619782,4.630733234488571e-08
nominal_proxy,Q3,22800.0,84.19334661212288,84.19334661212288,0.0,297.5839121485087,10.118291814009131,9.837646852189106,-5.339093103174357,3.3742632620715335e-11,-0.00014193388464889267,4.675818384429283e-08
nominal_proxy,Q3,23100.0,83.04750651327217,83.04750651327217,0.0,297.7986713870072,10.029841131681437,9.75301563513679,-4.98373696565171,3.37723454653137e-11,-0.00014245012161495652,4.734209968856396e-08
nominal_proxy,Q3,23400.0,81.93174998114696,81.93174998114696,0.0,298.0121866591519,9.941908263709772,9.668801954039505,-4.633898939051675,3.382970736473225e-11,-0.00014291993301185357,4.791834364888944e-08
nominal_proxy,Q3,23700.0,80.84455336363465,80.84455336363465,0.0,298.2245103727524,9.854474189227204,9.584991866845145,-4.2894290026005395,3.391462511166046e-11,-0.00014335098299511628,4.848930554875128e-08
nominal_proxy,Q3,24000.0,79.78444889068933,79.78444889068933,0.0,298.43569191476314,9.767521094582639,9.501572452446442,-3.950187395415549,3.40255089927591e-11,-0.00014375016962731024,4.9057199616061715e-08
nominal_proxy,Q3,24300.0,78.75002522880476,78.75002522880476,0.0,298.64577771575836,9.681032337975212,9.418531773463974,-3.616044189730393,3.415692305491234e-11,-0.00014412456688717157,4.962437952745414e-08
nominal_proxy,Q3,24600.0,77.73992753300239,77.73992753300239,0.0,298.85481131943675,9.594992413567187,9.3358588401956,-3.2868788662091064,3.430923584394469e-11,-0.00014447847370036015,5.019231819856004e-08
nominal_proxy,Q3,24900.0,76.75285711935067,76.75285711935067,0.0,299.06283345583427,9.509386915276927,9.253543575486345,-2.9625798932941487,3.447558335621509e-11,-0.00014481782392294917,5.076311270578963e-08
nominal_proxy,Q3,25200.0,75.78757087380306,75.78757087380306,0.0,299.2698821172206,9.42420250039585,9.171576780325397,-2.6430443120791547,3.465095640442501e-11,-0.00014514733287285253,5.1338502423858795e-08
nominal_proxy,Q3,25500.0,74.84288046197247,74.84288046197247,0.0,299.47599263594816,9.339426853149895,9.089950100039074,-2.3281773277761153,3.483001456542511e-11,-0.00014547127392461334,5.192012893723075e-08
nominal_proxy,Q3,25800.0,73.91765139767746,73.91765139767746,0.0,299.6811977636817,9.255048648295816,9.008655990991992,-2.0178919086131355,3.500762258691704e-11,-0.00014579346974130658,5.250952760367261e-08
nominal_proxy,Q3,26100.0,73.01080200738902,73.01080200738902,0.0,299.88552775158104,9.171057514828615,8.927687687745923,-1.7121083927876606,3.517890009422504e-11,-0.00014611741846692894,5.310816781695124e-08
nominal_proxy,Q3,26400.0,72.1213023172987,72.1213023172987,0.0,300.0890104311044,9.087443999865103,8.84703917065327,-1.4107541039568743,3.534046110169538e-11,-0.0001464462512785758,5.371743373998589e-08
nominal_proxy,Q3,26700.0,71.24817288150416,71.24817288150416,0.0,300.2916712951611,9.004199532763431,8.766705133882406,-1.1137629756417087,3.548778457121533e-11,-0.00014678280359703422,5.433864611837994e-08
nominal_proxy,Q3,27000.0,70.39048356432023,70.39048356432023,0.0,300.4935335793936,8.921316389533494,8.686680953887,-0.8210751848384824,3.561732399247741e-11,-0.00014712962793339557,5.497306358136725e-08
nominal_proxy,Q3,27300.0,69.54735228579659,69.54735228579659,0.0,300.6946183433939,8.838787657591382,8.606962658341768,-0.5326367950714205,3.572609419143525e-11,-0.00014748908766648583,5.562191459587472e-08
nominal_proxy,Q3,27600.0,68.71794373723472,68.71794373723472,0.0,300.89494455168517,8.756607200909018,8.5275468955739,-0.2483994090669425,3.58122732079645e-11,-0.0001478633005831398,5.628637408325231e-08
nominal_proxy,Q3,27900.0,67.90146807147764,67.90146807147764,0.0,301.0945291543097,8.674769625608869,8.448430904523331,0.03168016881232345,3.587237730835444e-11,-0.00014825418378450195,5.6967577692914315e-08
nominal_proxy,Q3,28200.0,67.09717957210853,67.09717957210853,0.0,301.29338716687886,8.593270246052361,8.36961248526687,0.3076402602717421,3.5905686164637046e-11,-0.00014866353870957028,5.766665249001659e-08
nominal_proxy,Q3,28500.0,66.30437530521769,66.30437530521769,0.0,301.4915317499444,8.512105051468534,8.291089970141186,0.5795146308608479,3.591030796668119e-11,-0.00014909298668897009,5.838469089509498e-08
nominal_proxy,Q3,28800.0,65.52239375675587,65.52239375675587,0.0,301.688974287561,8.431270673167912,8.212862195498618,0.8473327977869849,3.5885160326941744e-11,-0.00014954403248168546,5.9122773730734605e-08
nominal_proxy,Q3,29100.0,64.75061345888037,64.75061345888037,0.0,301.88572446491537,8.350764352384019,8.134928474127499,1.11112032776057,3.582977248079207e-11,-0.0001500180756863756,5.9881973815386e-08
nominal_proxy,Q3,29400.0,63.9884516077206,63.9884516077206,0.0,302.08179034490223,8.270583908782385,8.057288568365946,1.3708991248969415,3.573664254280401e-11,-0.0001505172109830255,6.066367769720747e-08
nominal_proxy,Q3,29700.0,63.235362680044744,63.235362680044744,0.0,302.2771784435344,8.190727709671393,7.979942663934709,1.6266877087219835,3.562131396539329e-11,-0.00015104096025453373,6.146827063004775e-08
nominal_proxy,Q3,30000.0,62.490837041049176,62.490837041049176,0.0,302.4718938040942,8.111194639953514,7.902891344512047,1.878501482373085,3.5476773368415377e-11,-0.00015159139084630624,6.229719031341727e-08
nominal_proxy,Q3,30300.0,61.754399561278696,61.754399561278696,0.0,302.6659400699062,8.031984072810411,7.8261355670410895,2.1263529922655238,3.5305199944102437e-11,-0.00015216951791074962,6.315148558202802e-08
nominal_proxy,Q3,30600.0,61.025608236333646,61.025608236333646,0.0,302.8593195556706,7.953095841321257,7.749676637944174,2.3702521721709884,3.510358298516307e-11,-0.00015277679137426503,6.403241975302875e-08
nominal_proxy,Q3,30900.0,60.304052819692004,60.304052819692004,0.0,303.05203331725124,7.8745302106398505,7.673516189862811,2.6102065898314986,3.48885137889716e-11,-0.0001534134198308834,6.494077137604789e-08
nominal_proxy,Q3,31200.0,59.58935345355223,59.58935345355223,0.0,303.24408121989904,7.7962878512247125,7.597656159443842,2.846221672352367,3.4662521614745446e-11,-0.0001540807089455143,6.587780915131718e-08
nominal_proxy,Q3,31500.0,58.881159329268236,58.881159329268236,0.0,303.4354620047719,7.718369812827173,7.5220987657974465,3.0783009283577005,3.4425731483901255e-11,-0.0001547796496268461,6.684470658109588e-08
nominal_proxy,Q3,31800.0,58.17914721484293,58.17914721484293,0.0,303.62617335376325,7.640777499708111,7.446846489770171,3.30644616006719,4.9869796269663015e-11,-0.00015576653916582472,6.79540527438799e-08
nominal_proxy,Q3,32100.0,57.4830207691054,57.4830207691054,0.0,303.8162119521265,7.563512644982676,7.371902053961906,3.530657665973055,4.874529180229502e-11,-0.00015653712584651203,6.898784255150386e-08
nominal_proxy,Q3,32400.0,56.792508260200236,56.792508260200236,0.0,304.005573551227,7.486577289068164,7.297268403730564,3.750934437767575,4.772497431063946e-11,-0.00015734107954301635,7.005474529852444e-08
nominal_proxy,Q3,32700.0,56.10736203319401,56.10736203319401,0.0,304.1942530264096,7.409973755998147,7.222948688622292,3.967274344390918,4.6768711163887165e-11,-0.00015817956232666575,7.115615049631551e-08
nominal_proxy,Q3,33000.0,55.427357077355815,55.427357077355815,0.0,304.382244435265,7.333704631939823,7.1489462448385,4.17967431132014,4.588817226960513e-11,-0.00015905304108088103,7.229317653371332e-08
nominal_proxy,Q3,33300.0,54.75228983030742,54.75228983030742,0.0,304.5695410734396,7.257772744319219,7.0752645783455606,4.388130490944672,4.5096271823736656e-11,-0.00015996179006094735,7.346688655788703e-08
nominal_proxy,Q3,33600.0,54.08197701038827,54.08197701038827,0.0,304.7561355286215,7.182181141776269,7.0019073487221215,4.592638425272912,4.440510894975874e-11,-0.0001609058559353116,7.467826869443963e-08
nominal_proxy,Q3,33900.0,53.416254481996155,53.416254481996155,0.0,304.9420197327012,7.10693307493663,6.928878353713295,4.793193201139386,4.3825381138187554e-11,-0.00016188500427460895,7.592820633395013e-08
nominal_proxy,Q3,34200.0,52.75497615488242,52.75497615488242,0.0,305.1271850121176,7.032031977982293,6.8561815144703,4.989789598115587,4.33672503161337e-11,-0.00016289871543762047,7.721746997532906e-08
nominal_proxy,Q3,34500.0,52.098012918380775,52.098012918380775,0.0,305.3116221364109,6.957481451002003,6.783820861453349,5.182422229317858,4.3037144709463835e-11,-0.0001639462155083038,7.854672540290787e-08
nominal_proxy,Q3,34800.0,51.44525161080919,51.44525161080919,0.0,305.49532136500346,6.883285243101219,6.7118005209745135,5.371085675304084,4.283012991942415e-11,-0.00016502720246336366,7.991687914273318e-08
nominal_proxy,Q3,35100.0,50.79659377042837,50.79659377042837,0.0,305.6782724922378,6.809447236623055,6.640124702356771,5.555774611240049,4.474875795947989e-11,-0.0001665094567826486,8.150904226465235e-08
nominal_proxy,Q3,35400.0,50.15195546092319,50.15195546092319,0.0,305.8604648898788,6.735971430988827,6.568797685599013,5.736483926509493,4.617811207196266e-11,-0.00016815602097608462,8.321295238005469e-08
nominal_proxy,Q3,35700.0,49.51126595551615,49.51126595551615,0.0,306.0418875504645,6.662861927383802,6.4978238098900585,5.9132088409897365,4.5589301606397504e-11,-0.00016929260694098502,8.469463962385625e-08
nominal_proxy,Q3,36000.0,48.87446583921914,48.87446583921914,0.0,306.222529127774,6.590122916734064,6.427207462467482,6.085945013660362,4.4946975910132555e-11,-0.00017044075534045078,8.621020553231091e-08
nominal_proxy,Q3,36300.0,48.241507544638125,48.241507544638125,0.0,306.4023779723977,6.51775866486759,6.356953067753615,6.254688641106739,4.4160644345731856e-11,-0.00017158955438389967,8.775488794372002e-08
nominal_proxy,Q3,36600.0,47.61235399463477,47.61235399463477,0.0,306.5814221702317,6.4457734999021445,6.28706507740852,6.419436555463103,4.3533540889604417e-11,-0.00017275345267364628,8.933680996613202e-08
nominal_proxy,Q3,36900.0,46.98697782464727,46.98697782464727,0.0,306.7596495777243,6.3741718000713945,6.2175479606668,6.580186314548684,4.2797935174399665e-11,-0.00017399673106410773,9.099050382365433e-08
nominal_proxy,Q3,37200.0,46.36536059193948,46.36536059193948,0.0,306.93704785556963,6.3029579823618,6.148406195044866,6.736936286274409,4.5237475374725826e-11,-0.00017560314071829453,9.286811113644441e-08
nominal_proxy,Q3,37500.0,45.747492796567336,45.747492796567336,0.0,307.1136045009876,6.2321364897062,6.07964425788603,6.8896857276721155,4.473559144833995e-11,-0.00017674948360735243,9.453659211908825e-08
nominal_proxy,Q3,37800.0,45.13337159463558,45.13337159463558,0.0,307.28930688088906,6.161711782916565,6.011266617858567,7.038434860944556,4.4387459868448286e-11,-0.00017792276378258975,9.625180472082621e-08
nominal_proxy,Q3,38100.0,44.523001556926594,44.523001556926594,0.0,307.464142258451,6.091688329163392,5.943277726876097,7.18318493836121,4.420579451709751e-11,-0.00017912926185914557,9.80183993773838e-08
nominal_proxy,Q3,38400.0,43.9163935846018,43.9163935846018,0.0,307.63809782302764,6.022070592544377,5.875682012689797,7.323938307306209,4.418493059724859e-11,-0.00018037177229501822,9.983928812255341e-08
nominal_proxy,Q3,38700.0,43.31356415790596,43.31356415790596,0.0,307.81116071724375,5.95286302514892,5.808483871277502,7.460698467894514,4.7249430909088404e-11,-0.00018200351933472803,1.019137170164015e-07
nominal_proxy,Q3,39000.0,42.71453556410616,42.71453556410616,0.0,307.9833180623803,5.884070057611737,5.741687661219084,7.593470127683368,4.761887711457131e-11,-0.00018335368985589184,1.0387010355114216e-07
nominal_proxy,Q3,39300.0,42.11933403934191,42.11933403934191,0.0,308.154556985137,5.815696091905658,5.6752976960382755,7.72225925097015,4.8027052033044294e-11,-0.00018472087289467254,1.0587490014122806e-07
nominal_proxy,Q3,39600.0,41.527990264371965,41.527990264371965,0.0,308.3248646388389,5.7477454929223954,5.60931823837035,7.847073100527305,4.8459362010849676e-11,-0.0001861012416242147,1.0792709469209814e-07
nominal_proxy,Q3,39900.0,40.94053859299741,40.94053859299741,0.0,308.49422822688695,5.680222581100697,5.543753494153511,7.9679202782356775,4.890311813364866e-11,-0.00018749115847072062,1.1002571101969572e-07
nominal_proxy,Q3,40200.0,40.357016600222266,40.357016600222266,0.0,308.66263502415063,5.613131625373673,5.478607607082104,8.084810760125722,4.934783147684543e-11,-0.00018888724844146054,1.1216985517057429e-07
nominal_proxy,Q3,40500.0,39.77746465009032,39.77746465009032,0.0,308.8300723973269,5.546476836489269,5.413884653367578,8.197755927139884,4.978766568424795e-11,-0.00019028641696650084,1.1435873172355761e-07
nominal_proxy,Q3,40800.0,39.20192560727371,39.20192560727371,0.0,308.9965278242837,5.4802623601902525,5.349588636791108,8.306768591713837,4.180740865471046e-11,-0.00019141246974641035,1.1642536869333708e-07
nominal_proxy,Q3,41100.0,38.63044392479813,38.63044392479813,0.0,309.16198891283744,5.414492273178846,5.285723484079129,8.411863020803255,4.2194323320504615e-11,-0.00019280511700969782,1.1869695087556937e-07
nominal_proxy,Q3,41400.0,38.06306613677063,38.06306613677063,0.0,309.32644341675325,5.349170574804943,5.222293040375105,8.513054952722937,4.257685069767533e-11,-0.00019419218092764368,1.210107736716577e-07
nominal_proxy,Q3,41700.0,37.49983986283388,37.49983986283388,0.0,309.48987925379015,5.284301183426604,5.159301065312024,8.610361613913824,4.2948783168914165e-11,-0.00019557153995464205,1.2336638479781209e-07
nominal_proxy,Q3,42000.0,36.94081368079131,36.94081368079131,0.0,309.6522845205996,5.219887931123024,5.096751229053789,8.703801729071934,4.331665809089956e-11,-0.00019693997928982299,1.2576258461769482e-07
nominal_proxy,Q3,42300.0,36.386036804171006,36.386036804171006,0.0,309.81364750743165,5.155934559057693,5.034647108725571,8.793395528690025,4.367479006693232e-11,-0.00019829546544514187,1.2819885071193422e-07
nominal_proxy,Q3,42600.0,35.83555879077831,35.83555879077831,0.0,309.9739567119376,5.092444713164682,4.972992185076621,8.87916475304812,4.402312088143736e-11,-0.0001996356400439936,1.306743952977421e-07
nominal_proxy,Q3,42900.0,35.289429266265685,35.289429266265685,0.0,310.1332008521372,5.029421940142353,4.911789839391487,8.961132652871395,4.436962266760099e-11,-0.00020095899432703845,1.3318892755386946e-07
nominal_proxy,Q3,43200.0,34.747697667592504,34.747697667592504,0.0,310.29136887856316,4.966869683742005,4.851043350644547,9.03932398677095,4.4697439304854946e-11,-0.00020226164497216814,1.3574052193224018e-07
nominal_proxy,Q3,43500.0,34.21041299613043,34.21041299613043,0.0,310.4484499856174,4.904791281354377,4.79075589289342,9.113765015604294,4.5016089202108426e-11,-0.00020354215642726103,1.3832879236610197e-07
nominal_proxy,Q3,43800.0,33.677623593024784,33.677623593024784,0.0,310.6044336221369,4.843189960875348,4.730930532904268,9.184483493855797,4.5326157322018244e-11,-0.0002047982991584263,1.4095276103342674e-07
nominal_proxy,Q3,44100.0,33.149376925789376,33.149376925789376,0.0,310.7593095012128,4.782068837850902,4.671570228005352,9.251508658185491,4.562793441633964e-11,-0.00020602787557066904,1.436113967661324e-07
nominal_proxy,Q3,44400.0,32.62571939045651,32.62571939045651,0.0,310.9130676092704,4.721430912891999,4.612677824162174,9.314871213255158,4.593385205747665e-11,-0.00020722849109944264,1.4630345116604337e-07
nominal_proxy,Q3,44700.0,32.106696126869366,32.106696126869366,0.0,311.0656982144339,4.661279069352887,4.554256054268329,9.374603314955179,4.622383741218659e-11,-0.00020839849814535683,1.490281208545964e-07
nominal_proxy,Q3,45000.0,31.59235084954376,31.59235084954376,0.0,311.21719187419103,4.601616071264179,4.496307536647188,9.430738551158628,4.650996084406938e-11,-0.00020953555369729315,1.5178403300946434e-07
nominal_proxy,Q3,45300.0,31.08272568985437,31.08272568985437,0.0,311.36753944238546,4.5424445615139515,4.438834773755778,9.483311920110957,4.6794163200288266e-11,-0.00021063759778883195,1.545699273716093e-07
nominal_proxy,Q3,45600.0,30.577861088100867,30.577861088100867,0.0,311.51673207554927,4.483767060207842,4.381840150905574,9.532359806489112,4.7078171147593505e-11,-0.0002117025794987626,1.5738446166361824e-07
nominal_proxy,Q3,45900.0,30.077795579531887,30.077795579531887,0.0,311.66476123873457,4.425585963429464,4.325325935847483,9.577919955592433,4.7089214666275166e-11,-0.00021269506232712843,1.602010551707879e-07
nominal_proxy,Q3,46200.0,29.582565660620382,29.582565660620382,0.0,311.8116187104201,4.367903542147489,4.269294277655429,9.620031445580059,4.740555312950568e-11,-0.00021368699761126209,1.630736542518385e-07
nominal_proxy,Q3,46500.0,29.0922058543964,29.0922058543964,0.0,311.9572965867724,4.310721941170019,4.213747206202308,9.658734656893769,4.77249044963315e-11,-0.00021463591690817907,1.6597058825056297e-07
nominal_proxy,Q3,46800.0,28.606748465009016,28.606748465009016,0.0,312.10178728596514,4.254043178509738,4.1586866318265665,9.694071241121065,4.8049002040536565e-11,-0.00021553994240264274,1.6889026380949112e-07
nominal_proxy,Q3,47100.0,28.12622353148614,28.12622353148614,0.0,312.24508355139466,4.197869144869726,4.104114345107291,9.726084087497687,4.8377612930320655e-11,-0.00021639724424460383,1.7183102249948715e-07
nominal_proxy,Q3,47400.0,27.650658752345613,27.650658752345613,0.0,312.38717845450384,4.1422016033300135,4.05003201679523,9.754817287981147,4.871369166867457e-11,-0.00021720808945957515,1.7479278755606394e-07
nominal_proxy,Q3,47700.0,27.180079429348005,27.180079429348005,0.0,312.5280653970862,4.087042189204041,3.996441197884922,9.78031610083914,4.905001618764412e-11,-0.0002179663877015514,1.777702778774926e-07
nominal_proxy,Q3,48000.0,26.714508404485485,26.714508404485485,0.0,312.66773811312623,4.032392410080216,3.9433433198230996,9.802626912882815,4.9392742894456733e-11,-0.00021867264936048514,1.8076336751837032e-07
nominal_proxy,Q3,48300.0,26.2539660254252,26.2539660254252,0.0,312.8061906701316,3.978253646010411,3.8907396948409754,9.821797200382337,4.974496311238887e-11,-0.0002193254054816407,1.8377025448640513e-07
nominal_proxy,Q3,48600.0,25.798471070313177,25.798471070313177,0.0,312.9434174700497,3.9246271474482795,3.838631516406749,9.837875488827592,3.712737859676055e-11,-0.0002182421460119599,1.8536125667704674e-07
nominal_proxy,Q3,48900.0,25.348036593738424,25.348036593738424,0.0,313.0794132534034,3.871514044511134,3.7870198599659064,9.850911314824181,3.709485007048947e-11,-0.00021876982979307513,1.8835854851431886e-07
nominal_proxy,Q3,49200.0,24.90267666479408,24.90267666479408,0.0,313.2141730873333,3.8189153360093497,3.735905682991937,9.86095517310518,3.705860247583132e-11,-0.00021924042972898405,1.9136361194998685e-07
nominal_proxy,Q3,49500.0,24.4624013449952,24.4624013449952,0.0,313.347692378877,3.7668318964795517,3.685289826487937,9.868058485262686,3.7021338849106374e-11,-0.00021965248928523806,1.9437420739917042e-07
nominal_proxy,Q3,49800.0,24.02721817582029,24.02721817582029,0.0,313.4799668688903,3.715264476062313,3.6351730154606003,9.8722735508511,3.6989332199727646e-11,-0.0002200046935136868,1.9738809527665403e-07
nominal_proxy,Q3,50100.0,23.597132148406985,23.597132148406985,0.0,313.6109926312482,3.664213701368464,3.585555859887576,9.873653502759014,3.6970796160353754e-11,-0.0002202958593642279,2.0040303078934744e-07
nominal_proxy,Q3,50400.0,23.172145714454864,23.172145714454864,0.0,313.740766071579,3.613680076516178,3.536438855706261,9.872252261734788,3.7129578890417395e-11,-0.0002205285202094842,2.03420073664525e-07
nominal_proxy,Q3,50700.0,22.752258834430208,22.752258834430208,0.0,313.86928392567773,3.56366398418693,3.4878223858595097,9.868124490300218,3.771305414244487e-11,-0.00022066379595742092,2.0640161075471185e-07
nominal_proxy,Q3,51000.0,22.33746893315206,22.33746893315206,0.0,313.99654325773895,3.514165687089304,3.439706721398764,9.86132554622786,3.775496103736383e-11,-0.00022077400990738738,2.0941339478147847e-07
nominal_proxy,Q3,51300.0,21.927771058230103,21.927771058230103,0.0,314.12254145804144,3.46518532887793,3.392092022618324,9.851911435332303,3.781368820326766e-11,-0.00022081965175502205,2.124173560692122e-07
nominal_proxy,Q3,51600.0,21.523157831614277,21.523157831614277,0.0,314.2472762408687,3.4167229357101583,3.3449783402558344,9.839938764280419,3.8002921399319396e-11,-0.0002208046828862109,2.1541565513790305e-07
nominal_proxy,Q3,51900.0,21.1236195452436,21.1236195452436,0.0,314.3707456418585,3.3687784175729067,3.298365616696671,9.825464692783612,3.80566215137525e-11,-0.00022071762710851317,2.1839531500712643e-07
nominal_proxy,Q3,52200.0,20.729144191178882,20.729144191178882,0.0,314.492948015337,3.3213515697353255,3.252253687221538,9.80854688571909,3.8104374730959915e-11,-0.00022056295738792642,2.213586374472073e-07
nominal_proxy,Q3,52500.0,20.339717543015112,20.339717543015112,0.0,314.61388203138245,3.274442074208327,3.2066422812649082,9.789243464987274,3.8146870230132046e-11,-0.00022034001055004637,2.2430285379565385e-07
nominal_proxy,Q3,52800.0,19.95532294122377,19.95532294122377,0.0,314.7335466728152,3.2280495020183864,3.1615310236911522,9.767612961326972,4.723821762741343e-11,-0.00022055694646638813,2.2775047938234488e-07
nominal_proxy,Q3,53100.0,19.57594257125311,19.57594257125311,0.0,314.85194123094243,3.1821733118717024,3.1169194359858943,9.743714265056942,4.7080101376446505e-11,-0.00022019448932297792,2.3065419734944513e-07
nominal_proxy,Q3,53400.0,19.20155553195497,19.20155553195497,0.0,314.9690653059736,3.1368128555053914,3.0728069378603915,9.71760658124357,4.692221060451572e-11,-0.0002197615449865964,2.3352954640025244e-07
nominal_proxy,Q3,53700.0,18.832139445721108,18.832139445721108,0.0,315.084918799398,3.0919673771388356,3.029192848138907,9.689349377585362,4.701485286697776e-11,-0.00021925425741642357,2.3636973990252917e-07
nominal_proxy,Q3,54000.0,18.46767005627691,18.46767005627691,0.0,315.19950191233545,3.0476360153673867,2.9860763862310757,9.659002338058048,4.664473217707845e-11,-0.00021868461638163694,2.3918496749496176e-07
nominal_proxy,Q3,54300.0,18.10812136250749,18.10812136250749,0.0,315.3128151419115,3.0038178047084987,2.9434566733709984,9.626625314913491,4.6506439065636545e-11,-0.00021803874260584166,2.4195735425327165e-07
nominal_proxy,Q3,54600.0,17.75346567394491,17.75346567394491,0.0,315.4248592777786,2.960511677187234,2.901332733868227,9.592278281079498,4.638079303691258e-11,-0.0002173217572156716,2.446894106068266e-07
nominal_proxy,Q3,54900.0,17.403673723666593,17.403673723666593,0.0,315.53563539847204,2.917716463860931,2.859703496336716,9.556021282736372,4.626932246938654e-11,-0.00021653359794981952,2.4737793023165196e-07
nominal_proxy,Q3,55200.0,17.058714927228436,17.058714927228436,0.0,315.64514486783753,2.875430895675887,2.8185677949066394,9.517914392277808,4.206826459492152e-11,-0.00021530354581500433,2.4958989177214076e-07
nominal_proxy,Q3,55500.0,16.718556716793714,16.718556716793714,0.0,315.75338933212663,2.833653607472438,2.7779243704759344,9.478017662231926,4.2097835971031676e-11,-0.0002143821573881155,2.521857962487989e-07
nominal_proxy,Q3,55800.0,16.38316578032274,16.38316578032274,0.0,315.8603707140171,2.7923831366190157,2.7377718716294797,9.43639107682082,4.995850991514566e-11,-0.00021371653807733537,2.55118450944499e-07
nominal_proxy,Q3,56100.0,16.05250842415058,16.05250842415058,0.0,315.96609121127324,2.7516179233900777,2.6981088560087594,9.393094508117827,3.725642280826579e-11,-0.0002117902449185749,2.5656450231002373e-07
nominal_proxy,Q3,56400.0,15.72654724474348,15.72654724474348,0.0,316.0705532965592,2.7113563178676605,2.658933791540741,9.348187681433188,3.718337742352175e-11,-0.0002106533323242843,2.5897657559317286e-07
nominal_proxy,Q3,56700.0,15.405246315919698,15.405246315919698,0.0,316.17375970332864,2.671596576389846,2.620245057131938,9.301730089571766,3.47416422913292e-11,-0.0002094614527479166,2.6134366568044723e-07
nominal_proxy,Q3,57000.0,15.088568044068337,15.088568044068337,0.0,316.27571343237366,2.6323368646561027,2.5820409438791594,9.253781005622649,3.476355125851174e-11,-0.00020818901466412854,2.636301574967395e-07
nominal_proxy,Q3,57300.0,14.776473902734175,14.776473902734175,0.0,316.37641774542726,2.5935752586349676,2.544319656136696,9.204399403687084,3.478640708069105e-11,-0.00020684674735527153,2.658450552207196e-07
nominal_proxy,Q3,57600.0,14.46892405231917,14.46892405231917,0.0,316.4758761612673,2.55530974718151,2.507079312449088,9.15364392395765,4.990917864978678e-11,-0.0002063674073795596,2.6920077250540963e-07
nominal_proxy,Q3,57900.0,14.165880165789204,14.165880165789204,0.0,316.57409244993494,2.5175382299511093,2.4703179464237395,9.101572828790111,4.980744579758067e-11,-0.00020489242174903666,2.712867399740416e-07
nominal_proxy,Q3,58200.0,13.867301012723612,13.867301012723612,0.0,316.6710706383128,2.4802585223994758,2.4340335078546675,9.048243966501353,4.969153536372675e-11,-0.00020335071885035916,2.7329236987982964e-07
nominal_proxy,Q3,58500.0,13.573145859871282,13.573145859871282,0.0,316.7668149971311,2.4434683554213406,2.3982238634101587,8.993714724607253,4.956504987383443e-11,-0.00020174348327550717,2.75214645646215e-07
nominal_proxy,Q3,58800.0,13.283373615800372,13.283373615800372,0.0,316.8613300416962,2.4071653765194982,2.362886797560232,8.938041991838038,4.9426312293705735e-11,-0.00020007197946547706,2.770505943312179e-07
nominal_proxy,Q3,59100.0,12.99794295903624,12.99794295903624,0.0,316.9546205287873,2.3713471504625425,2.3280200134284037,8.881282118890452,4.493768517180992e-11,-0.00019815120540478404,2.785353540020964e-07
nominal_proxy,Q3,59400.0,12.716812263469773,12.716812263469773,0.0,317.04669145378625,2.3360111623981576,2.293621133669165,8.823490880205105,4.499016954873082e-11,-0.00019635522802730065,2.801859157580989e-07
nominal_proxy,Q3,59700.0,12.43994000393513,12.43994000393513,0.0,317.137548047199,2.301154816101341,2.259687701088375,8.764723435668364,4.504673583551472e-11,-0.00019449995472520243,2.817425311330245e-07
nominal_proxy,Q3,60000.0,12.167284520464458,12.167284520464458,0.0,317.2271957725885,2.266775436726177,2.22621717970118,8.70503429508426,4.51045008627101e-11,-0.00019258703468949534,2.8320263749878687e-07
nominal_proxy,Q3,60300.0,11.89880478413329,11.89880478413329,0.0,317.3156403232462,2.2328702711911053,2.1932069553878684,8.644477281982638,3.725334597697907e-11,-0.00018995683777944805,2.8357646542853445e-07
nominal_proxy,Q3,60600.0,11.63445745461661,11.63445745461661,0.0,317.40288762182206,2.199436491033083,2.1606543367104623,8.583105500336798,4.977366276853303e-11,-0.00018884216962256062,2.8619780626000374e-07
nominal_proxy,Q3,60900.0,11.374203473896609,11.374203473896609,0.0,317.48894380725045,2.166471189810964,2.1285565556904227,8.520971295711382,4.945227696040631e-11,-0.00018676226574854127,2.873524876565706e-07
nominal_proxy,Q3,61200.0,11.11800093589842,11.11800093589842,0.0,317.57381524929906,2.1339713872538226,2.0969107686965454,8.458126231790375,4.912964846725236e-11,-0.00018463128476042812,2.884001254862614e-07
nominal_proxy,Q3,61500.0,10.865809157653953,10.865809157653953,0.0,317.65750853273715,2.1019340292252195,2.0657140571953554,8.394621052465485,4.8802273642948396e-11,-0.0001824513052941512,2.8933877523803386e-07
nominal_proxy,Q3,61800.0,10.617587801728002,10.617587801728002,0.0,317.74003045846706,2.0703559887082985,2.034963428620756,8.330505653620952,4.8470334769194884e-11,-0.0001802245347288789,2.901667405860341e-07
nominal_proxy,Q3,62100.0,10.373296928162171,10.373296928162171,0.0,317.8213880407243,2.0392340668598425,2.004655817257733,8.265829054342952,4.7906899493109394e-11,-0.0001779524706559954,2.9088122439032423e-07
nominal_proxy,Q3,62400.0,10.132896965145472,10.132896965145472,0.0,317.90158850427804,2.008564994151902,1.9747880851546886,8.20063936937882,4.817085187996064e-11,-0.00017573401852111203,2.916410788013262e-07
nominal_proxy,Q3,62700.0,9.896349043073169,9.896349043073169,0.0,317.980639281295,1.978345431133515,1.945357023067795,8.134983782745227,4.7779245492986054e-11,-0.00017337664280070442,2.921239807640104e-07
nominal_proxy,Q3,63000.0,9.663614535095359,9.663614535095359,0.0,318.05854800943393,1.948571969884974,1.9163593514955137,8.068908523498243,4.7377641491044375e-11,-0.0001709817427055782,2.924906809500967e-07
nominal_proxy,Q3,63300.0,9.434655435095511,9.434655435095511,0.0,318.13532252777657,1.919241134988928,1.8877917216993687,8.002458841641241,4.695812776078669e-11,-0.00016855177227981244,2.9274030797383326e-07
nominal_proxy,Q3,63600.0,9.209434274993633,9.209434274993633,0.0,318.2109708741952,1.890349384715983,1.859650716835229,7.935678986434991,4.6527872058034474e-11,-0.00016608923254501917,2.928721958101119e-07
nominal_proxy,Q3,63900.0,8.987914134150966,8.987914134150966,0.0,318.28550128218995,1.861893112242834,1.8319328531349381,7.868612185941334,4.638377042074627e-11,-0.00016359821777101047,2.928886674451114e-07
nominal_proxy,Q3,64200.0,8.77005864889889,8.77005864889889,0.0,318.3589221776028,1.8338686469132925,1.8046345811609357,7.801300628112837,4.600653152111792e-11,-0.0001610768081707903,2.9278143492248746e-07
nominal_proxy,Q3,64500.0,8.555832004198223,8.555832004198223,0.0,318.43124217521427,1.8062722555901805,1.7777522871375235,7.733785443468392,4.549148056009837e-11,-0.00015853159885281798,2.925575926925063e-07
nominal_proxy,Q3,64800.0,8.345198933313247,8.345198933313247,0.0,318.50247007515765,1.7791001440217291,1.7512822943629904,7.666106689372605,4.4965455391246634e-11,-0.00015596430835707054,2.922157190554149e-07
nominal_proxy,Q3,65100.0,8.138124699300628,8.138124699300628,0.0,318.57261485919355,1.7523484583243323,1.725220864734729,7.598303340488547,4.442546560323247e-11,-0.0001533775803839177,2.917562422308472e-07
nominal_proxy,Q3,65400.0,7.934573948629596,7.934573948629596,0.0,318.6416856867943,1.726013288213825,1.6995642002293536,7.530413258378004,4.933612851489744e-11,-0.00015244671183367586,2.944100775945478e-07
nominal_proxy,Q3,65700.0,7.7345155975978095,7.7345155975978095,0.0,318.7096918860091,1.7000906626667096,1.6743084446510688,7.462473205076789,4.851151197730094e-11,-0.000149807094444121,2.9372373629599695e-07
nominal_proxy,Q3,66000.0,7.537914840607583,7.537914840607583,0.0,318.7766429657266,1.674576558918228,1.6494496855986227,7.394518824856914,4.768437516692011e-11,-0.00014715527400088746,2.9292036687760116e-07
nominal_proxy,Q3,66300.0,7.344738914099896,7.344738914099896,0.0,318.8425485928073,1.6494669007295566,1.624983956036107,7.326584631960211,4.685252799539628e-11,-0.0001444939349788399,2.9200128218179753e-07
nominal_proxy,Q3,66600.0,7.154955451517944,7.154955451517944,0.0,318.9074185943287,1.6247575606497904,1.6009072363928252,7.258704008712919,4.601350595313173e-11,-0.0001418255716174599,2.9096765993965584e-07
nominal_proxy,Q3,66900.0,6.968532460373883,6.968532460373883,0.0,318.9712629525687,1.6004443619902506,1.57721545661275,7.190909201699465,4.517022594073775e-11,-0.00013915287628307738,2.898213345990823e-07
nominal_proxy,Q3,67200.0,6.785438283798035,6.785438283798035,0.0,319.0340917998163,1.5765230808619197,1.5539044983211157,7.1232313197900305,4.4320019934637306e-11,-0.00013647844318498414,2.8856421417010145e-07
nominal_proxy,Q3,67500.0,6.605642496835839,6.605642496835839,0.0,319.0959154129513,1.55298944757246,1.5309701970801732,7.055700333880071,4.200145148803216e-11,-0.00013265085017177825,2.847215100294255e-07
nominal_proxy,Q3,67800.0,6.429111873584231,6.429111873584231,0.0,319.15674421194876,1.5298391510024234,1.508408344761675,6.988345080161276,4.132250470005517e-11,-0.0001299986403022757,2.8325121678553467e-07
nominal_proxy,Q3,68100.0,6.255816743293609,6.255816743293609,0.0,319.2165887404618,1.507067838933905,1.4862146919460135,6.921193257588587,4.063080584669381e-11,-0.00012735307381817051,2.816795867403458e-07
nominal_proxy,Q3,68400.0,6.085726368925955,6.085726368925955,0.0,319.275459674528,1.4846711207156804,1.4643849504307853,6.854271438806358,3.9929323279163435e-11,-0.00012471654257506515,2.800093588290134e-07
nominal_proxy,Q3,68700.0,5.918810124376403,5.918810124376403,0.0,319.33336781079686,1.4626445699460642,1.442914795893887,6.787605074651952,3.921273645536083e-11,-0.00012209127673568076,2.782432115187605e-07
nominal_proxy,Q3,69000.0,5.75503745733571,5.75503745733571,0.0,319.3903240599467,1.4409837270121533,1.42179987055523,6.721218502214417,3.8488709908360524e-11,-0.00011947974128911909,2.763846647476434e-07
nominal_proxy,Q3,69300.0,5.594377845752734,5.594377845752734,0.0,319.44633943992994,1.4196841016910466,1.4010357859251739,6.655134954552669,3.7757129817741956e-11,-0.0001168840090999268,2.744366603826425e-07
nominal_proxy,Q3,69600.0,5.436800043296237,5.436800043296237,0.0,319.5014250690289,1.3987411764653683,1.3806181256176377,6.589376571946111,4.969031414719073e-11,-0.00011521102293787777,2.745588316036592e-07
nominal_proxy,Q3,69900.0,5.2822746113303225,5.2822746113303225,0.0,319.55559215553654,1.3781504077574125,1.3605424481840307,6.52396441329652,4.9439217237772686e-11,-0.00011326068421535496,2.7394369433560296e-07
nominal_proxy,Q3,70200.0,5.130770664806663,5.130770664806663,0.0,319.6088519988141,1.357907229227513,1.3408042901005754,6.45891847359392,4.9318770879550876e-11,-0.00011107327458681482,2.726579847677377e-07
nominal_proxy,Q3,70500.0,4.982257422370036,4.982257422370036,0.0,319.66121597580445,1.338007055176588,1.3213991687168576,6.394257697245251,4.8217206389253747e-11,-0.00010851554906121663,2.703412478067861e-07
nominal_proxy,Q3,70800.0,4.836703506472129,4.836703506472129,0.0,319.7126955345194,1.3184452835138478,1.3023225852152984,6.329999995039024,4.71164588040937e-11,-0.00010598309269038708,2.679496677276506e-07
nominal_proxy,Q3,71100.0,4.694077712965434,4.694077712965434,0.0,319.7633021844217,1.299217298253848,1.2835700276103492,6.266162261274067,4.6045112843368816e-11,-0.00010348008417260246,2.6549339696466996e-07
nominal_proxy,Q3,71400.0,4.554348578623713,4.554348578623713,0.0,319.81304749032444,1.280318472510692,1.265136973789321,6.202760393623888,4.6134479598996644e-11,-0.00010103778758097093,2.6305378896037955e-07
nominal_proxy,Q3,71700.0,4.417484440054168,4.417484440054168,0.0,319.86194306441496,1.2617441713109887,1.2470188945456169,6.139809313236269,4.4965924788087624e-11,-9.8589557381068e-05,2.6045839196977255e-07
nominal_proxy,Q3,72000.0,4.2834532662754015,4.2834532662754015,0.0,319.9100005585993,1.2434897547023136,1.2292112564444686,6.077322984913481,4.44731571676931e-11,-9.62110780973191e-05,2.579061005086491e-07
nominal_proxy,Q3,72300.0,4.1522227293168745,4.1522227293168745,0.0,319.95723165618074,1.2255505805559195,1.2117095253721604,6.015314442292374,4.329781816612714e-11,-9.38258108584833e-05,2.5519363119206704e-07
nominal_proxy,Q3,72600.0,4.023760156085844,4.023760156085844,0.0,320.00364806393685,1.2079220076838366,1.194509168914376,5.953795806878743,4.213821064311998e-11,-9.147475231596758e-05,2.524300733934756e-07
nominal_proxy,Q3,72900.0,3.8980321537920375,3.8980321537920375,0.0,320.0492615040575,1.190599399469936,1.177605659551084,5.892778312927685,4.5443353879485605e-11,-8.982186356210065e-05,2.51475191409442e-07
nominal_proxy,Q3,73200.0,3.7750063133262777,3.7750063133262777,0.0,320.09408370447017,1.1735781236438692,1.1609944775220196,5.832272330779182,4.41770545319504e-11,-8.752322859928441e-05,2.485936721665407e-07
nominal_proxy,Q3,73500.0,3.6546483070917173,3.6546483070917173,0.0,320.1381263970373,1.1568535591481253,1.1446711139172414,5.772287394086415,4.292597560798844e-11,-8.526217343884923e-05,2.4567261996881127e-07
nominal_proxy,Q3,73800.0,3.536924091256976,3.536924091256976,0.0,320.1814013026264,1.1404210969795834,1.1286310732104128,5.712832222145358,4.1704133316296964e-11,-8.303949420351842e-05,2.4271588340905925e-07
nominal_proxy,Q3,74100.0,3.421799233883588,3.421799233883588,0.0,320.22392012632343,1.1242761431378456,1.112869876171852,5.653914746084389,4.050534552096731e-11,-8.085591448026008e-05,2.397273272934289e-07
nominal_proxy,Q3,74400.0,3.309238942272653,3.309238942272653,0.0,320.26569454969774,1.108414121359952,1.0973830625121577,5.595542134830196,3.932929187303127e-11,-7.871206567555689e-05,2.3671076287799453e-07
nominal_proxy,Q3,74700.0,3.199208063882417,3.199208063882417,0.0,320.306736223312,1.0928304757958698,1.0821661934978983,5.537720820952594,3.887206687127462e-11,-7.662550901788023e-05,2.3372185261114901e-07
nominal_proxy,Q3,75000.0,3.09167114104574,3.09167114104574,0.0,320.34705675935436,1.0775206734875753,1.0672148544765259,5.48045652668481,3.770707622644994e-11,-7.456226909008379e-05,2.3065997997282216e-07
nominal_proxy,Q3,75300.0,2.9865923567670536,2.9865923567670536,0.0,320.38666772464796,1.0624802069761907,1.052524657320117,5.423754290077826,3.656649509170587e-11,-7.25400550574129e-05,2.2758088285980483e-07
nominal_proxy,Q3,75600.0,2.883935605303323,2.883935605303323,0.0,320.4255806335363,1.0477045966466718,1.0380912427675872,5.367618490995299,3.543189619274921e-11,-7.055842204906071e-05,2.244857385529376e-07
nominal_proxy,Q3,75900.0,2.783664495069329,2.783664495069329,0.0,320.4638069412231,1.033189393057684,1.0239102826774356,5.312052877118761,3.434625619812422e-11,-6.861900523125186e-05,2.2138246770090096e-07
nominal_proxy,Q3,76200.0,2.6857423736483694,2.6857423736483694,0.0,320.50135803725584,1.0189301791648815,1.0099774821821383,5.257060589784705,3.328441022896516e-11,-6.672117457462434e-05,2.1827198742020848e-07
nominal_proxy,Q3,76500.0,2.590132351218017,2.590132351218017,0.0,320.5382452392579,1.0049225724545208,0.9962885817340323,5.202644189579736,3.224782481609775e-11,-6.486492851109915e-05,2.1515730096720032e-07
nominal_proxy,Q3,76800.0,2.496797253724973,2.496797253724973,0.0,320.5744797859869,0.9911622242741178,0.9828393590498307,5.148805681680673,3.431235290775659e-11,-6.231356117414322e-05,2.0956394976876378e-07
nominal_proxy,Q3,77100.0,2.4057005804376326,2.4057005804376326,0.0,320.6100728347105,0.977644831216551,0.9696256273867135,5.095546486892646,3.3326422966950773e-11,-6.0568513602810015e-05,2.0651164809153455e-07
nominal_proxy,Q3,77400.0,2.3167938756381843,2.3167938756381843,0.0,320.6450354544537,0.9643661530383786,0.9566433082985798,5.042868004315186,4.8461139062088724e-11,-5.954630145099671e-05,2.0582189750019484e-07
nominal_proxy,Q3,77700.0,2.230050223510042,2.230050223510042,0.0,320.6793785712802,0.9513219538491304,0.9438882602332471,4.9907704579555805,4.710482634934561e-11,-5.786125495044203e-05,2.0273982856638042e-07
nominal_proxy,Q3,78000.0,2.145434245075086,2.145434245075086,0.0,320.71311306005214,0.9385080433998647,0.9313564085273895,4.9392537618957695,4.577323901074437e-11,-5.621666746380427e-05,1.9966679333634066e-07
nominal_proxy,Q3,78300.0,2.0629086636734213,2.0629086636734213,0.0,320.7462497016223,0.9259202788825447,0.919043734630429,4.888317464049521,4.447202810491291e-11,-5.46119612891971e-05,1.9660425969251565e-07
nominal_proxy,Q3,78600.0,1.9824352810311119,1.9824352810311119,0.0,320.7787991702258,0.9135545663971046,0.9069462719697434,4.837960733811145,4.3192212309455536e-11,-5.304717725307384e-05,1.9355595240936144e-07
nominal_proxy,Q3,78900.0,1.903976234236095,1.903976234236095,0.0,320.8107720253571,0.9014068616348564,0.8950601043210256,4.788182366117289,4.686364328818535e-11,-5.095991315418047e-05,1.8844584439097755e-07
nominal_proxy,Q3,79200.0,1.8274921849608337,1.8274921849608337,0.0,320.8421787095542,0.889473169845517,0.8833813654698808,4.738980794837274,4.305676311077711e-11,-4.912773004983606e-05,1.8410797055807962e-07
nominal_proxy,Q3,79500.0,1.7529451247903358,1.7529451247903358,0.0,320.87302953780153,0.8777495489781094,0.8719062394890743,4.690354107426354,4.157117194154868e-11,-4.772192019686372e-05,1.8122830995250819e-07
nominal_proxy,Q3,79800.0,1.6802975398164783,1.6802975398164783,0.0,320.90333470015213,0.866232107479587,0.8606309611732985,4.642300064603271,4.01281798888374e-11,-4.635207007042119e-05,1.7836662818271062e-07
nominal_proxy,Q3,80100.0,1.6095117813636601,1.6095117813636601,0.0,320.9331042605846,0.8549170060740404,0.8495518167830372,4.594816120006244,3.7917353121020615e-11,-4.50059373207079e-05,1.7547877747566272e-07
nominal_proxy,Q3,80400.0,1.540550451974501,1.540550451974501,0.0,320.962348153038,0.8438004584873997,0.8386651446248914,4.547899438509351,3.6581436707176816e-11,-4.3706777994145796e-05,1.72658427137678e-07
nominal_proxy,Q3,80700.0,1.4733764457235086,1.4733764457235086,0.0,320.99107617937534,0.8328787319181459,0.8279673356255188,4.5015469147774665,3.5288513438183914e-11,-4.244206460524147e-05,1.6986092123918235e-07
nominal_proxy,Q3,81000.0,1.4079529246922116,1.4079529246922116,0.0,321.0192980076614,0.8221481476265355,0.8174548338402386,4.455755191298937,3.4038114875284e-11,-4.121119685640551e-05,1.6708747271959992e-07
nominal_proxy,Q3,81300.0,1.3442433203994486,1.3442433203994486,0.0,321.04702317045394,0.811605081838332,0.8071241368773252,4.41052067577252,4.94076555257927e-11,-4.016790259631087e-05,1.6497310286807743e-07
nominal_proxy,Q3,81600.0,1.2822114688646806,1.2822114688646806,0.0,321.0742610632182,0.8012459644538882,0.7969717962238455,4.3658395578121425,4.775118869815378e-11,-3.9000148121637324e-05,1.6224792324214273e-07
nominal_proxy,Q3,81900.0,1.2218213529215922,1.2218213529215922,0.0,321.1010209434992,0.7910672816300031,0.7869944175721054,4.321707825160556,4.6148232961479276e-11,-3.786444769993125e-05,1.5955005168001692e-07
nominal_proxy,Q3,82200.0,1.1630375869961112,1.1630375869961112,0.0,321.12731192898696,0.7810655738937518,0.7771886609148444,4.278121278889284,3.158752502649774e-11,-3.630667609511029e-05,1.5494506184295133e-07
nominal_proxy,Q3,82500.0,1.105824516821642,1.105824516821642,0.0,321.15314299798723,0.7712374399484883,0.7675512407315701,4.235075548557204,3.046098574698771e-11,-3.5248253803299434e-05,1.523450149829072e-07
nominal_proxy,Q3,82800.0,1.0501476180620888,1.0501476180620888,0.0,321.1785229857362,0.7615795319997652,0.7580789258743776,4.192566105260713,2.93734062854948e-11,-3.4219554193137824e-05,1.4977448296736512e-07
nominal_proxy,Q3,83100.0,0.9959723957876636,0.9959723957876636,0.0,321.20346058744167,0.7520885584391745,0.7487685397201533,4.150588273051949,2.8320340404696155e-11,-3.321991869986718e-05,1.4723407382063795e-07
nominal_proxy,Q3,83400.0,0.9432647965559924,0.9432647965559924,0.0,321.2279643562028,0.7427612834380151,0.7396169599569976,4.1091372546939455,2.7313514432313727e-11,-3.224774924337481e-05,1.4472011381687278e-07
nominal_proxy,Q3,83700.0,0.8919913182445307,0.8919913182445307,0.0,321.2520427030414,0.733594528056971,0.7306211184757314,4.068208123570435,4.956275407553514e-11,-3.155612734762059e-05,1.4338587208023239e-07
nominal_proxy,Q3,84000.0,0.842118601029822,0.842118601029822,0.0,321.27570389745836,0.7245851651400985,0.7217780010246044,4.027795848837268,4.771247174524884e-11,-3.0633618404274365e-05,1.409248577809868e-07
nominal_proxy,Q3,84300.0,0.7936139663729281,0.7936139663729281,0.0,321.29895606619766,0.7157301262052035,0.7130846471918277,3.987895303511345,4.592785561809387e-11,-2.9737639797189352e-05,1.384955898338299e-07
nominal_proxy,Q3,84600.0,0.7464455941241285,0.7464455941241285,0.0,321.3218071946514,0.7070263964706893,0.7045381498068564,3.9485012744899524,4.863218361087957e-11,-2.840502575962578e-05,1.3391779949290452e-07
nominal_proxy,Q3,84900.0,0.7005809491066624,0.7005809491066624,0.0,321.3442651291987,0.6984710164991221,0.6961356547424129,3.909608473425419,4.699936682500476e-11,-2.7577906106968086e-05,1.3161083497873268e-07
nominal_proxy,Q3,85200.0,0.655989274166213,0.655989274166213,0.0,321.3663375721268,0.6900610805900409,0.6878743604272644,3.871211544650626,4.542160438901351e-11,-2.6774666750606357e-05,1.2933476713738886e-07
nominal_proxy,Q3,85500.0,0.6126399299675815,0.6126399299675815,0.0,321.3880320885199,0.6817937372729255,0.6797515174476786,3.833305075715432,4.942479337894749e-11,-2.6017606483241806e-05,1.2720174768842554e-07
nominal_proxy,Q3,85800.0,0.5705024654106616,0.5705024654106616,0.0,321.40935610531596,0.6736661871177689,0.6717644280321167,3.795883605341831,4.767517799760071e-11,-2.5260285018147144e-05,1.249891291423398e-07
nominal_proxy,Q3,86100.0,0.5295472850831592,0.5295472850831592,0.0,321.4303169107683,0.665675684961029,0.663910445593776,3.758941631359901,4.59877324745872e-11,-2.4525092751415123e-05,1.2280801450058927e-07
nominal_proxy,Q3,86400.0,0.4897455472278254,0.4897455472278254,0.0,321.45092165717034,0.6578195367188406,0.6561869740915092,3.722473618241077,4.9921211016602415e-11,-2.3240971615212658e-05,1.1776771752699356e-07
nominal_proxy,Q3,86700.0,0.451067854611212,0.451067854611212,0.0,321.4711773631724,0.6500951023041796,0.6485914675519757,3.686474004850632,4.804504928691133e-11,-2.2571049937192278e-05,1.1573204113876085e-07
nominal_proxy,Q3,87000.0,0.41348658955396034,0.41348658955396034,0.0,321.49109090988014,0.6424997910403063,0.6411214293394311,3.6509372095638404,4.623618891425044e-11,-2.192070861206652e-05,1.1372615170594587e-07
nominal_proxy,Q3,87300.0,0.3769741593627436,0.3769741593627436,0.0,321.51066904822363,0.6350310631826364,0.6337744116866643,3.6158576384024994,4.448897363100396e-11,-2.1289428884685435e-05,1.117500655689056e-07
nominal_proxy,Q3,87600.0,0.34150352784514537,0.34150352784514537,0.0,321.52991839797306,0.6276864289948954,0.6265480149796947,3.5812296901658573,4.2803615384807946e-11,-2.0676715049794403e-05,1.098038452252011e-07
nominal_proxy,Q3,87900.0,0.3070483419008765,0.3070483419008765,0.0,321.5488454493648,0.6204634482883868,0.619439887111779,3.547047762055042,4.880797718774525e-11,-2.001108147720032e-05,1.0750609904259457e-07
nominal_proxy,Q3,88200.0,0.2735823416623677,0.2735823416623677,0.0,321.56745656539664,0.6133597287395883,0.6124477228056748,3.5133062549895073,4.702139356424792e-11,-1.9438511680958115e-05,1.0563953892062063e-07
nominal_proxy,Q3,88500.0,0.24108028539769705,0.24108028539769705,0.0,321.58575798133637,0.6063729268591962,0.6055692629651039,3.479999578208011,4.529344399136577e-11,-1.888282997936086e-05,1.038020726352205e-07
nominal_proxy,Q3,88800.0,0.20951756270030164,0.20951756270030164,0.0,321.6037558087407,0.5995007451538035,0.5988022939213283,3.4471221540270065,3.401806504319891e-11,-1.7807042240081117e-05,9.901039814672609e-08
nominal_proxy,Q3,89100.0,0.17886940157004183,0.17886940157004183,0.0,321.62145603766515,0.5927409354714993,0.5921446468065479,3.4146684224911583,4.844034347307986e-11,-1.7197915386457652e-05,9.671406375185627e-08
nominal_proxy,Q3,89400.0,0.14911199345947845,0.14911199345947845,0.0,321.63886453509645,0.5860912923740006,0.5855941966961079,3.382632844074108,4.647961559586073e-11,-1.6709908328360612e-05,9.503586753908848e-08
nominal_proxy,Q3,89700.0,0.12022224767186418,0.12022224767186418,0.0,321.65598704885554,0.5795496570634961,0.5791488620944163,3.35100990460888,4.454838481832529e-11,-1.6243052092024257e-05,9.342341301304949e-08
nominal_proxy,Q3,90000.0,0.0921774082765561,0.0921774082765561,0.0,321.67282921037184,0.5731139147194181,0.5728066040601384,3.319794118194954,4.268658917273219e-11,-1.5789507351343657e-05,9.183460708140833e-08
nominal_proxy,Q3,90300.0,0.06495522311754653,0.06495522311754653,0.0,321.68939653564513,0.5667819941161811,0.5665654255427792,3.2889800304639007,4.089717479377083e-11,-1.5348903026346505e-05,9.02692933419725e-08
nominal_proxy,Q3,90600.0,0.0385339529471147,0.0385339529471147,0.0,321.70569442706756,0.5605518668908849,0.5604233706447569,3.258562221423378,3.917426732059767e-11,-1.4920891280745252e-05,8.872739028595964e-08
nominal_proxy,Q3,90900.0,0.012892365363035174,0.012892365363035174,0.0,321.72172817532737,0.5544215467946381,0.5543785238929932,3.228535308134095,3.7517917839030605e-11,-1.4505130410236156e-05,8.720879442785538e-08
nominal_proxy,Q3,91200.0,-0.01199027250012008,-0.01199027250012008,0.0,321.7375029613235,0.5483890889442821,0.5484290095149977,3.1988939471932643,3.592697069902098e-11,-1.410128541967648e-05,8.571338431029707e-08
nominal_proxy,Q3,91500.0,-0.0361342004777358,-0.0361342004777358,0.0,321.75302385808016,0.5424525890735643,0.5425729907116968,3.169632836981638,3.439666908079186e-11,-1.3709037974096727e-05,8.424108238663408e-08
nominal_proxy,Q3,91800.0,-0.059559172751923156,-0.059559172751923156,0.0,321.76829583266476,0.5366101827869001,0.5368086689358889,3.1407467197360353,3.292667318294045e-11,-1.332805529410952e-05,8.279166591590372e-08
nominal_proxy,Q3,92100.0,-0.08228446435893219,-0.08228446435893219,0.0,321.7833237481038,0.5308600448258176,0.5311342831802918,3.1122303806690037,3.151516886085363e-11,-1.2958016685854501e-05,8.13649272983441e-08
nominal_proxy,Q3,92400.0,-0.10432888168548535,-0.10432888168548535,0.0,321.7981123652852,0.5252003882925084,0.5255481092360045,3.0840786608911537,3.015840288272602e-11,-1.2598636652233486e-05,7.996082341823355e-08
nominal_proxy,Q3,92700.0,-0.12571035700784455,-0.12571035700784455,0.0,321.81266634489424,0.5196294629394567,0.520048459025389,3.0562864419100864,3.4629925887990184e-11,-1.1531228148065065e-05,7.397083864872251e-08
nominal_proxy,Q3,93000.0,-0.1464477509166328,-0.1464477509166328,0.0,321.8269902512744,0.5141455581178025,0.5146336799043549,3.0288486590251207,3.3254156093730326e-11,-1.1214950900118037e-05,7.270931174415551e-08
nominal_proxy,Q3,93300.0,-0.16655788107607133,-0.16655788107607133,0.0,321.84108854758,0.5087469972729883,0.5093021538511745,3.001760298026893,3.1934183828148256e-11,-1.0907620221323189e-05,7.146722096831871e-08
nominal_proxy,Q3,93600.0,-0.18605777988658873,-0.18605777988658873,0.0,321.8549656054273,0.5034321396894447,0.5040522969257191,2.975016398209782,3.066621914256053e-11,-1.0609004269024336e-05,7.024451713636968e-08
nominal_proxy,Q3,93900.0,-0.20496403005275504,-0.20496403005275504,0.0,321.86862570356885,0.4981993794776886,0.4988825585148846,2.948612052539784,2.945011083426973e-11,-1.0318893954364139e-05,6.904126058381451e-08
nominal_proxy,Q3,94200.0,-0.2232923240138005,-0.2232923240138005,0.0,321.88207302982704,0.4930471435344051,0.49379142066521703,2.9225424085585163,3.162236466360004e-11,-9.184770220826977e-06,6.20952806188472e-08
nominal_proxy,Q3,94500.0,-0.24105950699334305,-0.24105950699334305,0.0,321.89531168520836,0.4879738955899228,0.488777397460161,2.896802669676004,3.02333014086076e-11,-8.945921883329877e-06,6.110929269085148e-08
nominal_proxy,Q3,94800.0,-0.25828019321834883,-0.25828019321834883,0.0,321.9083456780392,0.4829781292778094,0.483839034209177,2.871388093957006,2.8912030877425914e-11,-8.713808071880713e-06,6.01394248424896e-08
nominal_proxy,Q3,95100.0,-0.2749693586352364,-0.2749693586352364,0.0,321.9211789346781,0.47805837075634994,0.47897490699086637,2.846293996861588,2.7650473829338786e-11,-8.488280307528129e-06,5.918580119619127e-08
nominal_proxy,Q3,95400.0,-0.2911415628535448,-0.2911415628535448,0.0,321.93381529756743,0.4732131776049396,0.4741836219172506,2.8215157507172557,2.6448675665961222e-11,-8.269160237273088e-06,5.824830913856875e-08
nominal_proxy,Q3,95700.0,-0.3068105059104832,-0.3068105059104832,0.0,321.9462585271076,0.46844113681841393,0.469463814514272,2.79704878513951,3.3754179192499115e-11,-7.197153063631667e-06,5.121350011027151e-08
nominal_proxy,Q3,96000.0,-0.3219911201416157,-0.3219911201416157,0.0,321.95851230572515,0.4637408688661064,0.4648141491416568,2.772888587822682,3.212116716618593e-11,-7.037476488003236e-06,5.0584834192786604e-08
nominal_proxy,Q3,96300.0,-0.3366960930984643,-0.3366960930984643,0.0,321.9705802316856,0.45911102086977,0.4602333182424345,2.749030703000831,3.0570323337473725e-11,-6.88129911291524e-06,4.9961039197584175e-08
nominal_proxy,Q3,96600.0,-0.3509385447442569,-0.3509385447442569,0.0,321.9824658299918,0.45455026919470803,0.4557200419152766,2.725470733624291,2.9098915426438653e-11,-6.728573688108419e-06,4.9342351067344865e-08
nominal_proxy,Q3,96900.0,-0.364731213883171,-0.364731213883171,0.0,321.9941725501601,0.450057318443014,0.4512730672394855,2.702204340530673,2.787584353824045e-11,-6.574941716075422e-06,4.869706921495851e-08
nominal_proxy,Q3,97200.0,-0.37808650499660756,-0.37808650499660756,0.0,322.0057037680001,0.44563090078179823,0.4468911677018613,2.6792272424905885,2.6548835407143142e-11,-6.428977680217329e-06,4.80889578418565e-08
nominal_proxy,Q3,97500.0,-0.3910164108126212,-0.3910164108126212,0.0,322.01706278717825,0.44126977519564814,0.44257314262724307,2.6565352161414815,3.688820114862424e-11,-6.181334143318118e-06,4.669353829017232e-08
nominal_proxy,Q3,97800.0,-0.4035328207175287,-0.4035328207175287,0.0,322.0282528411765,0.4369727273796847,0.43831781662183816,2.634124095943669,3.560044071158849e-11,-6.048071483077955e-06,4.6136147667196e-08
nominal_proxy,Q3,98100.0,-0.4156470531439081,-0.4156470531439081,0.0,322.0392770937418,0.43273856855724896,0.43412403900913626,2.611989773816438,3.436365803413399e-11,-5.917577716563205e-06,4.5582391976233423e-08
nominal_proxy,Q3,98400.0,-0.4273702252717121,-0.4273702252717121,0.0,322.0501386416526,0.42856613518739595,0.42999068330551526,2.590128199143103,3.317654197001741e-11,-5.7898359168140345e-06,4.503261333891408e-08
nominal_proxy,Q3,98700.0,-0.43871314954034685,-0.43871314954034685,0.0,322.06084051567433,0.4244542884011601,0.4259166466836514,2.568535378430404,3.203508488187219e-11,-5.664792955328846e-06,4.4486871025751365e-08
nominal_proxy,Q3,99000.0,-0.4496863440445103,-0.4496863440445103,0.0,322.0713856820339,0.420401913447058,0.4219008494525259,2.5472073750108493,3.093919388554145e-11,-5.5424041539020585e-06,4.3945281698470225e-08
nominal_proxy,Q3,99300.0,-0.4603000466474507,-0.4603000466474507,0.0,322.0817770438534,0.4164079191712687,0.41794223458466406,2.5261403089366645,2.988423718389448e-11,-5.422628836182497e-06,4.3407986788328174e-08
nominal_proxy,Q3,99600.0,-0.47056420038432273,-0.47056420038432273,0.0,322.0920174425248,0.41247123743966085,0.41403976708950246,2.50533035582981,2.8870355309772726e-11,-5.3054318396861255e-06,4.2875166056980646e-08
nominal_proxy,Q3,99900.0,-0.4804884896481581,-0.4804884896481581,0.0,322.1021096591596,0.40859082267676616,0.41019243367306246,2.4847737474221496,2.7895120168599878e-11,-5.19075926846968e-06,4.234684171696843e-08
nominal_proxy,Q3,100200.0,-0.4900823330831477,-0.4900823330831477,0.0,322.1120564158743,0.40476565134798964,0.40639924219655316,2.4644667707384036,2.695799384168634e-11,-5.078514093093123e-06,4.1822670115247876e-08
nominal_proxy,Q3,100500.0,-0.49935489058751104,-0.49935489058751104,0.0,322.1218603771136,0.40099472146342885,0.4026592212028579,2.4444057676187976,2.6054537187314425e-11,-4.968758793189032e-06,4.1303609309831346e-08
nominal_proxy,Q3,100800.0,-0.5083150732779027,-0.5083150732779027,0.0,322.1315241509513,0.39727705210142145,0.39897141947439013,2.4245871343738385,2.5186233011846056e-11,-4.861387296939412e-06,4.078922816562401e-08
nominal_proxy,Q3,101100.0,-0.5169715457821977,-0.5169715457821977,0.0,322.14105029034306,0.39361168292784654,0.3953349055592385,2.405007321125589,2.434934228480473e-11,-4.756364608837771e-06,4.027966999910473e-08
nominal_proxy,Q3,101400.0,-0.5253327333977735,-0.5253327333977735,0.0,322.1504412943778,0.3899976737238108,0.39174876732298486,2.38566283348111,2.3544927906171648e-11,-4.6536455493573214e-06,3.977498553536628e-08
nominal_proxy,Q3,101700.0,-0.5334068368881242,-0.5334068368881242,0.0,322.15969960950747,0.38643410397720374,0.3882121115895686,2.366550223604368,2.2770492290056387e-11,-4.553178668764701e-06,3.9275162499920035e-08
nominal_proxy,Q3,102000.0,-0.5412012401294289,-0.5412012401294289,0.0,322.16882763066957,0.38292007237405173,0.3847240636089259,2.3476661021908165,3.327416971537837e-11,-3.86966717480508e-06,3.368559528026895e-08
nominal_proxy,Q3,102300.0,-0.548724835477221,-0.548724835477221,0.0,322.17782770542146,0.3794546958441449,0.38128376671975817,2.329007130030185,3.408530471042238e-11,-3.5727932332640933e-06,3.138532981138424e-08
nominal_proxy,Q3,102600.0,-0.5559847994327523,-0.5559847994327523,0.0,322.1867021264768,0.37603711093460107,0.3778903819337576,2.3105700182945745,3.3115826799801075e-11,-3.4996857862790165e-06,3.102252131073723e-08
nominal_proxy,Q3,102900.0,-0.5629882309161369,-0.5629882309161369,0.0,322.19545314028244,0.372666471492448,0.37454308750191145,2.292351528895835,3.2178687410549665e-11,-3.428077108624805e-06,3.0662602003484985e-08
nominal_proxy,Q3,103200.0,-0.569742219099204,-0.569742219099204,0.0,322.20408294769237,0.3693419482199255,0.3712410785716297,2.2743484739600035,4.559596643780539e-11,-3.1135879462462768e-06,2.8100318789967536e-08
nominal_proxy,Q3,103500.0,-0.576245779793591,-0.576245779793591,0.0,322.21259370308456,0.36606270718555706,0.3679835162752713,2.2565573604237965,4.433762538281829e-11,-3.0528793132367227e-06,2.7799238157022636e-08
nominal_proxy,Q3,103800.0,-0.582520726823655,-0.582520726823655,0.0,322.2209875545212,0.3628279821435351,0.3647697079218744,2.2389756541259755,4.312000304242133e-11,-2.993321868816068e-06,2.749991746439508e-08
nominal_proxy,Q3,104100.0,-0.5885696778609781,-0.5885696778609781,0.0,322.22926653351345,0.3596369985381522,0.36159888768129533,2.2216002473894814,4.19388054322817e-11,-2.9349180306059708e-06,2.7202596345164592e-08
nominal_proxy,Q3,104400.0,-0.5943970873854956,-0.5943970873854956,0.0,322.23743264799157,0.3564889938808739,0.3584703079134532,2.204428099888378,4.079607054563855e-11,-2.8776117102502496e-06,2.690697103925969e-08
nominal_proxy,Q3,104700.0,-0.600008113198065,-0.600008113198065,0.0,322.24548787333225,0.3533832201966161,0.35538323783588077,2.187456231116932,3.96884172810474e-11,-2.8214186664765606e-06,2.6613399705347013e-08
nominal_proxy,Q3,105000.0,-0.6054081769093085,-0.6054081769093085,0.0,322.25343414899845,0.3503189443486519,0.3523369627455594,2.170681716465219,4.90603165792008e-11,-2.657837053332557e-06,2.5289688118106906e-08
nominal_proxy,Q3,105300.0,-0.6106030014449111,-0.6106030014449111,0.0,322.26127337735056,0.3472954486155508,0.34933078335787127,2.1541016841557483,4.875691481985772e-11,-2.5787487663020414e-06,2.4750768417130103e-08
nominal_proxy,Q3,105600.0,-0.6155981941075215,-0.6155981941075215,0.0,322.2690074222539,0.3443120296761323,0.3463640152182684,2.137713312581711,4.753574205529707e-11,-2.531466693822537e-06,2.4507486191170765e-08
nominal_proxy,Q3,105900.0,-0.6203992765815929,-0.6203992765815929,0.0,322.27663810976054,0.34136799890426683,0.3434359882095723,2.1215138284748742,4.635182141052837e-11,-2.48498996091584e-06,2.426501574930119e-08
nominal_proxy,Q3,106200.0,-0.6250117142779195,-0.6250117142779195,0.0,322.2841672286362,0.33846268183211986,0.3405460460820707,2.10550050512912,4.520513335151811e-11,-2.439292675182614e-06,2.4023255798626194e-08
nominal_proxy,Q3,106500.0,-0.629440842996838,-0.629440842996838,0.0,322.29159653073515,0.33559541788156344,0.3376935460436035,2.0896706609987823,4.4089867978272125e-11,-2.3943848138641144e-06,2.378245437098636e-08
nominal_proxy,Q3,106800.0,-0.6336918563485435,-0.6336918563485435,0.0,322.29892773173964,0.33276556002491475,0.3348778583785579,2.0740216584758318,4.3013652140550126e-11,-2.350255605354512e-06,2.3542656729846525e-08
nominal_proxy,Q3,107100.0,-0.6377698003449854,-0.6377698003449854,0.0,322.30616251196085,0.32997247445202854,0.33209836609685106,2.058550902833693,4.197009736021788e-11,-2.3068982295537666e-06,2.33039461183819e-08
nominal_proxy,Q3,107400.0,-0.6416792509016213,-0.6416792509016213,0.0,322.31330251716577,0.3272155402073196,0.3293544646061768,2.043255841293098,4.493361744474232e-11,-1.9312444577979093e-06,1.9673520157124338e-08
nominal_proxy,Q3,107700.0,-0.6454256837002931,-0.6454256837002931,0.0,322.3203493610237,0.3244941487898486,0.32664556140539147,2.028133962372545,4.373443085495508e-11,-1.8990374356375739e-06,1.9507670042944728e-08
nominal_proxy,Q3,108000.0,-0.6490132979504931,-0.6490132979504931,0.0,322.32730462067576,0.32180770435489797,0.3239710757905347,2.01318279448906,4.257283260013556e-11,-1.867259477594807e-06,1.9341358750644293e-08
nominal_proxy,Q3,108300.0,-0.6524465568373153,-0.6524465568373153,0.0,322.3341698432274,0.3191556228321069,0.3213304385685119,1.9983999058812143,4.144628155977798e-11,-1.8359158185932145e-06,1.9174719032069247e-08
nominal_proxy,Q3,108600.0,-0.6557298016488188,-0.6557298016488188,0.0,322.3409465445112,0.31653733181151456,0.31872309180026775,1.9837829037274306,4.0357680920669924e-11,-1.805022858847316e-06,1.9008003979786874e-08
nominal_proxy,Q3,108900.0,-0.6588672481294167,-0.6588672481294167,0.0,322.3476362097869,0.31395227029475464,0.3161484885399913,1.969329433473947,3.930216521257416e-11,-1.77455842576002e-06,1.8841063792849497e-08
nominal_proxy,Q3,109200.0,-0.6618629893357151,-0.6618629893357151,0.0,322.35424029445903,0.31139988843639843,0.313606092585717,1.9550371782049154,3.828164240623086e-11,-1.744540151005225e-06,1.8674168015547604e-08
nominal_proxy,Q3,109500.0,-0.6647209999853582,-0.6647209999853582,0.0,322.36076022478125,0.30887964728799666,0.31109537823806643,1.9409038580316078,3.7289011633048036e-11,-1.7149644265801456e-06,1.8507364077861775e-08
nominal_proxy,Q3,109800.0,-0.6674451361713457,-0.6674451361713457,0.0,322.36719739853936,0.3063910185184488,0.30861583006617566,1.9269272294983224,3.5859019030343145e-11,-1.6718532885873216e-06,1.8188667286131668e-08
nominal_proxy,Q3,110100.0,-0.6700391606791147,-0.6700391606791147,0.0,322.3735531857355,0.30393348428967615,0.30616694268076244,1.9131050850046107,3.493683991126687e-11,-1.6433532259441108e-06,1.8023167467982857e-08
nominal_proxy,Q3,110400.0,-0.67250671128169,-0.67250671128169,0.0,322.37982892914556,0.3015065368570445,0.3037482205103431,1.8994352522144056,3.4045253594102365e-11,-1.6152921005208043e-06,1.785801083406996e-08
nominal_proxy,Q3,110700.0,-0.674851332583009,-0.674851332583009,0.0,322.3860259450372,0.2991096784385356,0.3013591775883017,1.8859155935153962,3.3178977738409954e-11,-1.5876531693770346e-06,1.769309926340039e-08
nominal_proxy,Q3,111000.0,-0.6770764698971523,-0.6770764698971523,0.0,322.39214552372636,0.29674242097607173,0.29899933734094025,1.8725440054536204,3.234046657589431e-11,-1.5604365957155863e-06,1.7528519521889934e-08
nominal_proxy,Q3,111300.0,-0.6791854731165553,-0.6791854731165553,0.0,322.3981889301655,0.29440428591740614,0.29666823238229945,1.859318418184791,3.1526715122717146e-11,-1.5336485631456398e-06,1.736442749541468e-08
nominal_proxy,Q3,111600.0,-0.6811815997981484,-0.6811815997981484,0.0,322.40415740451243,0.29209480400541654,0.2943654043137971,1.8462367949341447,3.0736667453196545e-11,-1.5072839819607609e-06,1.7200853527596586e-08
nominal_proxy,Q3,111900.0,-0.6830680179949216,-0.6830680179949216,0.0,322.4100521626838,0.2898135150730764,0.2920904035285951,1.8332971314626734,2.99727082208996e-11,-1.481339308329055e-06,1.7037844812672447e-08
nominal_proxy,Q3,112200.0,-0.6848478089711687,-0.6848478089711687,0.0,322.4158743968927,0.2875599678433468,0.28984278902057037,1.8204974555372004,2.922831527884906e-11,-1.45580410082502e-06,1.687536819703284e-08
nominal_proxy,Q3,112500.0,-0.6865236298710109,-0.6865236298710109,0.0,322.4216252761747,0.28533371963923737,0.2876221282478164,1.8078358267517658,3.931546172970346e-11,-1.0472972988839757e-06,1.2234764964665813e-08
nominal_proxy,Q3,112800.0,-0.6880994934111588,-0.6880994934111588,0.0,322.42730594862087,0.2831343364318427,0.285427996789361,1.7953103350841753,2.992106889605392e-11,-1.3861556784622309e-06,1.6319175506711128e-08
nominal_proxy,Q3,113100.0,-0.6895767150957842,-0.6895767150957842,0.0,322.43291753460073,0.2809613925271924,0.2832599783124099,1.7829191050535513,3.982311491163874e-11,-9.795305276893984e-07,1.1621175883261805e-08
nominal_proxy,Q3,113400.0,-0.6909592354979516,-0.6909592354979516,0.0,322.43846114051814,0.27881447021672057,0.281117664451973,1.7706602793052537,3.894399932150254e-11,-9.649222204588526e-07,1.1536013174027221e-08
nominal_proxy,Q3,113700.0,-0.6922493079017435,-0.6922493079017435,0.0,322.4439378455484,0.2766931599417854,0.2790006544666178,1.7585320419495478,3.808890250494394e-11,-9.504520173120312e-07,1.145013267298212e-08
nominal_proxy,Q3,114000.0,-0.6934495386740658,-0.6934495386740658,0.0,322.4493487103264,0.2745970598440266,0.27690855518592583,1.7465326020913332,3.725880556999957e-11,-9.361042974109779e-07,1.1363368784097602e-08
nominal_proxy,Q3,114300.0,-0.6945624701618087,-0.6945624701618087,0.0,322.45469477522084,0.27252577566165376,0.27484098082249464,1.7346601973282496,3.644540817650941e-11,-9.219095438162128e-07,1.127611436114557e-08
nominal_proxy,Q3,114600.0,-0.6955905766649094,-0.6955905766649094,0.0,322.4599770607444,0.2704789205839047,0.2727975528132526,1.7229130932733305,3.566088722346892e-11,-9.078605510692839e-07,1.1188309352775834e-08
nominal_proxy,Q3,114900.0,-0.6965362651164384,-0.6965362651164384,0.0,322.4651965679794,0.26845611509413636,0.27077789966464655,1.7112895830863766,3.489205105561438e-11,-8.939633819871062e-07,1.1100056107539596e-08
nominal_proxy,Q3,115200.0,-0.6974018765715166,-0.6974018765715166,0.0,322.47035427900204,0.26645698681375773,0.26878165680165234,1.6997879870115307,3.414113587032808e-11,-8.802031363774887e-07,1.1011197303084342e-08
nominal_proxy,Q3,115500.0,-0.6981896882881864,-0.6981896882881864,0.0,322.4754511572988,0.2644811703480643,0.2668084664203131,1.6884066519242806,3.3410351227754126e-11,-8.666135473678338e-07,1.0922183309903778e-08
nominal_proxy,Q3,115800.0,-0.6989019155655776,-0.6989019155655776,0.0,322.4804881481695,0.2625283071357096,0.2648579773437306,1.6771439508819617,3.2697783609407823e-11,-8.531592790017584e-07,1.0832600470276549e-08
nominal_proxy,Q3,116100.0,-0.6995407136233049,-0.6995407136233049,0.0,322.4854661791231,0.26059804530220454,0.2629298448813864,1.6659982826830069,3.200497337504166e-11,-8.398687538768712e-07,1.0742837728028119e-08
nominal_proxy,Q3,116400.0,-0.7001081792998094,-0.7001081792998094,0.0,322.49038616026183,0.2586900395164773,0.2610237306917041,1.6549680714322996,3.1326639587685706e-11,-8.267317681553976e-07,1.0652797323270976e-08
nominal_proxy,Q3,116700.0,-0.7006063527489372,-0.7006063527489372,0.0,322.4952489846569,0.25680395085117197,0.25913930264780094,1.6440517661137677,3.0668311220783485e-11,-8.137602460767113e-07,1.0562665194980034e-08
nominal_proxy,Q3,117000.0,-0.7010372190274479,-0.7010372190274479,0.0,322.50005552871403,0.25493944664606577,0.2572762347063371,1.6332478401667323,3.002520816036102e-11,-8.009460512603539e-07,1.0472369835235331e-08
nominal_proxy,Q3,117300.0,-0.7014023298655512,-0.7014023298655512,0.0,322.50480665253156,0.2530962001957626,0.2554342067793964,1.6225547910731195,3.8838616506868195e-11,-3.547754243715673e-07,4.6724713646057466e-09
nominal_proxy,Q3,117600.0,-0.7017044248107683,-0.7017044248107683,0.0,322.5095032021833,0.25127389103743963,0.2536129046133337,1.6119711401435783,3.7993742961458364e-11,-3.5204255166565446e-07,4.670103874994323e-09
nominal_proxy,Q3,117900.0,-0.7019448367877864,-0.7019448367877864,0.0,322.51414600374596,0.2494722046980313,0.25181201965665806,1.6014954314880554,3.7170504018512567e-11,-3.491997593307872e-07,4.6658472400892525e-09
nominal_proxy,Q3,118200.0,-0.7021253400627795,-0.7021253400627795,0.0,322.51873587053507,0.24769083229938663,0.2500312489453519,1.5911262322863882,3.6367045006036744e-11,-3.462731998915558e-07,4.660019060549532e-09
nominal_proxy,Q3,118500.0,-0.702247670295377,-0.702247670295377,0.0,322.52327360093295,0.2459294705663036,0.2482702949897431,1.5808621321758711,3.558548896169471e-11,-3.4326352793545567e-07,4.652601240307098e-09
nominal_proxy,Q3,118800.0,-0.7023135173768355,-0.7023135173768355,0.0,322.5277599786596,0.24418782173455109,0.24652886565853382,1.5707017428579992,3.482507745427387e-11,-3.4018201389152125e-07,4.643720715678202e-09
nominal_proxy,Q3,119100.0,-0.70232452515356,-0.70232452515356,0.0,322.53219577307834,0.24246559343985707,0.24480667406696652,1.5606436977195985,3.40823184730537e-11,-3.3702072710362074e-07,4.6332446915087464e-09
nominal_proxy,Q3,119400.0,-0.7022822926144447,-0.7022822926144447,0.0,322.5365817395023,0.2407624986052079,0.24310343846790425,1.550686651464266,3.335888731771782e-11,-3.3380554120832073e-07,4.6215051920756265e-09
nominal_proxy,Q3,119700.0,-0.7021883752472631,-0.7021883752472631,0.0,322.5409186194952,0.23907825532975646,0.24141888214548687,1.5408292797467633,3.2654121757588175e-11,-3.3052813941392145e-07,4.608367512107835e-09
nominal_proxy,Q3,120000.0,-0.7020442864576164,-0.7020442864576164,0.0,322.545207141163,0.23741258678041874,0.2397527333112462,1.5310702788167325,3.196730128603325e-11,-3.2720938059060956e-07,4.594103244874759e-09
nominal_proxy,Q3,120300.0,-0.7018514987896098,-0.7018514987896098,0.0,322.5494480194381,0.23576522108603587,0.2381047250026003,1.521408365166183,3.1297154715056206e-11,-3.238202813671265e-07,4.578287386571425e-09
nominal_proxy,Q3,120600.0,-0.7016114452254871,-0.7016114452254871,0.0,322.55364195635804,0.23413589123412482,0.23647459498349208,1.5118422751835132,3.064588717276668e-11,-3.2041530906301574e-07,4.561671534340081e-09
nominal_proxy,Q3,120900.0,-0.7013251215379457,-0.7013251215379457,0.0,322.55778964133435,0.23252433472976772,0.23486208564799996,1.5023707648165157,3.823318263757436e-11,1.5393172625444151e-07,2.2066755067928124e-09
nominal_proxy,Q3,121200.0,-0.7009951388467182,-0.7009951388467182,0.0,322.5618917534566,0.23093029426280254,0.23326694393008793,1.4929926094266646,3.021764694007719e-11,-2.3866110121506523e-07,3.4449226620084892e-09
nominal_proxy,Q3,121500.0,-0.7006210956075015,-0.7006210956075015,0.0,322.5659489532968,0.22935351672842372,0.23168892119464013,1.4837066026878238,3.7034228891194354e-11,2.442574220662408e-07,3.5499408010017522e-09
nominal_proxy,Q3,121800.0,-0.7002056575222884,-0.7002056575222884,0.0,322.569961898384,0.2277937535199624,0.23012777316872207,1.474511557615295,3.6284717118687324e-11,2.3710561491974147e-07,3.469594918735162e-09
nominal_proxy,Q3,122100.0,-0.6997495411770401,-0.6997495411770401,0.0,322.57393122757946,0.22625076060022642,0.22858325983828537,1.4654063048807453,3.555415872809174e-11,2.302406446608174e-07,3.3921159579752147e-09
nominal_proxy,Q3,122400.0,-0.6992539649984831,-0.6992539649984831,0.0,322.57785757111156,0.22472429807040092,0.22705514536589108,1.4563896933206062,3.484003801297726e-11,2.236485640016994e-07,3.317376980327475e-09
nominal_proxy,Q3,122700.0,-0.6987201198704202,-0.6987201198704202,0.0,322.58174154807244,0.22321413021808056,0.22554319800873146,1.447460589415974,3.4142897838431086e-11,2.1732484867253987e-07,3.245386667654256e-09
nominal_proxy,Q3,123000.0,-0.6981491644829346,-0.6981491644829346,0.0,322.58558376662165,0.22172002544871533,0.2240471900345164,1.4386178769823414,3.346389979211728e-11,2.112573854740063e-07,3.176038264871282e-09
nominal_proxy,Q3,123300.0,-0.6975422256875826,-0.6975422256875826,0.0,322.5893848242135,0.2202417562032853,0.22256689764033036,1.4298604568721323,3.2801736320187055e-11,2.0542593826000655e-07,3.109097654040323e-09
nominal_proxy,Q3,123600.0,-0.6969003994392429,-0.6969003994392429,0.0,322.59314530782007,0.21877909887758232,0.2211021008749234,1.421187246694179,3.219518696604738e-11,1.9976308407443355e-07,3.043604029502697e-09
nominal_proxy,Q3,123900.0,-0.6962247527528953,-0.6962247527528953,0.0,322.5968657941506,0.21733183373578266,0.21965258355960376,1.412597180512463,3.156318360058552e-11,1.9439343634797268e-07,2.981514994934782e-09
nominal_proxy,Q3,124200.0,-0.6955163229605009,-0.6955163229605009,0.0,322.6005468498592,0.21589974484004754,0.21821813321403494,1.4040892085757515,3.0945855314425754e-11,1.8923571942774942e-07,2.9216603840507465e-09
nominal_proxy,Q3,124500.0,-0.6947761198987907,-0.6947761198987907,0.0,322.604189031756,0.2144826199684614,0.21679854098241214,1.395662297040438,3.0344116681542005e-11,1.842864276735412e-07,2.8640460114458936e-09
nominal_proxy,Q3,124800.0,-0.6940051265033289,-0.6940051265033289,0.0,322.6077928870064,0.21308025054138918,0.21539360156150497,1.387315427701201,2.9754715293540507e-11,1.795314078512078e-07,2.8085100550154023e-09
nominal_proxy,Q3,125100.0,-0.6932042995168832,-0.6932042995168832,0.0,322.611358953326,0.21169243154857575,0.21400311313020473,1.3790475977255034,2.918104770637357e-11,1.7497180959669123e-07,2.7551262038788184e-09
nominal_proxy,Q3,125400.0,-0.6923745702912242,-0.6923745702912242,0.0,322.6148877591719,0.2103189614777461,0.21262687728065474,1.37085781939209,2.8619370025198922e-11,1.7058137080638858e-07,2.7035345047326736e-09
nominal_proxy,Q3,125700.0,-0.6915168454484555,-0.6915168454484555,0.0,322.618379823929,0.20895964224482938,0.21126469895091365,1.3627451198346305,2.8071276486959204e-11,1.6637682676012844e-07,2.6540504021535983e-09
nominal_proxy,Q3,126000.0,-0.6906320076150652,-0.6906320076150652,0.0,322.6218356580922,0.20761427912590663,0.20991638635911306,1.3547085407907091,2.7537875438871047e-11,1.6234686206484383e-07,2.6065461834377554e-09
nominal_proxy,Q3,126300.0,-0.6897209160807674,-0.6897209160807674,0.0,322.625255763444,0.20628268069058725,0.20858175093906806,1.3467471383538603,2.7014340385241858e-11,1.5846347434234076e-07,2.560620113006115e-09
nominal_proxy,Q3,126600.0,-0.6887839567404439,-0.6887839567404439,0.0,322.62864063322814,0.20496465835851468,0.20726060727731252,1.3388599827308492,3.5286310251392884e-11,7.188989067374862e-07,1.1691428699543924e-08
nominal_proxy,Q3,126900.0,-0.6878229830390671,-0.6878229830390671,0.0,322.6319907546399,0.20366002743064104,0.2059527730582144,1.3310461581987174,3.4609727452589566e-11,7.052329430434767e-07,1.1542650300448256e-08
nominal_proxy,Q3,127200.0,-0.6868381613764469,-0.6868381613764469,0.0,322.6353066013237,0.20236860613969423,0.20465806898412148,1.3233047622388907,3.3948904825593334e-11,6.919517258063834e-07,1.139754726133644e-08
nominal_proxy,Q3,127500.0,-0.6858302725258132,-0.6858302725258132,0.0,322.63858864210744,0.20109021556157602,0.2033763187334606,1.315634905984919,3.3304258583776235e-11,6.790395589151288e-07,1.1255968820077498e-08
nominal_proxy,Q3,127800.0,-0.6848000771677889,-0.6848000771677889,0.0,322.64183733789196,0.19982467975599652,0.20210734890156642,1.3080357137657044,3.2674525466552384e-11,6.66503182422673e-07,1.111813254226208e-08
nominal_proxy,Q3,128100.0,-0.6837483133545283,-0.6837483133545283,0.0,322.645053141805,0.19857182571629156,0.20085098894184222,1.300506322870601,3.2061038007994715e-11,6.543106703116308e-07,1.0983610388019391e-08
nominal_proxy,Q3,128400.0,-0.6826756991091466,-0.6826756991091466,0.0,322.6482364993673,0.1973314833298057,0.19960707113500656,1.293045878953209,3.145871921005445e-11,6.424511072022909e-07,1.0852316389347497e-08
nominal_proxy,Q3,128700.0,-0.6815829266418081,-0.6815829266418081,0.0,322.65138784862165,0.19610348524388452,0.19837543043574996,1.285653553528436,3.0871895850765336e-11,6.309178232077883e-07,1.072423270844551e-08
nominal_proxy,Q3,129000.0,-0.6804706781254829,-0.6804706781254829,0.0,322.6545076203834,0.1948876669121625,0.19715590457163296,1.2783285168944136,3.029794377749444e-11,6.197156541265514e-07,1.0599536029232374e-08
nominal_proxy,Q3,129300.0,-0.6793396122464003,-0.6793396122464003,0.0,322.6575962382697,0.19368386648495314,0.19594833388844624,1.2710699560427148,2.973935038491202e-11,6.088015274130498e-07,1.0477581130216752e-08
nominal_proxy,Q3,129600.0,-0.678190370326992,-0.678190370326992,0.0,322.6606541188911,0.19249192476447782,0.19475256132622185,1.2638770698774893,2.919183617353508e-11,5.981962147849629e-07,1.0358810558189767e-08
nominal_proxy,Q3,129900.0,-0.6770235766730353,-0.6770235766730353,0.0,322.66368167198766,0.19131168515456667,0.19356843236972032,1.2567490690144085,2.865698037195665e-11,5.878730592323578e-07,1.0242849842259535e-08
nominal_proxy,Q3,130200.0,-0.67583983900001,-0.67583983900001,0.0,322.66667930056195,0.19014299361065226,0.1923957950000795,1.2496851755866687,2.813470741202137e-11,5.778281617629943e-07,1.0129712570357944e-08
nominal_proxy,Q3,130500.0,-0.6746397489184014,-0.6746397489184014,0.0,322.6696474010104,0.188985698590931,0.19123449964751266,1.2426846230524744,2.7624459814464972e-11,5.680560938303714e-07,1.0019384148567369e-08
nominal_proxy,Q3,130800.0,-0.6734238823957525,-0.6734238823957525,0.0,322.67258636325045,0.18783965100857183,0.19008439914502134,1.235746656006712,2.712463632215567e-11,5.585391003037898e-07,9.91162936587692e-09
nominal_proxy,Q3,131100.0,-0.6721928001834047,-0.6721928001834047,0.0,322.6754965708452,0.18670470418487017,0.18894534868309684,1.2288705299963776,2.663736698165436e-11,5.492845958077197e-07,9.806655170720502e-09
nominal_proxy,Q3,131400.0,-0.6709470477728393,-0.6709470477728393,0.0,322.67837840112514,0.18558071380368338,0.18781720576539146,1.2220555113378477,2.6136310033286787e-11,5.40739585108696e-07,9.712567899713933e-09
nominal_proxy,Q3,131700.0,-0.6696871578082393,-0.6696871578082393,0.0,322.68123222530994,0.1844675378660836,0.18669983016533212,1.2153008769401201,2.5670429546561595e-11,5.319663142211439e-07,9.612645498044778e-09
nominal_proxy,Q3,132000.0,-0.6684134583254828,-0.6684134583254828,0.0,322.6840584086168,0.1833650363833734,0.18559308388365456,1.2086059141274783,3.053692805661988e-11,7.917588653594265e-07,1.4393126791886393e-08
nominal_proxy,Q3,132300.0,-0.6671268883244825,-0.6671268883244825,0.0,322.686857311361,0.18227307221269348,0.18449683111089768,1.2019699205529557,3.0046541427473256e-11,7.811367768173483e-07,1.428510105441949e-08
nominal_proxy,Q3,132600.0,-0.6658276746531281,-0.6658276746531281,0.0,322.68962928583414,0.18119151002197112,0.1834109381732951,1.1953922037517404,2.9565280759452353e-11,7.70744064904072e-07,1.4179179160778785e-08
nominal_proxy,Q3,132900.0,-0.6645163011204847,-0.6645163011204847,0.0,322.6923746800306,0.1801202166357741,0.182335273508104,1.188872081285908,2.9095171201682927e-11,7.605784840825081e-07,1.4075386211282326e-08
nominal_proxy,Q3,133200.0,-0.663193236411169,-0.663193236411169,0.0,322.69509383635693,0.17905906099510416,0.18126970761856787,1.1824088804606356,2.8635126335113958e-11,7.506279433577845e-07,1.3973563418800463e-08
nominal_proxy,Q3,133500.0,-0.66185893576717,-0.66185893576717,0.0,322.69778709174994,0.17800791411371528,0.18021411303592,1.176001938165819,2.8184856213105396e-11,7.408942465092494e-07,1.3873807244247021e-08
nominal_proxy,Q3,133800.0,-0.6605138418037494,-0.6605138418037494,0.0,322.70045477778496,0.1769666490381122,0.1791683642820648,1.1696506007193983,2.774251750450552e-11,7.313820309384766e-07,1.3776268671975654e-08
nominal_proxy,Q3,134100.0,-0.6591582956826976,-0.6591582956826976,0.0,322.7030972207789,0.17593514064103602,0.1781323378330094,1.1633542237135284,2.7224378720077998e-11,8.619093204709216e-07,1.6330058098502947e-08
nominal_proxy,Q3,134400.0,-0.6577929212705353,-0.6577929212705353,0.0,322.70571474235476,0.17491326617552014,0.1771059120852204,1.1571121719044457,2.6803901805678783e-11,8.516395404445376e-07,1.6229749350742847e-08
nominal_proxy,Q3,134700.0,-0.6564180026600599,-0.6564180026600599,0.0,322.7083076580119,0.1739009044990467,0.1760889673131728,1.1509238189259365,2.6389827498198054e-11,8.415777755788056e-07,1.61313666539597e-08
nominal_proxy,Q3,135000.0,-0.6550339395563087,-0.6550339395563087,0.0,322.7108762789247,0.172897936406266,0.17508138564378875,1.144788547300943,2.598638305050584e-11,8.3170051790038e-07,1.603451792017722e-08
nominal_proxy,Q3,135300.0,-0.6536411194087361,-0.6536411194087361,0.0,322.71342091137916,0.171904244547379,0.17408305101881025,1.1387057482323586,2.558992979990554e-11,8.220206419995435e-07,1.5939506402996042e-08
nominal_proxy,Q3,135600.0,-0.6522399190485438,-0.6522399190485438,0.0,322.7159418568721,0.17091971339035,0.17309384916224088,1.1326748214664255,2.5202600466109586e-11,8.12518719639499e-07,1.5846011430794834e-08
nominal_proxy,Q3,135900.0,-0.650830317437631,-0.650830317437631,0.0,322.7184394122015,0.16994422850989765,0.17211366754812488,1.126695175153477,3.604750354918259e-11,1.3940305356729965e-06,2.734290239207912e-08
nominal_proxy,Q3,136200.0,-0.6494135787045503,-0.6494135787045503,0.0,322.7209138715677,0.16897767886242465,0.1711423953779531,1.1207662258740883,3.550423142076945e-11,1.375953980642386e-06,2.7142716716697962e-08
nominal_proxy,Q3,136500.0,-0.6479894819001286,-0.6479894819001286,0.0,322.72336551993175,0.16801995405247006,0.1701799235195215,1.1148873979677145,3.4971145109633405e-11,1.3582153024493948e-06,2.6945515888453046e-08
nominal_proxy,Q3,136800.0,-0.6465583861298981,-0.6465583861298981,0.0,322.72579464076216,0.16707094542354378,0.1692261445113719,1.1090581240111426,3.4413797154549775e-11,1.340218540923921e-06,2.6739509524458107e-08
nominal_proxy,Q3,137100.0,-0.645120629447181,-0.645120629447181,0.0,322.72820151305586,0.16613054601026936,0.1682809525189869,1.1032778444487639,3.390344337183028e-11,1.3231680792147316e-06,2.654876162133643e-08
nominal_proxy,Q3,137400.0,-0.6436765380156483,-0.6436765380156483,0.0,322.7305864114803,0.16519865049108634,0.16734424330591904,1.0975460074698224,3.340176459706935e-11,1.3064341626289888e-06,2.6360872374872102e-08
nominal_proxy,Q3,137700.0,-0.6422264267878129,-0.6422264267878129,0.0,322.7329496064678,0.16427515514945878,0.16641591420549626,1.0918620688854799,3.2909952441308034e-11,1.2900234287460677e-06,2.617607082402681e-08
nominal_proxy,Q3,138000.0,-0.6407706013113759,-0.6407706013113759,0.0,322.7352913643047,0.1633599578422864,0.16549586409301473,1.0862254920065044,3.2428801524664976e-11,1.273907120125095e-06,2.5993867304882857e-08
nominal_proxy,Q3,138300.0,-0.6393093583099989,-0.6393093583099989,0.0,322.7376119472128,0.16245295797041195,0.16458399335842344,1.0806357475259787,3.1957090470098916e-11,1.2580934473094274e-06,2.5814518102702442e-08
nominal_proxy,Q3,138600.0,-0.6378429861739491,-0.6378429861739491,0.0,322.73991161342474,0.16155405645045437,0.1636802038795484,1.0750923134008674,3.149420992684945e-11,1.2425542608163198e-06,2.563753351080124e-08
nominal_proxy,Q3,138900.0,-0.6363717652683212,-0.6363717652683212,0.0,322.74219061725927,0.16066315568718742,0.16278439899584657,1.0695946747351175,3.104011175707078e-11,1.227329423425516e-06,2.546382249612013e-08
nominal_proxy,Q3,139200.0,-0.6348959680319815,-0.6348959680319815,0.0,322.74444920919194,0.15978015954650746,0.16189648348114635,1.0641423236566467,3.059468278704364e-11,1.2123596877522402e-06,2.5292245111307803e-08
nominal_proxy,Q3,139500.0,-0.6334158602052373,-0.6334158602052373,0.0,322.74668763592643,0.1589049733313412,0.16101636352419305,1.058734759247657,3.015811472695765e-11,1.1976503135890937e-06,2.51229878352477e-08
nominal_proxy,Q3,139800.0,-0.6319316996600925,-0.6319316996600925,0.0,322.74890614045904,0.15803750375387834,0.16014394669677962,1.0533714873817437,2.973024862633892e-11,1.1832102887465723e-06,2.495631860880439e-08
nominal_proxy,Q3,140100.0,-0.6304437373847602,-0.6304437373847602,0.0,322.75110496214745,0.15717765891122906,0.15927914193258075,1.0480520206382975,2.930958972141772e-11,1.1690207454284618e-06,2.4791919189327503e-08
nominal_proxy,Q3,140400.0,-0.6289522175963894,-0.6289522175963894,0.0,322.75328433677623,0.15632534826118968,0.15842185950340898,1.0427758781977137,2.8896940819916325e-11,1.1550693992390393e-06,2.4629603411238204e-08
nominal_proxy,Q3,140700.0,-0.6274573779162103,-0.6274573779162103,0.0,322.75544449661913,0.1554804825983203,0.1575720109959522,1.0375425857356535,2.849221575061435e-11,1.1413733540521775e-06,2.4469809864622154e-08
nominal_proxy,Q3,141000.0,-0.6259594495816092,-0.6259594495816092,0.0,322.75758567050167,0.1546429740306776,0.15672950928897691,1.0323516753219333,2.8095623832533523e-11,1.1279081888471154e-06,2.431209039007412e-08
nominal_proxy,Q3,141300.0,-0.6244586575738587,-0.6244586575738587,0.0,322.75970808386126,0.1538127359568204,0.1558942685309826,1.0272026853199259,2.7706090818571496e-11,1.11467479746441e-06,2.4156534470967146e-08
nominal_proxy,Q3,141600.0,-0.6229552207957525,-0.6229552207957525,0.0,322.7618119588072,0.15298968304336596,0.1550662041183008,1.0220951602876445,2.7324165177735952e-11,1.1016846976907857e-06,2.4003463845303993e-08
nominal_proxy,Q3,141900.0,-0.6214493522497828,-0.6214493522497828,0.0,322.7638975141784,0.15217373120310765,0.15424523267362783,1.0170286508805744,2.6949950004866205e-11,1.0889062717067688e-06,2.3852261120622188e-08
nominal_proxy,Q3,142200.0,-0.6199412547125627,-0.6199412547125627,0.0,322.7659649656005,0.1513647975043211,0.15343127202497628,1.0120027137575784,2.579001068207727e-11,1.1014839884637695e-06,2.4256718572721082e-08
nominal_proxy,Q3,142500.0,-0.6184311367928996,-0.6184311367928996,0.0,322.768014525565,0.15056280043158454,0.15262424118546442,1.0070169114914553,2.5448772984789024e-11,1.0893710622461583e-06,2.4117755938020617e-08
nominal_proxy,Q3,142800.0,-0.6169191937711127,-0.6169191937711127,0.0,322.77004640342426,0.14976765942736014,0.15182406033146822,1.0020708124580306,2.511539982771326e-11,1.0774613112829456e-06,2.3980729337754273e-08
nominal_proxy,Q3,143100.0,-0.6154056156777796,-0.6154056156777796,0.0,322.7720608054861,0.1489792951804857,0.1510306507851781,0.9971639907708223,2.4787527300750957e-11,1.0657299439609247e-06,2.3845146684528935e-08
nominal_proxy,Q3,143400.0,-0.613890587206538,-0.613890587206538,0.0,322.7740579350658,0.14819762952213492,0.1502439349935298,0.9922960261788981,2.446640283209742e-11,1.054211930084925e-06,2.3711848686654533e-08
nominal_proxy,Q3,143700.0,-0.6123742886120327,-0.6123742886120327,0.0,322.77603799253825,0.1474225854046797,0.14946383650958964,0.9874665039819871,2.4150476347276925e-11,1.042860948041735e-06,2.3579854813947456e-08
nominal_proxy,Q3,144000.0,-0.6108568953798785,-0.6108568953798785,0.0,322.778001175386,0.14665408688361423,0.14869027997385978,0.9826750149448811,2.384021356698744e-11,1.0316937872900667e-06,2.344959737600827e-08
nominal_proxy,Q3,144300.0,-0.609338578251619,-0.609338578251619,0.0,322.77994767824663,0.1458920590994054,0.1479231910959358,0.9779211552132568,2.3535740948030055e-11,1.0207075026302803e-06,2.332106602034244e-08
nominal_proxy,Q3,144600.0,-0.6078195032978203,-0.6078195032978203,0.0,322.7818776929618,0.14513642825923928,0.14716249663652142,0.9732045262310949,2.3237781873891935e-11,1.0098868222785384e-06,2.319396617355321e-08
nominal_proxy,Q3,144900.0,-0.6062998319985414,-0.6062998319985414,0.0,322.78379140862455,0.14438712161898368,0.14640812438979567,0.9685247346587158,2.2943798435281643e-11,9.992450560325494e-07,2.306865609684613e-08
nominal_proxy,Q3,145200.0,-0.6047796911064287,-0.6047796911064287,0.0,322.7856890116258,0.14364406727618653,0.14566000316608704,0.9638813922926627,2.579028651607367e-11,1.075863724553372e-06,2.496596262679366e-08
nominal_proxy,Q3,145500.0,-0.6032593044657963,-0.6032593044657963,0.0,322.7875706858589,0.14290719487709508,0.1449180627767251,0.9592741160071071,2.550960661733239e-11,1.065423206325633e-06,2.4851167856219144e-08
nominal_proxy,Q3,145800.0,-0.6017387740198021,-0.6017387740198021,0.0,322.78943661223303,0.14217643458050833,0.14418223401099617,0.9547025276111577,2.5232075294874504e-11,1.0551265505753804e-06,2.473749262523784e-08
nominal_proxy,Q3,146100.0,-0.6002182481586441,-0.6002182481586441,0.0,322.79128696933356,0.14145171765121314,0.14345244862826279,0.9501662538525469,2.4960018019219242e-11,1.044956248419382e-06,2.462456838679046e-08
nominal_proxy,Q3,146400.0,-0.5986978654465323,-0.5986978654465323,0.0,322.79312193320015,0.14073297632367854,0.14272863933734228,0.9456649263048753,2.4634628740151754e-11,1.038652591378586e-06,2.4601023832768685e-08
nominal_proxy,Q3,146700.0,-0.5971777673860632,-0.5971777673860632,0.0,322.7949416773993,0.1400201437943745,0.14201073978154874,0.9411981812985061,2.4369892344464245e-11,1.0287662096652994e-06,2.4490909707393866e-08
nominal_proxy,Q3,147000.0,-0.5956580834728669,-0.5956580834728669,0.0,322.7967463730305,0.13931315418157025,0.14129868452318822,0.9367656598476137,2.4111173107534652e-11,1.0190125239173398e-06,2.438182117842789e-08
nominal_proxy,Q3,147300.0,-0.5941389426736394,-0.5941389426736394,0.0,322.7985361888088,0.13861194252178016,0.14059240902869194,0.9323670075813981,2.3854461812289643e-11,1.009399893558971e-06,2.4274000137719338e-08
nominal_proxy,Q3,147600.0,-0.5926200945443403,-0.5926200945443403,0.0,322.80031129108886,0.13791644380879828,0.13989184965367668,0.9280018746741092,3.298417526979927e-11,1.658919180580476e-06,4.009478818639721e-08
nominal_proxy,Q3,147900.0,-0.5911025485517298,-0.5911025485517298,0.0,322.8020718458746,0.13722659633910614,0.13919694363801208,0.9236699159180313,3.259222166732163e-11,1.641120051854017e-06,3.9863993706647056e-08
nominal_proxy,Q3,148200.0,-0.5895858542158385,-0.5895858542158385,0.0,322.8038180122313,0.1365423374652898,0.13850762905798336,0.9193707901748419,3.2206639259132095e-11,1.623592232102844e-06,3.963586831363019e-08
nominal_proxy,Q3,148500.0,-0.5880701550802712,-0.5880701550802712,0.0,322.80554994996095,0.1358636056488136,0.13782384485348942,0.9151041608734088,3.1827174420549285e-11,1.606322470815158e-06,3.941017324308942e-08
nominal_proxy,Q3,148800.0,-0.5865555737146465,-0.5865555737146465,0.0,322.807267816507,0.1351903402516897,0.13714553079503386,0.9108696957057322,3.145423361652895e-11,1.5892886047197408e-06,3.9186443887457585e-08
nominal_proxy,Q3,149100.0,-0.5850422504906954,-0.5850422504906954,0.0,322.8089717670832,0.13452248156619506,0.13647262764290352,0.9066670677802752,3.1087933898940846e-11,1.5725218422968368e-06,3.896552764486034e-08
nominal_proxy,Q3,149400.0,-0.5835302553726558,-0.5835302553726558,0.0,322.81066195460585,0.13385997056147284,0.13580507659940086,0.9024959517824894,3.072636810814113e-11,1.5560057513575032e-06,3.8747101288778855e-08
nominal_proxy,Q3,149700.0,-0.5820196976395401,-0.5820196976395401,0.0,322.8123385300674,0.1332027490639269,0.13514281985511029,0.8983560278731539,3.037257683384583e-11,1.5397154753404863e-06,3.853062308300017e-08
nominal_proxy,Q3,150000.0,-0.5805106803233805,-0.5805106803233805,0.0,322.81400164235606,0.1325507597000915,0.13448580037996352,0.8942469802350539,3.0023423405553815e-11,1.523638225142676e-06,3.831584289143395e-08
nominal_proxy,Q3,150300.0,-0.5790033021109295,-0.5790033021109295,0.0,322.8156514383068,0.13190394587806867,0.13383396191121233,0.89016849701707,2.968071594948443e-11,1.5078321687900242e-06,3.810429775881147e-08
nominal_proxy,Q3,150600.0,-0.5774976580911523,-0.5774976580911523,0.0,322.8172880627414,0.13126225177344805,0.13318724894121778,0.8861202702764569,2.934319999465963e-11,1.4922397656436104e-06,3.789461543544497e-08
nominal_proxy,Q3,150900.0,-0.575993842121516,-0.575993842121516,0.0,322.81891165850476,0.13062562236133826,0.13254560675797594,0.8821019865954415,2.901211219160453e-11,1.4768697881306636e-06,3.7687087761014386e-08
nominal_proxy,Q3,151200.0,-0.5744917909473662,-0.5744917909473662,0.0,322.8205223664403,0.12999400263373412,0.1319089812220068,0.8781133644948187,3.6412070039711435e-11,1.78553444141194e-06,4.578504662359412e-08
nominal_proxy,Q3,151500.0,-0.5729919379819854,-0.5729919379819854,0.0,322.8221203263803,0.1293673400583757,0.1312773190793082,0.8741540979869215,3.603889948126869e-11,1.768297768101057e-06,4.556270455132211e-08
nominal_proxy,Q3,151800.0,-0.5714941456733381,-0.5714941456733381,0.0,322.82370567440324,0.1287455813916144,0.13065056771480035,0.8702238940961458,3.567043599158468e-11,1.7512824461718424e-06,4.534220196768914e-08
nominal_proxy,Q3,152100.0,-0.5699985080273415,-0.5699985080273415,0.0,322.8252785459008,0.1281286744148999,0.13002867522324188,0.866322463600698,3.530865598098316e-11,1.7344752553105636e-06,4.512326542649546e-08
nominal_proxy,Q3,152400.0,-0.5685051065302431,-0.5685051065302431,0.0,322.8268390743782,0.12751656763485336,0.12941159038285752,0.8624495208378806,3.4950620876741826e-11,1.7178710033372013e-06,4.4905825054732356e-08
nominal_proxy,Q3,152700.0,-0.5670140183778856,-0.5670140183778856,0.0,322.82838739153544,0.12690921024732044,0.1287992626469187,0.8586047836685292,3.459824278385611e-11,1.7015015967292157e-06,4.469078310427148e-08
nominal_proxy,Q3,153000.0,-0.5655253177765382,-0.5655253177765382,0.0,322.8299236273065,0.12630655212302908,0.1281916421333741,0.8547879734261596,3.425045015065705e-11,1.685326972644674e-06,4.447715879387051e-08
nominal_proxy,Q3,153300.0,-0.5640390762565808,-0.5640390762565808,0.0,322.8314479098899,0.12570854379579507,0.1275886796144814,0.8509988148682772,3.390811139066599e-11,1.669349314670221e-06,4.4265071788649056e-08
nominal_proxy,Q3,153600.0,-0.56255536290441,-0.56255536290441,0.0,322.83296036577883,0.1251151364516841,0.12699032650660466,0.8472370361257954,3.357013514788606e-11,1.6535717600740796e-06,4.405466854957346e-08
nominal_proxy,Q3,153900.0,-0.5610742444823847,-0.5610742444823847,0.0,322.83446111978895,0.1245262819186035,0.12639653486018793,0.8435023686551605,3.323582868357399e-11,1.6379929425047735e-06,4.3845976856394216e-08
nominal_proxy,Q3,154200.0,-0.5595957855505539,-0.5595957855505539,0.0,322.8359502950863,0.1239419326560441,0.12580725734990478,0.8397945471896877,3.2907103747625717e-11,1.6226076496872466e-06,4.363892065999987e-08
nominal_proxy,Q3,154500.0,-0.5581200485403656,-0.5581200485403656,0.0,322.837428013213,0.12336204174516217,0.12522244726498585,0.83611330969332,3.258378312789299e-11,1.6074067382687574e-06,4.343331534642001e-08
nominal_proxy,Q3,154800.0,-0.5566470938367547,-0.5566470938367547,0.0,322.8388943941138,0.12278656287894536,0.12464205849971606,0.8324583973130896,3.2264465198152834e-11,1.592394454519308e-06,4.3229335446888204e-08
nominal_proxy,Q3,155100.0,-0.5551766380539076,-0.5551766380539076,0.0,322.84034955616113,0.1222154494559388,0.12406604554410233,0.8288295543348019,3.866076105417797e-11,2.188395150870548e-06,5.968681157231024e-08
nominal_proxy,Q3,155400.0,-0.553709547478618,-0.553709547478618,0.0,322.84179361798203,0.12164865776999105,0.12349436348327038,0.8252265282569088,3.82563515027128e-11,2.166505180256628e-06,5.93650934303218e-08
nominal_proxy,Q3,155700.0,-0.5522453552156816,-0.5522453552156816,0.0,322.84322669241055,0.1210861429577244,0.12292696795811263,0.8216490693360203,3.7858267058784877e-11,2.1449007889806637e-06,5.9046139566097364e-08
nominal_proxy,Q3,156000.0,-0.5507841419570645,-0.5507841419570645,0.0,322.8446488935303,0.12052786097610356,0.1223638151945584,0.8180969310325219,3.746499922069195e-11,2.1235793870033604e-06,5.8729972467372546e-08
nominal_proxy,Q3,156300.0,-0.5493259692569218,-0.5493259692569218,0.0,322.84606033380135,0.11997376840351717,0.12180486197618347,0.814569869751736,3.707945309683532e-11,2.102542966730958e-06,5.841674100123039e-08
nominal_proxy,Q3,156600.0,-0.5478708908730033,-0.5478708908730033,0.0,322.84746112417537,0.11942382239203557,0.12125006563755997,0.8110676448145127,3.6586453253036056e-11,2.0827843160153847e-06,5.813425033346575e-08
nominal_proxy,Q3,156900.0,-0.5464189594598767,-0.5464189594598767,0.0,322.84885137414955,0.11887798065042413,0.12069938405621912,0.8075900184206269,3.62109737769573e-11,2.0622786214286037e-06,5.7826201570863856e-08
nominal_proxy,Q3,157200.0,-0.5449702219435587,-0.5449702219435587,0.0,322.8502311917856,0.11833620143116923,0.12015277564444538,0.8041367556056617,3.5840367822857865e-11,2.042039285776731e-06,5.7520839243897606e-08
nominal_proxy,Q3,157500.0,-0.5435247241304069,-0.5435247241304069,0.0,322.85160068375336,0.1177984435206146,0.11961019934125941,0.8007076242042458,3.547665829169556e-11,2.022063037454558e-06,5.721815945444981e-08
nominal_proxy,Q3,157800.0,-0.5420825098813316,-0.5420825098813316,0.0,322.85295995534926,0.11726466623036726,0.11907161460445154,0.7973023948093074,3.511654454470433e-11,2.002343952423047e-06,5.6918081600966604e-08
nominal_proxy,Q3,158100.0,-0.5406436212412662,-0.5406436212412662,0.0,322.8543091105193,0.11673482938906526,0.11853698140277126,0.7939208407335407,3.476297680506527e-11,1.9828705326574436e-06,5.6620363235058684e-08
nominal_proxy,Q3,158400.0,-0.5392080985725313,-0.5392080985725313,0.0,322.8556482518813,0.11620889333411012,0.11800626020824798,0.7905627379724482,3.441323147817894e-11,1.9636688249891066e-06,5.6325833266001916e-08
nominal_proxy,Q3,158700.0,-0.5377759806901259,-0.5377759806901259,0.0,322.8569774807462,0.11568681890401857,0.11747941198864624,0.7872278651644873,3.406985906605432e-11,1.9446981766035876e-06,5.603341259407832e-08
nominal_proxy,Q3,159000.0,-0.5363473048830213,-0.5363473048830213,0.0,322.85829689713813,0.11516856743053133,0.11695639820004707,0.7839160035568427,3.372982232215267e-11,1.925971698679696e-06,5.57435575131043e-08
nominal_proxy,Q3,159300.0,-0.5349221070199628,-0.5349221070199628,0.0,322.859606599815,0.11465410073125795,0.11643718077956151,0.7806269369666237,3.3394707710612243e-11,1.907471105733194e-06,5.545581866290118e-08
nominal_proxy,Q3,159600.0,-0.5335004215669195,-0.5335004215669195,0.0,322.86090668628714,0.11414338110220618,0.11592172213816544,0.7773604517472779,3.3064319299081774e-11,1.889220860418206e-06,5.517098588854549e-08
nominal_proxy,Q3,159900.0,-0.5320822817047768,-0.5320822817047768,0.0,322.8621972528374,0.1136363713107035,0.11540998515366,0.7741163367518987,3.2738235460744174e-11,1.8711821700989617e-06,5.4888006616085765e-08
nominal_proxy,Q3,160200.0,-0.5306677192610709,-0.5306677192610709,0.0,322.86347839453896,0.11313303458823272,0.11490193316375051,0.770894383298936,3.241793805603704e-11,1.8533942663934155e-06,5.460810726472496e-08
nominal_proxy,Q3,160500.0,-0.5292567648845593,-0.5292567648845593,0.0,322.86475020527354,0.11263333462360964,0.11439752995924554,0.7676943851381934,3.2101235543259824e-11,1.8358062119361307e-06,5.4329866555370494e-08
nominal_proxy,Q3,160800.0,-0.5278492038807854,-0.5278492038807854,0.0,322.86601277775003,0.11213723497968,0.11389673977737029,0.7645161384174214,3.8940742513719665e-11,2.235426299845855e-06,6.644912370843128e-08
nominal_proxy,Q3,161100.0,-0.5264456341425907,-0.5264456341425907,0.0,322.8672662048132,0.11164470113693759,0.11339952730060471,0.7613594417298333,3.858406174556709e-11,2.2149575460428395e-06,6.613114411123695e-08
nominal_proxy,Q3,161400.0,-0.5250457264814812,-0.5250457264814812,0.0,322.86851057515463,0.11115569789366186,0.11290585763104917,0.7582240958053716,3.823256390899916e-11,2.1947347104145365e-06,6.581563074748689e-08
nominal_proxy,Q3,161700.0,-0.5236495212679888,-0.5236495212679888,0.0,322.86974597822956,0.11067019065489873,0.11241569630831176,0.7551099038070348,3.788579165366099e-11,2.1747559191265253e-06,6.550261054210571e-08
nominal_proxy,Q3,162000.0,-0.5222570491538862,-0.5222570491538862,0.0,322.8709725023117,0.11018814527712734,0.1119290092910381,0.7520166711529616,3.754206514392848e-11,2.1550193448627297e-06,6.51921111671549e-08
nominal_proxy,Q3,162300.0,-0.5208683372449074,-0.5208683372449074,0.0,322.8721902345558,0.10970952804309513,0.11144576295230894,0.7489442054971663,3.720349703856995e-11,2.135519238111172e-06,6.4884040496231e-08
nominal_proxy,Q3,162600.0,-0.5194834104449129,-0.5194834104449129,0.0,322.8733992610267,0.10923430565143787,0.11096592407376653,0.7458923166994821,3.687012883234549e-11,2.1162536858465586e-06,6.457842076949208e-08
nominal_proxy,Q3,162900.0,-0.5181022919919688,-0.5181022919919688,0.0,322.87459966672105,0.10876244520902241,0.11048945983971253,0.7428608167961704,3.653801837748356e-11,2.0972150683862267e-06,6.427509864444312e-08
nominal_proxy,Q3,163200.0,-0.5167250036817077,-0.5167250036817077,0.0,322.8757915355868,0.10829391422431292,0.11001633783128541,0.7398495199706002,3.62122706914111e-11,2.0784100382975623e-06,6.397435636726178e-08
nominal_proxy,Q3,163500.0,-0.5153515660752149,-0.5153515660752149,0.0,322.8769749505404,0.1078286806010661,0.10954652602073009,0.7368582425240107,3.58883401113942e-11,2.059823983158182e-06,6.367582266227527e-08
nominal_proxy,Q3,163800.0,-0.5139819665288572,-0.5139819665288572,0.0,322.8781499936326,0.10736671261422512,0.10907999276576201,0.7338868028470096,4.341235758822373e-11,2.0789322103809127e-06,6.45430400714803e-08
nominal_proxy,Q3,164100.0,-0.5126146968124935,-0.5126146968124935,0.0,322.8793167456337,0.10690797431573146,0.10861669842308759,0.7309349605446599,4.984146962047968e-11,2.5353943463590767e-06,7.905223667323741e-08
nominal_proxy,Q3,164400.0,-0.5112523044173569,-0.5112523044173569,0.0,322.8804752945593,0.10645243869803857,0.10815662141914048,0.7280026058627916,4.9375375463661546e-11,2.5119132169848513e-06,7.865525824511194e-08
nominal_proxy,Q3,164700.0,-0.5098941344279033,-0.5098941344279033,0.0,322.88162571424556,0.10600007580310127,0.10769973121356446,0.7250895630169721,4.8918493853050344e-11,2.48871105656967e-06,7.826129801367738e-08
nominal_proxy,Q3,165000.0,-0.5085401095118569,-0.5085401095118569,0.0,322.8827680811318,0.10555085571274658,0.10724599763050446,0.7221956582882958,4.846487362481358e-11,2.4658155073353782e-06,7.787132533363884e-08
nominal_proxy,Q3,165300.0,-0.5071901803193299,-0.5071901803193299,0.0,322.8839024712082,0.10510474875650805,0.1067953908348776,0.7193207197946435,4.801875593697479e-11,2.443191535972389e-06,7.748433712963286e-08
nominal_proxy,Q3,165600.0,-0.5058443136843471,-0.5058443136843471,0.0,322.8850289598755,0.10466172555095438,0.10634788133275244,0.716464577500551,4.7577138952213694e-11,2.4208550725157707e-06,7.710093509262153e-08
nominal_proxy,Q3,165900.0,-0.504502284652705,-0.504502284652705,0.0,322.8861476218683,0.10422175666185282,0.1059034399711626,0.7136270632240265,4.976535098006581e-11,2.708140227625222e-06,8.661467990193816e-08
nominal_proxy,Q3,166200.0,-0.5031645563138509,-0.5031645563138509,0.0,322.8872585322826,0.10378481380757071,0.10546203793983237,0.7108080106897775,4.930039447996398e-11,2.683364648481401e-06,8.61835995086486e-08
nominal_proxy,Q3,166500.0,-0.5018308237681216,-0.5018308237681216,0.0,322.88836176293137,0.10335086848343958,0.10502364675897781,0.7080072553407953,4.884244411567955e-11,2.6588933476068277e-06,8.575620075003289e-08
nominal_proxy,Q3,166800.0,-0.5005010948813309,-0.5005010948813309,0.0,322.88945738643025,0.10291989252304301,0.10458823828838343,0.7052246345354192,4.838811558917632e-11,2.6347207944255047e-06,8.533241176985003e-08
nominal_proxy,Q3,167100.0,-0.4991753765233916,-0.4991753765233916,0.0,322.8905454745462,0.10249185809438319,0.10415578471893389,0.7024599874471901,4.79395631233235e-11,2.6108418180736948e-06,8.491216982554232e-08
nominal_proxy,Q3,167400.0,-0.49785369152233266,-0.49785369152233266,0.0,322.8916260982115,0.1020667377457744,0.10372625867504591,0.6997131558204647,4.749821391935494e-11,2.587259118724816e-06,8.449566678516771e-08
nominal_proxy,Q3,167700.0,-0.4965360225097651,-0.4965360225097651,0.0,322.8926993274516,0.10164450425576052,0.10329963287730885,0.6969839815221153,4.706296300847546e-11,2.563954734635665e-06,8.408241886461388e-08
nominal_proxy,Q3,168000.0,-0.4952223798351239,-0.4952223798351239,0.0,322.89376523159837,0.10122513075368807,0.10287588048961982,0.6942723090813968,4.662987682709688e-11,2.54094440199637e-06,8.367304255630849e-08
nominal_proxy,Q3,168300.0,-0.4939127028797574,-0.4939127028797574,0.0,322.8948238791558,0.1008085906671224,0.10245497499084279,0.691577984763076,4.430613523963335e-11,2.594236357955637e-06,8.578092868169677e-08
nominal_proxy,Q3,168600.0,-0.4926071499450271,-0.4926071499450271,0.0,322.8958753381854,0.10039485776342995,0.1020368901706737,0.6889008565608962,4.392888224300038e-11,2.5722280991846702e-06,8.540371344668729e-08
nominal_proxy,Q3,168900.0,-0.4913056500235439,-0.4913056500235439,0.0,322.8969196751515,0.09998390612415065,0.1016216001257928,0.6862407741288995,4.3555115264717125e-11,2.550469102191588e-06,8.502932125311762e-08
nominal_proxy,Q3,169200.0,-0.49000820661947714,-0.49000820661947714,0.0,322.89795695614697,0.09957571013581631,0.10120907925442696,0.6835975888055379,4.318544879147166e-11,2.52896371627509e-06,8.465798579545518e-08
nominal_proxy,Q3,169500.0,-0.4887148252552467,-0.4887148252552467,0.0,322.89898724650607,0.09917024448225081,0.10079930225272703,0.6809711535762186,4.296463604126266e-11,2.5058876174655076e-06,8.422847768999917e-08
nominal_proxy,Q3,169800.0,-0.4874255123824547,-0.4874255123824547,0.0,322.9000106108011,0.09876748411950652,0.10039224411044147,0.6783613230489649,4.260283350932868e-11,2.4848980298974865e-06,8.386356610004745e-08
nominal_proxy,Q3,170100.0,-0.48614027365515716,-0.48614027365515716,0.0,322.9010271128451,0.09836740431401786,0.09998788010671648,0.6757679534335242,4.224607808411034e-11,2.4641544303927176e-06,8.350172659927089e-08
nominal_proxy,Q3,170400.0,-0.4848591144485773,-0.4848591144485773,0.0,322.90203681570426,0.09796998061218509,0.09958618580577043,0.6731909025170729,4.1892384731789385e-11,2.4436270240069113e-06,8.314203353372183e-08
nominal_proxy,Q3,170700.0,-0.4835820393813878,-0.4835820393813878,0.0,322.90303978170647,0.09757518884384131,0.09918713705288129,0.6706300296436358,4.154392443477801e-11,2.423330606737828e-06,8.278506846708441e-08
nominal_proxy,Q3,171000.0,-0.48230905241128885,-0.48230905241128885,0.0,322.904036072453,0.0971830051180334,0.09879070997030587,0.6680851956922996,4.119733828385026e-11,2.4032704498688773e-06,8.243109471489692e-08
nominal_proxy,Q3,171300.0,-0.4810401568617001,-0.4810401568617001,0.0,322.9050257488291,0.09679340581898685,0.09839688095331042,0.6655562630556383,4.085773432691606e-11,2.383435371844378e-06,8.207981221026686e-08
nominal_proxy,Q3,171600.0,-0.47977535544254035,-0.47977535544254035,0.0,322.9060088710149,0.09640636760208206,0.09800562666627362,0.6630430956196427,4.051927075682932e-11,2.3638149277971365e-06,8.173094048288729e-08
nominal_proxy,Q3,171900.0,-0.4785146473412879,-0.4785146473412879,0.0,322.90698549849594,0.09602186737789133,0.09761692403886153,0.660545558742424,4.0562784082610616e-11,2.3509497740770158e-06,8.161161057286115e-08
nominal_proxy,Q3,172200.0,-0.47725804076877293,-0.47725804076877293,0.0,322.9079556900884,0.0956398823539897,0.09723075026238323,0.6580635192366112,4.0232498942713117e-11,2.331749288098095e-06,8.126837293907873e-08
nominal_proxy,Q3,172500.0,-0.4760055328275089,-0.4760055328275089,0.0,322.90891950389863,0.09526038996708323,0.09684708278571005,0.6555968453441777,3.990497191668138e-11,2.312760537026559e-06,8.092767406004119e-08
nominal_proxy,Q3,172800.0,-0.4747571241113951,-0.4747571241113951,0.0,322.9098769973886,0.09488336791857091,0.09646589931220624,0.6531454067238632,3.958235409249804e-11,2.293979204148755e-06,8.058943853810966e-08
nominal_proxy,Q3,173100.0,-0.4735126166509651,-0.4735126166509651,0.0,322.91082822736496,0.09450879395467533,0.09608717779586948,0.6507090744285002,4.995132069508645e-11,2.5357072783172008e-06,8.943461492529746e-08
nominal_proxy,Q3,173400.0,-0.4722724696831083,-0.4722724696831083,0.0,322.91177325104326,0.09413664649019675,0.09571089643956629,0.6482877209301481,4.954241388717565e-11,2.5151277540103045e-06,8.90594629468495e-08
nominal_proxy,Q3,173700.0,-0.47103639984121765,-0.47103639984121765,0.0,322.9127121225518,0.09376690403786775,0.0953370336865577,0.6458812199631203,4.913504993187346e-11,2.49476576807961e-06,8.868679177293014e-08
nominal_proxy,Q3,174000.0,-0.469804412781003,-0.469804412781003,0.0,322.91364489689647,0.09339954526392791,0.09496556822197336,0.6434894466560083,4.8736302385956485e-11,2.474632631643825e-06,8.831708350938333e-08
nominal_proxy,Q3,174300.0,-0.46857651162768776,-0.46857651162768776,0.0,322.91457162842653,0.09303454908082359,0.09459647896861999,0.641112277462945,4.8339250790970004e-11,2.454711230892581e-06,8.794980843657895e-08
nominal_proxy,Q3,174600.0,-0.46735269712677807,-0.46735269712677807,0.0,322.91549237085445,0.092671894642712,0.094229745083207,0.6387495901429966,4.7948658709849334e-11,2.4350217222579573e-06,8.758576810678724e-08
nominal_proxy,Q3,174900.0,-0.4661329685871888,-0.4661329685871888,0.0,322.9164071772751,0.0923115613393983,0.09386534595317592,0.6364012637427698,4.756089865439309e-11,2.4155460955910257e-06,8.722439748400463e-08
nominal_proxy,Q3,175200.0,-0.4649173243118585,-0.4649173243118585,0.0,322.91731610017933,0.09195352879166359,0.09350326119360186,0.6340671785814577,4.71810933298258e-11,2.396269623228253e-06,8.686524068976229e-08
nominal_proxy,Q3,175500.0,-0.4637057618457641,-0.4637057618457641,0.0,322.9182191914658,0.09159777684728054,0.09314347064414312,0.6317472162332067,4.679888553584245e-11,2.3772130088861587e-06,8.650912320902164e-08
nominal_proxy,Q3,175800.0,-0.4624982781218177,-0.4624982781218177,0.0,322.9191165024511,0.0912442855777609,0.09278595436603874,0.6294412595123176,4.6425710155339743e-11,2.358361534837705e-06,8.615558844423356e-08
nominal_proxy,Q3,176100.0,-0.4612948695759252,-0.4612948695759252,0.0,322.92000808387843,0.09089303527486696,0.09243069263915306,0.6271491924570244,4.605821584884752e-11,2.339709904541909e-06,8.580451727192155e-08
nominal_proxy,Q3,176400.0,-0.4600955321754342,-0.4600955321754342,0.0,322.92089398592674,0.09054400644759714,0.09207766595907217,0.6248709003141236,4.569123561969575e-11,2.321267076499378e-06,8.54563126289618e-08
nominal_proxy,Q3,176700.0,-0.4589002614938597,-0.4589002614938597,0.0,322.92177425821893,0.09019717981922407,0.09172685503424627,0.6226062695234551,4.5327282729361e-11,2.3030128010748108e-06,8.511030336316424e-08
nominal_proxy,Q3,177000.0,-0.45770905273290624,-0.45770905273290624,0.0,322.9226489498297,0.08985253632422177,0.09137824078317895,0.6203551877038882,4.4969895564292854e-11,2.2849542479219664e-06,8.476682430261777e-08
nominal_proxy,Q3,177300.0,-0.456521900757435,-0.456521900757435,0.0,322.92351810929307,0.08951005710549119,0.09103180433166361,0.6181175436372836,4.461653124161076e-11,2.267094290409055e-06,8.442605459545154e-08
nominal_proxy,Q3,177600.0,-0.4553388001322307,-0.4553388001322307,0.0,322.9243817846101,0.08916972351158022,0.09068752701006351,0.6158932272549674,4.426668270307544e-11,2.2494127576155876e-06,8.408731383373128e-08
nominal_proxy,Q3,177900.0,-0.45415974510527923,-0.45415974510527923,0.0,322.92524002325587,0.08883151709385943,0.09034539035063503,0.6136821296227609,4.3920018894424244e-11,2.2319274006754597e-06,8.375133337406227e-08
nominal_proxy,Q3,178200.0,-0.4529847296642631,-0.4529847296642631,0.0,322.9260928721869,0.08849541960391144,0.090005376084895,0.6114841429276067,4.357849470648445e-11,2.2146308064630027e-06,8.341790706514403e-08
nominal_proxy,Q3,178500.0,-0.45181374751812076,-0.45181374751812076,0.0,322.9269403778477,0.0881614129909312,0.0896674661410282,0.6092991604628927,4.32395105466822e-11,2.197510978518835e-06,8.308665147887636e-08
nominal_proxy,Q3,178800.0,-0.4506467921369804,-0.4506467921369804,0.0,322.92778258617767,0.08782947939898908,0.08933164264133596,0.6071270766153429,4.290397334126733e-11,2.1805670834540436e-06,8.275760023382847e-08
nominal_proxy,Q3,179100.0,-0.449483856724026,-0.449483856724026,0.0,322.9286195426178,0.08749960116461122,0.08899788789972617,0.6049677868517083,4.257314425492019e-11,2.1638104567567318e-06,8.243125027453931e-08
nominal_proxy,Q3,179400.0,-0.44832493426495457,-0.44832493426495457,0.0,322.92945129211745,0.08717176081427606,0.08866618441923936,0.602821187705043,4.224477897834447e-11,2.1472240343545224e-06,8.210701930293282e-08
nominal_proxy,Q3,179700.0,-0.44717001752823304,-0.44717001752823304,0.0,322.9302778791404,0.08684594106182827,0.08833651488961494,0.6006871767615722,4.1920975067282674e-11,2.130807767231069e-06,8.178496853848671e-08
nominal_proxy,Q3,180000.0,-0.4460190990422714,-0.4460190990422714,0.0,322.9310993476716,0.08652212480621793,0.08800886218489519,0.5985656526483621,4.159911288752571e-11,2.1145609060413406e-06,8.146513240697241e-08
nominal_proxy,Q3,180300.0,-0.44487217113794364,-0.44487217113794364,0.0,322.9319157412229,0.08620029512894212,0.08768320936106339,0.5964565150205725,4.128247978355722e-11,2.098498436908791e-06,8.114815360240421e-08
nominal_proxy,Q3,180600.0,-0.44372922595441566,-0.44372922595441566,0.0,322.9327271028395,0.08588043529190413,0.08735953965372074,0.594359664548172,4.096806426029111e-11,2.082590568330822e-06,8.083294568206681e-08
nominal_proxy,Q3,180900.0,-0.44259025541999036,-0.44259025541999036,0.0,322.933533475106,0.08556252873490752,0.08703783647579579,0.5922750029048782,4.065498755317779e-11,2.066846488402163e-06,8.051992380939445e-08
nominal_proxy,Q3,181200.0,-0.44145525128068375,-0.44145525128068375,0.0,322.93433490015235,0.08524655907348912,0.08671808341529029,0.5902024327549017,4.03489600699063e-11,2.0512596680122286e-06,8.020889407175892e-08
nominal_proxy,Q3,181500.0,-0.4403242050978961,-0.4403242050978961,0.0,322.93513141965934,0.08493251009660033,0.0864002642330577,0.5881418577414369,4.004529295290368e-11,2.0358393163499855e-06,7.990027666416027e-08
nominal_proxy,Q3,181800.0,-0.4391971082660758,-0.4391971082660758,0.0,322.9359230748647,0.08462036576446094,0.08608436286061588,0.5860931824752865,3.9742863349433456e-11,2.020580406159045e-06,7.959393651497123e-08
nominal_proxy,Q3,182100.0,-0.4380739519971276,-0.4380739519971276,0.0,322.936709906569,0.08431011020642847,0.0857703633979909,0.5840563125222205,3.9446306913203516e-11,2.0054716047268606e-06,7.928948654819604e-08
nominal_proxy,Q3,182400.0,-0.43695472734859775,-0.43695472734859775,0.0,322.93749195514044,0.08400172771872573,0.08545825011159344,0.5820311543924874,3.915122492704484e-11,1.990511715954657e-06,7.898693554731616e-08
nominal_proxy,Q3,182700.0,-0.4358394252221107,-0.4358394252221107,0.0,322.9382692605212,0.08369520276235579,0.08514800743212746,0.5800176155290293,3.885905677421725e-11,1.9757093904781975e-06,7.868668395439692e-08
nominal_proxy,Q3,183000.0,-0.4347280363473012,-0.4347280363473012,0.0,322.9390418622324,0.08339051996115737,0.08483961995252864,0.5780156042964537,3.857017389794099e-11,1.9610640804024193e-06,7.838876974328605e-08
nominal_proxy,Q3,183300.0,-0.43362055133361294,-0.43362055133361294,0.0,322.93980979937913,0.08308766409964115,0.08453307242593278,0.5760250299697329,3.8283909871276296e-11,1.9465538754204204e-06,7.809237374018428e-08
nominal_proxy,Q3,183600.0,-0.4325169606184784,-0.4325169606184784,0.0,322.94057311065677,0.08278662012095676,0.08422834976367455,0.5740458027241656,3.800114439390562e-11,1.9321968569574466e-06,7.779827441255517e-08
nominal_proxy,Q3,183900.0,-0.43141725453057167,-0.43141725453057167,0.0,322.94133183435497,0.08248737312494786,0.0839254370333162,0.5720778336238158,3.77214095910969e-11,1.9179799309876344e-06,7.750600115415531e-08
nominal_proxy,Q3,184200.0,-0.43032142324557493,-0.43032142324557493,0.0,322.94208600836345,0.08218990836619368,0.08362431945670325,0.5701210346113,3.744382353695606e-11,1.903907295652818e-06,7.721577719615077e-08
nominal_proxy,Q3,184500.0,-0.42922945680962343,-0.42922945680962343,0.0,322.94283567017675,0.08189421125208156,0.08332498240804949,0.5681753184976612,3.716938018063816e-11,1.889980755676035e-06,7.692773098285772e-08
nominal_proxy,Q3,184800.0,-0.42814134516836677,-0.42814134516836677,0.0,322.9435808568994,0.08160026734087561,0.08302741141204907,0.566240598951701,3.689834952477276e-11,1.876183671589704e-06,7.664123875771816e-08
nominal_proxy,Q3,185100.0,-0.42705707811738247,-0.42705707811738247,0.0,322.9443216052506,0.08130806233985574,0.08273159214201717,0.5643167904900224,3.662999517996882e-11,1.8625310457265343e-06,7.635696437012722e-08
nominal_proxy,Q3,185400.0,-0.4259766453585346,-0.4259766453585346,0.0,322.94505795156897,0.08101758210347812,0.08243751041805561,0.562403808467219,3.636535701083483e-11,1.8490147123961798e-06,7.607462744052116e-08
nominal_proxy,Q3,185700.0,-0.4249000364834651,-0.4249000364834651,0.0,322.94578993181767,0.08072881263156266,0.08214515220524586,0.5605015690658798,3.6101652450239617e-11,1.8356214951387173e-06,7.579373606117929e-08
nominal_proxy,Q3,186000.0,-0.42382724095864155,-0.42382724095864155,0.0,322.9465175815886,0.08044174006745453,0.08185450361186833,0.558609989286946,3.5838681328317695e-11,1.822365499393186e-06,7.551492122808543e-08
nominal_proxy,Q3,186300.0,-0.4227582481621308,-0.4227582481621308,0.0,322.94724093610705,0.08015635069628431,0.08156555088764614,0.5567289869398448,3.558137460017186e-11,1.80924641773883e-06,7.523822304877372e-08
nominal_proxy,Q3,186600.0,-0.42169304736889535,-0.42169304736889535,0.0,322.947960030237,0.07987263094327787,0.08127828042201439,0.5548584806334635,3.5329017661440867e-11,1.7962520599268395e-06,7.496318570844211e-08
nominal_proxy,Q3,186900.0,-0.4206316277730823,-0.4206316277730823,0.0,322.9486748984845,0.07959056737189074,0.0809926787424141,0.5529983897669559,3.507441912627236e-11,1.7833839255909645e-06,7.468991969270335e-08
nominal_proxy,Q3,187200.0,-0.4195739784553716,-0.4195739784553716,0.0,322.9493855750026,0.07931014668228466,0.0807087325126111,0.5511486345195875,3.482428770594793e-11,1.770642560516844e-06,7.441849643820958e-08
nominal_proxy,Q3,187500.0,-0.41852008842338007,-0.41852008842338007,0.0,322.9500920935957,0.07903135570955468,0.08042642853103701,0.5493091358433675,3.457628309413104e-11,1.7580213212409213e-06,7.414868463523781e-08
nominal_proxy,Q3,187800.0,-0.41746994659052006,-0.41746994659052006,0.0,322.95079448772367,0.07875418142211657,0.08014575372915506,0.5474798154521888,3.4332123579071714e-11,1.745521025608987e-06,7.388056498880247e-08
nominal_proxy,Q3,188100.0,-0.4164235385412943,-0.4164235385412943,0.0,322.9514927905065,0.07847861093037303,0.07986669516933607,0.5456605912938154,3.408783903628148e-11,1.7331476181436933e-06,7.361443657904692e-08
nominal_proxy,Q3,188400.0,-0.41538085877612074,-0.41538085877612074,0.0,322.952187034721,0.07820463144626474,0.07958924004517326,0.5438513956875135,3.3847949336809486e-11,1.7208964339099353e-06,7.335014998834103e-08
nominal_proxy,Q3,188700.0,-0.4143418940786565,-0.4143418940786565,0.0,322.9528772528304,0.077932230334546,0.0793133756773383,0.5420521479976912,3.361173753287345e-11,1.7087590361009042e-06,7.308739181746225e-08
nominal_proxy,Q3,189000.0,-0.4133066326446981,-0.4133066326446981,0.0,322.95356347695525,0.07766139508220633,0.07903908951349047,0.5402627729021448,3.3375151308232154e-11,1.696740541567987e-06,7.282642552634844e-08
nominal_proxy,Q3,189300.0,-0.4122750629164379,-0.4122750629164379,0.0,322.95424573889477,0.07739211330067751,0.07876636912651998,0.5384831957990882,3.314090982407432e-11,1.6848363026955582e-06,7.25670972075139e-08
nominal_proxy,Q3,189600.0,-0.41124717334585914,-0.41124717334585914,0.0,322.9549240701286,0.0771243727250423,0.07849520221302062,0.5367133427982941,3.2909157065911694e-11,1.673047635208924e-06,7.230950805367934e-08
nominal_proxy,Q3,189900.0,-0.4102226584375828,-0.4102226584375828,0.0,322.95559850182053,0.07685816079637973,0.07822557659180364,0.5349531407132172,3.693404670102717e-11,2.080189588415937e-06,9.021768440556286e-08
nominal_proxy,Q3,190200.0,-0.4092021762499302,-0.4092021762499302,0.0,322.9562690664012,0.07659346606299251,0.07795748020512436,0.533202517113489,3.669561442699695e-11,2.066389623189835e-06,8.992889034383085e-08
nominal_proxy,Q3,190500.0,-0.4081853184765817,-0.4081853184765817,0.0,322.9569357923948,0.0763302765377196,0.07769090110834659,0.5314614001161752,3.645826297890198e-11,2.0527115167645604e-06,8.964164723243585e-08
nominal_proxy,Q3,190800.0,-0.40717207782572934,-0.40717207782572934,0.0,322.9575987101513,0.07606858042202946,0.07742582747863115,0.5297297186032747,3.622274745493718e-11,2.039154776922736e-06,8.935598051168559e-08
nominal_proxy,Q3,191100.0,-0.40616244639502613,-0.40616244639502613,0.0,322.95825784969503,0.07580836603562083,0.07716224760934708,0.5280074021257439,3.598986029584707e-11,2.0257228483533396e-06,8.907208857843355e-08
nominal_proxy,Q3,191400.0,-0.4051564156433791,-0.4051564156433791,0.0,322.95891324073267,0.07554962181544066,0.07690014990897229,0.5262943808987101,3.5759523192087705e-11,2.012416110031001e-06,8.879003678523194e-08
nominal_proxy,Q3,191700.0,-0.4041539762253862,-0.4041539762253862,0.0,322.95956491265883,0.07529233631489825,0.0766395228997262,0.5245905857924509,3.553197555980534e-11,1.999222998871897e-06,8.850936216183915e-08
nominal_proxy,Q3,192000.0,-0.4031551180772595,-0.4031551180772595,0.0,322.96021289456365,0.07503649820215563,0.07638035521622266,0.5228959483275083,3.530497956866606e-11,1.986142849241812e-06,8.823007899839843e-08
nominal_proxy,Q3,192300.0,-0.40215983058066296,-0.40215983058066296,0.0,322.96085721524065,0.07478209625826496,0.07612263560414785,0.5212104006647825,3.50798115795724e-11,1.9731842050840775e-06,8.795261182433981e-08
nominal_proxy,Q3,192600.0,-0.4011680127221339,-0.4011680127221339,0.0,322.96149790319237,0.07452911914541169,0.07586635291895788,0.5195338756008067,3.870203453385459e-11,2.1193417238385415e-06,9.478808409115695e-08
nominal_proxy,Q3,192900.0,-0.4001798543541242,-0.4001798543541242,0.0,322.96213498711967,0.07427755625791643,0.07561149612624252,0.5178663065841876,3.84549292301801e-11,2.106143700997265e-06,9.45168279223777e-08
nominal_proxy,Q3,193200.0,-0.3991952292692191,-0.3991952292692191,0.0,322.9627684943606,0.07402739655331518,0.07535805429445024,0.516207627622989,3.821118873123663e-11,2.0930712974487342e-06,9.424759818217146e-08
nominal_proxy,Q3,193500.0,-0.3982141253598541,-0.3982141253598541,0.0,322.9633984525932,0.07377862925012396,0.0751060166016405,0.5145577733828329,3.797202513813848e-11,2.080095107104274e-06,9.397911600536542e-08
nominal_proxy,Q3,193800.0,-0.39723653097929074,-0.39723653097929074,0.0,322.96402488922524,0.07353124366897462,0.07485537232966985,0.5129166791289617,3.773116442482185e-11,2.0672292778134427e-06,9.371205919485345e-08
nominal_proxy,Q3,194100.0,-0.3962624348229161,-0.3962624348229161,0.0,322.96464783139453,0.07328522923289418,0.0746061108639127,0.5112842807271895,3.7494303348139e-11,2.054482637237065e-06,9.344687229801315e-08
nominal_proxy,Q3,194400.0,-0.3952918255011789,-0.3952918255011789,0.0,322.9652673059699,0.07304057546758158,0.07435822169205414,0.5096605146362446,3.726008131525736e-11,2.0418405882738355e-06,9.318293634292301e-08
nominal_proxy,Q3,194700.0,-0.3943246914539777,-0.3943246914539777,0.0,322.9658833395549,0.0727972720003998,0.07411169440289646,0.5080453179014357,3.702741999255509e-11,2.0292950193012693e-06,9.291992055646098e-08
nominal_proxy,Q3,195000.0,-0.3933610209229971,-0.3933610209229971,0.0,322.96649595849186,0.07255530855924645,0.07386651868518854,0.5064386281488596,3.679547023370902e-11,2.0168596279179773e-06,9.265849129293649e-08
nominal_proxy,Q3,195300.0,-0.3924008020229298,-0.3924008020229298,0.0,322.96710518886505,0.07231467497129608,0.07362268432647125,0.5048403835781019,3.656683075072927e-11,2.0045296199588947e-06,9.239847102286195e-08
nominal_proxy,Q3,195600.0,-0.39144402274528345,-0.39144402274528345,0.0,322.96771105650527,0.07207536116181056,0.07338018121193925,0.5032505229557643,3.633807511233724e-11,1.992293323871408e-06,9.213936134609032e-08
nominal_proxy,Q3,195900.0,-0.3904906709858286,-0.3904906709858286,0.0,322.96831358699234,0.07183735715281798,0.07313899932331648,0.5016689856108646,3.6113457501318475e-11,1.9801637201610767e-06,9.188180071587355e-08
nominal_proxy,Q3,196200.0,-0.3895407345744882,-0.3895407345744882,0.0,322.9689128056591,0.07160065306203844,0.07289912873774922,0.5000957114266458,3.589042706635953e-11,1.968138743535519e-06,9.162573521176424e-08
nominal_proxy,Q3,196500.0,-0.38859420129759903,-0.38859420129759903,0.0,322.9695087375947,0.07136523910169533,0.0726605596267111,0.4985306408355339,3.566860757630038e-11,1.9562071318368623e-06,9.137068020138258e-08
nominal_proxy,Q3,196800.0,-0.3876510588916642,-0.3876510588916642,0.0,322.97010140764644,0.0711311055773348,0.07242328225492398,0.4969737148130966,3.5450126227789093e-11,1.9443850872158386e-06,9.111743127633869e-08
nominal_proxy,Q3,197100.0,-0.38671129507568774,-0.38671129507568774,0.0,322.9706908404242,0.07089824288688228,0.07218728697929358,0.4954248748717431,3.5231330389036855e-11,1.9326477034287137e-06,9.086486137191683e-08
nominal_proxy,Q3,197400.0,-0.3857747536369682,-0.3857747536369682,0.0,322.9712770603022,0.07066664142288034,0.07195256424785734,0.4938840630554564,4.99474249692009e-11,2.0938561312577875e-06,9.876683392605862e-08
nominal_proxy,Q3,197700.0,-0.3848417510345631,-0.3848417510345631,0.0,322.97186009219814,0.07043629182495569,0.07171910459931208,0.4923512219562737,4.9644623872462026e-11,2.081272354736985e-06,9.849431785862351e-08
nominal_proxy,Q3,198000.0,-0.3839120792392702,-0.3839120792392702,0.0,322.9724399590276,0.0702071848338193,0.07148689866054023,0.4908262946357362,4.9339460158950554e-11,2.068777008701339e-06,9.822247364939182e-08
nominal_proxy,Q3,198300.0,-0.3829857283754802,-0.3829857283754802,0.0,322.9730166845336,0.0699793111971341,0.07125593714636572,0.4893092246959483,4.904150924490643e-11,2.0563940038020867e-06,9.795247426815214e-08
nominal_proxy,Q3,198600.0,-0.3820626882016209,-0.3820626882016209,0.0,322.97359029222184,0.06975266175146083,0.07102621085916484,0.487799956249038,4.8743910620172854e-11,2.0441095824330624e-06,9.768370750335572e-08
nominal_proxy,Q3,198900.0,-0.3811429480575422,-0.3811429480575422,0.0,322.9741608053644,0.06952722742083624,0.07079771068739155,0.4862984339107588,4.844966134650407e-11,2.031909050348446e-06,9.74155078388525e-08
nominal_proxy,Q3,199200.0,-0.38022649397554686,-0.38022649397554686,0.0,322.97472824700486,0.06930299920563737,0.07057042760460586,0.4848046027933695,4.848757297472569e-11,2.0257149984104217e-06,9.743277210844685e-08
nominal_proxy,Q3,199500.0,-0.37931332111867416,-0.37931332111867416,0.0,322.9752926399788,0.06907996821915376,0.07034435266858644,0.4833184085022573,4.819647551446959e-11,2.0137111295115417e-06,9.716811696279855e-08
nominal_proxy,Q3,199800.0,-0.37840341385058845,-0.37840341385058845,0.0,322.9758540068669,0.06885812563458621,0.07011947702012299,0.4818397971274664,4.79085430831442e-11,2.001810444629548e-06,9.690506996238823e-08
nominal_proxy,Q3,200100.0,-0.37749676043218544,-0.37749676043218544,0.0,322.9764123700555,0.06863746271435385,0.0698957918824388,0.48036871524162283,4.761846577321055e-11,1.9899932999223324e-06,9.664271867604909e-08
nominal_proxy,Q3,200400.0,-0.3765933488674865,-0.3765933488674865,0.0,322.9769677517181,0.06841797080288659,0.06967328856007127,0.47890510989384055,4.73367825736083e-11,1.9782879180363366e-06,9.638247061023485e-08
nominal_proxy,Q3,200700.0,-0.37569316710384115,-0.37569316710384115,0.0,322.9775201738193,0.06819964132545629,0.06945195843800046,0.4774489286040995,4.705248941688302e-11,1.966659410213012e-06,9.612266633621985e-08
nominal_proxy,Q3,201000.0,-0.37479620298840255,-0.37479620298840255,0.0,322.9780696581172,0.06798246578701454,0.06923179298075477,0.47600011935901687,4.6772375599952345e-11,1.955133665465514e-06,9.586460483260707e-08
nominal_proxy,Q3,201300.0,-0.37390244434025627,-0.37390244434025627,0.0,322.9786162261664,0.0677664357714138,0.06901278373152703,0.47455863060602355,4.6496859760102466e-11,1.9436937138683774e-06,9.560749318560119e-08
nominal_proxy,Q3,201600.0,-0.3730118789482912,-0.3730118789482912,0.0,322.9791598993205,0.06755154294028377,0.06879492231130076,0.47312441124914745,4.621948388018462e-11,1.9323568039575356e-06,9.535221648777428e-08
nominal_proxy,Q3,201900.0,-0.372124494587087,-0.372124494587087,0.0,322.9797006987347,0.06733777903241042,0.06857820041798911,0.47169741064362036,4.594846967655897e-11,1.921086518641424e-06,9.509701419945276e-08
nominal_proxy,Q3,202200.0,-0.3712402790034896,-0.3712402790034896,0.0,322.98023864536765,0.06712513586244834,0.06836260982558218,0.4702775785919471,4.567577406932107e-11,1.9099366622143954e-06,9.484458331318213e-08
nominal_proxy,Q3,202500.0,-0.3703592199794363,-0.3703592199794363,0.0,322.9807737599844,0.06691360532051542,0.06814814238330974,0.4688648653379487,4.540828042572836e-11,1.8988588594281985e-06,9.459256456305041e-08
nominal_proxy,Q3,202800.0,-0.3694813052797695,-0.3694813052797695,0.0,322.9813060631584,0.06670317937099056,0.06793479001480883,0.4674592215631321,4.5143187941027454e-11,1.8878657116472297e-06,9.43416155696405e-08
nominal_proxy,Q3,203100.0,-0.3686065226739191,-0.3686065226739191,0.0,322.9818355752734,0.0664938500518536,0.06772254471730776,0.46606059838134306,4.4877369208702216e-11,1.8769623308378947e-06,9.409202652446763e-08
nominal_proxy,Q3,203400.0,-0.3677348599503312,-0.3677348599503312,0.0,322.98236231652606,0.06628560947384217,0.06751139856081638,0.4646689473349237,4.461516758290926e-11,1.8661419319276895e-06,9.384349266457864e-08
nominal_proxy,Q3,203700.0,-0.3668663049093856,-0.3668663049093856,0.0,322.98288630692736,0.06607844981960977,0.06730134368732897,0.4632842203892818,4.435658842169826e-11,1.855406375816937e-06,9.359614119692003e-08
nominal_proxy,Q3,204000.0,-0.3660008453637822,-0.3660008453637822,0.0,322.98340756630574,0.06587236334294674,0.06709237231003656,0.4619063699292022,4.409722336885944e-11,1.8447631636719919e-06,9.335038601179521e-08
nominal_proxy,Q3,204300.0,-0.36513846915980647,-0.36513846915980647,0.0,322.98392611430785,0.06566734236803903,0.06688447671254928,0.46053534875437724,4.383964710534183e-11,1.834193268046569e-06,9.310529921995084e-08
nominal_proxy,Q3,204600.0,-0.3642791641285298,-0.3642791641285298,0.0,322.98444197040163,0.06546337928867,0.06667764924812845,0.4591711100745188,4.358614623766132e-11,1.8237090043671245e-06,9.286153694802007e-08
nominal_proxy,Q3,204900.0,-0.3634229181441268,-0.3634229181441268,0.0,322.9849551538777,0.06526046656738078,0.06647188233892883,0.45781360750605815,4.333437438639777e-11,1.8133202855374897e-06,9.261964049170332e-08
nominal_proxy,Q3,205200.0,-0.3625697191134495,-0.3625697191134495,0.0,322.98546568385177,0.0650585967348978,0.06626716847525083,0.456462795066378,4.308614234125944e-11,1.8029924566675959e-06,9.237787405787786e-08
nominal_proxy,Q3,205500.0,-0.3617195549331761,-0.3617195549331761,0.0,322.98597357926565,0.0648577623891859,0.06606350021480058,0.4551186271711125,4.2839167682446993e-11,1.792751225582201e-06,9.213758227964586e-08
nominal_proxy,Q3,205800.0,-0.3608724135466161,-0.3608724135466161,0.0,322.9864788588903,0.06465795619483133,0.0658608701819615,0.4537810586292704,4.2591570074316666e-11,1.782592434662611e-06,9.189858652976872e-08
nominal_proxy,Q3,206100.0,-0.3600282829056581,-0.3600282829056581,0.0,322.9869815413269,0.06445917088235965,0.06565927106707367,0.4524500446392488,4.2347053747354245e-11,1.7725085471598234e-06,9.166053089092713e-08
nominal_proxy,Q3,206400.0,-0.3591871509973837,-0.3591871509973837,0.0,322.987481645009,0.06426139924739156,0.06545869562572212,0.45112554078492695,4.2104621276481424e-11,1.7625017848521551e-06,9.142356092947442e-08
nominal_proxy,Q3,206700.0,-0.3583490058199687,-0.3583490058199687,0.0,322.9879791882045,0.06406463415003529,0.06525913667803544,0.44980750303142264,4.186673939026017e-11,1.7525800785622714e-06,9.118812075826634e-08
nominal_proxy,Q3,207000.0,-0.3575138354197202,-0.3575138354197202,0.0,322.9884741890168,0.06386886851419533,0.06506058710799176,0.448495887721325,4.1626190920794103e-11,1.7427192067209774e-06,9.095298159403199e-08
nominal_proxy,Q3,207300.0,-0.35668162783259916,-0.35668162783259916,0.0,322.9889666653874,0.06367409532677537,0.06486303986273405,0.44719065157101123,4.139184328165539e-11,1.7329550041078612e-06,9.072004322502679e-08
nominal_proxy,Q3,207600.0,-0.355852371169603,-0.355852371169603,0.0,322.9894566350972,0.06348030763717966,0.06466648795189434,0.4458917516662837,4.1156210616109885e-11,1.723244800966306e-06,9.048710616503177e-08
nominal_proxy,Q3,207900.0,-0.35502605352077754,-0.35502605352077754,0.0,322.9899441157684,0.06328749855648937,0.06447092444692533,0.4445991454590786,4.0924804192163705e-11,1.7136100113335218e-06,9.025531900290345e-08
nominal_proxy,Q3,208200.0,-0.3542026630312708,-0.3542026630312708,0.0,322.9904291248659,0.06309566125682384,0.06427634248044148,0.4433127907632936,4.0693196966646663e-11,1.7040540215562672e-06,9.002489170742955e-08
nominal_proxy,Q3,208500.0,-0.3533821878659891,-0.3533821878659891,0.0,322.99091167969925,0.06290478897076483,0.06408273524556808,0.44203264575118933,4.046023120683478e-11,1.6945749855556969e-06,8.979575923561003e-08
nominal_proxy,Q3,208800.0,-0.35256461623136304,-0.35256461623136304,0.0,322.9913917974244,0.06271487499066694,0.06389009599529714,0.44075866895022936,4.023342302482356e-11,1.685157697883799e-06,8.95671453880003e-08
nominal_proxy,Q3,209100.0,-0.3517499323869275,-0.3517499323869275,0.0,322.9918694950452,0.06252591262789854,0.06369841798854865,0.4394908259692612,4.001020847763653e-11,1.6758081058942942e-06,8.933939201960898e-08
nominal_proxy,Q3,209400.0,-0.3509381364380344,-0.3509381364380344,0.0,322.99234478947284,0.06233789536054579,0.06350769470379058,0.43822906248656474,3.978570063636045e-11,1.6665354034550717e-06,8.911301832356678e-08
nominal_proxy,Q3,209700.0,-0.3501292069998241,-0.3501292069998241,0.0,322.9928176973322,0.06215081663421132,0.06331791951534343,0.4369733448890635,3.956323825366471e-11,1.6573398103902903e-06,8.888806831209557e-08
nominal_proxy,Q3,210000.0,-0.3493231333920819,-0.3493231333920819,0.0,322.9932882351902,0.06196466997087069,0.0631290859095109,0.4357236330876558,3.934214397303203e-11,1.6481999808859449e-06,8.866342609214553e-08
nominal_proxy,Q3,210300.0,-0.3485199042667544,-0.3485199042667544,0.0,322.9937564194625,0.06177944895123722,0.06294118742926672,0.43447988733029547,3.9125048444250036e-11,1.639142093612378e-06,8.844052628278593e-08
nominal_proxy,Q3,210600.0,-0.3477195081567255,-0.3477195081567255,0.0,322.9942222664193,0.061595147212706904,0.06275421767374652,0.43324206819803135,3.890661843581211e-11,1.6301551588604468e-06,8.821880903653129e-08
nominal_proxy,Q3,210900.0,-0.3469219335816228,-0.3469219335816228,0.0,322.9946857921868,0.06141175844831384,0.06256817029766518,0.4320101366025559,3.8691384203299263e-11,1.6212237777812888e-06,8.799746816921411e-08
nominal_proxy,Q3,211200.0,-0.3461271690369033,-0.3461271690369033,0.0,322.99514701275007,0.06122927640608175,0.06238303901073733,0.43078405378195794,3.847629806787422e-11,1.612359770142291e-06,8.777716939681376e-08
nominal_proxy,Q3,211500.0,-0.3453352030431079,-0.3453352030431079,0.0,322.99560594395393,0.061047694888404246,0.062198817577102,0.4295637812984483,3.826630960261507e-11,1.6035662189217703e-06,8.755810910650021e-08
nominal_proxy,Q3,211800.0,-0.34454602414568913,-0.34454602414568913,0.0,322.99606260150483,0.060867007751498725,0.06201549981475517,0.42834928103451786,3.8055102937999517e-11,1.5948312436786516e-06,8.73396662983586e-08
nominal_proxy,Q3,212100.0,-0.3437596209000713,-0.3437596209000713,0.0,322.9965170009726,0.060687208904757456,0.06183307959498764,0.42714051518972534,3.7843678451945934e-11,1.586168984435421e-06,8.71226415506413e-08
nominal_proxy,Q3,212400.0,-0.3429759819019302,-0.3429759819019302,0.0,322.9969691577912,0.06050829231025598,0.06165155084183174,0.4259374462778117,3.763761906471834e-11,1.577570798938499e-06,8.690658964281636e-08
nominal_proxy,Q3,212700.0,-0.34219509577386825,-0.34219509577386825,0.0,322.99741908726133,0.06033025198213432,0.061470907531512665,0.4247400371232031,3.743100842934487e-11,1.56903963549615e-06,8.669170020820245e-08
nominal_proxy,Q3,213000.0,-0.3414169511688057,-0.3414169511688057,0.0,322.99786680455065,0.06015308198616012,0.06129114369190822,0.42354825085793396,3.722780375778891e-11,1.5605556226705453e-06,8.6476900331812e-08
nominal_proxy,Q3,213300.0,-0.3406415367676482,-0.3406415367676482,0.0,322.9983123246958,0.05997677643896533,0.061112253402013275,0.4223620509192273,3.70241750022073e-11,1.5521467348067475e-06,8.626376335215191e-08
nominal_proxy,Q3,213600.0,-0.3398688412879822,-0.3398688412879822,0.0,322.998755662604,0.05980132950778542,0.06093423079141331,0.42118140104544805,3.682146775316028e-11,1.5438003849732596e-06,8.605162001581002e-08
nominal_proxy,Q3,213900.0,-0.3390988534898377,-0.3390988534898377,0.0,322.99919683305376,0.05962673540981418,0.06075707003976099,0.4200062652738477,3.662339437252112e-11,1.5354942043410702e-06,8.583924609140671e-08
nominal_proxy,Q3,214200.0,-0.33833136765705135,-0.33833136765705135,0.0,322.9996358506969,0.05945298803280181,0.060580765376261524,0.41883660793714667,3.7583710660690666e-11,1.8353808632909363e-06,1.029037633498649e-07
nominal_proxy,Q3,214500.0,-0.3375668143417992,-0.3375668143417992,0.0,323.0000727311142,0.05928008228079476,0.06040531108119093,0.41767239369777587,3.738298690504738e-11,1.8257770523777417e-06,1.0266388428913315e-07
nominal_proxy,Q3,214800.0,-0.3368048833668338,-0.3368048833668338,0.0,323.0005074873664,0.059108012398049775,0.060230701478256383,0.41651358742043365,3.595080778246811e-11,1.8406951487470735e-06,1.0380404021208501e-07
nominal_proxy,Q3,215100.0,-0.33604565629296035,-0.33604565629296035,0.0,323.0009401340131,0.058936772651414726,0.06005693094308418,0.41536015431924966,3.5758178337397236e-11,1.8312078763349504e-06,1.035690618920124e-07
nominal_proxy,Q3,215400.0,-0.3352890685245407,-0.3352890685245407,0.0,323.0013706849889,0.05876635759736037,0.05988399389844692,0.41421205987943444,3.556623966307586e-11,1.8218014242177283e-06,1.0333584830399395e-07
nominal_proxy,Q3,215700.0,-0.3345351134969843,-0.3345351134969843,0.0,323.0017991543987,0.058596761726867154,0.05971188481339659,0.4130692698677387,3.5378406819651946e-11,1.8124618473835952e-06,1.0310364110971937e-07
nominal_proxy,Q3,216000.0,-0.33378378260601294,-0.33378378260601294,0.0,323.0022255562035,0.05842797958475626,0.05954059820407162,0.4119317503321404,3.5189697968614e-11,1.8031885946623305e-06,1.0287243700007376e-07
nominal_proxy,Q3,216300.0,-0.33303506644487246,-0.33303506644487246,0.0,323.00264990423335,0.05826000576460824,0.0593701286326762,0.41079946759607555,3.500220910225555e-11,1.7939755143081548e-06,1.0264191193506301e-07
nominal_proxy,Q3,216600.0,-0.3322889552462228,-0.3322889552462228,0.0,323.003072212193,0.05809283490680451,0.059200470707039134,0.4096723882558554,3.481601797805595e-11,1.784824164463572e-06,1.0241218028160605e-07
nominal_proxy,Q3,216900.0,-0.33154543898277866,-0.33154543898277866,0.0,323.0034924936652,0.05792646169775791,0.059031619080162086,0.40855047917804155,3.463197883550559e-11,1.775738473319688e-06,1.0218349388027723e-07
nominal_proxy,Q3,217200.0,-0.3308044113950325,-0.3308044113950325,0.0,323.0039107621136,0.057760880607469166,0.05886356844976581,0.4074337074969663,4.9777556937619253e-11,1.941293961638113e-06,1.1203049198821024e-07
nominal_proxy,Q3,217500.0,-0.33006607927357046,-0.33006607927357046,0.0,323.0043270314064,0.05759608685656204,0.05869631355905598,0.4063220406316022,4.951247745114219e-11,1.931474611804873e-06,1.1178274527660417e-07
nominal_proxy,Q3,217800.0,-0.3293303059535709,-0.3293303059535709,0.0,323.0047413141186,0.05743207509956213,0.05852984919182074,0.40521544621543915,4.924924592638546e-11,1.9217240130875446e-06,1.1153604843960538e-07
nominal_proxy,Q3,218100.0,-0.3285970811912743,-0.3285970811912743,0.0,323.0051536233972,0.057268840200565135,0.0583641701779918,0.4041138921764444,4.898758943500725e-11,1.9120367256153514e-06,1.1129011395604058e-07
nominal_proxy,Q3,218400.0,-0.3278663952995711,-0.3278663952995711,0.0,323.00556397227666,0.05710637706438367,0.05819927139010196,0.40301734669763717,4.873173864506857e-11,1.9024159157443599e-06,1.1104515313000926e-07
nominal_proxy,Q3,218700.0,-0.3271382386995244,-0.3271382386995244,0.0,323.00597237367725,0.05694468063734422,0.05803514774251884,0.4019257782121626,4.847415403962657e-11,1.8928528626727115e-06,1.1080068360423127e-07
nominal_proxy,Q3,219000.0,-0.3264126017018913,-0.3264126017018913,0.0,323.00637884040566,0.05678374590846098,0.057871794191997984,0.4008391554072911,4.8220630626883814e-11,1.8833592109746e-06,1.1055741279735785e-07
nominal_proxy,Q3,219300.0,-0.3256894744228347,-0.3256894744228347,0.0,323.0067833851571,0.05662356790910914,0.05770920573696737,0.3997574472207493,4.796569187987176e-11,1.8739346333562779e-06,1.1031535116050823e-07
nominal_proxy,Q3,219600.0,-0.3249688468421485,-0.3249688468421485,0.0,323.0071860205172,0.05646414171242833,0.05754737741711008,0.3986806228378398,4.771444599465332e-11,1.8645623772184372e-06,1.1007353933963061e-07
nominal_proxy,Q3,219900.0,-0.32425070880757134,-0.32425070880757134,0.0,323.00758675896435,0.05630546243271916,0.05738630431295419,0.39760865168929965,4.746231777326507e-11,1.8552629376111796e-06,1.0983321199833738e-07
nominal_proxy,Q3,220200.0,-0.32353505012932826,-0.32353505012932826,0.0,323.00798561287155,0.056147525224945816,0.05722598154546691,0.39654150344834027,4.72154715850532e-11,1.846027000040884e-06,1.0959384779323641e-07
nominal_proxy,Q3,220500.0,-0.32282186057007445,-0.32282186057007445,0.0,323.00838259450796,0.05599032528425422,0.05706640427565319,0.3954791480293644,4.697057651163148e-11,1.8368496168541526e-06,1.093551792224074e-07
nominal_proxy,Q3,220800.0,-0.32211112987968427,-0.32211112987968427,0.0,323.0087777160407,0.05583385784544092,0.05690756770415926,0.3944215555850444,4.672650717050525e-11,1.8277358173057756e-06,1.091175311800537e-07
nominal_proxy,Q3,221100.0,-0.32140284780845774,-0.32140284780845774,0.0,323.00917098953516,0.05567811818259044,0.056749467070880744,0.39336869650376166,4.64842042935819e-11,1.8186786329144056e-06,1.0888051370260295e-07
nominal_proxy,Q3,221400.0,-0.32069700412036745,-0.32069700412036745,0.0,323.00956242695725,0.055523101608562886,0.05659209765457467,0.39232054140850475,4.624252038435693e-11,1.8096831687075543e-06,1.0864445706856675e-07
nominal_proxy,Q3,221700.0,-0.3199935885967734,-0.3199935885967734,0.0,323.0099520401741,0.055368803474645074,0.05643545477247653,0.3912770611531736,4.600481425952347e-11,1.800752663316807e-06,1.0840958267179112e-07
nominal_proxy,Q3,222000.0,-0.3192925910526617,-0.3192925910526617,0.0,323.010339840955,0.05521521917014815,0.05627953377992122,0.39023822682121456,4.5766388496230124e-11,1.7918792589721733e-06,1.0817544425269283e-07
nominal_proxy,Q3,222300.0,-0.3185940013288058,-0.3185940013288058,0.0,323.0107258409728,0.05506234412199159,0.05612433006996865,0.389204009723597,4.5530462506838595e-11,1.7830643120331224e-06,1.0794214815135803e-07
nominal_proxy,Q3,222600.0,-0.31789780929140354,-0.31789780929140354,0.0,323.0111100518047,0.05491017379438561,0.05596983907303341,0.38817438139609345,4.529407207576612e-11,1.7743029366301677e-06,1.077094227428084e-07
nominal_proxy,Q3,222900.0,-0.31720400484725575,-0.31720400484725575,0.0,323.0114924849329,0.054758703688324736,0.055816056256518816,0.3871493135977117,4.506288744109678e-11,1.7656109680963539e-06,1.0747825454657997e-07
nominal_proxy,Q3,223200.0,-0.3165125779461747,-0.3165125779461747,0.0,323.0118731517466,0.0546079293414144,0.055662977124455525,0.3861287783080435,4.483193036045009e-11,1.7569661617256038e-06,1.0724731633391373e-07
nominal_proxy,Q3,223500.0,-0.3158235185637658,-0.3158235185637658,0.0,323.0122520635417,0.05445784632731558,0.055510597217143014,0.38511274772544946,4.460240710491566e-11,1.7483844638732648e-06,1.070176036320341e-07
nominal_proxy,Q3,223800.0,-0.31513681672223626,-0.31513681672223626,0.0,323.0126292315226,0.05430845025552513,0.05535891211079698,0.38410119426521105,4.437548738101638e-11,1.7398593183948208e-06,1.0678874160519885e-07
nominal_proxy,Q3,224100.0,-0.3144524624801455,-0.3144524624801455,0.0,323.01300466680243,0.054159736770982216,0.055207917417199055,0.38309409055688887,4.414811621640523e-11,1.731384906389355e-06,1.0656039643807863e-07
nominal_proxy,Q3,224400.0,-0.3137704459295513,-0.3137704459295513,0.0,323.01337838040473,0.054011701553703745,0.05505760878335157,0.38209140944318376,4.392589665841883e-11,1.7229647968908246e-06,1.0633280982502675e-07
nominal_proxy,Q3,224700.0,-0.313090757201932,-0.313090757201932,0.0,323.0137503832636,0.0538643403184041,0.05490798189113605,0.38109312397705686,4.3701261707098156e-11,1.7146176529703183e-06,1.0610716000201196e-07
nominal_proxy,Q3,225000.0,-0.3124133864840548,-0.3124133864840548,0.0,323.01412068622517,0.05371764881433056,0.0547590324569752,0.3800992074204707,4.348115256682263e-11,1.706309336824141e-06,1.0588136143249189e-07
nominal_proxy,Q3,225300.0,-0.311738323985565,-0.311738323985565,0.0,323.0144893000479,0.0535716228246906,0.05461075623149885,0.3791096332414957,4.325989669538806e-11,1.6980569104152465e-06,1.0565649130896653e-07
nominal_proxy,Q3,225600.0,-0.3110655599515933,-0.3110655599515933,0.0,323.01485623540395,0.05342625816652211,0.0544631489992143,0.37812437511375635,4.304316362253686e-11,1.6898560621370073e-06,1.0543230489584131e-07
nominal_proxy,Q3,225900.0,-0.3103950846848085,-0.3103950846848085,0.0,323.0152215028795,0.05328155069019143,0.054316206578179226,0.377143406913274,4.282425005481017e-11,1.681711530587826e-06,1.0520912078092674e-07
nominal_proxy,Q3,226200.0,-0.3097268885157974,-0.3097268885157974,0.0,323.0155851129762,0.0531374962792057,0.0541699248196799,0.3761667027173549,4.260900426759221e-11,1.6736264632499775e-06,1.0498716100937296e-07
nominal_proxy,Q3,226500.0,-0.30906096181326564,-0.30906096181326564,0.0,323.01594707611173,0.05299409084988964,0.05402429960791113,0.3751942368021963,4.23965307410071e-11,1.6655931815434677e-06,1.0476596886128335e-07
nominal_proxy,Q3,226800.0,-0.30839729500045854,-0.30839729500045854,0.0,323.01630740262,0.052851330350989816,0.053879326859660875,0.37422598364136006,4.2183681808042654e-11,1.6576008594615388e-06,1.0454488395109338e-07
nominal_proxy,Q3,227100.0,-0.307735878514927,-0.307735878514927,0.0,323.0166661027529,0.05270921076338569,0.05373500252399861,0.37326191790377455,4.1971360923560985e-11,1.6496689504430506e-06,1.0432515345679639e-07
nominal_proxy,Q3,227400.0,-0.30707670285800837,-0.30707670285800837,0.0,323.0170231866808,0.052567728099822825,0.05359132258196684,0.37230201445241085,4.1762233602570945e-11,1.6417851961270102e-06,1.0410602699114578e-07
nominal_proxy,Q3,227700.0,-0.3064197585608347,-0.3064197585608347,0.0,323.0173786644929,0.052426878404582336,0.05344828304627574,0.3713462483414269,4.1554072258299095e-11,1.6339471863302535e-06,1.0388737202832962e-07
nominal_proxy,Q3,228000.0,-0.30576503618422946,-0.30576503618422946,0.0,323.0177325461985,0.052286657753145775,0.05330587996100156,0.3703945948158501,4.13475391430117e-11,1.626172504987089e-06,1.0367032909647981e-07
nominal_proxy,Q3,228300.0,-0.3051125263493435,-0.3051125263493435,0.0,323.01808484172784,0.05214706225196657,0.05316410940128875,0.3694470293083499,4.1140534566689687e-11,1.618447312501381e-06,1.0345404212681518e-07
nominal_proxy,Q3,228600.0,-0.304462219703997,-0.304462219703997,0.0,323.0184355609322,0.05200808803816497,0.053022967473054336,0.3685035274383717,4.093984025387868e-11,1.6107628121320161e-06,1.0323796886809822e-07
nominal_proxy,Q3,228900.0,-0.3038141069379716,-0.3038141069379716,0.0,323.01878471358515,0.05186973127915098,0.05288245031269647,0.36756406501079797,4.07350898180388e-11,1.6031256747650602e-06,1.0302255510941476e-07
nominal_proxy,Q3,229200.0,-0.30316817877323854,-0.30316817877323854,0.0,323.0191323093837,0.05173198817241122,0.05274255408680641,0.3666286180129475,4.053464233548304e-11,1.5955453204208325e-06,1.0280842838820439e-07
nominal_proxy,Q3,229500.0,-0.30252442598400825,-0.30252442598400825,0.0,323.0194783579478,0.05159485494522895,0.05260327499188281,0.36569716261409163,4.033188413952851e-11,1.588012148945328e-06,1.025949939279216e-07
nominal_proxy,Q3,229800.0,-0.3018828393762979,-0.3018828393762979,0.0,323.0198228688225,0.051458327854389495,0.052464609254049645,0.3647696751637306,4.013663119461153e-11,1.5805217470910016e-06,1.0238198642102334e-07
nominal_proxy,Q3,230100.0,-0.3012434097960513,-0.3012434097960513,0.0,323.02016585147754,0.051322403185841824,0.052326553128777126,0.36384613218828155,3.993673027115042e-11,1.573084539352454e-06,1.0217010127501957e-07
nominal_proxy,Q3,230400.0,-0.3006061281270435,-0.3006061281270435,0.0,323.02050731530875,0.05118707725453982,0.052189102900606264,0.3629265103925009,3.9742267637865886e-11,1.5656928906149226e-06,1.0195886504902694e-07
nominal_proxy,Q3,230700.0,-0.2999709852995223,-0.2999709852995223,0.0,323.02084726963847,0.05105234640404061,0.05205225488287529,0.36201078665484443,3.954691796584573e-11,1.5583508819472236e-06,1.0174856408584097e-07
nominal_proxy,Q3,231000.0,-0.2993379722711697,-0.2993379722711697,0.0,323.02118572371603,0.05091820700636917,0.051916005417450437,0.36109893802748594,3.935337764891159e-11,1.5510532104801023e-06,1.0153887326826511e-07
nominal_proxy,Q3,231300.0,-0.29870708005254987,-0.29870708005254987,0.0,323.0215226867191,0.050784655461623245,0.05178035087445824,0.36019094173488947,3.916167945009941e-11,1.5437979480892317e-06,1.0132968538471514e-07
nominal_proxy,Q3,231600.0,-0.29807829967638444,-0.29807829967638444,0.0,323.02185816775363,0.05065168819777321,0.0516452876520224,0.3592867751715036,3.897391810635859e-11,1.5365983730419863e-06,1.0112189265651758e-07
nominal_proxy,Q3,231900.0,-0.2974516222345589,-0.2974516222345589,0.0,323.02219217585514,0.05051930167046611,0.05151081217600207,0.35838641590033593,3.877993324178924e-11,1.5294262294962557e-06,1.0091365603009827e-07
nominal_proxy,Q3,232200.0,-0.296827038833814,-0.296827038833814,0.0,323.0225247199887,0.050387492362585454,0.0513769208997333,0.357489841651728,3.859486378443551e-11,1.522310540291727e-06,1.0070690621244316e-07
nominal_proxy,Q3,232500.0,-0.2962045406372324,-0.2962045406372324,0.0,323.0228558090504,0.050256256784170325,0.051243610303774785,0.3565970303221007,3.8408154063958155e-11,1.5152441055765742e-06,1.0050119146251554e-07
nominal_proxy,Q3,232800.0,-0.2955841194848632,-0.2955841194848632,0.0,323.0231854518673,0.05012559145777335,0.05111087689565387,0.3557079599714226,3.6449006941185904e-11,1.511879292537266e-06,1.0053941500194225e-07
nominal_proxy,Q3,233100.0,-0.2949657655005805,-0.2949657655005805,0.0,323.02351365719494,0.04999549297503921,0.05097871720970308,0.3548226088235849,3.627012103449902e-11,1.5048985803067794e-06,1.0033561632299643e-07
nominal_proxy,Q3,233400.0,-0.29434947006571244,-0.29434947006571244,0.0,323.0238404337275,0.04986595791304728,0.050847127806474365,0.3539409552620182,3.609581188757536e-11,1.4979624134436875e-06,1.0013260055124367e-07
nominal_proxy,Q3,233700.0,-0.29373522485665576,-0.29373522485665576,0.0,323.02416579009184,0.04973698288656764,0.050716105272988594,0.35306297783116763,3.591899630721495e-11,1.4910696312653293e-06,9.993030971647587e-08
nominal_proxy,Q3,234000.0,-0.2931230212658541,-0.2931230212658541,0.0,323.024489734846,0.0496085645372425,0.050585646222183006,0.35218865523402165,3.5745154362054453e-11,1.4842162973094375e-06,9.972849857374901e-08
nominal_proxy,Q3,234300.0,-0.29251285067883226,-0.29251285067883226,0.0,323.0248122764832,0.04948069953246711,0.050455747292736094,0.3513179663300859,3.5573141847392936e-11,1.4774018636254382e-06,9.952714745918461e-08
nominal_proxy,Q3,234600.0,-0.291904706307874,-0.291904706307874,0.0,323.02513342343065,0.04935338457072703,0.0503264051605434,0.3504508902237431,3.540314479451316e-11,1.470637038258893e-06,9.932699658800245e-08
nominal_proxy,Q3,234900.0,-0.29129857702684375,-0.29129857702684375,0.0,323.02545318404265,0.049226616365635995,0.05019761650210081,0.3495874059863311,3.5231357685791166e-11,1.4639126017512716e-06,9.912744431304556e-08
nominal_proxy,Q3,235200.0,-0.29069445465073046,-0.29069445465073046,0.0,323.0257715666229,0.04910039165905176,0.05006937803200906,0.3487274929404409,3.5063405119928394e-11,1.457236460111755e-06,9.892904522572584e-08
nominal_proxy,Q3,235500.0,-0.2900923308827899,-0.2900923308827899,0.0,323.0260885794103,0.048974707218081746,0.049941686489660804,0.3478711305606184,3.489344903378738e-11,1.4505909273765383e-06,9.873061761704428e-08
nominal_proxy,Q3,235800.0,-0.2894921973881036,-0.2894921973881036,0.0,323.02640423058034,0.048849559834433516,0.04981453863902785,0.34701829847162896,3.472724937785929e-11,1.4439901965257462e-06,9.853314280414413e-08
nominal_proxy,Q3,236100.0,-0.2888940458551448,-0.2888940458551448,0.0,323.0267185282458,0.04872494632417828,0.049687931268439865,0.34616897644632494,3.4562658018095504e-11,1.4374233309188966e-06,9.83358928952867e-08
nominal_proxy,Q3,236400.0,-0.2882978679683794,-0.2882978679683794,0.0,323.02703148045765,0.048600863527432904,0.04956186119036335,0.34532314440581674,3.43952913825723e-11,1.4309107539967059e-06,9.814028326122395e-08
nominal_proxy,Q3,236700.0,-0.28770365546001647,-0.28770365546001647,0.0,323.02734309520577,0.0484773083082137,0.0494363252411833,0.3444807824168486,3.423477684562026e-11,1.424430862762005e-06,9.79448538207898e-08
nominal_proxy,Q3,237000.0,-0.2871114000753619,-0.2871114000753619,0.0,323.0276533804196,0.0483542775541134,0.04931132028098633,0.3436418706912968,3.4071610186487595e-11,1.417986516538683e-06,9.774981575323992e-08
nominal_proxy,Q3,237300.0,-0.28652109359307765,-0.28652109359307765,0.0,323.0279623439684,0.048231768176078646,0.049186843193346756,0.34280638958456605,3.3910179797857954e-11,1.4115873554487735e-06,9.755585090000729e-08
nominal_proxy,Q3,237600.0,-0.2859327278236242,-0.2859327278236242,0.0,323.0282699936622,0.04810977710826825,0.04906289088511416,0.3419743195946318,3.3750427442640496e-11,1.4052301495204311e-06,9.73627561786483e-08
nominal_proxy,Q3,237900.0,-0.28534629462295613,-0.28534629462295613,0.0,323.0285763372523,0.04798830130780308,0.04893946028620315,0.34114564136011893,3.3590483661970024e-11,1.3988970648526333e-06,9.716931187595975e-08
nominal_proxy,Q3,238200.0,-0.28476178585885936,-0.28476178585885936,0.0,323.02888138243185,0.047867337754480224,0.04881654834938556,0.34032033566011266,3.343300824168856e-11,1.3926127424013224e-06,9.697724361611472e-08
nominal_proxy,Q3,238500.0,-0.284179193447745,-0.284179193447745,0.0,323.02918513683613,0.047746883450682134,0.048694152050084955,0.33949838341189287,3.3273755893648466e-11,1.386373101042171e-06,9.678628920176251e-08
nominal_proxy,Q3,238800.0,-0.28359850935120107,-0.28359850935120107,0.0,323.02948760804327,0.047626935421147036,0.04857226838617263,0.33867976567101543,3.3117107319880406e-11,1.380156477215344e-06,9.65949530457321e-08
nominal_proxy,Q3,239100.0,-0.2830197255462227,-0.2830197255462227,0.0,323.02978880357495,0.04750749071265648,0.048450894377766014,0.33786446362817274,3.296227956957955e-11,1.3739866370210407e-06,9.640491189985447e-08
nominal_proxy,Q3,239400.0,-0.28244283405834575,-0.28244283405834575,0.0,323.0300887308966,0.04738854639399522,0.0483300270670296,0.3370524586099618,3.280472876402119e-11,1.3678519681925572e-06,9.621537075084474e-08
nominal_proxy,Q3,239700.0,-0.2818678269449065,-0.2818678269449065,0.0,323.0303873974178,0.0472700995556501,0.04820966351797738,0.3362437320765747,3.265334156478891e-11,1.3617532789722553e-06,9.602640229750957e-08
nominal_proxy,Q3,240000.0,-0.2812946963027557,-0.2812946963027557,0.0,323.03068481049365,0.04715214730960492,0.04808980081627749,0.33543826562079887,3.2500491039255766e-11,1.3556990148266834e-06,9.583861974337746e-08
nominal_proxy,Q3,240300.0,-0.2807230756489247,-0.2807230756489247,0.0,323.0309809774242,0.04703468622853537,0.047970436069059035,0.3346360409675551,4.047438686714285e-11,1.8765081745697465e-06,1.3298754068802466e-07
nominal_proxy,Q3,240600.0,-0.28015377644513145,-0.28015377644513145,0.0,323.0312759074164,0.04691771425811559,0.04785156640749904,0.33383704002348497,4.028665635101825e-11,1.8683699032351342e-06,1.32740901297705e-07
nominal_proxy,Q3,240900.0,-0.279586300883635,-0.279586300883635,0.0,323.03156960514394,0.0468012284399063,0.047733188977115454,0.33304124470357394,4.009958647033543e-11,1.8602791114208372e-06,1.3249503438493943e-07
no_latent,Q4,300.0,226.61765578889322,226.61765578889322,0.0,301.15,0.7553613814984091,0.0,0.0,2.67942383219664e-11,0.009241339370475998,4.0779432380523845e-05
no_latent,Q4,600.0,354.9888293196577,360.3374479116043,-5.348618591946542,301.5905336632594,1.201059563195538,0.0,2.550818485016856,3.399542526841951e-11,0.019578952942817196,5.433800160786211e-05
no_latent,Q4,900.0,450.0800972440726,463.1854106797423,-13.105313435669682,302.3170083811143,1.5438617760275,0.0,5.249413413043396,3.0233751952426474e-11,0.026877871492256844,5.803168804704807e-05
no_latent,Q4,1200.0,526.7314345261017,548.6687381080345,-21.937303581932824,303.2817875749216,1.8287885971363722,0.0,7.996507703522059,3.92223291564791e-11,0.03215896712286792,5.861615565849506e-05
no_latent,Q4,1500.0,538.2958503817807,569.1328960974218,-30.837045715641104,304.45968927960723,1.8970157808718808,0.0,10.817074332616766,4.418769771441083e-11,0.028161835857623885,4.948445191580593e-05
no_latent,Q4,1800.0,564.9993532986055,602.9488104923496,-37.94945719374408,305.7182233241863,2.009735864139356,0.0,13.27406406781905,4.984458941520302e-11,0.02805125054266,4.6525600773699336e-05
no_latent,Q4,2100.0,536.7462937620342,579.6763177149039,-42.930023952869725,307.0873909096551,1.9321774570432373,0.0,15.751719161993353,3.930392664074263e-11,0.023080601932711886,3.98179471017318e-05
no_latent,Q4,2400.0,525.3357286673029,571.5725538664999,-46.236825199197085,308.4388334587391,1.9051740717741976,0.0,17.84245139144816,4.215680414462422e-11,0.020332334240663386,3.557388717019587e-05
no_latent,Q4,2700.0,504.1508669597235,554.2738763452858,-50.12300938556227,309.8031937382907,1.8475198093421135,0.0,19.843033055731528,4.617403385247191e-11,0.017933542651675793,3.235606741714591e-05
no_latent,Q4,3000.0,440.26822301449147,495.92884237095126,-55.66061935645979,311.1570140473461,1.6530476017201683,0.0,21.708302709348214,4.419064491230832e-11,0.014561854900762228,2.936365310071148e-05
no_latent,Q4,3300.0,413.43907132690873,476.88175977325653,-63.44268844634779,312.3998728634808,1.5895660411904222,0.0,23.15221483297957,4.3244937688268015e-11,0.011947416129871158,2.505383192703288e-05
no_latent,Q4,3600.0,352.33328536423204,427.31585991034814,-74.98257454611608,313.62304487015876,1.4243517853511725,0.0,24.583178675314862,4.338115684384389e-11,0.010324304996387923,2.416141176772206e-05
no_latent,Q4,3900.0,290.93127692198334,378.91635533986994,-87.98507841788657,314.750361505649,1.2630268554924138,0.0,25.714502108832267,4.885712498088914e-11,0.008298692145757514,2.1901598554482355e-05
no_latent,Q4,4200.0,226.86213863347905,324.970296004578,-98.10815737109897,315.7812480651309,1.08321247123695,0.0,26.61963599439411,4.063871164545716e-11,0.006554633493010442,2.0170353361132454e-05
no_latent,Q4,4500.0,183.2196699568408,288.48405119072925,-105.26438123388846,316.6969019094741,0.9615970883110421,0.0,27.27566653030119,3.6564999292034103e-11,0.004924697416640811,1.7071243512500627e-05
no_latent,Q4,4800.0,153.88065970465533,263.2425923999675,-109.3619326953122,317.53804647051686,0.8774626181642099,0.0,27.817686942135587,3.5069039396203715e-11,0.0038069507045435103,1.4461967289684473e-05
no_latent,Q4,5100.0,96.88561790643375,207.20177919381516,-110.3161612873814,318.33123327808073,0.6906615992301275,0.0,28.306594750615343,4.828538423924694e-11,0.003299424776912474,1.592398158804208e-05
no_latent,Q4,5400.0,72.50524921675519,179.89784393335884,-107.39259471660365,318.9874505786808,0.599652239675045,0.0,28.536698411073903,4.2374405400107774e-11,0.0021720308453438975,1.2073836031591318e-05
no_latent,Q4,5700.0,58.77831858145731,167.21738425660072,-108.43906567514341,319.58096097471105,0.5573863829467705,0.0,28.6861642239964,4.1400344612638356e-11,0.001469372569602001,8.787277040113387e-06
no_latent,Q4,6000.0,34.670237086915506,147.304897638932,-112.6346605520165,320.1510207961063,0.49101210477294893,0.0,28.814105457112145,3.6964464856029124e-11,0.0012662070473368203,8.595898383688747e-06
no_latent,Q4,6300.0,3.17847428536831,114.813311790114,-111.63483750474569,320.6749407342281,0.38270738394694054,0.0,28.893588090153244,4.560715879739306e-11,0.0010966060318367,9.551301053450417e-06
no_latent,Q4,6600.0,-19.273810719234334,85.81780497105264,-105.09161569028697,321.11181716657165,0.2860569863310808,0.0,28.847899535415195,4.9823512280328156e-11,0.0007090717284086168,8.262592913193657e-06
no_latent,Q4,6900.0,-11.506948389998314,81.54518342710082,-93.05213181709914,321.46769945601244,0.2718161592954189,0.0,28.677111763421912,4.901945228140896e-11,0.00033563847514983536,4.115998548674121e-06
no_latent,Q4,7200.0,-20.099088865151757,55.787016985362555,-75.88610585051431,321.8163717360223,0.18595574813240826,0.0,28.594349935194828,3.507873877591345e-11,0.0002925456400788562,5.244001023844868e-06
no_latent,Q4,7500.0,-19.438415786304283,40.64180192859159,-60.08021771489587,322.08764214901896,0.135472225764922,0.0,28.388888195360437,2.5479572535774687e-11,0.00013419911499568116,3.3020080742983192e-06
no_latent,Q4,7800.0,-30.450913493468086,20.79551365325186,-51.246427146719945,322.3126468831557,0.06931837531448948,0.0,28.16431276637653,3.126030369152782e-11,1.0589050205567219e-06,3.4774162712191333e-08
no_latent,Q4,8100.0,-35.459669810387076,9.86765764909036,-45.32732745947744,322.4742124675734,0.03289233096093561,0.0,27.833137044579246,2.111766284671784e-11,-4.163919032151853e-05,1.174268980624329e-06
no_latent,Q4,8400.0,-23.95601435799127,18.454792466370062,-42.41080682436133,322.60006978439446,0.061516189721424044,0.0,27.48233992645369,2.7644164614754354e-11,-6.445005715249863e-05,2.690349746388398e-06
no_latent,Q4,8700.0,-38.62405474224493,3.9868170487241583,-42.610871790969085,322.7551649601521,0.013289659829235292,0.0,27.207794655910426,3.015398418610542e-11,-8.090004643435122e-05,2.0945508433599817e-06
no_latent,Q4,9000.0,-27.22309956576034,18.524790339359125,-45.747889905119465,322.86164673613155,0.061749703371067825,0.0,26.845001191389038,2.909461742800393e-11,-0.00012067196122700352,4.432704693876145e-06
no_latent,Q4,9300.0,-43.488801469536206,4.638001498908473,-48.12680296844468,323.01834456679535,0.015460275956542872,0.0,26.568904059630928,3.281762979442868e-11,-8.128805438900599e-05,1.8691721004532182e-06
no_latent,Q4,9600.0,-64.9754051559204,-17.177199658898896,-47.7982054970215,323.12740971921437,-0.057256547604608424,0.0,26.23261223153751,3.579252819974737e-11,-0.000235377516375479,3.6225632731438532e-06
no_latent,Q4,9900.0,-57.79010610523701,-10.084018784323478,-47.70608732091353,323.1594315230157,-0.03361337127241658,0.0,25.800985623692664,2.967134008828572e-11,-7.402598505734659e-06,1.2809456504984383e-07
no_latent,Q4,10200.0,-63.30528264465254,-15.242002593717269,-48.063280050935276,323.21570104948114,-0.0508064821504928,0.0,25.40744862621009,3.0658398147689454e-11,-5.794856942742399e-05,9.153828402078695e-07
no_latent,Q4,10500.0,-72.49855858459574,-23.732534237852867,-48.76602434674288,323.2525420618214,-0.07910811147673939,0.0,25.012515100673966,3.3067205050309226e-11,-0.00010079483104163955,1.3903011730091985e-06
no_latent,Q4,10800.0,-49.327649055499734,0.4468629153420567,-49.77451197084179,323.2572515517438,0.0014897060030518742,0.0,24.57012723614461,3.442270129837507e-11,-4.88855735056859e-05,9.910379765044865e-07
no_latent,Q4,11100.0,-64.23181056080598,-11.90235682384099,-52.32945373696499,323.35016972121747,-0.03967421842976312,0.0,24.26326004413507,3.2655324761598686e-11,-9.129491205328577e-05,1.4213348690655405e-06
no_latent,Q4,11400.0,-61.23639454654921,-6.487324695328212,-54.749069851220995,323.3966789627879,-0.021624346421997603,0.0,23.879758756231244,3.390575789651872e-11,-2.0768728930420366e-05,3.391566254710325e-07
no_latent,Q4,11700.0,-86.45121920135489,-30.898627746227902,-55.55259145512699,323.4629994865268,-0.10299435156112767,0.0,23.562226834769042,3.335979598351514e-11,-0.00032227788959460213,3.727858236955336e-06
no_latent,Q4,12000.0,-66.22845007613009,-11.731306958073557,-54.49714311805653,323.4346573121525,-0.03910454023868736,0.0,23.10709073831656,3.987360874251962e-11,5.5113532646089425e-05,8.321730703758885e-07
no_latent,Q4,12300.0,-81.34471444004454,-29.30277112103299,-52.04194331901155,323.47923979848645,-0.0976752702023778,0.0,22.76002796161917,2.7564822629384756e-11,-0.0001900603196531847,2.3364802613360877e-06
no_latent,Q4,12600.0,-62.44908149036131,-14.556938682198062,-47.89214280816324,323.4532802735485,-0.048523329721771716,0.0,22.353118345035387,3.408545308750763e-11,6.0234333446373967e-05,9.645351382096921e-07
no_latent,Q4,12900.0,-59.374218516303756,-15.354366815116013,-44.01985170118775,323.4846366624479,-0.05118118909505297,0.0,22.03709822837994,3.005986438845217e-11,-1.0086600120473577e-05,1.6988181693210606e-07
no_latent,Q4,13200.0,-70.02409749049868,-28.38593514035028,-41.63816235014839,323.5118380720683,-0.09461927793580258,0.0,21.74299857454285,2.8447515372103922e-11,-0.00015175960950841727,2.167248346599669e-06
no_latent,Q4,13500.0,-49.398855815197784,-9.722162002774928,-39.676693812422855,323.4845055451091,-0.03240737077852358,0.0,21.36017178250949,4.385650941050335e-11,4.923078214602583e-05,9.965976201999349e-07
no_latent,Q4,13800.0,-71.72587149352293,-33.36882252458514,-38.35704896893779,323.5329650195776,-0.11122841482882992,0.0,21.100051885543657,3.616905913753128e-11,-0.0002980759361648211,4.1557659733941086e-06
no_latent,Q4,14100.0,-49.64778416432624,-12.287262738789169,-37.36052142553707,323.4813276040385,-0.04095780668331161,0.0,20.7190745821749,2.772506861404321e-11,7.926620431675246e-05,1.596570836966137e-06
no_latent,Q4,14400.0,-51.00960164590866,-14.015956581678505,-36.99364506423015,323.5172229844001,-0.04671981675656577,0.0,20.458411358976278,2.9927947142410824e-11,-1.1554708777339329e-05,2.2652027078251256e-07
no_latent,Q4,14700.0,-61.001756392602395,-24.022791024586063,-36.97896536801633,323.54495216788484,-0.0800756133039359,0.0,20.179735164232277,2.9168921070235866e-11,-0.00010703340529971683,1.7545954678888006e-06
no_latent,Q4,15000.0,-59.218618556404614,-22.60526448334391,-36.613354073060705,323.5282347810596,-0.07535088540236197,0.0,19.862954848794043,3.329247659894261e-11,1.137364677106234e-06,1.9206200766451782e-08
no_latent,Q4,15300.0,-57.533481434895045,-21.76063169755207,-35.77284973734297,323.51617326831536,-0.07253546883863077,0.0,19.561418427174672,4.49481402285227e-11,8.954037163277917e-06,1.5563176327874953e-07
no_latent,Q4,15600.0,-55.58401917390721,-21.117561616495962,-34.466457557411246,323.5063934934908,-0.0703919018221566,0.0,19.270755481098035,4.353259219786421e-11,8.930151018660126e-06,1.6066040475986674e-07
no_latent,Q4,15900.0,-53.28370418275606,-20.578655162476238,-32.70504902027982,323.49809122534657,-0.06859554329799242,0.0,18.99049292293064,4.2893083115113727e-11,7.826921482489979e-06,1.468914671480923e-07
no_latent,Q4,16200.0,-50.60763308357225,-20.108338212498147,-30.499294871074103,323.49087561861586,-0.06702781642776373,0.0,18.720629815108328,4.2585620828003686e-11,6.715830970449588e-06,1.3270391364399957e-07
no_latent,Q4,16500.0,-47.51459171599424,-19.689880544998417,-27.82471117099583,323.4845059103856,-0.0656329544096333,0.0,18.46133817039559,4.24508207704255e-11,5.777891580294181e-06,1.2160246719218344e-07
no_latent,Q4,16800.0,-44.91689220908418,-19.31165467136488,-25.605237537719297,323.47881152106794,-0.06437219896256931,0.0,18.21093067766077,4.242674026357427e-11,5.017405907636885e-06,1.1170420883709634e-07
no_latent,Q4,17100.0,-43.281710744777435,-18.964416282806933,-24.3172944619705,323.47366161828626,-0.063214735631039,0.0,17.96705569562438,4.2487651096461895e-11,4.40650476818405e-06,1.0180985668908104e-07
no_latent,Q4,17400.0,-42.58063048912518,-18.640961990914025,-23.93966849821115,323.46895244143747,-0.062136553024087764,0.0,17.72774564002943,4.2614761984329947e-11,3.916312302010283e-06,9.197403272388097e-08
no_latent,Q4,17700.0,-42.78772598889893,-18.335480569868402,-24.45224541903053,323.46460104107285,-0.06111828030306267,0.0,17.491294086129958,4.282422138602038e-11,3.5210504023552858e-06,8.229113188368098e-08
no_latent,Q4,18000.0,-43.8783088604129,-18.043197786704113,-25.835111073708788,323.4605410085782,-0.06014400329699617,0.0,17.256191018649474,4.3069725565460915e-11,3.2023947404979936e-06,7.298354981468304e-08
no_latent,Q4,18300.0,-45.51150283254494,-17.760766140006353,-27.750736692538588,323.45671926736685,-0.059202563615916325,0.0,17.021715409448397,4.335023542260191e-11,2.9447685427896886e-06,6.470383001028712e-08
no_latent,Q4,18600.0,-46.58274112644209,-17.487533400248992,-29.095207726193095,323.45309388115436,-0.058291787118239055,0.0,16.789323153565174,4.368577324404924e-11,2.7352227256471906e-06,5.8717513385973264e-08
no_latent,Q4,18900.0,-46.8759698810115,-17.22353710733899,-29.652432773672512,323.4496327765805,-0.057411798903338314,0.0,16.560553031671446,4.4051474648074526e-11,2.563662505394859e-06,5.4690335195247804e-08
no_latent,Q4,19200.0,-46.410050039457445,-16.96895138607318,-29.441098653384262,323.446311119034,-0.05656317935835353,0.0,16.33663898669173,4.443493588808235e-11,2.421432878207952e-06,5.217475258374575e-08
no_latent,Q4,19500.0,-45.203970076171686,-16.724044268973678,-28.479925807198008,323.4431092440954,-0.0557468219040202,0.0,16.118611575827575,4.483039620087698e-11,2.3022323816235257e-06,5.092987137510514e-08
no_latent,Q4,19800.0,-43.27618078777426,-16.489145835887825,-26.787034951886433,323.44001125991934,-0.05496382679151172,0.0,15.907353109533439,4.523038010665508e-11,2.2015656888640933e-06,5.087245798469459e-08
no_latent,Q4,20100.0,-41.69985591831308,-16.26262130896214,-25.43723460935094,323.4370040157075,-0.05420874474449247,0.0,15.701574379698856,4.563906613858328e-11,2.1143856052674437e-06,5.070486596906637e-08
no_latent,Q4,20400.0,-40.845985761867354,-16.042338839502285,-24.80364692236507,323.434075372082,-0.05347447015475303,0.0,15.499547094698412,3.729900979951141e-11,2.2069236251809343e-06,5.403036758733964e-08
no_latent,Q4,20700.0,-39.843504709033084,-15.828031015455073,-24.015473693578013,323.43121438984053,-0.05276011052646958,0.0,15.301506043235559,3.762652597510647e-11,2.1424858012153436e-06,5.377252369894087e-08
no_latent,Q4,21000.0,-38.6956712747881,-15.619490767857146,-23.076180506930953,323.42841253703995,-0.05206497618535236,0.0,15.107579955098851,3.796236343965825e-11,2.0877485624737346e-06,5.3953026105893996e-08
no_latent,Q4,21300.0,-37.405602670252556,-15.416553915835292,-21.98904875441726,323.4256628903271,-0.05138851985626078,0.0,14.917848227250328,3.8303087000462256e-11,2.0410429399930763e-06,5.456516656036264e-08
no_latent,Q4,21600.0,-35.97623642278363,-15.219089571583176,-20.75714685120045,323.42295969820907,-0.050730305242433396,0.0,14.732362898175273,3.8646119015332483e-11,2.0011468393477116e-06,5.562412965688629e-08
no_latent,Q4,21900.0,-34.32800675566288,-15.027144476177682,-19.300862279485195,323.420298098156,-0.05009048814501265,0.0,14.551314582741439,3.89878839087784e-11,1.9673261135721987e-06,5.730965178302003e-08
no_latent,Q4,22200.0,-32.863506843643485,-14.840038827174347,-18.02346801646914,323.41767397408853,-0.04946680338490836,0.0,14.374102765418966,3.3676589231545853e-11,2.1882981613430275e-06,6.658748172416334e-08
no_latent,Q4,22500.0,-31.857562697368714,-14.656660336954987,-17.20090236041373,323.4150833623657,-0.048855541662898926,0.0,14.19972348489383,3.3875249850298754e-11,2.161914693488143e-06,6.786189872794967e-08
no_latent,Q4,22800.0,-31.300164560213922,-14.476017156307744,-16.824147403906178,323.41252246358164,-0.04825339765182886,0.0,14.027349389739067,3.408053636548491e-11,2.1392409124132428e-06,6.834599569909169e-08
no_latent,Q4,23100.0,-31.181815342571124,-14.297224647765884,-16.88459069480524,323.40998799325945,-0.047657422558470025,0.0,13.856271556473008,3.4296358936377926e-11,2.1197751252088892e-06,6.798113265441785e-08
no_latent,Q4,23400.0,-31.493274070827376,-14.119491782199075,-17.3737822886283,323.40747728558574,-0.0470649796167525,0.0,13.68586916344945,3.452822258725181e-11,2.1028266736777823e-06,6.67706593143854e-08
no_latent,Q4,23700.0,-32.01577838878512,-13.942484317034197,-18.073294071750926,323.40498830811634,-0.04647495468349763,0.0,13.515973530927164,3.477674329986319e-11,2.088015090606632e-06,6.521831408409696e-08
no_latent,Q4,24000.0,-32.235767428540285,-13.766805334942228,-18.46896209359806,323.40251981977497,-0.04588935803485048,0.0,13.347319803153027,3.502841865896774e-11,2.0755129170879627e-06,6.43854042466625e-08
no_latent,Q4,24300.0,-32.11385005389905,-13.593070034257641,-18.52078001964141,323.40007152794436,-0.045310239753225866,0.0,13.180539432403172,3.445565489404043e-11,1.891710120105472e-06,5.890636335819203e-08
no_latent,Q4,24600.0,-31.65745927127296,-13.42182105576245,-18.23563821551051,323.3976434573731,-0.0447394098000994,0.0,13.016134586068382,3.479189795572332e-11,1.8842673696894963e-06,5.952048626338576e-08
no_latent,Q4,24900.0,-30.87386185200144,-13.2535379512894,-17.62032390071204,323.3952356118057,-0.04417846651895718,0.0,12.854520090950768,2.959013384900617e-11,2.0043977535522117e-06,6.492215852880982e-08
no_latent,Q4,25200.0,-29.770019388143208,-13.088644353447016,-16.68137503469619,323.3928478154931,-0.043628820987594026,0.0,12.696046922361575,3.8452893331319895e-11,1.942831193701977e-06,6.526133451145038e-08
no_latent,Q4,25500.0,-29.0731627803732,-12.926266239393069,-16.14689654098013,323.39047962335127,-0.043087560594179564,0.0,12.539749849613713,3.868505573002396e-11,1.938860798134101e-06,6.668902220170532e-08
no_latent,Q4,25800.0,-28.756501927874968,-12.765655340463738,-15.99084658741123,323.3881297401033,-0.042552190921597115,0.0,12.384916414275276,3.8917801718604934e-11,1.93601539599797e-06,6.732444025541587e-08
no_latent,Q4,26100.0,-28.090540620369232,-12.607381753703244,-15.48315886666599,323.38579682026665,-0.042024612299105105,0.0,12.23221344134716,3.9134860157755136e-11,1.93602828879591e-06,6.892100493758536e-08
no_latent,Q4,26400.0,-27.08238097936199,-12.451949763216366,-14.630431216145624,323.3834803062538,-0.041506505867487234,0.0,12.08213687560512,3.108465496761649e-11,1.9970298037463863e-06,7.373907801046791e-08
no_latent,Q4,26700.0,-25.738678661871162,-12.29980241873417,-13.438876243136992,323.381179790533,-0.040999348071251523,0.0,11.935083648550192,3.1371189632967366e-11,2.0026412865803422e-06,7.780668591768158e-08
no_latent,Q4,27000.0,-24.065485157383243,-12.151329203801591,-11.914155953581654,323.3788947738925,-0.04050443738346873,0.0,11.79138442976108,3.1645304223992767e-11,2.0112390313187234e-06,8.35735917296344e-08
no_latent,Q4,27300.0,-22.27817063874899,-12.00652214755751,-10.271648491191478,323.3766245665043,-0.04002174723417289,0.0,11.650967615065355,3.190583386854504e-11,2.0226943568957267e-06,9.079265931187379e-08
no_latent,Q4,27600.0,-20.924541487256,-11.864465891207018,-9.06007559604898,323.37436809576394,-0.039548226419712625,0.0,11.51288559351138,3.2168597424160345e-11,2.0347067675174912e-06,9.724020804741267e-08
no_latent,Q4,27900.0,-20.060579154107863,-11.724245557106068,-8.336333597001794,323.3721237524496,-0.03908082535475513,0.0,11.376295752324406,3.240851140044122e-11,2.049320467989446e-06,1.0215659539270085e-07
no_latent,Q4,28200.0,-19.677973709684075,-11.5850542193286,-8.092919490355474,323.3698900223413,-0.03861685428041735,0.0,11.240510538364807,3.264030116496851e-11,2.0647966039177845e-06,1.0492933034571751e-07
no_latent,Q4,28500.0,-19.768933899756984,-11.446179907491011,-8.322753992265973,323.3676658070747,-0.03815393995911884,0.0,11.104950344202821,3.2865630110389776e-11,2.0802446396572805e-06,1.052279627321154e-07
no_latent,Q4,28800.0,-20.32585084090266,-11.306994053504987,-9.018856787397674,323.365450530642,-0.037689987160439274,0.0,10.969116789296644,3.3087724945480704e-11,2.094626795567933e-06,1.0305235495248335e-07
no_latent,Q4,29100.0,-21.24513393270041,-11.167094705127399,-10.07803922757301,323.363244151417,-0.03722365604107308,0.0,10.832728713396511,3.330902869793686e-11,2.1071945255357605e-06,9.918480778755538e-08
no_latent,Q4,29400.0,-21.876091251113245,-11.027148491104592,-10.84894276000865,323.3610472039628,-0.03675716870106661,0.0,10.696544072139469,3.352489122352395e-11,2.119215388063367e-06,9.687358512712013e-08
no_latent,Q4,29700.0,-21.997893312935748,-10.888093089527889,-11.10980022340786,323.3588610430659,-0.036293650736593006,0.0,10.561474118460287,3.372847456543814e-11,2.131450013820313e-06,9.689336990133163e-08
no_latent,Q4,30000.0,-21.619473677392328,-10.750746139424352,-10.868727537967974,323.356687220981,-0.03583582761325892,0.0,10.428232382331977,3.391650370200451e-11,2.1445533224806468e-06,9.919544548039692e-08
no_latent,Q4,30300.0,-20.749576220378323,-10.615820038233212,-10.13375618214511,323.35452696024146,-0.03538607399243966,0.0,10.297402299985514,3.408311866349618e-11,2.1594986847617292e-06,1.0407435129402153e-07
no_latent,Q4,30600.0,-19.396400667589106,-10.483935808444604,-8.912464859144503,323.3523809624234,-0.03494645995280291,0.0,10.169473553472615,3.422406918295417e-11,2.1773962703974803e-06,1.1225774862631366e-07
no_latent,Q4,30900.0,-17.961177872399485,-10.355033083112563,-7.606144789286923,323.3502493516514,-0.03451678426995315,0.0,10.04426834291557,3.433279693370626e-11,2.197873382847604e-06,1.223679982717071e-07
no_latent,Q4,31200.0,-17.003179706983744,-10.228211490677634,-6.774968216306112,323.3481314758264,-0.03409404569950241,0.0,9.920848527714734,3.4417343460604926e-11,2.219173090622917e-06,1.3051518179928617e-07
no_latent,Q4,31500.0,-16.40236449558817,-10.102854936055179,-6.299509559532992,323.3460260821675,-0.03367619047587399,0.0,9.798669282582829,3.489488411128184e-11,2.206707018892473e-06,1.3453590910542336e-07
no_latent,Q4,31800.0,-16.153368174814855,-9.978428171549291,-6.174940003265562,323.34393213859124,-0.03326143467074035,0.0,9.677288843616,3.4908161371885763e-11,2.2296728134918453e-06,1.3803144888186152e-07
no_latent,Q4,32100.0,-16.25112685786663,-9.85446559016717,-6.3966612676994625,323.3418490023619,-0.03284822613806344,0.0,9.556339410921026,3.491191314395241e-11,2.251251864038295e-06,1.385289699433082e-07
no_latent,Q4,32400.0,-16.690680582908385,-9.730561936668149,-6.960118646240238,323.33977646737213,-0.032435214023629685,0.0,9.43550911455407,3.4908325346862455e-11,2.2704207580659386e-06,1.360292497833131e-07
no_latent,Q4,32700.0,-17.353057140374595,-9.606529787097067,-7.746527353277528,323.33771475391916,-0.03202177357949009,0.0,9.314691955761381,3.490318416066504e-11,2.286749960056511e-06,1.317779306296428e-07
no_latent,Q4,33000.0,-17.80532085624607,-9.482823263471575,-8.322497592774496,323.33566452585706,-0.031609418542594886,0.0,9.194384135059694,3.490565375622087e-11,2.29930689243929e-06,1.2913594262092155e-07
no_latent,Q4,33300.0,-17.949772685944176,-9.359977973762645,-8.58979471218153,323.33362690401157,-0.03119993429224514,0.0,9.075087358041902,3.487176799573647e-11,2.3139108957792587e-06,1.2891031748781974e-07
no_latent,Q4,33600.0,-17.791192481414683,-9.238454693974518,-8.552737787440167,323.3316029978419,-0.030794856743253843,0.0,8.957189782651204,3.4812418050568337e-11,2.3290016368804345e-06,1.3090756222852364e-07
no_latent,Q4,33900.0,-17.33429393479036,-9.118649523864121,-8.215644410926236,323.32959362104407,-0.03039550623125976,0.0,8.841004689322116,3.472375512362067e-11,2.3455138045136437e-06,1.3531060528552243e-07
no_latent,Q4,34200.0,-16.583589800195167,-9.000903060391652,-7.582686739803514,323.3275992022524,-0.030003018082471876,0.0,8.726791639554328,3.4598877716927815e-11,2.364349909633745e-06,1.4257165897855963e-07
no_latent,Q4,34500.0,-15.880458295714941,-8.88504412490401,-6.995414170810932,323.3256197712692,-0.02961682169825248,0.0,8.614319695503173,3.444453839062029e-11,2.384571734737051e-06,1.5015761449280625e-07
no_latent,Q4,34800.0,-15.453179441730018,-8.770612240731804,-6.682567200998214,323.3236548781907,-0.029235382151552934,0.0,8.503130699167786,3.4270694531016525e-11,2.4047340758670543e-06,1.556141947962677e-07
no_latent,Q4,35100.0,-15.077335813701845,-8.657509552442702,-6.419826261259143,323.321703897902,-0.02885837325835766,0.0,8.393167716043344,3.407550751189085e-11,2.4250645953571848e-06,1.6084171801448878e-07
no_latent,Q4,35400.0,-14.752178548484196,-8.545652871637483,-6.206525676846714,323.31976645447236,-0.02848551772309742,0.0,8.284375868319591,3.3861042592572636e-11,2.4452917442019384e-06,1.6575800897238972e-07
no_latent,Q4,35700.0,-14.476998126346027,-8.434970511655216,-6.042027614690811,323.3178423357419,-0.028116576589251457,0.0,8.176706290671211,3.3626862908211396e-11,2.4651202217285118e-06,1.7027840994483189e-07
no_latent,Q4,36000.0,-14.251118779108701,-8.325400657591254,-5.925718121517447,323.315931457797,-0.02775134380626543,0.0,8.070116294777593,3.33767962709039e-11,2.4842883750153533e-06,1.743223401279325e-07
no_latent,Q4,36300.0,-14.036166674191076,-8.216939007502194,-5.819227666688881,323.31403384246556,-0.02738980503423492,0.0,7.964615612679356,3.310953485113684e-11,2.5027682815093044e-06,1.7830853249350877e-07
no_latent,Q4,36600.0,-13.794872706784519,-8.109629235534358,-5.6852434712501605,323.3121496070646,-0.027032105707983502,0.0,7.86025275620217,3.278645829075817e-11,2.4768606916580893e-06,1.7954936912465551e-07
no_latent,Q4,36900.0,-13.546543678460628,-8.003483793031219,-5.543059885429409,323.31027892035434,-0.026678287384548333,0.0,7.757038644728516,4.310462359507328e-11,2.422333281515421e-06,1.7881559599346336e-07
no_latent,Q4,37200.0,-13.291278149808303,-7.89851270176033,-5.392765448047972,323.3084219432272,-0.02632838382115268,0.0,7.654981162681503,4.268965752602045e-11,2.444585473604377e-06,1.8392403244075024e-07
no_latent,Q4,37500.0,-13.029168733780388,-7.794723876844027,-5.234444856936362,323.30657882369553,-0.025982421143245307,0.0,7.554085924863465,4.22652008436282e-11,2.4661295654482274e-06,1.8927758292471548e-07
no_latent,Q4,37800.0,-12.760302298180159,-7.692123424070479,-5.06817887410968,323.30474969513,-0.02564041970340659,0.0,7.454356844296537,4.182924746106254e-11,2.4869514989589447e-06,1.9489753775767737e-07
no_latent,Q4,38100.0,-12.406814438219357,-7.590811160928611,-4.816003277290746,323.3029346781287,-0.025302712223734057,0.0,7.355886594691583,4.136870794033629e-11,2.50619160713228e-06,2.020012163164078e-07
no_latent,Q4,38400.0,-12.05438228323796,-7.49076883093513,-4.56361345230283,323.3011338879955,-0.02496923785790412,0.0,7.258647382811117,4.090716887282178e-11,2.5264361065424623e-06,2.0958652605995083e-07
no_latent,Q4,38700.0,-11.822579060372291,-7.3918371546403066,-4.430741905731985,323.29934736013604,-0.02463946566621629,0.0,7.16248637196095,4.04442777359564e-11,2.545224580430272e-06,2.1528505476114984e-07
no_latent,Q4,39000.0,-11.709972212288767,-7.293880911112786,-4.416091301175981,323.2975750992936,-0.02431294491022345,0.0,7.067290137273262,3.998235173349636e-11,2.5619542496357894e-06,2.1878397345360088e-07
no_latent,Q4,39300.0,-11.715186782771548,-7.196785634103895,-4.518401148667653,323.2958172009784,-0.02398929403407422,0.0,6.972969411726147,3.9526409447424164e-11,2.576118371067082e-06,2.1989562939410776e-07
no_latent,Q4,39600.0,-11.836877827049161,-7.100454272822669,-4.736423554226491,323.2940738827385,-0.023668189533740114,0.0,6.879451313558876,3.907831919022953e-11,2.5872993640874142e-06,2.185795445294722e-07
no_latent,Q4,39900.0,-12.126554704569823,-7.004743873564597,-5.121810831005226,323.2923454805715,-0.02334915489443725,0.0,6.78661835748791,3.8643230459245666e-11,2.594766578489782e-06,2.1397393090652197e-07
no_latent,Q4,40200.0,-12.362967631824834,-6.909781473305308,-5.453186158519527,323.290632437126,-0.023032613576601958,0.0,6.694607887506785,3.8215058893971823e-11,2.599675280379188e-06,2.102792272695988e-07
no_latent,Q4,40500.0,-12.385021723872992,-6.815854028793483,-5.569167695079509,323.2889353223558,-0.022719522108852253,0.0,6.603680630069634,3.7785767831562206e-11,2.6038621925295047e-06,2.1024284418576182e-07
no_latent,Q4,40800.0,-12.195336673128157,-6.723200772892916,-5.472135900235241,323.2872546415794,-0.022410677777283585,0.0,6.5140269529325945,3.709688366195047e-11,2.560292159614619e-06,2.0994026062897472e-07
no_latent,Q4,41100.0,-11.796458276128043,-6.6320202930879,-5.164437983040143,323.28559064841494,-0.02210674286978671,0.0,6.425793265070818,3.663804723636194e-11,2.567848113699256e-06,2.176795825994395e-07
no_latent,Q4,41400.0,-11.190786389495704,-6.542477512250839,-4.648308877244865,323.2839433070491,-0.021808266965052576,0.0,6.33909591369878,3.6170818584122685e-11,2.5772649339117493e-06,2.303023973660076e-07
no_latent,Q4,41700.0,-10.637932892905654,-6.4544336005673735,-4.183499292338281,323.2823123049863,-0.021514787291968422,0.0,6.253775731088617,3.5701404210418895e-11,2.5870231530333854e-06,2.431885197131342e-07
no_latent,Q4,42000.0,-10.299383101757995,-6.367600187110697,-3.931782914647297,323.28069711785633,-0.021225342607553196,0.0,6.169567967694849,3.523461663113519e-11,2.5951552617975437e-06,2.5197191289588774e-07
no_latent,Q4,42300.0,-9.997748111170523,-6.281919992805511,-3.715828118365013,323.27909727171607,-0.020939741982020362,0.0,6.086447622284299,3.4770428108067814e-11,2.6018005989669746e-06,2.6023866275046206e-07
no_latent,Q4,42600.0,-9.732607422731157,-6.197345501449366,-3.5352619212817915,323.2775125200006,-0.02065782702770873,0.0,6.0043882057146725,3.431102393248668e-11,2.6068632541509373e-06,2.678483926170117e-07
no_latent,Q4,42900.0,-9.50356624973077,-6.113836491939702,-3.389729757791067,323.2759427572453,-0.020379463673905404,0.0,5.923364998458798,3.385669942092903e-11,2.6102319177212507e-06,2.746581492810866e-07
no_latent,Q4,43200.0,-9.310251883919364,-6.031358705360192,-3.278893178559172,323.2743879774462,-0.020104537723784278,0.0,5.8433556816565595,3.341180937098633e-11,2.6117750913101645e-06,2.805267917424677e-07
no_latent,Q4,43500.0,-9.081734556186321,-5.949953171031816,-3.131781385154505,323.27284824858845,-0.019833185943199175,0.0,5.764404046075475,3.29741976921457e-11,2.611927936158054e-06,2.8760232090012514e-07
no_latent,Q4,43800.0,-8.831761530509779,-5.869639565859323,-2.9621219646504557,323.27132367862697,-0.019565473924887597,0.0,5.686526041934548,3.253820277425741e-11,2.611606956026691e-06,2.9570623561389866e-07
no_latent,Q4,44100.0,-8.637407109083632,-5.790357991301853,-2.84704911778178,323.26981435328446,-0.019301202000207157,0.0,5.6096641880352065,3.2119890919154633e-11,2.6087602948976496e-06,3.0203048923722903e-07
no_latent,Q4,44400.0,-8.498140602716385,-5.712057751592687,-2.786082851123697,323.2683203435364,-0.019040201184943328,0.0,5.5337761638364675,3.1709057601055494e-11,2.6038903109260048e-06,3.064070639280415e-07
no_latent,Q4,44700.0,-8.413456845290385,-5.634695989136729,-2.778760856153657,323.2668417561346,-0.01878232861983414,0.0,5.458828480911766,3.13107474067864e-11,2.596813513999763e-06,3.086500069770234e-07
no_latent,Q4,45000.0,-8.382869220886992,-5.558236235468297,-2.8246329854186953,323.2653787438604,-0.018527462742912025,0.0,5.384793307861288,3.0921467923965664e-11,2.5874053113383866e-06,3.08653903951112e-07
no_latent,Q4,45300.0,-8.344155630410073,-5.482704403686123,-2.86145122672395,323.2639315024181,-0.01827568993253522,0.0,5.311697772954541,3.054484322551654e-11,2.5760744430947113e-06,3.087279956411971e-07
no_latent,Q4,45600.0,-8.262217773766094,-5.408152518737692,-2.854065255028402,323.262500244025,-0.018027183606914073,0.0,5.239585738766729,3.0177626781863296e-11,2.5633365292598853e-06,3.102479987151757e-07
no_latent,Q4,45900.0,-8.181341038982215,-5.334581878105659,-2.8467591608765552,323.2610851370303,-0.017781948091061556,0.0,5.168450669452773,2.982186219025008e-11,2.5492128079562804e-06,3.1158862536225613e-07
no_latent,Q4,46200.0,-8.101523706859837,-5.261991779224446,-2.83953192763539,323.25968628384214,-0.017539981043315226,0.0,5.09828691057747,2.9477329365157906e-11,2.533770120827228e-06,3.1275229358173677e-07
no_latent,Q4,46500.0,-8.022762578619066,-5.190380040275091,-2.8323825383439756,323.2583037442904,-0.017301275191120586,0.0,5.029088735416256,2.9142443324946346e-11,2.517061085782757e-06,3.1373994445389797e-07
no_latent,Q4,46800.0,-7.945053239944704,-5.119743262504216,-2.8253099774404875,323.2569375469589,-0.01706581920551138,0.0,4.960850047370278,2.881730925709195e-11,2.4991491978099134e-06,3.1455411591770617e-07
no_latent,Q4,47100.0,-7.924245760540544,-5.050028949417517,-2.874216811123027,323.2555876953127,-0.01683343824788014,0.0,4.8935221101462565,2.912935318305723e-11,2.524946524751215e-06,3.186355649548883e-07
no_latent,Q4,47400.0,-7.915275675284376,-4.981230772402411,-2.934044902881965,323.25425419447816,-0.01660411092973134,0.0,4.827101401124931,2.875079735057618e-11,2.5065169904081586e-06,3.166683124170663e-07
no_latent,Q4,47700.0,-7.840235911999118,-4.913406958164604,-2.926828953834514,323.2529370680382,-0.016378031479653724,0.0,4.761638643768074,2.8380389823062873e-11,2.485731513068856e-06,3.170480507180351e-07
no_latent,Q4,48000.0,-7.699701539963415,-4.846603041034461,-2.8530984989289543,323.2516363092702,-0.016155351685421378,0.0,4.697166132250769,2.8019507880959492e-11,2.464591951856221e-06,3.2008928385916775e-07
no_latent,Q4,48300.0,-7.49422217147268,-4.780853917609241,-2.7133682538634396,323.2503518297343,-0.015936187869988398,0.0,4.6337051606954,2.7669116098703637e-11,2.443387279171816e-06,3.2603614134536244e-07
no_latent,Q4,48600.0,-7.22431575407135,-4.716185890247793,-2.508129863823557,323.249083453225,-0.01572062770858596,0.0,4.57126992532002,2.7326507663302537e-11,2.4223279950774668e-06,3.3530206562639994e-07
no_latent,Q4,48900.0,-6.9014747606969955,-4.6526095977354816,-2.248865162961514,323.24783092562626,-0.015508706663009205,0.0,4.509862188968137,2.6978478307011364e-11,2.4011672801194095e-06,3.479208956604096e-07
no_latent,Q4,49200.0,-6.635938178084183,-4.590045486919347,-2.045892691164836,323.2465939337598,-0.015300159555482837,0.0,4.449408063995314,2.6650412645480728e-11,2.3797255037649734e-06,3.5861176519459497e-07
no_latent,Q4,49500.0,-6.471071900388526,-4.528393708301735,-1.9426781920867908,323.24537217680637,-0.01509465355065263,0.0,4.389825972272031,2.632478550768661e-11,2.3568940541451866e-06,3.642200381058473e-07
no_latent,Q4,49800.0,-6.406096393565671,-4.4675724661757155,-1.938523927389956,323.2441654569588,-0.01489191599463612,0.0,4.3310558511347415,2.5999690625121433e-11,2.332215120581793e-06,3.640618213182503e-07
no_latent,Q4,50100.0,-6.440270811014078,-4.407514601200618,-2.03275620981346,323.2429737134666,-0.014691722856816731,0.0,4.2730508024600455,2.5104180211989943e-11,2.25584440105564e-06,3.5027166826552084e-07
no_latent,Q4,50400.0,-6.572870489579055,-4.348164447661109,-2.224706041917946,323.24179701402994,-0.014493888921269123,0.0,4.215772471588432,2.4785517502430683e-11,2.228719628405429e-06,3.390785855189066e-07
no_latent,Q4,50700.0,-6.814036565913984,-4.289467607601562,-2.524568958312422,323.2406355330378,-0.014298232688968834,0.0,4.159181469243031,2.446535570381964e-11,2.199089088605888e-06,3.2272927615423183e-07
no_latent,Q4,51000.0,-7.011072203384995,-4.231488824185339,-2.7795833791996554,323.23948953184237,-0.014104969974034785,0.0,4.1033382084909915,2.414779968088687e-11,2.1680250963385106e-06,3.0922875038881686e-07
no_latent,Q4,51300.0,-7.077734072303353,-4.174339820564593,-2.90339425173876,323.2383592614417,-0.013914473191269582,0.0,4.0483305331721775,2.3838527842286974e-11,2.1368162812507308e-06,3.0190683337659406e-07
no_latent,Q4,51600.0,-7.015047297832821,-4.11810704866287,-2.8969402491699503,323.2372448272549,-0.013727030740869757,0.0,3.994215325770666,3.138057496594443e-11,2.1735980570980473e-06,3.098479546630489e-07
no_latent,Q4,51900.0,-6.824015753825529,-4.062856945855571,-2.761158807969958,323.23614613350037,-0.01354286363344719,0.0,3.941030807627362,3.0868654532602194e-11,2.1441785853504314e-06,3.1421067340713704e-07
no_latent,Q4,52200.0,-6.505592643954564,-4.00863953407861,-2.4969531098759545,323.2350628891238,-0.013362138834574383,0.0,3.8888033091080607,3.036674418085528e-11,2.116293705167749e-06,3.253037533996771e-07
no_latent,Q4,52500.0,-6.186739571238409,-3.9554063723434765,-2.2313331988949328,323.2339946411425,-0.013184694871935979,0.0,3.837479321285783,2.98701001463485e-11,2.0892373173708734e-06,3.3769601796131004e-07
no_latent,Q4,52800.0,-5.985180275581879,-3.903037511525209,-2.08214276405667,323.2329408813685,-0.013010131910920554,0.0,3.7869566211157113,2.9376635336193164e-11,2.0617509575160398e-06,3.444759994828387e-07
no_latent,Q4,53100.0,-5.833243297223698,-3.85148040494777,-1.981762892275928,323.2319012009181,-0.012838274795049237,0.0,3.737200694137572,2.8886800216168765e-11,2.033567001458181e-06,3.4861686678250616e-07
no_latent,Q4,53400.0,-5.730568103993033,-3.8006919868475566,-1.9298761171454766,323.2308753246855,-0.01266897997118611,0.0,3.688183398460253,2.8397184540673162e-11,2.0045082766984024e-06,3.497922440362711e-07
no_latent,Q4,53700.0,-5.67681459084614,-3.750636440161204,-1.9261781506849363,323.22986308624377,-0.012502128048840959,0.0,3.639880957913722,2.790784274373151e-11,1.974491083522878e-06,3.4781672924578926e-07
no_latent,Q4,54000.0,-5.671656612590313,-3.7012835648493145,-1.9703730477409984,323.22886440433723,-0.01233761834873039,0.0,3.5922726273202823,2.7363342382248362e-11,1.9397698023393417e-06,3.420111503283387e-07
no_latent,Q4,54300.0,-5.714775897124598,-3.6526074935118595,-2.062168403612738,323.2278792616919,-0.012175364671268197,0.0,3.5453397889179206,2.687705340616705e-11,1.907868599104745e-06,3.3384836666380796e-07
no_latent,Q4,54600.0,-5.7296307480216555,-3.604633169921029,-2.1249975781006265,323.22690768750954,-0.012015450151447142,0.0,3.499104238396853,2.6396713400288906e-11,1.8755131137027092e-06,3.273357736622543e-07
no_latent,Q4,54900.0,-5.678373962495281,-3.5574014446200444,-2.120972517875237,323.22594969507327,-0.011858010959662536,0.0,3.4535953199184375,2.592122224514002e-11,1.8432787163291664e-06,3.246138293292616e-07
no_latent,Q4,55200.0,-5.561441990612262,-3.5109420686259187,-2.050499921986343,323.2250052198329,-0.011703146267168365,0.0,3.4088294974788558,2.5453361740348948e-11,1.8115245907779354e-06,3.2572929715634845e-07
no_latent,Q4,55500.0,-5.379250160213125,-3.4652759416804186,-1.913974218532707,323.22407410086316,-0.011550925739500362,0.0,3.364815565835503,4.001447636751636e-11,1.7801696903241293e-06,3.3093268342322256e-07
no_latent,Q4,55800.0,-5.13218594947849,-3.420417205757666,-1.7117687437208242,323.22315608911566,-0.01140139652090029,0.0,3.3215575666543207,3.9335292659463617e-11,1.7505124207950473e-06,3.41085151244944e-07
no_latent,Q4,56100.0,-4.883028411162747,-3.376338221405021,-1.506690189757726,323.2222508629989,-0.011254466475912914,0.0,3.2790270756200943,3.866035121620908e-11,1.7213688534578608e-06,3.525207532118308e-07
no_latent,Q4,56400.0,-4.705058685083351,-3.3329730099817394,-1.372085675101612,323.2213580881211,-0.011109915673658639,0.0,3.237169367071627,3.798551192304203e-11,1.69211585254736e-06,3.596375658207936e-07
no_latent,Q4,56700.0,-4.572210534371782,-3.2902825995277736,-1.281927934844008,323.2204775010641,-0.010967614206889834,0.0,3.195957042984697,3.730771464621296e-11,1.6625391765501263e-06,3.636182463716225e-07
no_latent,Q4,57000.0,-4.484212471162984,-3.24823482542877,-1.235977645734214,323.21960892380656,-0.010827454859882344,0.0,3.1553680557329504,3.6623402159545244e-11,1.6325359337709955e-06,3.640630198210916e-07
no_latent,Q4,57300.0,-4.440808999025975,-3.2068027535212518,-1.2340062455047232,323.2187522521121,-0.010689347851901421,0.0,3.1153837538486187,3.593858398138113e-11,1.6020491742096965e-06,3.607561537911407e-07
no_latent,Q4,57600.0,-4.441755262977976,-3.165963455705237,-1.2757918072727388,323.217907440261,-0.010553216755970766,0.0,3.0759877000479756,3.5251959567147205e-11,1.5710859924134013e-06,3.5370836513853e-07
no_latent,Q4,57900.0,-4.496510290192927,-3.125691819011994,-1.370818471180933,323.21707448593133,-0.01041897786213725,0.0,3.037160774234701,3.4562873708161154e-11,1.5396291808134066e-06,3.4240535024937023e-07
no_latent,Q4,58200.0,-4.52731922538862,-3.086007463702421,-1.4413117616861988,323.21625342402615,-0.01028669655660301,0.0,2.9989188873460835,3.37805140256116e-11,1.5032784816959577e-06,3.320460534935921e-07
no_latent,Q4,58500.0,-4.48597999107478,-3.0469489463275967,-1.4390310447471837,323.21544426476015,-0.01015650139524095,0.0,2.961288575663106,3.311010928063344e-11,1.4722446883830287e-06,3.281879748264991e-07
no_latent,Q4,58800.0,-4.372885644208576,-3.0085439368392954,-1.3643417073692807,323.2146469320266,-0.01002848459603118,0.0,2.924284220557225,3.2455985352197775e-11,1.4419700582468664e-06,3.2975251940480147e-07
no_latent,Q4,59100.0,-4.188408064503156,-2.9708115321856017,-1.2175965323175535,323.21386124939175,-0.009902709816021715,0.0,2.8879130371356605,3.181819068504414e-11,1.4126209122444777e-06,3.372691701690838e-07
no_latent,Q4,59400.0,-3.932889191876405,-2.933764270786562,-0.9991249210898426,323.2130869508968,-0.00977921885027757,0.0,2.852177906752669,3.119689827925542e-11,1.384296708706323e-06,3.519795857878891e-07
no_latent,Q4,59700.0,-3.6667006141999523,-2.8973797470774736,-0.7693208671224788,323.2123236994246,-0.009657937012725213,0.0,2.8170556609290394,3.058452441033197e-11,1.356740090607822e-06,3.7001659894282175e-07
no_latent,Q4,60000.0,-3.4858139816573606,-2.861591278627269,-0.6242227030300914,323.2115711483538,-0.00953864215424946,0.0,2.7824926003772052,3.342472220703653e-11,1.3676475688617629e-06,3.923466874762786e-07
no_latent,Q4,60300.0,-3.377817072348104,-2.82635154330223,-0.5514655290458739,323.2108290403903,-0.00942117627670184,0.0,2.748455876924455,3.248267045437216e-11,1.3397083222788098e-06,3.9661956038001366e-07
no_latent,Q4,60600.0,-3.342368575412751,-2.7916221584977823,-0.5507464169149683,323.2100972269451,-0.009305411535645413,0.0,2.714920020650261,3.1510745083046064e-11,1.3021958416015167e-06,3.896027060512642e-07
no_latent,Q4,60900.0,-3.3791462830364063,-2.757371911117218,-0.6217743719191883,323.2093756560114,-0.009191243949277547,0.0,2.681864629124729,3.061068660229434e-11,1.2736660460754834e-06,3.769194759248489e-07
no_latent,Q4,61200.0,-3.487834277483418,-2.7235750278628372,-0.7642592496205804,323.20866435432646,-0.00907858756280824,0.0,2.6492723652176897,2.9713422640998734e-11,1.2409796343870738e-06,3.558023505871614e-07
no_latent,Q4,61500.0,-3.680029259711644,-2.6902041698244687,-0.9898250898871752,323.2079634068768,-0.008967351529889197,0.0,2.617123587752917,2.952864486454097e-11,1.2891422902505667e-06,3.5030761966049693e-07
no_latent,Q4,61800.0,-3.860115808509474,-2.657280025420685,-1.2028357830887888,323.20727294861695,-0.008857604276905464,0.0,2.5854344584361932,2.8539002594255882e-11,1.2576509540451752e-06,3.258065344238463e-07
no_latent,Q4,62100.0,-3.968711380500418,-2.62484308235817,-1.3438682981422483,323.2065930790517,-0.008749480407757028,0.0,2.5542318359213962,2.8279408314747363e-11,1.0399689385209854e-06,2.620419674836256e-07
no_latent,Q4,62400.0,-4.006154773994321,-2.592921912198322,-1.4132328617959986,323.2059237928587,-0.008643076435829757,0.0,2.5235300006850463,2.7360571597142947e-11,1.0185506049698034e-06,2.542464438921968e-07
no_latent,Q4,62700.0,-3.972788140973064,-2.561538169859438,-1.4112499711136257,323.2052649715127,-0.00853845573642353,0.0,2.4933358132256687,4.746655094533047e-11,-1.4489323789668163e-06,3.6471423281381574e-07
no_latent,Q4,63000.0,-3.868940486572279,-2.530700814896722,-1.3382396716755571,323.2046163763568,-0.008435664712216115,0.0,2.4636516957241894,4.6022011071377115e-11,-1.4012318874101481e-06,3.621745778394181e-07
no_latent,Q4,63300.0,-3.836771821797121,-2.5003592067831,-1.3364126150140212,323.2039777240779,-0.008334526171761322,0.0,2.4344316703803224,4.463015217908591e-11,-1.3552547031281392e-06,3.5322786083571316e-07
no_latent,Q4,63600.0,-3.8759265736997692,-2.4704705488306873,-1.4054560248690817,323.20334875339034,-0.008234897459032805,0.0,2.4056437705779663,4.3283887212668484e-11,-1.3111208463367774e-06,3.382728804083731e-07
no_latent,Q4,63900.0,-3.8446062414183615,-2.4410595324917157,-1.4035467089266458,323.2027292856385,-0.008136860880282154,0.0,2.377308538636077,4.198001822219494e-11,-1.2684070695989647e-06,3.2991858982443437e-07
no_latent,Q4,64200.0,-3.743137041453472,-2.412143514288867,-1.3309935271646052,323.20211912099967,-0.008040474291670312,0.0,2.3494363650440198,4.07121441414947e-11,-1.2267877735894217e-06,3.27743216452758e-07
no_latent,Q4,64500.0,-3.571828584778493,-2.3837339996025095,-1.1880945851759837,323.2015180102503,-0.007945776045356024,0.0,2.3220317912770505,3.947485768231948e-11,-1.1859957020909917e-06,3.3204160668436477e-07
no_latent,Q4,64800.0,-3.3309647367056887,-2.355838108350419,-0.9751266283552696,323.2009256533155,-0.007852789420295216,0.0,2.2950959690772827,3.9172377738922575e-11,-1.282261854362865e-06,3.8495209517919336e-07
no_latent,Q4,65100.0,-3.1087599610491345,-2.3284243091037977,-0.7803356519453366,323.20034170714933,-0.0077614102315459186,0.0,2.268602210137971,3.795847953868969e-11,-1.2396400224101711e-06,3.987570728979092e-07
no_latent,Q4,65400.0,-2.9753825154133633,-2.3014395650866053,-0.6739429503267582,323.1997658660321,-0.00767146122215881,0.0,2.2425112204189275,3.677975101041703e-11,-1.1984389620689484e-06,4.0278483719679046e-07
no_latent,Q4,65700.0,-2.8777977677164532,-2.2748623793560823,-0.6029353883603707,323.19919793051923,-0.007582870735492595,0.0,2.2168103682101656,3.563590658877589e-11,-1.1587083041941781e-06,4.026371544215975e-07
no_latent,Q4,66000.0,-2.8158578218796144,-2.248675153163978,-0.5671826687156364,323.1986377753698,-0.007495580108963397,0.0,2.191488833407334,3.4526416764370587e-11,-1.1204749587045981e-06,3.979160275772267e-07
no_latent,Q4,66300.0,-2.789424195164507,-2.2228632073803825,-0.5665609877841249,323.1980853304432,-0.0074095400691798026,0.0,2.166536966431512,3.3594504932493506e-11,-1.186626441329608e-06,4.2540193183476214e-07
no_latent,Q4,66600.0,-2.7983641579344387,-2.1974138674631867,-0.600950290471252,323.1975405646808,-0.007324709063811078,0.0,2.1419458757201975,3.261586331767115e-11,-1.1483198631978553e-06,4.103539776772536e-07
no_latent,Q4,66900.0,-2.8017688861056955,-2.172331248847641,-0.6294376372580548,323.19700347492466,-0.007241100457728119,0.0,2.117718115976342,3.166808256998035e-11,-1.111529204900208e-06,3.967240875621159e-07
no_latent,Q4,67200.0,-2.7763829589792923,-2.1476254738829463,-0.6287574850963462,323.19647404447545,-0.0071587479025359835,0.0,2.093858969552181,3.1146756983851844e-11,-1.103122151180358e-06,3.973234843603525e-07
no_latent,Q4,67500.0,-2.751376198163747,-2.1232921180931132,-0.6280840800706335,323.19595221648103,-0.007077636831861276,0.0,2.070362021071217,3.0262899805204085e-11,-1.0685347304750792e-06,3.8836373273426343e-07
no_latent,Q4,67800.0,-2.7267435865791856,-2.09932626535018,-0.6274173212290055,323.1954379143559,-0.006997750767238087,0.0,2.0472210187808995,2.940791609397973e-11,-1.035178753827637e-06,3.796392000049818e-07
no_latent,Q4,68100.0,-2.7024797107709615,-2.0757226018258566,-0.6267571089451052,323.1949310480358,-0.006919071996137397,0.0,2.0244298246350163,2.8584512527469256e-11,-1.002984637343829e-06,3.711349370529402e-07
no_latent,Q4,68400.0,-2.67857894306219,-2.0524755980356204,-0.6261033450265695,323.19443151887697,-0.006841581771591037,0.0,2.0019823942393584,3.742187091625703e-11,-1.0665583093372177e-06,3.981806517592918e-07
no_latent,Q4,68700.0,-2.6550354652955,-2.0295795325199686,-0.6254559327755315,323.1939392226271,-0.00676526166411191,0.0,1.9798727701523482,3.6193025626014134e-11,-1.0332863956685756e-06,3.8917988447795475e-07
no_latent,Q4,69000.0,-2.631843464807311,-2.007028687764868,-0.6248147770424424,323.1934540521172,-0.0066900922885773815,0.0,1.9580950812619151,3.500376210829577e-11,-1.0011916538044119e-06,3.8041459045426687e-07
no_latent,Q4,69300.0,-2.6089970757015806,-1.9848172914729552,-0.6241797842286254,323.1929758980604,-0.006616054404153601,0.0,1.936643543729195,3.38557244047271e-11,-9.702268748412735e-07,3.7187733320106215e-07
no_latent,Q4,69600.0,-2.5864904527603643,-1.962939590467632,-0.6235508622927323,323.1925046504353,-0.0065431288337326286,0.0,1.9155124630003906,3.274479327945925e-11,-9.403478434810708e-07,3.635613046541537e-07
no_latent,Q4,69900.0,-2.564317791651671,-1.941389870895855,-0.6229279207558157,323.1920401991772,-0.0064712965312594154,0.0,1.8946962354278603,3.167171695262359e-11,-9.115180304997139e-07,3.5546219484465977e-07
no_latent,Q4,70200.0,-2.542473345711198,-1.920162475027758,-0.6223108706834402,323.1915824346914,-0.006400538637786391,0.0,1.8741893495057007,3.063360352616087e-11,-8.836918405918937e-07,3.4757172266232797e-07
no_latent,Q4,70500.0,-2.520951530884642,-1.8992519062133149,-0.6216996246713273,323.19113124821774,-0.006330836243149951,0.0,1.8539863866489166,3.097678204104927e-11,-1.0332683295644074e-06,4.098723505413121e-07
no_latent,Q4,70800.0,-2.499746525246449,-1.878652428439968,-0.6210940968064812,323.19068653117904,-0.006262171424239467,0.0,1.8340820209404725,2.9980705919255886e-11,-1.0011681278454532e-06,4.0050785859048185e-07
no_latent,Q4,71100.0,-2.478852991011709,-1.8583587882889268,-0.620494202722782,323.1902481784383,-0.006194525896262859,0.0,1.8144710198253482,2.934937353192222e-11,-1.0194100692473285e-06,4.112426484925476e-07
no_latent,Q4,71400.0,-2.4582654148049032,-1.8383655553263176,-0.6198998594785856,323.1898160845141,-0.006127881889667911,0.0,1.7951482466305761,2.841539171437491e-11,-9.884259442038967e-07,4.0208267921401064e-07
no_latent,Q4,71700.0,-2.437978503285335,-1.818667517682628,-0.619310985602707,323.1893901462621,-0.006062221863776263,0.0,1.7761086532417656,2.7512988587997093e-11,-9.58549749130455e-07,3.9317399552077545e-07
no_latent,Q4,72000.0,-2.4179870046552603,-1.7992595036240069,-0.6187275010312533,323.1889702616194,-0.005997528584926113,0.0,1.757347284413059,2.662159557375334e-11,-9.281461731402985e-07,3.8385076981529396e-07
no_latent,Q4,72300.0,-2.3982857635598935,-1.7801364364585757,-0.6181493271013178,323.18855633013567,-0.005933785120266004,0.0,1.7388592755433403,2.578259626859923e-11,-9.003787745376357e-07,3.7542597642791293e-07
no_latent,Q4,72600.0,-2.378869712410977,-1.7612933258904897,-0.6175763865204873,323.18814825294584,-0.005870974840996619,0.0,1.720639851649838,2.4972133491089112e-11,-8.735915042468179e-07,3.6722965519681007e-07
no_latent,Q4,72900.0,-2.3597338768738614,-1.7427252735220666,-0.6170086033517946,323.18774593281637,-0.0058090814192623165,0.0,1.7026843262387348,2.4190202277715253e-11,-8.47743371834575e-07,3.5925380405931716e-07
no_latent,Q4,73200.0,-2.3408733734268923,-1.724427470450111,-0.6164459029767814,323.1873492741271,-0.005748088825494443,0.0,1.6849881000944356,2.3435101700472444e-11,-8.228017779332575e-07,3.5149350121776436e-07
no_latent,Q4,73500.0,-2.322283408421683,-1.7063951963410238,-0.6158882120806588,323.1869581828637,-0.005687981325390199,0.0,1.6675466600201372,2.2706068331471912e-11,-7.987239643014732e-07,3.439390564497544e-07
no_latent,Q4,73800.0,-2.3039592785251997,-1.6886238198990975,-0.6153354586261021,323.18657256660623,-0.005628743281996209,0.0,1.650355577536025,3.3390341480935866e-11,-8.353002348693295e-07,3.6254991251582287e-07
no_latent,Q4,74100.0,-2.2858963628447246,-1.6711087910185891,-0.6147875718261355,323.18619233450175,-0.005570359933048357,0.0,1.6334105075052916,3.246806201274725e-11,-8.111040821212612e-07,3.5482977063398804e-07
no_latent,Q4,74400.0,-2.2680901334799044,-1.6538456513554485,-0.6142444821244561,323.1858173972974,-0.005512816212050121,0.0,1.6167071869469172,3.157508649067732e-11,-7.877404120115727e-07,3.4731442123199565e-07
no_latent,Q4,74700.0,-2.250536143608268,-1.6368300224347028,-0.6137061211735649,323.1854476672597,-0.005456097524202335,0.0,1.6002414334315325,3.0710096600300894e-11,-7.651740022707187e-07,3.399963179635591e-07
no_latent,Q4,75000.0,-2.2332300315492764,-1.6200576097441781,-0.6131724218050982,323.1850830581941,-0.0054001895545820145,0.0,1.5840091438561095,2.9872834517531635e-11,-7.433695736747126e-07,3.3286744454130814e-07
no_latent,Q4,75300.0,-2.2161675558979237,-1.6035242378846009,-0.6126433180133227,323.1847234854109,-0.005345078192449241,0.0,1.5680062930340868,2.9513538143014446e-11,-7.801498286275077e-07,3.520265543782021e-07
no_latent,Q4,75600.0,-2.199344429027395,-1.5872256840991215,-0.6121187449282737,323.1843688653291,-0.005290749751349329,0.0,1.5522289322813025,2.8715931337256033e-11,-7.58694322477993e-07,3.4496385034767227e-07
no_latent,Q4,75900.0,-2.1827565868998966,-1.5711579480906117,-0.6115986388092849,323.1840191167176,-0.005237190700491554,0.0,1.5366731881714275,2.794341479154616e-11,-7.37943145701081e-07,3.380785334150151e-07
no_latent,Q4,76200.0,-2.16639998744361,-1.5553170504379668,-0.6110829370056434,323.1836741592456,-0.005184387775195707,0.0,1.521335261026093,2.71940792109835e-11,-7.178792547080093e-07,3.3136967266839736e-07
no_latent,Q4,76500.0,-2.150270665860303,-1.5396990879169294,-0.6105715779433734,323.18333391401853,-0.005132327964847884,0.0,1.506211423615153,2.6468202167048132e-11,-6.984625642303399e-07,3.2482541631608583e-07
no_latent,Q4,76800.0,-2.1343647330816857,-1.5243002319808183,-0.6100645011008673,323.1829983035515,-0.005080998507655284,0.0,1.4912980198116788,2.5764870999467326e-11,-6.796842332290609e-07,3.18448024695247e-07
no_latent,Q4,77100.0,-2.1186783742637645,-1.5091167272732757,-0.6095616469904888,323.1826672517447,-0.005030386885888942,0.0,1.4765914632558417,2.508237960124577e-11,-6.615065932802366e-07,3.122260562602422e-07
no_latent,Q4,77400.0,-2.1032078474088425,-1.494144890264716,-0.6090629571441263,323.1823406838588,-0.004980480821149893,0.0,1.4620882360470768,2.4420606198017108e-11,-6.439197482999148e-07,3.061607767835336e-07
no_latent,Q4,77700.0,-2.1724454320747504,-1.4793603193020644,-0.6930851127726861,323.1820185263744,-0.004931198974151832,0.0,1.4477712761626487,2.3785937684667403e-11,-6.270565148236429e-07,2.8864085862206683e-07
no_latent,Q4,78000.0,-2.25860769236047,-1.4647602816078367,-0.793847410752633,323.18170076677944,-0.004882532235723876,0.0,1.4336387979992526,2.3176771235772794e-11,-6.108906740465159e-07,2.7047223655210097e-07
no_latent,Q4,78300.0,-2.243549153261183,-1.4503704483706623,-0.7931787048905206,323.1813874002042,-0.004834565489780848,0.0,1.419706821644574,2.7232306826967228e-11,-8.014364081265768e-07,3.572181188727794e-07
no_latent,Q4,78600.0,-2.1275599104204383,-1.4362089435092167,-0.6913509669112217,323.18107833979894,-0.004787360547132923,0.0,1.4059848440893088,2.6531317878950592e-11,-7.793693397317725e-07,3.6632074890796244e-07
no_latent,Q4,78900.0,-1.9109094820230639,-1.4222889153025982,-0.48862056672046583,323.1807734258324,-0.00474096052680854,0.0,1.3924783546493,2.5839018608519175e-11,-7.572600358995984e-07,3.9628252568923023e-07
no_latent,Q4,79200.0,-1.5938244003148503,-1.408619296801728,-0.1852051035131224,323.1804724343601,-0.004695395206164351,0.0,1.3791904287463312,2.5151098242754435e-11,-7.349524226707427e-07,4.611250916509732e-07
no_latent,Q4,79500.0,-1.3951555494738623,-1.3951555494738623,0.0,323.18017509418735,-0.004650516120989221,0.0,1.3660901949392539,2.44714608550236e-11,-7.131770960455697e-07,5.111810624374617e-07
no_latent,Q4,79800.0,-1.3818482656616229,-1.3818482656616229,0.0,323.17988125341105,-0.0046061585767383315,0.0,1.3531467410396874,2.3815608125363102e-11,-6.926401234785828e-07,5.01241808301543e-07
no_latent,Q4,80100.0,-1.368701642646379,-1.368701642646379,0.0,323.17959092063745,-0.004562336565057726,0.0,1.3403653236185258,2.3181522900149776e-11,-6.731290611572405e-07,4.918011640986623e-07
no_latent,Q4,80400.0,-1.355718456271258,-1.3557184562704885,-7.696194331407111e-13,323.17930411511105,-0.004519058598647645,0.0,1.3277483310774436,2.491546902047774e-11,-8.766761949590602e-07,6.466506308177389e-07
no_latent,Q4,80700.0,-1.3428998251317157,-1.3428998251324848,7.691842376806956e-13,323.1790208521508,-0.004476329897675567,0.0,1.315296318994366,2.4308224558038663e-11,-8.558298148159884e-07,6.372998184969203e-07
no_latent,Q4,81000.0,-1.3302464516714751,-1.3302464516714751,0.0,323.17874114136487,-0.004434152053305985,0.0,1.3030086800134582,2.371658244372659e-11,-8.356796796782362e-07,6.282141768754142e-07
no_latent,Q4,81300.0,-1.5859038181759946,-1.3176998293248663,-0.26820398885112817,323.17846497880004,-0.0043923300411277955,0.0,1.290847189629842,2.3153872766756395e-11,-8.169865278739863e-07,5.151551553823939e-07
no_latent,Q4,81600.0,-1.9752794393751887,-1.3052442082162599,-0.6700352311589287,323.1781925317853,-0.004350811361011632,0.0,1.27880319317149,2.2620437605706805e-11,-7.999127705771159e-07,4.0496182698592793e-07
no_latent,Q4,81900.0,-2.163311647874761,-1.2929382836772507,-0.8703733641975102,323.17792402491534,-0.0043097909149780655,0.0,1.2669141338797272,2.4306539494701505e-11,-1.0091838313908141e-06,4.664995135500874e-07
no_latent,Q4,82200.0,-2.1505105775016142,-1.280824837643018,-0.8696857398585962,323.1776594950627,-0.004269412841717988,0.0,1.255203780419224,2.3664169470738543e-11,-9.851276216998883e-07,4.580901075336138e-07
no_latent,Q4,82500.0,-1.9374147406461255,-1.2689355487691443,-0.6684791918769812,323.1773988118334,-0.004229781953769042,0.0,1.2436872851598482,2.3100819146717734e-11,-9.62638431634133e-07,4.96867506702821e-07
no_latent,Q4,82800.0,-1.5245008583954571,-1.2572931796332278,-0.2672076787622293,323.1771417006213,-0.004190974126252869,0.0,1.232374452364693,2.2624667412405054e-11,-9.417573669789903e-07,6.177480070232255e-07
no_latent,Q4,83100.0,-1.2458458197931284,-1.2458458197931284,0.0,323.1768877766733,-0.004152816327226832,0.0,1.2212292976767951,2.2181577757427894e-11,-9.216250789201297e-07,7.397585353484307e-07
no_latent,Q4,83400.0,-1.2345270427564303,-1.2345270427564303,0.0,323.17663679850307,-0.004115087137677314,0.0,1.2102106682377518,2.1716163898911737e-11,-9.014532360573924e-07,7.302012874862938e-07
no_latent,Q4,83700.0,-1.2233400494836544,-1.2233400494836544,0.0,323.1763887492826,-0.004077797226704851,0.0,1.1993233397576402,2.1240455367337682e-11,-8.81472199010247e-07,7.205455256551909e-07
no_latent,Q4,84000.0,-1.2122867502799357,-1.2122867502807109,7.751458422779344e-13,323.17614362812327,-0.004040952961585497,0.0,1.1885696842857616,2.07628073190701e-11,-8.618050615242293e-07,7.108920899492016e-07
no_latent,Q4,84300.0,-1.201368230910694,-1.2013682309099192,-7.747449107368877e-13,323.1759014387913,-0.0040045579613051385,0.0,1.1779505052717534,2.0288329063695712e-11,-8.425183776992437e-07,7.012990322380799e-07
no_latent,Q4,84600.0,-1.1905848384473279,-1.1905848384473279,0.0,323.17566218214637,-0.003968613757891817,0.0,1.1674655849763407,1.87509217713816e-11,-7.110797826115345e-07,5.972525095640155e-07
no_latent,Q4,84900.0,-1.4460286346580442,-1.1798853352099365,-0.26614329944810766,323.1754258530198,-0.00393294806380321,0.0,1.1570825803689693,2.1373112038245235e-11,-9.160689735665528e-07,6.33506800356816e-07
no_latent,Q4,85200.0,-1.8341814715203577,-1.1692557268218158,-0.6649257446985419,323.17519260991554,-0.003897516104055337,0.0,1.146794077560452,2.08496622553198e-11,-8.956052146569249e-07,4.88286043972822e-07
no_latent,Q4,85500.0,-2.0225336813299535,-1.1587480501601304,-0.863785631169823,323.17496266597453,-0.0038624905801712475,0.0,1.1366320675382144,2.0351105833676834e-11,-8.761087563202707e-07,4.331738771065457e-07
no_latent,Q4,85800.0,-2.011552561974846,-1.1484005280234935,-0.863152033951353,323.17473605322647,-0.0038279976821165894,0.0,1.1266172218017028,3.259427764415031e-11,-1.2233885164913971e-06,6.081812325551825e-07
no_latent,Q4,86100.0,-1.8017348578806023,-1.1382406721985237,-0.6634941856820787,323.1745126461632,-0.0037941315823311382,0.0,1.1167629654622837,3.188616367384916e-11,-1.1974991821483982e-06,6.646367399235579e-07
no_latent,Q4,86400.0,-1.393518740852543,-1.1282890282874247,-0.2652297125651182,323.17429219531186,-0.0037609595157782204,0.0,1.1070781593013423,3.11824538453972e-11,-1.1735539586776866e-06,8.421515436238168e-07
no_latent,Q4,86700.0,-1.1184999392926613,-1.1184999392926613,0.0,323.1740743500833,-0.003728329110033701,0.0,1.0975324206407902,4.6402708091900595e-11,-1.2062825509584485e-06,1.0784824465178789e-06
no_latent,Q4,87000.0,-1.1088149159457608,-1.1088149159457608,0.0,323.17385890042164,-0.003696045782476648,0.0,1.0880905058005097,4.545576545364737e-11,-1.1812027662649882e-06,1.0652839795697413e-06
no_latent,Q4,87300.0,-1.0992372596895452,-1.0992372596895452,0.0,323.1736458468638,-0.003664120342794352,0.0,1.0787564989856098,4.447879906039457e-11,-1.1568512396920028e-06,1.0524126884297292e-06
no_latent,Q4,87600.0,-1.0897688547819189,-1.0897688547819189,0.0,323.1734351979146,-0.00363255907197561,0.0,1.0695323543688173,4.348887160623047e-11,-1.1331892357802076e-06,1.0398436611651723e-06
no_latent,Q4,87900.0,-1.080410825101823,-1.080410825101823,0.0,323.1732269627833,-0.00360136571642155,0.0,1.0604188044993976,4.250067616083619e-11,-1.110175357865728e-06,1.027549272991688e-06
no_latent,Q4,88200.0,-1.071163684638451,-1.071163684638451,0.0,323.17302114665245,-0.0035705419895684337,0.0,1.0514157683880425,4.152197437489162e-11,-1.0877679208487478e-06,1.015501119435263e-06
no_latent,Q4,88500.0,-1.3262527967815199,-1.0619819932813166,-0.2642708035002033,323.1728177483885,-0.0035399364245958993,0.0,1.0424955828341425,4.0451492115930554e-11,-1.0659025468373606e-06,8.036948532165486e-07
no_latent,Q4,88800.0,-1.713134593306736,-1.0528539105998602,-0.6602806827068756,323.17261692452945,-0.0035095095514249557,0.0,1.0336517738849345,3.927897936714379e-11,-1.0451723736482066e-06,6.100935546639032e-07
no_latent,Q4,89100.0,-1.9016194947546328,-1.0438256354927689,-0.8577938592618639,323.17241887598897,-0.0034794153624924987,0.0,1.0249118141577898,3.821510848737058e-11,-1.0267450192280592e-06,5.399318959761404e-07
no_latent,Q4,89400.0,-1.892137653059361,-1.0349310429393703,-0.8572066101199907,323.17222363132504,-0.003449766785126259,0.0,1.0162937798905418,3.717264701575105e-11,-1.0074014926697572e-06,5.324144842426813e-07
no_latent,Q4,89700.0,-1.6851509396539177,-1.0261950376039626,-0.6589559020499551,323.1720310752329,-0.0034206468283431843,0.0,1.0078096392180593,3.6297880266859895e-11,-9.891010073204143e-07,5.869509870276354e-07
no_latent,Q4,90000.0,-1.2810639639604637,-1.0176358002787431,-0.2634281636817207,323.1718409764626,-0.0033921161053859887,0.0,0.9994674544308203,3.5513808908263496e-11,-9.686629464655816e-07,7.561394073336657e-07
no_latent,Q4,90300.0,-1.0092129352997858,-1.0092129352997858,0.0,323.17165301540723,-0.0033640399516657303,0.0,0.9912414218919788,3.488161458408882e-11,-9.498000668184403e-07,9.41129501611375e-07
no_latent,Q4,90600.0,-1.0008748796947862,-1.000874879693988,-7.982585111324837e-13,323.1714670094129,-0.0033362458798628447,0.0,0.9831012455871937,3.731432690205308e-11,-1.1157351344966463e-06,1.1147598537360499e-06
no_latent,Q4,90900.0,-0.9926245742230467,-0.9926245742238446,7.979205524528212e-13,323.1712829714839,-0.0033087449351600056,0.0,0.9750501199315402,3.653385064724491e-11,-1.093675843003506e-06,1.093675843003506e-06
no_latent,Q4,91200.0,-0.9844640131360061,-0.9844640131360061,0.0,323.1711009172471,-0.0032815431361471535,0.0,0.9670897662136849,3.5780915718747874e-11,-1.072291859971486e-06,1.072291859971486e-06
no_latent,Q4,91500.0,-0.9763943402518709,-0.976394340252649,7.781398908276837e-13,323.1709208595159,-0.003254644295837405,0.0,0.9592209053681524,3.5053684933511906e-11,-1.0515014274693528e-06,1.0515014274693528e-06
no_latent,Q4,91800.0,-0.968416165130997,-0.9684161651302192,-7.778512389435399e-13,323.17074280673575,-0.003228050446196245,0.0,0.951443581106152,3.4349526233887e-11,-1.0312713457348745e-06,1.0312713457348745e-06
no_latent,Q4,92100.0,-0.9605296543973897,-0.9605296543973897,0.0,323.17056676149724,-0.0032017618502493063,0.0,0.9437573812051273,3.889379789135089e-11,-1.0993225978417343e-06,1.0993225978417343e-06
no_latent,Q4,92400.0,-0.9527345898228563,-0.95273458982206,-7.962710854421948e-13,323.1703927203909,-0.003175778370620642,0.0,0.9361615890349554,3.817363344896139e-11,-1.0786358673828459e-06,1.0786358673828459e-06
no_latent,Q4,92700.0,-0.9450305156914761,-0.945030515692272,7.959490420052916e-13,323.1702206748284,-0.0031500981906947556,0.0,0.9286552873854826,3.747016443499537e-11,-1.058483845381055e-06,1.058483845381055e-06
no_latent,Q4,93000.0,-0.937416719554087,-0.937416719554087,0.0,323.17005061141424,-0.0031247189357766305,0.0,0.9212374292982252,3.6782080808816886e-11,-1.0388210978096168e-06,1.0388210978096168e-06
no_latent,Q4,93300.0,-0.9298923358223242,-0.9298923358231007,7.76444268690083e-13,323.1698825132525,-0.003099637720619135,0.0,0.9139068866191038,3.610980673655517e-11,-1.0196373602764639e-06,1.0196373602764639e-06
no_latent,Q4,93600.0,-0.9224563828721107,-0.9224563828713346,-7.76169944331626e-13,323.16971636068513,-0.0030748512732118437,0.0,0.9066624830538688,3.5454117062414896e-11,-1.0009077814213292e-06,1.0009077814213292e-06
no_latent,Q4,93900.0,-0.9151077965532327,-0.9151077965532327,0.0,323.16955213199134,-0.003050356046444687,0.0,0.8995030166708476,3.4813097202573396e-11,-9.826198266171815e-07,9.826198266171815e-07
no_latent,Q4,94200.0,-0.9078454585626737,-0.9078454585618794,-7.94376427428346e-13,323.16938980397407,-0.003026148301765877,0.0,0.8924272751689915,3.4285114514463155e-11,-9.680321163433574e-07,9.680321163433574e-07
no_latent,Q4,94500.0,-0.9006682092408017,-0.9006682092415957,7.940692222614999e-13,323.16922935241183,-0.0030022241956205874,0.0,0.8854340461838904,3.367200348375024e-11,-9.50555419525457e-07,9.50555419525457e-07
no_latent,Q4,94800.0,-0.8935748752903259,-0.8935748752903259,0.0,323.1690707524859,-0.0029785798060332717,0.0,0.8785221242054462,3.3072978546036335e-11,-9.334803443561412e-07,9.334803443561412e-07
no_latent,Q4,95100.0,-0.8865642718346504,-0.8865642718354252,7.748321492961217e-13,323.16891397899275,-0.002955211183473196,0.0,0.8716903151605433,3.24885016093394e-11,-9.1679346637314e-07,9.1679346637314e-07
no_latent,Q4,95400.0,-0.8796352134084735,-0.8796352134076989,-7.745711652823279e-13,323.1687590065825,-0.002932114376381964,0.0,0.8649374394140285,3.191677630626834e-11,-9.004931096660204e-07,9.004931096660204e-07
no_latent,Q4,95700.0,-1.133957472623528,-0.8727502145779679,-0.2612072580455601,323.1686058097878,-0.0029091644343702625,0.0,0.858241962581951,3.132733469191529e-11,-8.842668891562155e-07,7.798060425585207e-07
no_latent,Q4,96000.0,-1.5185792612376994,-0.8658990547244949,-0.6526802065132044,323.1684545101403,-0.002886327287267765,0.0,0.8515981988046639,3.074362621254511e-11,-8.685441655886805e-07,5.719452304918113e-07
no_latent,Q4,96300.0,-1.7071069830575594,-0.8591181031545765,-0.8479888799029829,323.16830526815625,-0.002863724163518652,0.0,0.8450263208283373,3.0219830627583035e-11,-8.540989808736299e-07,5.003195402222965e-07
no_latent,Q4,96600.0,-1.6999105370601801,-0.8524339442093702,-0.8474765928508099,323.1681580909976,-0.002841443679669698,0.0,0.8385400799095438,2.973802597570653e-11,-8.403084608143985e-07,4.943251085834348e-07
no_latent,Q4,96900.0,-1.4973944511560695,-0.8458663468416834,-0.6515281043143861,323.1680128662534,-0.002819551289948291,0.0,0.8321489339050616,2.7549648727276137e-11,-9.598571960589553e-07,6.41018266975608e-07
no_latent,Q4,97200.0,-1.0999088378676762,-0.8394295155517609,-0.26047932231591536,323.16786938707554,-0.0027980952370267086,0.0,0.8258595166421638,2.7051709948382593e-11,-9.444437482630796e-07,8.586563865547377e-07
no_latent,Q4,97500.0,-0.8330912233229228,-0.8330912233229228,0.0,323.16772737973673,-0.002776967647328232,0.0,0.8196528206384517,2.6560378890113546e-11,-9.291244532638743e-07,9.291244532638743e-07
no_latent,Q4,97800.0,-0.8268102352139005,-0.8268102352139005,0.0,323.16758669830017,-0.002756031072273435,0.0,0.8135059248779622,2.6094358656502006e-11,-9.135318700392858e-07,9.135318700392858e-07
no_latent,Q4,98100.0,-0.8205893744702262,-0.8205893744702262,0.0,323.1674473700554,-0.0027352945508283583,0.0,0.807420937703647,3.4025623126461225e-11,-1.0092217186397079e-06,1.0092217186397079e-06
no_latent,Q4,98400.0,-0.8144302375679855,-0.8144302375679855,0.0,323.16730941485815,-0.002714764149511011,0.0,0.8013990641101861,3.3462037213527447e-11,-9.92714682235274e-07,9.92714682235274e-07
no_latent,Q4,98700.0,-0.8083338986476281,-0.8083338986476281,0.0,323.16717284849125,-0.002694443073328846,0.0,0.7954408764689681,3.291272268657877e-11,-9.766489742490947e-07,9.766489742490947e-07
no_latent,Q4,99000.0,-0.8023009674130069,-0.8023009674130069,0.0,323.16703768150614,-0.002674333354917616,0.0,0.7895465041235156,3.2372587721303356e-11,-9.60937722171984e-07,9.60937722171984e-07
no_latent,Q4,99300.0,-0.7963317232254516,-0.7963317232254516,0.0,323.16690391943615,-0.002654435925535232,0.0,0.7837157679079826,3.184277416134424e-11,-9.455648820599905e-07,9.455648820599905e-07
no_latent,Q4,99600.0,-0.7904261741738661,-0.7904261741738661,0.0,323.16677156301796,-0.002634750812209736,0.0,0.7779482752841479,3.132453030390626e-11,-9.305109452961702e-07,9.305109452961702e-07
no_latent,Q4,99900.0,-0.784584113553938,-0.784584113553938,0.0,323.16664060878867,-0.002615277325923558,0.0,0.7722434876217056,3.081581058697839e-11,-9.157768705581049e-07,9.157768705581049e-07
no_latent,Q4,100200.0,-0.7788051687287785,-0.7788051687287785,0.0,323.1665110497983,-0.0025960142246074557,0.0,0.7666007677083818,3.031736953817788e-11,-9.013465417373467e-07,9.013465417373467e-07
no_latent,Q4,100500.0,-0.7730888416601681,-0.7730888416601681,0.0,323.16638287630934,-0.0025769598481619736,0.0,0.7610194132508349,2.982930603272127e-11,-8.872115760949484e-07,8.872115760949484e-07
no_latent,Q4,100800.0,-0.7674345415500838,-0.7674345415500838,0.0,323.1662560764244,-0.0025581122272946974,0.0,0.7554986804542307,2.935123944069884e-11,-8.733616746470219e-07,8.733616746470219e-07
no_latent,Q4,101100.0,-0.7618416106466537,-0.7618416106466537,0.0,323.16613063661964,-0.0025394691695077905,0.0,0.7500378005830551,2.8883457338892634e-11,-8.597943165211674e-07,8.597943165211674e-07
no_latent,Q4,101400.0,-0.7563093442689421,-0.7563093442689421,0.0,323.1660065421829,-0.002521028325902841,0.0,0.7446359915584629,2.8424730864744197e-11,-8.464980898459373e-07,8.464980898459373e-07
no_latent,Q4,101700.0,-0.7508370061876721,-0.7508370061876721,0.0,323.16588377756426,-0.002502787242402702,0.0,0.7392924660503728,2.797512121810145e-11,-8.334668615272989e-07,8.334668615272989e-07
no_latent,Q4,102000.0,-0.7454238402565239,-0.7454238402565239,0.0,323.16576232665074,-0.002484743398520317,0.0,0.7340064370952095,2.7535071199460915e-11,-8.207004287275055e-07,8.207004287275055e-07
no_latent,Q4,102300.0,-0.7400690791503763,-0.7400690791503763,0.0,323.1656421729785,-0.0024668942365636895,0.0,0.7287771219683505,2.7104478905499096e-11,-8.081812694626933e-07,8.081812694626933e-07
no_latent,Q4,102600.0,-0.7347719508638292,-0.7347719508638292,0.0,323.1655232998948,-0.0024492371831725496,0.0,0.7236037448277275,2.6683710441323328e-11,-7.959120643663553e-07,7.959120643663553e-07
no_latent,Q4,102900.0,-0.7295316834720424,-0.7295316834720424,0.0,323.1654056906788,-0.0024317696653012176,0.0,0.7184855384921092,2.626931746023246e-11,-7.838816771243984e-07,7.838816771243984e-07
no_latent,Q4,103200.0,-0.7243475086112363,-0.7243475086112363,0.0,323.1652893286322,-0.002414489121743851,0.0,0.7134217456134162,2.5864050166789965e-11,-7.720880810246911e-07,7.720880810246911e-07
no_latent,Q4,103500.0,-0.7192186639651138,-0.7192186639651138,0.0,323.1651741971455,-0.0023973930114712413,0.0,0.7084116194218583,2.5467544229218347e-11,-7.605237414276544e-07,7.605237414276544e-07
no_latent,Q4,103800.0,-0.7141443987633149,-0.7141443987633149,0.0,323.1650602797462,-0.002380478811367446,0.0,0.7034544241744726,2.541990396760779e-11,-7.553530810833209e-07,7.553530810833209e-07
no_latent,Q4,104100.0,-0.7091239589521005,-0.7091239589521005,0.0,323.1649475600935,-0.002363744049137849,0.0,0.6985494353941135,2.5038429052833337e-11,-7.442107458066616e-07,7.442107458066616e-07
no_latent,Q4,104400.0,-0.7041566141800513,-0.7041566141800513,0.0,323.16483602213185,-0.002347186269645147,0.0,0.6936959399741084,2.4664062618797287e-11,-7.332865070708294e-07,7.332865070708294e-07
no_latent,Q4,104700.0,-0.9573165238492971,-0.6992134229955358,-0.2581031008537613,323.16472564988135,-0.0023307090243617342,0.0,0.6888784419169948,2.3898183890353385e-11,-7.156870155400341e-07,7.156870155400341e-07
no_latent,Q4,105000.0,-1.3392604925773752,-0.694286967926103,-0.6449735246512722,323.164616555302,-0.002314286143266659,0.0,0.6840925945155565,3.346407186774714e-11,-1.1249461052686982e-06,8.399755771961629e-07
no_latent,Q4,105300.0,-1.5274450417224976,-0.6894051388562856,-0.8380399028662119,323.16450887675416,-0.00229801342915636,0.0,0.6793528906199573,3.2942206908032714e-11,-1.1101093777554638e-06,7.267753322918873e-07
no_latent,Q4,105600.0,-1.522185840219196,-0.6845890522437527,-0.8375967879754431,323.1644026224054,-0.002281959853355284,0.0,0.6746696270663686,3.248940082765747e-11,-1.0962371675971028e-06,7.201730160879987e-07
no_latent,Q4,105900.0,-1.3238348478988715,-0.679854115842927,-0.6439807320559445,323.16429769651984,-0.002266176776605511,0.0,0.6700502037383502,3.2088491450073525e-11,-1.082861273649094e-06,8.179730843071252e-07
no_latent,Q4,106200.0,-0.9326928991827769,-0.6752119523941293,-0.2574809467886475,323.1641939282963,-0.0022507022163049434,0.0,0.6655000503174703,3.7282609023977904e-11,-1.2875026462744188e-06,1.2875026462744188e-06
no_latent,Q4,106500.0,-0.6706372072255118,-0.6706372072255118,0.0,323.16409109035345,-0.002235453119813525,0.0,0.6610058559202024,3.681505490147088e-11,-1.271281454218176e-06,1.271281454218176e-06
no_latent,Q4,106800.0,-0.6660982113780424,-0.6660982113780424,0.0,323.16398907521983,-0.0022203231879492405,0.0,0.6565509886316716,3.632337714225312e-11,-1.2549932701944044e-06,1.2549932701944044e-06
no_latent,Q4,107100.0,-0.6615975417749341,-0.6615975417749341,0.0,323.16388792130414,-0.002205321009089671,0.0,0.6521367496788352,3.58413419597926e-11,-1.2390480328416942e-06,1.2390480328416942e-06
no_latent,Q4,107400.0,-0.6571366443098566,-0.6571366443098566,0.0,323.16378765357774,-0.002190451403038423,0.0,0.6477639303813361,3.5364945793538265e-11,-1.2233983297527118e-06,1.2233983297527118e-06
no_latent,Q4,107700.0,-0.6527164653589449,-0.6527164653589449,0.0,323.1636882901168,-0.0021757175244907206,0.0,0.6434329521555144,3.489825951567503e-11,-1.208011728759395e-06,1.208011728759395e-06
no_latent,Q4,108000.0,-0.6483376120530762,-0.6483376120530762,0.0,323.16358984346203,-0.0021611213972433847,0.0,0.63914396840782,3.4439316234753714e-11,-1.1928800607297063e-06,1.1928800607297063e-06
no_latent,Q4,108300.0,-0.644000430076126,-0.644000430076126,0.0,323.1634923213653,-0.0021466641735856436,0.0,0.6348969391735477,3.3985729994940706e-11,-1.1780004328665328e-06,1.1780004328665328e-06
no_latent,Q4,108600.0,-0.6397050593447479,-0.6397050593447479,0.0,323.16339572750223,-0.0021323463199222014,0.0,0.6306916857553698,3.354097325955925e-11,-1.1633680874201247e-06,1.1633680874201247e-06
no_latent,Q4,108900.0,-0.6354514788635713,-0.6354514788635713,0.0,323.16330006217635,-0.002118167766312631,0.0,0.6265279306686623,3.3103578533537936e-11,-1.1489697819833111e-06,1.1489697819833111e-06
no_latent,Q4,109200.0,-0.6312395434172948,-0.6312395434172948,0.0,323.16320532297243,-0.0021041280286860794,0.0,0.6224053268061084,3.267176665381946e-11,-1.1348114710152402e-06,1.1348114710152402e-06
no_latent,Q4,109500.0,-0.6270690132108845,-0.6270690132108845,0.0,323.16311150533045,-0.0020902263077699824,0.0,0.6183234786964359,3.224771385479994e-11,-1.1208798897932581e-06,1.1208798897932581e-06
no_latent,Q4,109800.0,-0.622939577635398,-0.622939577635398,0.0,323.16301860303287,-0.002076461568215143,0.0,0.6142819581864161,3.183125307974079e-11,-1.1071708551080306e-06,1.1071708551080306e-06
no_latent,Q4,110100.0,-0.6188508736097009,-0.6188508736097009,0.0,323.1629266086063,-0.002062832599771248,0.0,0.6102803150896305,3.14203015404711e-11,-1.0936783265691474e-06,1.0936783265691474e-06
no_latent,Q4,110400.0,-0.6148025002689634,-0.6148025002689634,0.0,323.16283551364234,-0.002049338066219337,0.0,0.6063180858587716,3.101791452880119e-11,-1.0804031623790067e-06,1.0804031623790067e-06
no_latent,Q4,110700.0,-0.6107939862711008,-0.6107939862711008,0.0,323.1627453090559,-0.0020359774893265164,0.0,0.6023947993395847,2.559535088340127e-11,-7.394731459386961e-07,7.394731459386961e-07
no_latent,Q4,111000.0,-0.6068252221400848,-0.6068252221400848,0.0,323.1626559857504,-0.002022746988535783,0.0,0.5985099810781994,3.2393536259194347e-11,-1.125579349947614e-06,1.125579349947614e-06
no_latent,Q4,111300.0,-0.6028951363480517,-0.6028951363480517,0.0,323.1625675307467,-0.0020096467446582473,0.0,0.5946631559834289,3.2041925740826446e-11,-1.1129505774754023e-06,1.1129505774754023e-06
no_latent,Q4,111600.0,-0.5990036142067378,-0.5990036142067378,0.0,323.16247993737426,-0.0019966750520284617,0.0,0.590853851234508,3.165916469626682e-11,-1.0985981993005822e-06,1.0985981993005822e-06
no_latent,Q4,111900.0,-0.5951501776400753,-0.5951501776400753,0.0,323.16239319515284,-0.001983830310544036,0.0,0.5870815971557511,3.128072520374031e-11,-1.0844768644213687e-06,1.0844768644213687e-06
no_latent,Q4,112200.0,-0.5913343532196875,-0.5913343532196875,0.0,323.1623072936775,-0.001971110942135707,0.0,0.5833459285194124,3.090855169009233e-11,-1.070578975470582e-06,1.070578975470582e-06
no_latent,Q4,112500.0,-0.5875556718198361,-0.5875556718198361,0.0,323.16222222261644,-0.001958515383034864,0.0,0.5796463852711042,3.054160007146667e-11,-1.056909377017412e-06,1.056909377017412e-06
no_latent,Q4,112800.0,-0.583813668633151,-0.583813668633151,0.0,323.1621379717212,-0.001946042083950492,0.0,0.5759825130265237,3.0179725271776655e-11,-1.0434480033350013e-06,1.0434480033350013e-06
no_latent,Q4,113100.0,-0.5801078837378298,-0.5801078837378298,0.0,323.1620545308403,-0.0019336895117715407,0.0,0.5723538633918163,2.982272236979276e-11,-1.0302063676581596e-06,1.0302063676581596e-06
no_latent,Q4,113400.0,-0.5764378625412174,-0.5764378625412174,0.0,323.1619718899319,-0.001921456151240204,0.0,0.568759994159432,2.947174739063878e-11,-1.0171691562366192e-06,1.0171691562366192e-06
no_latent,Q4,113700.0,-0.5728031561620579,-0.5728031561620579,0.0,323.1618900390731,-0.001909340506080983,0.0,0.5652004694134214,2.912532242350338e-11,-1.0043377630664097e-06,1.0043377630664097e-06
no_latent,Q4,114000.0,-0.569203321671532,-0.569203321671532,0.0,323.161808968466,-0.0018973410998893432,0.0,0.5616748595709936,2.8784144347040686e-11,-9.917047290031178e-07,9.917047290031178e-07
no_latent,Q4,114300.0,-0.5656379222478198,-0.5656379222478198,0.0,323.16172866844266,-0.0018854564765771616,0.0,0.5581827413790581,2.8447238062770757e-11,-9.792746713532807e-07,9.792746713532807e-07
no_latent,Q4,114600.0,-0.5621067752841726,-0.5621067752841726,0.0,323.16164912946715,-0.001873684564613906,0.0,0.5547236978779098,4.7321521315951584e-11,-1.405900000861493e-06,1.405900000861493e-06
no_latent,Q4,114900.0,-0.5586088695018121,-0.5586088695018121,0.0,323.1615703394991,-0.0018620249312613743,0.0,0.5512973182299736,4.680583139581672e-11,-1.3901233998359075e-06,1.3901233998359075e-06
no_latent,Q4,115200.0,-0.5551441614914541,-0.5551441614914541,0.0,323.16149229287305,-0.001850475956594151,0.0,0.5479031980319045,4.629526816791326e-11,-1.3745132088072154e-06,1.3745132088072154e-06
no_latent,Q4,115500.0,-0.5517122224170078,-0.5517122224170078,0.0,323.16141498007306,-0.0018390362109569189,0.0,0.544540938775372,4.579185705730908e-11,-1.3591299321547012e-06,1.3591299321547012e-06
no_latent,Q4,115800.0,-0.5483124722846714,-0.5483124722846714,0.0,323.16133839189473,-0.0018277048254734052,0.0,0.5412101479548536,3.0037762749458704e-11,-1.0246426498383698e-06,1.0246426498383698e-06
no_latent,Q4,116100.0,-0.5449449069448251,-0.5449449069448251,0.0,323.161262521119,-0.0018164796483187261,0.0,0.5379104404625085,2.968124322572651e-11,-1.0124492072494107e-06,1.0124492072494107e-06
no_latent,Q4,116400.0,-0.5416088671668566,-0.5416088671668566,0.0,323.1611873564604,-0.00180535955594717,0.0,0.5346414324704427,2.9331445769717446e-11,-1.000382705673708e-06,1.000382705673708e-06
no_latent,Q4,116700.0,-0.5383039797426608,-0.5383039797426608,0.0,323.1611128895543,-0.0017943433041317082,0.0,0.5314027503724632,2.8985708911991175e-11,-9.88503148335873e-07,9.88503148335873e-07
no_latent,Q4,117000.0,-0.5350298671138122,-0.5350298671138122,0.0,323.16103911202265,-0.00178342963435728,0.0,0.5281940246689822,2.8645728253522168e-11,-9.768066281390375e-07,9.768066281390375e-07
no_latent,Q4,117300.0,-0.5317861548122222,-0.5317861548122222,0.0,323.16096601556274,-0.0017726172984397946,0.0,0.5250148913632618,2.8312246269246483e-11,-9.652802839266172e-07,9.652802839266172e-07
no_latent,Q4,117600.0,-0.5285724731326632,-0.5285724731326632,0.0,323.1608935919744,-0.0017619050640049218,0.0,0.5218649918680198,2.7982150141381252e-11,-9.539311865980338e-07,9.539311865980338e-07
no_latent,Q4,117900.0,-0.5253884574907101,-0.5253884574907101,0.0,323.16082183316604,-0.0017512917157537027,0.0,0.5187439729112218,2.76578546278853e-11,-9.427645992765576e-07,9.427645992765576e-07
no_latent,Q4,118200.0,-0.5222337484812772,-0.5222337484812772,0.0,323.1607507311576,-0.0017407760557387394,0.0,0.5156514864438634,2.7338141466596036e-11,-9.317596554314633e-07,9.317596554314633e-07
no_latent,Q4,118500.0,-0.5191079918902992,-0.5191079918902992,0.0,323.16068027808086,-0.0017303569032312708,0.0,0.5125871895490057,2.702419145220339e-11,-9.209209179683597e-07,9.209209179683597e-07
no_latent,Q4,118800.0,-0.5160108386490176,-0.5160108386490176,0.0,323.1606104661794,-0.0017200330946713432,0.0,0.5095507443526497,2.6713924082699043e-11,-9.102476147271332e-07,9.102476147271332e-07
no_latent,Q4,119100.0,-0.5129419447604022,-0.5129419447604022,0.0,323.16054128780763,-0.0017098034834301325,0.0,0.5065418179358099,2.6408688717249293e-11,-8.997313625247472e-07,8.997313625247472e-07
no_latent,Q4,119400.0,-0.5099009712577034,-0.5099009712577034,0.0,323.16047273542927,-0.0016996669395939674,0.0,0.5035600822492216,2.610813879338089e-11,-8.893795131470483e-07,8.893795131470483e-07
no_latent,Q4,119700.0,-0.5068875841044014,-0.5068875841044014,0.0,323.1604048016161,-0.0016896223497518965,0.0,0.5006052140289153,2.581137932437988e-11,-8.791788324025163e-07,8.791788324025163e-07
no_latent,Q4,120000.0,-0.5039014541418952,-0.5039014541418952,0.0,323.1603374790474,-0.0016796686166984677,0.0,0.4976768947141912,2.552102242925278e-11,-8.691323549747665e-07,8.691323549747665e-07
no_latent,Q4,120300.0,-0.5009422569942727,-0.5009422569942727,0.0,323.16027076050705,-0.001669804659221554,0.0,0.49477481036632076,2.52330139909025e-11,-8.592278065711056e-07,8.592278065711056e-07
no_latent,Q4,120600.0,-0.4980096730132512,-0.4980096730132512,0.0,323.16020463888236,-0.0016600294118042644,0.0,0.49189865159008767,2.4949531253876295e-11,-8.494719718754595e-07,8.494719718754595e-07
no_latent,Q4,120900.0,-0.49510338717959257,-0.49510338717959257,0.0,323.16013910716305,-0.0016503418243808477,0.0,0.48904811345589777,2.4670612991361125e-11,-8.39865338275736e-07,8.39865338275736e-07
no_latent,Q4,121200.0,-0.49222308902724154,-0.49222308902724154,0.0,323.1600741584388,-0.0016407408621267978,0.0,0.48622289542404346,2.4395681364853544e-11,-8.30389202177706e-07,8.30389202177706e-07
no_latent,Q4,121500.0,-0.4893684856100244,-0.4893684856100244,0.0,323.16000978589796,-0.0016312254592202571,0.0,0.4834227012701358,2.455489101085284e-11,-8.478439472714427e-07,8.478439472714427e-07
no_latent,Q4,121800.0,-0.4865392438693734,-0.4865392438693734,0.0,323.15994598268645,-0.0016217946845486237,0.0,0.48064723900721323,2.4290042695488608e-11,-8.385047863268547e-07,8.385047863268547e-07
no_latent,Q4,122100.0,-0.4837354739035698,-0.4837354739035698,0.0,323.15988274238254,-0.001612446170000669,0.0,0.47789622083225297,4.117270007846054e-11,-1.622903369136175e-06,1.622903369136175e-06
no_latent,Q4,122400.0,-0.48095595923368406,-0.48095595923368406,0.0,323.1598200542989,-0.0016031811734398356,0.0,0.47516936286384936,4.0734629805333016e-11,-1.6072017333668143e-06,1.6072017333668143e-06
no_latent,Q4,122700.0,-0.478201012483326,-0.478201012483326,0.0,323.15975791772206,-0.0015939980699320136,0.0,0.47246638567375876,4.029895208276792e-11,-1.5915037219205175e-06,1.5915037219205175e-06
no_latent,Q4,123000.0,-0.4754700455397496,-0.4754700455397496,0.0,323.1596963255963,-0.0015848969226024653,0.0,0.46978701350213037,4.368274598603721e-11,-9.687590100115884e-07,9.687590100115884e-07
no_latent,Q4,123300.0,-0.472763404390989,-0.472763404390989,0.0,323.15963527420405,-0.0015758748222004131,0.0,0.46713097464095593,4.3082847051929666e-11,-9.577308650587923e-07,9.577308650587923e-07
no_latent,Q4,123600.0,-0.47008038613167685,-0.47008038613167685,0.0,323.15957475320585,-0.0015669314641782697,0.0,0.46449800092210175,4.2475936688706305e-11,-9.468781959065531e-07,9.468781959065531e-07
no_latent,Q4,123900.0,-0.4674207416604961,-0.4674207416604961,0.0,323.15951475691134,-0.0015580660183061958,0.0,0.46188782817327123,4.187254381757353e-11,-9.361686373332567e-07,9.361686373332567e-07
no_latent,Q4,124200.0,-0.4647842080406754,-0.4647842080406754,0.0,323.15945527946275,-0.001549277608096413,0.0,0.4593001958997047,4.1282940739633086e-11,-9.256117514677697e-07,9.256117514677697e-07
no_latent,Q4,124500.0,-0.7154164428248304,-0.4621528280263839,-0.25326361479844656,323.15939631498793,-0.0015405063761031676,0.0,0.4567266910176289,4.071445197126293e-11,-9.151954336039658e-07,9.151954336039658e-07
no_latent,Q4,124800.0,-1.0924706664989605,-0.45952206518490757,-0.632948601314053,323.1593379527514,-0.0015317372084568794,0.0,0.4541646547641074,4.02998241454611e-11,-9.026478436924279e-07,8.262444671261906e-07
no_latent,Q4,125100.0,-1.2794135586464206,-0.4569099999724675,-0.8225035586739532,323.15928029896213,-0.0015230303221061814,0.0,0.4516218458592526,3.9008534283628015e-11,-9.033406129788091e-07,7.060583396775279e-07
no_latent,Q4,125400.0,-1.2764855983284031,-0.45432965463124714,-0.8221559436971559,323.1592233548576,-0.0015144292073130084,0.0,0.4491041999658531,3.8545825914123485e-11,-8.924373446905776e-07,6.991362423980744e-07
no_latent,Q4,125700.0,-1.0839668542202008,-0.4517911776342435,-0.6321756765859573,323.1591670509633,-0.0015059649381445818,0.0,0.4466163223143043,4.948772920460117e-11,-1.696190868982761e-06,1.564799571480431e-06
no_latent,Q4,126000.0,-0.7020884679748164,-0.44930111773254433,-0.25278735024227206,323.1591112632581,-0.0014976648038059156,0.0,0.44416185755208387,4.8799068210621504e-11,-1.6765907696614235e-06,1.6765907696614235e-06
no_latent,Q4,126300.0,-0.4468444411789442,-0.4468444411789442,0.0,323.15905584124454,-0.0014894759303114423,0.0,0.4417340426437589,4.8205402880782326e-11,-1.6620855115001554e-06,1.6620855115001554e-06
no_latent,Q4,126600.0,-0.444401343897168,-0.444401343897168,0.0,323.15900071957145,-0.0014813323244268638,0.0,0.4393237852600102,4.760209690322329e-11,-1.6465691088929368e-06,1.6465691088929368e-06
no_latent,Q4,126900.0,-0.44197388846088564,-0.44197388846088564,0.0,323.15894594119385,-0.0014732408578861662,0.0,0.4369315777476593,4.701199264405424e-11,-1.6310950357589782e-06,1.6310950357589782e-06
no_latent,Q4,127200.0,-0.4395631828705554,-0.4395631828705554,0.0,323.15889153220087,-0.001465205223666691,0.0,0.43455774829887284,4.643393455631946e-11,-1.6157705480801532e-06,1.6157705480801532e-06
no_latent,Q4,127500.0,-0.4371699465696305,-0.4371699465696305,0.0,323.1588375103061,-0.001457227819852096,0.0,0.4322024996700292,4.586562366907662e-11,-1.6006140017288395e-06,1.6006140017288395e-06
no_latent,Q4,127800.0,-0.4347946626177454,-0.4347946626177454,0.0,323.1587838876723,-0.0014493102566083623,0.0,0.42986593859101196,4.531024797941734e-11,-1.5856352367227267e-06,1.5856352367227267e-06
no_latent,Q4,128100.0,-0.43243764649242267,-0.43243764649242267,0.0,323.1587306724172,-0.001441453585526932,0.0,0.427548098454325,4.476315293060716e-11,-1.570834343100902e-06,1.570834343100902e-06
no_latent,Q4,128400.0,-0.43009908895941185,-0.43009908895941185,0.0,323.15867786962525,-0.0014336584425351398,0.0,0.42524895682650904,4.422486829787114e-11,-1.5561988698786777e-06,1.5561988698786777e-06
no_latent,Q4,128700.0,-0.4277790866661713,-0.4277790866661713,0.0,323.1586254820867,-0.0014259251497486536,0.0,0.42296844896466484,4.369484050033445e-11,-1.5417415752394525e-06,1.5417415752394525e-06
no_latent,Q4,129000.0,-0.4254776649995521,-0.4254776649995521,0.0,323.1585735108532,-0.0014182537918455342,0.0,0.42070647823004065,4.3175854104889155e-11,-1.5274458918246303e-06,1.5274458918246303e-06
no_latent,Q4,129300.0,-0.42319479547664496,-0.42319479547664496,0.0,323.1585219556616,-0.0014106442738435246,0.0,0.4184629241063153,4.2663321170639995e-11,-1.5133235875541828e-06,1.5133235875541828e-06
no_latent,Q4,129600.0,-0.4209304089744744,-0.4209304089744744,0.0,323.158470815255,-0.001403096365370648,0.0,0.41623764836484245,4.2160383962034816e-11,-1.4993632800330836e-06,1.4993632800330836e-06
no_latent,Q4,129900.0,-0.41868440588254285,-0.41868440588254285,0.0,323.15842008762945,-0.0013956097343791767,0.0,0.41403049980182166,4.166294864930387e-11,-1.4855687898163161e-06,1.4855687898163161e-06
no_latent,Q4,130200.0,-0.41645666384398494,-0.41645666384398494,0.0,323.1583697702223,-0.0013881839730404447,0.0,0.4118413178713832,4.117635725326522e-11,-1.4719318515155067e-06,1.4719318515155067e-06
no_latent,Q4,130500.0,-0.41424704369413656,-0.41424704369413656,0.0,323.1583198600564,-0.0013808186174553093,0.0,0.40966993546926084,4.069601031447689e-11,-1.458457543734859e-06,1.458457543734859e-06
no_latent,Q4,130800.0,-0.41205539399385593,-0.41205539399385593,0.0,323.15827035384956,-0.0013735131628531338,0.0,0.40751618106167353,4.0222536896851665e-11,-1.4451379157787159e-06,1.4451379157787159e-06
no_latent,Q4,131100.0,-0.40988158634776223,-0.40988158634776223,0.0,323.1582212480999,-0.001366267022687336,0.0,0.4053798803099701,4.4956456111610894e-11,-1.4795415614332619e-06,1.4795415614332619e-06
no_latent,Q4,131400.0,-0.4077253799494001,-0.4077253799494001,0.0,323.1581725388064,-0.0013590797126313973,0.0,0.40326085729824496,4.447000920613368e-11,-1.4661599809229209e-06,1.4661599809229209e-06
no_latent,Q4,131700.0,-0.4055866505085618,-0.4055866505085618,0.0,323.15812422266464,-0.0013519506586773626,0.0,0.4011589355047875,4.3986317552895575e-11,-1.452905353027667e-06,1.452905353027667e-06
no_latent,Q4,132000.0,-0.4034652237067392,-0.4034652237067392,0.0,323.15807629580297,-0.0013448792796885345,0.0,0.3990739384759132,4.350871983694859e-11,-1.4398001788595849e-06,1.4398001788595849e-06
no_latent,Q4,132300.0,-0.4013609242875571,-0.4013609242875571,0.0,323.15802875432354,-0.0013378649914726067,0.0,0.39700569037551375,4.3039527003024365e-11,-1.4268457750876706e-06,1.4268457750876706e-06
no_latent,Q4,132600.0,-0.39927357676397635,-0.39927357676397635,0.0,323.15798159431813,-0.0013309072090829475,0.0,0.3949540163850062,4.2577203662105216e-11,-1.414039092095809e-06,1.414039092095809e-06
no_latent,Q4,132900.0,-0.39720300599017866,-0.39720300599017866,0.0,323.15793481188285,-0.0013240053486950271,0.0,0.3929187430005889,4.2118417384394646e-11,-1.4013816705404913e-06,1.4013816705404913e-06
no_latent,Q4,133200.0,-0.39514903759737147,-0.39514903759737147,0.0,323.15788840312774,-0.0013171588291057087,0.0,0.39089969825173054,4.166619839717025e-11,-1.3888656588689763e-06,1.3888656588689763e-06
no_latent,Q4,133500.0,-0.39311149834518366,-0.39311149834518366,0.0,323.15784236418534,-0.0013103670728463579,0.0,0.3888967118594437,4.122376887943822e-11,-1.3764912762948e-06,1.3764912762948e-06
no_latent,Q4,133800.0,-0.39109021637474606,-0.39109021637474606,0.0,323.15779669121696,-0.0013036295070548943,0.0,0.38690961534828716,4.078507916729634e-11,-1.36425827773623e-06,1.36425827773623e-06
no_latent,Q4,134100.0,-0.3890850213991951,-0.3890850213991951,0.0,323.1577513804171,-0.001296945564129034,0.0,0.3849382421240115,4.03543478280256e-11,-1.3521604849131563e-06,1.3521604849131563e-06
no_latent,Q4,134400.0,-0.38709574484340836,-0.38709574484340836,0.0,323.15770642801687,-0.0012903146821278985,0.0,0.3829824275238574,3.992781052733582e-11,-1.3402050387800735e-06,1.3402050387800735e-06
no_latent,Q4,134700.0,-0.3851222199383623,-0.3851222199383623,0.0,323.15766183028626,-0.00128373630519515,0.0,0.3810420088477048,3.950797318337791e-11,-1.328379817366887e-06,1.328379817366887e-06
no_latent,Q4,135000.0,-0.38316428179653844,-0.38316428179653844,0.0,323.1576175835364,-0.0012772098836968356,0.0,0.37911682537281516,3.909279900157425e-11,-1.316687487762369e-06,1.316687487762369e-06
no_latent,Q4,135300.0,-0.3812217674484142,-0.3812217674484142,0.0,323.1575736841204,-0.001270734874403284,0.0,0.37720671835813363,3.868467310467489e-11,-1.3051274289632708e-06,1.3051274289632708e-06
no_latent,Q4,135600.0,-0.3792945158716291,-0.3792945158716291,0.0,323.15753012843356,-0.0012643107405788368,0.0,0.3753115310395531,3.8280979713249594e-11,-1.293697978077546e-06,1.293697978077546e-06
no_latent,Q4,135900.0,-0.37738236714548345,-0.37738236714548345,0.0,323.1574869129147,-0.001257936949177432,0.0,0.37343110716773265,3.788374412010548e-11,-1.2823922538318655e-06,1.2823922538318655e-06
no_latent,Q4,136200.0,-0.37548516556653155,-0.37548516556653155,0.0,323.1574440340392,-0.0012516129811740028,0.0,0.3715652967762478,3.749111335603872e-11,-1.2712143307447299e-06,1.2712143307447299e-06
no_latent,Q4,136500.0,-0.3736027555958827,-0.3736027555958827,0.0,323.1574014883417,-0.0012453383181230807,0.0,0.3697139475196996,3.7105472310662005e-11,-1.2601589584604334e-06,1.2601589584604334e-06
no_latent,Q4,136800.0,-0.3717349839423909,-0.3717349839423909,0.0,323.1573592723885,-0.0012391124490447264,0.0,0.36787691039084797,3.672328036099197e-11,-1.2492289729881811e-06,1.2492289729881811e-06
no_latent,Q4,137100.0,-0.3698817029595919,-0.3698817029595919,0.0,323.1573173827895,-0.0012329348498000363,0.0,0.36605403826894645,3.641954855794031e-11,-1.248019581012727e-06,1.248019581012727e-06
no_latent,Q4,137400.0,-0.3680427541171428,-0.3680427541171428,0.0,323.1572758161574,-0.0012268050561779432,0.0,0.3642451858946262,3.604929027816671e-11,-1.2372637598345726e-06,1.2372637598345726e-06
no_latent,Q4,137700.0,-0.3662179962400198,-0.3662179962400198,0.0,323.1572345692461,-0.0012207225654034606,0.0,0.3624502098468277,3.568176353841666e-11,-1.226618981609029e-06,1.226618981609029e-06
no_latent,Q4,138000.0,-0.36440728330497785,-0.36440728330497785,0.0,323.1571936387825,-0.00121468689073145,0.0,0.3606689685144371,3.5317630121374036e-11,-1.216085542876666e-06,1.216085542876666e-06
no_latent,Q4,138300.0,-0.3626104713408622,-0.3626104713408622,0.0,323.1571530215385,-0.001208697552242855,0.0,0.3589013220716972,3.4959320964890736e-11,-1.2056680057104252e-06,1.2056680057104252e-06
no_latent,Q4,138600.0,-0.36082741826190645,-0.36082741826190645,0.0,323.15711271432855,-0.0012027540763168453,0.0,0.3571471324529528,3.4604250178719434e-11,-1.1953668528352779e-06,1.1953668528352779e-06
no_latent,Q4,138900.0,-0.3590579838215761,-0.3590579838215761,0.0,323.15707271400805,-0.001196855995490565,0.0,0.3554062633261935,3.425574335610387e-11,-1.1851744066149195e-06,1.1851744066149195e-06
no_latent,Q4,139200.0,-0.3573020295705018,-0.3573020295705018,0.0,323.15703301747243,-0.0011910028482536145,0.0,0.3536785800679272,3.391070721467155e-11,-1.1750944174382383e-06,1.1750944174382383e-06
no_latent,Q4,139500.0,-0.3555594188105281,-0.3555594188105281,0.0,323.15699362165594,-0.0011851941789584157,0.0,0.35196394973780776,3.357096668156925e-11,-1.1651230034104287e-06,1.1651230034104287e-06
no_latent,Q4,139800.0,-0.3538300165666039,-0.3538300165666039,0.0,323.15695452353134,-0.0011794295377019557,0.0,0.3502622410538219,3.3233690467953646e-11,-1.15525601718236e-06,1.15525601718236e-06
no_latent,Q4,140100.0,-0.35211368956186545,-0.35211368956186545,0.0,323.1569157201092,-0.0011737084802078135,0.0,0.3485733243677003,3.2903847659828716e-11,-1.145499521404414e-06,1.145499521404414e-06
no_latent,Q4,140400.0,-0.3504103061776954,-0.3504103061776954,0.0,323.15687720843687,-0.001168030567773473,0.0,0.3468970716406308,3.257528466011167e-11,-1.1358456535326411e-06,1.1358456535326411e-06
no_latent,Q4,140700.0,-0.34871973644560206,-0.34871973644560206,0.0,323.15683898559837,-0.0011623953671548854,0.0,0.34523335641965397,3.225366104360885e-11,-1.1262991364557884e-06,1.1262991364557884e-06
no_latent,Q4,141000.0,-0.34704185199941295,-0.34704185199941295,0.0,323.15680104871376,-0.0011568024504901556,0.0,0.34358205381411666,3.1934781452227125e-11,-1.1168523663118712e-06,1.1168523663118712e-06
no_latent,Q4,141300.0,-0.34537652607346075,-0.34537652607346075,0.0,323.1567633949383,-0.001151251395231086,0.0,0.3419430404725286,3.1621548002027664e-11,-1.1075041349561943e-06,1.1075041349561943e-06
no_latent,Q4,141600.0,-0.3437236334700572,-0.3437236334700572,0.0,323.15672602146253,-0.0011457417840341688,0.0,0.34031619456032997,3.130997514949575e-11,-1.0982598065423232e-06,1.0982598065423232e-06
no_latent,Q4,141900.0,-0.3420830505282809,-0.3420830505282809,0.0,323.15668892551116,-0.0011402732047272226,0.0,0.3387013957370536,3.100271489749002e-11,-1.089110114149694e-06,1.089110114149694e-06
no_latent,Q4,142200.0,-0.3404546551177642,-0.3404546551177642,0.0,323.15665210434275,-0.0011348452501990067,0.0,0.33709852513502353,3.07013642239792e-11,-1.0800580621528333e-06,1.0800580621528333e-06
no_latent,Q4,142500.0,-0.3388383266011347,-0.3388383266011347,0.0,323.15661555524963,-0.0011294575183246568,0.0,0.335507465337628,3.0404456415043404e-11,-1.0711037377042487e-06,1.0711037377042487e-06
no_latent,Q4,142800.0,-0.33723394581951893,-0.33723394581951893,0.0,323.1565792755565,-0.0011241096119195397,0.0,0.3339281003581458,3.010814139917189e-11,-1.0622436570351113e-06,1.0622436570351113e-06
no_latent,Q4,143100.0,-0.335641395071185,-0.335641395071185,0.0,323.15654326262114,-0.001118801138649789,0.0,0.3323603156190714,2.981672223618513e-11,-1.0534762483471738e-06,1.0534762483471738e-06
no_latent,Q4,143400.0,-0.3340605580888482,-0.3340605580888482,0.0,323.15650751383293,-0.001113531710956163,0.0,0.3308039979319314,2.9530071214038654e-11,-1.0448019993059e-06,1.0448019993059e-06
no_latent,Q4,143700.0,-0.3324913200161478,-0.3324913200161478,0.0,323.15647202661296,-0.0011083009460046553,0.0,0.3292590354768364,2.9246611926679937e-11,-1.0362147512266162e-06,1.0362147512266162e-06
no_latent,Q4,144000.0,-0.3309335673973095,-0.3309335673973095,0.0,323.1564367984133,-0.001103108465574716,0.0,0.3277253177832722,2.8966296041288286e-11,-1.0277248947421214e-06,1.0277248947421214e-06
no_latent,Q4,144300.0,-0.32938718813964996,-0.32938718813964996,0.0,323.1564018267167,-0.0010979538960694262,0.0,0.3262027357101919,2.8690925659228963e-11,-1.0193188221263583e-06,1.0193188221263583e-06
no_latent,Q4,144600.0,-0.3278520715106216,-0.3278520715106216,0.0,323.1563671090363,-0.0010928368683670515,0.0,0.32469118142757414,2.8417070524863242e-11,-1.0110005062013983e-06,1.0110005062013983e-06
no_latent,Q4,144900.0,-0.3263281081118921,-0.3263281081118921,0.0,323.1563326429148,-0.0010877570178062384,0.0,0.3231905483973876,2.8148043442040817e-11,-1.0027700205750278e-06,1.0027700205750278e-06
no_latent,Q4,145200.0,-0.3248151901296784,-0.3248151901296784,0.0,323.15629842592415,-0.0010827139850206372,0.0,0.3217007318816068,2.7881826312054838e-11,-9.94623487238222e-07,9.94623487238222e-07
no_latent,Q4,145500.0,-0.32331321054261436,-0.32331321054261436,0.0,323.1562644556684,-0.0010777074132657868,0.0,0.3202216272358626,2.7619389483228128e-11,-9.865628783356506e-07,9.865628783356506e-07
no_latent,Q4,145800.0,-0.32182206378915057,-0.32182206378915057,0.0,323.15623072977536,-0.0010727369506857566,0.0,0.31875313171198577,2.7358766594563435e-11,-9.785834235720436e-07,9.785834235720436e-07
no_latent,Q4,146100.0,-0.32034164560050804,-0.32034164560050804,0.0,323.1561972459021,-0.0010678022497080696,0.0,0.3172951437772915,2.7101803418450845e-11,-9.706880871318546e-07,9.706880871318546e-07
no_latent,Q4,146400.0,-0.31887185296192444,-0.31887185296192444,0.0,323.15616400173354,-0.001062902966958761,0.0,0.3158475630984396,2.6848493380919204e-11,-9.62874296128735e-07,9.62874296128735e-07
no_latent,Q4,146700.0,-0.3174125840863242,-0.3174125840863242,0.0,323.1561309949823,-0.0010580387631637029,0.0,0.3144102905250778,2.659888296805488e-11,-9.55137213376478e-07,9.55137213376478e-07
no_latent,Q4,147000.0,-0.3159637384031605,-0.3159637384031605,0.0,323.1560982233881,-0.0010532093030492396,0.0,0.31298322807422585,2.6352638963068595e-11,-9.474883886362306e-07,9.474883886362306e-07
no_latent,Q4,147300.0,-0.3145252165162648,-0.3145252165162648,0.0,323.15606568471713,-0.0010484142553537602,0.0,0.3115662789141574,2.6108278604617767e-11,-9.399101367768559e-07,9.399101367768559e-07
no_latent,Q4,147600.0,-0.3130969202219902,-0.3130969202219902,0.0,323.1560333767621,-0.0010436532927022607,0.0,0.3101593473487088,2.586613697118043e-11,-9.324113119935085e-07,9.324113119935085e-07
no_latent,Q4,147900.0,-0.31167875246017257,-0.31167875246017257,0.0,323.1560012973414,-0.001038926091578181,0.0,0.3087623388019288,2.5629736314328968e-11,-9.249867182758997e-07,9.249867182758997e-07
no_latent,Q4,148200.0,-0.3102706173193567,-0.3102706173193567,0.0,323.1559694442992,-0.0010342323322676643,0.0,0.3073751598024757,2.539270706462441e-11,-9.176390574072713e-07,9.176390574072713e-07
no_latent,Q4,148500.0,-0.3088724200092011,-0.3088724200092011,0.0,323.1559378155045,-0.0010295716988134283,0.0,0.30599771796889363,2.516116369679867e-11,-9.10365172634986e-07,9.10365172634986e-07
no_latent,Q4,148800.0,-0.30748406684569624,-0.30748406684569624,0.0,323.15590640885114,-0.0010249438789308484,0.0,0.30462992199426675,2.4930765626751377e-11,-9.031664416903062e-07,9.031664416903062e-07
no_latent,Q4,149100.0,-0.30610546524122006,-0.30610546524122006,0.0,323.15587522225763,-0.0010203485640094526,0.0,0.30327168163176493,2.4704114068075568e-11,-8.960383843237274e-07,8.960383843237274e-07
no_latent,Q4,149400.0,-0.30473652368636694,-0.30473652368636694,0.0,323.15584425366643,-0.0010157854490139998,0.0,0.3019229076799632,2.447971617359896e-11,-8.889821669910702e-07,8.889821669910702e-07
no_latent,Q4,149700.0,-0.3033771517349422,-0.3033771517349422,0.0,323.1558135010438,-0.0010112542324468234,0.0,0.30058351196895533,2.4258676966115177e-11,-8.820008951526681e-07,8.820008951526681e-07
no_latent,Q4,150000.0,-0.30202725998624086,-0.30202725998624086,0.0,323.15578296237936,-0.001006754616332527,0.0,0.2992534073453937,2.4039870989220523e-11,-8.750864827766769e-07,8.750864827766769e-07
no_latent,Q4,150300.0,-0.3006867600777313,-0.3006867600777313,0.0,323.15575263568616,-0.0010022863061226479,0.0,0.29793250765986057,2.3823842308668933e-11,-8.682409369797917e-07,8.682409369797917e-07
no_latent,Q4,150600.0,-0.29935556466679736,-0.29935556466679736,0.0,323.15572251899977,-0.0009978490106795045,0.0,0.2966207277521374,2.361057854163175e-11,-8.614629460335088e-07,8.614629460335088e-07
no_latent,Q4,150900.0,-0.2980335874184229,-0.2980335874184229,0.0,323.1556926103784,-0.0009934424422068837,0.0,0.2953179834381045,2.3398274063873155e-11,-8.547563578042983e-07,8.547563578042983e-07
no_latent,Q4,151200.0,-0.29672074298142154,-0.29672074298142154,0.0,323.1556629079025,-0.0009890663162344436,0.0,0.2940241914969082,2.3190800401792248e-11,-8.481110884694942e-07,8.481110884694942e-07
no_latent,Q4,151500.0,-0.29541694699712606,-0.29541694699712606,0.0,323.1556334096746,-0.000984720351535649,0.0,0.29273926965729896,2.298550722297262e-11,-8.41536431372969e-07,8.41536431372969e-07
no_latent,Q4,151800.0,-0.2941221160620439,-0.2941221160620439,0.0,323.15560411381836,-0.0009804042701225509,0.0,0.291463136585035,2.2780848754128053e-11,-8.350252786448742e-07,8.350252786448742e-07
no_latent,Q4,152100.0,-0.2928361819723051,-0.2928361819723051,0.0,323.1555750184984,-0.0009761177203591215,0.0,0.29019571187043514,1.9957481847633252e-11,-8.6586456865545e-07,8.6586456865545e-07
no_latent,Q4,152400.0,-0.2915590066230155,-0.2915590066230155,0.0,323.15554612168665,-0.0009718604914107092,0.0,0.2889368741130589,1.980019907977009e-11,-8.591998027496217e-07,8.591998027496217e-07
no_latent,Q4,152700.0,-0.2902905513370486,-0.2902905513370486,0.0,323.1555174215948,-0.0009676323292884965,0.0,0.2876865949040006,1.9636096888056063e-11,-8.525504996970135e-07,8.525504996970135e-07
no_latent,Q4,153000.0,-0.2890307447605753,-0.2890307447605753,0.0,323.1554889165256,-0.0009634329532805646,0.0,0.2864447954534113,2.0589837967442695e-11,-8.587764058765046e-07,8.587764058765046e-07
no_latent,Q4,153300.0,-0.28777949522428947,-0.28777949522428947,0.0,323.1554606047,-0.0009592621435704202,0.0,0.2852113979124968,2.0415152552993144e-11,-8.521531634220203e-07,8.521531634220203e-07
no_latent,Q4,153600.0,-0.2865367353219854,-0.2865367353219854,0.0,323.1554324844881,-0.0009551196323726135,0.0,0.28398632538315777,2.0249551970816542e-11,-8.456102013609801e-07,8.456102013609801e-07
no_latent,Q4,153900.0,-0.2853024024332125,-0.2853024024332125,0.0,323.15540455415584,-0.0009510052293385331,0.0,0.28276950191453776,3.2478717152388295e-11,-8.336316525414667e-07,8.336316525414667e-07
no_latent,Q4,154200.0,-0.2840763847906901,-0.2840763847906901,0.0,323.15537681182195,-0.0009469185253542363,0.0,0.2815608524932474,3.2214181181548794e-11,-8.27184419183169e-07,8.27184419183169e-07
no_latent,Q4,154500.0,-0.2828586273570547,-0.2828586273570547,0.0,323.15534925600593,-0.0009428593551092605,0.0,0.2803603030273847,3.196845885368477e-11,-8.208242765483931e-07,8.208242765483931e-07
no_latent,Q4,154800.0,-0.2816490554995825,-0.2816490554995825,0.0,323.15532188501805,-0.0009388274698557223,0.0,0.2791677803361491,3.172603205413791e-11,-8.145428658234977e-07,8.145428658234977e-07
no_latent,Q4,155100.0,-0.2804475947716767,-0.2804475947716767,0.0,323.1552946971833,-0.0009348226214675457,0.0,0.27798321212367255,3.1486034675596506e-11,-8.083314129714303e-07,8.083314129714303e-07
no_latent,Q4,155400.0,-0.27925417171920475,-0.27925417171920475,0.0,323.15526769084937,-0.0009308445651353925,0.0,0.2768065269628707,3.1247606439798506e-11,-8.021785870004905e-07,8.021785870004905e-07
no_latent,Q4,155700.0,-0.278068713831935,-0.278068713831935,0.0,323.15524086438455,-0.0009268930591580154,0.0,0.27563765427688885,3.10123369668846e-11,-7.960845303522923e-07,7.960845303522923e-07
no_latent,Q4,156000.0,-0.27689114950140026,-0.27689114950140026,0.0,323.1552142161778,-0.0009229678648375432,0.0,0.27447652432060704,3.077897647450322e-11,-7.900501373114821e-07,7.900501373114821e-07
no_latent,Q4,156300.0,-0.2757214079885102,-0.2757214079885102,0.0,323.1551877446373,-0.0009190687463746595,0.0,0.2733230681633821,3.054748350755408e-11,-7.84076112314569e-07,7.84076112314569e-07
no_latent,Q4,156600.0,-0.2745594193972697,-0.2745594193972697,0.0,323.1551614481901,-0.0009151954707994745,0.0,0.27217721767171144,3.0319369250251134e-11,-7.781574273280079e-07,7.781574273280079e-07
no_latent,Q4,156900.0,-0.2734051146570219,-0.2734051146570219,0.0,323.1551353252813,-0.0009113478078613915,0.0,0.2710389054941826,3.009294776734839e-11,-7.722986044567115e-07,7.722986044567115e-07
no_latent,Q4,157200.0,-0.27225842549421486,-0.27225842549421486,0.0,323.1551093743742,-0.0009075255299919519,0.0,0.2699080650453003,2.986928185324461e-11,-7.664966292786346e-07,7.664966292786346e-07
no_latent,Q4,157500.0,-0.2711192844241752,-0.2711192844241752,0.0,323.1550835939496,-0.0009037284122511834,0.0,0.26878463049248763,2.964647623263803e-11,-7.607488202165946e-07,7.607488202165946e-07
no_latent,Q4,157800.0,-0.26998762473222815,-0.26998762473222815,0.0,323.15505798250524,-0.0008999562322508254,0.0,0.26766853674220314,2.942680517954975e-11,-7.550569805503393e-07,7.550569805503393e-07
no_latent,Q4,158100.0,-0.2688633804567561,-0.2688633804567561,0.0,323.155032538556,-0.000896208770121166,0.0,0.2665597194261011,2.920933832886209e-11,-7.494204063429599e-07,7.494204063429599e-07
no_latent,Q4,158400.0,-0.26774648637395815,-0.26774648637395815,0.0,323.15500726063294,-0.0008924858084547003,0.0,0.2654581148900302,2.899347972137674e-11,-7.43837548056181e-07,7.43837548056181e-07
no_latent,Q4,158700.0,-0.266636877995732,-0.266636877995732,0.0,323.1549821472838,-0.0008887871322930733,0.0,0.2643636601822664,2.8780489384453135e-11,-7.383078099998386e-07,7.383078099998386e-07
no_latent,Q4,159000.0,-0.26553449153901426,-0.26553449153901426,0.0,323.15495719707235,-0.0008851125290230054,0.0,0.26327629304241157,2.8568470832515818e-11,-7.328321126598425e-07,7.328321126598425e-07
no_latent,Q4,159300.0,-0.2644392639318606,-0.2644392639318606,0.0,323.15493240857757,-0.0008814617884162272,0.0,0.2621959518909835,2.8359536324324603e-11,-7.274069924734228e-07,7.274069924734228e-07
no_latent,Q4,159600.0,-0.263351132798663,-0.263351132798663,0.0,323.15490778039464,-0.0008778347025402331,0.0,0.2611225758191494,2.815279144260135e-11,-7.220365930704631e-07,7.220365930704631e-07
no_latent,Q4,159900.0,-0.26227003643381336,-0.26227003643381336,0.0,323.15488331113363,-0.0008742310657434005,0.0,0.2600561045790814,2.794699237615284e-11,-7.167107932137817e-07,7.167107932137817e-07
no_latent,Q4,160200.0,-0.2611959138174645,-0.2611959138174645,0.0,323.1548589994199,-0.0008706506745998629,0.0,0.25899647857444846,2.7743843126973996e-11,-7.114375056294087e-07,7.114375056294087e-07
no_latent,Q4,160500.0,-0.26012870458700327,-0.26012870458700327,0.0,323.1548348438936,-0.0008670933278990005,0.0,0.25794363885138993,2.7541717840793474e-11,-7.062173031369134e-07,7.062173031369134e-07
no_latent,Q4,160800.0,-0.25906834903281717,-0.25906834903281717,0.0,323.1548108432095,-0.0008635588266237416,0.0,0.25689752708951574,2.734225416424039e-11,-7.010456946621169e-07,7.010456946621169e-07
no_latent,Q4,161100.0,-0.2580147880889703,-0.2580147880889703,0.0,323.1547869960366,-0.0008600469738901605,0.0,0.2558580855935393,2.7145000385437053e-11,-6.959219221447377e-07,6.959219221447377e-07
no_latent,Q4,161400.0,-0.2569679633237699,-0.2569679633237699,0.0,323.1547633010586,-0.0008565575749281357,0.0,0.2548252572843443,2.6948637991516446e-11,-6.908453292209238e-07,6.908453292209238e-07
no_latent,Q4,161700.0,-0.25592781693702804,-0.25592781693702804,0.0,323.15473975697296,-0.0008530904370636928,0.0,0.25379898569172266,2.6755254395681064e-11,-6.858179202318126e-07,6.858179202318126e-07
no_latent,Q4,162000.0,-0.25489429190493396,-0.25489429190493396,0.0,323.15471636249123,-0.0008496453702266688,0.0,0.2527792152471346,2.6562899434729902e-11,-6.808369333310971e-07,6.808369333310971e-07
no_latent,Q4,162300.0,-0.2538673315074058,-0.2538673315074058,0.0,323.15469311633984,-0.0008462221853568716,0.0,0.2517658903085032,2.6372651324011968e-11,-6.759003443601586e-07,6.759003443601586e-07
no_latent,Q4,162600.0,-0.2528468797449902,-0.2528468797449902,0.0,323.1546700172566,-0.0008428206957721552,0.0,0.25075895619403554,2.6183800057213744e-11,-6.710133436671484e-07,6.710133436671484e-07
no_latent,Q4,162900.0,-0.25183288122511266,-0.25183288122511266,0.0,323.1546470639932,-0.000839440716852118,0.0,0.24975835879767677,2.5997676806800052e-11,-6.661694772480686e-07,6.661694772480686e-07
no_latent,Q4,163200.0,-0.2508252811522246,-0.2508252811522246,0.0,323.1546242553142,-0.0008360820659369824,0.0,0.248764044582078,2.581243878960465e-11,-6.613711298619762e-07,6.613711298619762e-07
no_latent,Q4,163500.0,-0.24982402531411102,-0.24982402531411102,0.0,323.1546015899977,-0.0008327445623265473,0.0,0.24777596057134596,2.562974877759916e-11,-6.566161468435361e-07,6.566161468435361e-07
no_latent,Q4,163800.0,-0.24882906007028452,-0.24882906007028452,0.0,323.15457906683474,-0.000829428027210726,0.0,0.24679405434416285,2.5447952183458052e-11,-6.51907066717694e-07,6.51907066717694e-07
no_latent,Q4,164100.0,-0.24784033234130376,-0.24784033234130376,0.0,323.15455668462886,-0.0008261322836758518,0.0,0.24581827402736675,2.526762396325903e-11,-6.472385482014786e-07,6.472385482014786e-07
no_latent,Q4,164400.0,-0.2468577896142266,-0.2468577896142266,0.0,323.1545344421962,-0.0008228571566561664,0.0,0.24484856828846457,2.5089902815171697e-11,-6.42617376672705e-07,6.42617376672705e-07
no_latent,Q4,164700.0,-0.245881379914892,-0.245881379914892,0.0,323.15451233836507,-0.0008196024729317607,0.0,0.24388488632971767,2.4912859212579934e-11,-6.380353637924774e-07,6.380353637924774e-07
no_latent,Q4,165000.0,-0.24491105182102257,-0.24491105182102257,0.0,323.15449037197664,-0.0008163680610895019,0.0,0.2429271778811615,2.4738212256295753e-11,-6.334941720087528e-07,6.334941720087528e-07
no_latent,Q4,165300.0,-0.2439467544456105,-0.2439467544456105,0.0,323.1544685418833,-0.0008131537514890889,0.0,0.24197539319417521,2.4565076547840224e-11,-6.289988838392713e-07,6.289988838392713e-07
no_latent,Q4,165600.0,-0.24298843742620696,-0.24298843742620696,0.0,323.15444684695007,-0.0008099593762845938,0.0,0.24102948303515354,2.4392763000246514e-11,-6.24540828803033e-07,6.24540828803033e-07
no_latent,Q4,165900.0,-0.24203605092727093,-0.24203605092727093,0.0,323.154425286053,-0.000806784769337617,0.0,0.24008939867954912,2.4222869215408297e-11,-6.201259858396035e-07,6.201259858396035e-07
no_latent,Q4,166200.0,-0.2410895456280714,-0.2410895456280714,0.0,323.1544038580807,-0.0008036297662574399,0.0,0.23915509190486617,2.4054704349352893e-11,-6.1575083940002e-07,6.1575083940002e-07
no_latent,Q4,166500.0,-0.24014887271940386,-0.24014887271940386,0.0,323.15438256193204,-0.000800494204354125,0.0,0.238226514985306,2.3887609347003043e-11,-6.114131663459421e-07,6.114131663459421e-07
no_latent,Q4,166800.0,-0.23921398389569537,-0.23921398389569537,0.0,323.15436139651825,-0.000797377922598791,0.0,0.2373036206853937,2.3722206035272827e-11,-6.071160580656265e-07,6.071160580656265e-07
no_latent,Q4,167100.0,-0.23828483134736658,-0.23828483134736658,0.0,323.15434036076124,-0.0007942807616319821,0.0,0.2363863622541022,2.355784312726336e-11,-6.028577719530137e-07,6.028577719530137e-07
no_latent,Q4,167400.0,-0.23736136775667932,-0.23736136775667932,0.0,323.15431945359404,-0.0007912025637376362,0.0,0.23547469341859908,2.3395012602781958e-11,-5.986353884546158e-07,5.986353884546158e-07
no_latent,Q4,167700.0,-0.23644354629519304,-0.23644354629519304,0.0,323.15429867396057,-0.000788143172808946,0.0,0.2345685683792305,2.3233947231473583e-11,-5.944525092449471e-07,5.944525092449471e-07
no_latent,Q4,168000.0,-0.23553132061006335,-0.23553132061006335,0.0,323.1542780208157,-0.0007851024343370718,0.0,0.23366794180295827,2.3074294052812692e-11,-5.90308941811335e-07,5.90308941811335e-07
no_latent,Q4,168300.0,-0.23462464482305098,-0.23462464482305098,0.0,323.1542574931247,-0.0007820801953983097,0.0,0.232772768818096,2.291551842881376e-11,-5.862035580561642e-07,5.862035580561642e-07
no_latent,Q4,168600.0,-0.23372347352399905,-0.23372347352399905,0.0,323.1542370898637,-0.0007790763046334354,0.0,0.23188300500905448,2.2759248760991435e-11,-5.821339684186633e-07,5.821339684186633e-07
no_latent,Q4,168900.0,-0.2328277617656401,-0.2328277617656401,0.0,323.15421681001885,-0.0007760906122112558,0.0,0.23099860641002998,2.260383284750549e-11,-5.781022633655208e-07,5.781022633655208e-07
no_latent,Q4,169200.0,-0.2319374741366997,-0.2319374741366997,0.0,323.15419665258673,-0.0007731229257539838,0.0,0.23011952950032682,2.2753723997504315e-11,-5.964105045663803e-07,5.964105045663803e-07
no_latent,Q4,169500.0,-0.23105254238326933,-0.23105254238326933,0.0,323.1541766164744,-0.0007701731696175052,0.0,0.22924573119864822,2.2527643767562318e-11,-5.914980177601503e-07,5.914980177601503e-07
no_latent,Q4,169800.0,-0.2301729419533528,-0.2301729419533528,0.0,323.15415670086475,-0.0007672411816110133,0.0,0.22837716885839462,2.2379949716405513e-11,-5.874700488017748e-07,5.874700488017748e-07
no_latent,Q4,170100.0,-0.2292986270406034,-0.2292986270406034,0.0,323.1541369047418,-0.0007643268119854326,0.0,0.22751380026162094,2.2227632474121775e-11,-5.834449736119574e-07,5.834449736119574e-07
no_latent,Q4,170400.0,-0.2284295542312762,-0.2284295542312762,0.0,323.15411722712815,-0.0007614299159290848,0.0,0.22665558361421112,2.2078475145617687e-11,-5.79452550747428e-07,5.79452550747428e-07
no_latent,Q4,170700.0,-0.22756568093670737,-0.22756568093670737,0.0,323.1540976670637,-0.0007585503514433818,0.0,0.22580247754085386,2.192957025373837e-11,-5.755036928400958e-07,5.755036928400958e-07
no_latent,Q4,171000.0,-0.22670696514549993,-0.22670696514549993,0.0,323.15407822360146,-0.000755687978541037,0.0,0.2249544410803121,2.1782152992870708e-11,-5.715831888075673e-07,5.715831888075673e-07
no_latent,Q4,171300.0,-0.22585336535247402,-0.22585336535247402,0.0,323.15405889580546,-0.0007528426588399079,0.0,0.22411143368005493,2.1635797055900574e-11,-5.677005016635484e-07,5.677005016635484e-07
no_latent,Q4,171600.0,-0.22500484049416367,-0.22500484049416367,0.0,323.1540396827496,-0.0007500142554891097,0.0,0.22327341519201266,2.149071953958468e-11,-5.638474307456676e-07,5.638474307456676e-07
no_latent,Q4,171900.0,-0.224161349944478,-0.224161349944478,0.0,323.1540205835173,-0.0007472026330420454,0.0,0.22244034586702816,2.1347288028779624e-11,-5.600318643828039e-07,5.600318643828039e-07
no_latent,Q4,172200.0,-0.2233228534804174,-0.2233228534804174,0.0,323.15400159720156,-0.0007444076574346924,0.0,0.2216121863507389,2.1204977878184895e-11,-5.562500096645273e-07,5.562500096645273e-07
no_latent,Q4,172500.0,-0.2224893112916005,-0.2224893112916005,0.0,323.1539827229041,-0.0007416291959710205,0.0,0.22078889767875634,2.1063674742963174e-11,-5.525002943485013e-07,5.525002943485013e-07
no_latent,Q4,172800.0,-0.22166068395923705,-0.22166068395923705,0.0,323.1539639597359,-0.0007388671172561881,0.0,0.21997044127163923,2.092393038495254e-11,-5.487823806216152e-07,5.487823806216152e-07
no_latent,Q4,173100.0,-0.22083693246015168,-0.22083693246015168,0.0,323.15394530681635,-0.0007361212912103996,0.0,0.21915677893125288,2.0785188049161177e-11,-5.450970317899539e-07,5.450970317899539e-07
no_latent,Q4,173400.0,-0.2200180181554401,-0.2200180181554401,0.0,323.1539267632738,-0.0007333915890417928,0.0,0.21834787283549506,2.0647322344893783e-11,-5.414429022632117e-07,5.414429022632117e-07
no_latent,Q4,173700.0,-0.21920390278741225,-0.21920390278741225,0.0,323.15390832824477,-0.0007306778832191481,0.0,0.21754368553418235,2.0511515209562425e-11,-5.378216678120218e-07,5.378216678120218e-07
no_latent,Q4,174000.0,-0.2183945484752659,-0.2183945484752659,0.0,323.1538900008748,-0.0007279800474823909,0.0,0.21674417994457557,2.0375793354714963e-11,-5.342305486322196e-07,5.342305486322196e-07
no_latent,Q4,174300.0,-0.21758991771190728,-0.21758991771190728,0.0,323.1538717803175,-0.0007252979568114943,0.0,0.21594931934747694,2.024219907105542e-11,-5.306684590089539e-07,5.306684590089539e-07
no_latent,Q4,174600.0,-0.21678997335817884,-0.21678997335817884,0.0,323.15385366573463,-0.0007226314873926375,0.0,0.2151590673825319,2.0108831226341602e-11,-5.271403875906078e-07,5.271403875906078e-07
no_latent,Q4,174900.0,-0.21599467863751085,-0.21599467863751085,0.0,323.15383565629645,-0.0007199805166492486,0.0,0.21437338804424752,1.9977180974904487e-11,-5.236427362553808e-07,5.236427362553808e-07
no_latent,Q4,175200.0,-0.21520399713269214,-0.21520399713269214,0.0,323.15381775118095,-0.0007173449231953761,0.0,0.2135922456778337,1.9846456956177527e-11,-5.20174079310376e-07,5.20174079310376e-07
no_latent,Q4,175500.0,-0.21441789278277235,-0.21441789278277235,0.0,323.1537999495746,-0.0007147245868367309,0.0,0.21281560497527516,1.9717021768926214e-11,-5.167317530807569e-07,5.167317530807569e-07
no_latent,Q4,175800.0,-0.21363632988071457,-0.21363632988071457,0.0,323.15378225067127,-0.0007121193885297857,0.0,0.21204343097109055,1.9588415007160608e-11,-5.133217788610978e-07,5.133217788610978e-07
no_latent,Q4,176100.0,-0.2128592828648635,-0.2128592828648635,0.0,323.15376465367285,-0.0007095291679809066,0.0,0.21127568903856603,2.3385919051350512e-11,-5.324705915077388e-07,5.324705915077388e-07
no_latent,Q4,176400.0,-0.2120866806060267,-0.2120866806060267,0.0,323.15374715768104,-0.0007069539110075475,0.0,0.21051234488567658,1.9433215669325848e-11,-5.073037624703236e-07,5.073037624703236e-07
no_latent,Q4,176700.0,-0.21131854489318225,-0.21131854489318225,0.0,323.15372976220306,-0.0007043933977178308,0.0,0.20975336455145402,2.3090023047611015e-11,-5.255778330048866e-07,5.255778330048866e-07
no_latent,Q4,177000.0,-0.21055479200680094,-0.21055479200680094,0.0,323.15371246613125,-0.0007018475670752325,0.0,0.20899871372426485,2.314150648858227e-11,-5.218842311915939e-07,5.218842311915939e-07
no_latent,Q4,177300.0,-0.20979541067574187,-0.20979541067574187,0.0,323.1536952689025,-0.0006993163072291236,0.0,0.2082483604550956,2.3007849792386015e-11,-5.185070047764029e-07,5.185070047764029e-07
no_latent,Q4,177600.0,-0.20904036505299128,-0.20904036505299128,0.0,323.15367816972474,-0.0006967994996369944,0.0,0.20750227106913963,2.286507382586671e-11,-5.151618929499779e-07,5.151618929499779e-07
no_latent,Q4,177900.0,-0.20828962094441378,-0.20828962094441378,0.0,323.15366116783036,-0.0006942970303550065,0.0,0.20676041289148905,2.2722955034158472e-11,-5.118379118318472e-07,5.118379118318472e-07
no_latent,Q4,178200.0,-0.2075431449892239,-0.2075431449892239,0.0,323.1536442624674,-0.0006918087881538522,0.0,0.20602275355965638,2.258222185020917e-11,-5.085430682394421e-07,5.085430682394421e-07
no_latent,Q4,178500.0,-0.20680090432665743,-0.20680090432665743,0.0,323.1536274528951,-0.0006893346635000826,0.0,0.20528926101988348,2.2443282753308857e-11,-5.052766326729685e-07,5.052766326729685e-07
no_latent,Q4,178800.0,-0.2060628664899195,-0.2060628664899195,0.0,323.15361073838085,-0.0006868745481743749,0.0,0.20455990352413125,2.2305331188223948e-11,-5.020376070419275e-07,5.020376070419275e-07
no_latent,Q4,179100.0,-0.20532899935323673,-0.20532899935323673,0.0,323.1535941181999,-0.0006844283350960135,0.0,0.20383464962573858,2.2168026324209567e-11,-4.98824432676459e-07,4.98824432676459e-07
no_latent,Q4,179400.0,-0.20459927111286516,-0.20459927111286516,0.0,323.1535775916346,-0.0006819959182548754,0.0,0.20311346817693174,2.2032622956386126e-11,-4.956364025587856e-07,4.956364025587856e-07
no_latent,Q4,179700.0,-0.20387365028015636,-0.20387365028015636,0.0,323.15356115797425,-0.0006795771926755591,0.0,0.20239632832481377,2.1897916417274674e-11,-4.924774886228e-07,4.924774886228e-07
no_latent,Q4,180000.0,-0.20315210566029232,-0.20315210566029232,0.0,323.15354481651485,-0.0006771720543892296,0.0,0.20168319950833855,2.1764404090233834e-11,-4.893435234243348e-07,4.893435234243348e-07
no_latent,Q4,180300.0,-0.20243460636303662,-0.20243460636303662,0.0,323.1535285665588,-0.0006747804004301314,0.0,0.20097405145466457,2.163210239547396e-11,-4.862339972044882e-07,4.862339972044882e-07
no_latent,Q4,180600.0,-0.20172112178248344,-0.20172112178248344,0.0,323.1535124074153,-0.0006724021287756112,0.0,0.2002688541764431,2.149991971217799e-11,-4.831498000845702e-07,4.831498000845702e-07
no_latent,Q4,180900.0,-0.20101162160985678,-0.20101162160985678,0.0,323.15349633840026,-0.0006700371383912445,0.0,0.19956757796821717,2.137008761070604e-11,-4.800924834347242e-07,4.800924834347242e-07
no_latent,Q4,181200.0,-0.20030607581383886,-0.20030607581383886,0.0,323.1534803588352,-0.0006676853291793416,0.0,0.1988701934033579,2.1240129746624775e-11,-4.770600363912525e-07,4.770600363912525e-07
no_latent,Q4,181500.0,-0.19960445464923723,-0.19960445464923723,0.0,323.153464468049,-0.0006653466019930452,0.0,0.19817667133104458,2.1112678028528965e-11,-4.7405132366784564e-07,4.7405132366784564e-07
no_latent,Q4,181800.0,-0.19890672865012107,-0.19890672865012107,0.0,323.1534486653759,-0.0006630208586043631,0.0,0.1974869828730576,2.098511718716043e-11,-4.710688121245532e-07,4.710688121245532e-07
no_latent,Q4,182100.0,-0.19821286862226223,-0.19821286862226223,0.0,323.153432950157,-0.0006607080017197421,0.0,0.19680109942083615,2.0857955731862347e-11,-4.681063396072549e-07,4.681063396072549e-07
no_latent,Q4,182400.0,-0.1975228456539804,-0.1975228456539804,0.0,323.15341732173925,-0.0006584079349345205,0.0,0.1961189926321639,2.073315772139875e-11,-4.6517362425890774e-07,4.6517362425890774e-07
no_latent,Q4,182700.0,-0.19683663108983268,-0.19683663108983268,0.0,323.15340177947553,-0.0006561205627592756,0.0,0.19544063442880127,2.0609064605508367e-11,-4.622620499994401e-07,4.622620499994401e-07
no_latent,Q4,183000.0,-0.19615419655187288,-0.19615419655187288,0.0,323.15338632272517,-0.0006538457905900788,0.0,0.19476599699321345,2.0485136946496426e-11,-4.5937484924318817e-07,4.5937484924318817e-07
no_latent,Q4,183300.0,-0.19547551392267679,-0.19547551392267679,0.0,323.153370950853,-0.0006515835247110182,0.0,0.1940950527654567,2.0362810256752404e-11,-4.5650937133268066e-07,4.5650937133268066e-07
no_latent,Q4,183600.0,-0.19480055534719146,-0.19480055534719146,0.0,323.15335566323006,-0.0006493336722621565,0.0,0.19342777444074177,2.024183389794872e-11,-4.536685445089006e-07,4.536685445089006e-07
no_latent,Q4,183900.0,-0.19412929322746691,-0.19412929322746691,0.0,323.1533404592331,-0.0006470961412541061,0.0,0.19276413496648895,2.0120682523147984e-11,-4.5085123509536196e-07,4.5085123509536196e-07
no_latent,Q4,184200.0,-0.19346170021819803,-0.19346170021819803,0.0,323.1533253382444,-0.0006448708405511174,0.0,0.19210410753938453,2.0001487538407102e-11,-4.480528628114655e-07,4.480528628114655e-07
no_latent,Q4,184500.0,-0.1927977492345065,-0.1927977492345065,0.0,323.15331029965233,-0.0006426576798478377,0.0,0.1914476656026607,1.9882819280415658e-11,-4.452801551924068e-07,4.452801551924068e-07
no_latent,Q4,184800.0,-0.1921374134361313,-0.1921374134361313,0.0,323.15329534285064,-0.000640456569678642,0.0,0.19079478284387982,1.9764575611508376e-11,-4.425325386969714e-07,4.425325386969714e-07
no_latent,Q4,185100.0,-0.1914806662261373,-0.1914806662261373,0.0,323.15328046723874,-0.0006382674214090537,0.0,0.1901454331915968,1.9648043216865954e-11,-4.398034211816615e-07,4.398034211816615e-07
no_latent,Q4,185400.0,-0.19082750176842211,-0.19082750176842211,0.0,323.1532656722214,-0.0006360899331752273,0.0,0.18949959081295872,2.211986482437414e-11,-5.21815853943286e-07,5.21815853943286e-07
no_latent,Q4,185700.0,-0.19017783629504575,-0.19017783629504575,0.0,323.153250956982,-0.0006339243924714154,0.0,0.18885723010919606,2.196412484214319e-11,-5.185536211260722e-07,5.185536211260722e-07
no_latent,Q4,186000.0,-0.1895316920997308,-0.1895316920997308,0.0,323.1532363213475,-0.0006317705889862946,0.0,0.18821832572205233,2.1832040377091374e-11,-5.154038424382001e-07,5.154038424382001e-07
no_latent,Q4,186300.0,-0.18888903650395683,-0.18888903650395683,0.0,323.1532217646169,-0.0006296284140139601,0.0,0.18758285251647852,2.170312838941951e-11,-5.122997688011832e-07,5.122997688011832e-07
no_latent,Q4,186600.0,-0.18824984168647224,-0.18824984168647224,0.0,323.15320728617286,-0.0006274977748490435,0.0,0.1869507855881267,2.1576929168838897e-11,-5.092317591770534e-07,5.092317591770534e-07
nominal_proxy,Q4,300.0,-8602.122894091297,-8602.122894091297,0.0,301.15,15.956818630631517,44.80059955390939,0.0,3.358128836352315e-11,51.01138289206574,0.0059300923179213
nominal_proxy,Q4,600.0,-1831.3889613623417,-2035.6281341559966,204.23917279365486,284.34747945121995,14.741610786574356,21.530360601588328,-55.74291199382286,4.9477457020946086e-11,0.9968103481951971,0.000225396071620392
nominal_proxy,Q4,900.0,-1552.2572896594197,-1788.3738143954088,236.11652473598895,280.1875944448382,16.022630048309296,21.984288007517403,-50.57679747958692,3.691491248462055e-11,0.12357336702359589,2.570809050511973e-05
nominal_proxy,Q4,1200.0,-612.9085215237802,-868.788622801259,255.88010127747876,276.42962488992504,16.30671470070073,19.202786293004014,-46.23370728887176,3.0580146478376455e-11,0.03285488972593953,6.716024723346571e-06
nominal_proxy,Q4,1500.0,-243.99920527094162,-494.2314258457112,250.2322205747696,274.5155583755773,16.48513668208775,18.13260470045175,-42.20021106160938,4.253043945952494e-11,0.008979663489299128,1.815709035856556e-06
nominal_proxy,Q4,1800.0,81.45105353045557,-151.84657995553408,233.29763348598965,273.36758748674896,16.60446113419854,17.11069852153503,-38.676059333182664,3.295991399025967e-11,0.024636245413063307,4.945708106986282e-06
nominal_proxy,Q4,2100.0,232.6951105828705,26.124758997733323,206.5703515851372,272.95247310814227,16.53458597467117,16.44755915435128,-35.569690007780814,3.5207214181486446e-11,0.01671290176577145,3.3692813740792455e-06
nominal_proxy,Q4,2400.0,365.33315894402796,183.5590581248701,181.77410081915787,272.9331380922552,16.47558126375335,15.863790170889903,-32.89042362008777,4.6410662032889734e-11,0.02173026583548676,4.3964591168009015e-06
nominal_proxy,Q4,2700.0,441.5828279151078,277.2562574547168,164.32657046039103,273.27715771373147,16.385914492176887,15.461793578364425,-30.530490037199304,2.929284079592413e-11,0.01998331097806272,4.06514000944802e-06
nominal_proxy,Q4,3000.0,454.59804024930645,299.69767033800116,154.90036991130526,273.8484969310528,16.15042686746127,15.15147578528873,-28.445280911057758,4.378142067192675e-11,0.012345686239001452,2.5480619057969835e-06
nominal_proxy,Q4,3300.0,504.9386688027999,351.2174846426308,153.72118416016912,274.4862204963257,16.014673378004165,14.843999828299138,-26.62024664153744,3.068635368656084e-11,0.01541973112261985,3.209500595414066e-06
nominal_proxy,Q4,3600.0,493.15812867998136,333.71552659033966,159.4426020896417,275.26171607979876,15.790725202705337,14.678370271356748,-24.96770679286844,3.2464412680079243e-11,0.009047185762881327,1.909810061864949e-06
nominal_proxy,Q4,3900.0,484.27340381353304,317.30419637860024,166.96920743493277,276.0121035390173,15.547714899236947,14.490056957391856,-23.49343919265558,4.8583588457283025e-11,0.00681382507278272,1.4608416985909464e-06
nominal_proxy,Q4,4200.0,453.02366047694335,284.6096631608051,168.41399731613825,276.73969164819283,15.277651555751632,14.328966735741568,-22.17265445327799,4.6337132936858064e-11,0.0042171577860585785,9.201147551308761e-07
nominal_proxy,Q4,4500.0,433.04256077545324,267.2481997656381,165.79436100981513,277.40248508421803,15.053668309347193,14.162853313397925,-20.998658386215652,3.007334321775516e-11,0.0037009808575021452,8.195080830019605e-07
nominal_proxy,Q4,4800.0,412.2034489772137,252.82260170226073,159.380847274953,278.03716167186104,14.869414311912884,14.026683328582493,-19.923634702653477,4.51437322886509e-11,0.0033067031434654837,7.412762587912339e-07
nominal_proxy,Q4,5100.0,352.33667830557056,202.73295592834398,149.6037223772266,278.64983397391075,14.58639714337018,13.91062455225628,-18.93243123362479,3.169295267058182e-11,0.0011785941741209172,2.693363692524562e-07
nominal_proxy,Q4,5400.0,329.56656496776384,192.06455420468248,137.50201076308136,279.14304993315653,14.381951992569094,13.741741354869113,-18.09129921742512,3.465032753296216e-11,0.0013628946880430703,3.1588078557237445e-07
nominal_proxy,Q4,5700.0,317.29398216288826,185.5464774700401,131.7475046928482,279.61907496383236,14.2313935357616,13.612910078735093,-17.29271368349927,3.8069086355677375e-11,0.0014403620880329981,3.373673103793525e-07
nominal_proxy,Q4,6000.0,295.62508125124214,165.50010656612557,130.12497468511657,280.0884657071641,14.062474423983751,13.510810551909678,-16.52375668389756,3.526687722769869e-11,0.0009449439036757212,2.2398711046758263e-07
nominal_proxy,Q4,6300.0,257.1803706367442,133.9315572577932,123.24881337895101,280.51235065418143,13.85321311376288,13.40677568677465,-15.836503758770599,3.4684437315980854e-11,0.00032916132391846986,7.920216083094227e-08
nominal_proxy,Q4,6600.0,224.51046332524118,112.66595382202377,111.84450950321741,280.8549114308267,13.648584581270976,13.273031825937249,-15.243538680932879,2.4394197663844274e-11,0.00012722190567160396,3.107084228259633e-08
nominal_proxy,Q4,6900.0,218.4196932443566,122.29332635269962,96.12636689165697,281.14273971629956,13.519115170138509,13.111472197950237,-14.69449379593365,3.14120481114703e-11,0.0004346962179795355,1.0718063830580363e-07
nominal_proxy,Q4,7200.0,178.64470671271513,102.65452149401119,75.99018521870394,281.4660816913953,13.334851433871666,12.992670102672266,-14.176129215991846,3.0290595980945295e-11,0.000122134191059331,3.053007168596311e-08
nominal_proxy,Q4,7500.0,165.23335881484977,106.53538158806016,58.69797722678961,281.73563624617935,13.170879516037822,12.815762362825902,-13.705179000605584,2.6889304997022237e-11,0.00023562448431135863,5.963268791185511e-08
nominal_proxy,Q4,7800.0,145.78948416444834,96.87818958261599,48.911294581832344,282.0217878695326,12.995059288550541,12.672132374267603,-13.26483456597366,3.0383931117982215e-11,0.00011529773457397141,2.957476171361935e-08
nominal_proxy,Q4,8100.0,142.27049698932277,99.82862602829861,42.441870961024144,282.2821299710649,12.837536151760357,12.50477465483893,-12.84450725652446,3.399038428895437e-11,0.00017695187019484138,4.5946477606238775e-08
nominal_proxy,Q4,8400.0,154.17762069274085,115.18756100236494,38.9900596903759,282.55552527662377,12.748875172248828,12.36491801342996,-12.444743910690471,3.733392842998988e-11,0.0004133567045556674,1.0807664701678768e-07
nominal_proxy,Q4,8700.0,136.21855961257546,97.92553603728962,38.29302357528584,282.8814020880811,12.595526382075091,12.26910846343457,-12.037613966775508,3.813543763860419e-11,0.00016044513328239418,4.246087814975493e-08
nominal_proxy,Q4,9000.0,156.25412066677808,115.87279889441088,40.3813217723672,283.15616228319965,12.529887696180735,12.143646409420386,-11.670541125279664,4.1656504485144175e-11,0.0004128663062203941,1.0983506429623757e-07
nominal_proxy,Q4,9300.0,135.4955116568746,94.02020521558076,41.475306441293846,283.49277457250207,12.384470927899123,12.07107073412937,-11.279047951266543,3.6598857603708103e-11,0.00014708465464963183,3.95884640546861e-08
nominal_proxy,Q4,9600.0,112.91160932181658,72.46507607761674,40.44653324419984,283.762588590558,12.203827719170341,11.96227742965972,-10.94633909872919,3.7890214254835185e-11,-1.0775569819543307e-05,2.943221331182986e-09
nominal_proxy,Q4,9900.0,122.47348466369262,82.54929733694878,39.924187326743834,283.9650720569381,12.113155014075248,11.837990866138458,-10.664436261776089,3.8199007570937685e-11,5.295591175524805e-05,1.4572562280076033e-08
nominal_proxy,Q4,10200.0,112.69051863277897,73.04561094799476,39.64490768478422,284.2041215578644,11.991172060371035,11.747686719362372,-10.356720942103147,3.678764430412008e-11,8.645395915607423e-06,2.4032668566734235e-09
nominal_proxy,Q4,10500.0,101.19784035907722,61.45691548191071,39.740924877166506,284.41462712460736,11.858974066591943,11.654117547679961,-10.082592474540924,4.120534850503397e-11,-4.019168368074588e-05,1.1297122177982877e-08
nominal_proxy,Q4,10800.0,125.8487645089322,85.63391143992203,40.214853069010175,284.588836539543,11.83396505781863,11.548518938307804,-9.826968620970048,4.3895684549016854e-11,7.558667410023645e-05,2.1290884255878037e-08
nominal_proxy,Q4,11100.0,102.02392156118937,60.49791868003487,41.5260028811545,284.84879353423344,11.708264135968953,11.506604326028368,-9.534692886444889,3.351022725943037e-11,-2.4302140651855098e-05,6.9187997952080415e-09
nominal_proxy,Q4,11400.0,108.30144980120659,65.32810618058143,42.97334362062516,285.0253305118444,11.629858130270552,11.412097748999638,-9.287467047406375,3.2269829381859497e-11,-8.200692676041399e-06,2.350470826666516e-09
nominal_proxy,Q4,11700.0,74.63755221055646,31.60547611050223,43.03207610005423,285.2217390286358,11.46428978724409,11.358937973231344,-9.05270734676515,2.0507517303923e-11,-6.809332152357683e-05,1.9798674198245834e-08
nominal_proxy,Q4,12000.0,98.82856300769308,56.686492044862746,42.14207096283033,285.3014805260751,11.426132927937447,11.237177742253548,-8.865987821768528,3.56139031921811e-11,-6.366030679316736e-05,1.8571552071221705e-08
nominal_proxy,Q4,12300.0,71.0781599488367,31.269592142684115,39.80856780615259,285.47299489626823,11.284355637952808,11.180123448047704,-8.636099818515788,3.6085964001770294e-11,-6.482884727887495e-05,1.9150066209314693e-08
nominal_proxy,Q4,12600.0,86.95502474296052,50.396223359483855,36.55880138347666,285.5548990244604,11.240590541753095,11.072602900786865,-8.463735663922447,3.426551872930044e-11,-6.893038500521698e-05,2.0440914484334117e-08
nominal_proxy,Q4,12900.0,77.78991312750611,44.498418866302686,33.29149426120342,285.7085870989915,11.16141317564372,11.0130849214931,-8.265450252281655,2.8939141423110125e-11,-5.7378883276726356e-05,1.7136086734350615e-08
nominal_proxy,Q4,13200.0,60.66267822402698,29.421597332308714,31.24108089171827,285.84266671366,11.0416722167706,10.943600036835196,-8.091633874939083,1.9993039429073282e-11,-5.66483123733974e-05,1.7101368724252154e-08
nominal_proxy,Q4,13500.0,84.03194107122378,54.32193567566612,29.710005395557662,285.9222247344201,11.01595777185167,10.83488438912636,-7.929973870900491,4.167134978323116e-11,-7.914192705626988e-05,2.394766110986611e-08
nominal_proxy,Q4,13800.0,50.79769571701166,22.411544189779313,28.386151527232354,286.09730985460504,10.868388459538151,10.793683110822215,-7.74351400169744,4.1021886408101925e-11,-6.042500146818952e-05,1.8532340126642003e-08
nominal_proxy,Q4,14100.0,79.04718839880233,51.382392853652405,27.664795545149925,286.15294035866157,10.850636005474891,10.679361056394345,-7.607174670009175,4.3327935087689763e-11,-9.187051141523739e-05,2.8222773107150096e-08
nominal_proxy,Q4,14400.0,68.29437521160587,41.198991585218494,27.095383626387378,286.3211828061275,10.779963160889254,10.642633011393508,-7.433283620143656,2.930668943516752e-11,-5.326350529699653e-05,1.6469909498467076e-08
nominal_proxy,Q4,14700.0,57.44203196953887,30.577219338995995,26.864812630542872,286.4520517242571,10.674373423085493,10.572449190390952,-7.273060171583563,2.0495869787489718e-11,-5.0469366399852333e-05,1.5760290057775856e-08
nominal_proxy,Q4,15000.0,59.823972304743485,33.318210959742515,26.50576134500097,286.5431028147707,10.602435434893659,10.491374541140528,-7.136238340966222,2.5268674020874744e-11,-5.716619658358013e-05,1.797266201544617e-08
nominal_proxy,Q4,15300.0,58.338292879074885,32.56031899080329,25.777973888271596,286.6463886786783,10.533134101537783,10.424599514770195,-6.998177362249155,2.662065195506661e-11,-5.703947310564672e-05,1.8050807593066167e-08
nominal_proxy,Q4,15600.0,56.85765524103171,32.136830852643115,24.720824388388593,286.74814167280164,10.464996855105733,10.357873897994516,-6.8640913742460885,2.7236408302638256e-11,-5.628072208452295e-05,1.7926656791767798e-08
nominal_proxy,Q4,15900.0,55.27767696991836,31.93201417302427,23.345662796894093,286.8496374790784,10.398276959207639,10.291836725999,-6.734299609895105,2.7885399618890783e-11,-5.578956747953612e-05,1.788423463438483e-08
nominal_proxy,Q4,16200.0,53.76295502926174,32.09877115857373,21.664183870688007,286.9517050628009,10.332892147361612,10.225896057939394,-6.608607685072711,2.870406719692867e-11,-5.566809158352726e-05,1.7958215631410123e-08
nominal_proxy,Q4,16500.0,52.374292480835045,32.71178332146734,19.66250915936771,287.0558119678016,10.268746936646568,10.159707472689796,-6.486606074037975,2.9567275268495393e-11,-5.5865564462465045e-05,1.8134495801396156e-08
nominal_proxy,Q4,16800.0,51.38922334527126,33.39501064362348,17.99421270164778,287.1637586149459,10.205663323344034,10.09434643708238,-6.367224868488433,2.9164448827543494e-11,-5.5234872395004686e-05,1.80405952541607e-08
nominal_proxy,Q4,17100.0,50.76279684791263,33.77467887971749,16.98811796819514,287.275832275317,10.143474868303493,10.030892425243742,-6.249749403224097,2.952013864046789e-11,-5.4038207629503177e-05,1.7757953867256644e-08
nominal_proxy,Q4,17400.0,50.26915942743929,33.64873438153229,16.620425045906998,287.39078152559057,10.082119239236235,9.969956617259315,-6.134099607912047,2.958964133285659e-11,-5.221154352597068e-05,1.7262092848753737e-08
nominal_proxy,Q4,17700.0,49.747972668874496,32.87969804572747,16.868274623147023,287.50649701750746,10.021619561642249,9.91202040134082,-6.020502528944556,2.9358380622794446e-11,-5.004470103386893e-05,1.6645579997008016e-08
nominal_proxy,Q4,18000.0,49.08716311334959,31.377449519273355,17.709713594076234,287.62026177140893,9.962052290663609,9.857460633167637,-5.909367054084289,2.891906843284425e-11,-4.7729518108496904e-05,1.5970443544458805e-08
nominal_proxy,Q4,18300.0,48.13938828827271,29.231180956268233,18.908207332004476,287.7289328194564,9.903546913638523,9.806109492240816,-5.80139870017451,2.8546387925130196e-11,-4.5463043914395485e-05,1.5301939904576588e-08
nominal_proxy,Q4,18600.0,46.690535769179476,26.975661079545276,19.7148746896342,287.82968488762253,9.846289461989517,9.756370446213406,-5.697765119146349,2.8093073532977724e-11,-4.365328807409696e-05,1.4778253352059009e-08
nominal_proxy,Q4,18900.0,44.948302505463076,24.95532280274007,19.992979702723005,287.921923906965,9.79038721895323,9.707202668011643,-5.598889015052883,2.842535652945593e-11,-4.2479735945732955e-05,1.4463076551761695e-08
nominal_proxy,Q4,19200.0,43.14549792579157,23.383039266666476,19.76245865912509,288.0065272921461,9.735822563815661,9.65787896193533,-5.504634300537824,2.7184220240689738e-11,-4.1297433025277996e-05,1.4139340480164733e-08
nominal_proxy,Q4,19500.0,41.44008745833672,22.400166124732444,19.03992133360428,288.0853208179466,9.682496672844769,9.607829316532627,-5.414568303883839,2.676894566702808e-11,-4.076891024240581e-05,1.4035260952458344e-08
nominal_proxy,Q4,19800.0,39.9372085483754,22.097814042950148,17.839394505425254,288.16079782292303,9.63026183577995,9.556602318360676,-5.328085688810477,2.7292174789951874e-11,-4.118283172260817e-05,1.4254659746840551e-08
nominal_proxy,Q4,20100.0,38.904011072802106,22.02889363826413,16.87511743453798,288.2359167844087,9.578901225038745,9.505471441937633,-5.243884266491811,2.7320942336678158e-11,-4.129206945080455e-05,1.4369104375238517e-08
nominal_proxy,Q4,20400.0,38.223680845021065,21.83394520711705,16.38973563790401,288.3116947131434,9.528239867625894,9.4554599135919,-5.16118302247132,2.78207256950077e-11,-4.100308106558259e-05,1.434440555486671e-08
nominal_proxy,Q4,20700.0,37.52336261687579,21.71799494512038,15.805367671755409,288.3875473246951,9.478248788625462,9.405855336314742,-5.080286725953034,2.824765441090734e-11,-4.0748095731402145e-05,1.43303883238792e-08
nominal_proxy,Q4,21000.0,36.83946987738797,21.71430525881763,15.125164618570334,288.4638160466525,9.428924414866275,9.35654326180959,-5.00117993604011,2.8639682615947604e-11,-4.065818803766774e-05,1.4373568765193519e-08
nominal_proxy,Q4,21300.0,36.20314315125912,21.851111117986473,14.352032033272646,288.54100128534486,9.38023261761215,9.307395444719615,-4.923750064653657,2.8886460896771322e-11,-4.07497736922835e-05,1.448072606634953e-08
nominal_proxy,Q4,21600.0,35.633637506083545,22.144928099642357,13.488709406441188,288.61974344809516,9.332128245422659,9.258311681695048,-4.847837117239051,2.896324338816777e-11,-4.101864098515762e-05,1.4651406376774044e-08
nominal_proxy,Q4,21900.0,35.13038369759981,22.645815665929263,12.484568031670552,288.70077101375404,9.284561327942662,9.209075137289528,-4.773301158248399,2.8896919099885484e-11,-4.1530010907564474e-05,1.491006034665901e-08
nominal_proxy,Q4,22200.0,34.78320589373065,23.182314932293554,11.600890961437102,288.78505836161435,9.237461775526569,9.160187252897087,-4.699710961310507,2.882762176925789e-11,-4.185655104294028e-05,1.5103914928172754e-08
nominal_proxy,Q4,22500.0,34.565408686594004,23.55221253354169,11.013196153052313,288.87278524517944,9.19077121672569,9.112263702778309,-4.626744756656107,2.8829315779101794e-11,-4.165067253580901e-05,1.510597661997129e-08
nominal_proxy,Q4,22800.0,34.36437972906151,23.65209762785138,10.712282101210134,288.9631747603855,9.144485388053242,9.065644926188641,-4.554404735457117,2.8879748818589367e-11,-4.0931528998200406e-05,1.492029613522599e-08
nominal_proxy,Q4,23100.0,34.10243519866616,23.4131821705392,10.68925302812696,289.05494595917304,9.098645420266871,9.020601347040913,-4.48285690686552,2.9016493232531503e-11,-3.979724845848409e-05,1.4579916980402856e-08
nominal_proxy,Q4,23400.0,33.72750356769891,22.792030563799194,10.935473003899718,289.14646992019493,9.053318918244617,8.977345355199054,-4.4123633523357215,2.937397372782292e-11,-3.834986981310351e-05,1.4120004004210834e-08
nominal_proxy,Q4,23700.0,33.17617234988654,21.864856856558625,11.311315493327918,289.23588433913926,9.008593897642603,8.935710918677342,-4.343353656199553,3.0056829420695376e-11,-3.6833019599669115e-05,1.3628845233108537e-08
nominal_proxy,Q4,24000.0,32.40596813561812,20.909765835727793,11.496202299890323,289.32166776166355,8.964559645524652,8.894860307208269,-4.276402656302816,3.080965355737676e-11,-3.565918706449622e-05,1.3259319094496085e-08
nominal_proxy,Q4,24300.0,31.544136580962064,20.07527515966337,11.468861421298694,289.4036326106973,8.921250375143371,8.854332675155511,-4.211680610039293,3.140535502000813e-11,-3.483669456727512e-05,1.3016372183409798e-08
nominal_proxy,Q4,24600.0,30.693691603944792,19.4573036186823,11.236387985262494,289.482317564936,8.87863691792914,8.81377912468854,-4.149113035974296,3.1740455631828724e-11,-3.435349724689729e-05,1.2897436684049744e-08
nominal_proxy,Q4,24900.0,29.922475269786656,19.11750005107548,10.804975218711174,289.55874611071664,8.836652994528807,8.772927880267877,-4.0884857413996185,3.1765673903571906e-11,-3.4227203343561996e-05,1.2911073670371836e-08
nominal_proxy,Q4,25200.0,29.274705962474528,19.094520668232676,10.180185294241852,289.63426802542455,8.795210140233442,8.7315616230561,-4.029501808576218,3.142455561597852e-11,-3.4484969788195485e-05,1.3069602370061615e-08
nominal_proxy,Q4,25500.0,28.857361044136702,19.05168749745087,9.80567354668583,289.71045105296065,8.754204052006354,8.690698312107042,-3.9714507543404394,3.1423277255197457e-11,-3.447234291620305e-05,1.3126014545473314e-08
nominal_proxy,Q4,25800.0,28.5239294041149,18.861679379897865,9.662250024217034,289.78718563592815,8.713582169018903,8.650709790862187,-3.914134528755372,3.174677293643275e-11,-3.40671167293749e-05,1.303218969671676e-08
nominal_proxy,Q4,26100.0,28.10352514580628,18.79529499179436,9.30823015401192,289.8637150088693,8.67336165662845,8.610710560294946,-3.8579477318042983,3.1629338832604537e-11,-3.3908256728665265e-05,1.3031570330346495e-08
nominal_proxy,Q4,26400.0,27.69527954520414,18.944969281559487,8.750310263644653,289.9406584234156,8.633535265396443,8.570385253726457,-3.8028925849378528,4.1002189281951476e-11,-3.421943635117941e-05,1.3211828565111788e-08
nominal_proxy,Q4,26700.0,27.370225132647274,19.375523090796698,7.994702041850577,290.0191191829199,8.594043036590437,8.529457844417314,-3.7487950289667022,3.035816179072396e-11,-3.4561140162203685e-05,1.3405076056773438e-08
nominal_proxy,Q4,27000.0,27.17406068174845,20.1266283470273,7.047432334721152,290.1005509030253,8.554799361016933,8.487710481328726,-3.695380902527176,2.98050445423899e-11,-3.555943472921541e-05,1.385554986099575e-08
nominal_proxy,Q4,27300.0,27.154631607882607,21.116233122366527,6.038398485516078,290.1866301917856,8.515704178655225,8.445316612635049,-3.64221488614334,3.004183985505902e-11,-3.668368648312992e-05,1.4359230003581022e-08
nominal_proxy,Q4,27600.0,27.328037634676182,22.038013990045812,5.29002364463037,290.27861958849223,8.476669598508254,8.40320942781998,-3.5887169982026625,3.097587944297552e-11,-3.721643613374681e-05,1.463484988660179e-08
nominal_proxy,Q4,27900.0,27.55458764330112,22.723087049984777,4.831500593316343,290.3761824350781,8.43767194151006,8.361928194646609,-3.5347339993303124,3.1949905957650796e-11,-3.700905031767121e-05,1.462056144325826e-08
nominal_proxy,Q4,28200.0,27.719781707321456,23.06634862722808,4.653433080093375,290.4780879652735,8.398759672227811,8.32187172288759,-3.4803934328822073,3.242606637846844e-11,-3.6174838427882605e-05,1.4357214572806502e-08
nominal_proxy,Q4,28500.0,27.74775703967382,23.001572079775766,4.746184959898054,290.58253929226,8.360024396576138,8.283352373300438,-3.425984473881512,3.21546458155846e-11,-3.4902934197944546e-05,1.3916599817674814e-08
nominal_proxy,Q4,28800.0,27.588053656871875,22.488029454823835,5.10002420204804,290.6873741887567,8.321584072273104,8.246623862822702,-3.371893235594567,3.118180692966266e-11,-3.3380296979856894e-05,1.33709706749534e-08
nominal_proxy,Q4,29100.0,27.20182912481239,21.55021028150535,5.651618843307039,290.79019568217706,8.28357170943699,8.21173756900336,-3.318608021905273,3.944538572275692e-11,-3.184858365123944e-05,1.2815962633991249e-08
nominal_proxy,Q4,29400.0,26.556854891252257,20.52165244254539,6.035202448706871,290.8887143924944,8.246110881411255,8.177705270487252,-3.266875615044761,3.770085041860823e-11,-3.0834655577294257e-05,1.2464322483140948e-08
nominal_proxy,Q4,29700.0,25.794298844122814,19.661247675258842,6.133051168863972,290.9824080780481,8.209253643299277,8.143716049826406,-3.217060193778739,3.685383283271563e-11,-3.0366602665310438e-05,1.2330232842420408e-08
nominal_proxy,Q4,30000.0,25.071288202022483,19.11547818676333,5.955810015259154,291.07214436811086,8.172956170916496,8.10923780916139,-3.1691100918332635,3.639009244287947e-11,-3.033976834831975e-05,1.2374049125694147e-08
nominal_proxy,Q4,30300.0,24.491433812312252,18.97851747729107,5.512916335021179,291.1595958650134,8.137110279067192,8.073848451667283,-3.1227382840584808,3.615337848795185e-11,-3.074268170699668e-05,1.2593611512628577e-08
nominal_proxy,Q4,30600.0,24.121432192598753,19.308389545514842,4.813042647083911,291.2469698270218,8.101571209017429,8.037209805168114,-3.077516384910564,3.653124341568341e-11,-3.16092795884515e-05,1.300541124387859e-08
nominal_proxy,Q4,30900.0,24.014829126175222,19.938718662151523,4.076110464023699,291.3368166343304,8.06618298783727,7.999720483672533,-3.032759259606762,3.8122112699579483e-11,-3.2587269338080205e-05,1.3466621237173135e-08
nominal_proxy,Q4,31200.0,24.120776007979348,20.51981204989908,3.600963958080267,291.43079239469387,8.030831411409995,7.962431927921802,-2.98777733842686,3.9584837998734254e-11,-3.299655879285268e-05,1.369578362126244e-08
nominal_proxy,Q4,31500.0,24.262259968226218,20.943125660025736,3.319134308200483,291.52863104221717,7.9954925087800985,7.925681980318505,-2.9424578867236346,4.05912828163234e-11,-3.287845245569798e-05,1.370707825673575e-08
nominal_proxy,Q4,31800.0,24.346674347455114,21.122881169705867,3.223793177749247,291.6294628773414,7.960212751381231,7.889803039732882,-2.896892786556078,4.0735249151264584e-11,-3.2324798791449894e-05,1.3535986118729884e-08
nominal_proxy,Q4,32100.0,24.31447117733243,21.006430215728884,3.3080409616035453,291.73193459616556,7.925071648818527,7.855050109892677,-2.851303843260408,3.984215683605487e-11,-3.146202620030181e-05,1.3233119562181784e-08
nominal_proxy,Q4,32400.0,24.126376300437023,20.56139189239385,3.5649844080431734,291.8343899112327,7.890169884058796,7.821631809710457,-2.8059924621677523,3.7994323044205835e-11,-3.0412107925315013e-05,1.2848100177056715e-08
nominal_proxy,Q4,32700.0,23.75689480983135,19.826845910830194,3.9300488990011577,291.9349791988369,7.85561713678474,7.789527552547796,-2.7613548889580897,3.583116076432394e-11,-2.936025300614986e-05,1.245828409358506e-08
nominal_proxy,Q4,33000.0,23.218959488621312,19.03583240601784,4.183127082603474,292.03205742468685,7.821503244252818,7.758050374058642,-2.7179079899779346,3.43983459022523e-11,-2.865223499615155e-05,1.2210881592020051e-08
nominal_proxy,Q4,33300.0,22.622838654110843,18.34411702818085,4.278721625929992,292.1252815592552,7.7878578627840005,7.726710711753287,-2.6758711329266713,3.367868820172045e-11,-2.8281033148225276e-05,1.2104754883184862e-08
nominal_proxy,Q4,33600.0,22.06663002315717,17.843578764980265,4.2230512581769055,292.2151878289978,7.754645176808217,7.695166486991888,-2.635208152103182,3.335478889562492e-11,-2.817991839521028e-05,1.211313466646969e-08
nominal_proxy,Q4,33900.0,21.614306133783284,17.592598349036614,4.0217077847466705,292.3028413469303,7.721788306931843,7.663146218028496,-2.5957332215595095,3.321198670202415e-11,-2.832196741664461e-05,1.2225996660738984e-08
nominal_proxy,Q4,34200.0,21.306838363279102,17.626990705708064,3.6798476575710386,292.3896531010666,7.689186746590637,7.630430015201399,-2.557169671001814,3.330841321071584e-11,-2.8711063297937045e-05,1.2446510597351728e-08
nominal_proxy,Q4,34500.0,21.160409883710493,17.79555165179661,3.364858231913883,292.4772548324911,7.656741111913294,7.597422509505318,-2.5190555180111014,3.368564322717239e-11,-2.9070596235580837e-05,1.265577430862383e-08
nominal_proxy,Q4,34800.0,21.104585995488932,17.91957552559681,3.1850104698921227,292.566417900176,7.624393351816688,7.56466133624183,-2.481053218487569,3.399354115310411e-11,-2.914686064681149e-05,1.2742810827419938e-08
nominal_proxy,Q4,35100.0,21.050334393932282,18.01935924752425,3.030975146408033,292.6568828256536,7.592136723306323,7.532072095456706,-2.4431879658278075,3.4269493907163045e-11,-2.9107360941971194e-05,1.2779608693741201e-08
nominal_proxy,Q4,35400.0,20.984763840142907,18.08287522156139,2.901888618581516,292.74850765528674,7.559984198092416,7.49970785069773,-2.4054838965144305,3.4492062677174746e-11,-2.899684451262985e-05,1.2785231535248677e-08
nominal_proxy,Q4,35700.0,20.901174369217603,18.104270496094433,2.7969038731231715,292.8410786837633,7.527948912167665,7.4676012477295055,-2.3679764362155633,3.464041287259514e-11,-2.8835353494294225e-05,1.2768131944363011e-08
nominal_proxy,Q4,36000.0,20.795138002739463,18.079959558926475,2.715178443812987,292.93434610667015,7.496045617502571,7.43577899018528,-2.3307086051352552,3.4698407928717374e-11,-2.8636260803516222e-05,1.2733941006910457e-08
nominal_proxy,Q4,36300.0,20.666085087239235,18.027341166217674,2.638743921021562,293.0280370721298,7.464287852211236,7.404196620159374,-2.2937415603812066,3.8917065628130835e-11,-2.844934094614615e-05,1.2704646225434735e-08
nominal_proxy,Q4,36600.0,20.523578952253015,17.97278955933071,2.550789392922305,293.1219796695903,7.432682897597012,7.372773504761789,-2.2571248415362666,3.873325450687437e-11,-2.829123599257244e-05,1.2687763123290246e-08
nominal_proxy,Q4,36900.0,20.380239774974633,17.919946383157605,2.460293391817027,293.216157248001,7.401230107077619,7.341496858609009,-2.2208607621737473,3.8592445378989834e-11,-2.8157425310482154e-05,1.2681416874003095e-08
nominal_proxy,Q4,37200.0,20.240812322659316,17.873385133898115,2.3674271887612006,293.310574607005,7.369924358393343,7.310346314473671,-2.184942215386147,3.8505796686691955e-11,-2.8042003360262413e-05,1.2683080583826426e-08
nominal_proxy,Q4,37500.0,20.108211153619706,17.835858852380394,2.2723523012393136,293.40526399703333,7.338758918491404,7.279305962512581,-2.1493553039946924,3.8478916801705544e-11,-2.794126665639496e-05,1.2691186146834537e-08
nominal_proxy,Q4,37800.0,19.98429806822719,17.809073291700553,2.175224776526637,293.50027449573975,7.307725983704898,7.248362313224478,-2.114081937682695,3.8521139228393994e-11,-2.7852425418473103e-05,1.2704556556800166e-08
nominal_proxy,Q4,38100.0,19.876761104246935,17.833670547085745,2.043090557161189,293.5956658744315,7.276812529844781,7.2173668685826975,-2.0791278533429134,3.889137450044955e-11,-2.7831539305633868e-05,1.2748960799107614e-08
nominal_proxy,Q4,38400.0,19.79726971069964,17.88416201792473,1.9131076927749129,293.69174387617454,7.246000371320212,7.186386405213417,-2.0444130940972354,3.93869147715818e-11,-2.781411381547194e-05,1.2795157047631712e-08
nominal_proxy,Q4,38700.0,19.727409237686334,17.892538706223185,1.8348705314631486,293.7886614098989,7.215280324446543,7.155638436429805,-2.0098481184174806,3.953916710748593e-11,-2.76987983403032e-05,1.279636045299361e-08
nominal_proxy,Q4,39000.0,19.633439546703073,17.82732321924444,1.8061163274586334,293.8861590822491,7.18466400598869,7.125239503631623,-1.9754438544176844,3.9233740016803144e-11,-2.748787565343136e-05,1.2753032306274945e-08
nominal_proxy,Q4,39300.0,19.492823001577698,17.6681904284528,1.8246325731248978,293.9837846593509,7.1541799709108505,7.095285912136092,-1.9412671544538762,3.8432006533570564e-11,-2.7203974852119117e-05,1.267509575415186e-08
nominal_proxy,Q4,39600.0,19.29104200762388,17.402783239599785,1.8882587680240928,294.08095926799933,7.123866164946537,7.065856797913904,-1.907419128985617,3.720168309241454e-11,-2.687019009250946e-05,1.257284994334773e-08
nominal_proxy,Q4,39900.0,19.012807718682645,16.997078601527413,2.0157291171552334,294.1770248267989,7.093769709301639,7.037112692392978,-1.874005387940229,3.5622646788494885e-11,-2.6471070784239714e-05,1.2438647747252434e-08
nominal_proxy,Q4,40200.0,18.665259740533028,16.54646127711733,2.1187984634156956,294.27110924917935,7.063933057890352,7.008778099793461,-1.8412492114930912,3.45142146505343e-11,-2.6151949859443135e-05,1.2340599137016469e-08
nominal_proxy,Q4,40500.0,18.308155237016837,16.171596827079508,2.1365584099373294,294.3629238808556,7.034365153914451,6.980459744176905,-1.8092935733545732,3.0839374201847845e-11,-2.609418442034439e-05,1.2365098033911237e-08
nominal_proxy,Q4,40800.0,18.00707902483884,15.934099187308636,2.072979837530205,294.4529258530883,7.0050300905372955,6.951916339541925,-1.778095817390205,3.072240593845852e-11,-2.6111302520615e-05,1.242502515246737e-08
nominal_proxy,Q4,41100.0,17.804839622978292,15.873090255626815,1.9317493673514767,294.5419588605512,6.975860326963575,6.922949938525143,-1.7475065233854992,3.084692729701273e-11,-2.6275902880623647e-05,1.2555633116229034e-08
nominal_proxy,Q4,41400.0,17.728553260015563,16.012165018166474,1.7163882418490894,294.63111755344926,6.946770815051129,6.893396843326392,-1.7173108776907358,3.435743393816084e-11,-2.6499254563994157e-05,1.2715382571030892e-08
nominal_proxy,Q4,41700.0,17.75936139444984,16.2350650252857,1.5242963691641402,294.72165248494593,6.9176862309972025,6.863569258351272,-1.6871810520440729,3.527595389404605e-11,-2.6768493455175957e-05,1.2898577434378762e-08
nominal_proxy,Q4,42000.0,17.823552699510035,16.410682117128296,1.4128705823817378,294.8140900677897,6.88857503764706,6.833872674442267,-1.6569052501901083,3.598279428961575e-11,-2.6844309650275733e-05,1.2989773890617287e-08
nominal_proxy,Q4,42300.0,17.874640727573748,16.558391821084708,1.3162489064890384,294.90813253348176,6.8594440155825165,6.8042492867350575,-1.6265252448645755,3.6656042373543464e-11,-2.6833152995564546e-05,1.3039517942760372e-08
nominal_proxy,Q4,42600.0,17.90681504905042,16.672958889450697,1.2338561595997228,295.0036038775532,6.8303102660127415,6.774733647130673,-1.5960767712511277,3.722450257024831e-11,-2.677516986948625e-05,1.306683924385205e-08
nominal_proxy,Q4,42900.0,17.917432860606194,16.752323135020227,1.1651097255859684,295.10029352585457,6.801189488143595,6.745348322070899,-1.5656002217466096,3.765101919807728e-11,-2.6686788594965094e-05,1.3079471192251368e-08
nominal_proxy,Q4,43200.0,17.90484904416156,16.79543170214025,1.1094173420213114,295.1979764826742,6.772097395707916,6.7161125347717405,-1.5351386429271,3.790014030083568e-11,-2.6578712335023624e-05,1.308246213936071e-08
nominal_proxy,Q4,43500.0,17.879949093196913,16.83729029810966,1.0426587950872528,295.2964197721304,6.743043659780855,6.686919270448585,-1.5047545576107693,3.8263399865155515e-11,-2.650157135208886e-05,1.3100696900500342e-08
nominal_proxy,Q4,43800.0,17.85677452320071,16.886827736989233,0.9699467862114756,295.3956133187498,6.714028233043026,6.6577387190798545,-1.4744569495693314,3.873260892088132e-11,-2.645196211659151e-05,1.3132683389885291e-08
nominal_proxy,Q4,44100.0,17.82952489492001,16.91302072241959,0.916504172500421,295.49560394388163,6.685050536761676,6.628673713095141,-1.4442172280084047,3.897360692533694e-11,-2.6377540965905055e-05,1.3152501401374432e-08
nominal_proxy,Q4,44400.0,17.784793047906746,16.903475441293935,0.881317606612809,295.5962388615507,6.656118324430007,6.599773318711366,-1.4140494909202026,3.892659133892484e-11,-2.627429835833084e-05,1.3157968392226474e-08
nominal_proxy,Q4,44700.0,17.713576594980545,16.850192936848522,0.8633836581320218,295.697284932177,6.6272468841554435,6.571079486260889,-1.3839906243402782,4.4062289430077054e-11,-2.643151795855836e-05,1.32943681444107e-08
nominal_proxy,Q4,45000.0,17.610096035650862,16.748387740674,0.8617082949768606,295.7984564737978,6.5984555520316155,6.5426275052468625,-1.3540916385864612,4.350306419890192e-11,-2.6294751883204626e-05,1.3283286104280705e-08
nominal_proxy,Q4,45300.0,17.48265207140602,16.62584780856894,0.8568042628370809,295.89943571583706,6.569760555743326,6.5143409757630595,-1.3244264468029734,4.2937077011406267e-11,-2.6185510904941367e-05,1.328587786559427e-08
nominal_proxy,Q4,45600.0,17.350548340444448,16.512026777470382,0.8385215629740642,296.00008441598715,6.54116662642213,6.486126450077273,-1.295038256835584,4.2493539922282874e-11,-2.6125986691716285e-05,1.3313622367292509e-08
nominal_proxy,Q4,45900.0,17.221333331641844,16.400972403955482,0.8203609276863606,296.10045571510324,6.512669929984508,6.45799993501477,-1.2659143781670632,4.207885059151972e-11,-2.6086965986493738e-05,1.3351905473968847e-08
nominal_proxy,Q4,46200.0,17.09527503326052,16.292955579451025,0.8023194538094969,296.2005638826515,6.484265376234278,6.429955437441273,-1.237046160334306,4.169040568467188e-11,-2.605845049208355e-05,1.3395735152765002e-08
nominal_proxy,Q4,46500.0,16.972268354247653,16.18787441049992,0.7843939437477343,296.30042517354326,6.455948784091981,6.401989115740655,-1.2084254676832458,4.02210192078459e-11,-2.6094897926487448e-05,1.3473309035942966e-08
nominal_proxy,Q4,46800.0,16.85218352461665,16.08560221869627,0.766581305920379,296.4000553635546,6.427716379695256,6.374097618703634,-1.1800446915620482,3.9957499954835365e-11,-2.607879029503657e-05,1.3524134521252264e-08
nominal_proxy,Q4,47100.0,16.722402905639075,15.958669696680778,0.7637332089582991,296.4994695752281,6.3995700640892,6.346374411631509,-1.1518854508568939,3.9619950587472006e-11,-2.6040626550427604e-05,1.3563737506134982e-08
nominal_proxy,Q4,47400.0,16.579677636562632,15.816460407924781,0.76321722863785,296.598501409658,6.371516857562724,6.318795236201101,-1.1239782020804188,3.930253711856349e-11,-2.6000562002970184e-05,1.3602497167849236e-08
nominal_proxy,Q4,47700.0,16.443763863300514,15.698738269213637,0.7450255940868789,296.69704626066147,6.343556137071948,6.291226922837994,-1.096359298511138,3.9115890590161206e-11,-2.6000972691786473e-05,1.3662669187416788e-08
nominal_proxy,Q4,48000.0,16.334309909644627,15.623923911461453,0.7103859981831755,296.7952635435609,6.315672760361876,6.263592927175425,-1.0690066591344745,3.9045313149810835e-11,-2.6044473693920267e-05,1.3745948469327158e-08
nominal_proxy,Q4,48300.0,16.264157117125755,15.60366866126528,0.6604884558604758,296.8934360213779,6.287840967599351,6.23582865165082,-1.041865488084241,3.908746175775797e-11,-2.612329397266855e-05,1.3848576486629464e-08
nominal_proxy,Q4,48600.0,16.241442385739507,15.64493922938427,0.5965031563552363,296.9919255598629,6.2600291926704505,6.207879307805083,-1.014860649444262,3.9262457395963907e-11,-2.6230226022994074e-05,1.396704137509226e-08
nominal_proxy,Q4,48900.0,16.268547835759136,15.746389170485202,0.5221586652739352,297.0911422168723,6.232203718715767,6.179715666974804,-0.9879026907976319,3.962410845994964e-11,-2.635180368004697e-05,1.4094427840407165e-08
nominal_proxy,Q4,49200.0,16.318106174597673,15.854759056951023,0.46334711764664976,297.1914884800747,6.204342214804276,6.151492929846524,-0.9608838975949866,4.000196819111013e-11,-2.643037450528185e-05,1.4199933740069941e-08
nominal_proxy,Q4,49500.0,16.35320088660898,15.924465451548942,0.428735435060039,297.29300924368323,6.17644617299766,6.123364533369625,-0.9337667345977629,4.0204593940773755e-11,-2.6436861466028194e-05,1.4267568936111684e-08
nominal_proxy,Q4,49800.0,16.346717254831823,15.930222123174987,0.41649513165683716,297.3954420062194,6.148539066409842,6.095438238057944,-0.9065878359486305,4.014580526097135e-11,-2.6382394380575214e-05,1.4302798380569889e-08
nominal_proxy,Q4,50100.0,16.281164704375332,15.856363254223115,0.4248014501522154,297.4983526437781,6.120658045700664,6.067803413891739,-0.8794282786487865,3.983366568162606e-11,-2.6288454423872842e-05,1.4316790900361142e-08
nominal_proxy,Q4,50400.0,16.145402959560602,15.693557467097154,0.45184549246344696,297.60119961909703,6.092848059368103,6.040536113894113,-0.852396781323948,3.9373467196835614e-11,-2.6175099906655674e-05,1.4320122900165414e-08
nominal_proxy,Q4,50700.0,15.929371446035951,15.43136747455127,0.49800397148468256,297.70337626196084,6.065159679710462,6.013721701283845,-0.8256173546493267,3.8996963315327795e-11,-2.6053433835993012e-05,1.4318630347660662e-08
nominal_proxy,Q4,51000.0,15.66903973044745,15.136760935725775,0.532278794721675,297.80420244760774,6.037631417843651,5.987175461449484,-0.7992531448797364,3.8987285454723416e-11,-2.598252455865424e-05,1.4344766879864697e-08
nominal_proxy,Q4,51300.0,15.420477036088574,14.880981476133323,0.5394955599552498,297.9034530823821,6.010267926738456,5.960664568505788,-0.7733832568998852,3.92146661313416e-11,-2.5993667020607347e-05,1.4416255280382663e-08
nominal_proxy,Q4,51600.0,15.224425988790435,14.7023768858386,0.5220491029518344,298.001389974225,5.983039999445866,5.934031989568455,-0.7479734223189453,3.9440261548343344e-11,-2.6077384848610663e-05,1.4528503264241302e-08
nominal_proxy,Q4,51900.0,15.107078615892592,14.624867342830116,0.4822112730624745,298.09853931739565,5.95589698490948,5.9071473397024,-0.7229221213857212,3.949113211381706e-11,-2.6219294057827636e-05,1.4674136755700409e-08
nominal_proxy,Q4,52200.0,15.0849525182972,14.662773632026319,0.4221788862708817,298.1955945883179,5.928776170684772,5.879900170547634,-0.6980857934132423,3.933838014326499e-11,-2.6409115147563167e-05,1.4847985704112534e-08
nominal_proxy,Q4,52500.0,15.129940616452007,14.765180120327177,0.3647604961248303,298.29335135641384,5.901622402287087,5.852405046572173,-0.6732801346196283,3.9226261618176057e-11,-2.6594147033653925e-05,1.5020811352568493e-08
nominal_proxy,Q4,52800.0,15.182764535162482,14.85420475594859,0.32855977921389273,298.3922550898226,5.874413316607765,5.824899211718146,-0.6483795576932047,3.92603307434779e-11,-2.6710936858742595e-05,1.5156655038910947e-08
nominal_proxy,Q4,53100.0,15.221912398245264,14.920557703005757,0.30135469523950636,298.4922116778989,5.84715500424389,5.797419722656291,-0.62338733488876,3.932465823783078e-11,-2.6773273839320044e-05,1.5262849379962215e-08
nominal_proxy,Q4,53400.0,15.235352949812338,14.953057158886812,0.2822957909255259,298.5930624974582,5.819864876051913,5.770021262848535,-0.5983316120578854,3.9407423008145546e-11,-2.680212656835934e-05,1.535094435992095e-08
nominal_proxy,Q4,53700.0,15.215664745821787,14.945131423545812,0.27053332227597554,298.69457032190644,5.792565067923629,5.742747873810458,-0.5732598094861195,3.95151945986272e-11,-2.681040544988411e-05,1.5428055985276095e-08
nominal_proxy,Q4,54000.0,15.158191837223676,14.89297353018799,0.2652183070356846,298.7964511816802,5.7652806287366785,5.715637294275094,-0.5482310548405361,3.967849429055539e-11,-2.6808287301838263e-05,1.5499845268134937e-08
nominal_proxy,Q4,54300.0,15.060077010422344,14.794569619783545,0.2655073906387988,298.8983935106339,5.738038166283199,5.68872284487286,-0.5233114497214569,3.995501112730468e-11,-2.680331822424442e-05,1.5570547196044074e-08
nominal_proxy,Q4,54600.0,14.945179740943436,14.683985231342659,0.2611945096007773,299.0000705774703,5.71085599270473,5.661909285866497,-0.4985777419508059,4.027873109429398e-11,-2.682012730481631e-05,1.565447009407894e-08
nominal_proxy,Q4,54900.0,14.842949836677997,14.594585369616007,0.24836446706199025,299.10139479068323,5.683733791618228,5.635085084139512,-0.47405972750775693,4.054861394393909e-11,-2.687399868397944e-05,1.5760765527999913e-08
nominal_proxy,Q4,55200.0,14.77290117997279,14.544689184183518,0.22821199578927162,299.2025138739775,5.656654128304642,5.608171741144669,-0.4497332914203396,4.065954934064222e-11,-2.6963808480412466e-05,1.5889138625541642e-08
nominal_proxy,Q4,55500.0,14.747548147449766,14.545644993946025,0.2019031535037407,299.3037056437626,5.629589024341787,5.581103450771786,-0.42554210747914323,4.065444363200359e-11,-2.707705445606501e-05,1.6032582093758826e-08
nominal_proxy,Q4,55800.0,14.774798034235426,14.604205504050292,0.17059253018513493,299.4053293419572,5.602504552501057,5.553823776795218,-0.4014096756105678,4.0491016909494944e-11,-2.7207701461529066e-05,1.6187820528340352e-08
nominal_proxy,Q4,56100.0,14.83728833991559,14.695988269219551,0.14130007069603873,299.50779329001915,5.575371129009777,5.526384410336308,-0.3772431124903963,4.0324824645132243e-11,-2.7332820995151774e-05,1.6341406017459904e-08
nominal_proxy,Q4,56400.0,14.897334866874658,14.7768036544615,0.12053121241315855,299.61133273515276,5.5481784555683005,5.498922351975033,-0.3529802175789697,4.0281072514186197e-11,-2.742351861305392e-05,1.6475989271476384e-08
nominal_proxy,Q4,56700.0,14.940286077376204,14.835355176218082,0.10493090115812215,299.71586749690545,5.520934547368558,5.4714832718395385,-0.3286292473824026,4.030114301858437e-11,-2.7482487772012565e-05,1.6592895964875812e-08
nominal_proxy,Q4,57000.0,14.956427968212585,14.862719291170631,0.09370867704195508,299.8212365069223,5.493656257584572,5.444113768206814,-0.3042212043893815,4.038728021841673e-11,-2.75221566574807e-05,1.6699356110048725e-08
nominal_proxy,Q4,57300.0,14.93965006526269,14.853579552972993,0.08607051228969675,299.92721429620303,5.466364923650704,5.416852899966936,-0.27980293219757313,4.0552778816790693e-11,-2.7552157357835227e-05,1.6801023314188446e-08
nominal_proxy,Q4,57600.0,14.886100610713491,14.804879216095522,0.0812213946179701,300.03353670062484,5.439084508395599,5.38973481907427,-0.2554309843915143,4.083367135978754e-11,-2.7580302977031623e-05,1.6902539961433794e-08
nominal_proxy,Q4,57900.0,14.789660746690691,14.710731637917386,0.0789291087733055,300.13991700326693,5.411841621816438,5.362805757654791,-0.23116736634678417,4.1307893409539754e-11,-2.7610576735170866e-05,1.70062729502073e-08
nominal_proxy,Q4,58200.0,14.676743618665903,14.60249932268224,0.07424429598366261,300.24602536852854,5.384655680090449,5.3359805901510855,-0.2070864937051483,4.1841692763258436e-11,-2.7659126887458196e-05,1.7122188511654652e-08
nominal_proxy,Q4,58500.0,14.581463589920736,14.516030535727452,0.06543305419328307,300.35175839998885,5.357526171187789,5.309139310268758,-0.18321786900754136,4.2278705405826244e-11,-2.7739981845603667e-05,1.725919821900038e-08
nominal_proxy,Q4,58800.0,14.524524022206576,14.470707262929862,0.05381675927671384,300.4572723961732,5.330433575896806,5.28219779218995,-0.1595334589088229,4.2490742116736835e-11,-2.7849126903262134e-05,1.7415173022816582e-08
nominal_proxy,Q4,59100.0,14.519204459526136,14.478512474143745,0.04069198538239184,300.5628647010839,5.303346731690078,5.255084930181813,-0.13597118675440245,4.244343259153567e-11,-2.7978335549141975e-05,1.7585333038826096e-08
nominal_proxy,Q4,59400.0,14.573910634919866,14.54656192977751,0.027348705142354345,300.6689204811719,5.276227921176554,5.22773928768094,-0.11244755463694552,4.213176156232742e-11,-2.8118906704531488e-05,1.7764526175776736e-08
nominal_proxy,Q4,59700.0,14.669301989878418,14.652931773449954,0.016370216428463903,300.7758774306566,5.249043580765904,5.200200380677899,-0.08886529378165478,4.1758695518063795e-11,-2.825295168582681e-05,1.7941650544589517e-08
nominal_proxy,Q4,60000.0,14.755548237970292,14.746108228284399,0.009440009685892571,300.8840132012369,5.221782787518715,5.1726289989098335,-0.06515831362192423,4.159816973543985e-11,-2.83543801273059e-05,1.810006357412358e-08
nominal_proxy,Q4,60300.0,14.809724828757194,14.80481086574737,0.004913963009824017,300.9932280674645,5.194459382601567,5.145109918312806,-0.041340983762503294,4.162046300667213e-11,-2.8420880821188044e-05,1.8237945939335252e-08
nominal_proxy,Q4,60600.0,14.816420586021128,14.814957059522545,0.0014635264985823093,301.1032662297671,5.16710143457779,5.117718149489537,-0.017466027141371937,4.184935532587678e-11,-2.8466953409219623e-05,1.8364231068197e-08
nominal_proxy,Q4,60900.0,14.765822160841823,14.76807089594563,-0.0022487351038072414,301.21376821488684,5.139744914016291,5.09051791600825,0.006388715520309293,4.234302175385263e-11,-2.8506466829448553e-05,1.8487601561516062e-08
nominal_proxy,Q4,61200.0,14.651707651028023,14.659263914769378,-0.007556263741354656,301.32431190228476,5.112430336048133,5.063566027831266,0.030129875191899653,4.3198628086656126e-11,-2.8550290770197433e-05,1.8614950159735947e-08
nominal_proxy,Q4,61500.0,14.46497722432477,14.480940763039028,-0.015963538714257878,301.43443875722375,5.085202287774782,5.036932389884512,0.053654561569062946,4.4599487887859326e-11,-2.860404171517103e-05,1.8749855034569194e-08
nominal_proxy,Q4,61800.0,14.242552374830654,14.269386494623639,-0.02683411979298545,301.54363350099777,5.058096446734594,5.010531729494657,0.07684873498090725,4.628938375831132e-11,-2.8677357508992418e-05,1.8898649462952246e-08
nominal_proxy,Q4,62100.0,14.02857444214296,14.06676335728241,-0.03818891513945024,301.65164899264767,5.031123068664495,4.9842337615417565,0.09965388468840558,4.79282774581594e-11,-2.8779539283353694e-05,1.906767063772979e-08
nominal_proxy,Q4,62400.0,13.847518440387617,13.896212182032425,-0.04869374164480729,301.7585504324635,5.004268593497603,4.957947789863748,0.12207916507142876,4.934875883979918e-11,-2.890812412263688e-05,1.925564384520263e-08
nominal_proxy,Q4,62700.0,13.715083106889304,13.772150703934779,-0.057067597045473914,301.86457500171593,4.977505016332621,4.931597751328024,0.14417396183244163,3.9312238147057866e-11,-2.879744447749355e-05,1.928505973910013e-08
nominal_proxy,Q4,63000.0,13.64120045276253,13.703271690132414,-0.062071237369884624,301.9700677880676,4.950796090887929,4.905118422090577,0.1660132437425823,3.976655880005079e-11,-2.8949073226147704e-05,1.9491190705961572e-08
nominal_proxy,Q4,63300.0,13.566575742596479,13.636488900565517,-0.06991315796903791,302.0754395760585,4.924120169703305,4.878665109725031,0.18768207006961177,4.046165653064815e-11,-2.9092916794370982e-05,1.9694155701405862e-08
nominal_proxy,Q4,63600.0,13.464484129244017,13.546326840749739,-0.08184271150572225,302.18070384102975,4.897482690088293,4.852328169922923,0.20918534955609877,4.1483382722057094e-11,-2.920886140206358e-05,1.9880186924858053e-08
nominal_proxy,Q4,63900.0,13.384057462342735,13.474062491072605,-0.09000502872986946,302.2856830995474,4.870887197548625,4.825973558177242,0.2304910967806992,4.222159312805995e-11,-2.9320342474187244e-05,2.0065025312666734e-08
nominal_proxy,Q4,64200.0,13.344461528394275,13.437638502767971,-0.09317697437369574,302.3905106772414,4.844317600148836,4.799525373642161,0.25162766315871354,4.260767082542753e-11,-2.944923450379222e-05,2.026376532571373e-08
nominal_proxy,Q4,64500.0,13.35812806424946,13.448284666821289,-0.09015660257182896,302.49545526067976,4.817745067491537,4.772917353279457,0.27265406380402407,4.25907786798376e-11,-2.9596802806161615e-05,2.0477631749253063e-08
nominal_proxy,Q4,64800.0,13.433001542456564,13.512747366804394,-0.07974582434783062,302.60087076336265,4.7911337028728616,4.746091112449582,0.2936491287117833,4.214940144071441e-11,-2.9760179493409922e-05,2.070503652442087e-08
nominal_proxy,Q4,65100.0,13.531365917389985,13.599815456497673,-0.06844953910768692,302.70716257307174,4.764455772627105,4.719122954702139,0.31469836210636043,4.169628339318639e-11,-2.992099216636568e-05,2.093348019464515e-08
nominal_proxy,Q4,65400.0,13.603342251512622,13.666495380914634,-0.06315312940201182,302.81449929678007,4.7377096346186125,4.692154549837712,0.3358354873498368,4.1603587405733086e-11,-3.005335559322364e-05,2.114478507619146e-08
nominal_proxy,Q4,65700.0,13.650136222036892,13.710271441543277,-0.06013521950638538,302.9227226995547,4.710911596448073,4.665210591117633,0.357029211688992,4.169944171523305e-11,-3.0157588547255476e-05,2.1338820119934365e-08
nominal_proxy,Q4,66000.0,13.666871476197958,13.726879020303963,-0.060007544106005506,303.0316554682175,4.684082009309209,4.638325645086881,0.37824015667513894,4.2005285986070807e-11,-3.024639436488563e-05,2.152424196443297e-08
nominal_proxy,Q4,66300.0,13.650536412093688,13.713923624003828,-0.06338721191013892,303.1410875320994,4.657243008107951,4.611529828273802,0.39942088156143657,4.253307405465141e-11,-3.0326240746100797e-05,2.1705431513383076e-08
nominal_proxy,Q4,66600.0,13.599279458121728,13.67017259032224,-0.07089313220051245,303.2507903294948,4.6304177543282,4.584850411022498,0.4205193041327505,4.3296969442247937e-11,-3.0401388426429254e-05,2.1885274028829688e-08
nominal_proxy,Q4,66900.0,13.532820473102626,13.610901581971426,-0.07808110886879968,303.3605256913246,4.603624174812458,4.5582544012752395,0.4414843520012379,4.4114232605246216e-11,-3.0479194055438308e-05,2.2068985143051248e-08
nominal_proxy,Q4,67200.0,13.470971211556591,13.552782365917878,-0.08181115436128564,303.4701724837964,4.5768683776445505,4.5316923345313045,0.4622903496140728,4.485133580208956e-11,-3.056805591314382e-05,2.2262715748648665e-08
nominal_proxy,Q4,67500.0,13.408555566859963,13.494080800365197,-0.0855252335052326,303.5797374777737,4.550150200632352,4.50516982872237,0.4829357035990787,4.56604107177952e-11,-3.077262932023317e-05,2.2543306604073994e-08
nominal_proxy,Q4,67800.0,13.345943926004832,13.435167110094518,-0.08922318408968599,303.68921390481694,4.523469515584591,4.478685522293757,0.5034176169186617,4.6269429909236295e-11,-3.0877155762221165e-05,2.2753298587762413e-08
nominal_proxy,Q4,68100.0,13.283325586492722,13.376230532132979,-0.09290494564025711,303.7985978370237,4.496826413192448,4.452238874809164,0.5237341794984418,4.7007903416051956e-11,-3.098285211985963e-05,2.2966457728917805e-08
nominal_proxy,Q4,68400.0,13.220787663189284,13.317358172888618,-0.09657050969933294,303.90788679371843,4.4702210823525705,4.425829784810092,0.5438839017826578,4.776567607465934e-11,-3.108985500006878e-05,2.3182936166031808e-08
nominal_proxy,Q4,68700.0,13.158354044338799,13.258573936099555,-0.10021989176075638,304.0170789520112,4.443653801399822,4.399458450954354,0.5638654889177918,4.8538362475370693e-11,-3.119754096705951e-05,2.3402318873439827e-08
nominal_proxy,Q4,69000.0,13.096015954642874,13.199869068539549,-0.10385311389667444,304.12617265506765,4.417124933651288,4.373125265737867,0.5836777138836194,4.9325388422522157e-11,-3.1305486725433096e-05,2.362433120764168e-08
nominal_proxy,Q4,69300.0,13.033750116408559,13.141220312186247,-0.10747019577768768,304.23516615601625,4.390634919951227,4.346830748886484,0.6033193527371153,3.973162581212886e-11,-3.100723651783266e-05,2.354043479902682e-08
nominal_proxy,Q4,69600.0,12.971527356569018,13.082598507249095,-0.11107115068007764,304.344057502585,4.364184271729554,4.320575506362514,0.6227891550362088,4.024471702717102e-11,-3.110286285548658e-05,2.3756148471980323e-08
nominal_proxy,Q4,69900.0,12.909319487538994,13.023975471400053,-0.11465598386105894,304.4528444886401,4.3377735598925575,4.294360204327766,0.6420858315295885,4.0762408670152513e-11,-3.119803727388848e-05,2.3973924904969934e-08
nominal_proxy,Q4,70200.0,12.847100086440625,12.96532477926403,-0.11822469282340536,304.56152465982854,4.3114034075912295,4.268185554018167,0.6612080542483971,4.1281789718555704e-11,-3.129265465778852e-05,2.4193711188249064e-08
nominal_proxy,Q4,70500.0,12.784845803521014,12.906623071316915,-0.12177726779590084,304.670095325496,4.285074482948573,4.24205230142208,0.6801544593393001,4.18084341949857e-11,-3.138663100440975e-05,2.4415469034284252e-08
nominal_proxy,Q4,70800.0,12.72253645257247,12.847850145147497,-0.1253136925750276,304.7785535811909,4.258787492954745,4.215961220871247,0.6989236524111908,4.233760535337235e-11,-3.147990209767526e-05,2.4639174217037154e-08
nominal_proxy,Q4,71100.0,12.660154773171966,12.788988718562468,-0.1288339453905022,304.8868963321673,4.232543178434033,4.189913110797401,0.717514214400737,4.28722009268502e-11,-3.1572426937631626e-05,2.4864819728638007e-08
nominal_proxy,Q4,71400.0,12.597686067714823,12.730024067422814,-0.13233799970799043,304.99512031527195,4.206342309928487,4.163908790823193,0.735924707262034,4.341249279318342e-11,-3.1664165327405236e-05,2.5092398568915306e-08
nominal_proxy,Q4,71700.0,12.535117819150264,12.670943644081428,-0.13582582493116346,305.1032221181933,4.18018568433596,4.137949099672116,0.7541536791858424,4.395765457153986e-11,-3.1755071889794095e-05,2.53218989838873e-08
nominal_proxy,Q4,72000.0,12.472439338197502,12.61173672519646,-0.13929738699895902,305.21119819587796,4.1540741221564295,4.112034893588678,0.7721996692650075,4.4510008840253415e-11,-3.1845128938362555e-05,2.555333069970304e-08
nominal_proxy,Q4,72300.0,12.409641459218275,12.552394108105727,-0.14275264888745282,305.3190448843163,4.128008465219195,4.086167045077811,0.7900612116226472,4.506730693407949e-11,-3.193430938269737e-05,2.5786695652202892e-08
nominal_proxy,Q4,72600.0,12.346716288300968,12.492907859327564,-0.14619157102659727,305.42675841205175,4.101989574785536,4.060346441845904,0.8077368390630919,4.562871700199897e-11,-3.2022562121342135e-05,2.60219758709133e-08
nominal_proxy,Q4,72900.0,12.283656998965691,12.433271110616296,-0.14961411165060523,305.53433490980575,4.076018329944133,4.034573985875847,0.8252250863198143,4.6197111439692616e-11,-3.2109869539831415e-05,2.6259179866733264e-08
nominal_proxy,Q4,73200.0,12.220457669639611,12.373477896727508,-0.1530202270878971,305.64177041857704,4.050095626231135,4.008850592588069,0.8425244929699081,4.676983574741043e-11,-3.219619231797921e-05,2.6498298056186692e-08
nominal_proxy,Q4,73500.0,12.157113154513354,12.313523026524603,-0.15640987201124962,305.7490608965341,4.024222374426014,3.9831771900659074,0.8596336060800649,4.734626665891489e-11,-3.2281507283571376e-05,2.673933353246148e-08
nominal_proxy,Q4,73800.0,12.093618981856364,12.253401981506363,-0.15978299964999806,305.8562022249532,3.998399499482379,3.95755471832484,0.8765509826350057,4.792868629550304e-11,-3.236575533108188e-05,2.6982259055797914e-08
nominal_proxy,Q4,74100.0,12.029971273523145,12.193110835497162,-0.1631395619740163,305.9631902134151,3.9726279395644926,3.9319841286164703,0.8932751917914997,4.851419682654436e-11,-3.244890952075474e-05,2.7227073207290267e-08
nominal_proxy,Q4,74400.0,11.96616668119752,12.132646191054565,-0.1664795098570458,306.07002060442005,3.9469086451660216,3.90646638275942,0.9098048169909687,4.9103599072465746e-11,-3.2530925862805926e-05,2.747375966644021e-08
nominal_proxy,Q4,74700.0,11.902202335426262,12.072005128649087,-0.16980279322282554,306.17668907755115,3.9212425782939553,3.8810024524925963,0.9261384579573001,4.969369938796714e-11,-3.261175859436971e-05,2.7722299707489114e-08
nominal_proxy,Q4,75000.0,11.838076248590813,12.011185609765063,-0.1731093611742495,306.28319125328323,3.895630710985566,3.855593318847867,0.9422747325996716,4.1184475628181176e-11,-3.203154466144276e-05,2.7408094724443232e-08
nominal_proxy,Q4,75300.0,11.773785336386963,11.950184498624616,-0.17639916223765312,306.3895227001529,3.8700740271024525,3.8302399717505216,0.9582122795127201,4.1395903785120405e-11,-3.2106954673094545e-05,2.765404007627662e-08
nominal_proxy,Q4,75600.0,11.709328628897422,11.889000772958846,-0.17967214406142504,306.4956789257813,3.8445735185647787,3.8049434087175555,0.973949757474476,4.160639477172415e-11,-3.218120809747593e-05,2.7901844805480125e-08
nominal_proxy,Q4,75900.0,11.644704799463861,11.827633053456927,-0.18292825399306548,306.6016553942215,3.81913018608698,3.779704635061351,0.9894858496935844,4.181848705615106e-11,-3.225423182381948e-05,2.8151464035206273e-08
nominal_proxy,Q4,76200.0,11.579912870187847,11.766080309174379,-0.18616743898653104,306.7074475231513,3.793745038460251,3.7545246630098275,1.0048192644578149,4.202988516205835e-11,-3.2325952656730994e-05,2.8402851122059038e-08
nominal_proxy,Q4,76500.0,11.514952187702244,11.704341833398342,-0.189389645696097,306.8130506868745,3.7684190919073077,3.729404511141634,1.0199487367324809,4.22434503804227e-11,-3.2396303755899414e-05,2.865596329724453e-08
nominal_proxy,Q4,76800.0,11.44982240489531,11.642417225459706,-0.19259482056439722,306.9184602191674,3.743153369469055,3.7043452038335163,1.0348730297159825,4.245836459711185e-11,-3.2465201864867455e-05,2.8910741524039713e-08
nominal_proxy,Q4,77100.0,11.38452346677469,11.580306376681964,-0.19578290990727487,307.02367141602025,3.7179489004096538,3.6793477707120674,1.0495909363513882,4.267135403238945e-11,-3.253259393554142e-05,2.9167151752190474e-08
nominal_proxy,Q4,77400.0,11.319055598652108,11.518009458648132,-0.19895385999602397,307.1286795383026,3.692806719634536,3.654413246111111,1.0641012807967867,4.288536549358826e-11,-3.259837937910626e-05,2.942511559548253e-08
nominal_proxy,Q4,77700.0,11.198753405982375,11.428929318134667,-0.23017591215229213,307.2334798179848,3.6677400404803113,3.6296435001974126,1.078386310117644,3.3208022324288776e-11,-3.276673496468985e-05,2.9779223357388274e-08
nominal_proxy,Q4,78000.0,11.052473921847954,11.32041130860699,-0.26793738675903656,307.3378498281377,3.6427704201102418,3.605035606484187,1.092400993249718,4.565605726297926e-11,-3.2779209482414196e-05,2.999476195503439e-08
nominal_proxy,Q4,78300.0,10.959724705166153,11.231697129707452,-0.27197242454130033,307.441627551789,3.6178984024961682,3.5804593027292504,1.1061346713379645,4.5726175921077395e-11,-3.280036789854446e-05,3.022046157691424e-08
nominal_proxy,Q4,78600.0,10.942905849407156,11.183653185789948,-0.24074733638279247,307.54497316423385,3.59309680057326,3.55581784707833,1.1196362349371878,4.563845065468418e-11,-3.286268913180179e-05,3.0486876136632066e-08
nominal_proxy,Q4,78900.0,11.016455483244682,11.1892073364506,-0.1727518532059186,307.6482181526087,3.5683225174388715,3.531025049727133,1.1329873712007352,4.5293559165587405e-11,-3.29770709082966e-05,3.080539081238054e-08
nominal_proxy,Q4,79200.0,11.18964054331887,11.25610717956133,-0.06646663624245971,307.75180021329555,3.543523406881458,3.5060029391225442,1.146290776594164,4.467043988105561e-11,-3.314811275070828e-05,3.1181876477646744e-08
nominal_proxy,Q4,79500.0,11.322465905668805,11.322465905668805,0.0,307.8562203992782,3.518673708559177,3.4809320444383993,1.159616200721994,4.419748090493005e-11,-3.3330564447098254e-05,3.1574931548802637e-08
nominal_proxy,Q4,79800.0,11.335634377613498,11.335634377613498,0.0,307.96146736401334,3.493801059795019,3.4560155003478457,1.1729257373396624,4.407677115958307e-11,-3.345653853159547e-05,3.191990419507779e-08
nominal_proxy,Q4,80100.0,11.319880725195503,11.319880725195503,0.0,308.0670944691012,3.4689462283813177,3.431213182657475,1.1861400246509854,3.9419796113382826e-11,-3.2991957315431364e-05,3.17021896020434e-08
nominal_proxy,Q4,80400.0,11.285133382936078,11.285133382936365,-2.8738104731795293e-13,308.17285719903475,3.4441337082146437,3.406516484701068,1.1992142527404568,4.1045407499514346e-11,-3.367113633284698e-05,3.2587910522112384e-08
nominal_proxy,Q4,80700.0,11.23792774943788,11.237927749437588,2.913343499635355e-13,308.27859348710473,3.4193787170076426,3.3819188454701887,1.212117359223589,4.0894538450811815e-11,-3.371179857937296e-05,3.286347352292772e-08
nominal_proxy,Q4,81000.0,11.182596268962495,11.182596268962495,0.0,308.38419560313133,3.3946910635089007,3.3574156302253626,1.2248282630828127,4.9712412387029283e-11,-3.371609893676464e-05,3.3106693467332493e-08
nominal_proxy,Q4,81300.0,10.937747458986742,11.044120047031686,-0.10637258804494415,308.48959190435164,3.3701153148184964,3.3333014709983777,1.2372737423816815,3.3680392412531645e-11,-3.30990039097423e-05,3.273775604868771e-08
nominal_proxy,Q4,81600.0,10.552739387837814,10.822034703075891,-0.2692953152380766,308.59408582545257,3.3457311725794914,3.309657613647733,1.2492981109128838,3.388392398859959e-11,-3.297645157873674e-05,3.285425504694944e-08
nominal_proxy,Q4,81900.0,10.25442232937915,10.608766495803948,-0.35434416642479816,308.6969781378069,3.3215733542923456,3.286210689883497,1.2608196005045653,3.398338418799561e-11,-3.282685060179702e-05,3.294307355817397e-08
nominal_proxy,Q4,82200.0,10.095015666535756,10.453526874833509,-0.3585112082977526,308.7983425332282,3.2976076983730795,3.2627624996655213,1.2718935539797285,3.394768969315867e-11,-3.273743395104667e-05,3.3092104888844257e-08
nominal_proxy,Q4,82500.0,10.108291848164573,10.387233860369953,-0.2789420122053796,308.8986640498977,3.2737605863743453,3.2391363643358253,1.2826492704889532,3.37550965877258e-11,-3.2751186048507464e-05,3.3347160637240375e-08
nominal_proxy,Q4,82800.0,10.31599518398493,10.428837251681648,-0.11284206769671899,308.99868674829065,3.2499356231872953,3.215172722706023,1.2932643563229638,3.3373246099039604e-11,-3.2892700070355496e-05,3.37367709026564e-08
nominal_proxy,Q4,83100.0,10.496268124537188,10.496268124537188,0.0,309.0993133072443,3.226070807636605,3.191083136898418,1.3038699375281497,3.3034255184390296e-11,-3.309691900632572e-05,3.419734715470827e-08
nominal_proxy,Q4,83400.0,10.50905496195098,10.50905496195098,0.0,309.20075387368587,3.2021852277163267,3.167154933699666,1.3144457332447632,3.2882597760754766e-11,-3.32430472269607e-05,3.4604543317510645e-08
nominal_proxy,Q4,83700.0,10.493227833280768,10.493227833280768,0.0,309.3025404305073,3.178323703110767,3.143346165946462,1.3249144785657998,3.274162297262374e-11,-3.331601075373669e-05,3.4940861772647454e-08
nominal_proxy,Q4,84000.0,10.458449786341692,10.458449786341351,3.406016746204242e-13,309.4044261546979,3.154512592615838,3.119650980332418,1.33523557507165,4.9848743235552035e-11,-3.389868471391412e-05,3.582030896866604e-08
nominal_proxy,Q4,84300.0,10.41107262193668,10.411072621937025,-3.443218478052734e-13,309.5062460509583,3.130768328678201,3.0960646402322647,1.345380325770989,4.965441351934502e-11,-3.39118438311275e-05,3.610598663645499e-08
nominal_proxy,Q4,84600.0,10.355374763656148,10.355374763656148,0.0,309.60788896640076,3.1071015562304107,3.0725835273051265,1.3553289518361307,4.946721821715432e-11,-3.391392911744617e-05,3.638324282153079e-08
nominal_proxy,Q4,84900.0,10.101362807651501,10.223193735697624,-0.12183092804612254,309.7092800841577,3.083556521044016,3.0494790957515305,1.3650050958217288,4.955873103321915e-11,-3.385204805202158e-05,3.6594159829183334e-08
nominal_proxy,Q4,85200.0,9.706020993728231,10.013708622571459,-0.30768762884322853,309.8097663518163,3.0602109809678373,3.0268318399516048,1.3742650085159573,4.977816053386016e-11,-3.368229829547875e-05,3.668842715415896e-08
nominal_proxy,Q4,85500.0,9.407277105045644,9.811203164666221,-0.4039260596205767,309.90868905097915,3.0370983344137534,3.004394213632599,1.3830440939224138,3.392329871564629e-11,-3.306968005611921e-05,3.629525774805334e-08
nominal_proxy,Q4,85800.0,9.25351521002133,9.661283271330625,-0.40776806130929444,310.0061074098817,3.014185424795097,2.981981037402944,1.3913993099432926,3.3717705010165896e-11,-3.294631531858272e-05,3.643473628348793e-08
nominal_proxy,Q4,86100.0,9.276078278118462,9.59266261661682,-0.3165843384983582,310.10246885079385,2.991401326179765,2.9594256744148026,1.3994530278556223,3.347871813866381e-11,-3.2912871939627664e-05,3.667497643059457e-08
nominal_proxy,Q4,86400.0,9.49521172181384,9.623012448861116,-0.1278007270472758,310.1984656158033,2.968653171585113,2.9365763534338147,1.4073703070703458,3.31840742749553e-11,-3.299652836169509e-05,3.7049942015822826e-08
nominal_proxy,Q4,86700.0,9.677884306736765,9.677884306736765,0.0,310.29494036631723,2.9458816514426265,2.913621926579236,1.4152624336748396,3.292442424429426e-11,-3.315228037337192e-05,3.751257325305531e-08
nominal_proxy,Q4,87000.0,9.683507948811704,9.683507948811704,0.0,310.3920959061562,2.923105634380825,2.890827163657205,1.4231021528769794,3.273502603211651e-11,-3.3268274263420494e-05,3.7937133109534274e-08
nominal_proxy,Q4,87300.0,9.662896384297957,9.662896384297957,0.0,310.4895020372113,2.9003680518236568,2.8681582861603654,1.430822369750971,3.2525230571615126e-11,-3.331468945333427e-05,3.8287887213012016e-08
nominal_proxy,Q4,87600.0,9.624869083524553,9.624869083524553,0.0,310.58692779324275,2.877693923364901,2.8456109153644578,1.4383882715677865,3.171482770962762e-11,-3.3316608364586386e-05,3.859179057007926e-08
nominal_proxy,Q4,87900.0,9.57522596622944,9.57522596622944,0.0,310.6842183286807,2.8550989161943883,2.823181385287469,1.4457752012034413,3.151574676425227e-11,-3.330584634753109e-05,3.8884638005146054e-08
nominal_proxy,Q4,88200.0,9.517895315026706,9.517895315026706,0.0,310.7812689055335,2.832593209930728,2.80086678127345,1.4529662037054036,3.132283520574136e-11,-3.328215670528323e-05,3.916570934435629e-08
nominal_proxy,Q4,88500.0,9.254872807175406,9.39095730383002,-0.13608449665461214,310.8780087908677,2.8102196239523503,2.778916322253297,1.4598848411294632,3.1277473738310825e-11,-3.320588592786722e-05,3.938705910485125e-08
nominal_proxy,Q4,88800.0,8.85013614675886,9.193200584046929,-0.3430644372880684,310.9738326787913,2.788052858100983,2.7574087460485153,1.466400729236325,3.139704818787155e-11,-3.3031693430773945e-05,3.949195025098712e-08
nominal_proxy,Q4,89100.0,8.551536954156475,9.001120024526701,-0.4495830703702255,311.06812617287807,2.766124402826831,2.736120560038091,1.4724653576995246,3.208058482290094e-11,-3.2812095272172215e-05,3.9540394783208845e-08
nominal_proxy,Q4,89400.0,8.403609526476126,8.856704792125853,-0.45309526564972674,311.1609381746196,2.744402095372961,2.7148796372961823,1.4781365691730461,3.1470008944896654e-11,-3.2630907780883955e-05,3.96332930900801e-08
nominal_proxy,Q4,89700.0,8.435278709012083,8.786478891354408,-0.3512001823423254,311.2526813117725,2.7228178027107166,2.693529431271913,1.483529057753556,3.1294436070441794e-11,-3.254028663346453e-05,3.9836533316170805e-08
nominal_proxy,Q4,90000.0,8.665265696953586,8.806813026199888,-0.14154732924630273,311.34399823244144,2.7012824659732786,2.6719263139864364,1.4887947644840287,3.092344662683363e-11,-3.2569852759262163e-05,4.019060473377432e-08
nominal_proxy,Q4,90300.0,8.850360755469204,8.850360755469204,0.0,311.4356732095776,2.6797395986554826,2.6502382872172663,1.4940267971321226,3.058137685418036e-11,-3.2675995694120274e-05,4.064573501907293e-08
nominal_proxy,Q4,90600.0,8.849734195222537,8.849734195222968,-4.3114069886952725e-13,311.5279013777758,2.6582075509765146,2.6287083278340235,1.4991928723515107,3.039833122969684e-11,-3.274752436029147e-05,4.106466949663304e-08
nominal_proxy,Q4,90900.0,8.825217544118596,8.82521754411816,4.344480393525177e-13,311.62028950783485,2.6367270158302705,2.607309513493116,1.5042356793852978,3.705735569805311e-11,-3.315702820851474e-05,4.191690178701091e-08
nominal_proxy,Q4,91200.0,8.784809809194911,8.784809809194911,0.0,311.71262316417426,2.6153215188502665,2.5860387090837835,1.5091259983823406,3.6805063991662337e-11,-3.3120749991510934e-05,4.221373899001055e-08
nominal_proxy,Q4,91500.0,8.733777228926451,8.733777228926026,4.2493455135069394e-13,311.8047582332509,2.5940058299014193,2.5648931289354473,1.5138431289158962,3.695184838853503e-11,-3.306086556203682e-05,4.2483669055970265e-08
nominal_proxy,Q4,91800.0,8.675705204811786,8.675705204812214,-4.2812492060068663e-13,311.8965969428563,2.5727895521457027,2.543870424842603,1.518372911569462,3.667932460068699e-11,-3.298611771282917e-05,4.2737162710307694e-08
nominal_proxy,Q4,92100.0,8.613030186723831,8.613030186723831,0.0,311.98807311894717,2.5516790213642433,2.5229688110734942,1.5227060349081065,3.640909084913614e-11,-3.290050088367025e-05,4.29788916868812e-08
nominal_proxy,Q4,92400.0,8.547390469032255,8.547390469032706,-4.507520667890172e-13,312.0791420966552,2.530678472380504,2.5021870614616337,1.5268366791214738,3.6139967770540575e-11,-3.280662838678187e-05,4.32119011361698e-08
nominal_proxy,Q4,92700.0,8.479875668916002,8.479875668915547,4.5394745663630823e-13,312.16977370080804,2.5097907863939777,2.4815244271547017,1.5307614814188166,3.6226000072796545e-11,-3.2102867254390506e-05,4.2636843714126635e-08
nominal_proxy,Q4,93000.0,8.411193559102749,8.411193559102749,0.0,312.2599474130312,2.4890180078206097,2.460980587930478,1.5344788281393706,4.9633147010893104e-11,-3.2407936810585625e-05,4.340123522443843e-08
nominal_proxy,Q4,93300.0,8.341826903455775,8.341826903455331,4.437511913821538e-13,312.34964900189016,2.468361568570721,2.4405553712483905,1.5379881500896417,4.914334474028666e-11,-3.229324381026137e-05,4.3609553561691044e-08
nominal_proxy,Q4,93600.0,8.272075372213564,8.272075372214012,-4.468063184714121e-13,312.4388685377894,2.447822570213584,2.4202488783940246,1.5412897492059956,4.86554293986626e-11,-3.217365376867748e-05,4.381261692218999e-08
nominal_proxy,Q4,93900.0,8.202132655066967,8.202132655066967,0.0,312.5275987715284,2.4274018919718188,2.400061342960082,1.5443844624978815,4.825643055483303e-11,-3.204845403104173e-05,4.400926787475399e-08
nominal_proxy,Q4,94200.0,8.1321230881014,8.132123088101869,-4.69552648319911e-13,312.61583419583,2.4071002694391503,2.379993086080653,1.5472734924787135,4.7780552437638945e-11,-3.1919447310474e-05,4.420179709687397e-08
nominal_proxy,Q4,94500.0,8.062126565286267,8.062126565285794,4.725981932401646e-13,312.703570430528,2.3869183440972352,2.3600444829265617,1.5499582932834777,4.730703566204583e-11,-3.178591628136674e-05,4.438905693327995e-08
nominal_proxy,Q4,94800.0,7.992194769375463,7.992194769375463,0.0,312.79080382834377,2.3668566940657416,2.3402159393414186,1.552440495856482,4.6836298494875004e-11,-3.1647921447053307e-05,4.457095850148988e-08
nominal_proxy,Q4,95100.0,7.922361657533642,7.92236165753318,4.61720686053129e-13,312.8775312246107,2.3469158528457172,2.3205078756402098,1.5547218589860694,4.581253237523721e-11,-3.1504119060922236e-05,4.47454177258811e-08
nominal_proxy,Q4,95400.0,7.852650169417145,7.852650169417609,-4.646311678713003e-13,312.96374978013245,2.3270963205512603,2.300920715462077,1.556804237333181,4.534384534265723e-11,-3.1357337302637066e-05,4.4916257549105806e-08
nominal_proxy,Q4,95700.0,7.5689643670603655,7.730259183777525,-0.16129481671715945,313.0494569005938,2.3074318285193662,2.2816641939307245,1.5586248919364485,4.698584140970584e-11,-3.119281499414095e-05,4.506137459635773e-08
nominal_proxy,Q4,96000.0,7.146422354307594,7.5519971617917365,-0.4055748074841419,313.13417953909993,2.2879862234689154,2.262812796732486,1.5600868494983364,4.607475455478648e-11,-3.0859137088778965e-05,4.495822100710625e-08
nominal_proxy,Q4,96300.0,6.849047800960969,7.379226356611687,-0.5301785556507179,313.2174175269295,2.268784594234216,2.2441870714473175,1.5611724347494078,4.51437134149293e-11,-3.0479457904908358e-05,4.478088985378256e-08
nominal_proxy,Q4,96600.0,6.713398903219543,7.246427436349319,-0.5330285331297756,313.29921991638963,2.2497958927376285,2.2256410340852164,1.5619407170896547,4.448764963410462e-11,-3.015937430206339e-05,4.4684608056251174e-08
nominal_proxy,Q4,96900.0,6.763334293118033,7.175517160473401,-0.412182867355368,313.3799438982864,2.230957608186452,2.2070391178134754,1.5624909960243965,4.405389491769998e-11,-2.9951419564522297e-05,4.4751215732975223e-08
nominal_proxy,Q4,97200.0,7.014380197471552,7.180120425190918,-0.16574022771936522,313.4601425468863,2.212188807113604,2.1882549727296072,1.5629489996600725,4.3847779270055063e-11,-2.989000817912868e-05,4.5038362131076025e-08
nominal_proxy,Q4,97500.0,7.205493552920844,7.205493552920844,0.0,313.5404902419108,2.193438810255966,2.16942039872062,1.5633770763242592,4.370759312098872e-11,-2.9907682858265616e-05,4.545021986849271e-08
nominal_proxy,Q4,97800.0,7.195927266722446,7.195927266722446,0.0,313.62116716319105,2.174724147589089,2.1507376237675073,1.5637379671507012,4.34342051436502e-11,-2.987975200596793e-05,4.579853194881871e-08
nominal_proxy,Q4,98100.0,7.16699339455918,7.16699339455918,0.0,313.7018518313195,2.1560802559415344,2.1321901786727944,1.5639921232196556,4.305343064013224e-11,-2.978606283221552e-05,4.604971259014089e-08
nominal_proxy,Q4,98400.0,7.1251219564158905,7.1251219564158905,0.0,313.7823645026505,2.1375273375192183,2.113776832155469,1.5641204615890698,4.2614593905559753e-11,-2.9652708878558087e-05,4.624144973193274e-08
nominal_proxy,Q4,98700.0,7.074563136759306,7.074563136759306,0.0,313.86258385358923,2.1190780960148294,2.0954961205788556,1.5641094861419174,4.215026436388329e-11,-2.949403284802088e-05,4.639444058792643e-08
nominal_proxy,Q4,99000.0,7.018241698982474,7.018241698982474,0.0,313.942427212039,2.100740764820442,2.077346528095401,1.5639501101799063,4.1671994772972666e-11,-2.9318529837674134e-05,4.6520938912993544e-08
nominal_proxy,Q4,99300.0,6.958167458002075,6.958167458002075,0.0,314.0218385457291,2.082520714161757,2.059326725530252,1.5636366362148675,4.1192739117895545e-11,-2.9131449462482806e-05,4.66285069249337e-08
nominal_proxy,Q4,99600.0,6.895707247495785,6.895707247495785,0.0,314.1007801629566,2.0644214471101847,2.0414356598315915,1.5631658775892525,4.071284023089781e-11,-2.8936082187236423e-05,4.672185876861802e-08
nominal_proxy,Q4,99900.0,6.831780536003089,6.831780536003089,0.0,314.17922687246,2.046445246434908,2.023672548866568,1.5625364530167263,4.0235247598515105e-11,-2.873449884255308e-05,4.680392156856899e-08
nominal_proxy,Q4,100200.0,6.766999896920376,6.766999896920376,0.0,314.25716191441234,2.0285935988053887,2.0060368373889133,1.5617482511579732,3.976214108146428e-11,-2.8528022257390262e-05,4.687651956539419e-08
nominal_proxy,Q4,100500.0,6.701770138058963,6.701770138058963,0.0,314.3345741653012,2.010867472435967,1.988528144251959,1.5608020397304345,3.867387137425044e-11,-2.831714346029912e-05,4.694017855222072e-08
nominal_proxy,Q4,100800.0,6.636357029780204,6.636357029780204,0.0,314.41145624322786,1.9932674977848552,1.9711462140083107,1.5596991877912492,3.821694497117098e-11,-2.8103183158378897e-05,4.699684176795193e-08
nominal_proxy,Q4,101100.0,6.570934257160847,6.570934257160847,0.0,314.4878032384358,1.9757940844067183,1.9538908772624957,1.5584414722686457,3.776311819348106e-11,-2.788610595416685e-05,4.704624193760615e-08
nominal_proxy,Q4,101400.0,6.505615067177747,6.505615067177747,0.0,314.5636118715941,1.9584474959426583,1.9367620201640487,1.5570309451775521,3.731333927184206e-11,-2.7666405125970073e-05,4.708900831447176e-08
nominal_proxy,Q4,101700.0,6.440473383347401,6.440473383347401,0.0,314.638879940805,1.9412278979097215,1.9197595618192533,1.5554698434658911,3.686799176835072e-11,-2.7443793048753662e-05,4.712445677347592e-08
nominal_proxy,Q4,102000.0,6.3755577485507215,6.3755577485507215,0.0,314.713605961507,1.9241353879155951,1.9028834380248871,1.5537605283121283,3.642499341713453e-11,-2.7218661678318767e-05,4.715306045036084e-08
nominal_proxy,Q4,102300.0,6.310900453412235,6.310900453412235,0.0,314.78778893392,1.90717001460158,1.8861335897864127,1.551905444464623,3.5986840702440944e-11,-2.699113796111874e-05,4.7174850265874804e-08
nominal_proxy,Q4,102600.0,6.246523460482617,6.246523460482617,0.0,314.8614281940991,1.8903317894184277,1.869509955345723,1.5499070930687235,3.555087002088065e-11,-2.6761328780544602e-05,4.7189826552050056e-08
nominal_proxy,Q4,102900.0,6.182442217699103,6.182442217699103,0.0,314.9345233193122,1.8736206938801108,1.8530124647233128,1.5477680134793244,3.511737973227404e-11,-2.6529340279246583e-05,4.71979918630285e-08
nominal_proxy,Q4,103200.0,6.118668137026719,6.118668137026719,0.0,315.0070740684248,1.8570366839568435,1.8366410360330558,1.5454907710092547,3.7783727679950914e-11,-2.624010958296452e-05,4.710032531874732e-08
nominal_proxy,Q4,103500.0,6.055209940269811,6.055209940269811,0.0,315.0790803450679,1.8405796928616684,1.8203955730491876,1.543077948637205,3.733268157196979e-11,-2.600347443060258e-05,4.709290689133069e-08
nominal_proxy,Q4,103800.0,5.992074941423642,5.992074941423642,0.0,315.1505421731477,1.8242496325713191,1.804275963549649,1.5405321409614663,3.6884062754567866e-11,-2.5765077382722268e-05,4.7078859023633806e-08
nominal_proxy,Q4,104100.0,5.929269411155891,5.929269411155891,0.0,315.2214596842012,1.808046394816167,1.7882820783622617,1.53785595027051,3.643677209734956e-11,-2.552501566732701e-05,4.705818711383651e-08
nominal_proxy,Q4,104400.0,5.866798962570454,5.866798962570454,0.0,315.29183310806707,1.79196985174381,1.772413770727308,1.5350519833229272,3.3412604814921604e-11,-2.534238017037893e-05,4.714063715174976e-08
nominal_proxy,Q4,104700.0,5.577944450218439,5.76406819970744,-0.18612374948900076,315.36166278151865,1.776049051749781,1.7568354076427062,1.5320651327612198,3.2992188829993864e-11,-2.5032414973896744e-05,4.6981463245125585e-08
nominal_proxy,Q4,105000.0,5.1509818369788345,5.618018604957035,-0.4670367679782005,315.4305745780725,1.7603378463034247,1.7416110355570313,1.5288264913276872,3.256132344062146e-11,-2.4618960977274007e-05,4.6617871353448707e-08
nominal_proxy,Q4,105300.0,4.866303199965884,5.475596068371916,-0.6092928684060319,315.4981673859959,1.7448559706114233,1.7266039031213725,1.52533845636861,3.213414755228341e-11,-2.417864332882047e-05,4.619033268086481e-08
nominal_proxy,Q4,105600.0,4.752509868990767,5.363876715872768,-0.6113668468819999,315.56447523577606,1.7295760359410894,1.7116963662352074,1.5216523961268444,4.9409185751866744e-11,-2.4195891851430673e-05,4.6631643340396825e-08
nominal_proxy,Q4,105900.0,4.82836293851816,5.300216971039627,-0.4718540325214665,315.62978260938144,1.7144442959427033,1.6967768263387635,1.5178445342435114,4.884893247523139e-11,-2.3910142323280148e-05,4.648764302202643e-08
nominal_proxy,Q4,106200.0,5.1061422563574155,5.295517864631059,-0.18937560827364305,315.6945343946633,1.699391419402198,1.6817396141254302,1.5140074850036087,4.9645587503361765e-11,-2.3718399280198144e-05,4.652332007290325e-08
nominal_proxy,Q4,106500.0,5.308099650852917,5.308099650852917,0.0,315.75927571522107,1.6843747066767352,1.6666809623429386,1.5101741584991515,4.9220344934011484e-11,-2.3649286050364537e-05,4.680131635124603e-08
nominal_proxy,Q4,106800.0,5.294762338013715,5.294762338013715,0.0,315.82416221259484,1.6694082193570638,1.6517589331102733,1.5063066198084336,4.875129376379767e-11,-2.353602344040695e-05,4.6994743741131084e-08
nominal_proxy,Q4,107100.0,5.26675472931314,5.26675472931314,0.0,315.88894708657745,1.6545206336712865,1.6369647066764152,1.5023812450913026,4.8207653658396906e-11,-2.3369148248519878e-05,4.708140789731359e-08
nominal_proxy,Q4,107400.0,5.228931007514853,5.228931007514853,0.0,315.953489584162,1.6397280145088997,1.622298167255026,1.498387786713675,4.762048478004116e-11,-2.316864723983514e-05,4.709855747382221e-08
nominal_proxy,Q4,107700.0,5.1845047708562655,5.1845047708562655,0.0,316.0176946709959,1.625040414106315,1.6077586550477798,1.4943190416155046,4.701236420218949e-11,-2.2946704306470167e-05,4.706899206378532e-08
nominal_proxy,Q4,108000.0,5.135708509978667,5.135708509978667,0.0,316.0814976071024,1.61046426597483,1.5933451619049006,1.4901702593353894,4.6395333558826514e-11,-2.271100016759675e-05,4.700714911309453e-08
nominal_proxy,Q4,108300.0,5.084093833697521,5.084093833697521,0.0,316.1448547302041,1.5960036524214138,1.5790565980874598,1.4859386643255428,4.577692193153337e-11,-2.246648869341783e-05,4.692238362431539e-08
nominal_proxy,Q4,108600.0,5.030728813167572,5.030728813167572,0.0,316.2077370552849,1.5816610985388677,1.5648919284404048,1.481622998765041,4.5158599324064324e-11,-2.2216371299066395e-05,4.682075766123305e-08
nominal_proxy,Q4,108900.0,4.976340902630074,4.976340902630074,0.0,316.2701257243556,1.5674380957546963,1.55085021953675,1.4772231257748947,4.454277370369162e-11,-2.196275382448931e-05,4.670626521917941e-08
nominal_proxy,Q4,109200.0,4.9214208315649675,4.9214208315649675,0.0,316.3320087974382,1.5533354506250843,1.5369306423943705,1.4727397113412066,4.414861618242393e-11,-2.163764916485178e-05,4.6432660239067016e-08
nominal_proxy,Q4,109500.0,4.866296774784488,4.866296774784488,0.0,316.3933790197633,1.539353517584159,1.5231324570604088,1.4681739823651156,4.352715507519796e-11,-2.1382340594122695e-05,4.630155960466628e-08
nominal_proxy,Q4,109800.0,4.811186768867523,4.811186768867523,0.0,316.4542322867733,1.525492351779069,1.5094549921280251,1.4635275487114767,4.291191793442818e-11,-2.1126445651553638e-05,4.6163119351631894e-08
nominal_proxy,Q4,110100.0,4.756234710536402,4.756234710536402,0.0,316.5145666029259,1.511751810760913,1.4958976254915195,1.4588022761569817,4.2282094537648356e-11,-2.0870281622897835e-05,4.60178747030201e-08
nominal_proxy,Q4,110400.0,4.701535133403127,4.701535133403127,0.0,316.5743813799929,1.4981316205064368,1.4824597680140128,1.4540001966953906,4.167900457871909e-11,-2.0614324066414724e-05,4.586674002080481e-08
nominal_proxy,Q4,110700.0,4.6471499244771906,4.6471499244771906,0.0,316.6336769693103,1.4846314184672667,1.4691408508567128,1.449123446456575,4.108144014941498e-11,-2.035868897820592e-05,4.570986155208864e-08
nominal_proxy,Q4,111000.0,4.593119543856313,4.593119543856313,0.0,316.6924543520464,1.471250781371134,1.4559403159989905,1.4441742230846746,3.139300494655169e-11,-2.006778671415077e-05,4.5466499136307614e-08
nominal_proxy,Q4,111300.0,4.539470395279822,4.539470395279822,0.0,316.7507149356402,1.4579892434366806,1.4428576094038243,1.4391547567512981,3.096711507826465e-11,-1.9814577044918735e-05,4.530115050371945e-08
nominal_proxy,Q4,111600.0,4.486219864125834,4.486219864125834,0.0,316.80846042004544,1.4448463075523033,1.4298921761314758,1.434067290397633,3.0546565779842425e-11,-1.9562122405503146e-05,4.513080342467498e-08
nominal_proxy,Q4,111900.0,4.433379422071633,4.433379422071633,0.0,316.8656927117618,1.4318214528976034,1.41704345712237,1.4289140666142213,3.0129458459035526e-11,-1.9310498393210196e-05,4.4955554931171025e-08
nominal_proxy,Q4,112200.0,4.380956754392902,4.380956754392902,0.0,316.9224138673162,1.4189141396568066,1.4043108869428713,1.4236973186201147,2.971544054113501e-11,-1.905978767435812e-05,4.4775525033925166e-08
nominal_proxy,Q4,112500.0,4.328957105201542,4.328957105201542,0.0,316.9786260569513,1.406123812091727,1.3916938923741753,1.4184192642156257,2.9306797930557225e-11,-1.8810063967755752e-05,4.4590819589763356e-08
nominal_proxy,Q4,112800.0,4.277383969303729,4.277383969303729,0.0,317.0343315411006,1.3934499008220878,1.3791918915457275,1.4130821016580286,4.95396740559597e-11,-1.8813604339307233e-05,4.5004857675442445e-08
nominal_proxy,Q4,113100.0,4.226240399503384,4.226240399503384,0.0,317.0895326534097,1.3808918232822398,1.3668042934058313,1.4076880066349602,4.8894031667488645e-11,-1.856341916273152e-05,4.4810218173856555e-08
nominal_proxy,Q4,113400.0,4.175528092591291,4.175528092591291,0.0,317.14423179631694,1.3684489856812154,1.3545304976566854,1.4022391308778728,4.828434030108653e-11,-1.831476770774998e-05,4.461198505117058e-08
nominal_proxy,Q4,113700.0,4.125248564195584,4.125248564195584,0.0,317.19843142773357,1.3561207833161355,1.3423698945443145,1.396737600056174,4.7680751243494654e-11,-1.806735070353227e-05,4.440939412331695e-08
nominal_proxy,Q4,114000.0,4.0754029990324865,4.0754029990324865,0.0,317.25213405904464,1.3439066010759153,1.3303218650084054,1.39118551298118,4.708412513705297e-11,-1.7821220475333632e-05,4.420252732113522e-08
nominal_proxy,Q4,114300.0,4.025992338429677,4.025992338429677,0.0,317.30534225163626,1.3318058139017224,1.3183857808521424,1.385584940811166,4.6495001773436424e-11,-1.757644430799843e-05,4.399150918382421e-08
nominal_proxy,Q4,114600.0,3.9770173332628476,3.9770173332628476,0.0,317.3580586142488,1.3198177871851053,1.30656100496399,1.3799379264238871,4.591007151276996e-11,-1.7333071763658836e-05,4.377642613992104e-08
nominal_proxy,Q4,114900.0,3.928478575511093,3.928478575511093,0.0,317.41028580082343,1.3079418771329425,1.2948468915774185,1.3742464839103183,4.533354004170223e-11,-1.7091146112591105e-05,4.355735376166087e-08
nominal_proxy,Q4,115200.0,3.880376517148062,3.880376517148062,0.0,317.46202650864274,1.2961774311148022,1.2832427865551745,1.3685125981566337,4.4762126380510005e-11,-1.6850740239604534e-05,4.333444849730625e-08
nominal_proxy,Q4,115500.0,3.8327115161316554,3.8327115161316554,0.0,317.5132834766381,1.2845237879677656,1.2717480276892916,1.3627382244911774,3.756096130204954e-11,-1.6567410525247794e-05,4.2992354262427886e-08
nominal_proxy,Q4,115800.0,3.785483689860917,3.785483689860917,0.0,317.56405948413624,1.272980278429335,1.260361945019309,1.356925288418635,3.7092015636218354e-11,-1.6333146831470913e-05,4.276878730497314e-08
nominal_proxy,Q4,116100.0,3.7386931779209904,3.7386931779209904,0.0,317.6143573481636,1.261546225382091,1.2490838611207664,1.3510756852435186,3.662760067275291e-11,-1.6100476399216745e-05,4.254164737229588e-08
nominal_proxy,Q4,116400.0,3.692339947750804,3.692339947750804,0.0,317.66417992330213,1.2502209441779748,1.2379130914539873,1.3451912799827899,3.6168439574195345e-11,-1.5869445442628916e-05,4.2311042477544206e-08
nominal_proxy,Q4,116700.0,3.6464238551336168,3.6464238551336168,0.0,317.7135300996426,1.239003742991727,1.2268489446742974,1.3392739071245692,3.571320554818985e-11,-1.5640095297975165e-05,4.2077073042061545e-08
nominal_proxy,Q4,117000.0,3.6009446457632355,3.6009446457632355,0.0,317.76241080131706,1.2278939231453403,1.215890722951263,1.3333253704681198,3.5261964658682816e-11,-1.5412459954955438e-05,4.183982471785318e-08
nominal_proxy,Q4,117300.0,3.555901956597577,3.555901956597577,0.0,317.8108249850383,1.2168907794319408,1.2050377222880033,1.3273474429932148,3.4815303732791536e-11,-1.5186583664839048e-05,4.1599415826861987e-08
nominal_proxy,Q4,117600.0,3.511295318828801,3.511295318828801,0.0,317.85877563864517,1.2059936004470482,1.1942892328386232,1.3213418667557306,3.555469102087109e-11,-1.4963698689918203e-05,4.1359253991539506e-08
nominal_proxy,Q4,117900.0,3.4671241530578225,3.4671241530578225,0.0,317.90626577966844,1.1952016688708471,1.1836445392219928,1.3153103528085104,3.5102719412126196e-11,-1.4741598485024099e-05,4.1113280625829594e-08
nominal_proxy,Q4,118200.0,3.423387780947465,3.423387780947465,0.0,317.953298453843,1.1845142618475848,1.1731029208399384,1.309254581149233,3.465288352296948e-11,-1.452134645596459e-05,4.0864419910865535e-08
nominal_proxy,Q4,118500.0,3.380085420749986,3.380085420749986,0.0,317.999876733727,1.173930651256474,1.1626636521773708,1.3031762006845586,3.4207159032344544e-11,-1.4302980980929192e-05,4.061279362518992e-08
nominal_proxy,Q4,118800.0,3.337216189834435,3.337216189834435,0.0,318.0460037172717,1.1634501040360605,1.1523260031148121,1.2970768292278165,3.376474254644525e-11,-1.4086540079283338e-05,4.035852799765256e-08
nominal_proxy,Q4,119100.0,3.2947791072475296,3.2947791072475296,0.0,318.0916825264096,1.153071882493398,1.142089239229088,1.29095805351173,3.332540714598238e-11,-1.3872045496743368e-05,4.010170775808158e-08
nominal_proxy,Q4,119400.0,3.2527730957382746,3.2527730957382746,0.0,318.13691630566314,1.1427952446093899,1.1319526220918388,1.2848214292242681,3.289037546896155e-11,-1.365952704990292e-05,3.984244513423102e-08
nominal_proxy,Q4,119700.0,3.2111969838748813,3.2111969838748813,0.0,318.18170822076746,1.1326194443403672,1.1219154095640846,1.2786684810659192,3.245734072528597e-11,-1.3449009888866215e-05,3.9580843492401986e-08
nominal_proxy,Q4,120000.0,3.1700495081875792,3.1700495081875792,0.0,318.2260614573105,1.1225437319156828,1.1119768560866337,1.272500702826183,3.202926547965118e-11,-1.3240527162228233e-05,3.931703441561409e-08
nominal_proxy,Q4,120300.0,3.129329315382574,3.129329315382574,0.0,318.26997921938965,1.11256735413109,1.1021362129661656,1.2663195574801354,3.160363480883997e-11,-1.3034094774599936e-05,3.905110321696584e-08
nominal_proxy,Q4,120600.0,3.089034964570189,3.089034964570189,0.0,318.31346472828636,1.1026895546378939,1.0923927286568769,1.2601264773032699,3.118026754822303e-11,-1.2829734910901891e-05,3.878315783120232e-08
nominal_proxy,Q4,120900.0,3.0491649295348617,3.0491649295348617,0.0,318.35652122116016,1.092909574227557,1.0827456490375367,1.2539228640045015,3.0760822466879946e-11,-1.2627471226878129e-05,3.8513315052628916e-08
nominal_proxy,Q4,121200.0,3.00971760104227,3.00971760104227,0.0,318.39915194976095,1.0832266511117339,1.0731942176838607,1.247710088876239,3.0344118127948996e-11,-1.2427319686647564e-05,3.8241672611154204e-08
nominal_proxy,Q4,121500.0,2.9706911316536644,2.9706911316536644,0.0,318.44136017916344,1.0736400216180721,1.0637376761360986,1.2414894929611549,4.200083005410397e-11,-1.2512938400988105e-05,3.884895666156328e-08
nominal_proxy,Q4,121800.0,2.9320841336722188,2.9320841336722188,0.0,318.483149184961,1.064148918939372,1.0543752641051907,1.2352623870749158,4.151338077159131e-11,-1.2316582187921199e-05,3.858038403182965e-08
nominal_proxy,Q4,122100.0,2.893894505126096,2.893894505126096,0.0,318.5245222573675,1.0547525753651417,1.0451062199414538,1.229030052841531,4.106044769746215e-11,-1.2121980261348142e-05,3.830908007707138e-08
nominal_proxy,Q4,122400.0,2.856120351455354,2.856120351455354,0.0,318.56548269370296,1.0454502215291799,1.0359297805920635,1.222793741071552,4.058070994856054e-11,-1.1929679550437555e-05,3.803681675373638e-08
nominal_proxy,Q4,122700.0,2.818759687118672,2.818759687118672,0.0,318.6060337999838,1.0362410867954113,1.0268451820401798,1.216554674083698,4.0106504330392586e-11,-1.1739450760828163e-05,3.776293281046069e-08
nominal_proxy,Q4,123000.0,2.781810456271392,2.781810456271392,0.0,318.6461788895792,1.0271243995119692,1.0178516594866869,1.2103140446946306,3.963534597284989e-11,-1.155131330810022e-05,3.748755039989555e-08
nominal_proxy,Q4,123300.0,2.7452705351920783,2.7452705351920783,0.0,318.6859212820601,1.0180993872671324,1.0089484475988855,1.2040730167834208,3.9164797584831395e-11,-1.136528201639564e-05,3.721078105122684e-08
nominal_proxy,Q4,123600.0,2.7091377353509793,2.7091377353509793,0.0,318.7252643020753,1.009165277130451,1.000134780741412,1.197832725552704,3.8698595047475246e-11,-1.1181360677348096e-05,3.693270379239285e-08
nominal_proxy,Q4,123900.0,2.6734098059123887,2.6734098059123887,0.0,318.764211278257,1.0003212958877759,0.9914098932028528,1.191594277802825,3.8235279282949986e-11,-1.0999564533875628e-05,3.665343851385141e-08
nominal_proxy,Q4,124200.0,2.6380844361194904,2.6380844361194904,0.0,318.8027655421542,0.991566670270398,0.9827730194171184,1.1853587522163236,3.7774463722458294e-11,-1.0819864406208524e-05,3.637295985102703e-08
nominal_proxy,Q4,124500.0,2.361516061672125,2.5805407040348616,-0.2190246423627366,318.84093043427185,0.9829210432352155,0.9743192055649865,1.1790918389378497,3.715706360577925e-11,-1.0597033816950319e-05,3.5937216218544296e-08
nominal_proxy,Q4,124800.0,1.9503183202536645,2.4986179941279922,-0.5482996738743278,318.87848806127516,0.9744187565859455,0.9660899955500928,1.1727629925050744,3.6342640528934774e-11,-1.031662780937026e-05,3.529156138686703e-08
nominal_proxy,Q4,125100.0,1.7046267978940866,2.4182935688797347,-0.7136667709856481,318.9152001791524,0.9660702617347773,0.9580092497372571,1.166386038922328,3.5525083318913744e-11,-1.0030376320635526e-05,3.460885720197317e-08
nominal_proxy,Q4,125400.0,1.6405407080738534,2.355035966123458,-0.7144952580496048,318.95108378097507,0.9578564979305135,0.9500063454354449,1.1599907912492802,3.4865586128167277e-11,-9.782397120683406e-06,3.404266763625748e-08
nominal_proxy,Q4,125700.0,1.768646279441468,2.318888524973591,-0.5502422455321232,318.9863074651523,0.9497418802668066,0.9420122198505906,1.1536139546315547,3.443921956493854e-11,-9.599891218847745e-06,3.369298338951804e-08
nominal_proxy,Q4,126000.0,2.0959299538700833,2.316289879296661,-0.22035992542657784,319.02113807920296,0.9416808354433599,0.9339598375175755,1.147296724477688,3.427416783926798e-11,-9.498438659105712e-06,3.362228581631086e-08
nominal_proxy,Q4,126300.0,2.324285170542515,2.324285170542515,0.0,319.055905077393,0.9336466415277636,0.9258989928473229,1.1410411203486734,3.4206612019095516e-11,-9.433589678309318e-06,3.368008572948168e-08
nominal_proxy,Q4,126600.0,2.3185073526758853,2.3185073526758853,0.0,319.0907107608184,0.9256489393328037,0.917920550337434,1.134818391264792,3.4033317692004825e-11,-9.345935009896778e-06,3.3655433907924864e-08
nominal_proxy,Q4,126900.0,2.3047997680465198,2.3047997680465198,0.0,319.1254171787827,0.9177045520498078,0.9100218553725563,1.1286205943612004,3.374909192393018e-11,-9.235128936690984e-06,3.3544306883456e-08
nominal_proxy,Q4,127200.0,2.285811643493732,2.285811643493732,0.0,319.15994469755236,0.9098225651720147,0.9022031626616588,1.122445207905709,3.340538146316861e-11,-9.109613027913355e-06,3.337505346877188e-08
nominal_proxy,Q4,127500.0,2.263266518210921,2.263266518210921,0.0,319.19424012328665,0.9020085998192954,0.8944643481753441,1.1162904635517827,3.3025377400301095e-11,-8.974974447184536e-06,3.3166625569433024e-08
nominal_proxy,Q4,127800.0,2.2383621310285036,2.2383621310285036,0.0,319.22826747349984,0.8942661910066597,0.8868049544533428,1.1101551071657263,3.262661290619233e-11,-8.834966558790569e-06,3.293190419750821e-08
nominal_proxy,Q4,128100.0,2.2119393119812916,2.2119393119812916,0.0,319.262002737793,0.8865974926800114,0.8792243313392409,1.1040383223769106,4.624255098226294e-11,-9.090249853738186e-06,3.417653793966915e-08
nominal_proxy,Q4,128400.0,2.1845867838387463,2.1845867838387463,0.0,319.29543032057677,0.8790037182755887,0.8717217325136468,1.0979396548684932,4.569444858781656e-11,-8.944743803862565e-06,3.3920007458027515e-08
nominal_proxy,Q4,128700.0,2.156712746505619,2.156712746505619,0.0,319.3285405270052,0.8714854434099372,0.8642963715918902,1.09185893608807,4.5142479546255893e-11,-8.798908467611e-06,3.365483051245906e-08
nominal_proxy,Q4,129000.0,2.128598639949892,2.128598639949892,0.0,319.3613277614643,0.864042809104121,0.8569474514591218,1.0857962124299247,4.4587312478582556e-11,-8.653549881554312e-06,3.338395501694608e-08
nominal_proxy,Q4,129300.0,2.100436733442433,2.100436733442433,0.0,319.3937892617312,0.856675663182363,0.8496741790402342,1.0797516868442076,4.403269666033997e-11,-8.50919619344026e-06,3.310936510802877e-08
nominal_proxy,Q4,129600.0,2.072357252261788,2.072357252261788,0.0,319.4259242078041,0.8493836569117527,0.8424757715169086,1.0737256720216628,4.3480336794957296e-11,-8.366191443176518e-06,3.283240098118083e-08
nominal_proxy,Q4,129900.0,2.0444475545380962,2.0444475545380962,0.0,319.457733101325,0.8421663108471685,0.8353514582495205,1.0677185545156969,4.2926831797724957e-11,-8.224756311125958e-06,3.2553967093318144e-08
nominal_proxy,Q4,130200.0,2.016765574094168,2.016765574094168,0.0,319.4892173364228,0.8350230594869144,0.8283004806231732,1.0617307679696792,4.237794338961156e-11,-8.085028182502896e-06,3.227467030459732e-08
nominal_proxy,Q4,130500.0,1.9893491693172656,1.9893491693172656,0.0,319.52037890483456,0.8279532814185214,0.8213220910304615,1.055762773559235,4.183129039220448e-11,-7.94710071239102e-06,3.199496433250983e-08
nominal_proxy,Q4,130800.0,1.96222257850931,1.96222257850931,0.0,319.55122019447134,0.8209563195808531,0.8144155516157433,1.0498150459562983,4.128773512350453e-11,-7.811023638559789e-06,3.1715141038391985e-08
nominal_proxy,Q4,131100.0,1.9354008483825365,1.9354008483825365,0.0,319.5817438525543,0.8140314948280234,0.8075801330773318,1.0438880634157481,4.074760178870393e-11,-7.67682494617894e-06,3.143541330998414e-08
nominal_proxy,Q4,131400.0,1.9088928540714458,1.9088928540714458,0.0,319.6119526930749,0.807178114976015,0.80081511364739,1.0379823008804805,4.020963765254134e-11,-7.544516052782058e-06,3.115593247142749e-08
nominal_proxy,Q4,131700.0,1.8827031826989864,1.8827031826989864,0.0,319.64184963431023,0.8003954791607768,0.7941197782791728,1.0320982252641528,4.0774494070718664e-11,-7.081782215756505e-06,2.9492846141434268e-08
nominal_proxy,Q4,132000.0,1.8568369461992864,1.8568369461992864,0.0,319.67143765598695,0.7936828792179119,0.787493399496523,1.0262362538402565,4.013769110449585e-11,-6.9702173974839354e-06,2.9273729596520658e-08
nominal_proxy,Q4,132300.0,1.831279888814055,1.831279888814055,0.0,319.70071980348416,0.7870396543575083,0.7809353651942126,1.0203969826284873,3.951689637555946e-11,-6.860174670331176e-06,2.9054760804614557e-08
nominal_proxy,Q4,132600.0,1.8060415907354137,1.8060415907354137,0.0,319.7296989934238,0.7804650945245383,0.7744449333834331,1.0145807668755256,3.891095460321211e-11,-6.7515961317266004e-06,2.883578086576566e-08
nominal_proxy,Q4,132900.0,1.7811234690468294,1.7811234690468294,0.0,319.75837825275596,0.7739584900829162,0.7680213897046072,1.0087879847908456,3.831663394158843e-11,-6.6444458610703805e-06,2.8616719312507076e-08
nominal_proxy,Q4,133200.0,1.7565238982526357,1.7565238982526357,0.0,319.7867606361998,0.767519136966778,0.7616640355102643,1.0030190171033888,3.773605345207664e-11,-6.538701471159314e-06,2.8397561077978008e-08
nominal_proxy,Q4,133500.0,1.7322399424723984,1.7322399424723984,0.0,319.81484919528816,0.7611463375322906,0.7553721829428863,0.9972742382373796,3.7169458130602225e-11,-6.4343488686002814e-06,2.8178325907126954e-08
nominal_proxy,Q4,133800.0,1.7082681493258938,1.7082681493258938,0.0,319.84264696485013,0.7548394004599719,0.7491451521909999,0.991554011598014,3.661497758343475e-11,-6.331365713485582e-06,2.7958996795112866e-08
nominal_proxy,Q4,134100.0,1.684604922715402,1.684604922715402,0.0,319.8701569574892,0.748597640440006,0.742982269931782,0.9858586871119226,3.607052379602114e-11,-6.22975180597507e-06,2.7739653762526714e-08
nominal_proxy,Q4,134400.0,1.6612466872735894,1.6612466872735894,0.0,319.8973821618184,0.7424203778521707,0.7368828684629654,0.9801886000466121,3.553772571927502e-11,-6.12948802647395e-06,2.7520293575483556e-08
nominal_proxy,Q4,134700.0,1.6381899492495764,1.6381899492495764,0.0,319.92432554235484,0.7363069385047181,0.7308462852386606,0.9745440705544955,3.501576218797112e-11,-6.030567671011511e-06,2.7300968095625553e-08
nominal_proxy,Q4,135000.0,1.6154313083970655,1.6154313083970655,0.0,319.95099004003333,0.7302566534445221,0.7248718626399133,0.968925403620413,3.450393600074862e-11,-5.932985556844628e-06,2.7081736851738066e-08
nominal_proxy,Q4,135300.0,1.5929674490631176,1.5929674490631176,0.0,319.97737857284375,0.724268858831884,0.7189589478792279,0.9633328892266063,3.4003616830953104e-11,-5.836733710573583e-06,2.6862647479589228e-08
nominal_proxy,Q4,135600.0,1.5707951245767255,1.5707951245767255,0.0,320.00349403638324,0.7183428958672372,0.7131068929793071,0.9577668026311427,3.351163794169109e-11,-5.741802315162303e-06,2.664373958544487e-08
nominal_proxy,Q4,135900.0,1.5489111414922392,1.5489111414922392,0.0,320.029339304255,0.7124781107565055,0.7073150547909423,0.952227404701383,3.302820279833638e-11,-5.648176724548648e-06,2.642503041743249e-08
nominal_proxy,Q4,136200.0,1.5273123462783302,1.5273123462783302,0.0,320.05491722831374,0.7066738547035775,0.7015827950297885,0.9467149422681292,3.255430002712426e-11,-5.555858363148758e-06,2.6206612504336612e-08
nominal_proxy,Q4,136500.0,1.505995615174612,1.505995615174612,0.0,320.0802306387809,0.7009294839205844,0.6959094803205589,0.9412296484867516,3.209041604685775e-11,-5.4648330454210026e-06,2.5988506075551583e-08
nominal_proxy,Q4,136800.0,1.4849578469742952,1.4849578469742952,0.0,320.1052823442621,0.6952443596492577,0.6902944822423718,0.9357717431942079,3.16328599009664e-11,-5.375091476356175e-06,2.5770754324267817e-08
nominal_proxy,Q4,137100.0,1.464195958249889,1.464195958249889,0.0,320.1300751316972,0.6896178481882383,0.684737177371978,0.9303414332596837,3.118561904407415e-11,-5.28662820498127e-06,2.5553419278374157e-08
nominal_proxy,Q4,137400.0,1.4437068804363602,1.4437068804363602,0.0,320.1546117662663,0.6840493209228756,0.679236947323322,0.9249389129267613,3.0745101791563424e-11,-5.199429739422001e-06,2.5336524625676905e-08
nominal_proxy,Q4,137700.0,1.4234875582752182,1.4234875582752182,0.0,320.17889499127074,0.6785381543555418,0.6737931787828347,0.9195643641475709,3.0311570595624775e-11,-5.1135368916988e-06,2.5120360384919483e-08
nominal_proxy,Q4,138000.0,1.40353494094065,1.40353494094065,0.0,320.20292752800844,0.6730837301379499,0.6684052635395228,0.9142179569074205,4.979803769899481e-11,-5.038587473471523e-06,2.4952752274663038e-08
nominal_proxy,Q4,138300.0,1.3838460194863136,1.3838460194863136,0.0,320.22671207555175,0.6676854350975353,0.6630725985088214,0.9088998495354949,4.8859138175355175e-11,-4.957127862414978e-06,2.474782086413114e-08
nominal_proxy,Q4,138600.0,1.3644177624055023,1.3644177624055023,0.0,320.2502513109262,0.6623426612269153,0.6577945857680881,0.9036101890441938,4.81116288633907e-11,-4.875242652691014e-06,2.4535349742081515e-08
nominal_proxy,Q4,138900.0,1.3452471673931379,1.3452471673931379,0.0,320.27354788862766,0.6570548057701086,0.6525706325635966,0.8983491114071815,4.737615019269098e-11,-4.794560448440066e-06,2.4323493293280394e-08
nominal_proxy,Q4,139200.0,1.3263312461730896,1.3263312461730896,0.0,320.2966044406752,0.6518212711985399,0.6474001513277406,0.8931167418624251,4.665926318365258e-11,-4.715066698857129e-06,2.411226771917233e-08
nominal_proxy,Q4,139500.0,1.3076670253774798,1.3076670253774798,0.0,320.3194235765141,0.6466414652337588,0.6422825596933175,0.8879131952083317,4.5951769351252573e-11,-4.636754901587992e-06,2.3901729942995124e-08
nominal_proxy,Q4,139800.0,1.289251547559825,1.289251547559825,0.0,320.3420078829325,0.6415148008600808,0.6372172805028652,0.8827385760900881,4.525724285933735e-11,-4.5596048685592194e-06,2.3691866305844352e-08
nominal_proxy,Q4,140100.0,1.2710818719784596,1.2710818719784596,0.0,320.3643599239919,0.6364406963343818,0.6322037418157094,0.877592979281928,4.457618785416629e-11,-4.483623276430038e-06,2.348280210161362e-08
nominal_proxy,Q4,140400.0,1.2531550753727831,1.2531550753727831,0.0,320.38648224097227,0.6314185751929421,0.6272413769124231,0.8724764899636187,4.390700212580979e-11,-4.408782913856157e-06,2.3274486408158906e-08
nominal_proxy,Q4,140700.0,1.2354682525656497,1.2354682525656497,0.0,320.40837735232793,0.6264478662559801,0.6223296242971962,0.8673891839923352,4.3248758109027025e-11,-4.335069539340708e-06,2.3066934339110163e-08
nominal_proxy,Q4,141000.0,1.2180185171993254,1.2180185171993254,0.0,320.4300477536549,0.6215280036295617,0.6174679276972899,0.8623311281685081,4.260150966813176e-11,-4.262482234729248e-06,2.2860231611112512e-08
nominal_proxy,Q4,141300.0,1.200803003131489,1.200803003131489,0.0,320.4514959176703,0.616658426710289,0.6126557360610695,0.8573023804973882,4.2306642609025323e-11,-4.191634373817976e-06,2.265778585712486e-08
nominal_proxy,Q4,141600.0,1.1838188615295424,1.1838188615295424,0.0,320.4727242942106,0.6118385801627334,0.6078925035535404,0.8523029904465659,4.1680303918852754e-11,-4.121228355913331e-06,2.245269961464449e-08
nominal_proxy,Q4,141900.0,1.167063267726474,1.167063267726474,0.0,320.4937353102035,0.6070679139497543,0.6031776895510138,0.8473329991956796,4.157779334575168e-11,-4.051895687418039e-06,2.224844806931769e-08
nominal_proxy,Q4,142200.0,1.1505334133452776,1.1505334133452776,0.0,320.51453136971645,0.6023458832885826,0.5985107586319441,0.8423924398856675,4.096989702990548e-11,-3.983646269078989e-06,2.204517581232992e-08
nominal_proxy,Q4,142500.0,1.1342265151099387,1.1342265151099387,0.0,320.53511485392596,0.5976719486735413,0.5938911805683003,0.8374813378575557,4.037027863065843e-11,-3.916462386399644e-06,2.1842876598618724e-08
nominal_proxy,Q4,142800.0,1.1181398103862605,1.1181398103862605,0.0,320.55548812118406,0.5930455758491915,0.5893184303134766,0.832599710892847,3.9779905647105216e-11,-3.850328194054953e-06,2.164155308829121e-08
nominal_proxy,Q4,143100.0,1.102270558346402,1.102270558346402,0.0,320.57565350704186,0.5884662358017348,0.584791987989794,0.827747569444566,3.9198590390691425e-11,-3.7852358414358633e-06,2.1441251914132357e-08
nominal_proxy,Q4,143400.0,1.0866160404880048,1.0866160404880048,0.0,320.59561332428893,0.5839334047461943,0.5803113388739917,0.8229249168656038,3.862607748944239e-11,-3.7211727739183686e-06,2.1241992914904228e-08
nominal_proxy,Q4,143700.0,1.071173560963694,1.071173560963694,0.0,320.61536986300365,0.5794465641116163,0.5758759733813352,0.818131749631286,3.8063579494533206e-11,-3.658120635297024e-06,2.104376176547878e-08
nominal_proxy,Q4,144000.0,1.0559404468418905,1.0559404468418905,0.0,320.63492539060854,0.5750052005247646,0.5714853870483683,0.8133680575583855,3.7508292567294123e-11,-3.5960769977361196e-06,2.0846634630169415e-08
nominal_proxy,Q4,144300.0,1.040914048376373,1.040914048376373,0.0,320.6542821519348,0.5706088057923637,0.5671390805143349,0.808633824018822,3.6961752598495104e-11,-3.53503226735441e-06,2.06506467680928e-08
nominal_proxy,Q4,144600.0,1.0260917392096076,1.0260917392096076,0.0,320.67344236929165,0.5662568768819207,0.5628365595013534,0.8039290261493408,3.642426238833057e-11,-3.474960600824417e-06,2.045573744999031e-08
nominal_proxy,Q4,144900.0,1.0114709166013993,1.0114709166013993,0.0,320.69240824254223,0.5619489159015542,0.558577334793377,0.7992536350562773,3.589633163895942e-11,-3.415851744570375e-06,2.0261935132722905e-08
nominal_proxy,Q4,145200.0,0.9970490015812219,0.9970490015812219,0.0,320.711181949186,0.5576844300782761,0.5543609222139997,0.7946076160161448,3.5374716730172746e-11,-3.3577016909092094e-06,2.0069305087334818e-08
nominal_proxy,Q4,145500.0,0.9828234391365277,0.9828234391365277,0.0,320.7297656444457,0.5534629317352684,0.5501868426031747,0.7899909286719098,3.486009433501146e-11,-3.300491567714836e-06,1.9877823659402256e-08
nominal_proxy,Q4,145800.0,0.9687916983421114,0.9687916983421114,0.0,320.7481614613606,0.5492839382680614,0.5460546217928808,0.7854035272246256,3.435416686939999e-11,-3.244212084974052e-06,1.9687523209479636e-08
nominal_proxy,Q4,146100.0,0.9549512724960824,0.9549512724960824,0.0,320.76637151088426,0.5451469721196224,0.5419637905817911,0.7808453606210873,3.385576613884623e-11,-3.188853295310601e-06,1.949843166704083e-08
nominal_proxy,Q4,146400.0,0.9412996792242538,0.9412996792242538,0.0,320.78439788198733,0.5410515607544125,0.5379138847089971,0.7763163727367242,3.336497336470024e-11,-3.134400357707179e-06,1.9310546258824474e-08
nominal_proxy,Q4,146700.0,0.9278344605851392,0.9278344605851392,0.0,320.8022426417648,0.5369972366315727,0.5339044448268313,0.771816502555086,3.288133134896187e-11,-3.0808372879498336e-06,1.9123855628972623e-08
nominal_proxy,Q4,147000.0,0.914553183129279,0.914553183129279,0.0,320.8199078355484,0.5329835371771439,0.5299350164728343,0.7673456843426514,3.240429378808628e-11,-3.0281636038687054e-06,1.8938443639409303e-08
nominal_proxy,Q4,147300.0,0.9014534458625326,0.9014534458625326,0.0,320.83739548702226,0.529010004719748,0.5260051499790179,0.7629038490700636,3.193388459558284e-11,-2.976356494266419e-06,1.87542545995464e-08
nominal_proxy,Q4,147600.0,0.8885328447013349,0.8885328447013349,0.0,320.8547075984375,0.5250761865940233,0.5221144006936503,0.7584909195398452,3.1469481130625344e-11,-2.925410563014985e-06,1.8571340297561077e-08
nominal_proxy,Q4,147900.0,0.8757890340416238,0.8757890340416238,0.0,320.8718461504095,0.5211816349311293,0.5182623285666426,0.7541068181608734,3.101426010065712e-11,-2.875304411564805e-06,1.838965035637884e-08
nominal_proxy,Q4,148200.0,0.8632196928362321,0.8632196928362321,0.0,320.8888131024358,0.5173259067772127,0.5144484983815664,0.7497514620012731,3.010159201122243e-11,-2.8258576636464028e-06,1.8208107156606298e-08
nominal_proxy,Q4,148500.0,0.850822476856436,0.850822476856436,0.0,320.90561039301247,0.5135085638333149,0.5106724796520205,0.7454247642284193,2.958242245510936e-11,-2.7775318961476003e-06,1.802976679631506e-08
nominal_proxy,Q4,148800.0,0.838595118479347,0.838595118479347,0.0,320.9222399392709,0.5097291727639125,0.5069338466023012,0.7411266342547148,2.90723978322475e-11,-2.730004033058009e-06,1.785264397205981e-08
nominal_proxy,Q4,149100.0,0.8265353581957836,0.8265353581957836,0.0,320.93870363765393,0.5059873049197312,0.5032321781148347,0.7368569778834589,2.8573616548400372e-11,-2.6832731768733353e-06,1.7676814884377416e-08
nominal_proxy,Q4,149400.0,0.8146409595333237,0.8146409595333237,0.0,320.95500336388386,0.5022825363672954,0.49956705771109206,0.7326156974635663,2.808435557551352e-11,-2.6373276684754643e-06,1.7502285251309314e-08
nominal_proxy,Q4,149700.0,0.8029097105907833,0.8029097105907833,0.0,320.9711409730878,0.49861444785650855,0.4959380735140249,0.728402692024213,2.760491344109184e-11,-2.5921543068685438e-06,1.7329049315303937e-08
nominal_proxy,Q4,150000.0,0.7913394240976321,0.7913394240976321,0.0,320.9871182999428,0.49498262478639027,0.4923448182136272,0.7242178574113369,2.7134773471725674e-11,-2.547731291713262e-06,1.7157041911742088e-08
nominal_proxy,Q4,150300.0,0.7799279373468189,0.7799279373468189,0.0,321.00293715882333,0.49138665717019037,0.4887868890321454,0.7200610864211714,2.6673907055849232e-11,-2.5040666711273474e-06,1.698639713138752e-08
nominal_proxy,Q4,150600.0,0.7686731121472915,0.7686731121472915,0.0,321.0185993439517,0.48782613959983684,0.4852638876889027,0.7159322689294884,2.6221752586655617e-11,-2.4611329448864794e-06,1.6817008800890576e-08
nominal_proxy,Q4,150900.0,0.757572834697953,0.757572834697953,0.0,321.03410662955,0.4843006712102003,0.4817754203647659,0.7118312920183933,2.5778847414403044e-11,-2.41893237407087e-06,1.6648971172022075e-08
nominal_proxy,Q4,151200.0,0.7466250155271548,0.7466250155271548,0.0,321.0494607699941,0.4808098556428351,0.47832109766626113,0.7077580400994448,2.5344572637026982e-11,-2.3774450441660377e-06,1.6482226229101396e-08
nominal_proxy,Q4,151500.0,0.7358275893701663,0.7358275893701663,0.0,321.06466349996896,0.477353301009494,0.47490053458938797,0.7037123950333066,2.4918018411909045e-11,-2.336661650503835e-06,1.6316787067093527e-08
nominal_proxy,Q4,151800.0,0.7251785150790988,0.7251785150790988,0.0,321.0797165346254,0.4739306198553272,0.47151335048314547,0.6996942362461545,2.450070736067352e-11,-2.2965754200576782e-06,1.6152683704060133e-08
nominal_proxy,Q4,152100.0,0.7146757755142787,0.7146757755142787,0.0,321.09462156973905,0.47054142912175356,0.4681591690127997,0.6957034408438854,2.4090398600658353e-11,-2.257171882513731e-06,1.5989891238883757e-08
nominal_proxy,Q4,152400.0,0.7043173774162783,0.7043173774162783,0.0,321.1093802818699,0.46718535010912265,0.4648376181229276,0.6917398837216712,2.368810424930716e-11,-2.218442231916029e-06,1.5828423211457418e-08
nominal_proxy,Q4,152700.0,0.6941013513046963,0.6941013513046963,0.0,321.1239943285225,0.4638620084391886,0.4615483300002482,0.6878034376720419,2.329302808577787e-11,-2.1803774312711965e-06,1.5668290652556854e-08
nominal_proxy,Q4,153000.0,0.6840257513327737,0.6840257513327737,0.0,321.1384653483092,0.46057103401727584,0.4582909410362764,0.6838939734888787,2.290654625482954e-11,-2.142967064244772e-06,1.5509493693462782e-08
nominal_proxy,Q4,153300.0,0.6740886551709231,0.6740886551709231,0.0,321.1527949611126,0.4573120609943746,0.45506509178981874,0.6800113600691854,2.2526463314711946e-11,-2.1061958348500553e-06,1.5351995675705303e-08
nominal_proxy,Q4,153600.0,0.6642881638553666,0.6642881638553666,0.0,321.166984768249,0.4540847277290464,0.45187042694933216,0.676155464511716,2.2153198984377425e-11,-2.0700589054012397e-06,1.519583445549138e-08
nominal_proxy,Q4,153900.0,0.6546224016527158,0.6546224016527158,0.0,321.18103635263395,0.4508886767491649,0.44870659529516976,0.6723261522127477,2.1787233848167036e-11,-2.0345458207060574e-06,1.504100624404533e-08
nominal_proxy,Q4,154200.0,0.6450895159085743,0.6450895159085743,0.0,321.19495127894714,0.4477235547135837,0.44557324966173467,0.668523286959683,2.1427848710556737e-11,-1.999646138894917e-06,1.4887506050276376e-08
nominal_proxy,Q4,154500.0,0.6356876769002888,0.6356876769002888,0.0,321.2087310937982,0.44458901237374004,0.44247004689956154,0.6647467310211779,2.1075061158790985e-11,-1.9653532619123837e-06,1.473535637943466e-08
nominal_proxy,Q4,154800.0,0.6264150776751706,0.6264150776751706,0.0,321.2223773258934,0.4414847045350927,0.43939664783733934,0.6609963452351758,2.0729441400174784e-11,-1.9316508373945496e-06,1.458450555252858e-08
nominal_proxy,Q4,155100.0,0.6172699338872067,0.6172699338872067,0.0,321.2358914862026,0.43841029001863174,0.4363527172439088,0.6572719890943025,2.0389310782784523e-11,-1.8985296812434882e-06,1.4434953774790913e-08
nominal_proxy,Q4,155400.0,0.6082504836273145,0.6082504836273145,0.0,321.2492750681257,0.4353654316222938,0.43333792379023367,0.6535735208288923,2.005611810685806e-11,-1.8659907236040496e-06,1.4286777559492528e-08
nominal_proxy,Q4,155700.0,0.5993549872776361,0.5993549872776361,0.0,321.2625295476607,0.43234979608234336,0.4303519400113744,0.6499007974869164,1.9728107135558933e-11,-1.8340130557570333e-06,1.4139886055038449e-08
nominal_proxy,Q4,156000.0,0.5905817273061473,0.5905817273061473,0.0,321.2756563835709,0.4293630540348184,0.42739444226848194,0.6462536750129515,1.9406572938849898e-11,-1.8025947869926284e-06,1.3994332380280134e-08
nominal_proxy,Q4,156300.0,0.5819290081130174,0.5819290081130174,0.0,321.28865701755205,0.42640487997693527,0.4244651107108185,0.6426320083228163,1.9091113529171786e-11,-1.7717220152091429e-06,1.3850076131906819e-08
nominal_proxy,Q4,156600.0,0.5733951558447449,0.5733951558447449,0.0,321.3015328744006,0.42347495222861575,0.42156362923782564,0.6390356513777864,1.8780895233629324e-11,-1.7413922880349375e-06,1.3707164802943963e-08
nominal_proxy,Q4,156900.0,0.5649791505858728,0.5649791505858728,0.0,321.31428536218027,0.4205729522318701,0.4186896854612587,0.6354644572557244,4.6694248204417467e-11,-8.805975479919681e-07,6.979348396981376e-09
nominal_proxy,Q4,157200.0,0.5566779034525146,0.5566779034525146,0.0,321.32691587903616,0.4176985666027258,0.41584297070445403,0.6319182785233245,4.588113188250948e-11,-8.660290188311492e-07,6.911116357383718e-09
nominal_proxy,Q4,157500.0,0.5484906883622069,0.5484906883622069,0.0,321.3394257913965,0.414851485038882,0.4130231798499424,0.6283969662982675,4.8906480445482073e-11,-8.683196612846444e-07,6.9769519342025185e-09
nominal_proxy,Q4,157800.0,0.5404158885228812,0.5404158885228812,0.0,321.3518164587388,0.4120314005537639,0.4102300114119862,0.6249003714403935,4.806215552270458e-11,-8.540104415866168e-07,6.908943027471853e-09
nominal_proxy,Q4,158100.0,0.5324519349617952,0.5324519349617952,0.0,321.3640892241812,0.40923801006744837,0.40746316748450623,0.621428344182248,4.723678072978673e-11,-8.399208460962981e-07,6.8413394767335755e-09
nominal_proxy,Q4,158400.0,0.5245972756608663,0.5245972756608663,0.0,321.37624541493216,0.4064710140114438,0.40472235367240134,0.6179807341831939,4.642645453907954e-11,-8.260518757907676e-07,6.7741761594797734e-09
nominal_proxy,Q4,158700.0,0.5168503815843515,0.5168503815843515,0.0,321.38828634241685,0.4037301164240955,0.4020072790721153,0.6145573906037378,4.97549230956827e-11,-8.240097084666331e-07,6.803304773372069e-09
nominal_proxy,Q4,159000.0,0.5092097321920007,0.5092097321920007,0.0,321.4002133024693,0.4010150247034388,0.3993176562278384,0.6111581621567777,4.8918566458746636e-11,-8.104881267234632e-07,6.73697223957166e-09
nominal_proxy,Q4,159300.0,0.5016738383547992,0.5016738383547992,0.0,321.4120275753731,0.39832544988973967,0.3966532011046352,0.6077828971687481,4.809881624282287e-11,-7.97176541444955e-07,6.671065428747783e-09
nominal_proxy,Q4,159600.0,0.49424123324621716,0.49424123324621716,0.0,321.4237304261449,0.3956611064273013,0.39401363303623926,0.6044314436222566,4.72929879609395e-11,-7.840723907914793e-07,6.60558895862011e-09
nominal_proxy,Q4,159900.0,0.48691046828909734,0.48691046828909734,0.0,321.43532310472364,0.3930217121628864,0.3913986746980283,0.6011036492174927,4.650103667723615e-11,-7.711683297495497e-07,6.5405065919101334e-09
nominal_proxy,Q4,160200.0,0.4796801145557489,0.4796801145557489,0.0,321.4468068461178,0.390406988312329,0.38880805206892627,0.5977993614201433,4.572860453805143e-11,-7.584650724146158e-07,6.475849520465355e-09
nominal_proxy,Q4,160500.0,0.4725487627103353,0.4725487627103353,0.0,321.4581828705699,0.3878166594239705,0.38624149439503924,0.5945184275091946,4.496268397910508e-11,-7.459690354316706e-07,6.411698391534364e-09
nominal_proxy,Q4,160800.0,0.4655150227414428,0.4655150227414428,0.0,321.46945238372047,0.38525045334165436,0.3836987341536408,0.5912606946235678,4.4215103958551564e-11,-7.33662624041731e-07,6.347927845188818e-09
nominal_proxy,Q4,161100.0,0.4585775068222553,0.4585775068222553,0.0,321.48061657677175,0.38270810123063226,0.3811795071360516,0.5880260100039322,4.347989691379722e-11,-7.215519459702335e-07,6.284615208039917e-09
nominal_proxy,Q4,161400.0,0.4517348835827616,0.4517348835827616,0.0,321.4916766264731,0.38018933738207983,0.37868355207137605,0.5848142204697694,4.2759948648030894e-11,-7.096283717311636e-07,6.22171027219881e-09
nominal_proxy,Q4,161700.0,0.44498581939289494,0.44498581939289494,0.0,321.5026336956744,0.37769389929383607,0.3762106109028747,0.5816251729801977,4.2053708887911994e-11,-6.978955088277061e-07,6.159269098887946e-09
nominal_proxy,Q4,162000.0,0.4383292412036115,0.4383292412036115,0.0,321.5134889332667,0.3752215274558585,0.37376042866825954,0.5784587145342062,4.134665273439957e-11,-3.9507608251554416e-07,3.509714072060372e-09
nominal_proxy,Q4,162300.0,0.43176329414079817,0.43176329414079817,0.0,321.5242434768995,0.37277196574892013,0.3713327534719175,0.5753146923077537,4.06263323681933e-11,-3.8895998499821616e-07,3.4780868800650765e-09
nominal_proxy,Q4,162600.0,0.4252870258147435,0.4252870258147435,0.0,321.53489844468635,0.3703449611232154,0.3689273364274558,0.572192953362133,3.9918208422782605e-11,-3.8291314335969773e-07,3.4464547341516807e-09
nominal_proxy,Q4,162900.0,0.4188991635127917,0.4188991635127917,0.0,321.54545494470403,0.3679402634248449,0.36654393163592836,0.5690933450344481,3.892306211956876e-11,-3.7316217976757216e-07,3.3806409795448938e-09
nominal_proxy,Q4,163200.0,0.412598486054811,0.412598486054811,0.0,321.5559140715758,0.3655576256676335,0.3641822961565559,0.5660157148411902,3.824479024846196e-11,-3.6726847063572876e-07,3.3489336550333724e-09
nominal_proxy,Q4,163500.0,0.40638375011694916,0.40638375011694916,0.0,321.56627690698537,0.36319680366460055,0.3618421899593861,0.5629599105131337,3.757988407009135e-11,-3.6144738491117323e-07,3.3172775867355662e-09
nominal_proxy,Q4,163800.0,0.40025373926404945,0.40025373926404945,0.0,321.57654451941164,0.3608575562233163,0.35952337590674466,0.5599257800279783,3.692927372362817e-11,-3.557074366722368e-07,3.2857603647915826e-09
nominal_proxy,Q4,164100.0,0.3942072576264011,0.3942072576264011,0.0,321.5867179643836,0.3585396450678338,0.35722561970894995,0.5569131716346565,3.6290945068192015e-11,-3.500387579791209e-07,3.2543008171652853e-09
nominal_proxy,Q4,164400.0,0.3882431270752297,0.3882431270752297,0.0,321.5967982846683,0.356242834798116,0.35494868989304684,0.5539219338861181,3.566416527630083e-11,-3.444455253243106e-07,3.2229469309374228e-09
nominal_proxy,Q4,164700.0,0.38236018643423186,0.38236018643423186,0.0,321.60678651043077,0.35396689285466304,0.3526923577701302,0.5509519156692867,3.5049949033715786e-11,-3.389256220120984e-07,3.191688534095565e-09
nominal_proxy,Q4,165000.0,0.37655729106030844,0.37655729106030844,0.0,321.6166836593864,0.35171158948458436,0.3504563974027699,0.5480029662321937,3.4447940178825076e-11,-3.334840296131958e-07,3.1605823216488248e-09
nominal_proxy,Q4,165300.0,0.37083331254291946,0.37083331254291946,0.0,321.6264907369497,0.3494766977082035,0.34824058557268256,0.5450749352109411,3.3857693980782236e-11,-3.2811336231342025e-07,3.1295683371272952e-09
nominal_proxy,Q4,165600.0,0.3651871384304863,0.3651871384304863,0.0,321.6362087363805,0.34726199328617924,0.3460447017486883,0.5421676726554158,3.3277218597571776e-11,-3.228167986812913e-07,3.098686341748677e-09
nominal_proxy,Q4,165900.0,0.35961767199654954,0.35961767199654954,0.0,321.645838638929,0.3450672546869161,0.34386852805494245,0.5392810290536381,3.270921586992316e-11,-3.175955541334652e-07,3.0679580074095378e-09
nominal_proxy,Q4,166200.0,0.3541238320233663,0.3541238320233663,0.0,321.6553814139782,0.3428922630543273,0.3417118492394518,0.5364148553553005,3.215160514829947e-11,-3.124392812248189e-07,3.037293001225835e-09
nominal_proxy,Q4,166500.0,0.3487045525816874,0.3487045525816874,0.0,321.66483801918554,0.340736802175888,0.3395744526428736,0.5335690029944868,3.159070173751996e-11,-3.073226211292024e-07,3.0064516968981312e-09
nominal_proxy,Q4,166800.0,0.34335878278804255,0.34335878278804255,0.0,321.6742094006225,0.33860065845126286,0.33745612816759457,0.5307433239110827,3.10537164075604e-11,-3.023124438561453e-07,2.9760962391400588e-09
nominal_proxy,Q4,167100.0,0.3380854866933771,0.3380854866933771,0.0,321.68349649291287,0.3364836208606414,0.3353566682470851,0.527937670571539,3.052799805238579e-11,-2.9737350559777553e-07,2.9458938183198743e-09
nominal_proxy,Q4,167400.0,0.3328836430171824,0.3328836430171824,0.0,321.69270021937075,0.33438548093396225,0.3332758678155597,0.5251518959888398,3.001091198632465e-11,-2.9250359007138016e-07,2.9158322430188154e-09
nominal_proxy,Q4,167700.0,0.327752244972739,0.327752244972739,0.0,321.7018214921354,0.33230603272015746,0.33121352427789874,0.522385853741135,2.950541193751806e-11,-2.877048774774238e-07,2.885942967715211e-09
nominal_proxy,Q4,168000.0,0.3226903000849866,0.3226903000849866,0.0,321.71086121230667,0.33024507275672826,0.3291694374798687,0.5196393979896983,2.9009038882519205e-11,-2.829728797393294e-07,2.856190781563187e-09
nominal_proxy,Q4,168300.0,0.3176968299997551,0.3176968299997551,0.0,321.7198202700772,0.3282024000396632,0.3271434096786248,0.516912383496637,2.8523261429725134e-11,-2.783117658555767e-07,2.8266273679691023e-09
nominal_proxy,Q4,168600.0,0.31277112763462894,0.31277112763462894,0.0,321.7286995448653,0.3261778157556321,0.32513524551350026,0.5142046656411595,3.8800894608056426e-11,5.499507843564899e-08,5.620153157692628e-10
nominal_proxy,Q4,168900.0,0.3079116494344689,0.3079116494344689,0.0,321.73749990818106,0.32417112397071346,0.3231447519871508,0.5115161005309841,3.817796437975044e-11,5.436567507288714e-08,5.590223912910752e-10
nominal_proxy,Q4,169200.0,0.30311781251918996,0.30311781251918996,0.0,321.74622221471776,0.3221821309229017,0.32117173839374485,0.5088465458201427,3.7565619027946527e-11,5.3772133135066014e-08,5.563326658437357e-10
nominal_proxy,Q4,169500.0,0.2983886904479983,0.2983886904479983,0.0,321.754867312558,0.3202106451624718,0.319216016371638,0.5061958565585353,3.6962055476254276e-11,5.319786289259554e-08,5.537798705974048e-10
nominal_proxy,Q4,169800.0,0.2937233710424653,0.2937233710424653,0.0,321.76343603947106,0.31825647751591984,0.31727739978797137,0.5035638919079986,3.63730189406374e-11,5.265792307751482e-08,5.515250204125149e-10
nominal_proxy,Q4,170100.0,0.28912095241027147,0.28912095241027147,0.0,321.7719292230866,0.31631944109981547,0.3153557047655787,0.5009505105588327,3.579441250008895e-11,5.2139248807314686e-08,5.49436656248833e-10
nominal_proxy,Q4,170400.0,0.284580546962237,0.284580546962237,0.0,321.78034768097706,0.3143993512905127,0.3134507496401013,0.49835557189976293,3.523861995181564e-11,5.183880491532733e-08,5.496067840952911e-10
nominal_proxy,Q4,170700.0,0.2801012804061205,0.2801012804061205,0.0,321.7886922207956,0.3124960256963245,0.31156235493284,0.4957789360302795,3.4677920820437034e-11,5.136077185774468e-08,5.478552006466768e-10
nominal_proxy,Q4,171000.0,0.27568229212566037,0.27568229212566037,0.0,321.79696364040467,0.31060928412786654,0.3096903433238283,0.49322046377205525,3.412801453847713e-11,5.091418248115431e-08,5.463904341442114e-10
nominal_proxy,Q4,171300.0,0.2713227341334364,0.2713227341334364,0.0,321.8051627280082,0.3087389485707547,0.30783453962527757,0.4906800166789559,3.3590364047887044e-11,5.049030377124453e-08,5.451240063812195e-10
nominal_proxy,Q4,171600.0,0.26702177097076296,0.26702177097076296,0.0,321.813290262274,0.3068848431582056,0.3059947707552377,0.48815745704750646,3.306042404805611e-11,5.00803927216964e-08,5.439650935109765e-10
nominal_proxy,Q4,171900.0,0.26277857941797245,0.26277857941797245,0.0,321.8213470124551,0.3050467941439897,0.3041708657115591,0.48565264792587387,3.2540769629086336e-11,4.9688787306934046e-08,5.429635524867451e-10
nominal_proxy,Q4,172200.0,0.2585923482628936,0.2585923482628936,0.0,321.82933373850886,0.3032246298759521,0.3023626555461393,0.4831654531224857,3.203003598086063e-11,4.931904423743916e-08,5.421618098505099e-10
nominal_proxy,Q4,172500.0,0.25446227808314603,0.25446227808314603,0.0,321.83725119121357,0.3014181807698251,0.30056997333943886,0.4806957372142536,3.1529330499991235e-11,4.896728111880577e-08,5.415209858248855e-10
nominal_proxy,Q4,172800.0,0.2503875810563806,0.2503875810563806,0.0,321.8451001122842,0.2996272792833673,0.29879265417528167,0.4782433655540921,3.10368701828447e-11,4.8630691806828e-08,5.410131761382599e-10
nominal_proxy,Q4,173100.0,0.2463674807886858,0.2463674807886858,0.0,321.85288123448555,0.2978517598908523,0.2970305351159321,0.4758082042783151,3.055378541236865e-11,4.831262795379487e-08,5.406786692760523e-10
nominal_proxy,Q4,173400.0,0.24240121212181914,0.24240121212181914,0.0,321.86059528174417,0.29609145905783596,0.29528345517744853,0.4733901203127585,3.0078072245186124e-11,4.800558978113045e-08,5.404365026703168e-10
nominal_proxy,Q4,173700.0,0.2384880209911242,0.2384880209911242,0.0,321.8682429692598,0.29434621521623056,0.2935512553053145,0.4709889813791274,2.961042631275448e-11,4.771630957023376e-08,5.403649070781125e-10
nominal_proxy,Q4,174000.0,0.23462716424078045,0.23462716424078045,0.0,321.8758250036142,0.2926158687396902,0.2918337783503458,0.4686046560008196,2.9153905428208206e-11,4.7437459516075364e-08,5.40383765701551e-10
nominal_proxy,Q4,174300.0,0.23081790949342368,0.23081790949342368,0.0,321.88334208287887,0.29090026191926804,0.2901308690448676,0.4662370135080478,2.870152582854537e-11,4.7173297434977e-08,5.405437717580874e-10
nominal_proxy,Q4,174600.0,0.22705981454298318,0.22705981454298318,0.0,321.8907948967231,0.2891992386760077,0.28844237397916694,0.46388592404239337,3.644584984547007e-11,4.0549075053242234e-07,4.673718510795677e-09
nominal_proxy,Q4,174900.0,0.22335152179827092,0.22335152179827092,0.0,321.89818412950524,0.28751264532755866,0.2867681415879321,0.46155125865391095,3.58855253839596e-11,3.999103106722135e-07,4.636437355263707e-09
nominal_proxy,Q4,175200.0,0.21969271830229053,0.21969271830229053,0.0,321.9055104504868,0.28584032984547947,0.2851080220992737,0.4592328890030846,3.533581669253941e-11,3.9444056509907455e-07,4.599777380519893e-09
nominal_proxy,Q4,175500.0,0.21608271195463466,0.21608271195463466,0.0,321.9127745249833,0.28418214194483493,0.28346186753521635,0.4569306876946044,3.4795016588631887e-11,3.890690600527602e-07,4.563611414732337e-09
nominal_proxy,Q4,175800.0,0.21252081660945807,0.21252081660945807,0.0,321.9199770103092,0.28253793313049275,0.28182953168779096,0.45464452816275885,3.42648803540628e-11,3.837989212829296e-07,4.527992837757807e-09
nominal_proxy,Q4,176100.0,0.20900635675299997,0.20900635675299997,0.0,321.9271185558345,0.2809075566875474,0.28021087009380224,0.4523742846705438,3.3743691444280674e-11,3.7862945015398886e-07,4.492930635482301e-09
nominal_proxy,Q4,176400.0,0.20553866788501954,0.20553866788501954,0.0,321.93419980309284,0.2792908676600923,0.2786057400123148,0.45011983231189473,3.323210952592523e-11,3.735517677683209e-07,4.458336105508323e-09
nominal_proxy,Q4,176700.0,0.20211709614576603,0.20211709614576603,0.0,321.9412213858928,0.2776877228281228,0.2770140004028828,0.4478810470144269,3.272878213471786e-11,3.685737667569189e-07,4.424319555832515e-09
nominal_proxy,Q4,177000.0,0.19874099784900143,0.19874099784900143,0.0,321.9481839304269,0.2760979806846872,0.2754355119041327,0.44565780554130363,3.2234200821979426e-11,3.6368264030861575e-07,4.39074369428237e-09
nominal_proxy,Q4,177300.0,0.1954097391450985,0.1954097391450985,0.0,321.95508805537474,0.2745215014134735,0.2738701368126098,0.44344998549363396,3.174904380963885e-11,3.5888599456135317e-07,4.357715670278388e-09
nominal_proxy,Q4,177600.0,0.19212269570146853,0.19212269570146853,0.0,321.96193437200384,0.2729581468668911,0.27231773906187684,0.44125746531149623,3.127200097379298e-11,3.541971824450041e-07,4.3254150439130564e-09
nominal_proxy,Q4,177900.0,0.18887925778704107,0.18887925778704107,0.0,321.96872348426626,0.2714077805225054,0.27077818420234984,0.4390801242755626,3.347409654713479e-11,3.617403674383013e-07,4.442765872345179e-09
nominal_proxy,Q4,178200.0,0.1856788061450322,0.1856788061450322,0.0,321.97545598895107,0.26987026754564786,0.2692513393821914,0.43691784251280863,3.298626691810968e-11,3.571081021169764e-07,4.410861378749606e-09
nominal_proxy,Q4,178500.0,0.1825207529291061,0.1825207529291061,0.0,321.98213247557806,0.2683454746551554,0.2677370733205911,0.43477050098050907,3.250738300627296e-11,3.5255981570281314e-07,4.379426883148544e-09
nominal_proxy,Q4,178800.0,0.1794045090679823,0.1794045090679823,0.0,321.98875352673014,0.26683327016500497,0.2662352562950779,0.43263798148361254,3.203621248069661e-11,3.4808985735490516e-07,4.348406492934116e-09
nominal_proxy,Q4,179100.0,0.17632949467083675,0.17632949467083675,0.0,321.9953197180369,0.2653335239556617,0.2647457601190991,0.4305201666685592,3.1573604279030574e-11,3.437020686392067e-07,4.31786208184585e-09
nominal_proxy,Q4,179400.0,0.1732951383708865,0.1732951383708865,0.0,322.0018316182696,0.2638461074528367,0.26326845812290167,0.42841694002331016,3.112004743250732e-11,3.393903753590166e-07,4.287731443598976e-09
nominal_proxy,Q4,179700.0,0.17030087715490025,0.17030087715490025,0.0,322.0082897894289,0.2623708936076819,0.2618032251343429,0.4263281858771187,3.067177556422804e-11,3.3515320016497263e-07,4.258007885408721e-09
nominal_proxy,Q4,180000.0,0.1673461562134113,0.1673461562134113,0.0,322.0146947868322,0.2609077568772999,0.2603499374599035,0.42425378940003095,3.023234780781918e-11,3.3099448826234834e-07,4.2287549212013776e-09
nominal_proxy,Q4,180300.0,0.16443042881443554,0.16443042881443554,0.0,322.02104715919836,0.2594565732056304,0.2589084728659384,0.42219363660141324,2.9800929166625346e-11,3.269068211131376e-07,4.199891296825358e-09
nominal_proxy,Q4,180600.0,0.16155315617954663,0.16155315617954663,0.0,322.02734744873226,0.2580172200044882,0.25747871056016247,0.42014761432917397,2.9375775254693166e-11,3.2288183432482853e-07,4.171321515145539e-09
nominal_proxy,Q4,180900.0,0.15871380738097632,0.15871380738097632,0.0,322.03359619120744,0.2565895761348518,0.2560605311733711,0.41811561026833466,2.8957800200295216e-11,3.1893676424865625e-07,4.14328034486012e-09
nominal_proxy,Q4,181200.0,0.1559118591939303,0.1559118591939303,0.0,322.03979391604855,0.25517352188853293,0.2546538167413936,0.4160975129395953,2.8546116519782352e-11,3.15052128996296e-07,4.115527957401992e-09
nominal_proxy,Q4,181500.0,0.1531467960101707,0.1531467960101707,0.0,322.0459411464116,0.2537689389698433,0.25325845068726677,0.4140932116973525,2.814370672060751e-11,3.112372060354307e-07,4.088196757502785e-09
nominal_proxy,Q4,181800.0,0.1504181097052247,0.1504181097052247,0.0,322.0520383992647,0.2523757104776963,0.25187431780364306,0.4121025967285581,2.774810017934375e-11,3.074892505894322e-07,4.061263133014625e-09
nominal_proxy,Q4,182100.0,0.147725588181069,0.147725588181069,0.0,322.05808618546655,0.25099372056084923,0.25050130423541295,0.4101255590493441,3.7475283749550934e-11,6.905501836462768e-07,9.170882603533296e-09
nominal_proxy,Q4,182400.0,0.1450680664965616,0.1450680664965616,0.0,322.06408501294544,0.24962285542322846,0.24913929747315028,0.4081619905892363,3.69395422036898e-11,6.81473108082864e-07,9.100036225014275e-09
nominal_proxy,Q4,182700.0,0.14244546736516964,0.14244546736516964,0.0,322.07003537646153,0.24826300228857875,0.24778818630417274,0.4062117839093054,3.63878359115754e-11,6.720433640972079e-07,9.023271797812099e-09
nominal_proxy,Q4,183000.0,0.13985730753650555,0.13985730753650555,0.0,322.07593776928917,0.24691404963975636,0.24644786082553685,0.404274832506428,3.5868993121877704e-11,6.632706544551503e-07,8.95413681296321e-09
nominal_proxy,Q4,183300.0,0.1373031075471601,0.1373031075471601,0.0,322.0817926788565,0.245575887265068,0.24511821242209034,0.4023510306998852,3.5360429222059385e-11,6.546538647567157e-07,8.885968298808045e-09
nominal_proxy,Q4,183600.0,0.13478244857685215,0.13478244857685215,0.0,322.08760058678433,0.2442484061964338,0.24379913374749365,0.4004402736251196,3.4032435050754156e-11,7.138948114604471e-07,9.742742679847907e-09
nominal_proxy,Q4,183900.0,0.13229474834700608,0.13229474834700608,0.0,322.093361969539,0.2429314988542857,0.24249051870987542,0.39854245724547804,3.354952253914449e-11,7.05023925379189e-07,9.673837120124054e-09
nominal_proxy,Q4,184200.0,0.12983962673493482,0.12983962673493482,0.0,322.09907729667276,0.24162505888427957,0.24119226244950373,0.3966574783018537,3.3075307647795345e-11,6.963021829675675e-07,9.605821876571785e-09
nominal_proxy,Q4,184500.0,0.12741663521573113,0.12741663521573113,0.0,322.10474703299815,0.24032898115435536,0.23990426132935963,0.3947852343620369,3.260968847037581e-11,6.877170125874077e-07,9.538550161312836e-09
nominal_proxy,Q4,184800.0,0.12502533241716585,0.12502533241716585,0.0,322.1103716378517,0.239043161762168,0.23862641291835646,0.3929256237995279,3.215198525820024e-11,6.792737029526208e-07,9.472120682379148e-09
nominal_proxy,Q4,185100.0,0.12266528408386018,0.12266528408386018,0.0,322.11595156517126,0.23776749801920846,0.2373586159754848,0.39107854578933593,3.1701632697814615e-11,6.709667613180592e-07,9.406482760227864e-09
nominal_proxy,Q4,185400.0,0.12033606273756345,0.12033606273756345,0.0,322.12148726357253,0.2365018884345833,0.23610077043474242,0.3892439003041055,3.125748925241443e-11,6.627852985052751e-07,9.341508192489581e-09
nominal_proxy,Q4,185700.0,0.11803724742705574,0.11803724742705574,0.0,322.126979176422,0.23524623269921555,0.2348527773902594,0.38742158811142813,3.082171578735577e-11,6.547402097711874e-07,9.277374353086658e-09
nominal_proxy,Q4,186000.0,0.1157684234948407,0.1157684234948407,0.0,322.13242774190786,0.2340004316705127,0.23361453908161045,0.385611510770217,3.039364342980117e-11,6.468241629808968e-07,9.214002418190206e-09
nominal_proxy,Q4,186300.0,0.11352918242529797,0.11352918242529797,0.0,322.13783339310777,0.23276438735730576,0.23238595887930816,0.3838135706264732,2.997173248101962e-11,6.390260179900409e-07,9.151256989170225e-09
nominal_proxy,Q4,186600.0,0.11131912171329725,0.11131912171329725,0.0,322.143196558056,0.23153800290500726,0.23116694127048434,0.3820276708103229,2.955736183639635e-11,6.313564235582714e-07,9.089313138475688e-09
nominal_proxy,Q4,186900.0,0.10913784472713434,0.10913784472713434,0.0,322.148517659808,0.23032118258115214,0.22995739184475553,0.3802537152316563,2.914927924287858e-11,6.238081504128523e-07,9.028090591031616e-09
nominal_proxy,Q4,187200.0,0.10698496059631622,0.10698496059631622,0.0,322.1537971165054,0.22911383176101702,0.2287572172802649,0.3784916085762355,2.8746928661577456e-11,6.163706832568172e-07,8.967459224951816e-09
nominal_proxy,Q4,187500.0,0.10486008414050026,0.10486008414050026,0.0,322.1590353414384,0.22791585691352018,0.22756632532991042,0.3767412563019383,2.8352846787621852e-11,6.090575728895375e-07,8.907637832334425e-09
nominal_proxy,Q4,187800.0,0.10276283573244113,0.10276283573244113,0.0,322.1642327431078,0.22672716558734402,0.22638462480774887,0.37500256463419196,2.7964953288847708e-11,6.018538989127631e-07,8.848430922891267e-09
nominal_proxy,Q4,188100.0,0.10069284124887692,0.10069284124887692,0.0,322.1693897252863,0.22554766639719673,0.2252120255755747,0.3732754405623277,2.7582804333253514e-11,5.947622713498024e-07,8.789897657411461e-09
nominal_proxy,Q4,188400.0,0.09864999960180909,0.09864999960180909,0.0,322.1745066870786,0.2243772686380644,0.22404843852967532,0.37155979183509635,3.826597155890748e-11,9.670850857901314e-07,1.4366949790416076e-08
nominal_proxy,Q4,188700.0,0.09663331836799799,0.09663331836799799,0.0,322.17958402586925,0.22321588347707294,0.22289377559895587,0.3698555270282501,3.774076909661948e-11,9.549328778279964e-07,1.4260228901170166e-08
nominal_proxy,Q4,189000.0,0.09464283236445846,0.09464283236445846,0.0,322.18462212770623,0.22206342266111828,0.22174794969646042,0.36816255530289727,3.722472662832755e-11,9.429670990573902e-07,1.415462135032196e-08
nominal_proxy,Q4,189300.0,0.0926781781000676,0.0926781781000676,0.0,322.1896213783851,0.22091979889964677,0.22061087474329188,0.3664807866650079,3.671695329550158e-11,9.311936007699861e-07,1.4050251198369393e-08
nominal_proxy,Q4,189600.0,0.0907390001957215,0.0907390001957215,0.0,322.19458215915284,0.2197849259141899,0.21948246564556256,0.364810131863423,3.6216970375624313e-11,9.196075173995011e-07,1.3947082032952846e-08
nominal_proxy,Q4,189900.0,0.0888249510300474,0.0888249510300474,0.0,322.1995048467982,0.21865871842270698,0.2183626382799344,0.36315050238303603,3.5725971518553984e-11,9.081982746961259e-07,1.3844989141791485e-08
nominal_proxy,Q4,190200.0,0.08693568955857765,0.08693568955857765,0.0,322.20438981373616,0.21754109212336253,0.2172513094814271,0.36150181044032587,3.524154959626326e-11,8.969779463491312e-07,1.374419176922638e-08
nominal_proxy,Q4,190500.0,0.08507088060384915,0.08507088060384915,0.0,322.2092374280807,0.21643196368034553,0.21614839703142283,0.3598639689794954,3.4765821591194725e-11,8.859270372862937e-07,1.3644426978674685e-08
nominal_proxy,Q4,190800.0,0.08323019443993547,0.08323019443993547,0.0,322.2140480537097,0.21533125071042014,0.21505381964578774,0.35823689166814476,3.429787536625222e-11,8.750502139137639e-07,1.354579995590981e-08
nominal_proxy,Q4,191100.0,0.0814133064895047,0.0814133064895047,0.0,322.218822050326,0.2142388717702893,0.21396749696313697,0.3566204928930305,3.3836952324874844e-11,8.643438039468432e-07,1.3448287835670455e-08
nominal_proxy,Q4,191400.0,0.0796198971002416,0.0796198971002416,0.0,322.223559773514,0.21315474634424383,0.2128893495332395,0.3550146877552604,3.338307544702708e-11,8.537989455020822e-07,1.3351785657217649e-08
nominal_proxy,Q4,191700.0,0.07784963423429701,0.07784963423429701,0.0,322.2282615747956,0.2120787949049311,0.211819298935594,0.353419390518792,3.2937278808860556e-11,8.434331726231425e-07,1.3256600736552182e-08
nominal_proxy,Q4,192000.0,0.07610224959866568,0.07610224959866568,0.0,322.23292780148086,0.2110109386330222,0.21075726724509083,0.351834520774255,3.249878179777927e-11,8.33219256313189e-07,1.316233906657441e-08
nominal_proxy,Q4,192300.0,0.07437740912407192,0.07437740912407192,0.0,322.2375587974093,0.20995109976433737,0.20970317781112072,0.3502599942151443,3.206692250145968e-11,8.231590749585571e-07,1.3069060301542024e-08
nominal_proxy,Q4,192600.0,0.07267481351600708,0.07267481351600708,0.0,322.2421549021911,0.20889920138157447,0.20865695471404275,0.3486957287520064,3.1642178308375825e-11,8.132564893181815e-07,1.2976856524416773e-08
nominal_proxy,Q4,192900.0,0.07099416645102019,0.07099416645102019,0.0,322.2467164516016,0.20785516743364219,0.2076185228904861,0.34714164298794103,3.122361763207697e-11,8.035041950682498e-07,1.2885642199630322e-08
nominal_proxy,Q4,193200.0,0.06933524461203504,0.06933524461203504,0.0,322.25124377761557,0.20681892259188128,0.2065878081218335,0.34559765621292565,3.458123630140554e-11,9.035977001498052e-07,1.4563427253589806e-08
nominal_proxy,Q4,193500.0,0.06769759690951936,0.06769759690951936,0.0,322.25573720919914,0.20579039270680588,0.2055647370277375,0.3440636884175902,3.414517644531726e-11,8.931890065205783e-07,1.446761750750798e-08
nominal_proxy,Q4,193800.0,0.06608104184206752,0.06608104184206752,0.0,322.26019706984755,0.2047695042375676,0.20454923704121653,0.3425396602234751,3.37155961883231e-11,8.829367463686344e-07,1.4372855464263484e-08
nominal_proxy,Q4,194100.0,0.06448529551002097,0.06448529551002097,0.0,322.26462368050437,0.20375618449155095,0.20354123641594993,0.34102549295404033,3.3293664541136236e-11,8.728297155591314e-07,1.427898933451882e-08
nominal_proxy,Q4,194400.0,0.06291007969629268,0.06291007969629268,0.0,322.26901735845587,0.20275036159725618,0.20254066420785952,0.33952110859863044,3.2877042452062424e-11,8.628772939361928e-07,1.4186202302156093e-08
nominal_proxy,Q4,194700.0,0.06135512084685613,0.06135512084685613,0.0,322.27337841739444,0.20175196449181407,0.20154745026588133,0.33802642980770314,3.2467752998074796e-11,8.53067036017674e-07,1.4094320191072812e-08
nominal_proxy,Q4,195000.0,0.05982014969532935,0.05982014969532935,0.0,322.2777071674724,0.20076092290978337,0.20056152522213097,0.3365413798895548,3.206456892523151e-11,8.433996101647745e-07,1.4003382695874135e-08
nominal_proxy,Q4,195300.0,0.05830490103342832,0.05830490103342832,0.0,322.2820039153496,0.1997771673726863,0.19958282048215578,0.3350658828047251,3.1667097183646895e-11,8.338742716190728e-07,1.3913406331423118e-08
nominal_proxy,Q4,195600.0,0.056809113579984874,0.056809113579984874,0.0,322.2862689642408,0.19880062917894586,0.19861126821530564,0.3335998631616304,3.1276210786398654e-11,8.244879180635545e-07,1.382436801916776e-08
nominal_proxy,Q4,195900.0,0.05533252984884048,0.05533252984884048,0.0,322.29050261395986,0.1978312403939423,0.19764680134522117,0.3321432462116247,3.0890596269288814e-11,8.152325048013664e-07,1.373616056422619e-08
nominal_proxy,Q4,196200.0,0.053874896083765896,0.053874896083765896,0.0,322.29470516096404,0.1968689338403568,0.19668935354045336,0.3306959578444853,3.051090439029265e-11,8.061127315175942e-07,1.364889008120973e-08
nominal_proxy,Q4,196500.0,0.052435962155230206,0.052435962155230206,0.0,322.29887689839626,0.19591364308863404,0.19573885920520004,0.32925792458295505,3.013738302288975e-11,7.971250289146026e-07,1.3562523711088567e-08
nominal_proxy,Q4,196800.0,0.051015481508411786,0.051015481508411786,0.0,322.3030181161273,0.19496530244764504,0.19479525347016616,0.3278290735788694,2.9769135948522744e-11,7.882647473089754e-07,1.3477009112440265e-08
nominal_proxy,Q4,197100.0,0.0496132110870882,0.0496132110870882,0.0,322.30712910079706,0.19402384695541314,0.1938584721835443,0.3264093326076084,2.940636382980947e-11,7.795264354432119e-07,1.339227879588684e-08
nominal_proxy,Q4,197400.0,0.048228911293625436,0.048228911293625436,0.0,322.31121013585494,0.19308921237001883,0.19292845190211466,0.32499863006353946,2.905019878048637e-11,7.709223745419602e-07,1.330856973795501e-08
nominal_proxy,Q4,197700.0,0.04686234589408193,0.04686234589408193,0.0,322.3152615016,0.1921613351606743,0.19200512988246213,0.32359689495533794,2.8698220039942815e-11,7.62430431497374e-07,1.3225526194085356e-08
nominal_proxy,Q4,198000.0,0.04551328202480839,0.04551328202480839,0.0,322.31928347522006,0.19124015249883142,0.19108844407230827,0.3222040569010068,2.8351304279129426e-11,7.540678632275699e-07,1.3143471761806188e-08
nominal_proxy,Q4,198300.0,0.04418149007527873,0.04418149007527873,0.0,322.3232763308306,0.1903256022494784,0.19017833310195928,0.320820046123411,2.8010551443193317e-11,7.458195446924387e-07,1.3062168828532416e-08
nominal_proxy,Q4,198600.0,0.04286674368459465,0.04286674368459465,0.0,322.32724033951354,0.18941762296252201,0.18927473627586716,0.3194447934450915,2.767368401965485e-11,7.376881388035383e-07,1.2981687892709903e-08
nominal_proxy,Q4,198900.0,0.04156881967538382,0.04156881967538382,0.0,322.331175769354,0.18851615386432058,0.18837759356430075,0.3180782302837574,2.734301544656624e-11,7.296694365180323e-07,1.2901978982716996e-08
nominal_proxy,Q4,199200.0,0.04028749800531996,0.04028749800531996,0.0,322.3350828854785,0.1876211348492777,0.18748684559512882,0.31672028864759544,2.7016470410508718e-11,7.217606564774437e-07,1.2823016217536084e-08
nominal_proxy,Q4,199500.0,0.03902256172039796,0.03902256172039796,0.0,322.338961950091,0.18673250647155665,0.18660243364571016,0.31537090113050703,2.6694507920974462e-11,7.139664529448586e-07,1.2744905648472993e-08
nominal_proxy,Q4,199800.0,0.037773758204458524,0.037773758204458524,0.0,322.34281322250945,0.18585021008368974,0.1857242999106085,0.31403000141481774,2.6378907860540405e-11,7.062800833346206e-07,1.2667550622560993e-08
nominal_proxy,Q4,200100.0,0.036540938094967,0.036540938094967,0.0,322.3466369587869,0.1849741874042647,0.18485238660627665,0.31269752262733225,2.6065580511711894e-11,6.986985544021884e-07,1.259091992252175e-08
nominal_proxy,Q4,200400.0,0.035323881864800385,0.035323881864800385,0.0,322.3504334128229,0.1841043808949809,0.18398663692617964,0.31137339912150563,2.5758720390745246e-11,6.912244209095197e-07,1.251508188904019e-08
nominal_proxy,Q4,200700.0,0.03412237917284489,0.03412237917284489,0.0,322.3542028356117,0.1832407336610789,0.18312699467666574,0.31005756580712873,2.545540827202079e-11,6.838488956287248e-07,1.2439899542088498e-08
nominal_proxy,Q4,201000.0,0.0329362248727611,0.0329362248727611,0.0,322.35794547534414,0.18238318943319237,0.18227340427221278,0.3087499581514545,2.5157209564916202e-11,6.765788835294551e-07,1.2365519827277143e-08
nominal_proxy,Q4,201300.0,0.031765217873479,0.031765217873479,0.0,322.36166157746766,0.18153169255683566,0.1814258107286269,0.3074505121752512,2.4862772817708735e-11,6.694108528951248e-07,1.2291900539360628e-08
nominal_proxy,Q4,201600.0,0.03060916059631081,0.03060916059631081,0.0,322.36535138473187,0.1806861879836064,0.18058415965606095,0.30615916445012303,2.4572645642510574e-11,6.623326790425321e-07,1.2218839865107737e-08
nominal_proxy,Q4,201900.0,0.02946785866936502,0.02946785866936502,0.0,322.36901513723086,0.17984662126304563,0.17974839725202066,0.3048758520937632,2.4286676069358795e-11,6.553618750460011e-07,1.214668125619963e-08
nominal_proxy,Q4,202200.0,0.028341120671308465,0.028341120671308465,0.0,322.3726530724396,0.17901293853505518,0.1789184702943964,0.3036005127665398,2.400507975845952e-11,6.484736729955864e-07,1.207498702425913e-08
nominal_proxy,Q4,202500.0,0.027228758029732753,0.027228758029732753,0.0,322.37626542524924,0.1781850865223469,0.17809432613453485,0.30233308466682135,2.3727935072017616e-11,6.416861160936371e-07,1.2004111915639297e-08
nominal_proxy,Q4,202800.0,0.026130584868977923,0.026130584868977923,0.0,322.379852428001,0.17736301252329453,0.1772759126903695,0.3010735065270232,2.3453603033892475e-11,6.34991465429946e-07,1.193393249238944e-08
nominal_proxy,Q4,203100.0,0.025046417950136773,0.025046417950136773,0.0,322.3834143105181,0.17654666440483988,0.17646317843961093,0.2998217176091863,2.318411101039766e-11,6.283814527989484e-07,1.186431275676789e-08
nominal_proxy,Q4,203400.0,0.02397628824156646,0.02397628824156646,0.0,322.3869513001373,0.17573599011356586,0.17565607241300676,0.29857765770082506,3.2268984872058673e-11,9.780738377679343e-07,1.8551954689453454e-08
nominal_proxy,Q4,203700.0,0.022919511986492603,0.022919511986492603,0.0,322.39046362404264,0.17493093934745205,0.17485454419919078,0.2973412671606233,3.188473585188997e-11,9.675081112277273e-07,1.8436001369775596e-08
nominal_proxy,Q4,204000.0,0.021876242046266703,0.021876242046266703,0.0,322.3939515014912,0.17413146151492734,0.17405854389841827,0.2961124867440878,3.150675808234019e-11,9.570935451952423e-07,1.8321283182039944e-08
nominal_proxy,Q4,204300.0,0.0208462882909429,0.0208462882909429,0.0,322.39741515291814,0.1733375066350443,0.17326802216345324,0.2948912577968617,3.1133549789551236e-11,9.468136271395533e-07,1.820751599042813e-08
nominal_proxy,Q4,204600.0,0.01982947255072443,0.01982947255072443,0.0,322.4008547962088,0.17254902529197658,0.172482930172408,0.2936775221687422,3.07655758221359e-11,9.366801547762427e-07,1.8094956939363592e-08
nominal_proxy,Q4,204900.0,0.018825751151332427,0.018825751151332427,0.0,322.404270646831,0.17176596832098068,0.17170321962320945,0.2924712222114145,3.5349458495078974e-11,1.14181996311441e-06,2.2158443729681467e-08
nominal_proxy,Q4,205200.0,0.01783465008876871,0.01783465008876871,0.0,322.4076629193027,0.1709882878006732,0.17092884273474968,0.29127230080581507,3.496501737837111e-11,1.1303117079981828e-06,2.2034875849037198e-08
nominal_proxy,Q4,205500.0,0.016856200270282812,0.016856200270282812,0.0,322.41103182250885,0.1702159358208061,0.17015975221642193,0.2900807012539998,3.458701251020663e-11,1.1189550321033526e-06,2.191246130407998e-08
nominal_proxy,Q4,205800.0,0.01589023005348196,0.01589023005348196,0.0,322.41437756520133,0.16944886503277973,0.16939590129173188,0.28889636739678837,3.4214000616564544e-11,1.1077391266073322e-06,2.179102087608241e-08
nominal_proxy,Q4,206100.0,0.014936575281732135,0.014936575281732135,0.0,322.4177003537972,0.168687028607295,0.1686372436785711,0.28771924355860096,3.3846099006154374e-11,1.0966645619843451e-06,2.167059654870066e-08
nominal_proxy,Q4,206400.0,0.01399507601276282,0.01399507601276282,0.0,322.4210003924625,0.16793038021859083,0.16788373358431893,0.2865492745450127,3.348292869063266e-11,1.0857311939296843e-06,2.155121649254123e-08
nominal_proxy,Q4,206700.0,0.013065575466719909,0.013065575466719909,0.0,322.42427788316104,0.1671788740352806,0.16713532570016654,0.2853864056390144,3.312493621679083e-11,1.0749325043135638e-06,2.14327819133159e-08
nominal_proxy,Q4,207000.0,0.012147919579152105,0.012147919579152105,0.0,322.42753302569184,0.16643246471304088,0.16639197519536467,0.28423058259767714,3.277172844136267e-11,1.0642762884698065e-06,2.1315478529680846e-08
nominal_proxy,Q4,207300.0,-0.23367190889378034,0.007300951107529905,-0.24097286000131024,322.4307660179712,0.16569621318134098,0.1656718801997918,0.2830776423183223,3.246285173268634e-11,1.0566427725844374e-06,2.1256626857408988e-08
nominal_proxy,Q4,207600.0,-0.6042605908029263,-0.001891078211092287,-0.602369512591834,322.4339344294247,0.16497749522305608,0.16498380255172027,0.2819250016444506,4.43627886580499e-11,1.120388164799202e-06,2.2637191884553566e-08
nominal_proxy,Q4,207900.0,-0.7938214514620653,-0.010880591756093246,-0.782940859705972,322.43699139521834,0.16427757828432415,0.1643138506436269,0.280775314298552,4.401164814689648e-11,1.1160347341832022e-06,2.2645304486848882e-08
nominal_proxy,Q4,208200.0,-0.7997219581924138,-0.016942344147338348,-0.7827796140450755,322.43993932846826,0.1635920189998152,0.16364849718029909,0.2796319621816414,4.363800958682865e-11,1.1099978246553732e-06,2.2617195945576194e-08
nominal_proxy,Q4,208500.0,-0.6203376866477137,-0.018311484804474292,-0.6020262018432394,322.4428101552058,0.16291324767697168,0.16297428962895377,0.27849837520135695,4.3220051302613956e-11,1.1007901521420393e-06,2.2523033328853087e-08
nominal_proxy,Q4,208800.0,-0.25461770351516166,-0.013835443061707905,-0.24078226045345377,322.44565491428347,0.16223176600752454,0.16227788777550844,0.2773779660563645,4.27356982369819e-11,1.0873334647387711e-06,2.2341154088740327e-08
nominal_proxy,Q4,209100.0,-0.007578643406860652,-0.007578643406860652,0.0,322.4485370904746,0.1615431233850475,0.16156838949096608,0.2762691195859495,4.540937135019928e-11,1.1883687119906838e-06,2.4521186398799068e-08
nominal_proxy,Q4,209400.0,-0.003889373084125042,-0.003889373084125042,0.0,322.4514759345193,0.16085054098286716,0.16086350947185588,0.27516761307244814,4.490179742750904e-11,1.173612488775122e-06,2.4320972782224548e-08
nominal_proxy,Q4,209700.0,-0.001683491128795584,-0.001683491128795584,0.0,322.45444346986864,0.1601574285297304,0.1601630440336223,0.27407281621716667,4.441130469232941e-11,1.1600387788517075e-06,2.414371887088515e-08
nominal_proxy,Q4,210000.0,-0.000435182573490539,-0.000435182573490539,0.0,322.45742355586077,0.15946551961145292,0.15946697404441365,0.2729845165410136,4.393663467902422e-11,1.1473147298601827e-06,2.398250381766295e-08
nominal_proxy,Q4,210300.0,0.00017567605855377602,0.00017567605855377602,0.0,322.46040579315627,0.15877587879425734,0.15877529699140575,0.27190259609176715,4.347177210845309e-11,1.13520307669715e-06,2.3832400011846305e-08
nominal_proxy,Q4,210600.0,0.00035799595543120274,0.00035799595543120274,0.0,322.4633832782354,0.158089199175706,0.15808800960106953,0.2708269797108358,4.301665902913897e-11,1.1235644925798594e-06,2.3690517725399014e-08
nominal_proxy,Q4,210900.0,0.00025139104911495527,0.00025139104911495527,0.0,322.4663513892527,0.15740593899523325,0.15740510473268934,0.26975761494346073,4.256930427780864e-11,1.1122859424374243e-06,2.355451027954559e-08
nominal_proxy,Q4,211200.0,-4.996463444683838e-05,-4.996463444683838e-05,0.0,322.46930702939585,0.15672640077291156,0.1567265709926687,0.26869446151078674,4.2129920592807264e-11,1.1012926983723637e-06,2.34228288478357e-08
nominal_proxy,Q4,211500.0,-0.00048224685747516594,-0.00048224685747516594,0.0,322.47224813065134,0.15605078190372323,0.15605239302838148,0.2676374852328217,4.1696725001539375e-11,1.0905399970284613e-06,2.3294553728483904e-08
nominal_proxy,Q4,211800.0,-0.0010020534284679167,-0.0010020534284679167,0.0,322.4751733222993,0.15537920823212334,0.15538255201017953,0.2665866544682713,4.127073904259659e-11,1.0799883896212004e-06,2.3168874006355457e-08
nominal_proxy,Q4,212100.0,-0.0015797774945789309,-0.0015797774945789309,0.0,322.4780817078007,0.15471175665935888,0.1547170261497062,0.26554193807907667,4.085007877098099e-11,1.0696096172171932e-06,2.3045213031703365e-08
nominal_proxy,Q4,212400.0,-0.002195157989280213,-0.002195157989280213,0.0,322.48097271404833,0.1540484704719674,0.15405579119660473,0.2645033043340163,4.0437855765876235e-11,1.059401918027808e-06,2.292356240824843e-08
nominal_proxy,Q4,212700.0,-0.0028342826579562143,-0.0028342826579562143,0.0,322.48384598921695,0.15338936978287515,0.15339882088954493,0.2634707203843552,4.002848142412515e-11,1.0493429771184226e-06,2.2803470205785937e-08
nominal_proxy,Q4,213000.0,-0.0034875647195373727,-0.0034875647195373727,0.0,322.48670133335304,0.1527344586723663,0.1527460873528256,0.2624441520812273,3.962589325153329e-11,1.0394182566875187e-06,2.2684648588200942e-08
nominal_proxy,Q4,213300.0,-0.0041483739732592825,-0.0041483739732592825,0.0,322.48953865107376,0.15208373009230786,0.15209756143765,0.26142356398581346,3.9228380583379814e-11,1.0296293814285318e-06,2.2567160445183584e-08
nominal_proxy,Q4,213600.0,-0.004812108560278881,-0.004812108560278881,0.0,322.4923579192251,0.15143716924988293,0.15145321301163098,0.26040891948569045,3.8836421709241557e-11,1.019964135186291e-06,2.245076600059069e-08
nominal_proxy,Q4,213900.0,-0.00547556364826661,-0.00547556364826661,0.0,322.4951591646898,0.15079475595289935,0.15081301119979884,0.2594001809549593,3.844759020674846e-11,1.0104215820844198e-06,2.2335471276822215e-08
nominal_proxy,Q4,214200.0,-0.006136501235258369,-0.006136501235258369,0.0,322.4979424490966,0.15015646624531032,0.15017692458610712,0.2583973099344119,3.806617903750549e-11,1.0010037841557545e-06,2.2221349262895247e-08
nominal_proxy,Q4,214500.0,-0.006793334168718215,-0.006793334168718215,0.0,322.5007078582351,0.14952227360951656,0.14954492137850503,0.2574002673041029,3.8328473956987e-11,9.965278230140984e-07,2.2215816612860656e-08
nominal_proxy,Q4,214800.0,-0.007445011704097443,-0.007445011704097443,0.0,322.50345549492846,0.14889214954208776,0.14891696954390893,0.25640901344880274,3.791754640822259e-11,9.888422514755385e-07,2.213777454613257e-08
nominal_proxy,Q4,215100.0,-0.008090750243861437,-0.008090750243861437,0.0,322.506185473158,0.14826606448608,0.148293036919312,0.25542350838774086,3.754376546758311e-11,9.79725736179396e-07,2.2026297556700344e-08
nominal_proxy,Q4,215400.0,-0.008730014062209634,-0.008730014062209634,0.0,322.50889791513487,0.14764398801544373,0.14767309129801623,0.2544437119096341,3.717552722002862e-11,9.70709539083181e-07,2.191554500188755e-08
nominal_proxy,Q4,215700.0,-0.009362439392991292,-0.009362439392991292,0.0,322.5115929485848,0.14702588916598575,0.1470571005033162,0.2534695836748676,3.681371773090873e-11,9.618061420774149e-07,2.180582271447396e-08
nominal_proxy,Q4,216000.0,-0.009987782736803463,-0.009987782736803463,0.0,322.51427070486335,0.146411736659791,0.14644503244559479,0.25250108330257004,3.645500428522584e-11,9.530043364354424e-07,2.1696902133146308e-08
nominal_proxy,Q4,216300.0,-0.010605887106318072,-0.010605887106318072,0.0,322.51693131763693,0.14580149906312942,0.14583685516784411,0.2515381704433461,3.6100197522880925e-11,9.443080905852802e-07,2.1588897614292516e-08
nominal_proxy,Q4,216600.0,-0.011216658352136524,-0.011216658352136524,0.0,322.5195749219363,0.14519514490165653,0.14523253688186838,0.25058080483847334,3.575035850768817e-11,9.357114196337918e-07,2.148169670245212e-08
nominal_proxy,Q4,216900.0,-0.011820048272603282,-0.011820048272603282,0.0,322.5222016534673,0.14459264274515404,0.14463204599679158,0.24962894636850383,3.540577719994099e-11,9.272186579836056e-07,2.1375422713538695e-08
nominal_proxy,Q4,217200.0,-0.012416042483129231,-0.012416042483129231,0.0,322.5248116481086,0.14399396127030142,0.14403535114131688,0.24868255509182602,3.506381439929957e-11,9.188215078659995e-07,2.1269908352642965e-08
nominal_proxy,Q4,217500.0,-0.013004434772209205,-0.013004434772209205,0.0,322.5274050415415,0.1433990686683287,0.14344242118093412,0.2477415912766447,4.992161387239033e-11,1.3190094188438028e-06,3.066057613652924e-08
nominal_proxy,Q4,217800.0,-0.013585798122759944,-0.013585798122759944,0.0,322.5299819713573,0.1428079350452294,0.1428532253954415,0.24680601575997294,4.9456205175272195e-11,1.3069408738644595e-06,3.050579492076851e-08
nominal_proxy,Q4,218100.0,-0.014159795016197761,-0.014159795016197761,0.0,322.53254256851164,0.1422205293223925,0.1422677329558615,0.24587578887777903,4.899677798766755e-11,1.2950245007817274e-06,3.0352498028984785e-08
nominal_proxy,Q4,218400.0,-0.014726506541629266,-0.014726506541629266,0.0,322.5350869673093,0.1416368208879338,0.14168591351485993,0.24495087167755927,4.7927482440365454e-11,1.2815362075459247e-06,3.016014714045543e-08
nominal_proxy,Q4,218700.0,-0.015286005049045003,-0.015286005049045003,0.0,322.53761530081755,0.14105677940946484,0.1411077369926363,0.24403122547790532,4.748205927925645e-11,1.269902388779942e-06,3.000924861833173e-08
nominal_proxy,Q4,219000.0,-0.015838362601793075,-0.015838362601793075,0.0,322.54012770096386,0.1404803748467359,0.14053317358342587,0.24311681188209,4.704264764064569e-11,1.2584052008005053e-06,2.985957296344597e-08
nominal_proxy,Q4,219300.0,-0.016383652723447224,-0.016383652723447224,0.0,322.5426242985414,0.13990757742512433,0.13996219375767183,0.2422075927860204,4.660953471545616e-11,1.2470408018369628e-06,2.971106175442507e-08
nominal_proxy,Q4,219600.0,-0.01692195073960538,-0.01692195073960538,0.0,322.5451052231945,0.1393383576418323,0.13939476826365327,0.24130353038395577,4.618005395390241e-11,1.235806683392432e-06,2.956368713557586e-08
nominal_proxy,Q4,219900.0,-0.017453333266516158,-0.017453333266516158,0.0,322.5475706034012,0.1387726862677554,0.1388308681276413,0.24040458717119947,4.575681476999523e-11,1.224699254731565e-06,2.9417394437609644e-08
nominal_proxy,Q4,220200.0,-0.01797787778341764,-0.01797787778341764,0.0,322.5500205664615,0.13821053434838965,0.13827046465341145,0.23951072594664916,4.533809656057317e-11,1.2137231221176492e-06,2.927232543790033e-08
nominal_proxy,Q4,220500.0,-0.018495601666735653,-0.018495601666735653,0.0,322.55245523848976,0.1376518730160841,0.13771352942120396,0.23862190981378562,4.838538997541816e-11,1.3198692269539292e-06,3.1961527245854175e-08
nominal_proxy,Q4,220800.0,-0.019006724765807052,-0.019006724765807052,0.0,322.5548747450771,0.13709667417919152,0.13716003428967957,0.23773810219441577,4.7956839739722024e-11,1.308380607252524e-06,3.181163012854252e-08
nominal_proxy,Q4,221100.0,-0.019511237377308647,-0.019511237377308647,0.0,322.5572792090697,0.13654490960046511,0.13660995138181067,0.23685926678041336,4.7533552101662014e-11,1.2970263592003428e-06,3.166299798348359e-08
nominal_proxy,Q4,221400.0,-0.020009219992997363,-0.020009219992997363,0.0,322.5596687530923,0.13599655141280198,0.13606325309874598,0.23598536759102803,4.7115004651918204e-11,1.2857902021538858e-06,3.151526487979382e-08
nominal_proxy,Q4,221700.0,-0.020500751460998716,-0.020500751460998716,0.0,322.5620434985601,0.13545157202185618,0.13551991210899747,0.2351163689441912,4.670043034805742e-11,1.2746813895583853e-06,3.136868699101564e-08
nominal_proxy,Q4,222000.0,-0.02098590981139669,-0.02098590981139669,0.0,322.56440356569846,0.13490994410245852,0.13497990134746796,0.23425223545791,4.629154405141426e-11,1.2636914349453687e-06,3.122308597172169e-08
nominal_proxy,Q4,222300.0,-0.02146477216858945,-0.02146477216858945,0.0,322.5667490735547,0.13437164059627804,0.13444319401293947,0.2333929320484686,4.5887472657414203e-11,1.2528298394161308e-06,3.107872647970118e-08
nominal_proxy,Q4,222600.0,-0.021937414771147988,-0.021937414771147988,0.0,322.56908014001004,0.13383663470929597,0.13390976356546622,0.2325384239279417,4.5488258599740646e-11,1.2420799274451277e-06,3.0935225125841575e-08
nominal_proxy,Q4,222900.0,-0.022403912959765366,-0.022403912959765366,0.0,322.57139688179126,0.1333048999090039,0.13337958372371084,0.23168867660254852,4.5092067543416614e-11,1.2314523144922596e-06,3.079287446380113e-08
nominal_proxy,Q4,223200.0,-0.022864341188956833,-0.022864341188956833,0.0,322.5736994144831,0.13277640992182443,0.13285262846224496,0.23084365586980857,4.470111692829098e-11,1.2209372023674891e-06,3.065145892221737e-08
nominal_proxy,Q4,223500.0,-0.023318773032459605,-0.023318773032459605,0.0,322.5759878525401,0.13225113873025265,0.13232887200882393,0.23000332781689467,4.431511225802428e-11,1.2105389224914553e-06,3.051111529457963e-08
nominal_proxy,Q4,223800.0,-0.02376728117376481,-0.02376728117376481,0.0,322.5782623092986,0.131729060570239,0.13180828884165574,0.2291676588172285,4.393354382030242e-11,1.2002512562725443e-06,3.037171527367875e-08
nominal_proxy,Q4,224100.0,-0.024209937411287154,-0.024209937411287154,0.0,322.58052289698827,0.13121014992836888,0.13129085368666554,0.228336615528788,4.355700477096807e-11,1.1900777117414274e-06,3.023337529886528e-08
nominal_proxy,Q4,224400.0,-0.02464681266188224,-0.02464681266188224,0.0,322.5827697267444,0.1306943815391845,0.13077654151477264,0.2275101648911365,4.318443959058386e-11,1.1800145586701727e-06,3.009602873444572e-08
nominal_proxy,Q4,224700.0,-0.025077976955713416,-0.025077976955713416,0.0,322.58500290861963,0.13018173038246414,0.13026532753917808,0.22668827412291156,4.281429341596379e-11,1.170058468041163e-06,2.995961785123046e-08
nominal_proxy,Q4,225000.0,-0.025503499445387563,-0.025503499445387563,0.0,322.58722255159574,0.1296721716804804,0.12975718721267154,0.22587091071951937,4.24501018826542e-11,1.1602119562685587e-06,2.9824233969731686e-08
nominal_proxy,Q4,225300.0,-0.02592344840848017,-0.02592344840848017,0.0,322.58942876359544,0.1291656808953797,0.1292520962249612,0.2250580424506167,4.208952196429045e-11,1.1504659720266985e-06,2.968967102436808e-08
nominal_proxy,Q4,225600.0,-0.02633789125241271,-0.02633789125241271,0.0,322.591621651494,0.12866223372644106,0.12875003050002698,0.2242496373568708,4.1731903952011525e-11,1.1408233628815156e-06,2.9556027692039774e-08
nominal_proxy,Q4,225900.0,-0.026746894519119057,-0.026746894519119057,0.0,322.5938013211313,0.12816180610747543,0.12825096619350163,0.2234456637483908,4.1380747848295834e-11,1.1312887382326775e-06,2.942344974144086e-08
nominal_proxy,Q4,226200.0,-0.02715052390749992,-0.02715052390749992,0.0,322.59596787732255,0.1276643742042049,0.12775487969007923,0.22264609020191514,4.1031696913662174e-11,1.1218547995295314e-06,2.9291774010893968e-08
nominal_proxy,Q4,226500.0,-0.027548844266524628,-0.027548844266524628,0.0,322.59812142387113,0.12716991441165829,0.12726174760095307,0.22185088555768062,4.068688835872532e-11,1.1125219116746299e-06,2.916103537071185e-08
nominal_proxy,Q4,226800.0,-0.027941919610442748,-0.027941919610442748,0.0,322.6002620635782,0.126678403351617,0.12677154676128366,0.22106001891793345,4.034852671235441e-11,1.103289552759068e-06,2.9031245620631535e-08
nominal_proxy,Q4,227100.0,-0.028329813127841733,-0.028329813127841733,0.0,322.60238989825547,0.12618981787009526,0.12628425422769649,0.2202734596439054,4.000897046264999e-11,1.0941525271784824e-06,2.8902293007106852e-08
nominal_proxy,Q4,227400.0,-0.02871258720026849,-0.02871258720026849,0.0,322.60450502873476,0.12570413503478559,0.12579984727581053,0.21949117735328674,3.967517708790965e-11,1.085107215848674e-06,2.8774105575985945e-08
nominal_proxy,Q4,227700.0,-0.029090303389422735,-0.029090303389422735,0.0,322.60660755488055,0.12522133213260794,0.12531830339779784,0.21871314191846655,3.9347410151954e-11,1.0761675469858623e-06,2.864707710360972e-08
nominal_proxy,Q4,228000.0,-0.02946302248486233,-0.02946302248486233,0.0,322.6086975755999,0.12474138666731079,0.12483960029997294,0.2179393234632847,3.902108486746543e-11,1.0673137852343362e-06,2.852070762157165e-08
nominal_proxy,Q4,228300.0,-0.029830547450357094,-0.029830547450357094,0.0,322.61077518885287,0.12426427537648461,0.12436371590041205,0.21716969236139985,4.9842978205555635e-11,1.6097278735284493e-06,4.3180226675538666e-08
nominal_proxy,Q4,228600.0,-0.03019356364696396,-0.03019356364696396,0.0,322.6128404944965,0.1237899778077221,0.1238906283419644,0.21640421928396084,4.9416201206414e-11,1.5966257251309734e-06,4.2992864565362116e-08
nominal_proxy,Q4,228900.0,-0.0305517038142038,-0.0305517038142038,0.0,322.6148935845628,0.12331847164254586,0.12342031593412328,0.2156428750212035,4.899473177543031e-11,1.583659021808792e-06,4.2806753406178746e-08
nominal_proxy,Q4,229200.0,-0.030905059793591375,-0.030905059793591375,0.0,322.616934554859,0.12284973512120716,0.12295275722325678,0.21488563069602834,4.857693636703074e-11,1.5708212967001367e-06,4.2621752369546376e-08
nominal_proxy,Q4,229500.0,-0.03125369905263562,-0.03125369905263562,0.0,322.6189634999112,0.12238374676229292,0.12248793095288261,0.21413245766179045,4.816439062567464e-11,1.558124271404393e-06,4.243821347810049e-08
nominal_proxy,Q4,229800.0,-0.0315976825453334,-0.0315976825453334,0.0,322.6209805132353,0.12192048530539593,0.1220258160657241,0.21338332750719738,4.7756695289849854e-11,1.5455531194377703e-06,4.225576791754475e-08
nominal_proxy,Q4,230100.0,-0.031937068410180215,-0.031937068410180215,0.0,322.6229856874098,0.12145992969725555,0.12156639170234089,0.21263821205599578,4.7353328952580055e-11,1.5331154207473552e-06,4.2074655802637016e-08
nominal_proxy,Q4,230400.0,-0.03227191307497459,-0.03227191307497459,0.0,322.62497911410975,0.12100205908617026,0.12110963719912274,0.21189708336511495,4.6954593773314106e-11,1.5208107687417205e-06,4.189490052833708e-08
nominal_proxy,Q4,230700.0,-0.032602271710349455,-0.032602271710349455,0.0,322.62696088412633,0.12054685281844478,0.12065553208618782,0.2111599137228678,4.656057638774111e-11,1.5086125614918733e-06,4.171580112406556e-08
nominal_proxy,Q4,231000.0,-0.03292819839649397,-0.03292819839649397,0.0,322.6289310873834,0.12009429043544131,0.12020405608527947,0.210426675646541,4.616954527183862e-11,1.4965549520185029e-06,4.1538331994309114e-08
nominal_proxy,Q4,231300.0,-0.03324974634703856,-0.03324974634703856,0.0,322.63088981295107,0.11964435167112503,0.11975518910768218,0.20969734188071001,4.5783206820962875e-11,1.4846201076557097e-06,4.136203358591166e-08
nominal_proxy,Q4,231600.0,-0.03356696793376349,-0.03356696793376349,0.0,322.6328371490568,0.1191970164496903,0.1193089112521578,0.20897188539506556,4.5402967839716644e-11,1.4728064854571676e-06,4.118689458637576e-08
nominal_proxy,Q4,231900.0,-0.033879914774893743,-0.033879914774893743,0.0,322.6347731830969,0.1187522648832984,0.11886520280290548,0.20825027938192053,4.5024765118118924e-11,1.4611072297887606e-06,4.101275405075815e-08
nominal_proxy,Q4,232200.0,-0.03418863776537567,-0.03418863776537567,0.0,322.63669800164655,0.11831007726986638,0.11842404422754814,0.2075324972548851,4.465333231740179e-11,1.4495391524316226e-06,4.084011511336182e-08
nominal_proxy,Q4,232500.0,-0.034493187129076744,-0.034493187129076744,0.0,322.6386116904693,0.11787043409112324,0.11798541617514166,0.2068185126461893,4.428353783366217e-11,1.4380764482985198e-06,4.066828291553792e-08
nominal_proxy,Q4,232800.0,-0.03479361240844626,-0.03479361240844626,0.0,322.6405143345265,0.11743331601039547,0.11754929947420688,0.20610829940513004,4.391862556885143e-11,1.4267349755445191e-06,4.049773448783538e-08
nominal_proxy,Q4,233100.0,-0.035089962515115855,-0.035089962515115855,0.0,322.64240601798656,0.11699870387071279,0.11711567513078927,0.20540183159584668,4.355781753859804e-11,1.4155078286309797e-06,4.0328305123652196e-08
nominal_proxy,Q4,233400.0,-0.03538228572702957,-0.03538228572702957,0.0,322.6442868242335,0.11656657869280354,0.11668452432653893,0.20469908349527588,4.3201052577168526e-11,1.404393587971231e-06,4.015998421160759e-08
nominal_proxy,Q4,233700.0,-0.035670629707946454,-0.035670629707946454,0.0,322.64615683587596,0.1161369216731453,0.11625582841681596,0.20400002959130994,4.284778431161392e-11,1.3933932541468352e-06,3.999283013167247e-08
nominal_proxy,Q4,234000.0,-0.03595504151958977,-0.03595504151958977,0.0,322.64801613475527,0.11570971418208577,0.11582956892881885,0.20330464458102354,4.2498391795114604e-11,1.3825003344486442e-06,3.98266859505873e-08
nominal_proxy,Q4,234300.0,-0.03623556762457657,-0.03623556762457657,0.0,322.64986480195404,0.115284937761929,0.11540572755973491,0.2026129033682755,4.2152101806065466e-11,1.3717171978427922e-06,3.9661648331877165e-08
nominal_proxy,Q4,234600.0,-0.0365122539079962,-0.0365122539079962,0.0,322.65170291780476,0.11486257412508968,0.11498428617491499,0.20192478106234074,4.1812002097059235e-11,1.361039595776381e-06,3.9497623025992704e-08
nominal_proxy,Q4,234900.0,-0.03678514567056396,-0.03678514567056396,0.0,322.6535305618974,0.11444260515227488,0.11456522680606876,0.20124025297549988,4.147229226859015e-11,1.350467601080041e-06,3.933463996452305e-08
nominal_proxy,Q4,235200.0,-0.03705428764814671,-0.03705428764814671,0.0,322.6553478130876,0.11402501289064707,0.11414853164948294,0.20055929462167033,4.113796798528141e-11,1.3400026149384958e-06,3.917276806109179e-08
nominal_proxy,Q4,235500.0,-0.03731971732697707,-0.03731971732697707,0.0,322.65715474950474,0.11360977952960202,0.11373418301949258,0.19988188108138927,4.080809109080278e-11,1.329640189076664e-06,3.901190533015733e-08
nominal_proxy,Q4,235800.0,-0.037581494094215906,-0.037581494094215906,0.0,322.6589514486267,0.11319688748184344,0.11332216352675237,0.1992079895379529,4.047879811487055e-11,1.3193784634824013e-06,3.885202419822209e-08
nominal_proxy,Q4,236100.0,-0.03783965093477793,-0.03783965093477793,0.0,322.66073798706026,0.11278631927095535,0.11291245580483027,0.19853759545840954,4.015565711111266e-11,1.309227696692783e-06,3.8693454583131475e-08
nominal_proxy,Q4,236400.0,-0.03809423095652874,-0.03809423095652874,0.0,322.662514440814,0.11237805759071993,0.11250504269113323,0.19787067514420092,3.983561379533804e-11,1.2991674609025283e-06,3.8535620706137215e-08
nominal_proxy,Q4,236700.0,-0.038345278642391276,-0.038345278642391276,0.0,322.66428088519393,0.11197208531703111,0.11209990717888199,0.19720720508897663,3.88017333316103e-11,1.2799128734780618e-06,3.81021415547215e-08
nominal_proxy,Q4,237000.0,-0.03859283002503371,-0.03859283002503371,0.0,322.66603739479143,0.11156838541486858,0.11169703241528331,0.19654716197607433,3.8486937922310716e-11,1.2700993862815868e-06,3.794681266736704e-08
nominal_proxy,Q4,237300.0,-0.03883692996112355,-0.03883692996112355,0.0,322.6677840435766,0.11116694106671388,0.11129640170118946,0.19589052267981802,3.8175641237369023e-11,1.2603815507800098e-06,3.77924569626512e-08
nominal_proxy,Q4,237600.0,-0.0390776186237708,-0.0390776186237708,0.0,322.66952090480385,0.11076773558966477,0.11089799848762276,0.19523726425965127,3.786999855364754e-11,1.250763626718665e-06,3.763922830838502e-08
nominal_proxy,Q4,237900.0,-0.03931493593120465,-0.03931493593120465,0.0,322.671248051064,0.11037075245143542,0.11050180637535488,0.19458736396100773,3.756653722023816e-11,1.2412446335902105e-06,3.7487124261365486e-08
nominal_proxy,Q4,238200.0,-0.039548921350233524,-0.039548921350233524,0.0,322.67296555428925,0.10997597526919416,0.11010780911306649,0.1939407992129808,3.726523340210081e-11,1.231811465773891e-06,3.7335774556176754e-08
nominal_proxy,Q4,238500.0,-0.03977962776654122,-0.03977962776654122,0.0,322.67467348575985,0.10958338778847755,0.1097159905957839,0.19329754762670165,3.837976390109932e-11,1.2144253614815304e-06,3.69406770493859e-08
nominal_proxy,Q4,238800.0,-0.04000705871615649,-0.04000705871615649,0.0,322.6763719159568,0.10919297398247356,0.1093263348638898,0.19265758699406035,3.8093795660086724e-11,1.205708716880971e-06,3.680666355799589e-08
nominal_proxy,Q4,239100.0,-0.040231277105427954,-0.040231277105427954,0.0,322.67806091510914,0.10880471785188801,0.10893882609914375,0.19202089528358976,3.7808714576211324e-11,1.1970712933129235e-06,3.6673388095249515e-08
nominal_proxy,Q4,239400.0,-0.040452318312786555,-0.040452318312786555,0.0,322.67974055253933,0.10841860360464944,0.10855344862739803,0.1913874506445615,3.752594463142619e-11,1.1885117902135645e-06,3.654083188365888e-08
nominal_proxy,Q4,239700.0,-0.28374355531922124,-0.04325396624290838,-0.24048958907631288,322.6814108970717,0.10803812342396191,0.10818230725060655,0.19075487461196244,3.7291607038499957e-11,1.1817504859401584e-06,3.646090992351985e-08
nominal_proxy,Q4,240000.0,-0.6500541701348221,-0.04890846329994397,-0.6011457068348782,322.68304360775704,0.10766824669566054,0.1078312788307234,0.19012173994274512,3.7115176894708255e-11,1.1772189132397415e-06,3.644587113250194e-08
nominal_proxy,Q4,240300.0,-0.8357612949638348,-0.05443021657237572,-0.7813310783914591,322.68460737821505,0.10730973563179967,0.10749117359760955,0.1894896357124047,3.6960355406508457e-11,1.1731705892303879e-06,3.644188113728909e-08
nominal_proxy,Q4,240600.0,-0.8391798926293337,-0.05802748112401446,-0.7811524115053192,322.68610377186616,0.10695954280924701,0.10715297164056996,0.1888604647200305,3.6786488167070055e-11,1.1682728706663426e-06,3.6408559722120205e-08
nominal_proxy,Q4,240900.0,-0.6593070441245656,-0.05854519433369479,-0.6007618497908709,322.68755407710506,0.10661256101836297,0.10680771553811672,0.1882361793713404,3.657137908549115e-11,1.1615924281338508e-06,3.6318185432007957e-08
nominal_proxy,Q4,241200.0,-0.2955003201231934,-0.055228779501568445,-0.24027154062162492,322.68899230725435,0.106262410941873,0.10644651256951207,0.18761872059725243,4.9941994880347276e-11,1.7087901530432603e-06,5.3602841553507006e-08
nominal_proxy,Q4,241500.0,-0.0507595075774918,-0.0507595075774918,0.0,322.69046077282917,0.1059062314948337,0.1060754354983428,0.1870071243865195,4.944538430142484e-11,1.693475234612607e-06,5.330108879366611e-08
nominal_proxy,Q4,241800.0,-0.04800265381868569,-0.04800265381824113,-4.4456096660459846e-13,322.691972149602,0.10554633429185839,0.10570634873489272,0.1863989706065765,4.899006844490175e-11,1.679092058302823e-06,5.302859227871654e-08
nominal_proxy,Q4,242100.0,-0.04623572573279879,-0.04623572573324332,4.445266087149549e-13,322.69350749401,0.10518502561424425,0.10533915025152818,0.18579394502849775,4.8567826201624155e-11,1.665451934348723e-06,5.2778486437686296e-08
nominal_proxy,Q4,242400.0,-0.04510480072105698,-0.04510480072105698,0.0,322.69505586619323,0.10482347118534943,0.10497382602891334,0.185191936293781,4.816735699752226e-11,1.6523481144031793e-06,5.254383379721922e-08
nominal_proxy,Q4,242700.0,-0.0443951714638524,-0.0443951714638524,0.0,322.69661024742464,0.1044623834602081,0.10461037283053182,0.18459288300750443,4.778144232025978e-11,1.6396332627871546e-06,5.2319734896460763e-08
nominal_proxy,Q4,243000.0,-0.043967564704399165,-0.043967564704399165,0.0,322.698165997937,0.10410222530161671,0.10424878927472954,0.18399674757548592,4.740802625787931e-11,1.6272294494634743e-06,5.210357558796595e-08
nominal_proxy,Q4,243300.0,-0.04372954971632838,-0.04372954971632838,0.0,322.6997200212687,0.10374330319807594,0.10388907374735964,0.18340350559513102,4.704529712831674e-11,1.6150687831978372e-06,5.189310967263767e-08
nominal_proxy,Q4,243600.0,-0.043619248850380904,-0.043619248849936544,-4.4436075016504986e-13,322.70127024529944,0.10338582091021298,0.10353122375005053,0.1828131401069779,4.6686963145876985e-11,1.6031013283175153e-06,5.1686692114506803e-08
nominal_proxy,Q4,243900.0,-0.04359506552358351,-0.04359506552402784,4.4432812163664845e-13,322.70281528371606,0.1030299135010033,0.10317523569044643,0.18222563816740148,4.6335120264396385e-11,1.5913089114997307e-06,5.148371825315356e-08
nominal_proxy,Q4,244200.0,-0.04362895710163742,-0.04362895710163742,0.0,322.7043542112649,0.10267566972985592,0.1028211048524221,0.18164098876755452,4.598816102735128e-11,1.5796682162061426e-06,5.1283431941968895e-08
nominal_proxy,Q4,244500.0,-0.04370196836699107,-0.04370196836699107,0.0,322.7058864135285,0.10232314699696113,0.1024688254520774,0.18105918158356776,4.564742848234278e-11,1.5681678912221608e-06,5.108547242227716e-08
nominal_proxy,Q4,244800.0,-0.04380125003847176,-0.04380125003847176,0.0,322.70741148619135,0.1019723813782624,0.10211839073435118,0.1804802062531577,4.530971922278689e-11,1.5567881640268788e-06,5.0889209508995595e-08
nominal_proxy,Q4,245100.0,-0.04391806354113269,-0.04391806354113269,0.0,322.7089291673438,0.10162339438941853,0.10176979308632991,0.17990405198282852,4.4975461751778156e-11,1.5455322818352935e-06,5.0694766729035146e-08
nominal_proxy,Q4,245400.0,-0.04404644362875425,-0.04404644362831008,-4.4416597826027414e-13,322.7104392918975,0.10127619755993991,0.10142302415332569,0.17933070735949722,4.464554189403932e-11,1.5343874220437558e-06,5.050174535945411e-08
nominal_proxy,Q4,245700.0,-0.044182300666726695,-0.044182300667170826,4.4413368634772e-13,322.71194176082633,0.1009307955367299,0.10107807495013861,0.17876016028850295,4.431880269779899e-11,1.5233554422316322e-06,5.0310229371545485e-08
nominal_proxy,Q4,246000.0,-0.04432281711264569,-0.04432281711264569,0.0,322.7134365203578,0.10058718819807189,0.10073493596322074,0.17819239800209627,4.3996465550741186e-11,1.5124320095136201e-06,5.012010099919171e-08
nominal_proxy,Q4,246300.0,-0.0444660411534781,-0.0444660411534781,0.0,322.71492354785755,0.10024537209997325,0.10039359724253992,0.17762740711009098,4.367648456685668e-11,1.501616522486815e-06,4.9931366440513404e-08
nominal_proxy,Q4,246600.0,-0.04461061250450097,-0.04461061250450097,0.0,322.7164028422199,0.09990534147088524,0.10005404848221688,0.1770651736683198,4.335973320117969e-11,1.490894991594549e-06,4.9743586266907486e-08
