step_index,old_radius_m,new_radius_m,dt_total_s,sensible_energy_old_J,sensible_energy_new_J,delta_sensible_energy_J,conductive_boundary_heat_J,latent_heat_J,residual_J,relative_residual,linear_storage_delta_last_J,linear_boundary_heat_last_J,linear_solver_relative_residual_last,linear_storage_boundary_balance_relative_last,internal_radial_flux_abs_last_W,internal_axial_flux_abs_last_W,picard_calls
1,0.019753705501618122,0.019753705501618122,300.0,0.0,227.2994629987211,227.2994629987211,227.29946486714877,0.0,-1.8684276597014104e-06,8.220114643883843e-09,227.2994629987211,227.29946486714877,4.6699627855236565e-11,8.220114643883843e-09,9.729597412221919,0.328726463335814,5
2,0.019753705501618122,0.019519190938511326,300.0,227.29946299173398,581.1939949725727,353.8945319808387,361.9176108601799,0.0,-8.023078879341199,0.022168246690932,361.91760789642615,361.9176108601799,3.9806069840258954e-11,8.18902877508966e-09,17.850868514981034,0.5898576568894904,6
3,0.019519190938511326,0.01929800970873786,300.0,581.1939949729295,1028.6249253807484,447.4309304078189,465.90392831192486,0.0,-18.472997904105966,0.03964980070255645,465.90392555012767,465.90392831192486,4.0895901059027926e-11,5.927825508895742e-09,24.80700313439388,0.8046337404100838,6
4,0.01929800970873786,0.019091715210355985,300.0,1028.6249253833953,1551.3513662162468,522.7264408328515,552.7235168316516,0.0,-29.997075998800142,0.05427139444102329,552.7235147599375,552.7235168316516,4.8596108432962057e-11,3.748192439518787e-09,30.853303643412225,0.9849589882198309,6
5,0.019091715210355985,0.018901860841423947,300.0,1551.3513662147443,2084.293527512413,532.9421612976689,574.5674793116065,0.0,-41.625318013937544,0.07244635227842888,574.5674771494762,574.5674793116065,4.265153412686337e-11,3.763057169098113e-09,33.77968156927003,1.063473303090181,6
6,0.018901860841423947,0.01873,300.0,2084.2935275086884,2643.1134785309996,558.8199510223112,609.9136027939637,0.0,-51.0936517716525,0.08377194989191374,609.9136008034772,609.9136027939637,4.2040849787843434e-11,3.2635549651046454e-09,36.570531747502194,1.1379409755794785,6
7,0.01873,0.018578318897138145,300.0,2643.1134785245085,3172.794594834307,529.6811163097987,588.1251852507501,0.0,-58.44406894095141,0.0993735184389927,588.1251831023297,588.1251852507501,4.1504526285027544e-11,3.6529983335605364e-09,36.567108282673246,1.1266514988364817,6
8,0.018578318897138145,0.018443526619709376,300.0,3172.7945948302704,3690.63572658241,517.8411317521395,581.589709045396,0.0,-63.74857729325652,0.1096109100656054,581.5897069679604,581.589709045396,4.4437220893920855e-11,3.571995157590543e-09,36.581149315168965,1.1176577193561683,6
9,0.018443526619709376,0.018318960879497432,300.0,3690.635726580412,4186.9524684785865,496.3167418981743,565.8492888236844,0.0,-69.53254692551013,0.12288174306988675,565.8492867068694,565.8492888236844,4.550612409435693e-11,3.740952019396171e-09,36.01716330955496,1.0917828068858813,6
10,0.018318960879497432,0.01819795938828606,300.0,4186.952468477004,4619.106625567431,432.15415709042736,508.9564811355234,0.0,-76.80232404509604,0.15090155424240556,508.9564782531762,508.9564811355234,4.8388188306464764e-11,5.663248816361355e-09,33.36791473162073,1.0042280546861133,6
11,0.01819795938828606,0.018073859857859004,300.0,4619.106625573275,5024.647659734451,405.54103416117596,491.4220168799241,0.0,-85.88098271874816,0.17476014457800054,491.4220139762707,491.4220168799241,4.858225447983875e-11,5.908675863961845e-09,32.046430925661525,0.956601758018749,6
12,0.018073859857859004,0.01794,300.0,5024.647659742147,5369.23098427787,344.5833245357235,443.2221648195432,0.0,-98.63884028381972,0.22254943031556257,443.22216166341667,443.2221648195432,4.856333884191975e-11,7.120867986955852e-09,29.45833609594559,0.8716256243574003,6
13,0.01794,0.017794147603485837,300.0,5369.2309842876775,5652.822118685896,283.59113439821886,396.121943196831,0.0,-112.53080879861216,0.28408122986182605,396.12194022407846,396.121943196831,4.54561716500067e-11,7.504639935750807e-09,26.66442827086987,0.7813497433002388,6
14,0.017794147603485837,0.017640997821350764,300.0,5652.8221186984865,5872.858100636084,220.03598193759717,343.36993420152874,0.0,-123.33395226393156,0.3591868127613791,343.3699318011293,343.36993420152874,4.488362885428739e-11,6.99070935109514e-09,23.49931095402582,0.681850986562132,6
15,0.017640997821350764,0.017484279411764708,300.0,5872.858100643514,6049.92115214698,177.06305150346543,308.01747793805396,0.0,-130.95442643458853,0.42515258325998323,308.0174759261421,308.01747793805396,4.61388987323608e-11,6.531810752758325e-09,21.04667614774021,0.6040255315379026,6
16,0.017484279411764708,0.017327721132897603,300.0,6049.92115215101,6198.301545870501,148.38039371949162,283.8211056882692,0.0,-135.44071196877758,0.47720451106105166,283.8211038909577,283.8211056882692,4.482328397322359e-11,6.3325504961435535e-09,19.24237989706627,0.5454681605815376,6
17,0.017327721132897603,0.017175051742919386,300.0,6198.3015458797445,6290.188193089427,91.88664720968245,228.65002974805915,0.0,-136.7633825383767,0.5981341121585294,228.65002833594767,228.65002974805915,4.7195766357649633e-11,6.17586399990308e-09,16.09947176032538,0.45213994922739975,6
18,0.017175051742919386,0.01703,300.0,6290.188193090023,6358.368934557916,68.18074146789331,202.20486620926468,0.0,-134.02412474137137,0.6628135477346421,202.20486499447324,202.20486620926468,4.584580914945394e-11,6.007726034347012e-09,14.090770897445328,0.39159325568956466,6
19,0.01703,0.016886403508771932,300.0,6358.3689345564435,6413.532427850885,55.16349329444165,190.28648131576372,0.0,-135.12298802132207,0.7101029305234633,190.2864801949534,190.28648131576372,4.4838020493181675e-11,5.8901205308435e-09,12.968556486243587,0.355621008097583,6
20,0.016886403508771932,0.01673982456140351,300.0,6413.532427844751,6445.2271108697205,31.69468302496989,170.99662739152555,0.0,-139.30194436655566,0.8146473207778562,170.99662632808773,170.99662739152555,4.174049766267792e-11,6.219057285399982e-09,11.69461793773604,0.316417446184692,6
21,0.01673982456140351,0.01659657894736842,300.0,6445.227110867568,6445.927481877057,0.7003710094895723,139.02243137241712,0.0,-138.32206036292754,0.9949621726323186,139.02243030463313,139.02243137241712,4.4936873010418876e-11,7.680659684613435e-09,9.808385874119168,0.262764582164174,6
22,0.01659657894736842,0.016462982456140352,300.0,6445.927481865792,6424.64241774979,-21.285064116002104,110.4889578061254,0.0,-131.7740219221275,1.1926442654419,110.488956786054,110.4889578061254,4.0435929534104615e-11,9.232337916102486e-09,7.9719580980983435,0.21202054078960397,6
23,0.016462982456140352,0.016345350877192983,300.0,6424.642417724201,6411.573273532553,-13.069144191647865,106.64631512037582,0.0,-119.71545931202368,1.1225466081682824,106.64631413322883,106.64631512037582,4.4302757053294026e-11,9.256269087345842e-09,7.340999403531784,0.19272970185784344,6
24,0.016345350877192983,0.01625,300.0,6411.573273517683,6390.0702388557465,-21.50303466193691,81.20545161975366,0.0,-102.70848628169057,1.2647979197582122,81.20545023894472,81.20545161975366,3.5528722274142426e-11,1.7003894586466327e-08,5.872632931025492,0.1535555607929993,7
25,0.01625,0.016174763278058158,300.0,6390.07023885159,6369.480585798326,-20.589653053264556,66.34739723872852,0.0,-86.93705029199307,1.3103309837336905,66.3473950663225,66.34739723872852,3.531816039462045e-11,3.274289729082181e-08,4.806589517603277,0.1252419943472159,7
26,0.016174763278058158,0.016110716173996637,300.0,6369.480585794484,6338.184804236216,-31.295781558267663,46.708765841972586,0.0,-78.00454740024026,1.670019449114736,46.70876411101841,46.708765841972586,3.262532936322246e-11,3.705844381582554e-08,3.561559063082057,0.09314511861000471,7
27,0.016110716173996637,0.016054037490987747,300.0,6338.184804230727,6302.269934460715,-35.91486977001205,35.92533807919448,0.0,-71.84020784920654,1.9997086093063523,35.92533822913117,35.92533807919448,3.1273362634953727e-11,4.17356373616168e-09,2.7318730850228508,0.07158099728699044,7
28,0.016054037490987747,0.016000906032203797,300.0,6302.269934452759,6278.266101810217,-24.003832642541965,44.61361758307113,0.0,-68.6174502256131,1.5380382480269958,44.613616200110215,44.61361758307113,3.813115417798999e-11,3.099862759985387e-08,2.9506027276513205,0.07548699504118359,7
29,0.016000906032203797,0.01594750060081711,300.0,6278.266101803637,6239.866262883792,-38.399838919845024,30.121984571152232,0.0,-68.52182349099726,1.7844299720638985,30.121985426287473,30.121984571152232,3.0381602410314726e-11,2.8389072922599503e-08,2.22187127693888,0.05688561432159442,7
30,0.01594750060081711,0.01589,300.0,6239.86626287491,6213.26856494917,-26.59769792574025,44.643919610507204,0.0,-71.24161753624745,1.5957742545410445,44.643917908443214,44.643919610507204,3.2747669600115045e-11,3.812532602522105e-08,2.806725849644724,0.06978882893777365,7
31,0.01589,0.015829462041372047,300.0,6213.268564942089,6170.597311027092,-42.67125391499758,30.618161582804024,0.0,-73.2894154978016,1.7175360171931278,30.618162478466907,30.618161582804024,3.662099290719536e-11,2.9252666065682555e-08,2.1850234295046285,0.05424698526059119,7
32,0.015829462041372047,0.015769152200579287,300.0,6170.597311018748,6106.611159085661,-63.98615193308706,8.63925645825651,0.0,-72.62540839134357,1.1350175967339142,8.639255953708085,8.63925645825651,3.757353327877192e-11,5.8401834325864536e-08,0.9740199433486016,0.02602566682987196,7
33,0.015769152200579287,0.015708560776833712,300.0,6106.611159078778,6050.095183492577,-56.51597558620051,15.59678565489163,0.0,-72.11276124109214,1.2759712717177247,15.59678803211709,15.59678565489163,3.1596968125799425e-11,1.524176295236025e-07,1.078035481362855,0.02717316927649593,7
34,0.015708560776833712,0.01564717806934731,300.0,6050.095183485253,5988.238834847959,-61.856348637294104,10.213580194968957,0.0,-72.06992883226306,1.165117735203837,10.213581763282454,10.213580194968957,3.8929293544248053e-11,1.5355176403296484e-07,0.7816643006728792,0.0197736957835334,7
35,0.01564717806934731,0.015584494377332076,300.0,5988.238834840326,5917.340261719526,-70.89857312079948,1.4704502171957523,0.0,-72.36902333799523,1.0207401947947576,1.4704493730819461,1.4704502171957523,3.67562685425952e-11,5.740512642422697e-07,0.2953080591173158,0.011952775602795144,7
36,0.015584494377332076,0.01552,300.0,5917.340261710816,5869.83295886345,-47.50730284736619,25.42761156456613,0.0,-72.93491441193233,1.5352358488180484,25.427612296228297,25.42761156456613,3.571832767841056e-11,2.8774316557799755e-08,1.3858567891041853,0.03262997298022826,7
37,0.01552,0.015451909985935304,300.0,5869.832958854917,5807.439021994796,-62.39393686012045,12.743197222932503,0.0,-75.13713408305296,1.2042377491181746,12.743199006064618,12.743197222932503,2.8649534189538044e-11,1.3992813845278777e-07,0.9250911132494405,0.02181291125173824,8
38,0.015451909985935304,0.015380204781997187,300.0,5807.439021993465,5748.1595364454215,-59.27948554804334,17.86668319288606,0.0,-77.1461687409294,1.3013974063321774,17.866685290191704,17.86668319288606,3.5424710817879216e-11,1.1738638750666577e-07,1.1308073169118273,0.026198057164547327,7
39,0.015380204781997187,0.015307022784810127,300.0,5748.159536434574,5663.642125840922,-84.51741059365213,-6.895382484244641,0.0,-77.6220281094075,0.9184146504748393,-6.895384284977393,-6.895382484244641,3.359453820149872e-11,2.611504561506454e-07,0.25658789173408647,0.013209632157892677,8
40,0.015307022784810127,0.015234502390998595,300.0,5663.642125839491,5599.4945672924005,-64.14755854709074,12.006817463523294,0.0,-76.15437601061403,1.187174971822335,12.006818752298697,12.006817463523294,3.005951106709877e-11,1.0733695822588223e-07,0.6430391923600194,0.01487748940461508,8
41,0.015234502390998595,0.01516478199718706,300.0,5599.494567292408,5520.158787832964,-79.33577945944398,-5.9370139352586655,0.0,-73.39876552418532,0.9251659972875967,-5.9370156723542085,-5.9370139352586655,3.0924618841650313e-11,2.9258732650023017e-07,0.21079439531156424,0.009459200645585964,8
42,0.01516478199718706,0.0151,300.0,5520.158787832657,5459.744259091576,-60.414528741081085,8.522201969916278,0.0,-68.93673071099737,1.1410621277282478,8.522203511429282,8.522201969916278,2.9057064780655673e-11,1.8088197521775436e-07,0.42997230139931997,0.009758945853807632,8
43,0.0151,0.015040052910052911,300.0,5459.744259093459,5402.3104377631025,-57.433821330356295,7.391555742808659,0.0,-64.82537707316496,1.1286969171055645,7.391558103497207,7.391555742808659,2.797497894122878e-11,3.19376309392261e-07,0.45974482548472956,0.010242411344141387,8
44,0.015040052910052911,0.014982969312169313,300.0,5402.310437767232,5334.1381378055175,-68.17229996171409,-5.9722216463009365,0.0,-62.20007831541315,0.9123951861730503,-5.9722233680123145,-5.9722216463009365,3.0399095263465323e-11,2.8828650099269964e-07,0.2246055290915938,0.007570650381228809,8
45,0.014982969312169313,0.014928085714285715,300.0,5334.13813781873,5286.644747952323,-47.49338986640669,12.417825457873777,0.0,-59.91121532428046,1.2614642899317916,12.417826709696897,12.417825457873777,2.932468439250238e-11,1.0080855121391204e-07,0.622602304938135,0.013489681418226701,8
46,0.014928085714285715,0.014874738624338624,300.0,5286.644747962898,5216.697381696683,-69.94736626621489,-11.591996481592485,0.0,-58.3553697846224,0.8342754402292412,-11.59199792257252,-11.591996481592485,2.7795649807918655e-11,1.243081689078377e-07,0.49338956337876355,0.011978637976416937,8
47,0.014874738624338624,0.01482226455026455,300.0,5216.697381714196,5168.910461126047,-47.78692058814886,9.233084457636643,0.0,-57.0200050457855,1.19321363134511,9.233085982704896,9.233084457636643,2.8378424074934474e-11,1.651742717303052e-07,0.411171923764403,0.008788698773587225,8
48,0.01482226455026455,0.01477,300.0,5168.910461139329,5119.683982759801,-49.22647837952718,7.179874809964785,0.0,-56.406353189491966,1.145853919401044,7.179876965678014,7.179874809964785,2.7756168349546808e-11,3.002437562039125e-07,0.43660717154432765,0.009239119501165662,8
49,0.01477,0.01471742937007088,300.0,5119.683982776986,5060.411639898369,-59.272342878617565,-3.148467905318072,0.0,-56.12387497329949,0.9468813319600721,-3.1484695012417743,-3.148467905318072,2.6821044515064322e-11,5.068887284602025e-07,0.10986958138379851,0.003841888294039889,8
50,0.01471742937007088,0.014664948587401416,300.0,5060.411639920429,5002.929882829507,-57.48175709092175,-2.0178768542911967,0.0,-55.46388023663055,0.9648953519096604,-2.017878701607118,-2.0178768542911967,3.162689196170236e-11,9.154742153978763e-07,0.10492729840498477,0.00305055925451769,8
51,0.014664948587401416,0.014613261455525607,300.0,5002.929882851979,4947.1138645268165,-55.81601832516208,-1.4674109750276503,0.0,-54.34860735013443,0.973709859300979,-1.467412285952241,-1.4674109750276503,3.371299005168815e-11,8.933580584053172e-07,0.09323152949571792,0.00239599622629523,8
52,0.014613261455525607,0.014563071777977438,300.0,4947.1138645511855,4893.2116807975235,-53.90218375366203,-1.1168637525968528,0.0,-52.78532000106517,0.9792798051058371,-1.1168646583173543,-1.1168637525968528,2.846709185477081e-11,8.10949200283439e-07,0.07649323201171487,0.0018722151611092256,8
53,0.014563071777977438,0.014515083358290905,300.0,4893.211680825771,4841.562293125191,-51.64938770057961,-0.8652725049155292,0.0,-50.78411519566408,0.9832471875575435,-0.8652732516585708,-0.8652725049155292,2.997165001778527e-11,8.630141289965599e-07,0.06111729231701752,0.001459713143953568,8
54,0.014515083358290905,0.01447,300.0,4841.562293155523,4792.532017427937,-49.03027572758583,-0.6750608867557059,0.0,-48.35521484083012,0.9862317542225059,-0.6750616803435704,-0.6750608867557059,2.7812075115845848e-11,1.1755783029039191e-06,0.04833474486290922,0.001136752529735819,8
55,0.01447,0.014428576694619147,300.0,4792.532017460081,4746.529532125985,-46.00248533409649,-0.528079197929947,0.0,-45.47440613616654,0.9885206376547977,-0.5280800057550974,-0.528079197929947,2.6041744822018582e-11,1.5297400803585267e-06,0.03806081918151706,0.0008841496763265764,8
56,0.014428576694619147,0.014390195946890285,300.0,4746.52953215807,4703.066349531349,-43.46318262672048,-0.41344667530152596,0.0,-43.04973595141895,0.9904874275118696,-0.41344746593084425,-0.41344667530152596,2.6486966681093857e-11,1.9122848328805106e-06,0.02990754345082522,0.0006875843432061477,8
57,0.014390195946890285,0.014353502830188677,300.0,4703.066349564229,4661.194278400444,-41.87207116378522,-0.3236885832815295,0.0,-41.54838258050369,0.9922695827007123,-0.3236893808206292,-0.3236885832815295,2.8354421259416355e-11,2.463902577477814e-06,0.023469622079320542,0.0005344985216890664,8
58,0.014353502830188677,0.014317142417889587,300.0,4661.19427843366,4619.993040502381,-41.20123793127914,-0.2532936667313079,0.0,-40.94794426454783,0.9938522801874597,-0.2532945754967206,-0.2532936667313079,2.6653458196012323e-11,3.5877807920569485e-06,0.01839715949785737,0.0004151759190716914,8
59,0.014317142417889587,0.014279759783368273,300.0,4619.993040534831,4578.567642338676,-41.425398196155584,-0.19805329200026675,0.0,-41.227344904155316,0.9952190370974238,-0.1980542555672794,-0.19805329200026675,2.8435394723796356e-11,4.86516692050801e-06,0.014404967706272725,0.0003222034515613781,8
60,0.014279759783368273,0.01424,300.0,4578.56764237102,4536.047057647936,-42.52058472308454,-0.154702445968273,0.0,-42.36588227711626,0.9963617046431563,-0.1547035607931371,-0.154702445968273,2.735061542610144e-11,7.206200415651053e-06,0.011265325214728254,0.00024976790857839527,8
61,0.01424,0.014197000000000001,300.0,4536.04705767997,4491.895814580808,-44.15124309916155,-0.12069433624631437,0.0,-44.03054876291523,0.99726634341925,-0.12069568466707625,-0.12069433624631437,3.7461085973036425e-11,1.1172071028068282e-05,0.008798076359100758,0.00019335317693678695,8
62,0.014197000000000001,0.014151599999999999,300.0,4491.895814612398,4446.667029571069,-45.22878504132859,-0.09404218662124458,0.0,-45.13474285470735,0.9979207447970289,-0.09404356436629435,-0.09404218662124458,3.0516175681719626e-11,1.4650072645082778e-05,0.006861504984321892,0.00014947848325113549,8
63,0.014151599999999999,0.014104999999999998,300.0,4446.6670296020675,4401.1272108221,-45.53981877996739,-0.07318076344197397,0.0,-45.466638016525415,0.9983930378863483,-0.07318182189046168,-0.07318076344197397,3.0452163516146146e-11,1.4463270527777976e-05,0.005343626754705981,0.00011541267436798242,8
64,0.014104999999999998,0.0140584,300.0,4401.127210852977,4356.0248323734495,-45.10237847952794,-0.05687409045367793,0.0,-45.04550438907427,0.9987390001953114,-0.056874940385748474,-0.05687409045367793,2.6609298194668082e-11,1.4943876244588225e-05,0.004155739502178613,8.900673933447315e-05,9
65,0.0140584,0.014013,300.0,4356.024832374722,4312.090220656857,-43.934611717864755,-0.0441462740174579,0.0,-43.8904654438473,0.99899518233367,-0.044146512029090014,-0.0441462740174579,2.72072813807867e-11,5.391402880361913e-06,0.003227610714830693,6.858134067761555e-05,9
66,0.014013,0.01397,300.0,4312.0902206575465,4270.036063382526,-42.05415727502077,-0.03422684903608223,0.0,-42.01993042598469,0.9991861244820043,-0.03422704692907621,-0.03422684903608223,2.6934512027665383e-11,5.781772362302582e-06,0.002503634138553832,5.280361304113945e-05,9
67,0.01397,0.01392888775971093,300.0,4270.036063382616,4229.516879175078,-40.519184207537364,-0.0265047200823148,0.0,-40.49267948745505,0.9993458723170102,-0.02650487637388809,-0.0265047200823148,2.6520415131098773e-11,5.896710140664812e-06,0.0019396395837430831,4.061747450054443e-05,9
68,0.01392888775971093,0.013888529719963866,300.0,4229.516879174577,4189.8210490473,-39.69583012727708,-0.02049899138920345,0.0,-39.67533113588787,0.9994835983698167,-0.020499124116430387,-0.02049899138920345,2.5090903393913736e-11,6.474775516477681e-06,0.0015007675466408494,3.120905197893607e-05,9
69,0.013888529719963866,0.013849193902439024,300.0,4189.821049046221,4151.096126311833,-38.72492273438729,-0.015834440010808772,0.0,-38.709088294376485,0.9995911046712884,-0.015834474481397857,-0.015834440010808772,2.3159058883998262e-11,2.1769329398969113e-06,0.0011597129276051884,2.395583707222164e-05,9
70,0.013849193902439024,0.01381114832881662,300.0,4151.096126308232,4113.486472605805,-37.60965370242684,-0.012216443459181513,0.0,-37.59743725896766,0.9996751779860608,-0.012216425230757846,-0.012216443459181513,2.1000452590144125e-11,1.4921219688233668e-06,0.0008950399990171239,1.8372400834465788e-05,9
71,0.01381114832881662,0.013774661020776876,300.0,4113.486472601531,4077.1334220663025,-36.353050535228704,-0.009413936463778229,0.0,-36.343636598764924,0.999741041361724,-0.009413832890976316,-0.009413936463778229,2.204755368288302e-11,1.100207148323298e-05,0.0006899279303446586,1.40760890290148e-05,9
72,0.013774661020776876,0.01374,300.0,4077.1334220614153,4042.1754647901535,-34.957957271261876,-0.007246018033505337,0.0,-34.95071125322837,0.9997927219265909,-0.007245882853561586,-0.007246018033505337,2.1893158017284613e-11,1.8655755909779727e-05,0.0005311906541213002,1.077450523798903e-05,9
73,0.01374,0.01370757196220611,300.0,4042.175464784711,4008.829706281386,-33.345758503325214,-0.0055712330635124575,0.0,-33.3401872702617,0.9998329252860463,-0.005570964760307623,-0.0055712330635124575,2.5904573934423505e-11,4.815867542717104e-05,0.0004085216422016805,8.242046441051525e-06,8
74,0.01370757196220611,0.013677108327840035,300.0,4008.8297063048612,3976.915796809208,-31.913909495653115,-0.004278957495494295,0.0,-31.90963053815762,0.9998659218640675,-0.004278529898550909,-0.004278957495494295,2.821990816667275e-11,9.993016846658644e-05,0.0003138437569627464,6.29961620632457e-06,8
75,0.013677108327840035,0.013647864205669085,300.0,3976.9157968319714,3945.9818506707147,-30.9339461612567,-0.0032828802294837746,0.0,-30.930663281027215,0.9998938745088528,-0.003282404177997385,-0.0032828802294837746,3.260852630372846e-11,0.000145010312016272,0.0002408385678631753,4.810072276607748e-06,8
76,0.013647864205669085,0.01361909470446056,300.0,3945.981850692265,3915.5855852731993,-30.396265419065912,-0.0025158567629838683,0.0,-30.39374956230293,0.9999172313858858,-0.0025153101480623868,-0.0025158567629838683,3.010334630164225e-11,0.00021726790234003518,0.00018460987518121693,3.6695230088370314e-06,8
77,0.01361909470446056,0.013590054932981762,300.0,3915.585585294123,3885.2937984172954,-30.2917868768277,-0.001926050840868893,0.0,-30.289860825986832,0.9999364167307561,-0.0019248706658995835,-0.001926050840868893,3.168921765091568e-11,0.0006127434147985314,0.00014133646407770635,2.7952850777618203e-06,8
78,0.013590054932981762,0.013560000000000001,300.0,3885.293798437667,3854.6821169103277,-30.611681527339442,-0.001472626355635181,0.0,-30.610208900983807,0.9999518933203875,-0.0014715461410941646,-0.001472626355635181,2.884336794618459e-11,0.0007335292736563942,0.00010807957900011876,2.1270536536628205e-06,8
79,0.013560000000000001,0.013528550693550695,300.0,3854.6821169302193,3823.542044600431,-31.14007232978838,-0.0011245212623370096,0.0,-31.138947808526044,0.9999638882899684,-0.001123458375655822,-0.0011245212623370096,2.708951182706752e-11,0.0009451903817085503,8.254226596396691e-05,1.6168937579000731e-06,8
80,0.013528550693550695,0.013496221078221076,300.0,3823.542044621153,3792.1724512222863,-31.369593398866527,-0.0008576287290293698,0.0,-31.368735770137498,0.9999726605085975,-0.0008566031066319587,-0.0008576287290293698,2.7368549799350193e-11,0.0011958815775350775,6.295444601229426e-05,1.2275536465101782e-06,8
81,0.013496221078221076,0.013463606177606178,300.0,3792.17245124267,3760.9112671634484,-31.261184079221493,-0.0006536953955542167,0.0,-31.26053038382594,0.9999790892311086,-0.000651748327171238,-0.0006536953955542167,3.025067368729883e-11,0.002978556061769347,4.793179048911181e-05,9.312661640143571e-07,8
82,0.013463606177606178,0.013431301015301015,300.0,3760.9112671833664,3730.0892625400274,-30.822004643338914,-0.0004975075425647013,0.0,-30.82150713579635,0.9999838586896498,-0.00049589168839978,-0.0004975075425647013,2.7867915644918895e-11,0.003247898829013449,3.645824129191648e-05,7.054764273638839e-07,8
83,0.013431301015301015,0.013399900614900614,300.0,3730.089262559448,3700.030227347701,-30.05903521174696,-0.00037813346713015997,0.0,-30.05865707827983,0.9999874203059258,-0.0003768539270579979,-0.00037813346713015997,3.092924383609982e-11,0.003383831856706972,2.7702585997541232e-05,5.338426759842055e-07,8
84,0.013399900614900614,0.01337,300.0,3700.0302273675006,3671.051270345297,-28.97895702220376,-0.00028696977126185796,0.0,-28.978670052432495,0.9999900973050534,-0.00028610953013259645,-0.00028696977126185796,2.5313780922834705e-11,0.0029976715856826165,2.1041440891032854e-05,4.035863327509967e-07,8
85,0.01337,0.01334089133089133,300.0,3671.0512703649274,3642.750552322106,-28.300718042821245,-0.00021764983055413796,0.0,-28.300500392990692,0.999992309388397,-0.0002168308560739532,-0.00021764983055413796,3.483055870423591e-11,0.0037628078004914634,1.594497135923189e-05,3.041758161703783e-07,8
86,0.01334089133089133,0.013311899877899876,300.0,3642.7505523416066,3614.7525429535845,-27.998009388022183,-0.00016483819360500035,0.0,-27.997844549828578,0.9999941125030954,-0.00016420155588095622,-0.00016483819360500035,3.343492340754447e-11,0.0038621978931029613,1.2074485287441881e-05,2.2939669800796006e-07,8
87,0.013311899877899876,0.01328367032967033,300.0,3614.752542972998,3587.403050929059,-27.34949204393888,-0.0001246900634328086,0.0,-27.349367353875447,0.9999954408636462,-0.0001242052009758327,-0.0001246900634328086,2.7881528747568012e-11,0.003888541264855319,9.132611085994254e-06,1.7288873087242674e-07,8
88,0.01328367032967033,0.013256847374847374,300.0,3587.40305094841,3561.040998352351,-26.36205259605913,-9.421723432371467e-05,0.0,-26.361958378824806,0.9999964260281334,-9.383651577765722e-05,-9.421723432371467e-05,2.7942406276628744e-11,0.0040408588597427965,6.90050297765069e-06,1.2993230106882252e-07,8
89,0.013256847374847374,0.013232075702075703,300.0,3561.0409983716686,3535.9988923036603,-25.042106068008252,-7.109630427099833e-05,0.0,-25.04203497170398,0.999997160929513,-7.081847491141832e-05,-7.109630427099833e-05,2.8741525269729585e-11,0.003907789053577271,5.21355077339924e-06,9.816416161224021e-08,8
90,0.013232075702075703,0.01321,300.0,3535.998892322954,3512.603428194736,-23.39546412821801,-5.362756842864192e-05,0.0,-23.39541050064958,0.9999977077792457,-5.3405882967946095e-05,-5.362756842864192e-05,1.7920903827200238e-11,0.0041337966122928565,3.928005580615842e-06,7.349610012951465e-08,8
91,0.01321,0.01319087283087283,300.0,3512.6034282140217,3490.96834708154,-21.6350811324819,-4.038708994780241e-05,0.0,-21.635040745391954,0.9999981332591407,-4.022379935053598e-05,-4.038708994780241e-05,2.666200685191954e-11,0.0040431384751283515,2.9659230635614716e-06,5.5417989309998296e-08,8
92,0.01319087283087283,0.013173921263921263,300.0,3490.968347100661,3470.6652859009855,-20.30306119967554,-3.042340722033356e-05,0.0,-20.30303077626832,0.9999985015359545,-3.0245200352973913e-05,-3.042340722033356e-05,3.110414156288089e-11,0.005857557835946243,2.2372967332711916e-06,4.12521530767268e-08,8
93,0.013173921263921263,0.013158251748251748,300.0,3470.6652859201554,3451.2102383515485,-19.455047568606915,-2.295794742344834e-05,0.0,-19.455024610659493,0.999998819949047,-2.277825981183899e-05,-2.295794742344834e-05,2.6228276045226458e-11,0.007826815189315436,1.6600598557677415e-06,3.1213600893686154e-08,8
94,0.013158251748251748,0.013142970732970731,300.0,3451.2102383708207,3432.127131594548,-19.08310677627287,-1.7224129436785166e-05,0.0,-19.083089552143434,0.9999990974148162,-1.7105933236827304e-05,-1.7224129436785166e-05,1.83864311121155e-11,0.006862245223577662,1.2569649433549864e-06,2.3379510573356887e-08,8
95,0.013142970732970731,0.013127184667184669,300.0,3432.1271316142074,3412.947308188851,-19.179823425356517,-1.2960724169916195e-05,0.0,-19.179810464632347,0.9999993242521642,-1.2813824720206853e-05,-1.2960724169916195e-05,2.270626980224636e-11,0.01133420075788033,9.473256411455161e-07,1.715306623062586e-08,8
96,0.013127184667184669,0.01311,300.0,3412.947308208696,3393.2093550261025,-19.73795318259363,-9.837248625034994e-06,0.0,-19.737943345345002,0.9999995016074598,-9.586074814301709e-06,-9.837248625034994e-06,2.6622857227493744e-11,0.025532933069727322,6.892116066374085e-07,1.342154010983941e-08,8
97,0.01311,0.01309070707070707,300.0,3393.209355046167,3372.554166240177,-20.655188805989837,-7.75922651536997e-06,0.0,-20.65518104676332,0.9999996243449242,-6.9367876235797304e-06,-7.75922651536997e-06,2.923608683045672e-11,0.10599495840997808,4.92520250868588e-07,9.937451045492634e-09,8
98,0.01309070707070707,0.013069838383838385,300.0,3372.5541662604965,3351.266851197576,-21.287315062920243,-5.928740341748377e-06,0.0,-21.2873091341799,0.9999997214895197,-5.463396720965584e-06,-5.928740341748377e-06,3.056826386772872e-11,0.07848945879885909,3.519770129406772e-07,7.3510448262585766e-09,8
99,0.013069838383838385,0.013048363636363637,300.0,3351.2668512181513,3329.851379249127,-21.41547196902411,-4.396570737307668e-06,0.0,-21.415467572453373,0.999999794701198,-4.140040440401259e-06,-4.396570737307668e-06,1.9304322522470657e-11,0.05834781520278702,2.698855103765289e-07,5.556249699737871e-09,8
100,0.013048363636363637,0.013027252525252525,300.0,3329.8513792703043,3308.8031512538028,-21.048228016501525,-3.317128176611142e-06,0.0,-21.04822469937335,0.9999998424034473,-3.039674730448389e-06,-3.317128176611142e-06,2.2082511397555463e-11,0.08364266660512529,1.9508239909276516e-07,4.298169435761104e-09,8
101,0.013027252525252525,0.013007474747474747,300.0,3308.8031512752677,3288.6092019084504,-20.193949366817378,-2.6174431417760264e-06,0.0,-20.193946749374238,0.9999998703847824,-2.173022319686134e-06,-2.6174431417760264e-06,3.095868337193091e-11,0.1697919679692975,1.3204499622489667e-07,3.2084678344241646e-09,8
102,0.013007474747474747,0.01299,300.0,3288.609201930192,3269.7487332623527,-18.860468667839086,-2.5998221472476267e-06,0.0,-18.86046606801694,0.9999998621549553,-3.104850346707076e-08,-2.5998221472476267e-06,3.0587936036473675e-11,0.9880574509683515,1.328340256492336e-07,3.148170779520341e-09,8
103,0.01299,0.012975020576131688,300.0,3269.748733284543,3252.303637231808,-17.445096052735153,-2.5841650563271915e-06,0.0,-17.445093468570096,0.9999998518686829,-3.052459393802159e-08,-2.5841650563271915e-06,2.8801987292582998e-11,0.9881878311668661,1.3329359947422048e-07,3.1060544537899726e-09,8
104,0.012975020576131688,0.012961621399176953,300.0,3252.3036372542692,3235.8016282419803,-16.50200901228891,-2.5698889608150006e-06,0.0,-16.50200644239995,0.9999998442681156,-3.009172152039451e-08,-2.5698889608150006e-06,2.7529865422745455e-11,0.9882906530285062,1.3344278864012748e-07,3.0716115068736157e-09,8
105,0.012961621399176953,0.012949111111111111,300.0,3235.8016282655663,3219.88915731932,-15.91247094624623,-2.5565698011411947e-06,0.0,-15.91246838967643,0.9999998393354615,-2.972634594912774e-08,-2.5565698011411947e-06,2.6579763207088572e-11,0.988372566265995,1.3335106693621338e-07,3.040542724865551e-09,8
106,0.012949111111111111,0.012936798353909465,300.0,3219.8891573433248,3204.2177805595547,-15.671376783770029,-2.5438647911051094e-06,0.0,-15.671374239905237,0.9999998376744541,-2.939933968243743e-08,-2.5438647911051094e-06,2.584800220075431e-11,0.9884430415542386,1.330675883117994e-07,3.011014374270267e-09,8
107,0.012936798353909465,0.012923991769547324,300.0,3204.217780584022,3188.443863981898,-15.77391660212379,-2.5314821044193352e-06,0.0,-15.773914070641686,0.9999998395146767,-2.9107813038245875e-08,-2.5314821044193352e-06,2.5269209699400165e-11,0.9885016714171391,1.326311761757839e-07,2.982118801171467e-09,8
108,0.012923991769547324,0.01291,300.0,3188.443864006873,3172.2284904860244,-16.215373520848516,-2.5191762152461852e-06,0.0,-16.2153710016723,0.9999998446427266,-2.8832418196183422e-08,-2.5191762152461852e-06,2.4800757774517718e-11,0.9885548227941784,1.3207122009277906e-07,2.9533191808812286e-09,8
109,0.01291,0.012894362139917695,300.0,3172.2284905130387,3155.3505183437637,-16.877972169274926,-2.506774988695656e-06,0.0,-16.877969662499936,0.9999998514765301,-2.8572117910037525e-08,-2.506774988695656e-06,2.4412631223276966e-11,0.9886020412526518,1.3141283133387774e-07,2.9243403867842842e-09,8
110,0.012894362139917695,0.012877489711934155,300.0,3155.3505183714797,3138.0179928547095,-17.332525516770147,-2.494293361466499e-06,0.0,-17.332523022476785,0.999999856091753,-2.8324956980307768e-08,-2.494293361466499e-06,2.4085494706767195e-11,0.9886440955912041,1.3067719784020528e-07,2.8953260051179324e-09,8
111,0.012877489711934155,0.01286,300.0,3138.017992883145,3120.5359528388203,-17.48204004432455,-2.48179675839896e-06,0.0,-17.48203756252779,0.9999998580373485,-2.809538558503854e-08,-2.48179675839896e-06,2.37954841042084e-11,0.9886794172448017,1.2988168106995797e-07,2.866527574685957e-09,8
112,0.01286,0.012842510288065842,300.0,3120.535952869928,3103.2048685786003,-17.331084291327898,-2.469358879535992e-06,0.0,-17.33108182196902,0.9999998575185004,-2.7883622444226904e-08,-2.469358879535992e-06,2.3537424171982597e-11,0.9887081530856843,1.2904072576745744e-07,2.838183172223526e-09,8
113,0.012842510288065842,0.012825637860082303,300.0,3103.204868610568,3086.3207107819276,-16.884157828640582,-2.45706245654157e-06,0.0,-16.884155371578125,0.9999998544752731,-2.76871012828768e-08,-2.45706245654157e-06,2.330967515932522e-11,0.9887316249494742,1.2816595694971887e-07,2.810546020674949e-09,8
114,0.012825637860082303,0.012809999999999998,300.0,3086.3207108147567,3070.1751422127036,-16.145568602053118,-2.444993982583102e-06,0.0,-16.145566157059136,0.9999998485656317,-2.750401031461474e-08,-2.444993982583102e-06,2.3098410812494857e-11,0.9887508883414277,1.272676158285495e-07,2.7838431127085473e-09,8
115,0.012809999999999998,0.01279551440329218,300.0,3070.1751422464195,3054.7213031464576,-15.453839099961897,-2.4331096776309564e-06,0.0,-15.453836666852219,0.9999998425562954,-2.73484273130047e-08,-2.4331096776309564e-06,2.289872960988843e-11,0.9887598871664376,1.2635282291900124e-07,2.7579869302575316e-09,8
116,0.01279551440329218,0.012781621399176954,300.0,3054.7213031834726,3039.685822872837,-15.035480310635648,-2.421280541976696e-06,0.0,-15.035477889355107,0.9999998389622087,-2.722079557205904e-08,-2.421280541976696e-06,2.2704140041836694e-11,0.9887576862324939,1.2542673404907488e-07,2.732710561859846e-09,8
117,0.012781621399176954,0.01276822222222222,300.0,3039.6858229110235,3025.01787654859,-14.667946362433668,-2.4094739768352274e-06,0.0,-14.667943952959691,0.9999998357320161,-2.7108163001587078e-08,-2.4094739768352274e-06,2.25175135701061e-11,0.9887493439388821,1.2449359063630282e-07,2.7079387794013102e-09,8
118,0.01276822222222222,0.012755218106995883,300.0,3025.017876588139,3010.667337739709,-14.350538848430006,-2.3976588845946983e-06,0.0,-14.350536450771122,0.9999998329220311,-2.701745075825706e-08,-2.3976588845946983e-06,2.23442053297865e-11,0.9887317370574071,1.235563561637058e-07,2.683602193540271e-09,8
119,0.012755218106995883,0.01274251028806584,300.0,3010.667337780589,2996.5847458776575,-14.082591902931654,-2.3858123242435558e-06,0.0,-14.08258951711933,0.9999998305842887,-2.692984237309131e-08,-2.3858123242435558e-06,2.2175073686244805e-11,0.988712505967279,1.226178570758551e-07,2.659640736904233e-09,8
120,0.01274251028806584,0.012729999999999998,300.0,2996.584745919954,2982.7212772124462,-13.863468707507764,-2.3739090007875415e-06,0.0,-13.863466333598764,0.9999998287651489,-2.6853080028054556e-08,-2.3739090007875415e-06,2.2009734007819094e-11,0.9886882437283205,1.2168052678848933e-07,2.6359981100009947e-09,8
121,0.012729999999999998,0.012717668566001898,300.0,2982.721277256247,2969.066169072046,-13.655108184201254,-2.3619423517537274e-06,0.0,-13.655105822258902,0.9999998270286606,-2.67912666961464e-08,-2.3619423517537274e-06,2.1848285007902318e-11,0.9886571038974536,1.207452661953167e-07,2.6126402046689294e-09,8
122,0.012717668566001898,0.012705576448243114,300.0,2969.0661691174982,2955.645647064084,-13.42052205341406,-2.3499160096344667e-06,0.0,-13.420519703498051,0.9999998249012967,-2.6744979748218317e-08,-2.3499160096344667e-06,2.168597083489159e-11,0.9886187507814892,1.1981379027976757e-07,2.58958846318196e-09,8
123,0.012705576448243114,0.012693743589743588,300.0,2955.6456471142214,2942.466779031514,-13.178868082707595,-2.337829712372314e-06,0.0,-13.178865744877882,0.9999998226077006,-2.6712722527604256e-08,-2.337829712372314e-06,2.1530077780985032e-11,0.9885737090318278,1.1888710179439872e-07,2.566821314114021e-09,8
124,0.012693743589743588,0.012682189933523267,300.0,2942.466779083549,2929.536538566808,-12.930240516741378,-2.3256888709547163e-06,0.0,-12.930238191052506,0.9999998201356836,-2.6681431497643104e-08,-2.3256888709547163e-06,2.137459376775992e-11,0.9885275146513084,1.1796604732241438e-07,2.544345308449381e-09,8
125,0.012682189933523267,0.012670935422602088,300.0,2929.536538620837,2916.861810829351,-12.67472779148602,-2.313490238075724e-06,0.0,-12.674725477995782,0.9999998174721954,-2.6672354018148213e-08,-2.313490238075724e-06,2.122050553723275e-11,0.9884709459416897,1.1705091441703511e-07,2.522144770311616e-09,8
126,0.012670935422602088,0.01266,300.0,2916.8618108854716,2904.449397952025,-12.41241293344683,-2.301235520329705e-06,0.0,-12.41241063221131,0.9999998146020815,-2.6676792828431575e-08,-2.301235520329705e-06,2.1069336093203648e-11,0.9884076216481269,1.1614184061580526e-07,2.5002206031437504e-09,8
127,0.01266,0.01264957264957265,300.0,2904.4493980103366,2892.3834358535205,-12.065962156816113,-2.28895874487269e-06,0.0,-12.065959867857368,0.9999998102962105,-2.6681974029533324e-08,-2.28895874487269e-06,2.091697210100181e-11,0.9883431826417574,1.1523991463398269e-07,2.4786350877387573e-09,8
128,0.01264957264957265,0.012639658119658117,300.0,2892.383435913778,2880.663000685352,-11.72043522842614,-2.2766525382416248e-06,0.0,-11.720432951773603,0.9999998057535839,-2.6712657788617177e-08,-2.2766525382416248e-06,2.0764815610517126e-11,0.988266695360879,1.1434506421249717e-07,2.4573747306765315e-09,8
129,0.012639658119658117,0.012629999999999999,300.0,2880.663000747906,2869.168394626145,-11.49460612176108,-2.2642714453498726e-06,0.0,-11.494603857489635,0.9999998030144381,-2.675363676052675e-08,-2.2642714453498726e-06,2.0611467851584555e-11,0.9881844392749507,1.134565691234179e-07,2.4363222288923836e-09,8
130,0.012629999999999999,0.012620341880341881,300.0,2869.16839469111,2857.7812868867304,-11.387107804379411,-2.251763532247132e-06,0.0,-11.387105552615878,0.9999998022532524,-2.6815242317703192e-08,-2.251763532247132e-06,2.045928821059376e-11,0.9880914483542846,1.1257413538978758e-07,2.415365311439784e-09,8
131,0.012620341880341881,0.01261042735042735,300.0,2857.781286957947,2846.3846558446703,-11.396631113276726,-2.239088587133197e-06,0.0,-11.396628874188139,0.9999998035306605,-2.6879502546337796e-08,-2.239088587133197e-06,2.0304863060517247e-11,0.9879953376115624,1.1169679921182241e-07,2.39440126048636e-09,8
132,0.01261042735042735,0.0126,300.0,2846.38465591871,2834.8627624925325,-11.521893426177485,-2.226198570455167e-06,0.0,-11.521891199978914,0.9999998067853529,-2.696180374809064e-08,-2.226198570455167e-06,2.0152707325513173e-11,0.9878888594638806,1.1082365398951176e-07,2.373324539957674e-09,8
133,0.0126,0.01258868649097816,300.0,2834.8627625687145,2823.0486377299103,-11.814124838804219,-2.213040363701649e-06,0.0,-11.814122625763854,0.9999998126784341,-2.7031862585287527e-08,-2.213040363701649e-06,2.0002786713327675e-11,0.9877851922501437,1.099537483556353e-07,2.3520025848368796e-09,8
134,0.01258868649097816,0.012576600189933522,300.0,2823.0486378091105,2810.99510111145,-12.053536697660547,-2.199634435097582e-06,0.0,-12.053534498026112,0.999999817511284,-2.7111160625852708e-08,-2.199634435097582e-06,1.9846873800514794e-11,0.9876746971254566,1.0908682971875405e-07,2.3304722202247173e-09,8
135,0.012576600189933522,0.012564214743589742,300.0,2810.9951011937733,2798.9150965849085,-12.080004608864783,-2.186060997648109e-06,0.0,-12.080002422803785,0.9999998190347547,-2.7206431839271817e-08,-2.186060997648109e-06,1.9697426141764308e-11,0.9875545870547336,1.0822249856675288e-07,2.308906137287948e-09,8
136,0.012564214743589742,0.012552003798670466,300.0,2798.915096670416,2787.019070986493,-11.896025683923199,-2.172406308268415e-06,0.0,-11.89602351151689,0.9999998173838586,-2.7293504363447528e-08,-2.172406308268415e-06,1.9543669906653964e-11,0.9874362801012105,1.0736166035909942e-07,2.2874815059097027e-09,8
137,0.012552003798670466,0.012540441001899334,300.0,2787.019071075235,2775.515045146333,-11.504025928902138,-2.1587396769780483e-06,0.0,-11.50402377016246,0.9999998123491992,-2.7405918146267368e-08,-2.1587396769780483e-06,1.9390023122532346e-11,0.9873046674230623,1.0650485828873064e-07,2.266354395631198e-09,8
138,0.012540441001899334,0.01253,300.0,2775.5150452421235,2764.608750805214,-10.90629443690932,-2.1451296331958703e-06,0.0,-10.906292291779687,0.9999998033126976,-2.7546263177757373e-08,-2.1451296331958703e-06,1.9237132863326866e-11,0.9871586953294201,1.0565212017684563e-07,2.245677087604843e-09,8
139,0.01253,0.01252057355967078,300.0,2764.60875090446,2754.247935242317,-10.360815662143068,-2.131553909490067e-06,0.0,-10.360813530589159,0.9999997942677509,-2.769004801029379e-08,-2.131553909490067e-06,1.9083781436678502e-11,0.9870094545171894,1.0480392588238852e-07,2.225403635436082e-09,8
140,0.01252057355967078,0.012511687242798355,300.0,2754.247935345152,2744.2197765464034,-10.028158798748791,-2.1179276181819843e-06,0.0,-10.028156680821173,0.9999997888019465,-2.7849692782397966e-08,-2.1179276181819843e-06,1.8928814228016814e-11,0.9868504983157528,1.0395919549094207e-07,2.2053464937806707e-09,8
141,0.012511687242798355,0.012503263888888888,300.0,2744.219776651645,2734.487708339806,-9.732068311839157,-2.104229621031163e-06,0.0,-9.732066207609536,0.9999997837839241,-2.802913448978011e-08,-2.104229621031163e-06,1.8774841527692734e-11,0.9866796217439213,1.0311745145138468e-07,2.185467353503391e-09,8
142,0.012503263888888888,0.012495226337448559,300.0,2734.487708449034,2725.0155517618623,-9.472156687171719,-2.0904489679874996e-06,0.0,-9.472154596722751,0.9999997793059134,-2.8207894911676142e-08,-2.0904489679874996e-06,1.8621791705439113e-11,0.9865062982432754,1.0227839746625233e-07,2.1657333957617197e-09,8
143,0.012495226337448559,0.01248749742798354,300.0,2725.015551875253,2715.767496153748,-9.248055721504898,-2.076561164401559e-06,0.0,-9.248053644943733,0.9999997754597044,-2.8416499740284817e-08,-2.076561164401559e-06,1.8465543277976883e-11,0.9863155970421541,1.0144109905609635e-07,2.1460982812549464e-09,8
144,0.01248749742798354,0.01248,300.0,2715.7674962714837,2706.708081133439,-9.059415138044642,-2.0625465676922104e-06,0.0,-9.059413075498075,0.9999997723311564,-2.8643188269392255e-08,-2.0625465676922104e-06,1.8308322385473662e-11,0.9861127071174732,1.0060496960620049e-07,2.1265248753790515e-09,8
145,0.01248,0.012472818930041152,300.0,2706.708081255706,2697.8723665621305,-8.835714693575483,-2.0484096277081374e-06,0.0,-8.835712645165854,0.9999997681670697,-2.8892694618128727e-08,-2.0484096277081374e-06,1.8150756950804843e-11,0.9858950601347957,9.97695106471145e-08,2.1070366949358704e-09,8
146,0.012472818930041152,0.012466008230452675,300.0,2697.8723666890983,2689.2817538509794,-8.590612838118886,-2.034156101869092e-06,0.0,-8.590610803962784,0.9999997632117591,-2.915120570870348e-08,-2.034156101869092e-06,1.799311989210014e-11,0.9856691402975819,9.893435773395111e-08,2.087634070168894e-09,8
147,0.012466008230452675,0.012459444444444445,300.0,2689.281753986274,2680.8809957163558,-8.400758269918242,-2.01976272938245e-06,0.0,-8.400756250155514,0.9999997595737594,-2.9417770425729127e-08,-2.01976272938245e-06,1.7833961146783698e-11,0.985435036503162,9.809931654468724e-08,2.0682742583616343e-09,8
148,0.012459444444444445,0.012453004115226339,300.0,2680.880995856787,2672.6153506618775,-8.265645194909666,-2.0052007472277635e-06,0.0,-8.26564318970892,0.9999997574054174,-2.9705688192168887e-08,-2.0052007472277635e-06,1.767753926530293e-11,0.9851856786741988,9.726358599578637e-08,2.048903823436295e-09,8
149,0.012453004115226339,0.01244656378600823,300.0,2672.6153508062635,2664.430557934816,-8.184792871447371,-1.9904567167512034e-06,0.0,-8.184790880990654,0.999999756810374,-2.998170795694829e-08,-1.9904567167512034e-06,1.752453491977656e-11,0.9849372720820155,9.642728398683856e-08,2.029489750932938e-09,8
150,0.01244656378600823,0.01244,300.0,2664.430558084847,2656.2728208973663,-8.157737187480507,-1.9755349388955932e-06,0.0,-8.157735211945567,0.9999997578329758,-3.020831856193847e-08,-1.9755349388955932e-06,1.7379711682824316e-11,0.9847087905320336,9.559128424046339e-08,2.010011559770161e-09,8
151,0.01244,0.012433333333333333,300.0,2656.2728210532778,2648.1502263317016,-8.122594721576206,-1.960492421972879e-06,0.0,-8.122592761083784,0.9999997586371733,-3.031665716211523e-08,-1.960492421972879e-06,1.7255533817530565e-11,0.9845362028323441,9.47586067861688e-08,1.990538947074264e-09,8
152,0.012433333333333333,0.012426666666666666,300.0,2648.150226493702,2640.105788712751,-8.044437780951284,-1.945479970113861e-06,0.0,-8.044435835471313,0.9999997581583668,-3.0139156452283036e-08,-1.945479970113861e-06,1.7170744347783232e-11,0.9845081126944117,9.393533788636211e-08,1.9712271789796933e-09,8
153,0.012426666666666666,0.012419999999999999,300.0,2640.105788881022,2632.1384813367663,-7.967307544255618,-1.931246244029784e-06,0.0,-7.9673056130093745,0.999999757603653,-2.8343503274185018e-08,-1.931246244029784e-06,4.599818023673994e-11,0.9853237238069431,9.316066926040853e-08,1.9539885496426515e-09,7
154,0.012419999999999999,0.012413333333333334,300.0,2632.1384829577783,2624.2472884201343,-7.891194537643969,-1.920357482088723e-06,0.0,-7.891192617286487,0.9999997566455278,-2.1536044810975098e-08,-1.920357482088723e-06,1.7155445479109928e-11,0.988785398025189,9.24846317383215e-08,1.9373330577498962e-09,7
155,0.012413333333333334,0.012406666666666667,300.0,2624.247290104975,2616.4311958420276,-7.816094262947445,-1.9073882985381186e-06,0.0,-7.816092355559146,0.9999997559665691,-2.577144051804093e-08,-1.9073882985381186e-06,4.36873411193445e-11,0.9864886239798195,9.173842577836907e-08,1.921035127580422e-09,7
156,0.012406666666666667,0.0124,300.0,2616.431197594286,2608.6891974935043,-7.742000100781752,-1.8965947182265738e-06,0.0,-7.741998204187033,0.9999997550252269,-2.0411360260626604e-08,-1.8965947182265738e-06,1.707883417804715e-11,0.9892378903808651,9.118404221462794e-08,1.905737623174277e-09,7
157,0.0124,0.012393201058201056,300.0,2608.689199313743,2600.964707715486,-7.724491598256918,-1.8839125290843294e-06,0.0,-7.724489714344389,0.999999756111777,-2.4855199338912203e-08,-1.8839125290843294e-06,4.284400285136096e-11,0.9868066064877263,9.047675306343079e-08,1.8900186005729864e-09,7
158,0.012393201058201056,0.012386243386243384,300.0,2600.9647096055382,2593.245971285554,-7.718738319984368,-1.8734208308414473e-06,0.0,-7.718736446563537,0.9999997572892417,-1.9916639337222504e-08,-1.8734208308414473e-06,1.690587723524661e-11,0.9893688385389219,8.98987866313743e-08,1.8747671027900228e-09,7
159,0.012386243386243384,0.012379285714285714,300.0,2593.2459732472716,2585.5987708331922,-7.647202414079402,-1.8608916056510712e-06,0.0,-7.647200553187797,0.9999997566572055,-2.4350104312345176e-08,-1.8608916056510712e-06,4.227339899639939e-11,0.986914818553429,8.920754600856656e-08,1.8593391232877426e-09,7
160,0.012379285714285714,0.012372486772486771,300.0,2585.5987728687924,2578.088343877207,-7.510428991585286,-1.8504865141431646e-06,0.0,-7.510427141098772,0.9999997536110765,-1.9594834063166322e-08,-1.8504865141431646e-06,1.6736568162060713e-11,0.9894109825100567,8.865215755701526e-08,1.844495138417725e-09,7
161,0.012372486772486771,0.01236600529100529,300.0,2578.0883459891534,2570.7794064870345,-7.308939502118847,-1.8381410028453862e-06,0.0,-7.308937663977844,0.9999997485078372,-2.3958523451466853e-08,-1.8381410028453862e-06,4.176165848511185e-11,0.9869658946651102,8.797825478677106e-08,1.8295200384077655e-09,7
162,0.01236600529100529,0.01236,300.0,2570.77940867795,2563.7361817797005,-7.043226898249486,-1.8279859637031802e-06,0.0,-7.043225070263523,0.9999997404618665,-1.9265359665367736e-08,-1.8279859637031802e-06,1.6569751701660694e-11,0.9894608820593243,8.74306560661797e-08,1.8151658829211431e-09,7
163,0.01236,0.012354603174603174,300.0,2563.7361840524145,2557.0114716206845,-6.72471243173004,-1.815924748078623e-06,0.0,-6.724710615805292,0.999999729962468,-2.35616671551821e-08,-1.815924748078623e-06,4.123684164391462e-11,0.9870249760183554,8.67731506736845e-08,1.8007970761687364e-09,7
164,0.012354603174603174,0.012349682539682539,300.0,2557.0114739780793,2550.548343216648,-6.46313076143133,-1.8060296997827696e-06,0.0,-6.46312895540163,0.9999997205642642,-1.895512366669938e-08,-1.8060296997827696e-06,1.6403559709167093e-11,0.989504533801975,8.623891793976168e-08,1.7870385965352308e-09,7
165,0.012349682539682539,0.012344999999999998,300.0,2550.5483456610327,2544.2466608777536,-6.301684783279143,-1.7941918413439302e-06,0.0,-6.301682989087301,0.9999997152837847,-2.3180764488719348e-08,-1.7941918413439302e-06,4.072422290985602e-11,0.9870801081832165,8.559743745335102e-08,1.7731674932560939e-09,7
166,0.012344999999999998,0.012340317460317461,300.0,2544.2466634107664,2538.0070226616153,-6.239640749151022,-1.7844368946806323e-06,0.0,-6.2396389647141275,0.9999997140160842,-1.8660295948843873e-08,-1.7844368946806323e-06,1.623358690113911e-11,0.989542753792824,8.507348109927486e-08,1.7597051046096439e-09,7
167,0.012340317460317461,0.012335396825396826,300.0,2538.0070252843952,2531.7307262561367,-6.276299028258563,-1.7726802425850866e-06,0.0,-6.276297255578321,0.9999997175596264,-2.282450817121888e-08,-1.7726802425850866e-06,4.022446634680439e-11,0.987124294826046,8.444570637480339e-08,1.746021654819069e-09,7
168,0.012335396825396826,0.01233,300.0,2531.730728969399,2525.3197580688334,-6.410970900565644,-1.7629329268391427e-06,0.0,-6.410969137632717,0.9999997250131136,-1.8366725498187282e-08,-1.7629329268391427e-06,1.6068078790108172e-11,0.9895817219029892,8.393082982769793e-08,1.7326199003068994e-09,7
169,0.01233,0.012323862433862433,300.0,2525.319760872905,2518.665978543058,-6.653782329847218,-1.7511363697417266e-06,0.0,-6.6537805787108475,0.9999997368209113,-2.2453488884490596e-08,-1.7511363697417266e-06,3.973328342706492e-11,0.9871777610970399,8.331469845276896e-08,1.7188641552051635e-09,7
170,0.012323862433862433,0.012317089947089948,300.0,2518.66598143781,2511.8132785044563,-6.852702933353612,-1.7413153644794626e-06,0.0,-6.852701192038247,0.9999997458936449,-1.8071304173655652e-08,-1.7413153644794626e-06,1.5903002120055794e-11,0.9896220382922666,8.280680355047821e-08,1.7053176354275622e-09,7
171,0.012317089947089948,0.01231,300.0,2511.8132814904966,2504.891462587872,-6.921818902624636,-1.7295268333164832e-06,0.0,-6.921817173097803,0.9999997501340532,-2.2082800335422637e-08,-1.7295268333164832e-06,3.9266564366807605e-11,0.987231883362528,8.220104430974487e-08,1.6915683864270862e-09,7
172,0.01231,0.012302910052910053,300.0,2504.891465666893,2498.029370107395,-6.862095559497902,-1.71977930301531e-06,0.0,-6.862093839718599,0.9999997493798668,-1.778796233591064e-08,-1.71977930301531e-06,1.573479861516164e-11,0.9896568342782572,8.17004568628869e-08,1.6781712453850152e-09,7
173,0.012302910052910053,0.012296137566137566,300.0,2498.0293732817872,2491.3548903127353,-6.674482969051951,-1.7081654799011815e-06,0.0,-6.674481260886471,0.9999997440752357,-2.1741212474755155e-08,-1.7081654799011815e-06,3.8797022868662813e-11,0.9872721860202837,8.110515302823899e-08,1.664759614885016e-09,7
174,0.012296137566137566,0.01229,300.0,2491.354893587047,2484.9950049950216,-6.359888592025527,-1.6986653894158015e-06,0.0,-6.359886893360137,0.9999997329095683,-1.7501181527860567e-08,-1.6986653894158015e-06,1.5572570702821877e-11,0.9896970988889816,8.061377531193993e-08,1.6518696545280641e-09,7
175,0.01229,0.012284503968253967,300.0,2484.995008370811,2478.9502748880113,-6.044733482799529,-1.6873715471466978e-06,0.0,-6.044731795427982,0.9999997208526146,-2.136169096528073e-08,-1.6873715471466978e-06,3.827838991512471e-11,0.9873402565063973,8.003186849365295e-08,1.639064774913246e-09,7
176,0.012284503968253967,0.01227936507936508,300.0,2478.9502783677062,2473.103989740982,-5.846288626724345,-1.6781280652614665e-06,0.0,-5.84628694859628,0.999999712958396,-1.7197320195683763e-08,-1.6781280652614665e-06,1.5418715934273704e-11,0.9897520811720623,7.955137187703781e-08,1.6266890820312544e-09,7
177,0.01227936507936508,0.012274464285714286,300.0,2473.103993325472,2467.4067964536216,-5.697196871850338,-1.6670544985544654e-06,0.0,-5.697195204795839,0.9999997073903998,-2.09934122275898e-08,-1.6670544985544654e-06,3.780956906320137e-11,0.9874068830708332,7.898242846663587e-08,1.614305662837048e-09,7
178,0.012274464285714286,0.012269682539682539,300.0,2467.4068001433543,2461.8096771454275,-5.597122997926817,-1.6579678851545483e-06,0.0,-5.597121339958933,0.9999997037821242,-1.6925902492355275e-08,-1.6579678851545483e-06,1.5260358835476443e-11,0.9897911759064154,7.851089027230103e-08,1.6022354373832625e-09,7
179,0.012269682539682539,0.012264900793650795,300.0,2461.8096809404915,2456.263933302257,-5.545747638234388,-1.6470347957558608e-06,0.0,-5.545745991199593,0.9999997030094222,-2.0662921634811277e-08,-1.6470347957558608e-06,3.7345953122863995e-11,0.9874544717039031,7.795333315525391e-08,1.5901124206476502e-09,7
180,0.012264900793650795,0.01226,300.0,2456.2639372023978,2450.7211755308836,-5.542761671514199,-1.6380401705985252e-06,0.0,-5.542760033474029,0.9999997044721987,-1.6663750506786995e-08,-1.6380401705985252e-06,1.5102508528152558e-11,0.9898270196263269,7.748963517586455e-08,1.5782244833046817e-09,7
181,0.01226,0.012254861111111112,300.0,2450.721179535527,2445.133318639222,-5.587860896304846,-1.627191199224941e-06,0.0,-5.587859269113647,0.9999997087989072,-2.0338424489730825e-08,-1.627191199224941e-06,3.689331868071174e-11,0.9875009006320717,7.694114104381541e-08,1.5662317884028135e-09,7
182,0.012254861111111112,0.012249555555555555,300.0,2445.133322748714,2439.528523484107,-5.604799264606754,-1.6182501411799698e-06,0.0,-5.604797646356613,0.9999997112742018,-1.6401377213737925e-08,-1.6182501411799698e-06,1.4943369274133883e-11,0.9898647453836904,7.648569410460927e-08,1.554453271902494e-09,7
183,0.012249555555555555,0.01224425,300.0,2439.528527696816,2433.972672721615,-5.555854975201328,-1.6075060468565589e-06,0.0,-5.555853367695281,0.9999997106645055,-2.0022449332092005e-08,-1.6075060468565589e-06,3.643765809182474e-11,0.9875444018569974,7.594665997985348e-08,1.5426373733212117e-09,7
184,0.01224425,0.012239111111111112,300.0,2433.972677037933,2428.531238705644,-5.441438332289181,-1.5986927796993074e-06,0.0,-5.441436733596401,0.9999997062003312,-1.615192995799443e-08,-1.5986927796993074e-06,1.4786727399575736e-11,0.9898967893249431,7.549852516974251e-08,1.5311046536569047e-09,7
185,0.012239111111111112,0.012234305555555557,300.0,2428.5312431263555,2423.2693010249204,-5.261942101435125,-1.588145290589291e-06,0.0,-5.261940513289834,0.9999996981826748,-1.970696972330319e-08,-1.588145290589291e-06,3.598448298846758e-11,0.9875912047593638,7.496853401300956e-08,1.5196336329364656e-09,7
186,0.012234305555555557,0.012230000000000001,300.0,2423.269305551041,2418.2515705959945,-5.017734955046308,-1.5795433912747593e-06,0.0,-5.0177333755029165,0.9999996852078865,-1.5894303133832894e-08,-1.5795433912747593e-06,1.463579073571246e-11,0.989937406454529,7.452994359446024e-08,1.5085118244892467e-09,7
187,0.012230000000000001,0.012226203703703703,300.0,2418.2515752289983,2413.4802168670276,-4.77135836197067,-1.5692495730173564e-06,0.0,-4.771356792721097,0.9999996711105195,-1.9397343526510993e-08,-1.5692495730173564e-06,3.5535378261811597e-11,0.9876390958710196,7.401046208350574e-08,1.4974938844605366e-09,7
188,0.012226203703703703,0.01222274074074074,300.0,2413.48022160693,2408.884380243905,-4.595841363025102,-1.560852064253085e-06,0.0,-4.595839802173037,0.9999996603772974,-1.565511535160617e-08,-1.560852064253085e-06,1.448302396791091e-11,0.9899701479018144,7.358057241073574e-08,1.4867739014983047e-09,7
189,0.01222274074074074,0.012219500000000001,300.0,2408.884385089721,2404.419148456666,-4.465236633055156,-1.5507386229023372e-06,0.0,-4.465235082316533,0.9999996527085235,-1.911426522555922e-08,-1.5507386229023372e-06,3.5123579306386066e-11,0.9876740896607158,7.307127362123357e-08,1.476086511933435e-09,7
190,0.012219500000000001,0.01221637037037037,300.0,2404.4191534068414,2400.039862865652,-4.379290541189221,-1.5424726228911139e-06,0.0,-4.379288998716598,0.9999996477802493,-1.54371316396444e-08,-1.5424726228911139e-06,1.4330405042375962e-11,0.9899919574515949,7.264870002666674e-08,1.4656190443208057e-09,7
191,0.01221637037037037,0.012213240740740742,300.0,2400.0398679181944,2395.7021057038955,-4.337762214298891,-1.5324802846766957e-06,0.0,-4.337760681818606,0.9999996467117815,-1.884224530044659e-08,-1.5324802846766957e-06,3.470809071579597e-11,0.9877047388544893,7.214866197900679e-08,1.4551476846320103e-09,7
192,0.012213240740740742,0.01221,300.0,2395.7021108558192,2391.3616921940366,-4.340418661782678,-1.5242956710909167e-06,0.0,-4.340417137487007,0.9999996488136768,-1.5212890354524767e-08,-1.5242956710909167e-06,1.4181974961217599e-11,0.9900197247535072,7.173295746710482e-08,1.444822480989265e-09,7
193,0.01221,0.012206512345679014,300.0,2391.361697443266,2386.965001720092,-4.396695723174162,-1.5143799058636358e-06,0.0,-4.396694208794256,0.9999996555640869,-1.8551565603416726e-08,-1.5143799058636358e-06,3.427807998039383e-11,0.9877497281021851,7.12417275990304e-08,1.4344408453735593e-09,7
194,0.012206512345679014,0.012202839506172838,300.0,2386.9650070635216,2382.5358976343996,-4.429109429122036,-1.5062427571960041e-06,0.0,-4.429107922879279,0.9999996599219818,-1.498591586846526e-08,-1.5062427571960041e-06,1.4033219146051102e-11,0.9900507963959523,7.083202158299683e-08,1.4242046685920644e-09,7
195,0.012202839506172838,0.012199166666666667,300.0,2382.535903069695,2378.146297504354,-4.389605565340844,-1.4964204093948578e-06,0.0,-4.389604068920434,0.9999996590991178,-1.8279818749181634e-08,-1.4964204093948578e-06,3.387885853271846e-11,0.9877843027036942,7.03483043069392e-08,1.4139681184466017e-09,7
196,0.012199166666666667,0.01219567901234568,300.0,2378.146303030305,2373.8677513734165,-4.2785516568883395,-1.488401334055149e-06,0.0,-4.278550168487006,0.9999996521249589,-1.4766278030223403e-08,-1.488401334055149e-06,1.3886465928925637e-11,0.9900791018575664,6.99453865083168e-08,1.4039333898284123e-09,7
197,0.01219567901234568,0.012192561728395062,300.0,2373.8677569893916,2369.7714589261695,-4.096298063222093,-1.4787635726152772e-06,0.0,-4.09629658445852,0.9999996390000068,-1.80076512039755e-08,-1.4787635726152772e-06,3.34702423805156e-11,0.9878224947263693,6.946975357133324e-08,1.3940066551374155e-09,7
198,0.012192561728395062,0.012190000000000001,300.0,2369.771464631847,2365.9282952887625,-3.843169343084355,-1.4709483798651754e-06,0.0,-3.843167872135975,0.9999996172564234,-1.4550768848294301e-08,-1.4709483798651754e-06,1.3740769658025168e-11,0.9901078997417788,6.90742623317778e-08,1.3843474327261588e-09,7
199,0.012190000000000001,0.012188024691358027,300.0,2365.928301083978,2362.3489717453476,-3.5793293386304867,-1.4615564589906609e-06,0.0,-3.5793278770740278,0.9999995916675106,-1.7743698243410627e-08,-1.4615564589906609e-06,3.3072232226784727e-11,0.9878597243820029,6.860798917904949e-08,1.374846235580857e-09,7
200,0.012188024691358027,0.01218641975308642,300.0,2362.3489776290508,2358.9485302081075,-3.4004474209432374,-1.453933212795717e-06,0.0,-3.4004459670100244,0.9999995724288504,-1.4356578641940193e-08,-1.453933212795717e-06,1.3595399345076764e-11,0.9901256959290898,6.82203558234931e-08,1.3655592828013273e-09,7
201,0.01218641975308642,0.012185000000000001,300.0,2358.948536178501,2355.654355852768,-3.294180325733123,-1.444698860884197e-06,0.0,-3.294178881034262,0.9999995614390477,-1.7515164611476245e-08,-1.444698860884197e-06,3.2684243066432876e-11,0.9878762522171877,6.776224722323552e-08,1.3563301023640851e-09,7
202,0.012185000000000001,0.012183580246913581,300.0,2355.6543619031368,2352.394151646576,-3.26021025656064,-1.437178295867593e-06,0.0,-3.260208819382344,0.9999995591761933,-1.416304057173099e-08,-1.437178295867593e-06,1.3452225531489313e-11,0.9901452446001622,6.738136127824307e-08,1.3472318569639704e-09,7
203,0.012183580246913581,0.012181975308641976,300.0,2352.3941577735104,2349.095923741185,-3.298234032325581,-1.4280226175167832e-06,0.0,-3.2982326043029637,0.9999995670341754,-1.7283244022117117e-08,-1.4280226175167832e-06,3.232164676338048e-11,0.9878970796329744,6.692971724613757e-08,1.3381045746727638e-09,7
204,0.012181975308641976,0.01218,300.0,2349.095929939534,2345.6879790835083,-3.4079508560257636,-1.4205170993494988e-06,0.0,-3.407949435508664,0.9999995831755916,-1.3973280840160041e-08,-1.4205170993494988e-06,1.330953145658997e-11,0.9901632434790409,6.655510248363092e-08,1.3290306688785588e-09,7
205,0.01218,0.012177438271604937,300.0,2345.687985347802,2342.087052642389,-3.6009327054130154,-1.4113545327252457e-06,0.0,-3.6009312940584826,0.9999996080586203,-1.7049285540159145e-08,-1.4113545327252457e-06,3.1951263338316414e-11,0.9879199130021299,6.610925128692263e-08,1.3198451443979307e-09,7
206,0.012177438271604937,0.012174320987654318,300.0,2342.087058966771,2338.3051900374962,-3.7818689292748786,-1.403803916694442e-06,0.0,-3.781867525470962,0.9999996288068299,-1.3789335535365063e-08,-1.403803916694442e-06,1.3165156988329393e-11,0.9901771640815514,6.573856956109683e-08,1.310658486699365e-09,7
207,0.012174320987654318,0.012170833333333334,300.0,2338.305196417481,2334.4136518727146,-3.891544544766475,-1.394644722966605e-06,0.0,-3.8915431501217523,0.9999996416218017,-1.6812859107764837e-08,-1.394644722966605e-06,3.1582152579230094e-11,0.987944701018908,6.529789862029563e-08,1.3014153862546012e-09,7
208,0.012170833333333334,0.01216716049382716,300.0,2334.413658305531,2330.4833865418905,-3.930271763640576,-1.3871210263340324e-06,0.0,-3.9302703765195495,0.9999996470674015,-1.3598785822947406e-08,-1.3871210263340324e-06,1.3024336733633369e-11,0.9901963955813667,6.493172715553839e-08,1.2922667322229772e-09,7
209,0.01216716049382716,0.012163487654320987,300.0,2330.483393025678,2326.585024400026,-3.898368625651983,-1.3780498030643276e-06,0.0,-3.89836724760218,0.9999996465060297,-1.657811133161968e-08,-1.3780498030643276e-06,3.122286098177207e-11,0.9879698750402522,6.449674400818203e-08,1.283134563955549e-09,7
210,0.012163487654320987,0.012159999999999999,300.0,2326.5850309333564,2322.7888804683635,-3.796150464992934,-1.3706390852151214e-06,0.0,-3.7961490943538485,0.999999638939737,-1.3405512502989594e-08,-1.3706390852151214e-06,1.2886688147458091e-11,0.990219516831533,6.413550248351454e-08,1.2741715577598144e-09,7
211,0.012159999999999999,0.012156512345679013,300.0,2322.7888870501065,2319.023547060056,-3.7653399900505065,-1.361707706552392e-06,0.0,-3.7653386283428,0.9999996383573037,-1.6323759579965342e-08,-1.361707706552392e-06,3.083121694201678e-11,0.9880122881721112,6.370699123148534e-08,1.2652378529870594e-09,7
212,0.012156512345679013,0.012152839506172838,300.0,2319.02355368678,2315.2179486471223,-3.805605039657621,-1.354371103887096e-06,0.0,-3.8056036852865174,0.9999996441114909,-1.320779870048656e-08,-1.354371103887096e-06,1.2748246146491549e-11,0.9902480208987184,6.335074310987898e-08,1.256380914195859e-09,7
213,0.012152839506172838,0.012149166666666666,300.0,2315.2179553142273,2311.4423728091165,-3.775582505110833,-1.3455320787408779e-06,0.0,-3.7755811595787545,0.9999996436226525,-1.6084879778260644e-08,-1.3455320787408779e-06,3.04639569693181e-11,0.9880457106653953,6.29279382980081e-08,1.247556939028944e-09,7
214,0.012149166666666666,0.012145679012345678,300.0,2311.442379513848,2307.7667972115823,-3.675582302265866,-1.3383068966045456e-06,0.0,-3.6755809639589696,0.9999996358925508,-1.3016201898405337e-08,-1.3383068966045456e-06,1.2612094621221897e-11,0.9902741277569225,6.257688879322138e-08,1.2388761368606717e-09,7
215,0.012145679012345678,0.012142561728395061,300.0,2307.7668039520886,2304.260904257182,-3.505899694906475,-1.3296351635317697e-06,0.0,-3.505898365271311,0.9999996207435239,-1.5850514775734155e-08,-1.3296351635317697e-06,3.009500678921449e-11,0.9880790496442406,6.216107043718766e-08,1.2303084392961623e-09,7
216,0.012142561728395061,0.01214,300.0,2304.260911032011,2300.994104111367,-3.2668069206438304,-1.3225967131509056e-06,0.0,-3.2668055980471173,0.9999995951408378,-1.2832560179959202e-08,-1.3225967131509056e-06,1.2476766517856619e-11,0.9902974504228221,6.181560313358614e-08,1.221962022350047e-09,7
217,0.01214,0.012137947530864198,300.0,2300.99411091922,2297.947852998035,-3.0462579211848606,-1.3141326468492995e-06,0.0,-3.046256607052214,0.999999568607557,-1.5638562587665895e-08,-1.3141326468492995e-06,2.974917519785148e-11,0.9880997077234477,6.14071412271052e-08,1.213747281344877e-09,7
218,0.012137947530864198,0.012136172839506172,300.0,2297.94785983614,2295.0336263067006,-2.9142335294395707,-1.3072578407784196e-06,0.0,-2.91423222218173,0.9999995514231006,-1.2658581032148068e-08,-1.3072578407784196e-06,1.2343288285713322e-11,0.9903166914458051,6.106743981001311e-08,1.2056780356066428e-09,7
219,0.012136172839506172,0.012134583333333332,300.0,2295.0336331683447,2292.2157584272445,-2.8178747411002405,-1.2989378779705215e-06,0.0,-2.8178734421623624,0.9999995390363314,-1.5431464764848292e-08,-1.2989378779705215e-06,2.940763674927287e-11,0.9881199362751986,6.066492861749932e-08,1.1976850046465989e-09,7
220,0.012134583333333332,0.012133086419753086,300.0,2292.2157653096665,2289.458721306707,-2.7570440029594465,-1.292157025077762e-06,0.0,-2.7570427108024216,0.9999995313252079,-1.2506302557460151e-08,-1.292157025077762e-06,1.2208038002905969e-11,0.9903213755644693,6.033098919892293e-08,1.1897826690368062e-09,7
221,0.012133086419753086,0.012131589506172841,300.0,2289.458728205159,2286.727117744492,-2.7316104606670706,-1.283926030919678e-06,0.0,-2.7316091767410398,0.9999995299746983,-1.5248649412698348e-08,-1.283926030919678e-06,2.9085176945187485e-11,0.9881234206290095,5.993439725346162e-08,1.1819184983652867e-09,7
222,0.012131589506172841,0.01213,300.0,2286.7271246556106,2283.9856774404707,-2.7414472151399423,-1.2772134447523955e-06,0.0,-2.7414459379264975,0.9999995341097805,-1.2341583718008184e-08,-1.2772134447523955e-06,1.2079560393379371e-11,0.9903371016264233,5.960485455099313e-08,1.1741178996430747e-09,7
223,0.01213,0.012128333333333331,300.0,2283.985684358265,2281.239921702009,-2.7457626562563746,-1.2690684110585017e-06,0.0,-2.7457613871879634,0.9999995378084088,-1.5022761461323754e-08,-1.2690684110585017e-06,2.8725870066175946e-11,0.988162370656761,5.921482049725549e-08,1.1663528796223553e-09,7
224,0.012128333333333331,0.012126666666666666,300.0,2281.239928622741,2278.5185683197665,-2.7213603029745173,-1.2624308595279228e-06,0.0,-2.721359040543658,0.9999995361030077,-1.2167810826193792e-08,-1.2624308595279228e-06,1.194964755569093e-11,0.9903616021944015,5.8889922293777636e-08,1.1586591408822418e-09,7
225,0.012126666666666666,0.012124999999999999,300.0,2278.518575240655,2275.8212539955944,-2.6973212450607207,-1.2543826826446063e-06,0.0,-2.697319990678038,0.9999995349524329,-1.4815834833285353e-08,-1.2543826826446063e-06,2.837398185421503e-11,0.9881887441222887,5.8505496685981596e-08,1.1510108880535193e-09,7
226,0.012124999999999999,0.012123333333333331,300.0,2275.8212609139805,2273.147621924277,-2.6736389897037043,-1.2478292850190493e-06,0.0,-2.673637741874419,0.9999995332843028,-1.199174997143815e-08,-1.2478292850190493e-06,1.1825518107733037e-11,0.9903899114122369,5.8185437024729615e-08,1.1434470989504796e-09,7
227,0.012123333333333331,0.012121666666666666,300.0,2273.147628837281,2270.497321451445,-2.650307385836186,-1.2398881380160974e-06,0.0,-2.650306145948048,0.9999995321719494,-1.4591535898055719e-08,-1.2398881380160974e-06,2.803574941780416e-11,0.9882315706952377,5.780691875578641e-08,1.1359263917586915e-09,7
228,0.012121666666666666,0.012119999999999999,300.0,2270.497328354759,2267.870007940517,-2.6273204142416944,-1.2334117769825695e-06,0.0,-2.6273191808299172,0.9999995305438307,-1.1830051601248939e-08,-1.2334117769825695e-06,1.1697221797346073e-11,0.9904086763058239,5.749143208366428e-08,1.1284766846264703e-09,7
229,0.012119999999999999,0.012118333333333332,300.0,2267.870014832337,2265.265342656858,-2.604672175478754,-1.2255627311859135e-06,0.0,-2.6046709499160228,0.9999995294752473,-1.4396793238187005e-08,-1.2255627311859135e-06,2.7684284087152337e-11,0.9882529120118918,5.711814652724148e-08,1.1210582419741082e-09,7
230,0.012118333333333332,0.012116666666666666,300.0,2265.2653495328136,2262.6829926889536,-2.5823568438599978,-1.219161607234533e-06,0.0,-2.5823556246983905,0.9999995278880183,-1.1671577983751067e-08,-1.219161607234533e-06,1.1573516336126129e-11,0.9904265538592327,5.680721362072038e-08,1.1137360500357577e-09,7
231,0.012116666666666666,0.012114999999999999,300.0,2262.6829995458684,2260.1226308431515,-2.5603687027169144,-1.2114143913182537e-06,0.0,-2.560367491302523,0.9999995268593972,-1.4188531916948832e-08,-1.2114143913182537e-06,2.7338038760865418e-11,0.9882876313682316,5.643899649667213e-08,1.1064436486914219e-09,7
232,0.012114999999999999,0.012113333333333334,300.0,2260.1226376780596,2257.5839355744556,-2.5387021036040096,-1.2050912848146543e-06,0.0,-2.5387008985127246,0.9999995253120548,-1.1509274714781202e-08,-1.2050912848146543e-06,1.1448640211586046e-11,0.9904494581781401,5.613266200717725e-08,1.0992234333612815e-09,7
233,0.012113333333333334,0.012111666666666668,300.0,2257.583942384544,2255.066590875446,-2.517351509098262,-1.197433656190203e-06,0.0,-2.5173503116646057,0.9999995243279884,-1.4002468623432798e-08,-1.197433656190203e-06,2.7026009804977533e-11,0.9883062676992197,5.576917423310888e-08,1.0920453134605839e-09,7
234,0.012111666666666668,0.012110000000000001,300.0,2255.066597658948,2252.570286206579,-2.4963114523689,-1.1911858929764314e-06,0.0,-2.496310261183007,0.9999995228216046,-1.1352202141391064e-08,-1.1911858929764314e-06,1.1327426914152415e-11,0.9904698316120709,5.546736182945558e-08,1.0849293186718353e-09,7
235,0.012110000000000001,0.012108333333333334,300.0,2252.5702929599083,2250.0947163812307,-2.4755765786776465,-1.1836216349536711e-06,0.0,-2.4755753950560115,0.9999995218804196,-1.3809724604874177e-08,-1.1836216349536711e-06,2.6706123518173144e-11,0.9883326527692148,5.510887981195557e-08,1.0778606332922592e-09,7
236,0.012108333333333334,0.012106666666666667,300.0,2250.094723101866,2247.639581498057,-2.4551416038088973,-1.1774490185576175e-06,0.0,-2.4551404263598786,0.9999995204150274,-1.119837543748623e-08,-1.1774490185576175e-06,1.1208855262692215e-11,0.9904892906096229,5.481119872582522e-08,1.0708591102873226e-09,7
237,0.012106666666666667,0.012105,300.0,2247.6395881825433,2245.204586823936,-2.4350013586072237,-1.1699810772387088e-06,0.0,-2.4350001886261463,0.999999519515226,-1.3615958599998443e-08,-1.1699810772387088e-06,2.6390444374002024e-11,0.9883622403260285,5.44572187321897e-08,1.0639022912976471e-09,7
238,0.012105,0.012103333333333334,300.0,2245.2045934709413,2242.7894427287893,-2.4151507421520364,-1.1638813962819701e-06,0.0,-2.4151495782706403,0.999999518091614,-1.1045949171942259e-08,-1.1638813962819701e-06,1.1087265924004343e-11,0.9905093859157568,5.4164096113613666e-08,1.0569989785629161e-09,7
239,0.012103333333333334,0.012101666666666667,300.0,2242.789449336062,2240.3938645708354,-2.395584765226431,-1.1565080187766732e-06,0.0,-2.3955836087184124,0.9999995172335225,-1.342273671293882e-08,-1.1565080187766732e-06,2.605859320895477e-11,0.9883937365802815,5.381510448475751e-08,1.0501519385808142e-09,7
240,0.012101666666666667,0.0121,300.0,2240.3938711362152,2238.0175726274506,-2.3762985087646484,-1.1504856950643429e-06,0.0,-2.3762973582789533,0.9999995158496751,-1.088880549945654e-08,-1.1504856950643429e-06,1.0971544209641254e-11,0.9905354707614618,5.3526285513711706e-08,1.043358654875403e-09,7
241,0.0121,0.012098333333333332,300.0,2238.0175791488573,2235.660291986437,-2.357287162420107,-1.1432072507631366e-06,0.0,-2.3572860192128564,0.9999995150326745,-1.3229102156747449e-08,-1.1432072507631366e-06,2.573909855926033e-11,0.9884280806057549,5.318241170571417e-08,1.0366123779663976e-09,7
242,0.012098333333333332,0.012096666666666667,300.0,2235.660298461883,2233.3217524775173,-2.3385459843657372,-1.1372533412749689e-06,0.0,-2.338544847112396,0.9999995136921195,-1.0750732754219102e-08,-1.1372533412749689e-06,1.0850323897528634e-11,0.9905467565017954,5.289716334441704e-08,1.0299230209318176e-09,7
243,0.012096666666666667,0.012095,300.0,2233.3217589055944,2231.0016885665755,-2.320070339018912,-1.1300504458684638e-06,0.0,-2.3200692089684662,0.9999995129240581,-1.3077314147474365e-08,-1.1300504458684638e-06,2.546950399715422e-11,0.9884276722377431,5.255670729146073e-08,1.0232694591752993e-09,7
244,0.012095,0.012093333333333333,300.0,2231.0016949449496,2228.699839287656,-2.3018556572937996,-1.124159397267969e-06,0.0,-2.3018545331344025,0.9999995116290661,-1.0620785886775034e-08,-1.124159397267969e-06,1.0732689637744521e-11,0.9905522420462912,5.227519823798859e-08,1.016667775406548e-09,7
245,0.012093333333333333,0.012091666666666667,300.0,2228.699845614638,2226.415948140962,-2.2838974736760065,-1.1170397005132669e-06,0.0,-2.283896356636306,0.9999995109063725,-1.2907264583604945e-08,-1.1170397005132669e-06,2.51660287431528e-11,0.9884451156233085,5.1939204201811607e-08,1.010105267183427e-09,7
246,0.012091666666666667,0.01209,300.0,2226.4159544149243,2224.14976302803,-2.2661913868942065,-1.1112163317610133e-06,0.0,-2.2661902756778747,0.999999509654684,-1.0483590336434012e-08,-1.1112163317610133e-06,1.0614859597339223e-11,0.9905656621156567,5.166144139966313e-08,1.0036078345657632e-09,7
247,0.01209,0.012088333333333333,300.0,2224.1497692474277,2221.901036150978,-2.2487330964495413,-1.1041767951161983e-06,0.0,-2.248731992272746,0.9999995089782789,-1.2741063804787275e-08,-1.1041767951161983e-06,2.487564174858484e-11,0.9884610291928418,5.133010930250856e-08,9.971456066536248e-10,7
248,0.012088333333333333,0.012086666666666667,300.0,2221.901042314357,2219.669523950659,-2.2315183636978873,-1.098421172279784e-06,0.0,-2.231517265276715,0.999999507769602,-1.0352516189889527e-08,-1.098421172279784e-06,1.0499483709151658e-11,0.9905750940976467,5.105529018927825e-08,9.907277978247674e-10,7
249,0.012086666666666667,0.012085,300.0,2219.669530056652,2217.4549870087994,-2.2145430478526578,-1.091457172315192e-06,0.0,-2.2145419563954856,0.9999995071411354,-1.2583949556593913e-08,-1.091457172315192e-06,2.4598292360806626e-11,0.9884705054162585,5.072842079515602e-08,9.8435836183958e-10,7
250,0.012085,0.012083333333333333,300.0,2217.454993056125,2215.2571899885847,-2.1978030675404625,-1.0857696967710482e-06,0.0,-2.1978019817707657,0.9999995059749834,-1.0220406221231548e-08,-1.0857696967710482e-06,1.0386195467580167e-11,0.9905869483633355,5.0456629045946783e-08,9.78030004307109e-10,7
251,0.012083333333333333,0.01208166666666667,300.0,2215.257195975953,2213.075901539599,-2.1812944363541646,-1.0788937297331392e-06,0.0,-2.1812933574604347,0.999999505388309,-1.2407385509660257e-08,-1.0788937297331392e-06,2.430550421653111e-11,0.98849990025178,5.013430670133853e-08,9.717538615886631e-10,7
252,0.01208166666666667,0.01208,300.0,2213.075907465995,2210.9108942411967,-2.1650132247982583,-1.0732776261189189e-06,0.0,-2.165012151520632,0.999999504262785,-1.0078985063804883e-08,-1.0732776261189189e-06,1.027389650517624e-11,0.9906091538493619,4.986616015096293e-08,9.655280040621006e-10,7
253,0.01208,0.012078333333333332,300.0,2210.910900105587,2208.7619445102137,-2.148955595373536,-1.0664821875376194e-06,0.0,-2.1489545288913487,0.9999995037206959,-1.2246232482956555e-08,-1.0664821875376194e-06,2.402318436014995e-11,0.9885171711013461,4.954791420554579e-08,9.593421728397614e-10,7
254,0.012078333333333332,0.012076666666666666,300.0,2208.7619503116457,2206.628832547728,-2.133117763917653,-1.0609324714384224e-06,0.0,-2.1331167029851814,0.9999995026376464,-9.947451612833937e-09,-1.0609324714384224e-06,1.0165875155799206e-11,0.9906238597831328,4.928324810607421e-08,9.532029919466902e-10,7
255,0.012076666666666666,0.012075,300.0,2206.6288382840835,2204.511342245071,-2.1174960390126216,-1.0542219684095206e-06,0.0,-2.1174949847906532,0.9999995021374544,-1.2075462196647635e-08,-1.0542219684095206e-06,2.3743157029902554e-11,0.9885456169967075,4.896955269344674e-08,9.471048379801445e-10,7
256,0.012075,0.012073333333333333,300.0,2204.5113479168394,2202.409261139141,-2.1020867776983323,-1.048740847635743e-06,0.0,-2.102085728957485,0.9999995010953598,-9.815391372017563e-09,-1.048740847635743e-06,1.0054605997620032e-11,0.9906407847142168,4.87079153362221e-08,9.41062506710696e-10,7
257,0.012073333333333333,0.012071666666666668,300.0,2202.4092667456125,2200.322380321219,-2.0868864243934695,-1.0421101879164972e-06,0.0,-2.0868853822832816,0.9999995006387623,-1.1918135266745787e-08,-1.0421101879164972e-06,2.3455972322934714e-11,0.9885634595986689,4.8398028892226744e-08,9.350518806921116e-10,7
258,0.012071666666666668,0.01207,300.0,2200.322385861744,2198.2504943883905,-2.0718914733533893,-1.0366940539422558e-06,0.0,-2.071890436659335,0.999999499638824,-9.684842480878398e-09,-1.0366940539422558e-06,9.948052237480567e-12,0.9906579550214939,4.814017021699582e-08,9.290952934224153e-10,7
259,0.01207,0.01206810185185185,300.0,2198.2504998623904,2196.1091069930912,-2.141392869299125,-1.0301267646642985e-06,0.0,-2.14139183917236,0.9999995189454586,-1.1753395819068015e-08,-1.0301267646642985e-06,2.3173659216335358e-11,0.9885903403132155,4.783442565412838e-08,9.231395230168583e-10,7
260,0.01206810185185185,0.012065925925925926,300.0,2196.1091123995902,2193.8813322477417,-2.227780151848492,-1.0247354765268997e-06,0.0,-2.2277791271130156,0.9999995400194783,-9.556076792451776e-09,-1.0247354765268997e-06,9.840771492919204e-12,0.9906745916274511,4.757915906610701e-08,9.171922201717299e-10,7
261,0.012065925925925926,0.01206375,300.0,2193.881337586049,2191.668149556337,-2.2131880297120006,-1.0182331767239871e-06,0.0,-2.2131870114788237,0.9999995399246864,-1.1586169718483657e-08,-1.0182331767239871e-06,2.2902618957588653e-11,0.9886213001271866,4.72767183537379e-08,9.112939789257329e-10,7
262,0.01206375,0.012061851851851851,300.0,2191.668154826029,2189.5702647615353,-2.0978900644936402,-1.012929723796147e-06,0.0,-2.0978890515639166,0.9999995171673955,-9.427209156539593e-09,-1.012929723796147e-06,9.734207715675883e-12,0.9906931261517242,4.702524049260528e-08,9.054666034757687e-10,7
263,0.012061851851851851,0.012060509259259259,300.0,2189.570269963749,2187.6881277187435,-1.8821422450055252,-1.0065678590696145e-06,0.0,-1.8821412384376661,0.9999994652009636,-1.1444078899092887e-08,-1.0065678590696145e-06,2.263294351218152e-11,0.9886305937588045,4.672687287445246e-08,8.997728170932008e-10,7
264,0.012060509259259259,0.01206,300.0,2187.688132854009,2186.1219717055724,-1.5661611484365494,-1.001437647621146e-06,0.0,-1.5661601469989017,0.9999993605781572,-9.306723994056155e-09,-1.001437647621146e-06,9.631102314266754e-12,0.9907066365877458,4.64797616063727e-08,8.942332546166423e-10,7
265,0.01206,0.01206,300.0,2186.121976774227,2184.7536986918685,-1.3682780823583016,-9.95270297292732e-07,0.0,-1.3682770870880043,0.9999992726110941,-1.1275455428333169e-08,-9.95270297292732e-07,2.2341320717583088e-11,0.9886709615880189,4.6186690421980455e-08,8.888288553468564e-10,7
266,0.01206,0.01206,300.0,2184.7537036931603,2183.3983981644064,-1.3553055287538882,-9.90246755927914e-07,0.0,-1.3553045385071323,0.9999992693553336,-9.171542211149904e-09,-9.90246755927914e-07,9.531148617907409e-12,0.9907381244561053,4.5944267076955504e-08,8.83451504610582e-10,7
267,0.01206,0.01206,300.0,2183.398403096835,2182.0559012728622,-1.342501823972725,-9.841491939508303e-07,0.0,-1.3425008398235312,0.9999992669289707,-1.1131750223422737e-08,-9.841491939508303e-07,2.208577853268535e-11,0.9886889606861997,4.565547001214592e-08,8.781207258160455e-10,7
268,0.01206,0.012059999999999998,300.0,2182.0559061354497,2180.7260388243603,-1.3298673110894015,-9.79177150161543e-07,0.0,-1.3298663319122512,0.9999992637031213,-9.064456580011413e-09,-9.79177150161543e-07,9.42754699058616e-12,0.9907427817545416,4.541645081714499e-08,8.728150559596447e-10,7
269,0.012059999999999998,0.01206,300.0,2180.7260436166316,2179.4086430408747,-1.317400575756892,-9.731451181904586e-07,0.0,-1.3173996026117738,0.9999992613141848,-1.1001012940602765e-08,-9.731451181904586e-07,2.1835107240034093e-11,0.9886954034552843,4.5131069432102854e-08,8.675551115300555e-10,7
270,0.01206,0.01206,300.0,2179.4086477613373,2178.103548212829,-1.305099548508224,-9.682277790885427e-07,0.0,-1.305098580280445,0.999999258119597,-8.951688351464957e-09,-9.682277790885427e-07,9.328429470945969e-12,0.990754563600838,4.489560325976578e-08,8.623197320271227e-10,7
271,0.01206,0.01205925925925926,300.0,2178.1035528628213,2176.5430632601406,-1.5604896026807182,-9.622117298016167e-07,0.0,-1.5604886404689884,0.9999993833911305,-1.0851686022752472e-08,-9.622117298016167e-07,2.1573410203439485e-11,0.9887221432802634,4.461405410031521e-08,8.570216316790354e-10,7
272,0.01205925925925926,0.012057407407407407,300.0,2176.5430678392236,2174.593749038847,-1.949318800376659,-9.572098303468191e-07,0.0,-1.9493178431668288,0.9999995089516245,-8.83755475094326e-09,-9.572098303468191e-07,9.225812456618986e-12,0.9907673798672322,4.438014257922784e-08,8.51603528973435e-10,7
273,0.012057407407407407,0.012055,300.0,2174.5937535468133,2172.456451732738,-2.137301814075272,-9.511407435366652e-07,0.0,-2.1373008629345285,0.9999995549806129,-1.0714375936789437e-08,-9.511407435366652e-07,2.132680772915333e-11,0.9887352360735282,4.4099643587415205e-08,8.461442102636307e-10,7
274,0.012055,0.012052592592592594,300.0,2172.456456170429,2170.331543033938,-2.124913136491159,-9.461549911220606e-07,0.0,-2.124912190336168,0.9999995547323912,-8.724054535437319e-09,-9.461549911220606e-07,9.127083002543593e-12,0.9907794657140779,4.386833905865614e-08,8.407258891247478e-10,7
275,0.012052592592592594,0.01205074074074074,300.0,2170.3315474018364,2168.4188853308315,-1.9126620710048883,-9.401984394308318e-07,0.0,-1.912661130806449,0.9999995084346296,-1.0583676697083156e-08,-9.401984394308318e-07,2.1098652435892205e-11,0.9887431458581337,4.359087606015964e-08,8.35413026391147e-10,7
276,0.01205074074074074,0.01205,300.0,2168.4188896313385,2166.9178861102127,-1.5010035211257673,-9.353900858393444e-07,0.0,-1.5010025857356815,0.9999993768235232,-8.626492344482303e-09,-9.353900858393444e-07,9.025042989564514e-12,0.990777652580376,4.33630860022134e-08,8.302978618303585e-10,7
277,0.01205,0.01205,300.0,2166.917890344359,2165.6946492253446,-1.2232411190143466,-9.296322180211648e-07,0.0,-1.2232401893821285,0.999999240025369,-1.0468292805557276e-08,-9.296322180211648e-07,2.0855817220552574e-11,0.9887393179769088,4.308985517103383e-08,8.253089642098846e-10,7
278,0.01205,0.01205,300.0,2165.6946533934447,2164.4824744491852,-1.212178944259449,-9.249267122893606e-07,0.0,-1.2121780193327367,0.9999992369718046,-8.529978377235613e-09,-9.249267122893606e-07,8.925889506984591e-12,0.9907776710696111,4.286564864366726e-08,8.203504327199973e-10,7
279,0.01205,0.01205,300.0,2164.482478550945,2163.2812241705815,-1.2012543803634799,-9.192334611780845e-07,0.0,-1.2012534611300187,0.9999992347720216,-1.0338150895085174e-08,-9.192334611780845e-07,2.0610262808044487e-11,0.9887535089488193,4.2596234928096536e-08,8.154295109937109e-10,7
280,0.01205,0.012050000000000002,300.0,2163.2812282056893,2162.09075967025,-1.1904685354393223,-9.145880787410375e-07,0.0,-1.1904676208512435,0.9999992317410737,-8.41149336862769e-09,-9.145880787410375e-07,8.832140383579996e-12,0.9908029706879556,4.2375452474284954e-08,8.10545243123857e-10,7
281,0.012050000000000002,0.01205,300.0,2162.0907636387733,2160.9109431013303,-1.1798205374429926,-9.089577570823482e-07,0.0,-1.1798196284852356,0.9999992295796452,-1.0210434180418934e-08,-9.089577570823482e-07,2.036749448982697e-11,0.9887668771173775,4.210990618618747e-08,8.056910467181442e-10,7
282,0.01205,0.01205,300.0,2160.9109470035655,2159.7416381928556,-1.1693088107099356,-9.043616386559644e-07,0.0,-1.169307906348297,0.9999992265844314,-8.315163490232912e-09,-9.043616386559644e-07,8.7381681551637e-12,0.9908054884961831,4.189168351425233e-08,8.008678586292675e-10,7
283,0.01205,0.01204925925925926,300.0,2159.7416420278723,2158.317214045253,-1.4244279826193633,-8.987526805550249e-07,0.0,-1.4244270838666828,0.9999993690430885,-1.0065684110162777e-08,-8.987526805550249e-07,2.0124372397091395e-11,0.9888003848801354,4.1629308939650594e-08,7.959855322358093e-10,7
284,0.01204925925925926,0.012047407407407408,300.0,2158.3172178152076,2156.505231711444,-1.8119861037635019,-8.940821678154211e-07,0.0,-1.811985209681334,0.999999506573386,-8.1995472569207e-09,-8.940821678154211e-07,8.646174961473956e-12,0.9908290898173764,4.1413007113655537e-08,7.909943501991008e-10,7
285,0.012047407407407408,0.012045,300.0,2156.5052354170966,2154.505014035356,-2.00022138174063,-8.884303749971072e-07,0.0,-2.000220493310255,0.9999995558339776,-9.92380652893048e-09,-8.884303749971072e-07,1.9878767709910056e-11,0.9888299558319775,4.115233193513801e-08,7.859671083804586e-10,7
286,0.012045,0.012042592592592594,300.0,2154.5050176775508,2152.5154486926267,-1.9895689849240625,-8.837838124619227e-07,0.0,-1.9895681011402502,0.99999955579132,-8.07995195126162e-09,-8.837838124619227e-07,8.553727425963862e-12,0.9908575470184801,4.09386157479902e-08,7.809751557898175e-10,7
287,0.012042592592592594,0.01204074074074074,300.0,2152.5154522724424,2150.7349519696454,-1.7805003027970088,-8.782496741341824e-07,0.0,-1.7804994245473347,0.9999995067399468,-9.782903531863806e-09,-8.782496741341824e-07,1.962976055779563e-11,0.9888609084409758,4.068094617892859e-08,7.760949961144367e-10,7
288,0.01204074074074074,0.01204,300.0,2150.7349554880066,2149.361521583963,-1.3734339040433952,-8.737794690070536e-07,0.0,-1.3734330302639262,0.9999993637994035,-7.971205134194558e-09,-8.737794690070536e-07,8.46456420113137e-12,0.9908773261252602,4.04709494321449e-08,7.713913449752806e-10,7
289,0.01204,0.01204,300.0,2149.361525041412,2148.262305165255,-1.0992198761568943,-8.684461730844433e-07,0.0,-1.0992190077107213,0.999999209943168,-9.645131812238988e-09,-8.684461730844433e-07,1.9380427492777198e-11,0.9888938058440829,4.0218498928169204e-08,7.668181421980342e-10,7
290,0.01204,0.01204,300.0,2148.2623085624273,2147.1725800586155,-1.0897285038117843,-8.640841618925211e-07,0.0,-1.0897276397276223,0.9999992070647331,-7.865509653999503e-09,-8.640841618925211e-07,8.37518087949246e-12,0.9908972875549849,4.001156235154819e-08,7.622745822321525e-10,7
291,0.01204,0.01204,300.0,2147.1725833961405,2146.0922327503836,-1.0803506457568801,-8.588116292935466e-07,0.0,-1.0803497869452507,0.9999992050621409,-9.524659817992824e-09,-8.588116292935466e-07,1.9166955403504693e-11,0.9889094890042095,3.976262516673594e-08,7.577642067182716e-10,7
292,0.01204,0.01204,300.0,2146.0922360272516,2145.0211486430426,-1.0710873842090223,-8.544931681970889e-07,0.0,-1.071086529715854,0.9999992022189965,-7.777264149602038e-09,-8.544931681970889e-07,8.28482727832592e-12,0.9908983893153746,3.955850423136013e-08,7.532792559140149e-10,7
293,0.01204,0.01204,300.0,2145.0211518609185,2143.9592137828486,-1.061938078069943,-8.492813288327457e-07,0.0,-1.0619372287886142,0.9999992002534362,-9.407550397283562e-09,-8.492813288327457e-07,1.8950014194314637e-11,0.9889229280358567,3.931259542679292e-08,7.48830152838685e-10,7
294,0.01204,0.01204,300.0,2143.9592169422926,2142.906315460172,-1.0529014821204328,-8.450129157737939e-07,0.0,-1.052900637107517,0.9999991974435118,-7.679086151543434e-09,-8.450129157737939e-07,8.196642387921976e-12,0.9909124629834664,3.91113205299126e-08,7.444018105269752e-10,7
295,0.01204,0.01203925925925926,300.0,2142.9063185618306,2141.59869360036,-1.3076249614705375,-8.398046032570196e-07,0.0,-1.3076241216659343,0.9999993577634047,-9.299471453082113e-09,-8.398046032570196e-07,1.873585777314771e-11,0.9889266248160394,3.886816695720418e-08,7.399155551833433e-10,7
296,0.01203925925925926,0.012037407407407406,300.0,2141.598696645629,2139.9048183860573,-1.6938782595716475,-8.354582670188289e-07,0.0,-1.6938774241133805,0.9999995067778559,-7.588907931390612e-09,-8.354582670188289e-07,8.106669294191919e-12,0.9909164727539651,3.86679959415968e-08,7.353182504511163e-10,7
297,0.012037407407407406,0.012035,300.0,2139.9048213750984,2138.0226256175665,-1.8821957575319175,-8.302066759307651e-07,0.0,-1.8821949273252416,0.9999995589158712,-9.173720863490139e-09,-8.302066759307651e-07,1.850740751776553e-11,0.9889500757709455,3.8426357311174554e-08,7.306909289745846e-10,7
298,0.012035,0.012032592592592593,300.0,2138.022628552354,2136.1496495484043,-1.8729790039496947,-8.258802323101344e-07,0.0,-1.8729781780694625,0.9999995590552642,-7.484786386873086e-09,-8.258802323101344e-07,8.018174709448672e-12,0.9909372011896486,3.822816956448406e-08,7.260954013796873e-10,7
299,0.012032592592592593,0.012030740740740743,300.0,2136.149652429593,2134.4829855554667,-1.6666668741263493,-8.207314929385108e-07,0.0,-1.6666660533948563,0.9999995075611655,-9.056958269759148e-09,-8.207314929385108e-07,1.8290481997508686e-11,0.988964773074161,3.798891070229843e-08,7.215996006006458e-10,7
300,0.012030740740740743,0.01203,300.0,2134.482988383536,2133.2193416646346,-1.2636467189013274,-8.165590668943684e-07,0.0,-1.2636459023422606,0.9999993538074727,-7.403561091338665e-09,-8.165590668943684e-07,7.929940402319762e-12,0.9909332203982539,3.779371854148019e-08,7.172534414462121e-10,7
301,0.01203,0.01203,300.0,2133.219344439708,2132.2268117808144,-0.9925326588936514,-8.115809691773354e-07,0.0,-0.9925318473126822,0.9999991823130837,-8.96311007417262e-09,-8.115809691773354e-07,1.8091271545651012e-11,0.9889559878624826,3.755811387691271e-08,7.130325387606111e-10,7
302,0.01203,0.012029999999999999,300.0,2132.2268145036646,2131.2424731254246,-0.9843413782400603,-8.07500484906225e-07,0.0,-0.9843405707395754,0.9999991796540277,-7.318147478129535e-09,-8.07500484906225e-07,7.841676200028572e-12,0.9909372841070437,3.7366000497645513e-08,7.088270684504571e-10,7
303,0.012029999999999999,0.01203,300.0,2131.242475797223,2130.26623154125,-0.9762442559731426,-8.025739636964613e-07,0.0,-0.9762434533991788,0.9999991778963524,-8.862573970089003e-09,-8.025739636964613e-07,1.788420849257716e-11,0.9889573118852869,3.713315999325309e-08,7.046558030474847e-10,7
304,0.01203,0.01203,300.0,2130.2662341624937,2129.2979918160518,-0.9682423464419116,-7.985342268452917e-07,0.0,-0.9682415479076848,0.9999991752744241,-7.236427751331894e-09,-7.985342268452917e-07,7.757748165287445e-12,0.9909378615116846,3.6943626766379446e-08,7.005043131874915e-10,7
305,0.01203,0.012030000000000002,300.0,2129.2979943872997,2128.3376591945457,-0.9603351927539734,-7.936633081837615e-07,0.0,-0.9603343990906652,0.9999991735559478,-8.753741447663514e-09,-7.936633081837615e-07,1.7679405005396306e-11,0.9889704596931717,3.6713981091947065e-08,6.963854294959636e-10,7
306,0.012030000000000002,0.01203,300.0,2128.3376617164445,2127.385139904457,-0.9525218119874808,-7.896695579037609e-07,0.0,-0.9525210223179229,0.99999917096958,-7.149270753770861e-09,-7.896695579037609e-07,7.673398019637035e-12,0.9909465032782204,3.652668437672314e-08,6.92287561326654e-10,7
307,0.01203,0.01203,300.0,2127.385142377705,2126.4403413401396,-0.9448010375654121,-7.848447114424313e-07,0.0,-0.9448002527207007,0.9999991693015987,-8.664441298309331e-09,-7.848447114424313e-07,1.7495786114724753e-11,0.9889603112921723,3.629939396692276e-08,6.882159520753419e-10,7
308,0.01203,0.012029999999999999,300.0,2126.4403437654646,2125.5031721548085,-0.9371716106561507,-7.808867771358585e-07,0.0,-0.9371708297693736,0.9999991667622362,-7.0787215998409785e-09,-7.808867771358585e-07,7.590049363892334e-12,0.9909350218148085,3.611419188627448e-08,6.841609034217843e-10,7
309,0.012029999999999999,0.01203,300.0,2125.5031745329525,2124.57354227899,-0.929632253962609,-7.761174528893623e-07,0.0,-0.9296314778451561,0.9999991651349772,-8.55977122527478e-09,-7.761174528893623e-07,1.729388065023054e-11,0.9889710362865722,3.588951057378852e-08,6.801390768706165e-10,7
310,0.01203,0.01203,300.0,2124.5735446093972,2123.6513629403757,-0.9221816690214837,-7.722090274654661e-07,0.0,-0.9221808968124562,0.9999991626280879,-6.984072491168236e-09,-7.722090274654661e-07,7.508064393655705e-12,0.9909557228123954,3.570698465121973e-08,6.761429313194175e-10,7
311,0.01203,0.012030000000000002,300.0,2123.651365224092,2122.7365466470164,-0.9148185770754935,-7.674970534881693e-07,0.0,-0.91481780957844,0.9999991610390598,-8.44888407656461e-09,-7.674970534881693e-07,1.7090210680673747e-11,0.9889916397226991,3.548548765356233e-08,6.721769995163395e-10,7
312,0.012030000000000002,0.01203,300.0,2122.7365488858864,2121.829007191497,-0.9075416943892378,-7.636302058545775e-07,0.0,-0.907540930759032,0.9999991585728671,-6.906051317232287e-09,-7.636302058545775e-07,7.427024126632511e-12,0.9909562884439547,3.530492809919697e-08,6.682263236685289e-10,7
313,0.01203,0.01203,300.0,2121.829009386268,2120.9286596215024,-0.9003497647654513,-7.589649259825022e-07,0.0,-0.9003490058005252,0.9999991570332378,-8.360447095676514e-09,-7.589649259825022e-07,1.690157964562983e-11,0.9889844091479542,3.508566620302748e-08,6.643054423766331e-10,7
314,0.01203,0.012029999999999999,300.0,2120.928661772918,2120.0354185118763,-0.8932432610417891,-7.553659885899431e-07,0.0,-0.8932425056758005,0.9999991543557937,-6.440322102925359e-09,-7.553659885899431e-07,1.6693740901544108e-11,0.9914739051000327,3.491520427167738e-08,6.609416550721293e-10,6
315,0.012029999999999999,0.01203,300.0,2120.0354202367707,2119.149203223611,-0.886217013159694,-7.518271455471207e-07,0.0,-0.8862162613325485,0.999999151644423,-6.3317354851301316e-09,-7.518271455471207e-07,1.648175423238239e-11,0.9915782031513076,3.4747288823310095e-08,6.576346032183308e-10,6
316,0.01203,0.01203,300.0,2119.1492049334315,2118.2699328248746,-0.879272108556961,-7.483434506791878e-07,0.0,-0.8792713602135104,0.999999148905733,-6.229779377405819e-09,-7.483434506791878e-07,1.627463337657941e-11,0.9916752403301562,3.4582102701002255e-08,6.543772841581685e-10,6
317,0.01203,0.012030000000000002,300.0,2118.2699345185165,2117.397527094903,-0.8724074236133674,-7.449190195191293e-07,0.0,-0.872406678694348,0.9999991461340203,-6.1247578138350565e-09,-7.449190195191293e-07,1.606448409102649e-11,0.9917779548469728,3.441916855762178e-08,6.511709274874804e-10,6
318,0.012030000000000002,0.01203,300.0,2117.397528772079,2116.531907029091,-0.8656217429879689,-7.415450266181876e-07,0.0,-0.8656210014429423,0.9999991433382622,-6.027708923926475e-09,-7.415450266181876e-07,1.5866185062842417e-11,0.9918714188517779,3.4259256794757394e-08,6.480197585147767e-10,6
319,0.01203,0.012029259259259259,300.0,2116.531908689627,2115.4123698518088,-1.1195388378182543,-7.381771868051173e-07,0.0,-1.1195380996410675,0.9999993406417341,-5.937360159813684e-09,-7.381771868051173e-07,1.5681331964166256e-11,0.9919567276448749,3.410101429874283e-08,6.448325592819761e-10,6
320,0.012029259259259259,0.012027407407407407,300.0,2115.41237147548,2113.908870342907,-1.503501132573092,-7.347930594868674e-07,0.0,-1.5035003977800325,0.999999511278679,-5.845608799549143e-09,-7.347930594868674e-07,1.5492876282272343e-11,0.9920445508785408,3.394458872586225e-08,6.415744828963831e-10,6
321,0.012027407407407407,0.012025000000000001,300.0,2113.9088719158894,2112.2170708934045,-1.691801022484924,-7.314226589400224e-07,0.0,-1.6918002910622651,0.9999995676662626,-5.763335843711526e-09,-7.314226589400224e-07,1.5323132821047466e-11,0.9921203755813858,3.3789623992801556e-08,6.383019237612439e-10,6
322,0.012025000000000001,0.012022592592592592,300.0,2112.2170724260736,2110.5322865824446,-1.6847858436290153,-7.281023148367391e-07,0.0,-1.6847851155267004,0.9999995678368752,-5.6752007478251e-09,-7.281023148367391e-07,1.5144561168573475e-11,0.9922054900359744,3.363652021712832e-08,6.350677976710325e-10,6
323,0.012022592592592592,0.012020740740740742,300.0,2110.5322880933004,2109.049446263328,-1.4828418299725854,-7.248579354269631e-07,0.0,-1.48284110511465,0.9999995111697547,-5.595076390730528e-09,-7.248579354269631e-07,1.4982933040154584e-11,0.9922811407349292,3.348588290997707e-08,6.319437940964228e-10,6
324,0.012020740740740742,0.01202,300.0,2109.0494477704433,2107.9631420708984,-1.086305699544937,-7.217236007792439e-07,0.0,-1.086304977821336,0.9999993356164832,-5.514846360492211e-09,-7.217236007792439e-07,1.4817290249301577e-11,0.9923587833977747,3.3337679670975486e-08,6.289769203155497e-10,6
325,0.01202,0.01202,300.0,2107.9631435929637,2107.1430125045918,-0.8201310883719088,-7.186754506195244e-07,0.0,-0.8201303696964583,0.9999991237066114,-5.436865931492891e-09,-7.186754506195244e-07,1.4651281463581405e-11,0.9924348801300975,3.3191743051211206e-08,6.261284246074603e-10,6
326,0.01202,0.01202,300.0,2107.143014036802,2106.3290777269917,-0.8139363098102876,-7.156655819663001e-07,0.0,-0.8139355941447056,0.9999991207351565,-5.364271845899046e-09,-7.156655819663001e-07,1.4491650983671388e-11,0.9925044993345067,3.304799141169342e-08,6.2331510965639e-10,6
327,0.01202,0.01202,300.0,2106.3290792497555,2105.5212719637534,-0.8078072860021166,-7.126962202950487e-07,0.0,-0.8078065733058963,0.9999991177397969,-5.290198706815974e-09,-7.126962202950487e-07,1.4325277501540902e-11,0.9925772039248,3.29061407622167e-08,6.205413228817292e-10,6
328,0.01202,0.01202,300.0,2105.5212734716733,2104.7195284677673,-0.801745003906035,-7.097635135025398e-07,0.0,-0.8017442941425215,0.999999114726615,-5.219629712263959e-09,-7.097635135025398e-07,1.4167637008790906e-11,0.9926459593752486,3.276653914697202e-08,6.17805025800327e-10,6
329,0.01202,0.01202,300.0,2104.7195299591135,2103.9237807053564,-0.7957492537570943,-7.068704000521919e-07,0.0,-0.7957485468866942,0.9999991116920351,-5.1477956945910315e-09,-7.068704000521919e-07,1.4013686714370624e-11,0.9927174830149756,3.2628709993308024e-08,6.151048693211685e-10,6
330,0.01202,0.01202,300.0,2103.9237821794773,2103.133962752153,-0.7898194273243462,-7.040120552597101e-07,0.0,-0.789818723312291,0.9999991086417593,-5.085082007918464e-09,-7.040120552597101e-07,1.386921310460245e-11,0.9927769958341941,3.249239868598341e-08,6.124332497417799e-10,6
331,0.01202,0.01202,300.0,2103.133964209194,2102.350009444432,-0.7839547647618019,-7.011862264090397e-07,0.0,-0.7839540635755755,0.9999991055782069,-5.023295003268349e-09,-7.011862264090397e-07,1.3722075157265289e-11,0.9928360044534902,3.2357961151267e-08,6.097988453988237e-10,6
332,0.01202,0.01202,300.0,2102.350010883822,2101.571856437328,-0.7781544464942272,-6.983961489385576e-07,0.0,-0.7781537480980782,0.9999991024967446,-4.959082971332646e-09,-6.983961489385576e-07,1.3580537495832637e-11,0.992899326580094,3.222501090928662e-08,6.071944519076255e-10,6
333,0.01202,0.01202,300.0,2101.571857859004,2100.7994402307377,-0.7724176282663393,-6.956387672627095e-07,0.0,-0.772416932627572,0.9999990994007104,-4.897656911011911e-09,-6.956387672627095e-07,1.3447852550990656e-11,0.9929594825051458,3.209387275709166e-08,6.04623598875882e-10,6
334,0.01202,0.01202,300.0,2100.7994416346755,2100.03269817617,-0.7667434585055162,-6.92913278312088e-07,0.0,-0.7667427655922379,0.9999990962905903,-4.840935831437037e-09,-6.92913278312088e-07,1.3318139527229032e-11,0.9930136483410602,3.196400936202746e-08,6.020839995178857e-10,6
335,0.01202,0.01202,300.0,2100.03269956258,2099.2715684756718,-0.7611310869083354,-6.902191827125963e-07,0.0,-0.7611303966891527,0.9999990931664801,-4.781739572569212e-09,-6.902191827125963e-07,1.3187357818518876e-11,0.9930721433244194,3.1835897031745437e-08,5.995730840490014e-10,6
336,0.01202,0.01202,300.0,2099.2715698443367,2098.515990175261,-0.7555796690758143,-6.875539735108036e-07,0.0,-0.7555789815218408,0.9999990900311355,-4.727575679487911e-09,-6.875539735108036e-07,1.3065107076562107e-11,0.9931240660928075,3.1709360110924674e-08,5.970925785679233e-10,6
337,0.01202,0.01202,300.0,2098.5159915262175,2097.7659031570324,-0.7500883691850504,-6.849174392965525e-07,0.0,-0.7500876842676111,0.9999990868843359,-4.6758799205786875e-09,-6.849174392965525e-07,1.2938282206931983e-11,0.9931730751002908,3.158406605225413e-08,5.946360549512195e-10,6
338,0.01202,0.01202,300.0,2097.7659044903294,2097.021248128883,-0.744656361446232,-6.823085781591546e-07,0.0,-0.7446556791376538,0.9999990837269195,-4.624386363837242e-09,-6.823085781591546e-07,1.2818902630015475e-11,0.9932224414116063,3.1460213155822123e-08,5.922067365024217e-10,6
339,0.01202,0.01202,300.0,2097.0212494445195,2096.281966613247,-0.7392828312727033,-6.797285436859006e-07,0.0,-0.7392821515441597,0.9999990805568384,-4.5724309900415e-09,-6.797285436859006e-07,1.2697793355755897e-11,0.9932731514182896,3.133760297427146e-08,5.898070320932124e-10,6
340,0.01202,0.01202,300.0,2096.2819679113522,2095.5480009359144,-0.7339669754378519,-6.771750157405074e-07,0.0,-0.7339662982628362,0.9999990773767234,-4.522860588957556e-09,-6.771750157405074e-07,1.2584734141715168e-11,0.9933209872133105,3.121642984616934e-08,5.874318229784636e-10,6
341,0.01202,0.01202,300.0,2095.548002216565,2094.8192942140363,-0.7287080025284922,-6.746468839316689e-07,0.0,-0.7287073278816083,0.9999990741876286,-4.477118086994022e-09,-6.746468839316689e-07,1.2470150264058475e-11,0.9933637608152838,3.1096372215384784e-08,5.850808426028982e-10,6
342,0.01202,0.01202,300.0,2094.819295477261,2094.095790343883,-0.7235051333782394,-6.721444917558061e-07,0.0,-0.7235044612337477,0.9999990709886347,-4.429773157289536e-09,-6.721444917558061e-07,1.2355396001967459e-11,0.9934094927331505,3.0977608340628975e-08,5.827528201556163e-10,6
343,0.01202,0.01202,300.0,2094.095791589839,2093.377433989311,-0.7183576005277246,-6.696676617589118e-07,0.0,-0.7183569308600628,0.9999990677795275,-4.3843557813650426e-09,-6.696676617589118e-07,1.224688135744158e-11,0.9934529378798891,3.0859851025053595e-08,5.80451732535001e-10,6
344,0.01202,0.01202,300.0,2093.3774352180967,2092.6641705695138,-0.7132646485829355,-6.672147307287057e-07,0.0,-0.7132639813682048,0.9999990645621761,-4.340290354948509e-09,-6.672147307287057e-07,1.2140058203184233e-11,0.9934949122747813,3.07433114513778e-08,5.781707308368833e-10,6
345,0.01202,0.01202,300.0,2092.664171781233,2091.955946247206,-0.7082255340269512,-6.647857382971199e-07,0.0,-0.7082248692412129,0.9999990613361049,-4.296758077299315e-09,-6.647857382971199e-07,1.2031231752885871e-11,0.9935366271720786,3.062789398537198e-08,5.759140959136714e-10,6
346,0.01202,0.01202,300.0,2091.9559474419675,2091.2527079168576,-0.7032395251098933,-6.623791880930243e-07,0.0,-0.7032388627307052,0.9999990581030156,-4.254306789294479e-09,-6.623791880930243e-07,1.192160792175716e-11,0.9935772336061124,3.051375768891833e-08,5.736800170398816e-10,6
347,0.01202,0.01202,300.0,2091.2527090947774,2090.5544031930785,-0.6983059016988591,-6.5999534596811e-07,0.0,-0.6983052417035132,0.9999990548621395,-4.2118545387437865e-09,-6.5999534596811e-07,1.1815877029367334e-11,0.9936183572134655,3.040086764439628e-08,5.714702365471935e-10,6
348,0.01202,0.01202,300.0,2090.554404353835,2089.8609803987038,-0.6934239551310384,-6.576339904823734e-07,0.0,-0.6934232974970479,0.9999990516133952,-4.170409823950372e-09,-6.576339904823734e-07,1.1710819381905245e-11,0.9936584636981867,3.0289113880789745e-08,5.692757671032316e-10,6
349,0.01202,0.012019259259259259,300.0,2089.8609815428595,2088.9148299130866,-0.9461516297728849,-6.552569516779128e-07,0.0,-0.9461509745159332,0.99999930745038,-4.127712220133848e-09,-6.552569516779128e-07,1.1610502442158152e-11,0.9937006204824473,3.0178083590408286e-08,5.670386917671512e-10,6
350,0.012019259259259259,0.012017407407407407,300.0,2088.91483102897,2087.587410711349,-1.3274203176210904,-6.528437738334105e-07,0.0,-1.3274196647773164,0.9999995081860921,-4.087958651263475e-09,-6.528437738334105e-07,1.151294471015075e-11,0.9937382283248878,3.0067438786252677e-08,5.647152564763467e-10,6
351,0.012017407407407407,0.012015,300.0,2087.5874117904423,2086.0720765510823,-1.5153352393599562,-6.504225955297308e-07,0.0,-1.5153345889373606,0.9999995707731341,-4.050077258348017e-09,-6.504225955297308e-07,1.1420971970841363e-11,0.9937731602712088,2.995748474359238e-08,5.62357490643778e-10,6
352,0.012015,0.012012592592592592,300.0,2086.0720776002563,2084.5618836191,-1.5101939811561351,-6.48023459353852e-07,0.0,-1.5101933331326758,0.9999995709005152,-4.012739544827439e-09,-6.48023459353852e-07,1.1326105726318068e-11,0.9938077248795459,2.9848151798999114e-08,5.60025992667136e-10,6
353,0.012012592592592592,0.01201074074074074,300.0,2084.5618846490593,2083.2495504343533,-1.3123342147059702,-6.4567424186701e-07,0.0,-1.3123335690317284,0.9999995079955741,-3.9749687829570345e-09,-6.4567424186701e-07,1.123377805808638e-11,0.9938436931114626,2.97400492151028e-08,5.577664152832312e-10,6
354,0.01201074074074074,0.01201,300.0,2083.2495514565494,2082.32750565107,-0.9220458054792289,-6.434045058292896e-07,0.0,-0.9220451620747231,0.9999993021989776,-3.937460369200339e-09,-6.434045058292896e-07,1.1136567419718019e-11,0.9938802723115449,2.9633222418582764e-08,5.556294631450993e-10,6
355,0.01201,0.01201,300.0,2082.3275066767587,2081.666946655623,-0.6605600211355522,-6.411923116312739e-07,0.0,-0.6605593799432407,0.9999990293201358,-3.9031231603165e-09,-6.411923116312739e-07,1.1045360368054739e-11,0.9939127106025547,2.9527649662696782e-08,5.535788040687437e-10,6
356,0.01201,0.01201,300.0,2081.6669476822603,2081.0108808477376,-0.6560668345227896,-6.389980692277595e-07,0.0,-0.6560661955247203,0.9999990260168087,-3.8687957661226534e-09,-6.389980692277595e-07,1.0955697912614293e-11,0.9939455282379833,2.942316779937626e-08,5.515484478407715e-10,6
357,0.01201,0.01201,300.0,2081.010881863529,2080.3592650146766,-0.6516168488524272,-6.368209977627487e-07,0.0,-0.6516162120314295,0.9999990227063668,-3.83703857885341e-09,-6.368209977627487e-07,1.0871804714742628e-11,0.9939746983966711,2.9319583482490123e-08,5.495332645280244e-10,6
358,0.01201,0.01201,300.0,2080.359266016949,2079.712055063114,-0.6472109538349287,-6.346611632625247e-07,0.0,-0.6472103191737654,0.9999990193905719,-3.8054242246444074e-09,-6.346611632625247e-07,1.0791221155701704e-11,0.994004006476334,2.921686934881083e-08,5.475384501345561e-10,6
359,0.01201,0.01201,300.0,2079.7120560509607,2079.0692069241118,-0.642849126848887,-6.32518981614117e-07,0.0,-0.6428484943299053,0.9999990160693152,-3.772659771728899e-09,-6.32518981614117e-07,1.0704938985597516e-11,0.9940354995163917,2.9115036935616385e-08,5.455558384975659e-10,6
360,0.01201,0.01201,300.0,2079.069207897296,2078.4306768579045,-0.638531039391637,-6.303926035294488e-07,0.0,-0.6385304089990335,0.9999990127455602,-3.743389655961118e-09,-6.303926035294488e-07,1.0626236486582866e-11,0.9940618122182866,2.9014070809723998e-08,5.435911604280264e-10,6
361,0.01201,0.01201,300.0,2078.4306778164155,2077.796421568893,-0.634256247522444,-6.282819533353432e-07,0.0,-0.6342556192404907,0.9999990094193698,-3.7142150850528936e-09,-6.282819533353432e-07,1.0539918393114267e-11,0.9940882989470964,2.891392438467977e-08,5.416406403201943e-10,6
362,0.01201,0.01201,300.0,2077.7964225128076,2077.1663982529744,-0.6300242598331351,-6.261876236810406e-07,0.0,-0.6300236336455115,0.9999990060896642,-3.684023281634476e-09,-6.261876236810406e-07,1.0458047135435985e-11,0.9941167421036239,2.881469108634984e-08,5.397063116151645e-10,6
363,0.01201,0.01201,300.0,2077.1663991824125,2076.5405646174754,-0.6258345649371222,-6.241099278008994e-07,0.0,-0.6258339408271943,0.9999990027557396,-3.654554879886042e-09,-6.241099278008994e-07,1.0376008203817314e-11,0.9941443731030475,2.8716059421776237e-08,5.377897595437938e-10,6
364,0.01201,0.01201,300.0,2076.540565532573,2075.9188788885713,-0.6216866440017839,-6.220472950446834e-07,0.0,-0.6216860219544889,0.999998999419883,-3.626525995838434e-09,-6.220472950446834e-07,1.0299209711227942e-11,0.9941700156487652,2.8618286748358893e-08,5.358870197650878e-10,6
365,0.01201,0.01201,300.0,2075.918879789474,2075.301299812427,-0.6175799770471713,-6.200003044574329e-07,0.0,-0.6175793570468668,0.9999989960809491,-3.59882313233267e-09,-6.200003044574329e-07,1.0220732302152953e-11,0.9941954494111387,2.852110847300428e-08,5.340001000244462e-10,6
366,0.01201,0.01201,300.0,2075.3013006992896,2074.6877866530194,-0.6135140462702111,-6.179664673649603e-07,0.0,-0.6135134283037438,0.9999989927427562,-3.573311122432446e-09,-6.179664673649603e-07,1.0147819189899583e-11,0.9942176294165778,2.8424827906803568e-08,5.321255490429053e-10,6
367,0.01201,0.01201,300.0,2074.6877875250275,2074.078299187017,-0.6094883380105784,-6.159476714412779e-07,0.0,-0.609487722062907,0.9999989894020394,-3.546534935006677e-09,-6.159476714412779e-07,1.0068838671879996e-11,0.9942421489690706,2.8329172190366556e-08,5.302641748071547e-10,6
368,0.01201,0.01201,300.0,2074.0783000453202,2073.4727977014245,-0.6055023438957505,-6.139422157042184e-07,0.0,-0.6055017299535348,0.9999989860613722,-3.520238157870775e-09,-6.139422157042184e-07,9.995137640435248e-12,0.9942661734804588,2.823445708179969e-08,5.284198106150513e-10,6
369,0.01201,0.01201,300.0,2073.4727985461864,2072.871242984705,-0.6015555614812911,-6.119522611902096e-07,0.0,-0.6015549495290299,0.9999989827169752,-3.492919542500381e-09,-6.119522611902096e-07,9.917019409597473e-12,0.9942921698896793,2.8140361777873258e-08,5.265889155033478e-10,6
370,0.01201,0.01201,300.0,2072.871243816088,2072.2735963213727,-0.5976474947151473,-6.099760049512425e-07,0.0,-0.5976468847391424,0.9999989793716023,-3.468092594601808e-09,-6.099760049512425e-07,9.846807790745643e-12,0.9943143786535029,2.804693348798598e-08,5.247679368980416e-10,6
371,0.01201,0.01201,300.0,2072.2735971395405,2071.6798194853836,-0.5937776541568383,-6.08013028318188e-07,0.0,-0.5937770461438099,0.9999989760257495,-3.4434492146036465e-09,-6.08013028318188e-07,9.76564113197227e-12,0.9943365535700304,2.795419129395027e-08,5.229654579379938e-10,6
372,0.01201,0.01201,300.0,2071.6798202905006,2071.089874733383,-0.5899455571175167,-6.060638994755945e-07,0.0,-0.5899449510536172,0.9999989726782544,-3.4173340987771366e-09,-6.060638994755945e-07,9.691368696715855e-12,0.9943614293777703,2.7862288383345457e-08,5.211745013708967e-10,6
373,0.01201,0.01201,300.0,2071.089875525613,2070.5037247986793,-0.586150726933738,-6.041290797202428e-07,0.0,-0.5861501228046583,0.9999989693281063,-3.391794725207089e-09,-6.041290797202428e-07,9.619829404429321e-12,0.9943856456524527,2.7770956136211875e-08,5.193962463717719e-10,6
374,0.01201,0.01201,300.0,2070.5037255774428,2069.921332881279,-0.582392696163879,-6.022080092125951e-07,0.0,-0.5823920939558698,0.9999989659760276,-3.3686969094270974e-09,-6.022080092125951e-07,9.54800939247368e-12,0.9944060908226183,2.768003683246597e-08,5.17629651310397e-10,6
375,0.01201,0.01201,300.0,2069.921333647515,2069.3426626457967,-0.5786710017182486,-6.002992074129904e-07,0.0,-0.5786704014190411,0.9999989626243484,-3.3453163569971616e-09,-6.002992074129904e-07,9.477586377093887e-12,0.9944272517509828,2.7589884012416805e-08,5.158785154011929e-10,6
376,0.01201,0.01201,300.0,2069.342663399668,2068.767678211586,-0.5749851880818824,-5.984026647187611e-07,0.0,-0.5749845896792176,0.9999989592729045,-3.3220596292918203e-09,-5.984026647187611e-07,9.405152313446192e-12,0.9944484544853203,2.750049077407448e-08,5.141383105627566e-10,6
377,0.01201,0.01201,300.0,2068.767678953251,2068.196344146795,-0.5713348064559796,-5.965189709494402e-07,0.0,-0.5713342099370086,0.999998955920479,-3.299472896177583e-09,-5.965189709494402e-07,9.335123322016953e-12,0.9944687879902192,2.741157563618091e-08,5.124118093770347e-10,6
378,0.01201,0.01201,300.0,2068.196344876421,2067.628625461788,-0.5677194146328475,-5.946466605307081e-07,0.0,-0.5677188199861869,0.9999989525694467,-3.2775900476140232e-09,-5.946466605307081e-07,9.27001230670402e-12,0.9944881721109998,2.7323427356910335e-08,5.10694930536038e-10,6
379,0.01201,0.01201,300.0,2067.628626179535,2067.0644876025854,-0.5641385769495173,-5.927880235883678e-07,0.0,-0.5641379841614937,0.9999989492155867,-3.254964766623061e-09,-5.927880235883678e-07,9.195994461878734e-12,0.9945090578130786,2.7235609395362922e-08,5.089879044662518e-10,6
380,0.01201,0.01201,300.0,2067.064488308615,2066.5038964444243,-0.5605918641908829,-5.909404473437134e-07,0.0,-0.5605912732504356,0.9999989458633186,-3.2323395061714344e-09,-5.909404473437134e-07,9.12979874450668e-12,0.9945301772442539,2.7148715404033113e-08,5.072954266923008e-10,6
381,0.01201,0.01201,300.0,2066.5038971388967,2065.9468182853952,-0.5570788535014799,-5.891044459871273e-07,0.0,-0.5570782643970339,0.9999989425115632,-3.212611200131926e-09,-5.891044459871273e-07,9.07022672896163e-12,0.9945466186479909,2.706215160185761e-08,5.056132198300853e-10,6
382,0.01201,0.01201,300.0,2065.9468189684694,2065.393219840228,-0.5535991282413306,-5.872789149180648e-07,0.0,-0.5535985409624157,0.9999989391621392,-3.192262799518053e-09,-5.872789149180648e-07,9.008901230339536e-12,0.9945643156625785,2.697633761001623e-08,5.039451361991212e-10,6
383,0.01201,0.01201,300.0,2065.3932205120173,2064.843068233939,-0.550152278078258,-5.854635826656224e-07,0.0,-0.5501516926146753,0.9999989358153989,-3.1736713112888137e-09,-5.854635826656224e-07,8.945961552682442e-12,0.9945792165298497,2.6891002020662736e-08,5.02283780262626e-10,6
384,0.01201,0.01201,300.0,2064.8430688946473,2064.296330996035,-0.546737898612264,-5.836595162130973e-07,0.0,-0.5467373149527478,0.9999989324692551,-3.154223716661821e-09,-5.836595162130973e-07,8.88341285902252e-12,0.994595781223397,2.6806075859575304e-08,5.006330746223403e-10,6
385,0.01201,0.01201,300.0,2064.2963316458195,2063.752976054345,-0.5433555914746648,-5.818655644031169e-07,0.0,-0.5433550096091004,0.9999989291256527,-3.1360902207589095e-09,-5.818655644031169e-07,8.822051794958801e-12,0.9946102838651812,2.6721595656997e-08,4.989959589902686e-10,6
386,0.01201,0.01201,300.0,2063.7529766933594,2063.212971729184,-0.5400049641752958,-5.800814074932406e-07,0.0,-0.5400043840938883,0.9999989257850466,-3.117551304600567e-09,-5.800814074932406e-07,8.759131433608833e-12,0.9946256658732215,2.6637736865151917e-08,4.973671004980552e-10,6
387,0.01201,0.01201,300.0,2063.212972357585,2062.67628672757,-0.5366856300147447,-5.783077412467452e-07,0.0,-0.5366850517070034,0.9999989224460114,-3.0991148186584123e-09,-5.783077412467452e-07,8.699868118959218e-12,0.9946410628846553,2.6554268144673158e-08,4.957460116258436e-10,6
388,0.01201,0.01201,300.0,2062.67628734551,2062.1428901375225,-0.5333972079874911,-5.765426821929305e-07,0.0,-0.533396631444809,0.9999989191119235,-3.08319289754103e-09,-5.765426821929305e-07,8.647208470938119e-12,0.9946522729491356,2.647124431293011e-08,4.941353681709579e-10,6
389,0.01201,0.01201,300.0,2062.142890744127,2061.6127514213917,-0.5301393227350673,-5.747867720188356e-07,0.0,-0.5301387479482952,0.9999989157816683,-3.066440216995275e-09,-5.747867720188356e-07,8.589294012100771e-12,0.9946650821378075,2.6388692435278615e-08,4.925329870054577e-10,6
390,0.01201,0.01201,300.0,2061.6127520178616,2061.0858404135734,-0.526911604288216,-5.730397056992353e-07,0.0,-0.5269110312485104,0.9999989124557117,-3.049083651911576e-09,-5.730397056992353e-07,8.527461480816724e-12,0.9946791057904251,2.6306763749692314e-08,4.90940607668682e-10,6
391,0.01201,0.01201,300.0,2061.085841000057,2060.562127312867,-0.5237136871901384,-5.713022701648439e-07,0.0,-0.5237131158878683,0.9999989091324437,-3.032099959050126e-09,-5.713022701648439e-07,8.474187540977222e-12,0.9946926520033341,2.6225224254244903e-08,4.893547023762879e-10,6
392,0.01201,0.01201,300.0,2060.5621278885433,2060.0415826742365,-0.5205452143068214,-5.69574246487442e-07,0.0,-0.520544644732575,0.9999989058121547,-3.015463311399274e-09,-5.69574246487442e-07,8.414844610602014e-12,0.994705759029669,2.614409034310706e-08,4.877824788118244e-10,6
393,0.01201,0.01201,300.0,2060.041583240253,2059.5241774095575,-0.5174058306956795,-5.678559587452485e-07,0.0,-0.5174052628397208,0.9999989024940868,-2.9974848804116958e-09,-5.678559587452485e-07,8.353993249594294e-12,0.9947213992664002,2.6063489127853995e-08,4.862170771921449e-10,6
394,0.01201,0.01201,300.0,2059.5241779660555,2059.0098827784377,-0.5142951876177904,-5.661462450049636e-07,0.0,-0.5142946214715454,0.9999988991803567,-2.9823776952728538e-09,-5.661462450049636e-07,8.304276121434135e-12,0.9947321425840302,2.5983233743051295e-08,4.846629190659762e-10,6
395,0.01201,0.01201,300.0,2059.0098833255634,2058.498670384188,-0.5112129413755611,-5.644439185057622e-07,0.0,-0.5112123769316426,0.9999988958731816,-2.968075613417743e-09,-5.644439185057622e-07,8.256718555200268e-12,0.9947415934230012,2.590348248172176e-08,4.831123770898103e-10,6
396,0.01201,0.01201,300.0,2058.498670922083,2057.9905121688244,-0.5081587532586127,-5.627500546246144e-07,0.0,-0.508158190508558,0.9999988925703807,-2.9515447447352773e-09,-5.627500546246144e-07,8.197890821860248e-12,0.994755140900512,2.5824323601777443e-08,4.815710467754932e-10,6
397,0.01201,0.01201,300.0,2057.990512697628,2057.485380408165,-0.5051322894632904,-5.610656115578703e-07,0.0,-0.5051317283976788,0.9999988892699532,-2.936627064890996e-09,-5.610656115578703e-07,8.141089794863757e-12,0.9947659827934614,2.5745288235328506e-08,4.800414365258988e-10,6
398,0.01201,0.01201,300.0,2057.485380928016,2056.9832477070154,-0.502133221000804,-5.593894910579797e-07,0.0,-0.502132661611313,0.9999988859739454,-2.9207879600538166e-09,-5.593894910579797e-07,8.084686113530883e-12,0.9947786148886535,2.5666772583544133e-08,4.78519190498366e-10,6
399,0.01201,0.01201,300.0,2056.983248218051,2056.484086994445,-0.4991612236058245,-5.577212638708264e-07,0.0,-0.4991606658845606,0.9999988826831142,-2.905720465489139e-09,-5.577212638708264e-07,8.022915844869674e-12,0.9947900131235409,2.5588713690739658e-08,4.7700690776672e-10,6
400,0.01201,0.01201,300.0,2056.484087496786,2055.987871519059,-0.4962159777269335,-5.560616990550689e-07,0.0,-0.4962154216652344,0.9999988793958194,-2.8915014421243044e-09,-5.560616990550689e-07,7.970676314119361e-12,0.994800034875558,2.5510906550521453e-08,4.754980667570639e-10,6
401,0.01201,0.01201,300.0,2055.9878720128536,2055.494574844516,-0.49329716833744897,-5.54409262984026e-07,0.0,-0.49329661392818597,0.9999988761150508,-2.877820180252483e-09,-5.54409262984026e-07,7.92460676955988e-12,0.9948092133873034,2.543355768187992e-08,4.739992448444376e-10,6
402,0.01201,0.01201,300.0,2055.4945753298985,2055.0041708449594,-0.49040448493906297,-5.52763748952664e-07,0.0,-0.49040393217531403,0.999998872841163,-2.864091131395021e-09,-5.52763748952664e-07,7.873985931462554e-12,0.9948185981138928,2.5356742806512513e-08,4.725062675509279e-10,6
403,0.01201,0.01201,300.0,2055.00417132206,2054.5166337005944,-0.4875376214654352,-5.511266128073638e-07,0.0,-0.48753707033882243,0.999998869571109,-2.8506130559909227e-09,-5.511266128073638e-07,7.821306011705853e-12,0.9948276621201972,2.528006947327998e-08,4.710226383278403e-10,6
404,0.01201,0.01201,300.0,2054.516634169543,2054.0319378933327,-0.48469627621034306,-5.494964510425725e-07,0.0,-0.484695726713892,0.9999988663076693,-2.837319546277898e-09,-5.494964510425725e-07,7.771996370620693e-12,0.9948365097883807,2.5203803363180813e-08,4.695456176424385e-10,6
405,0.01201,0.01201,300.0,2054.0319383542574,2053.550058202504,-0.4818801517535576,-5.478730173336255e-07,0.0,-0.48187960388054024,0.9999988630512892,-2.8244645484679604e-09,-5.478730173336255e-07,7.724956732300448e-12,0.994844673018916,2.512799831050971e-08,4.680747699424337e-10,6
406,0.01201,0.01201,300.0,2053.550058655531,2053.070969700639,-0.4790889548917221,-5.462577854822448e-07,0.0,-0.4790884086339366,0.999998859798833,-2.8106850635094633e-09,-5.462577854822448e-07,7.671312654753926e-12,0.9948546544539806,2.505240169653663e-08,4.666130724846337e-10,6
407,0.01201,0.01201,300.0,2053.0709701458936,2052.5946477493208,-0.47632239657286846,-5.4464811949932e-07,0.0,-0.47632185192474896,0.9999988565557206,-2.7984154077133923e-09,-5.4464811949932e-07,7.626868654475718e-12,0.9948619754525438,2.4977447222833106e-08,4.651581375494782e-10,6
408,0.01201,0.01201,300.0,2052.594648186927,2052.1210679951073,-0.4735801918195648,-5.43046967806626e-07,0.0,-0.473579648772597,0.9999988533157063,-2.786693081051831e-09,-5.43046967806626e-07,7.581871232409651e-12,0.9948684124095061,2.4902351915509734e-08,4.637107957781508e-10,6
409,0.01201,0.01201,300.0,2052.121068425186,2051.650206365524,-0.4708620596620676,-5.414511690130228e-07,0.0,-0.4708615182108986,0.9999988500853745,-2.775011665542153e-09,-5.414511690130228e-07,7.53267238127598e-12,0.9948748625465145,2.4827808315807838e-08,4.622659598006653e-10,6
410,0.01201,0.01201,300.0,2051.650206788191,2051.182039065092,-0.4681677230992136,-5.398618635481126e-07,0.0,-0.46816718323735007,0.9999988468622741,-2.7635254762114925e-09,-5.398618635481126e-07,7.483641769268736e-12,0.9948810507598205,2.4753514916176073e-08,4.608300059512225e-10,6
411,0.01201,0.01201,300.0,2051.182039480472,2050.716542571482,-0.4654969089901897,-5.382788720260923e-07,0.0,-0.46549637071131766,0.9999988436467319,-2.7515047696355506e-09,-5.382788720260923e-07,7.432202431398489e-12,0.9948883284991684,2.467961419868119e-08,4.594007462972019e-10,6
412,0.01201,0.01201,300.0,2050.7165429796923,2050.2536936316715,-0.46284934802088173,-5.367015147923546e-07,0.0,-0.46284881131936695,0.9999988404401625,-2.7399650023272057e-09,-5.367015147923546e-07,7.3862092059882e-12,0.9948948066535879,2.460618648925915e-08,4.579771736028201e-10,6
413,0.01201,0.01201,300.0,2050.253694032828,2049.793469258192,-0.4602247746361172,-5.351302320226489e-07,0.0,-0.4602242395058852,0.9999988372415796,-2.7295839284604907e-09,-5.351302320226489e-07,7.33972869592838e-12,0.9948992156205726,2.4532977464850445e-08,4.565595059586805e-10,6
414,0.01201,0.01201,300.0,2049.7934696512257,2049.3358467251937,-0.4576229260319451,-5.335648708067913e-07,0.0,-0.4576223924670743,0.999998834051267,-2.718478836413271e-09,-5.335648708067913e-07,7.298148112528515e-12,0.9949050640603405,2.4460110846358124e-08,4.5514670295503244e-10,6
415,0.01201,0.01200925925925926,300.0,2049.335847110414,2048.6280245458947,-0.7078225645191196,-5.31973493421834e-07,0.0,-0.7078220325456263,0.9999992484366562,-2.7077937295108005e-09,-5.31973493421834e-07,7.252046185353993e-12,0.9949099085518465,2.438724820692457e-08,4.536858061904587e-10,6
416,0.01200925925925926,0.012007407407407408,300.0,2048.628024920971,2047.5438038205934,-1.0842211003773627,-5.303411142851348e-07,0.0,-1.0842205700362484,0.999999510855199,-2.696230536941383e-09,-5.303411142851348e-07,7.206961570858677e-12,0.9949160446657512,2.4314242944130683e-08,4.521471110156872e-10,6
417,0.012007407407407408,0.012005,300.0,2047.5438041829884,2046.272939966532,-1.2708642164564026,-5.289639969537431e-07,0.0,-1.2708636874924055,0.99999958377615,-2.2072480303991696e-09,-5.289639969537431e-07,6.622292534172347e-12,0.9958272244555196,2.42539861073099e-08,4.5078175413953403e-10,5
418,0.012005,0.012002592592592592,300.0,2046.2729336457678,2045.0049395347087,-1.2679941110591244,-5.275570150503134e-07,0.0,-1.2679935835021094,0.9999995839436395,-2.270109752298418e-09,-5.275570150503134e-07,7.178735421714897e-12,0.9956969395012558,2.4190641284563663e-08,4.4943313711748887e-10,5
419,0.012002592592592592,0.01200074074074074,300.0,2045.0049333070372,2043.9290588845192,-1.075874422517927,-5.262118267030874e-07,0.0,-1.0758738963061003,0.9999995108984694,-2.1948607374255124e-09,-5.262118267030874e-07,6.590847819102644e-12,0.9958289406926158,2.4130619117520118e-08,4.4811586222898453e-10,5
420,0.01200074074074074,0.012,300.0,2043.9290527574144,2043.2343225746347,-0.6947301827797219,-5.248845327774157e-07,0.0,-0.6947296578951891,0.9999992444771427,-2.2574822228238423e-09,-5.248845327774157e-07,7.139354580313244e-12,0.9956990879291518,2.4067781637046737e-08,4.4689646657970006e-10,5
421,0.012,0.012,300.0,2043.234316556127,2042.7943453689622,-0.4399711871647014,-5.236246601147659e-07,0.0,-0.4399706635400413,0.9999988098660199,-2.1839837178356507e-09,-5.236246601147659e-07,6.565789098747017e-12,0.995829104539582,2.400855731107309e-08,4.457279224897541e-10,5
422,0.012,0.012,300.0,2042.7943394566682,2042.3567972031494,-0.4375422535188136,-5.223334909267361e-07,0.0,-0.4375417311853227,0.9999988062101736,-2.2452257921803134e-09,-5.223334909267361e-07,7.102229590575613e-12,0.9957015473233454,2.3946788807700203e-08,4.445711079503907e-10,5
423,0.012,0.012,300.0,2042.3567913855154,2041.9216591254408,-0.43513226007462436,-5.21080058274256e-07,0.0,-0.4351317389945661,0.9999988024789103,-2.173027757406154e-09,-5.21080058274256e-07,6.5377523892368445e-12,0.9958297621969974,2.3887739854783823e-08,4.4340936692046273e-10,5
424,0.012,0.012,300.0,2041.9216533989088,2041.4889115120463,-0.43274188686245907,-5.197953388002398e-07,0.0,-0.43274136706712024,0.9999987988328503,-2.233207799261211e-09,-5.197953388002398e-07,7.066657627494462e-12,0.9957036786739648,2.3826311450840957e-08,4.422608396828582e-10,5
425,0.012,0.012,300.0,2041.4889058747094,2041.0585346140253,-0.43037126068406906,-5.185471956307523e-07,0.0,-0.43037074213687343,0.9999987951165819,-2.162404766389991e-09,-5.185471956307523e-07,6.510447009811859e-12,0.995829878582682,2.3767648580486365e-08,4.411065306685016e-10,5
426,0.012,0.012,300.0,2041.0585290643457,2040.6305087480637,-0.4280203162820726,-5.172679114870441e-07,0.0,-0.4280197990141611,0.9999987914874789,-2.221797961012907e-09,-5.172679114870441e-07,7.032748100716427e-12,0.9957047442695108,2.370672018258596e-08,4.3996242556515057e-10,5
427,0.012,0.012,300.0,2040.6305032845953,2040.2048143712445,-0.4256889133507684,-5.160251715123115e-07,0.0,-0.4256883973255969,0.999998787788088,-2.1518151802916318e-09,-5.160251715123115e-07,6.479854135852609e-12,0.9958300189620879,2.3648410076028658e-08,4.388142802923881e-10,5
428,0.012,0.012,300.0,2040.204808992563,2039.7814321121627,-0.42337688040015564,-5.14750765190439e-07,0.0,-0.42337636564939046,0.9999987841783786,-2.210924375546986e-09,-5.14750765190439e-07,7.000031512334913e-12,0.9957048643245261,2.3587980693972578e-08,4.3767775922618296e-10,5
429,0.012,0.012,300.0,2039.7814268168547,2039.3603427858409,-0.42108403101383374,-5.135134461111561e-07,0.0,-0.42108351750038764,0.9999987804965084,-2.141501462339935e-09,-5.135134461111561e-07,6.454681096477356e-12,0.9958297071312201,2.3529983659313976e-08,4.365371608434375e-10,5
430,0.012,0.012,300.0,2039.3603375725102,2038.9415273999216,-0.41881017258856446,-5.122465963663974e-07,0.0,-0.4188096603419681,0.9999987769003003,-2.1988888127128636e-09,-5.122465963663974e-07,6.963639921158102e-12,0.9957073627656862,2.3469666513105935e-08,4.3540987858419485e-10,5
431,0.012,0.012,300.0,2038.9415222671537,2038.5249671578463,-0.41655510930741,-5.110141791830665e-07,0.0,-0.4165545982932308,0.9999987732375194,-2.1307841626111117e-09,-5.110141791830665e-07,6.4274481985851425e-12,0.9958302836801565,2.3412175190896246e-08,4.3427160668748495e-10,5
432,0.012,0.012,300.0,2038.524962104314,2038.1106434593714,-0.4143186449425684,-5.097530285197024e-07,0.0,-0.4143181351895399,0.9999987696594523,-2.187545037976451e-09,-5.097530285197024e-07,6.925970117616738e-12,0.9957086178686785,2.3352263052293343e-08,4.33148435372487e-10,5
433,0.012,0.012,300.0,2038.1106384837335,2037.6985379005423,-0.41210058319120435,-5.085259413616374e-07,0.0,-0.412100074665263,0.9999987660149923,-2.1205557695235398e-09,-5.085259413616374e-07,6.395592053034611e-12,0.9958299948988923,2.3295118581619533e-08,4.320203333966234e-10,5
434,0.012,0.012,300.0,2037.6985330014795,2037.2886322721556,-0.4099007293239083,-5.072708659810516e-07,0.0,-0.40990022205304233,0.9999987624543464,-2.176601090678144e-09,-5.072708659810516e-07,6.890000496581679e-12,0.9957091935755691,2.32354740746142e-08,4.309044590541832e-10,5
435,0.012,0.012,300.0,2037.2886274483708,2036.8809085587482,-0.4077188896226289,-5.060485231643762e-07,0.0,-0.4077183835741058,0.999998758829831,-2.1099563197244117e-09,-5.060485231643762e-07,6.365114286485952e-12,0.9958305256845122,2.3178823883586798e-08,4.297819939828008e-10,5
436,0.012,0.012,300.0,2036.8809038089657,2036.475348936323,-0.4055548726428242,-5.047993838773927e-07,0.0,-0.4055543678434403,0.9999987552870944,-2.1662389271670807e-09,-5.047993838773927e-07,6.8592313920078965e-12,0.9957087132109232,2.31193692167631e-08,4.286718315871779e-10,5
437,0.012,0.012,300.0,2036.47534425929,2036.0719357708872,-0.40340848840287435,-5.035824696464911e-07,0.0,-0.4034079848204047,0.9999987516810277,-2.0994924847764445e-09,-5.035824696464911e-07,6.3350530747290385e-12,0.9958308864757539,2.3063059894171173e-08,4.275574651548044e-10,5
438,0.012,0.012,300.0,2036.071931165373,2035.670651615897,-0.40127954947593025,-5.023391113393258e-07,0.0,-0.4012790471368189,0.9999987481567102,-2.155363369180487e-09,-5.023391113393258e-07,6.8243024919694165e-12,0.99570934589697,2.300393492978244e-08,4.264541503818887e-10,5
439,0.012,0.012,300.0,2035.6706470806917,2035.2714792106108,-0.3991678700808734,-5.01127264963156e-07,0.0,-0.39916736895360844,0.9999987445701357,-2.0891044206676233e-09,-5.01127264963156e-07,6.307654627287933e-12,0.9958311898658693,2.29480785935123e-08,4.253446730247678e-10,5
440,0.012,0.012,300.0,2035.2714747445284,2034.8744014774302,-0.39707326709822155,-4.998915950575905e-07,0.0,-0.3970727672066265,0.9999987410595563,-2.144098391736024e-09,-4.998915950575905e-07,6.79061678898319e-12,0.9957108732914602,2.2888923568413003e-08,4.2424719636303966e-10,5
441,0.012,0.012,300.0,2034.874397079303,2034.4794015201796,-0.3949955591233447,-4.986841625365015e-07,0.0,-0.3949950604391822,0.9999987374942553,-2.0788394430844488e-09,-4.986841625365015e-07,6.285418613678115e-12,0.9958313505836827,2.2833572530042024e-08,4.231445445231356e-10,5
442,0.012,0.012,300.0,2034.4793971888635,2034.0864626207324,-0.39293456813106786,-4.97453963061436e-07,0.0,-0.3929340706771048,0.9999987340030544,-2.133109109269338e-09,-4.97453963061436e-07,6.761463933912697e-12,0.9957119466972547,2.277485819832119e-08,4.220533396427598e-10,5
443,0.012,0.012,300.0,2034.086458355829,2033.6955682401176,-0.3908901157114997,-4.962522393092577e-07,0.0,-0.3908896194592604,0.9999987304559022,-2.0686024162860907e-09,-4.962522393092577e-07,6.2539438726916545e-12,0.9958315504648092,2.2719781007214564e-08,4.2095694113406026e-10,5
444,0.012,0.012,300.0,2033.6955640408223,2033.306702012536,-0.3888620282862121,-4.950269586973429e-07,0.0,-0.3888615332592534,0.9999987269856075,-2.1228193929179854e-09,-4.950269586973429e-07,6.728501535392717e-12,0.9957117095228427,2.2661494964350457e-08,4.1987086870037013e-10,5
445,0.012,0.012,300.0,2033.3066978766883,2032.9198477435261,-0.3868501331621701,-4.938315705060121e-07,0.0,-0.38684963933059957,0.9999987234550846,-2.0586869117390593e-09,-4.938315705060121e-07,6.220012120123793e-12,0.9958311962322911,2.260648774169642e-08,4.1877994534488876e-10,5
446,0.012,0.012,300.0,2032.9198436700622,2032.5349894096978,-0.38485426036436365,-4.926106031567703e-07,0.0,-0.3848537677537605,0.9999987200074058,-2.113009144328579e-09,-4.926106031567703e-07,6.696047064667408e-12,0.9957105893970046,2.2548698122387452e-08,4.1769976113621884e-10,5
447,0.012,0.012,300.0,2032.534985397574,2032.152111156002,-0.3828742415719262,-4.914200380002648e-07,0.0,-0.3828737501518882,0.9999987164975216,-2.048504389540774e-09,-4.914200380002648e-07,6.188259832259908e-12,0.9958314593807027,2.2494110031592302e-08,4.1661637558777313e-10,5
448,0.012,0.012,300.0,2032.1521072041928,2031.7711972931434,-0.38090991104945715,-4.902065302618497e-07,0.0,-0.3809094208429269,0.999998713064386,-2.1029412883944204e-09,-4.902065302618497e-07,6.6695243403255465e-12,0.9957100912399696,2.2436125477480867e-08,4.1554260455236234e-10,5
449,0.012,0.012,300.0,2031.771193400642,2031.3922322959643,-0.37896110467772814,-4.890206022044334e-07,0.0,-0.37896061565712597,0.9999987095757423,-2.038165848587335e-09,-4.890206022044334e-07,6.163475605516471e-12,0.9958321472768231,2.238206836318871e-08,4.144642319418726e-10,5
450,0.012,0.012,300.0,2031.3922284617818,2031.0152008009013,-0.3770276608804579,-4.878124750006912e-07,0.0,-0.3770271730679829,0.9999987061626356,-2.091474827739119e-09,-4.878124750006912e-07,6.630440802706142e-12,0.9957125433749184,2.232464549119457e-08,4.133952003881846e-10,5
451,0.012,0.012,300.0,2031.0151970240693,2030.6400876044245,-0.3751094196447866,-4.866326935152597e-07,0.0,-0.3751089330120931,0.9999987026913534,-2.0286014413059552e-09,-4.866326935152597e-07,6.139793450070107e-12,0.9958313498695451,2.2270673859117166e-08,4.1232420968916705e-10,5
452,0.012,0.012,300.0,2030.6400838839872,2030.2668776605442,-0.37320622344304866,-4.854309209456865e-07,0.0,-0.3732057380121277,0.99999869929575,-2.0802569467671295e-09,-4.854309209456865e-07,6.592613208971127e-12,0.9957146179672393,2.221351335815989e-08,4.1126411418805214e-10,5
453,0.012,0.012,300.0,2030.2668739955657,2029.8955560793397,-0.3713179162259621,-4.842568624418391e-07,0.0,-0.37131743196909966,0.9999986958429925,-2.0188403390300305e-09,-4.842568624418391e-07,6.108915521010568e-12,0.9958310547653365,2.2159727019316156e-08,4.101982728845266e-10,5
454,0.012,0.012,300.0,2029.895552468864,2029.5261081243516,-0.3694443445124307,-4.830596231691719e-07,0.0,-0.3694438614528075,0.9999986924698392,-2.0702699664129062e-09,-4.830596231691719e-07,6.5639688131329605e-12,0.9957142558245075,2.2103057286838123e-08,4.091428383105849e-10,5
455,0.012,0.012,300.0,2029.5261045675138,2029.1585192113666,-0.367585356147174,-4.818904886393734e-07,0.0,-0.3675848742566854,0.9999986890378505,-2.008884062915218e-09,-4.818904886393734e-07,6.0797473081753114e-12,0.9958312435910752,2.20496414309843e-08,4.0808179444174814e-10,5
456,0.012,0.012,300.0,2029.15851570728,2028.7927749058915,-0.3657408013884833,-4.807001944006898e-07,0.0,-0.3657403206882889,0.999998685680699,-2.059715933727132e-09,-4.807001944006898e-07,6.533902282274748e-12,0.995715175575714,2.1993011260653423e-08,4.070330818321303e-10,5
457,0.012,0.012,300.0,2028.7927714536859,2028.4288609217597,-0.3639105319261944,-4.795364297676773e-07,0.0,-0.3639100523897646,0.9999986822683388,-1.9989309735011232e-09,-4.795364297676773e-07,6.052150942758181e-12,0.9958315346876367,2.1939906378353676e-08,4.0597847108498927e-10,5
458,0.012,0.012,300.0,2028.4288575205796,2028.0667631188257,-0.3620944017538932,-4.783500077603289e-07,0.0,-0.3620939234038854,0.9999986789356438,-2.0501817364274114e-09,-4.783500077603289e-07,6.503637937472401e-12,0.9957140551830939,2.1883847587376778e-08,4.0493274787578903e-10,5
459,0.012,0.012,300.0,2028.0667597678328,2027.7064675015883,-0.36029226624441435,-4.771917281609299e-07,0.0,-0.36029178905268616,0.9999986755426833,-1.9892782186163406e-09,-4.771917281609299e-07,6.0220180841923514e-12,0.99583128101092,2.1830951794160614e-08,4.038845551161595e-10,5
460,0.012,0.012,300.0,2027.7064641999564,2027.3479602169318,-0.3585039830245478,-4.76010481521434e-07,0.0,-0.35850350701406625,0.9999986722309819,-2.040439560665538e-09,-4.76010481521434e-07,6.474167771567794e-12,0.9957134566572067,2.1775166562722135e-08,4.028463929742946e-10,5
461,0.012,0.012,300.0,2027.347956963851,2026.9912275528013,-0.35672941104962774,-4.7485820268600917e-07,0.0,-0.35672893619142504,0.9999986688560348,-1.9793457130537787e-09,-4.7485820268600917e-07,5.991064498061758e-12,0.9958317120735037,2.1722429959720515e-08,4.018045347240888e-10,5
462,0.012,0.012,300.0,2026.9912243474785,2026.636255936005,-0.3549684114734646,-4.736824751826387e-07,0.0,-0.3549679377909894,0.9999986655644281,-2.0302447224794612e-09,-4.736824751826387e-07,6.445168638888437e-12,0.9957139121060017,2.166697726990351e-08,4.0077045387851567e-10,5
463,0.012,0.012,300.0,2026.6362527776564,2026.283031930427,-0.3532208472295224,-4.7253530989841693e-07,0.0,-0.3532203746942125,0.9999986622100208,-1.9698428122140575e-09,-4.7253530989841693e-07,5.9632182289912865e-12,0.9958313320275738,2.161453253441706e-08,3.9973242015635213e-10,5
464,0.012,0.012,300.0,2026.283028818806,2025.9315422369018,-0.3514865819042825,-4.713651603915834e-07,0.0,-0.3514861105391221,0.9999986589383929,-2.0209742688460616e-09,-4.713651603915834e-07,6.4198091700961585e-12,0.9957125081812004,2.1559224899574467e-08,3.9870681423693084e-10,5
465,0.012,0.012,300.0,2025.9315391707264,2025.5817736889119,-0.34976548181452927,-4.7022226868954306e-07,0.0,-0.3497650115922606,0.9999986556069906,-1.9598252963553434e-09,-4.7022226868954306e-07,5.931307952575966e-12,0.9958321299801111,2.1507349602107197e-08,3.976748235986783e-10,5
466,0.012,0.012,300.0,2025.5817706674413,2025.2337132525613,-0.3480574148800315,-4.6905723710949047e-07,0.0,-0.3480569458227944,0.9999986523567175,-2.011936786401098e-09,-4.6905723710949047e-07,6.390897967367536e-12,0.9957106795776153,2.1452249918319673e-08,3.966491096383246e-10,5
467,0.012,0.012,300.0,2025.2337102750687,2024.8873480248694,-0.34636225019926314,-4.6792161082945277e-07,0.0,-0.3463617822776523,0.9999986490398114,-1.9500333779739926e-09,-4.6792161082945277e-07,5.903821831962143e-12,0.995832563974728,2.1400219312333983e-08,3.9562473706241917e-10,5
468,0.012,0.012,300.0,2024.8873450906408,2024.54266523171,-0.34467985893070363,-4.667607267763203e-07,0.0,-0.34467939216997684,0.9999986458137465,-2.0008597712833025e-09,-4.667607267763203e-07,6.354846180436196e-12,0.9957133073617778,2.1345885706919832e-08,3.9460993647609327e-10,5
469,0.012,0.012,300.0,2024.542662340044,2024.1996522266745,-0.3430101133694734,-4.656293900024574e-07,0.0,-0.3430096477400834,0.999998642519938,-1.9407095284429535e-09,-4.656293900024574e-07,5.884178439017286e-12,0.9958320725235306,2.12942987970349e-08,3.935907072339086e-10,5
470,0.012,0.012,300.0,2024.1996493768825,2023.8582964890686,-0.341352887813855,-4.6447590462171986e-07,0.0,-0.34135242333795035,0.9999986393087001,-1.9903425337665366e-09,-4.6447590462171986e-07,6.324802847187537e-12,0.9957148637551231,2.123987281622991e-08,3.925801749229212e-10,5
471,0.012,0.012,300.0,2023.858293681707,2023.518585624001,-0.33970805770604784,-4.633498194344412e-07,0.0,-0.3397075943562284,0.9999986360352399,-1.931397427077339e-09,-4.633498194344412e-07,5.856834877086152e-12,0.9958316646601162,2.1188543599108196e-08,3.915649403489168e-10,5
472,0.012,0.012,300.0,2023.5185828571366,2023.1805073568053,-0.3380755003313425,-4.6220297856889337e-07,0.0,-0.3380750381283639,0.9999986328409538,-1.980743989956721e-09,-4.6220297856889337e-07,6.293033641630454e-12,0.9957145581448011,2.1134114061961793e-08,3.905607727520226e-10,5
473,0.012,0.012,300.0,2023.180504629786,2022.8440495356615,-0.33645509412440333,-4.610800215255181e-07,0.0,-0.3364546330443818,0.9999986295941728,-1.9217933990870818e-09,-4.610800215255181e-07,5.829402602552276e-12,0.9958319742574647,2.108354895937117e-08,3.895523349432694e-10,5
474,0.012,0.012,300.0,2022.844046847847,2022.5092001284308,-0.33484671941619126,-4.5993903632091164e-07,0.0,-0.33484625947715496,0.9999986264191655,-1.9709217235374957e-09,-4.5993903632091164e-07,6.26254557450574e-12,0.9957148196437009,2.1029287064630326e-08,3.8855120962125336e-10,5
475,0.012,0.012,300.0,2022.509197479193,2022.1759472216786,-0.33325025751446447,-4.588204471393238e-07,0.0,-0.33324979869401733,0.9999986231955211,-1.9125876777158168e-09,-4.588204471393238e-07,5.8029616338761366e-12,0.9958315116738138,2.097912599659765e-08,3.875491430418513e-10,5
476,0.012,0.012,300.0,2022.175944610376,2021.8442790186716,-0.33166559170445,-4.5768606924779393e-07,0.0,-0.3316651340183807,0.9999986200375296,-1.961130019622094e-09,-4.5768606924779393e-07,6.229783429245177e-12,0.9957151197045495,2.0924886288053413e-08,3.865547838904108e-10,5
477,0.012,0.012,300.0,2021.8442764447195,2021.514183838577,-0.3300926061424434,-4.565734342314797e-07,0.0,-0.3300921495690092,0.9999986168322897,-1.9030103356788415e-09,-4.565734342314797e-07,5.778805919990002e-12,0.9958319731438557,2.0874866195302048e-08,3.855576591196883e-10,5
478,0.012,0.012,300.0,2021.514181301378,2021.1856501145367,-0.3285311868412464,-4.5544443194797475e-07,0.0,-0.32853073139681443,0.9999986136949849,-1.9509264973719518e-09,-4.5544443194797475e-07,6.203375457017552e-12,0.9957164335305898,2.082097706396068e-08,3.8457012278582164e-10,5
479,0.012,0.012,300.0,2021.1856476135104,2020.858666392748,-0.32698122076226355,-4.5433667097885623e-07,0.0,-0.3269807664255926,0.9999986105114236,-1.8935859199455172e-09,-4.5433667097885623e-07,5.752150525327945e-12,0.9958321966046328,2.077128156693055e-08,3.8357745276725493e-10,5
480,0.012,0.012,300.0,2020.858663927313,2020.5332213306697,-0.32544259664337005,-4.5321195961458676e-07,0.0,-0.3254421434314104,0.9999986073981577,-1.9416938692154178e-09,-4.5321195961458676e-07,6.174766908171169e-12,0.9957157046983787,2.0717820483736615e-08,3.8259439212527053e-10,5
481,0.012,0.012,300.0,2020.533218900259,2020.2093036961242,-0.3239152041348916,-4.5210966024868027e-07,0.0,-0.32391475202523135,0.9999986042345204,-1.884646481488277e-09,-4.5210966024868027e-07,5.721352868286624e-12,0.9958314394776443,2.066827783832525e-08,3.8160587352427113e-10,5
482,0.012,0.012,300.0,2020.2093013001822,2019.8869023655554,-0.3223989346267899,-4.509893029374731e-07,0.0,-0.32239848363748697,0.9999986011451822,-1.9322486580749564e-09,-4.509893029374731e-07,6.142555322373151e-12,0.9957155332831855,2.0615287754505697e-08,3.8062902014386644e-10,5
483,0.012,0.012,300.0,2019.8869000035352,2019.5660063231517,-0.32089368038350585,-4.498932828323828e-07,0.0,-0.320893230490223,0.9999985979989312,-1.875535034715841e-09,-4.498932828323828e-07,5.696456301442686e-12,0.9958311557289585,2.056568787675736e-08,3.796463573993118e-10,5
484,0.012,0.012,300.0,2019.5660039945162,2019.2466046591462,-0.319399335370008,-4.487785850946375e-07,0.0,-0.3193988865914229,0.9999985949294962,-1.92233336351152e-09,-4.487785850946375e-07,6.1140011054478945e-12,0.9957165216270154,2.051292843089135e-08,3.7867265711858567e-10,5
485,0.012,0.012,300.0,2019.2466023633679,2018.928686568972,-0.3179157943959581,-4.476865608723293e-07,0.0,-0.3179153467093972,0.9999985918077404,-1.8664002878870783e-09,-4.476865608723293e-07,5.670477582289774e-12,0.9958310111336593,2.0463878623763183e-08,3.7769557273863496e-10,5
486,0.012,0.012,300.0,2018.9286843055315,2018.6122413516039,-0.31644295392766253,-4.4657709731584945e-07,0.0,-0.3164425073505652,0.9999985887595481,-1.9128840809748163e-09,-4.4657709731584945e-07,6.086622876784015e-12,0.995716564748904,2.041137820033137e-08,3.767289583510081e-10,5
487,0.012,0.012,300.0,2018.6122391199929,2018.2972584086567,-0.3149807113361476,-4.454908289798592e-07,0.0,-0.3149802658453186,0.9999985856567943,-1.8568242320222037e-09,-4.454908289798592e-07,5.649944821467958e-12,0.9958319585696653,2.036246160819353e-08,3.757575718141303e-10,5
488,0.012,0.012,300.0,2018.2972562084365,2017.9837272430964,-0.31352896534008323,-4.443860039023503e-07,0.0,-0.31352852095407935,0.9999985826317406,-1.902963334747579e-09,-4.443860039023503e-07,6.054165399302732e-12,0.995717769421096,2.031040366723164e-08,3.7479802091730226e-10,5
489,0.012,0.012,300.0,2017.9837250737153,2017.6716374579898,-0.31208761572543153,-4.433060114905865e-07,0.0,-0.31208717241942,0.9999985795462903,-1.8480975384901944e-09,-4.433060114905865e-07,5.624709482721644e-12,0.9958311020139878,2.026141753610498e-08,3.7383455267374743e-10,5
490,0.012,0.012,300.0,2017.671635318964,2017.3609787552064,-0.31065656375767503,-4.422062135171158e-07,0.0,-0.3106561215514615,0.9999985765431505,-1.892738522173086e-09,-4.422062135171158e-07,6.022734622656194e-12,0.9957197830688106,2.02098282714677e-08,3.728754878321207e-10,5
491,0.012,0.012,300.0,2017.3609766460604,2017.0517409345953,-0.30923571146513495,-4.4113153522906613e-07,0.0,-0.3092352703335997,0.9999985734780334,-1.8389152352545159e-09,-4.4113153522906613e-07,5.598667430894548e-12,0.9958313675436973,2.0161025499318285e-08,3.719161195961234e-10,5
492,0.012,0.012,300.0,2017.051738854863,2016.7439138924503,-0.30782496241272383,-4.400382121396606e-07,0.0,-0.3078245223745117,0.9999985704921112,-1.883576503753156e-09,-4.400382121396606e-07,5.99546903150785e-12,0.9957195160515847,2.0109414279420974e-08,3.7096256899469773e-10,5
493,0.012,0.012,300.0,2016.7439118416714,2016.437487620768,-0.30642422090340915,-4.38967030847564e-07,0.0,-0.3064237819363783,0.9999985674532205,-1.8303129858390685e-09,-4.38967030847564e-07,5.576502501065123e-12,0.9958304089892467,2.0061165678972806e-08,3.700083104484192e-10,5
494,0.012,0.012,300.0,2016.4374855984906,2016.1324522057462,-0.3050333927444626,-4.378776075070667e-07,0.0,-0.3050329548668551,0.9999985644928787,-1.8739101863394748e-09,-4.378776075070667e-07,5.961140776843526e-12,0.99572047039124,2.001011280548508e-08,3.6906158881396395e-10,5
495,0.012,0.012,300.0,2016.1324502115267,2015.8287978270755,-0.3036523844511976,-4.368123203712072e-07,0.0,-0.3036519476388772,0.9999985614724509,-1.8214267126886054e-09,-4.368123203712072e-07,5.548264084664649e-12,0.9958301846634254,1.9961886353268157e-08,3.6811294108995527e-10,5
496,0.012,0.012,300.0,2015.8287958604783,2015.526514756471,-0.30228110400730657,-4.3572910781006884e-07,0.0,-0.30228066827819877,0.9999985585301164,-1.8642810031533167e-09,-4.3572910781006884e-07,5.9329786852699155e-12,0.9957214678346301,1.991094126891186e-08,3.671722901555166e-10,5
497,0.012,0.012,300.0,2015.5265128181572,2015.225593358071,-0.30091946008633386,-4.3466904018785955e-07,0.0,-0.30091902541729365,0.9999985555303067,-1.812391734198339e-09,-4.3466904018785955e-07,5.5248557270710695e-12,0.9958304098828501,1.9862936808703366e-08,3.6622722701083614e-10,5
498,0.012,0.012,300.0,2015.2255914464974,2014.9260240837127,-0.2995673627847282,-4.33591241067074e-07,0.0,-0.2995669291934871,0.9999985526085451,-1.854832926767673e-09,-4.33591241067074e-07,5.904327880483649e-12,0.9957221623707091,1.981221682991736e-08,3.652919374874163e-10,5
499,0.012,0.012,300.0,2014.9260221984664,2014.627797475599,-0.29822472286741686,-4.325349104648434e-07,0.0,-0.2982242903325064,0.9999985496342949,-1.8038845370738946e-09,-4.325349104648434e-07,5.497723033541998e-12,0.9958295053337192,1.9764683963937033e-08,3.6435131081451046e-10,5
500,0.012,0.012,300.0,2014.6277956162728,2014.330904163775,-0.2968914524979027,-4.314612668979731e-07,0.0,-0.29689102103663584,0.9999985467373235,-1.846600153367225e-09,-4.314612668979731e-07,5.876575440900155e-12,0.995720125315898,1.9714271106506807e-08,3.6342067123115314e-10,5
501,0.012,0.012,300.0,2014.3309023299694,2014.0353348655076,-0.29556746446178295,-4.30411207309319e-07,0.0,-0.29556703405057566,0.999998543780155,-1.7947065701097639e-09,-4.30411207309319e-07,5.470978076303915e-12,0.995830251304725,1.966675789250451e-08,3.624857983985135e-10,5
502,0.012,0.012,300.0,2014.03533305686,2013.7410803839039,-0.2942526729561905,-4.2934231942291476e-07,0.0,-0.2942522436138711,0.9999985409059666,-1.8366243679188651e-09,-4.2934231942291476e-07,5.841201576741448e-12,0.995722237746357,1.9616839874535582e-08,3.6155996871473815e-10,5
503,0.012,0.012,300.0,2013.7410786,2013.4481316072483,-0.2929469927516948,-4.282976792178594e-07,0.0,-0.29294656445401557,0.9999985379686775,-1.7864955333897495e-09,-4.282976792178594e-07,5.447698439196691e-12,0.9958288461038309,1.9569347651639668e-08,3.606318534349385e-10,5
504,0.012,0.012,300.0,2013.448129847709,2013.156479507742,-0.29165033996696366,-4.272362730817609e-07,0.0,-0.2916499127306906,0.9999985351079203,-1.8265320867280696e-09,-4.272362730817609e-07,5.812812460101756e-12,0.9957247729141704,1.9519301948286744e-08,3.597079219353324e-10,5
505,0.012,0.012,300.0,2013.156477772195,2012.8661151408774,-0.2903626313177483,-4.261944830147356e-07,0.0,-0.29036220512326527,0.9999985321992672,-1.7775705498177792e-09,-4.261944830147356e-07,5.425271795292951e-12,0.9958292032847447,1.947254742782357e-08,3.587835762043209e-10,5
506,0.012,0.012,300.0,2012.8661134289569,2012.5770296441362,-0.2890837848206047,-4.251378755830403e-07,0.0,-0.28908335968272914,0.9999985293610437,-1.8180864892170907e-09,-4.251378755830403e-07,5.784415470298685e-12,0.9957235367779835,1.9422697918067397e-08,3.5786785841992953e-10,5
507,0.012,0.012,300.0,2012.5770279554827,2012.2892142364153,-0.2878137190673442,-4.241008489960996e-07,0.0,-0.2878132949664952,0.9999985264745184,-1.7685930456587828e-09,-4.241008489960996e-07,5.3996119676337315e-12,0.9958297818788967,1.9376230060465845e-08,3.5694965994022005e-10,5
508,0.012,0.012,300.0,2012.2892125706749,2012.0026602167466,-0.28655235392830036,-4.230489331017663e-07,0.0,-0.28655193087936726,0.9999985236591942,-1.8088200567895839e-09,-4.230489331017663e-07,5.753806034483265e-12,0.995724324267816,1.9326787998375884e-08,3.5603725937682036e-10,5
509,0.012,0.012,300.0,2012.002658573573,2011.7173589637503,-0.28529960982268676,-4.2201764085318784e-07,0.0,-0.28529918780504593,0.9999985207913845,-1.760305928105062e-09,-4.2201764085318784e-07,5.36930825680026e-12,0.9958288333052944,1.9280295668819137e-08,3.551212494277942e-10,5
510,0.012,0.012,300.0,2011.717357342794,2011.4333019343762,-0.2840554084177711,-4.209697808759482e-07,0.0,-0.28405498744799024,0.9999985180011772,-1.8001780635020134e-09,-4.209697808759482e-07,5.7269663819324675e-12,0.9957237356568536,1.923123919049082e-08,3.5421500201298383e-10,5
511,0.012,0.012,300.0,2011.433300335311,2011.1504806633975,-0.2828196719135576,-4.1994398270966467e-07,0.0,-0.2828192519695749,0.9999985151528539,-1.751343932537568e-09,-4.1994398270966467e-07,5.341964398287069e-12,0.9958295772659079,1.9184906279639675e-08,3.5330413353427294e-10,5
512,0.012,0.012,300.0,2011.1504790858924,2010.8688867621584,-0.281592323734003,-4.1890073384082037e-07,0.0,-0.2815919048332692,0.9999985123858198,-1.7917877858230048e-09,-4.1890073384082037e-07,5.702439319712714e-12,0.995722643478338,1.9136108394578885e-08,3.52402119718313e-10,5
513,0.012,0.012,300.0,2010.8688852058885,2010.5885119180814,-0.28037328780715143,-4.1787884562817925e-07,0.0,-0.2803728699283058,0.9999985095625589,-1.742933099489296e-09,-4.1787884562817925e-07,5.320018723092761e-12,0.9958290946820503,1.9090192721893066e-08,3.5149729604958986e-10,5
514,0.012,0.012,300.0,2010.5885103827272,2010.3093478936,-0.2791624891272022,-4.1684293531917226e-07,0.0,-0.27916207228426687,0.9999985068089319,-1.782339465403505e-09,-4.1684293531917226e-07,5.672538181918133e-12,0.9957241941403211,1.9041168856995142e-08,3.506017626484769e-10,5
515,0.012,0.012,300.0,2010.3093463787054,2010.0313865251092,-0.27795985359625774,-4.158248891543895e-07,0.0,-0.2779594377713686,0.9999985040109794,-1.7346495196602144e-09,-4.158248891543895e-07,5.29607974879607e-12,0.9958284134381957,1.8995686964253753e-08,3.497007024453141e-10,5
516,0.012,0.012,300.0,2010.031385030513,2009.754619722656,-0.2767653078572039,-4.1479398051903025e-07,0.0,-0.2767648930632234,0.9999985012789945,-1.7732812479735985e-09,-4.1479398051903025e-07,5.639989108566763e-12,0.995724910844283,1.8946951908518465e-08,3.4880771929867547e-10,5
517,0.012,0.012,300.0,2009.7546182480537,2009.479039468882,-0.2755787791716102,-4.1378033821086287e-07,0.0,-0.275578365391272,0.9999984985043497,-1.7264434259833163e-09,-4.1378033821086287e-07,5.2696614112869505e-12,0.9958276330058401,1.8901705513294235e-08,3.4791540734179136e-10,5
518,0.012,0.012,300.0,2009.4790380139732,2009.2046378180244,-0.2744001959488287,-4.127539675934629e-07,0.0,-0.2743997831948611,0.9999984957956528,-1.7642117774015655e-09,-4.127539675934629e-07,5.611584589375988e-12,0.9957257545271153,1.8853356567302663e-08,3.4702591523901155e-10,5
519,0.012,0.012,300.0,2009.2046363825132,2008.9314068954616,-0.27322948705159433,-4.117462642332778e-07,0.0,-0.2732290753053301,0.9999984930386955,-1.7178375507845816e-09,-4.117462642332778e-07,5.2459268025224685e-12,0.9958279219509535,1.8808087010811045e-08,3.4613621122403434e-10,5
520,0.012,0.012,300.0,2008.931405479057,2008.659338896593,-0.27206658246404913,-4.1072470697122554e-07,0.0,-0.27206617173934217,0.9999984903522393,-1.7555597226954252e-09,-4.1072470697122554e-07,5.5839692350865326e-12,0.9957257021725299,1.8759991679738922e-08,3.45252126463228e-10,5
521,0.012,0.012,300.0,2008.6593374990093,2008.3884260864013,-0.2709114126080294,-4.097209390136253e-07,0.0,-0.2709110028870904,0.9999984876202332,-1.7092254938906342e-09,-4.097209390136253e-07,5.2197446157764365e-12,0.9958283179326751,1.8715207541042923e-08,3.443674740385063e-10,5
522,0.012,0.012,300.0,2008.3884247073574,2008.1186607983536,-0.26976390900381375,-4.087042135265975e-07,0.0,-0.2697635002996002,0.9999984849559193,-1.7474764298982196e-09,-4.087042135265975e-07,5.560732640213553e-12,0.9957243493654746,1.8667269462053654e-08,3.4348911384822726e-10,5
523,0.012,0.012,300.0,2008.1186594375731,2007.8500354339849,-0.26862400358822924,-4.077063240230991e-07,0.0,-0.2686235958819052,0.9999984822416516,-1.7009428994924314e-09,-4.077063240230991e-07,5.194307557235591e-12,0.9958280193382625,1.8622442879630707e-08,3.426076312874906e-10,5
524,0.012,0.012,300.0,2007.8500340911992,2007.5825424618533,-0.2674916293458409,-4.0669446047619936e-07,0.0,-0.2674912226513804,0.9999984795993,-1.7384493869878974e-09,-4.0669446047619936e-07,5.530421919326091e-12,0.9957254166064805,1.8574780937896175e-08,3.4173409797863723e-10,5
525,0.012,0.012,300.0,2007.5825411367891,2007.3161744170284,-0.26636671976075377,-4.056993300374898e-07,0.0,-0.26636631406142375,0.9999984769143443,-1.6927202972729044e-09,-4.056993300374898e-07,5.170939468964674e-12,0.9958276482805222,1.8530567256831907e-08,3.4085885106455363e-10,5
526,0.012,0.012,300.0,2007.316173109425,2007.0509256843638,-0.2652474250612613,-4.048998199404538e-07,0.0,-0.26524702016144136,0.9999984735014116,-1.3684087266568939e-09,-4.048998199404538e-07,5.152206567286776e-12,0.9966203770432446,1.849332217274723e-08,3.401511965927127e-10,4
527,0.012,0.012,300.0,2007.0509239005125,2006.786786404578,-0.26413749593461944,-4.041019817921406e-07,0.0,-0.26413709183263767,0.9999984701074706,-1.3659241031973602e-09,-4.041019817921406e-07,5.129168309124946e-12,0.9966198529956729,1.845609879064586e-08,3.394453195434924e-10,4
528,0.012,0.012,300.0,2006.7867846478953,2006.5237498197046,-0.2630348281907118,-4.033043930846167e-07,0.0,-0.2630344248863187,0.9999984667262664,-1.3642076161281133e-09,-4.033043930846167e-07,5.1098437239859364e-12,0.9966174243585739,1.841906915631563e-08,3.3873932017382103e-10,4
529,0.012,0.012,300.0,2006.5237480886526,2006.261808774206,-0.26193931444663576,-4.025076737263246e-07,0.0,-0.261938911938962,0.9999984633552447,-1.3618018194674731e-09,-4.025076737263246e-07,5.091304243740745e-12,0.9966167059453546,1.8382212661309165e-08,3.380365050663707e-10,4
530,0.012,0.012,300.0,2006.2618070683016,2006.0009561710635,-0.260850897238015,-4.0171273422868093e-07,0.0,-0.2608504955252808,0.9999984599909815,-1.3600860737012983e-09,-4.0171273422868093e-07,5.067323165648353e-12,0.9966142819039263,1.8345213497828876e-08,3.373334014246861e-10,4
531,0.012,0.012,300.0,2006.0009544900245,2005.7411849632936,-0.25976952673090636,-4.009182308029286e-07,0.0,-0.2597691258126756,0.9999984566387142,-1.3585986777196849e-09,-4.009182308029286e-07,5.043755029150515e-12,0.9966112823679811,1.8308306582860635e-08,3.3663307788563374e-10,4
532,0.012,0.012,300.0,2005.7411833068468,2005.482488155214,-0.25869515163276446,-4.0012422803192197e-07,0.0,-0.25869475150853644,0.9999984532983107,-1.3567909123773195e-09,-4.0012422803192197e-07,5.0254717576810645e-12,0.9966090758386441,1.8271581479975562e-08,3.359360312264704e-10,4
533,0.012,0.012,300.0,2005.4824865230676,2005.2248588047987,-0.25762771826885,-3.993320653604917e-07,0.0,-0.25762731893678464,0.9999984499646698,-1.354504030128963e-09,-3.993320653604917e-07,5.006312028353294e-12,0.996608075965785,1.8234774509401166e-08,3.3523434558849657e-10,4
534,0.012,0.012,300.0,2005.2248571966404,2004.968290025362,-0.25656717127844786,-3.9854041778530076e-07,0.0,-0.2565667727380301,0.9999984466429754,-1.3527401978876951e-09,-3.9854041778530076e-07,4.989707306203726e-12,0.9966057640893616,1.819814151973878e-08,3.3453819673089424e-10,4
535,0.012,0.012,300.0,2004.9682884408699,2004.7127749865135,-0.25551345435633266,-3.9774951182124593e-07,0.0,-0.25551305660682083,0.9999984433324154,-1.3508184546585847e-09,-3.9774951182124593e-07,4.970678589312208e-12,0.9966038463542711,1.8161603610109438e-08,3.338412954927085e-10,4
536,0.012,0.012,300.0,2004.7127734253595,2004.4583069145601,-0.2544665107993751,-3.9696074806054426e-07,0.0,-0.25446611383862705,0.9999984400275431,-1.3489669800304236e-09,-3.9696074806054426e-07,4.9550050464894256e-12,0.9966017622986123,1.812489482371995e-08,3.331463152803402e-10,4
537,0.012,0.012,300.0,2004.4583053764156,2004.2048790925596,-0.2534262838560153,-3.9617248371379846e-07,0.0,-0.2534258876835316,0.9999984367348261,-1.3468637794486923e-09,-3.9617248371379846e-07,4.938994946738872e-12,0.9966003096256889,1.808837660652393e-08,3.3245038189730077e-10,4
538,0.012,0.012,300.0,2004.2048775770963,2003.9524848601495,-0.2523927169468152,-3.9538629762719366e-07,0.0,-0.25239232156051755,0.9999984334480708,-1.3445447226613406e-09,-3.9538629762719366e-07,4.924053857443624e-12,0.9965994149753538,1.8051734788951524e-08,3.3175727758714815e-10,4
539,0.012,0.012,300.0,2003.952483367042,2003.7011176132369,-0.251365753805203,-3.946003301167213e-07,0.0,-0.25136535920487285,0.9999984301746592,-1.3427926941073912e-09,-3.946003301167213e-07,4.905298490835495e-12,0.9965970816757548,1.8015292548756853e-08,3.3106677441043786e-10,4
540,0.012,0.012,300.0,2003.7011161421628,2003.4507708036049,-0.25034533855796326,-3.938151310907768e-07,0.0,-0.25034494474283214,0.9999984269124667,-1.3409783675464045e-09,-3.938151310907768e-07,4.886516889283224e-12,0.9965949038986079,1.7978969613380747e-08,3.303776940790484e-10,4
541,0.012,0.012,300.0,2003.4507693542455,2003.2014379384573,-0.2493314157882196,-3.930309860038638e-07,0.0,-0.2493310227572336,0.9999984236603929,-1.3393257434428785e-09,-3.930309860038638e-07,4.869349588540306e-12,0.9965923151325538,1.7942681638934784e-08,3.296888770638323e-10,4
542,0.012,0.012,300.0,2003.2014365104978,2002.9531125799372,-0.24832393056067303,-3.922473185738024e-07,0.0,-0.24832353831335446,0.9999984204207879,-1.337514450686589e-09,-3.922473185738024e-07,4.85235638834724e-12,0.9965901246806486,1.7906565123338962e-08,3.2900047697588865e-10,4
543,0.012,0.012,300.0,2002.9531111730673,2002.7057883446173,-0.24732282845002374,-3.914650548182243e-07,0.0,-0.24732243698496892,0.9999984171899647,-1.3358629781396187e-09,-3.914650548182243e-07,4.833653787292026e-12,0.9965875294315608,1.787036678724721e-08,3.2831283878180523e-10,4
544,0.012,0.012,300.0,2002.705786958531,2002.4594589029343,-0.2463280555966776,-3.906838101080652e-07,0.0,-0.24632766491286748,0.9999984139694963,-1.3343503710962882e-09,-3.906838101080652e-07,4.8151393973645925e-12,0.9965845772551282,1.7834152592013973e-08,3.2762650351872226e-10,4
545,0.012,0.012,300.0,2002.4594575373821,2002.2141179788632,-0.24533955851893552,-3.899033100890701e-07,0.0,-0.24533916861562544,0.9999984107605294,-1.3328489751409802e-09,-3.899033100890701e-07,4.793859945022922e-12,0.9965815910235886,1.7797986737652837e-08,3.2694369314378957e-10,4
546,0.012,0.012,300.0,2002.214116633495,2001.9697593488618,-0.24435728463322448,-3.891233345017086e-07,0.0,-0.24435689550988998,0.9999984075640099,-1.3317286692912332e-09,-3.891233345017086e-07,4.77632788375283e-12,0.9965776180680694,1.7761881235984265e-08,3.2625948352326847e-10,4
547,0.012,0.012,300.0,2001.9697580236807,2001.726376842491,-0.24338118118976126,-3.883437069322544e-07,0.0,-0.24338079284605432,0.9999984043807124,-1.3300278221132273e-09,-3.883437069322544e-07,4.757614102793467e-12,0.9965751271402855,1.7725962661070368e-08,3.2557769917955793e-10,4
548,0.012,0.012,300.0,2001.7263755369183,2001.4839643403213,-0.24241119659700416,-3.875656937892628e-07,0.0,-0.24241080903131038,0.9999984012054756,-1.3287198906327548e-09,-3.875656937892628e-07,4.741089958400099e-12,0.996571626663749,1.7689886889802074e-08,3.2489369815573935e-10,4
549,0.012,0.012,300.0,2001.4839630540732,2001.2425157744883,-0.24144727958491785,-3.867875982660146e-07,0.0,-0.2414468927973196,0.9999983980453252,-1.3273591252609265e-09,-3.867875982660146e-07,4.723668894860511e-12,0.9965682479706911,1.765400420841546e-08,3.2421020959192354e-10,4
550,0.012,0.012,300.0,2001.2425145072839,2001.0020251278809,-0.24048937940301585,-3.8601039106271854e-07,0.0,-0.24048899339262478,0.9999983948963067,-1.3256659340921176e-09,-3.8601039106271854e-07,4.706231207294054e-12,0.9965657247452784,1.7618179737600695e-08,3.235298614877948e-10,4
551,0.012,0.012,300.0,2001.0020238794436,2000.7624864336226,-0.23953744582104264,-3.85233666348403e-07,0.0,-0.23953706058737628,0.9999983917601483,-1.3247163194021539e-09,-3.85233666348403e-07,4.685824251120862e-12,0.9965612654471271,1.7582406355913396e-08,3.2284792308182476e-10,4
552,0.012,0.012,300.0,2000.7624852039817,2000.523893774865,-0.2385914291166955,-3.844577380303584e-07,0.0,-0.23859104465895747,0.9999983886355874,-1.3234911271994934e-09,-3.844577380303584e-07,4.672018895499776e-12,0.9965575120584645,1.7546651304662656e-08,3.221706006595302e-10,4
553,0.012,0.012,300.0,2000.5238925634394,2000.2862412833463,-0.2376512800931323,-3.836828817571358e-07,0.0,-0.23765089641025056,0.999998385521502,-1.321540313129131e-09,-3.836828817571358e-07,4.6552370975188195e-12,0.9965556443199214,1.751095703626363e-08,3.214925154127922e-10,4
554,0.012,0.012,300.0,2000.2862400898707,2000.0495231398415,-0.2367169500291766,-3.8290866605339337e-07,0.0,-0.23671656712051053,0.9999983824197379,-1.3203716668662617e-09,-3.8290866605339337e-07,4.639828519145544e-12,0.9965517320867265,1.7475284665893698e-08,3.208154365052121e-10,4
555,0.012,0.012,300.0,2000.0495219640547,1999.813733573343,-0.2357883907118321,-3.8213538955749756e-07,0.0,-0.23578800857644255,0.9999983793290739,-1.3190208929962619e-09,-3.8213538955749756e-07,4.621380292888395e-12,0.9965482890906188,1.743960877579662e-08,3.201375525923909e-10,4
556,0.012,0.012,300.0,1999.81373241499,1999.5788668605662,-0.2348655544237772,-3.813629674586656e-07,0.0,-0.23486517306080976,0.9999983762499001,-1.3177900901537363e-09,-3.813629674586656e-07,4.605280405835055e-12,0.9965445252879815,1.7403895941356555e-08,3.1946401406295657e-10,4
557,0.012,0.012,300.0,1999.5788657193943,1999.3449173254612,-0.23394839393313305,-3.805904992782685e-07,0.0,-0.23394801334263376,0.9999983731860994,-1.3165335312713117e-09,-3.805904992782685e-07,4.59051059953067e-12,0.9965408134628481,1.7368381093260415e-08,3.1879135039340726e-10,4
558,0.012,0.012,300.0,1999.3449162012216,1999.1118793387304,-0.23303686249118982,-3.798186779007953e-07,0.0,-0.23303648267251192,0.9999983701347768,-1.3153340054408705e-09,-3.798186779007953e-07,4.5749689768755505e-12,0.9965369422780613,1.7332929930895205e-08,3.1811445597466215e-10,4
559,0.012,0.012,300.0,1999.1118782311778,1998.8797473173554,-0.23213091382240236,-3.79048426030534e-07,0.0,-0.23213053477397633,0.9999983670920009,-1.313727494661578e-09,-3.79048426030534e-07,4.561659947660893e-12,0.9965341433852682,1.7297354441444164e-08,3.17442705322708e-10,4
560,0.012,0.012,300.0,1998.8797462262473,1998.6485157241227,-0.2312305021246175,-3.78279320699409e-07,0.0,-0.2312301238452968,0.9999983640595975,-1.312169954124525e-09,-3.78279320699409e-07,4.545022828285514e-12,0.9965312141522872,1.7261746647563816e-08,3.167726863508268e-10,4
561,0.012,0.012,300.0,1998.6485146492219,1998.418179067163,-0.2303355820588422,-3.775106187243693e-07,0.0,-0.23033520454822345,0.9999983610408112,-1.3110557124425694e-09,-3.775106187243693e-07,4.526999022571103e-12,0.9965271024246346,1.7226253146526283e-08,3.16101080411367e-10,4
562,0.012,0.012,300.0,1998.4181780082342,1998.1887318994895,-0.22944610874469618,-3.7674136426624183e-07,0.0,-0.2294457320033319,0.9999983580398625,-1.3100282861373001e-09,-3.7674136426624183e-07,4.510202911329204e-12,0.9965227383813063,1.7191007194530937e-08,3.154314306121607e-10,4
563,0.012,0.012,300.0,1998.1887308563023,1997.9601688185458,-0.2285620377565465,-3.7597370875078025e-07,0.0,-0.22856166178283774,0.9999983550474416,-1.3090637050485939e-09,-3.7597370875078025e-07,4.4912288063618765e-12,0.9965182041334801,1.7155547120414657e-08,3.147613189438128e-10,4
564,0.012,0.012,300.0,1997.9601677908718,1997.7324844657533,-0.2276833251185053,-3.75205621025704e-07,0.0,-0.2276829499128843,0.9999983520724637,-1.308951342952755e-09,-3.75205621025704e-07,4.469394995600365e-12,0.9965113759773255,1.7120199888940158e-08,3.1408927075092495e-10,4
565,0.012,0.012,300.0,1997.732483453369,1997.5056735260707,-0.22680992729829086,-3.744376006695454e-07,0.0,-0.22680955286069018,0.9999983491128226,-1.3089620960467217e-09,-3.744376006695454e-07,4.448450508717516e-12,0.996504191636454,1.7084809491032122e-08,3.1342125226260814e-10,4
566,0.012,0.012,300.0,1997.5056725287568,1997.2797307275418,-0.2259418012149581,-3.736684712520477e-07,0.0,-0.22594142754648686,0.9999983461737968,-1.3097483040064336e-09,-3.736684712520477e-07,4.428285966222499e-12,0.9964948921175558,1.7049550664048088e-08,3.1275170286302586e-10,4
567,0.012,0.012,300.0,1997.2797297451007,1997.05465084093,-0.22507890417068666,-3.729005484682129e-07,0.0,-0.2250785312701382,0.9999983432452284,-1.3087175306419587e-09,-3.729005484682129e-07,4.413891931401733e-12,0.9964904381717381,1.701417332594455e-08,3.1208229401769134e-10,4
568,0.012,0.012,300.0,1997.0546498731255,1996.830428679174,-0.2242211939515073,-3.72133288141412e-07,0.0,-0.22422082181821917,0.9999983403295577,-1.3077472417629308e-09,-3.72133288141412e-07,4.394521662632439e-12,0.996485809564916,1.6978791254280828e-08,3.1141595437834484e-10,4
569,0.012,0.012,300.0,1996.8304277257948,1996.6070590970478,-0.2233686287470391,-3.713649875423961e-07,0.0,-0.22336825738205157,0.9999983374344481,-1.3080372466267352e-09,-3.713649875423961e-07,4.376750300535505e-12,0.9964777582957322,1.6943592333340755e-08,3.107481389014311e-10,4
570,0.012,0.012,300.0,1996.607058157886,1996.3845369907224,-0.2225211671636771,-3.705971458535855e-07,0.0,-0.22252079656653123,0.9999983345532896,-1.307941684729435e-09,-3.705971458535855e-07,4.35907046045875e-12,0.996470718408484,1.6908306203753693e-08,3.100778826120576e-10,4
571,0.012,0.012,300.0,1996.384536065573,1996.1628572973514,-0.22167876822163635,-3.698299959983691e-07,0.0,-0.22167839839164036,0.9999983316850822,-1.3077728261186724e-09,-3.698299959983691e-07,4.340154839287507e-12,0.9964638540943974,1.687286103072028e-08,3.094117847483914e-10,4
572,0.012,0.012,300.0,1996.162856386012,1995.9420149949294,-0.2208413910825584,-3.6906174945561726e-07,0.0,-0.22084102202080894,0.9999983288379608,-1.3073814037430352e-09,-3.6906174945561726e-07,4.323653636598362e-12,0.9964575537679765,1.6837724819099852e-08,3.0874612755580037e-10,4
573,0.012,0.012,300.0,1995.9420140970449,1995.7220051009085,-0.22000899613635738,-3.6829443634611177e-07,0.0,-0.22000862784192105,0.9999983260028326,-1.307133325833347e-09,-3.6829443634611177e-07,4.3075174526738144e-12,0.9964508469397433,1.6802421893633476e-08,3.080770377500502e-10,4
574,0.012,0.012,300.0,1995.722004216455,1995.502822673132,-0.2191815433229749,-3.6752688528251724e-07,0.0,-0.21918117579608962,0.9999983231850652,-1.306513330296932e-09,-3.6752688528251724e-07,4.2916403276211704e-12,0.9964451217513172,1.6767249531854347e-08,3.0740905450842337e-10,4
575,0.012,0.012,300.0,1995.5028218019154,1995.2844628086477,-0.21835899326765684,-3.6675956343886486e-07,0.0,-0.2183586265080934,0.999998320382605,-1.306421564015909e-09,-3.6675956343886486e-07,4.276446389168572e-12,0.9964379345646329,1.673205138946509e-08,3.0674357898412893e-10,4
576,0.012,0.012,300.0,1995.2844619504774,1995.0669206434932,-0.2175413069842307,-3.659931117995342e-07,0.0,-0.2175409409911189,0.9999983175925673,-1.3055820236959516e-09,-3.659931117995342e-07,4.262463068184184e-12,0.9964327688647564,1.669678129441093e-08,3.060771519115157e-10,4
577,0.012,0.012,300.0,1995.066919798181,1994.8501913523073,-0.2167284458737413,-3.652266700416793e-07,0.0,-0.21672808064707125,0.9999983148189497,-1.3046691680231442e-09,-3.652266700416793e-07,4.245378216097633e-12,0.996427782319746,1.6661639045659726e-08,3.054133787939518e-10,4
578,0.012,0.012,300.0,1994.8501905196688,1994.6342701479505,-0.2159203717183118,-3.644605626239048e-07,0.0,-0.21592000725774918,0.9999983120603224,-1.3047749156149615e-09,-3.644605626239048e-07,4.231428531414857e-12,0.9964199832590354,1.662640764158024e-08,3.0474907942684205e-10,4
579,0.012,0.012,300.0,1994.6342693278027,1994.4191522811316,-0.21511704667113918,-3.6369406620490116e-07,0.0,-0.21511668297707298,0.9999983093201035,-1.304239910229877e-09,-3.6369406620490116e-07,4.212215889279303e-12,0.9964139092951407,1.6591312193863964e-08,3.0408433235616344e-10,4
580,0.012,0.012,300.0,1994.4191514732945,1994.2048330400314,-0.21431843326308808,-3.629274830096459e-07,0.0,-0.21431807033560507,0.9999983065969759,-1.304873389376482e-09,-3.629274830096459e-07,4.194537824787714e-12,0.9964045892073106,1.6556128429497063e-08,3.034197386925842e-10,4
581,0.012,0.012,300.0,1994.2048322443281,1993.99130774994,-0.21352449438813892,-3.621611570706836e-07,0.0,-0.21352413222698186,0.9999983038894058,-1.3050014077628084e-09,-3.621611570706836e-07,4.178121934553536e-12,0.9963966279036708,1.6520880561430217e-08,3.0275329163089255e-10,4
582,0.012,0.012,300.0,1993.9913069661957,1993.7785717728914,-0.21273519330429735,-3.6139383849666855e-07,0.0,-0.21273483191045886,0.9999983012033276,-1.3055368863722545e-09,-3.6139383849666855e-07,4.161223737700086e-12,0.9963874954487242,1.648575652570398e-08,3.020889649779973e-10,4
583,0.012,0.012,300.0,1993.7785710009339,1993.5666205073044,-0.21195049362950158,-3.606268701501697e-07,0.0,-0.21195013300263144,0.9999982985325301,-1.3057819177823473e-09,-3.606268701501697e-07,4.144738220150054e-12,0.9963791330434181,1.6450490818012327e-08,3.014236481749598e-10,4
584,0.012,0.012,300.0,1993.5666197469645,1993.3554493876286,-0.21117035933593797,-3.59859229507071e-07,0.0,-0.21116999947670848,0.9999982958819096,-1.3062113241050218e-09,-3.59859229507071e-07,4.1280166681323565e-12,0.9963702158594231,1.6415325531395618e-08,3.0076011155673843e-10,4
585,0.012,0.012,300.0,1993.3554486387393,1993.145053883994,-0.21039475474526625,-3.590908019857884e-07,0.0,-0.21039439565446427,0.9999982932521183,-1.3063403446127401e-09,-3.590908019857884e-07,4.1106583419529774e-12,0.9963620890944892,1.6380298413063744e-08,3.0009709021164475e-10,4
586,0.012,0.012,300.0,1993.1450531463913,1992.9354295018643,-0.20962364452702786,-3.5832321000206405e-07,0.0,-0.20962328620381787,0.9999982906355301,-1.3066214549407842e-09,-3.5832321000206405e-07,4.090970996731285e-12,0.9963535115268328,1.6345028446371796e-08,2.9943250302688727e-10,4
587,0.012,0.012,300.0,1992.9354287753854,1992.7265717816913,-0.2088569936940985,-3.575542242609023e-07,0.0,-0.20885663613987424,0.9999982880428473,-1.3082449877392274e-09,-3.575542242609023e-07,4.07320327192428e-12,0.9963411284248046,1.6309800831360023e-08,2.987677389297568e-10,4
588,0.012,0.012,300.0,1992.7265710661763,1992.5184762985753,-0.20809476760109646,-3.5678473170411695e-07,0.0,-0.20809441081636476,0.9999982854699528,-1.3089421363587007e-09,-3.5678473170411695e-07,4.057487556535509e-12,0.9963312832079255,1.6274584176998537e-08,2.9810270283181934e-10,4
589,0.012,0.012,300.0,1992.5184755938715,1992.3111386619507,-0.20733693192073588,-3.5601525173527194e-07,0.0,-0.20733657590548416,0.9999982829144406,-1.3096774416916989e-09,-3.5601525173527194e-07,4.0419834438110565e-12,0.9963212883849552,1.623923565518142e-08,2.9743965262652225e-10,4
590,0.012,0.012,300.0,1992.3111379678985,1992.1045545152463,-0.20658345265223943,-3.552452721063181e-07,0.0,-0.20658309740696731,0.9999982803788612,-1.3100006606889805e-09,-3.552452721063181e-07,4.0280780282787945e-12,0.9963124050802373,1.620395474471608e-08,2.967737572148346e-10,4
591,0.012,0.012,300.0,1992.1045538316748,1991.898719535488,-0.20583429618682203,-3.5447440240406135e-07,0.0,-0.20583394171241962,0.9999982778652101,-1.3102658678432017e-09,-3.5447440240406135e-07,4.014169452221054e-12,0.996303637557587,1.616882077600267e-08,2.9610863278222977e-10,4
592,0.012,0.012,300.0,1991.8987188622668,1991.6936294331003,-0.20508942916649175,-3.537046510029928e-07,0.0,-0.20508907546184074,0.9999982753638135,-1.3099647215384836e-09,-3.537046510029928e-07,3.9961540725111545e-12,0.9962964447376538,1.6133494628048806e-08,2.9544427890261836e-10,4
593,0.012,0.012,300.0,1991.6936287700805,1991.4892799515032,-0.20434881857727305,-3.529336435974762e-07,0.0,-0.20434846564362946,0.9999982728863027,-1.3110099118937351e-09,-3.529336435974762e-07,3.983762108080377e-12,0.9962853926349143,1.6098280461211342e-08,2.947785509962144e-10,4
594,0.012,0.012,300.0,1991.4892792985388,1991.285666866818,-0.20361243172078503,-3.521631351506058e-07,0.0,-0.20361207955764987,0.9999982704241968,-1.3109875272812792e-09,-3.521631351506058e-07,3.967206000038219e-12,0.9962773288955398,1.6062931368076514e-08,2.9411284631500975e-10,4
595,0.012,0.012,300.0,1991.2856662237646,1991.0827859883443,-0.20288023542025257,-3.5139155260435535e-07,0.0,-0.20287988402869997,0.9999982679852876,-1.311718998715368e-09,-3.5139155260435535e-07,3.955109769538094e-12,0.996267073044319,1.6027684741675947e-08,2.934464392173996e-10,4
596,0.012,0.012,300.0,1991.082785354357,1990.8806331551523,-0.20215219920464733,-3.5061978311429646e-07,0.0,-0.2021518485848642,0.999998265565329,-1.3112545527298232e-09,-3.5061978311429646e-07,3.940892307059462e-12,0.9962601809256657,1.5992534409350976e-08,2.9278215367248046e-10,4
597,0.012,0.012,300.0,1990.8806325308153,1990.6792042403267,-0.20142829048859312,-3.4984908939773676e-07,0.0,-0.20142794063950373,0.9999982631581267,-1.3114919306662718e-09,-3.4984908939773676e-07,3.924711568958944e-12,0.9962512638437219,1.5957116735826384e-08,2.921165597535119e-10,4
598,0.012,0.012,300.0,1990.6792036255017,1990.4784951476981,-0.20070847780357326,-3.4907717454604404e-07,0.0,-0.2007081287263987,0.9999982607751383,-1.3117018736524673e-09,-3.4907717454604404e-07,3.912311984813881e-12,0.9962423728352956,1.5921949061858987e-08,2.914510743708761e-10,4
599,0.012,0.012,300.0,1990.4784945422489,1990.2785018122704,-0.19999272997847584,-3.4830588791460445e-07,0.0,-0.19999238167258793,0.9999982584072533,-1.3114687593547132e-09,-3.4830588791460445e-07,3.898590822258277e-12,0.9962347212468707,1.5886675736515123e-08,2.9078681825754816e-10,4
600,0.012,0.012,300.0,1990.2785012160628,1990.0792201999243,-0.19928101613845683,-3.4753443581280433e-07,0.0,-0.19928066860402102,0.9999982560584919,-1.3117422790075777e-09,-3.4753443581280433e-07,3.883302944815455e-12,0.9962255761045961,1.585135157819643e-08,2.901229837080275e-10,4
601,0.012,0.012,300.0,1990.0792196132022,1989.8806463074468,-0.1985733057554171,-3.467619847701435e-07,0.0,-0.19857295899343233,0.9999982537331317,-1.3123704247543876e-09,-3.467619847701435e-07,3.868625585691994e-12,0.9962153566930807,1.5816176472239153e-08,2.894590508127303e-10,4
602,0.012,0.012,300.0,1989.8806457296937,1989.6827761612403,-0.19786956845337045,-3.45989219269964e-07,0.0,-0.19786922246415117,0.9999982514278372,-1.3135557181672824e-09,-3.45989219269964e-07,3.851900872195798e-12,0.9962034778975516,1.5780873350104922e-08,2.8879287675390505e-10,4
603,0.012,0.012,300.0,1989.6827755923289,1989.4856058180926,-0.19716977423627213,-3.4521547805627e-07,0.0,-0.19716942902079407,0.9999982491460498,-1.3149458315257484e-09,-3.4521547805627e-07,3.834614285506442e-12,0.9961909418461492,1.5745550936052556e-08,2.8812721995330094e-10,4
604,0.012,0.012,300.0,1989.485605257896,1989.2891313645148,-0.19647389338115318,-3.444414446182876e-07,0.0,-0.19647354893970856,0.9999982468844145,-1.3168248710686313e-09,-3.444414446182876e-07,3.819831769853204e-12,0.996176926755931,1.5709996109234158e-08,2.8746093247931307e-10,4
605,0.012,0.012,300.0,1989.2891308129088,1989.0933489164684,-0.19578189644039412,-3.43666350472701e-07,0.0,-0.19578155277404366,0.9999982446469428,-1.3173154059528182e-09,-3.43666350472701e-07,3.806661315299743e-12,0.9961668769603398,1.567461591590356e-08,2.867953200789963e-10,4
606,0.012,0.012,300.0,1989.0933483733304,1988.8982546190862,-0.19509375424422615,-3.428913913957709e-07,0.0,-0.19509341135283476,0.9999982424276332,-1.317768429080061e-09,-3.428913913957709e-07,3.793419329010226e-12,0.9961568926425479,1.563911322550429e-08,2.8612856664782654e-10,4
607,0.012,0.012,300.0,1988.898254084295,1988.7038446464014,-0.19440943789368248,-3.421159736186049e-07,0.0,-0.19440909577770887,0.9999982402296035,-1.3177362107413734e-09,-3.421159736186049e-07,3.7788451475105e-12,0.9961482762795215,1.560373074198559e-08,2.8546168962993547e-10,4
608,0.012,0.012,300.0,1988.7038441198383,1988.5101152010766,-0.19372891876173526,-3.4133953129569074e-07,0.0,-0.19372857742220395,0.9999982380558695,-1.3195958273677453e-09,-3.4133953129569074e-07,3.764472656760036e-12,0.9961340667974826,1.556827071985855e-08,2.847923013458922e-10,4
609,0.012,0.012,300.0,1988.5101146826235,1988.3170625141397,-0.19305216848374585,-3.40562576317074e-07,0.0,-0.19305182792116954,0.9999982359039062,-1.3210096950040544e-09,-3.40562576317074e-07,3.750308068691236e-12,0.9961210955434687,1.5532707350623426e-08,2.841247740358164e-10,4
610,0.012,0.012,300.0,1988.3170620036813,1988.12468284472,-0.19237915896133018,-3.3978416016524103e-07,0.0,-0.19237881917717,0.999998233778742,-1.3224664734783785e-09,-3.3978416016524103e-07,3.733589658714898e-12,0.9961079219442271,1.54972186422764e-08,2.8345706671563517e-10,4
611,0.012,0.012,300.0,1988.124682342142,1987.9329724797844,-0.19170986235758392,-3.390037638529947e-07,0.0,-0.19170952335382005,0.9999982316832338,-1.325164536901993e-09,-3.390037638529947e-07,3.719170437098534e-12,0.9960910034689862,1.5461746284499237e-08,2.827858069724531e-10,4
612,0.012,0.012,300.0,1987.932971984974,1987.7419277338854,-0.19104425108866963,-3.382227893379701e-07,0.0,-0.1910439128658803,0.9999982296102217,-1.3264487909769564e-09,-3.382227893379701e-07,3.7051469787600675e-12,0.996078180321399,1.5426160439216898e-08,2.821167513323088e-10,4
613,0.012,0.012,300.0,1987.7419272467325,1987.5515449488994,-0.1903822978331391,-3.374407846863727e-07,0.0,-0.19038196039235442,0.9999982275621814,-1.328298979817355e-09,-3.374407846863727e-07,3.687660579094667e-12,0.9960636086682529,1.5390502626289572e-08,2.814478203139166e-10,4
614,0.012,0.012,300.0,1987.5515444692942,1987.3618204937768,-0.1897239755173814,-3.366570357955061e-07,0.0,-0.1897236388603456,0.9999982255430032,-1.3315036590088544e-09,-3.366570357955061e-07,3.67284452419809e-12,0.9960449254955787,1.5354762305645795e-08,2.807760004333659e-10,4
615,0.012,0.012,300.0,1987.361820021612,1987.172750764293,-0.18906925731903357,-3.358728806739069e-07,0.0,-0.1890689214461529,0.9999982235457766,-1.3322918936903237e-09,-3.358728806739069e-07,3.659776423447904e-12,0.9960333448445818,1.531896675948152e-08,2.8010434764708995e-10,4
616,0.012,0.012,300.0,1987.1727502994656,1986.9843321828093,-0.18841811665629393,-3.350878775927713e-07,0.0,-0.18841778156841635,0.9999982215729383,-1.333714925359722e-09,-3.350878775927713e-07,3.645286658905354e-12,0.9960198055061229,1.528316453894418e-08,2.7943084822630525e-10,4
