step_index,old_radius_m,new_radius_m,dt_total_s,sensible_energy_old_J,sensible_energy_new_J,delta_sensible_energy_J,conductive_boundary_heat_J,latent_heat_J,residual_J,relative_residual,linear_storage_delta_last_J,linear_boundary_heat_last_J,linear_solver_relative_residual_last,linear_storage_boundary_balance_relative_last,internal_radial_flux_abs_last_W,internal_axial_flux_abs_last_W,picard_calls
1,0.019753705501618122,0.019753705501618122,300.0,0.0,227.25166344252347,227.25166344252347,227.25166526737743,0.0,-1.8248539674914355e-06,8.030101629153598e-09,227.25166344252347,227.25166526737743,4.6685060171017796e-11,8.030101629153598e-09,6.368237431615193,0.2101500240926509,5
2,0.019753705501618122,0.019519190938511326,300.0,227.25166343584692,581.0978546491206,353.84619121327364,361.86224501163605,0.0,-8.016053798362407,0.022152224800641034,361.86224160978645,361.86224501163605,4.8554642535045456e-11,9.400952001984566e-09,11.712032143088054,0.37956513059018937,5
3,0.019519190938511326,0.01929800970873786,300.0,581.0978545919539,1028.4861935075473,447.3883389155934,465.8507530389723,0.0,-18.462414123378892,0.03963160733977467,465.85075005187923,465.8507530389723,3.6957830907360375e-11,6.412124590138591e-09,16.294969829549974,0.5195409579954171,6
4,0.01929800970873786,0.019091715210355985,300.0,1028.4861935102936,1551.1781527126905,522.6919592023969,552.6760600155075,0.0,-29.984100813110558,0.05425257756282991,552.6760575347766,552.6760600155075,4.111555996440196e-11,4.488580188526949e-09,20.2802390608309,0.637343943651524,6
5,0.019091715210355985,0.018901860841423947,300.0,1551.1781527130727,2084.1049891855328,532.9268364724601,574.5372233234194,0.0,-41.610386850959344,0.07242417925554662,574.5372208606681,574.5372233234194,4.947148865087579e-11,4.286495729056647e-09,22.21943275983237,0.689789204039725,6
6,0.018901860841423947,0.01873,300.0,2084.1049891862604,2642.9191515803427,558.8141623940824,609.8922062540788,0.0,-51.078043859996455,0.0837492975581943,609.8922039726738,609.8922062540788,4.805006257359186e-11,3.7406692886530456e-09,24.06129296866236,0.7388883427577027,6
7,0.01873,0.018578318897138145,300.0,2642.919151575798,3172.6127132845636,529.6935617087656,588.1214226725616,0.0,-58.42786096379598,0.09934659529708352,588.1214204837679,588.1214226725616,4.408304670805173e-11,3.7216697378680447e-09,24.070168335733115,0.7328610967605962,6
8,0.018578318897138145,0.018443526619709376,300.0,3172.612713279082,3690.4748094703027,517.8620961912206,581.5946987413986,0.0,-63.732602550177944,0.10958250253672985,581.5946963696722,581.5946987413986,4.6250150795131065e-11,4.077971138414608e-09,24.082813884997268,0.7275906670449275,6
9,0.018443526619709376,0.018318960879497432,300.0,3690.474809466493,4186.820609547534,496.3458000810415,565.8627095635965,0.0,-69.51690948255498,0.1228511939515641,565.8627071541562,565.8627095635965,4.541958070181157e-11,4.257994488967379e-09,23.714955470928956,0.7112887306855734,6
10,0.018318960879497432,0.01819795938828606,300.0,4186.8206095460455,4619.017247541524,432.19663799547834,508.9834496948965,0.0,-76.78681169941814,0.15086308159026976,508.98344647789884,508.9834496948965,4.731881653569919e-11,6.3204366323674226e-09,21.97847489632691,0.6552447776382597,6
11,0.01819795938828606,0.018073859857859004,300.0,4619.017247544021,5024.601229164618,405.5839816205971,491.4504134080362,0.0,-85.86643178743907,0.1747204386135022,491.4504099335354,491.4504134080362,4.544204826472972e-11,7.069890832591619e-09,21.10665330803027,0.6242206812363733,6
12,0.018073859857859004,0.01794,300.0,5024.601229170816,5369.2341301127,344.63290094188415,443.25786990081923,0.0,-98.62496895893509,0.22250020959808978,443.2578665015594,443.25786990081923,4.3949475772072556e-11,7.66880870334478e-09,19.40645581641065,0.5693530235594124,6
13,0.01794,0.017794147603485837,300.0,5369.234130119,5652.877820727222,283.64369060822173,396.16175589195376,0.0,-112.51806528373203,0.28402051336429196,396.1617529573934,396.16175589195376,4.0498174507876936e-11,7.407480220035742e-09,17.568511014119093,0.5107997968010984,6
14,0.017794147603485837,0.017640997821350764,300.0,5652.877820732826,5872.968327347136,220.09050661431047,343.4130362641868,0.0,-123.32252964987634,0.35910846889051884,343.4130339167538,343.4130362641868,4.056945426669842e-11,6.835596638865709e-09,15.48606888875809,0.4462056576661016,6
15,0.017640997821350764,0.017484279411764708,300.0,5872.968327341449,6050.0828700024085,177.11454266095916,308.05921014778363,0.0,-130.94466748682447,0.4250633098228327,308.0592082085945,308.05921014778363,4.171261055044878e-11,6.294858484823717e-09,13.869525008459679,0.3953720017341319,6
16,0.017484279411764708,0.017327721132897603,300.0,6050.082869992678,6198.510314428124,148.42744443544598,283.8601012546797,0.0,-135.43265681923373,0.4771105774309696,283.8600995302452,283.8601012546797,4.036472055803552e-11,6.074945081109916e-09,12.67936143475479,0.35698066394739,6
17,0.017327721132897603,0.017175051742919386,300.0,6198.510314428318,6290.445963452766,91.93564902444723,228.69216627287966,0.0,-136.75651724843243,0.597993886179958,228.6921648804523,228.69216627287966,4.348776405008677e-11,6.088653463753912e-09,10.613024365856,0.2964577901679218,6
18,0.017175051742919386,0.01703,300.0,6290.445963449957,6358.670348268855,68.22438481889822,202.24301176449254,0.0,-134.01862694559432,0.6626613487226743,202.24301058602762,202.24301176449254,3.858384875903903e-11,5.826974702008024e-09,9.287792350559979,0.2567414533024453,6
19,0.01703,0.016886403508771932,300.0,6358.670348263391,6413.8710009699425,55.20065270655141,190.3196997037509,0.0,-135.1190469971995,0.7099582818148831,190.31969859805628,190.3196997037509,3.834203831205811e-11,5.809669854483951e-09,8.545916588722177,0.232942300600861,6
20,0.016886403508771932,0.01673982456140351,300.0,6413.871000960018,6445.5993315162705,31.72833055625233,171.02785286026676,0.0,-139.29952230401443,0.814484424462868,171.0278518003687,171.02785286026676,4.0136633075347234e-11,6.1972248978928076e-09,7.706747392305586,0.20727547634450832,6
21,0.01673982456140351,0.01659657894736842,300.0,6445.599331505537,6446.332339506538,0.7330080010015081,139.05364470152986,0.0,-138.32063670052835,0.9947285955533574,139.05364366335516,139.05364470152986,3.9329829927784464e-11,7.466001369400972e-09,6.466045270912574,0.172391946703763,6
22,0.01659657894736842,0.016462982456140352,300.0,6446.332339494154,6425.077593301803,-21.254746192351377,110.51849033758828,0.0,-131.77323652993965,1.192318462977796,110.51848919130275,110.51849033758828,3.8746628421973136e-11,1.0371889115037847e-08,5.256750859231633,0.1393023414952771,6
23,0.016462982456140352,0.016345350877192983,300.0,6425.077593276079,6412.032894130104,-13.044699145974846,106.67041740699375,0.0,-119.7151165529686,1.122289754395576,106.67041641205914,106.67041740699375,3.5291839348205986e-11,9.327183989260837e-09,4.838131868170173,0.1263811296982973,6
24,0.016345350877192983,0.01625,300.0,6412.032894118067,6390.554568030035,-21.47832608803219,81.22932877422681,0.0,-102.707654862259,1.2644159001698785,81.22932728384409,81.22932877422681,3.388452388665581e-11,1.8347840019366993e-08,3.872582525283707,0.10093586008189737,6
25,0.01625,0.016174763278058158,300.0,6390.5545679971765,6369.987284293211,-20.567283703965586,66.36854985953983,0.0,-86.93583356350541,1.3098950293097182,66.36854786148592,66.36854985953983,3.812406843553873e-11,3.0105432586533545e-08,3.1696973040265637,0.08237592093707378,6
26,0.016174763278058158,0.016110716173996637,300.0,6369.987284249772,6338.712466698527,-31.27481755124427,46.72838622622245,0.0,-78.00320377746672,1.6692894849789157,46.728384363123716,46.72838622622245,3.369828108764053e-11,3.987081262066454e-08,2.3499977230144564,0.06145382829481852,7
27,0.016110716173996637,0.016054037490987747,300.0,6338.712466690871,6302.815452530562,-35.89701416030948,35.94201057961012,0.0,-71.83902473991961,1.9987480828541584,35.942010614734954,35.94201057961012,2.8763418108468586e-11,9.772640427089814e-10,1.8025401945706925,0.04727370371272883,7
28,0.016054037490987747,0.016000906032203797,300.0,6302.815452522429,6278.82421137301,-23.991241149418784,44.625490914366324,0.0,-68.61673206378511,1.5376129350701497,44.625489432435394,44.625490914366324,3.168514371623516e-11,3.3208170926642785e-08,1.9437788190878775,0.049491698169349584,6
29,0.016000906032203797,0.01594750060081711,300.0,6278.824211324444,6240.437038268008,-38.38717305643604,30.134353621805868,0.0,-68.52152667824191,1.785011013379468,30.134354453892737,30.134353621805868,3.0453404000356685e-11,2.7612566581233024e-08,1.4655627105244449,0.03747673939445287,7
30,0.01594750060081711,0.01589,300.0,6240.437038257402,6213.846594941616,-26.590443315785706,44.65185255265107,0.0,-71.24229586843677,1.5955059375068856,44.65185083635048,44.65185255265107,2.9964425783079576e-11,3.843738830218798e-08,1.8478114423815353,0.0455601062029101,7
31,0.01589,0.015829462041372047,300.0,6213.84659493808,6171.183629692094,-42.662965245986015,30.627724049797592,0.0,-73.29068929578361,1.7178995616737922,30.627724842781948,30.627724049797592,2.762113478583215e-11,2.589106306732769e-08,1.440701500752145,0.03561014119399738,7
32,0.015829462041372047,0.015769152200579287,300.0,6171.183629679952,6107.2065546533995,-63.977075026552484,8.649856065615662,0.0,-72.62693109216815,1.1352024309024085,8.64985557548638,8.649856065615662,2.9410987374839815e-11,5.666328750940941e-08,0.6448102564914803,0.017309209677314828,7
33,0.015769152200579287,0.015708560776833712,300.0,6107.206554644556,6050.69505122501,-56.51150341954599,15.60330061139712,0.0,-72.1148040309431,1.2761083968259868,15.603303097993688,15.60330061139712,3.234427346432254e-11,1.5936347273053565e-07,0.7105980776343026,0.017887720178599305,7
34,0.015708560776833712,0.01564717806934731,300.0,6050.695051213861,5988.842328478353,-61.852722735507996,10.219682358301634,0.0,-72.07240509380964,1.1652260710009907,10.219683836374417,10.219682358301634,2.986736749316634e-11,1.44629991108883e-07,0.5158358802379407,0.013078600687123788,7
35,0.01564717806934731,0.015584494377332076,300.0,5988.842328469855,5917.946780653069,-70.89554781678544,1.4763204385485187,0.0,-72.37186825533395,1.0208238808220194,1.4763195964039384,1.4763204385485187,3.005694253434149e-11,5.704348177425871e-07,0.1957425523446354,0.007862775943607053,7
36,0.015584494377332076,0.01552,300.0,5917.946780641384,5870.437140584208,-47.50964005717651,25.428826786453033,0.0,-72.93846684362954,1.5352350966214467,25.428827529820424,25.428826786453033,3.0219028961663534e-11,2.923325465487756e-08,0.9105934467697704,0.02111450560286792,7
37,0.01552,0.015451909985935304,300.0,5870.437140575654,5808.043250821945,-62.39388975370912,12.747265141508139,0.0,-75.14115489521726,1.204303100701465,12.747266933226651,12.747265141508139,2.950856504485078e-11,1.4055707169296718e-07,0.6100803141521628,0.014304523274263462,7
38,0.015451909985935304,0.015380204781997187,300.0,5808.043250809335,5748.761721158034,-59.28152965130175,17.869310764073298,0.0,-77.15084041537506,1.3014313373690234,17.869313018280632,17.869310764073298,3.127612625824132e-11,1.2614963609777114e-07,0.7445169115679369,0.01706344574258072,7
39,0.015380204781997187,0.015307022784810127,300.0,5748.761721147284,5664.245123582068,-84.51659756521622,-6.889763459620923,0.0,-77.6268341055953,0.9184803499181978,-6.889765325243562,-6.889763459620923,3.036930443688696e-11,2.707817394955113e-07,0.1674180660232866,0.00848761443415966,7
40,0.015307022784810127,0.015234502390998595,300.0,5664.245123568461,5600.093270315771,-64.15185325268976,12.00772428583651,0.0,-76.15957753852626,1.1871765767785212,12.007725566550944,12.00772428583651,3.062442700371981e-11,1.0665753701329199e-07,0.42241416289228007,0.009635117651762178,7
41,0.015234502390998595,0.01516478199718706,300.0,5600.093270304472,5520.756047078725,-79.33722322574704,-5.933394970112179,0.0,-73.40382825563486,0.9252129740761253,-5.933396818438081,-5.933394970112179,3.310239401932339e-11,3.1151226837987727e-07,0.13741494754094433,0.006063893959225416,7
42,0.01516478199718706,0.0151,300.0,5520.756047064003,5460.33688565607,-60.419161407932734,8.522548112065063,0.0,-68.9417095199978,1.1410570407378429,8.522549536043755,8.522548112065063,2.870226992277391e-11,1.6708365089387505e-07,0.28219245186569525,0.006295983024852378,7
43,0.0151,0.015040052910052911,300.0,5460.336885644721,5402.89938523229,-57.43750041243129,7.392623233301169,0.0,-64.83012364573246,1.1287072588503724,7.3926256144207345,7.392623233301169,2.91907929322593e-11,3.2209389325425397e-07,0.3026270101357272,0.006661565104928678,7
44,0.015040052910052911,0.014982969312169313,300.0,5402.899385217789,5334.725203215982,-68.17418200180691,-5.969575161116287,0.0,-62.20460684069062,0.9124364240856154,-5.969576978305239,-5.969575161116287,3.185403233534208e-11,3.0440832875062576e-07,0.1465481064918709,0.004829047376895715,7
45,0.014982969312169313,0.014928085714285715,300.0,5334.725203203235,5287.226380983471,-47.4988222197635,12.417077638660935,0.0,-59.91589985842443,1.261418642786776,12.417079002663396,12.417077638660935,3.199093578120868e-11,1.0984889931915844e-07,0.40853894763866233,0.008659083172264471,7
46,0.014928085714285715,0.014874738624338624,300.0,5287.226380974263,5217.277638723008,-69.94874225125477,-11.588902254961496,0.0,-58.359839996293275,0.8343229358816153,-11.588903943033031,-11.588902254961496,2.8763828844284106e-11,1.4566274285280128e-07,0.3227876244879946,0.007616404499063475,8
47,0.014874738624338624,0.01482226455026455,300.0,5217.277638724656,5169.484926749436,-47.79271197521939,9.23198265323185,0.0,-57.02469462845124,1.1931671644416968,9.231984267173093,9.23198265323185,2.8742972685060294e-11,1.748206232867878e-07,0.26925954230608856,0.0055998893237589505,7
48,0.01482226455026455,0.01477,300.0,5169.484926742306,5120.253990570815,-49.23093617149061,7.180152461754496,0.0,-56.41108863324511,1.145846352316828,7.180154569557438,7.180152461754496,2.6591045562610746e-11,2.935595496649633e-07,0.2872917910729096,0.005981969762948085,8
49,0.01477,0.01471742937007088,300.0,5120.253990578311,5060.97852677363,-59.27546380468084,-3.146806380037237,0.0,-56.128657424643606,0.9469121592973729,-3.1468081327891375,-3.146806380037237,2.6954797028966868e-11,5.569935714365592e-07,0.07159695743821587,0.0024434958020764473,8
50,0.01471742937007088,0.014664948587401416,300.0,5060.978526784139,5003.4925618147345,-57.48596496940445,-2.017220936955626,0.0,-55.468744032448825,0.9649093315554633,-2.0172229096684813,-2.017220936955626,2.8568010371786876e-11,9.779349846942554e-07,0.06887316409134976,0.0019663945975747802,8
51,0.014664948587401416,0.014613261455525607,300.0,5003.492561826422,4947.671984371309,-55.82057745511338,-1.467100960103511,0.0,-54.35347649500987,0.9737175603157592,-1.4671023102617733,-1.467100960103511,2.848007914552626e-11,9.20289098353555e-07,0.061369085730968845,0.0015543338711708548,8
52,0.014613261455525607,0.014563071777977438,300.0,4947.671984381673,4893.7651534905,-53.90683089117283,-1.1167036427295483,0.0,-52.790127248443284,0.9792845614504041,-1.1167045841339145,-1.1167036427295483,3.078048670430485e-11,8.430200606451057e-07,0.050397191458620934,0.0012174537676032163,8
53,0.014563071777977438,0.014515083358290905,300.0,4893.765153501487,4842.111167956655,-51.65398554483181,-0.8651886180000709,0.0,-50.78879692683174,0.9832503027815899,-0.8651894263547496,-0.8651886180000709,2.7780482381957e-11,9.343094750422635e-07,0.04028107214521918,0.0009521071059777181,8
54,0.014515083358290905,0.01447,300.0,4842.111167968001,4793.076438001481,-49.03472996651999,-0.6750203664879767,0.0,-48.35970960003201,0.9862338312671678,-0.6750212113946783,-0.6750203664879767,2.85522946606038e-11,1.2516742990295808e-06,0.031861264537786343,0.0007426375187990347,8
55,0.01447,0.014428576694619147,300.0,4793.076438013012,4747.069722939952,-46.00671507306015,-0.5280647593762916,0.0,-45.47865031368386,0.9885220068736117,-0.5280656230919465,-0.5280647593762916,2.6778028542684215e-11,1.6356218187979059e-06,0.025090824979753207,0.0005784723785455853,8
56,0.014428576694619147,0.014390195946890285,300.0,4747.069722951587,4703.602502981548,-43.46721997003897,-0.41344804622388664,0.0,-43.053771923815084,0.9904882795239984,-0.4134488419615252,-0.41344804622388664,2.9740424250999916e-11,1.9246338550230455e-06,0.0197168566261962,0.00045018206651229137,8
57,0.014390195946890285,0.014353502830188677,300.0,4703.602502993258,4661.726494640852,-41.876008352405734,-0.32369923330548156,0.0,-41.55230911910025,0.9922700551929065,-0.3237000129416078,-0.32369923330548156,2.9161260096202065e-11,2.4085143498409624e-06,0.015473123996105061,0.0003502378751452177,8
58,0.014353502830188677,0.014317142417889587,300.0,4661.726494652619,4620.52132558682,-41.205169065799055,-0.25330936261477377,0.0,-40.95185970318428,0.9938524857837552,-0.2533101793447945,-0.25330936261477377,2.6838103809711244e-11,3.2242289782339745e-06,0.01212929558578066,0.00027237076039496094,8
59,0.014317142417889587,0.014279759783368273,300.0,4620.521325598598,4579.091907275321,-41.42941832327688,-0.19807118045466868,0.0,-41.23134714282221,0.9952190692394205,-0.1980721161615635,-0.19807118045466868,3.5853205104705943e-11,4.724071782343543e-06,0.00949750416954466,0.00021150786940232302,8
60,0.014279759783368273,0.01424,300.0,4579.091907287036,4536.567118269478,-42.52478901755785,-0.15472077285968847,0.0,-42.37006824469816,0.9963616333805723,-0.15472195836283137,-0.15472077285968847,3.253604202886763e-11,7.662151871960161e-06,0.007427672579329338,0.0001639732101466257,8
61,0.01424,0.014197000000000001,300.0,4536.56711828103,4492.411428605303,-44.155689675727444,-0.12071197080068051,0.0,-44.03497770492677,0.9972662193323858,-0.12071351886275555,-0.12071197080068051,3.5841165684446555e-11,1.2824264337812923e-05,0.00580107479740326,0.00012706930079938968,8
62,0.014197000000000001,0.014151599999999999,300.0,4492.411428615974,4447.178023126863,-45.23340548911074,-0.09405856031299084,0.0,-45.13934692879775,0.9979205952040107,-0.09405992932644688,-0.09405856031299084,2.993530955825546e-11,1.4554693649530245e-05,0.004524304500473182,9.827121051257556e-05,8
63,0.014151599999999999,0.014104999999999998,300.0,4447.1780231371795,4401.6335033842415,-45.54451975293796,-0.07319554942674197,0.0,-45.471324203511216,0.9983928791032642,-0.07319660826065183,-0.07319554942674197,2.944340207373369e-11,1.4465614391387805e-05,0.00352354755592974,7.590773196038666e-05,8
64,0.014104999999999998,0.0140584,300.0,4401.633503395555,4356.526435401868,-45.10706799368654,-0.056887172901683464,0.0,-45.05018082078486,0.9987388412629781,-0.05688799075587869,-0.056887172901683464,2.5107031724546233e-11,1.4376570245524138e-05,0.0027403374077117643,5.8575537374838516e-05,8
65,0.0140584,0.014013,300.0,4356.526435412831,4312.587235874835,-43.9391995379965,-0.04415768819444018,0.0,-43.89504184980206,0.9989950274775431,-0.0441578832763205,-0.04415768819444018,2.7354818769132377e-11,4.417826803487726e-06,0.0021283730753730197,4.513740623198945e-05,8
66,0.014013,0.01397,300.0,4312.587235885425,4270.5286810058915,-42.0585548795334,-0.034236671872701685,0.0,-42.0243182076607,0.9991859760286399,-0.03423682362142566,-0.034236671872701685,2.2584712142912396e-11,4.432324845711805e-06,0.0016510052495728473,3.477090868236855e-05,8
67,0.01397,0.01392888775971093,300.0,4270.528681016105,4230.005253640657,-40.52342737544768,-0.026513073298560796,0.0,-40.49691430214912,0.9993457346770569,-0.026513190905334286,-0.026513073298560796,2.413387236808962e-11,4.435783452466188e-06,0.001279117063790876,2.674677331402965e-05,8
68,0.01392888775971093,0.013888529719963866,300.0,4230.005253650492,4190.30525472564,-39.69999892485157,-0.020506033499593793,0.0,-39.67949289135198,0.9994834752127221,-0.020506128717308496,-0.020506033499593793,2.680892104372074e-11,4.643378378001818e-06,0.000989725687368524,2.0563796586291083e-05,7
69,0.013888529719963866,0.013849193902439024,300.0,4190.305254809167,4151.576257802033,-38.72899700713424,-0.01584032653513667,0.0,-38.713156680599106,0.9995909956942025,-0.01584033414393474,-0.01584032653513667,2.890175230981197e-11,4.803432807433438e-07,0.0007648294815321391,1.5786035621027355e-05,7
70,0.013849193902439024,0.01381114832881662,300.0,4151.576257887395,4113.962644164829,-37.61361372256579,-0.012221330585237961,0.0,-37.601392391980546,0.9996750822541173,-0.01222127483837441,-0.012221330585237961,2.3992420157586134e-11,4.561439784473927e-06,0.0005902962737452907,1.2111543073632102e-05,7
71,0.01381114832881662,0.013774661020776876,300.0,4113.962644251858,4077.6057671724484,-36.35687707940997,-0.009417982940864891,0.0,-36.3474590964691,0.9997409573181906,-0.009417866289234175,-0.009417982940864891,2.614981627789944e-11,1.2386052453960542e-05,0.0004550331554618512,9.280187764911542e-06,7
72,0.013774661020776876,0.01374,300.0,4077.605767261115,4042.6441358248603,-34.96163143625472,-0.007249342753126677,0.0,-34.95438209350159,0.9997926486134852,-0.007249173886369779,-0.007249342753126677,2.4727787686598647e-11,2.329407818732748e-05,0.0003503504561261059,7.106563707411332e-06,7
73,0.01374,0.01370757196220611,300.0,4042.644135914977,4009.294883683178,-33.349252231799255,-0.005573960502984606,0.0,-33.34367827129627,0.9998328610049712,-0.0055736478610771585,-0.005573960502984606,2.9974285602512496e-11,5.6089724224006454e-05,0.0002694510286891089,5.436760852900793e-06,7
74,0.01370757196220611,0.013677108327840035,300.0,4009.294883774709,3977.377641946334,-31.917241828375154,-0.004281179553329746,0.0,-31.912960648821823,0.9998658662431938,-0.004280760078527057,-0.004281179553329746,3.1683663532720395e-11,9.79811282063298e-05,0.0002070091796642346,4.156397408602805e-06,7
75,0.013677108327840035,0.013647864205669085,300.0,3977.377642039258,3946.440473443566,-30.937168595691674,-0.003284689897560706,0.0,-30.93388390579411,0.9998938270680007,-0.003284194071433383,-0.003284689897560706,3.2419078070023915e-11,0.00015095066590338092,0.0001588624430721622,3.1743778825182534e-06,7
76,0.013647864205669085,0.01361909470446056,300.0,3946.4404735378776,3916.041044514403,-30.399429023474568,-0.002517400556291886,0.0,-30.396911622918275,0.9999171892158123,-0.002516677051929354,-0.002517400556291886,2.871855185283847e-11,0.00028740136754307677,0.00012177528145840199,2.421661758475602e-06,7
77,0.01361909470446056,0.013590054932981762,300.0,3916.041044610092,3885.74610209365,-30.294942516442006,-0.0019272180662521306,0.0,-30.293015298375753,0.999936384825117,-0.0019261139972620008,-0.0019272180662521306,2.834194825992646e-11,0.000572882233444875,9.323591695060813e-05,1.8454290361207613e-06,7
78,0.013590054932981762,0.013560000000000001,300.0,3885.746102190634,3855.1312230597796,-30.614879130854206,-0.001473541539243484,0.0,-30.61340558931496,0.9999518684515152,-0.0014725427545294184,-0.001473541539243484,2.4658514964699303e-11,0.0006778123910767427,7.129904169413638e-05,1.4044912463019434e-06,7
79,0.013560000000000001,0.013528550693550695,300.0,3855.131223163437,3823.9878864305247,-31.143336732912303,-0.0011252846140412508,0.0,-31.142211448298262,0.999963867564234,-0.0011241604024336872,-0.0011252846140412508,2.853202988183802e-11,0.0009990464577012558,5.445296635194183e-05,1.067942036723161e-06,7
80,0.013528550693550695,0.013496221078221076,300.0,3823.987886535548,3792.614996941334,-31.37288959421403,-0.0008582541432870385,0.0,-31.37203134007074,0.9999726434461603,-0.0008571853119002196,-0.0008582541432870385,2.4384761997172454e-11,0.0012453553474561189,4.153098825558402e-05,8.108955054628733e-07,7
81,0.013496221078221076,0.013463606177606178,300.0,3792.61499704781,3761.350525164412,-31.264471883398073,-0.0006542168300124498,0.0,-31.263817666568062,0.9999790747519277,-0.0006522037570623742,-0.0006542168300124498,3.249514510026645e-11,0.003077073009627843,3.161890711972582e-05,6.152482974520891e-07,7
82,0.013463606177606178,0.013431301015301015,300.0,3761.3505252724754,3730.525280783255,-30.825244489220495,-0.0004979103479598474,0.0,-30.824746578872535,0.9999838473187737,-0.0004962718928315552,-0.0004979103479598474,3.260848072253547e-11,0.003290662937626623,2.4052843131247944e-05,4.660876661833113e-07,7
83,0.013431301015301015,0.013399900614900614,300.0,3730.5252808954865,3700.463092839852,-30.06218805563458,-0.00037844298458746065,0.0,-30.06180961264999,0.9999874113293454,-0.00037717067206128,-0.00037844298458746065,2.976584176636965e-11,0.0033619662089061455,1.8278354856365318e-05,3.527765382535728e-07,7
84,0.013399900614900614,0.01337,300.0,3700.4630929540554,3671.48110857987,-28.98198437418523,-0.00028721380161799396,0.0,-28.981697160383614,0.9999900899193821,-0.00028636162834831197,-0.00028721380161799396,2.2481314365258155e-11,0.0029670345397099624,1.3883114305379543e-05,2.667498090282523e-07,7
85,0.01337,0.01334089133089133,300.0,3671.481108696234,3643.1774417740808,-28.303666922153297,-0.00021783748176337412,0.0,-28.303449084671534,0.9999923035597345,-0.0002170264896428628,-0.00021783748176337412,3.733419527970921e-11,0.003722922767681775,1.052048173125532e-05,2.011317833960196e-07,7
86,0.01334089133089133,0.013311899877899876,300.0,3643.1774418927384,3615.176517655017,-28.000924237721392,-0.00016497751698955134,0.0,-28.000759260204404,0.9999941081403032,-0.0001643553186507633,-0.00016497751698955134,3.171249428904374e-11,0.003771412918206516,7.968222034266047e-06,1.5170770906578405e-07,7
87,0.013311899877899876,0.01328367032967033,300.0,3615.1765177759635,3587.8241862042646,-27.35233157169887,-0.00012480543016574858,0.0,-27.352206766268704,0.9999954371191415,-0.00012431911789742827,-0.00012480543016574858,3.3095194290858015e-11,0.00389656337608439,6.026352251277958e-06,1.1425159853159458e-07,7
88,0.01328367032967033,0.013256847374847374,300.0,3587.8241863277335,3561.4594103649656,-26.364775962767908,-9.429498180322158e-05,0.0,-26.364681667786105,0.9999964234483943,-9.393068424596131e-05,-9.429498180322158e-05,2.4128616896611802e-11,0.003863382231946342,4.555230686582661e-06,8.605938015022462e-08,7
89,0.013256847374847374,0.013232075702075703,300.0,3561.4594104911407,3536.414737589696,-25.044672901444756,-7.11739913367297e-05,0.0,-25.04460172745342,0.9999971581185502,-7.090082492289916e-05,-7.11739913367297e-05,1.901746231323808e-11,0.0038380089229247826,3.4378595693939206e-06,6.475552055835347e-08,7
90,0.013232075702075703,0.01321,300.0,3536.414737718782,3513.016903263646,-23.397834455136035,-5.3669838657610254e-05,0.0,-23.39778078529738,0.9999977062048729,-5.345300335524348e-05,-5.3669838657610254e-05,2.2097709741056725e-11,0.004040170564888109,2.5939665287073544e-06,4.8621335664470235e-08,7
91,0.01321,0.01319087283087283,300.0,3513.01690339587,3491.379663105678,-21.63724029019204,-4.043815441183965e-05,0.0,-21.63719985203763,0.999998131085394,-4.027026806059269e-05,-4.043815441183965e-05,1.7262093846975025e-11,0.00415168183832366,1.9542081889600237e-06,3.660371898736668e-08,7
92,0.01319087283087283,0.013173921263921263,300.0,3491.379663241256,3471.0746038090797,-20.305059432176222,-3.0452124646884966e-05,0.0,-20.305028980051574,0.9999985002691202,-3.0278692735180102e-05,-3.0452124646884966e-05,3.092390938630906e-11,0.005695231899774998,1.4763548959354625e-06,2.727426391068626e-08,7
93,0.013173921263921263,0.013158251748251748,300.0,3471.074603949457,3451.617661644602,-19.456942304855147,-2.299358980303726e-05,0.0,-19.456919311265345,0.9999988182321023,-2.279251396456884e-05,-2.299358980303726e-05,2.8504031701024786e-11,0.008744864990235638,1.094414445944481e-06,2.065774442226357e-08,7
94,0.013158251748251748,0.013142970732970731,300.0,3451.6176617886845,3432.5327067737553,-19.084955014929164,-1.723974399236212e-05,0.0,-19.08493777518517,0.9999990966840645,-1.7135732421994888e-05,-1.723974399236212e-05,1.4275552811654705e-11,0.00603324332503518,8.293094794626291e-07,1.5456279571180736e-08,7
95,0.013142970732970731,0.013127184667184669,300.0,3432.532706921613,3413.3510252513165,-19.18168167029671,-1.2946596682683773e-05,0.0,-19.181668723700028,0.9999993250541372,-1.2844614510941489e-05,-1.2946596682683773e-05,1.8321951171251208e-11,0.007877141324614367,6.265292726643389e-07,1.146415387059288e-08,7
96,0.013127184667184669,0.01311,300.0,3413.3510254030034,3393.611147914182,-19.73987748882155,-9.820362172368377e-06,0.0,-19.739867668459375,0.9999995025114934,-9.603495409711156e-06,-9.820362172368377e-06,2.8362078474879262e-11,0.022083377257451863,4.5605681863383324e-07,8.798223978659732e-09,7
97,0.01311,0.01309070707070707,300.0,3393.611148069728,3372.953924819526,-20.65722325020215,-7.863705900447744e-06,0.0,-20.65721538649625,0.9999996193241558,-6.861920528914275e-06,-7.863705900447744e-06,3.457237520757073e-11,0.12739354500483407,3.2052571177722735e-07,6.66088142362378e-09,7
98,0.01309070707070707,0.013069838383838385,300.0,3372.9539249791774,3351.664498269537,-21.28942670964034,-5.844238171412705e-06,0.0,-21.289420865402167,0.9999997254863529,-5.547080632797928e-06,-5.844238171412705e-06,2.3349013157716483e-11,0.05084624033091841,2.3834802273056373e-07,4.98144177176956e-09,7
99,0.013069838383838385,0.013048363636363637,300.0,3351.664498433053,3330.246897842264,-21.41760059078888,-4.43417902991923e-06,0.0,-21.41759615660985,0.9999997929656494,-4.078110156258936e-06,-4.43417902991923e-06,2.3601000920583964e-11,0.08030096918905401,1.7339650582288526e-07,3.684331945653835e-09,7
100,0.013048363636363637,0.013027252525252525,300.0,3330.2468980098774,3309.1965835340466,-21.050314475830874,-3.326884583202969e-06,0.0,-21.05031114894629,0.9999998419555874,-3.065278014145429e-06,-3.326884583202969e-06,2.0546463712089316e-11,0.07863409821259186,1.2963912753349618e-07,2.8120306869845026e-09,7
101,0.013027252525252525,0.013007474747474747,300.0,3309.1965837060534,3289.00064892761,-20.19593477844319,-2.58610755873955e-06,0.0,-20.19593219233563,0.9999998719491032,-2.2063366412781806e-06,-2.58610755873955e-06,2.4719121583059674e-11,0.1468503953665667,9.188716218437532e-08,2.057018746548453e-09,7
102,0.013007474747474747,0.01299,300.0,3289.000649104268,3270.1383540450815,-18.862295059186636,-2.4615116594504637e-06,0.0,-18.862292597674976,0.9999998695009461,-3.9132238000551613e-07,-2.4615116594504637e-06,2.905755379295773e-11,0.8410235521318312,9.038187120236282e-08,1.9954329559806793e-09,7
103,0.01299,0.012975020576131688,300.0,3270.1383542268904,3252.691602097007,-17.446752129883407,-2.44765825261592e-06,0.0,-17.446749682225153,0.9999998597069394,-4.9036905797620106e-08,-2.44765825261592e-06,3.887041479935236e-11,0.9799657874030362,8.850352411834661e-08,1.945743047548015e-09,7
104,0.012975020576131688,0.012961621399176953,300.0,3252.6916022843407,3236.188050702588,-16.503551581752617,-2.4345919316171224e-06,0.0,-16.503549147160687,0.999999852480727,-4.432234860134553e-08,-2.4345919316171224e-06,2.8136889216373203e-11,0.9817947525309075,8.684931396107652e-08,1.911035612834735e-09,7
105,0.012961621399176953,0.012949111111111111,300.0,3236.188050895683,3220.2741083925653,-15.913942503117596,-2.419176838975496e-06,0.0,-15.913940083940757,0.9999998479838142,-4.7025037892525076e-08,-2.419176838975496e-06,3.802899665114429e-11,0.9805615541886388,8.536604143534827e-08,1.882585416287312e-09,7
106,0.012949111111111111,0.012936798353909465,300.0,3220.2741085916086,3204.6012891307732,-15.672819460835399,-2.4043667489816293e-06,0.0,-15.67281705646865,0.9999998465900309,-4.2705023672661476e-08,-2.4043667489816293e-06,2.803212643024839e-11,0.9822385567048998,8.405665928096445e-08,1.8579782835267077e-09,7
107,0.012936798353909465,0.012923991769547324,300.0,3204.6012893359184,3188.825917091699,-15.775372244219398,-2.3876058237689173e-06,0.0,-15.775369856613574,0.999999848649795,-4.533345466752147e-08,-2.3876058237689173e-06,3.779861889272804e-11,0.9810130071654956,8.283330258500711e-08,1.8351923823813674e-09,7
108,0.012923991769547324,0.01291,300.0,3188.825917303072,3172.6090336343077,-16.21688366876424,-2.371536942739958e-06,0.0,-16.216881297227296,0.9999998537612409,-4.126111752608041e-08,-2.371536942739958e-06,2.7976205072634784e-11,0.982601528661658,8.173975980866743e-08,1.81308536707159e-09,7
109,0.01291,0.012894362139917695,300.0,3172.6090338520116,3155.729469535841,-16.879564316170672,-2.353621684543348e-06,0.0,-16.879561962548987,0.9999998605638368,-4.381162011205703e-08,-2.353621684543348e-06,3.754880385742166e-11,0.9813854450782061,8.069115518632655e-08,1.791465881005235e-09,7
110,0.012894362139917695,0.012877489711934155,300.0,3155.7294697575608,3138.395294731573,-17.33417502598786,-2.3366355345637527e-06,0.0,-17.334172689352325,0.9999998652006494,-3.99423700916428e-08,-2.3366355345637527e-06,2.7856752383280606e-11,0.9829060332684276,7.972664042481341e-08,1.7698098671501777e-09,7
111,0.012877489711934155,0.01286,300.0,3138.395294959844,3120.911584667974,-17.48371029187001,-2.3181324546061576e-06,0.0,-17.483707973737555,0.9999998674118699,-4.24245753880897e-08,-2.3181324546061576e-06,3.724036200348254e-11,0.9816988130666168,7.878944743168646e-08,1.7486722126413817e-09,7
112,0.01286,0.012842510288065842,300.0,3120.9115849031423,3103.5788459306755,-17.332738972466814,-2.3009179460679396e-06,0.0,-17.33273667154887,0.999999867250182,-3.8736375730853915e-08,-2.3009179460679396e-06,2.7673916522945908e-11,0.9831648165476518,7.79067522794264e-08,1.7276360987000247e-09,7
113,0.012842510288065842,0.012825637860082303,300.0,3103.5788461731663,3086.693085202716,-16.88576097045052,-2.282461310194484e-06,0.0,-16.88575868798921,0.9999998648292302,-4.1165755032779306e-08,-2.282461310194484e-06,3.6883584669348924e-11,0.9819643142037436,7.704599998538525e-08,1.7073640649720384e-09,7
114,0.012825637860082303,0.012809999999999998,300.0,3086.6930854530215,3070.5460009476765,-16.147084505344992,-2.265580740721554e-06,0.0,-16.147082239764252,0.9999998596910334,-3.764297500951289e-08,-2.265580740721554e-06,2.7459351694649423e-11,0.9833848450717655,7.622128238568644e-08,1.6874475082886366e-09,7
115,0.012809999999999998,0.01279551440329218,300.0,3070.546001206353,3055.0907279235103,-15.455273282842882,-2.2475636785331836e-06,0.0,-15.455271035279203,0.9999998545762577,-4.0028565973232205e-08,-2.2475636785331836e-06,3.6488056435938875e-11,0.9821902416578667,7.54186936629234e-08,1.6683753032703828e-09,7
116,0.01279551440329218,0.012781621399176954,300.0,3055.0907281910536,3040.053862151267,-15.036866039786673,-2.2310488675739646e-06,0.0,-15.036863808737806,0.9999998516280679,-3.665523598811654e-08,-2.2310488675739646e-06,2.7205145055586732e-11,0.983570402010972,7.463805108253184e-08,1.6494520363177682e-09,7
117,0.012781621399176954,0.01276822222222222,300.0,3040.053862428075,3025.3845726644595,-14.669289763615325,-2.213291875077872e-06,0.0,-14.66928755032345,0.9999998491207202,-3.899824607036274e-08,-2.213291875077872e-06,3.607306441317122e-11,0.9823799804673341,7.387958940297513e-08,1.6311622006284578e-09,7
118,0.01276822222222222,0.012755218106995883,300.0,3025.3845729509526,3011.0327269923246,-14.351845958628019,-2.197031439641242e-06,0.0,-14.351843761596578,0.9999998469164562,-3.5740637874046405e-08,-2.197031439641242e-06,2.694214567062436e-11,0.9837323047685278,7.313340043936672e-08,1.612955758622076e-09,7
119,0.012755218106995883,0.01274251028806584,300.0,3011.0327272899467,2996.948858568606,-14.083868721340878,-2.1795054311451196e-06,0.0,-14.083866541835446,0.9999998452481009,-3.802586760510483e-08,-2.1795054311451196e-06,3.563270522128346e-11,0.9825529833228606,7.24110751222081e-08,1.5953058660668688e-09,7
120,0.01274251028806584,0.012729999999999998,300.0,2996.9488588769555,2983.084137697327,-13.864721179628305,-2.163454958155617e-06,0.0,-13.864719016173346,0.9999998439597212,-3.488317455119079e-08,-2.163454958155617e-06,2.6663573871777722e-11,0.9838761724991357,7.169363334169309e-08,1.577679885735206e-09,7
121,0.012729999999999998,0.012717668566001898,300.0,2983.0841380168995,2969.4278004015155,-13.656337615384018,-2.1461301176732895e-06,0.0,-13.6563354692539,0.9999998428473154,-3.711815241394666e-08,-2.1461301176732895e-06,3.519748212013106e-11,0.9827046123120494,7.10010743327419e-08,1.5605601376641251e-09,7
122,0.012717668566001898,0.012705576448243114,300.0,2969.427800732843,2956.006075540644,-13.42172519219912,-2.130290173845247e-06,0.0,-13.421723061908946,0.9999998412804507,-3.4076422453672464e-08,-2.130290173845247e-06,2.6370930641437926e-11,0.9840038587831612,7.030854269114241e-08,1.5434714715005658e-09,7
123,0.012705576448243114,0.012693743589743588,300.0,2956.0060758843165,2942.826031840647,-13.180044043669568,-2.113199953467504e-06,0.0,-13.180041930469615,0.9999998396667003,-3.6265444668387766e-08,-2.113199953467504e-06,3.476265222879664e-11,0.9828386118365748,6.964187534117253e-08,1.5268857967938506e-09,7
124,0.012693743589743588,0.012682189933523267,300.0,2942.8260321972894,2929.8946437824484,-12.931388414840967,-2.09759747692632e-06,0.0,-12.93138631724349,0.9999998377902349,-3.33101107469017e-08,-2.09759747692632e-06,2.607675317465474e-11,0.984119874707462,6.897212054220148e-08,1.5103398325564904e-09,7
125,0.012682189933523267,0.012670935422602088,300.0,2929.894644152723,2917.218797395204,-12.675846757518684,-2.080765555264185e-06,0.0,-12.67584467675313,0.9999998358480033,-3.5448742363675415e-08,-2.080765555264185e-06,3.4314255357904413e-11,0.9829636057392469,6.832890407319126e-08,1.4942875408039956e-09,7
126,0.012670935422602088,0.01266,300.0,2917.218797779813,2904.805295688318,-12.413502091495047,-2.0654193108672293e-06,0.0,-12.413500026075736,0.9999998336150995,-3.257516836417047e-08,-2.0654193108672293e-06,2.5783987085696275e-11,0.9842283026052987,6.768027260178495e-08,1.4782831093072974e-09,7
127,0.01266,0.01264957264957265,300.0,2904.8052960880023,2892.7382850336676,-12.067011054334671,-2.0488915101549955e-06,0.0,-12.067009005443161,0.9999998302072071,-3.466732322399623e-08,-2.0488915101549955e-06,3.3863072670687995e-11,0.9830799615049537,6.705867197826113e-08,1.4628052517855388e-09,7
128,0.01264957264957265,0.012639658119658117,300.0,2892.7382854501825,2881.016841543923,-11.721443906259537,-2.0338628642992844e-06,0.0,-11.721441872396673,0.9999998264835902,-3.188105313218143e-08,-2.0338628642992844e-06,2.5486876224629613e-11,0.9843248757368087,6.643005823790404e-08,1.4474105073267101e-09,7
129,0.012639658119658117,0.012629999999999999,300.0,2881.0168419773413,2869.5212526186924,-11.495589358648886,-2.0176271858513005e-06,0.0,-11.4955873410217,0.9999998244868425,-3.39282507230876e-08,-2.0176271858513005e-06,3.341952341549232e-11,0.9831840832830709,6.582856478315332e-08,1.4324655106459552e-09,7
130,0.012629999999999999,0.012620341880341881,300.0,2869.521253069812,2858.133172836371,-11.388080233440633,-2.0027935335186644e-06,0.0,-11.3880782306471,0.9999998241324708,-3.121842858133371e-08,-2.0027935335186644e-06,2.5183030084723355e-11,0.9844125577305581,6.521846382935773e-08,1.417484154477451e-09,7
131,0.012620341880341881,0.01261042735042735,300.0,2858.1331733059556,2846.7355660447915,-11.397607261164012,-1.9866968120691423e-06,0.0,-11.3976052744672,0.9999998256917644,-3.321698807015918e-08,-1.9866968120691423e-06,3.297297177517712e-11,0.9832802932644948,6.463418858642472e-08,1.402826334885757e-09,7
132,0.01261042735042735,0.0126,300.0,2846.73556653358,2835.212678818956,-11.522887714623721,-1.971913193380517e-06,0.0,-11.522885742710528,0.9999998288698769,-3.056731853123415e-08,-1.971913193380517e-06,2.4884718153079086e-11,0.9844986490105928,6.403996531671876e-08,1.3880228496412729e-09,7
133,0.0126,0.01258868649097816,300.0,2835.212679327661,2823.3975211754096,-11.81515815225157,-1.955798073229827e-06,0.0,-11.815156196453497,0.9999998344670424,-3.251021105475007e-08,-1.955798073229827e-06,3.2534747223585327e-11,0.9833775216880839,6.347052664145603e-08,1.37339575594601e-09,7
134,0.01258868649097816,0.012576600189933522,300.0,2823.3975217054904,2811.3429191034147,-12.054602602075647,-1.9409457929614256e-06,0.0,-12.054600661129854,0.9999998389871605,-2.992424157412551e-08,-1.9409457929614256e-06,2.4581039317695015e-11,0.9845826495089963,6.288984681993688e-08,1.3585745475388082e-09,7
135,0.012576600189933522,0.012564214743589742,300.0,2811.3429196549046,2799.2618429116255,-12.081076743279027,-1.9248839325732475e-06,0.0,-12.081074818395095,0.9999998406695054,-3.181282830146933e-08,-1.9248839325732475e-06,3.2097824588605544e-11,0.9834728589276855,6.233301718400339e-08,1.3440552056937415e-09,7
136,0.012564214743589742,0.012552003798670466,300.0,2799.261843485622,2787.3647655041786,-11.897077981443545,-1.910203897605281e-06,0.0,-11.897076071239647,0.9999998394392388,-2.929060202754178e-08,-1.910203897605281e-06,2.4282083898179314e-11,0.9846662431878284,6.176636515059792e-08,1.3295503824709587e-09,7
137,0.012552003798670466,0.012540441001899334,300.0,2787.364766101999,2775.859733526909,-11.5050325750899,-1.894474667310606e-06,0.0,-11.505030680615231,0.9999998353351323,-3.1136100507597736e-08,-1.894474667310606e-06,3.166599703920754e-11,0.9835647839240846,6.12238993014162e-08,1.3155408593928007e-09,7
138,0.012540441001899334,0.01253,300.0,2775.8597341500617,2764.9525043570934,-10.907229792968337,-1.8802420766303202e-06,0.0,-10.907227912726261,0.9999998276150671,-2.8682472403795432e-08,-1.8802420766303202e-06,2.398898340662922e-11,0.9847453299975082,6.067227449714456e-08,1.301739527323262e-09,7
139,0.01253,0.01252057355967078,300.0,2764.952505007267,2754.5908187229047,-10.36168628436235,-1.8650219063114832e-06,0.0,-10.361684419340444,0.9999998200078776,-3.0492669178872054e-08,-1.8650219063114832e-06,3.123216971532944e-11,0.983650235380249,6.014563512332543e-08,1.288490514662106e-09,7
140,0.01252057355967078,0.012511687242798355,300.0,2754.5908194016015,2744.5618281515663,-10.028991250035233,-1.8511852299926314e-06,0.0,-10.028989398850003,0.9999998154166073,-2.8108508296322108e-08,-1.8511852299926314e-06,2.3690081112783753e-11,0.9848159396256452,5.960927808841731e-08,1.2753186816358001e-09,7
141,0.012511687242798355,0.012503263888888888,300.0,2744.5618288599558,2734.828961879033,-9.732866980922608,-1.8362920051246805e-06,0.0,-9.732865144630603,0.9999998113308227,-2.9889548240304637e-08,-1.8362920051246805e-06,3.0814317062593047e-11,0.98372287841101,5.9097026314208776e-08,1.2625655462121724e-09,7
142,0.012503263888888888,0.012495226337448559,300.0,2734.828962618336,2725.3560367065047,-9.472925911831226,-1.8227362935789555e-06,0.0,-9.472924089094931,0.9999998075846563,-2.7563201034184253e-08,-1.8227362935789555e-06,2.3391659687738192e-11,0.9848781191600329,5.857526373484336e-08,1.2498554840582304e-09,7
143,0.012495226337448559,0.01248749742798354,300.0,2725.35603747796,2716.1072376532834,-9.248799824676553,-1.8081252688859533e-06,0.0,-9.248798016551284,0.9999998045016323,-2.930552833572471e-08,-1.8081252688859533e-06,3.0386100530936955e-11,0.9837923130437854,5.807605394671552e-08,1.2375209499860326e-09,7
144,0.01248749742798354,0.01248,300.0,2716.107238458152,2707.0471000430207,-9.060138415131405,-1.7948066692057006e-06,0.0,-9.060136620324736,0.9999998019007451,-2.7033598860317878e-08,-1.7948066692057006e-06,2.3100330260062414e-11,0.9849378769735229,5.75677376199551e-08,1.2251934536896605e-09,7
145,0.01248,0.012472818930041152,300.0,2707.04710088256,2698.2106882891603,-8.836412593399473,-1.7804497542244627e-06,0.0,-8.836410812949719,0.9999997985098891,-2.8743677903529557e-08,-1.7804497542244627e-06,2.9970894593651783e-11,0.9838559454793208,5.708136124924568e-08,1.213233740012197e-09,7
146,0.012472818930041152,0.012466008230452675,300.0,2698.2106891652675,2689.6194066100725,-8.591282555194994,-1.767385193043641e-06,0.0,-8.5912807878098,0.999999794281566,-2.6526056319120093e-08,-1.767385193043641e-06,2.280550190902423e-11,0.9849913553516655,5.65857565348892e-08,1.2013056041506038e-09,7
147,0.012466008230452675,0.012459444444444445,300.0,2689.619407523621,2681.2180008393125,-8.401406684308313,-1.7532910564364902e-06,0.0,-8.401404931017256,0.9999997913098219,-2.820015491875713e-08,-1.7532910564364902e-06,2.955555245548726e-11,0.9839158736279229,5.6111390828597954e-08,1.1897193384234565e-09,7
148,0.012459444444444445,0.012453004115226339,300.0,2681.2180017916403,2672.951722689547,-8.26627910209345,-1.7404329614876908e-06,0.0,-8.266277361660487,0.9999997894538836,-2.603487073685773e-08,-1.7404329614876908e-06,2.250937971182785e-11,0.9850411527976328,5.562795444070136e-08,1.1781131753669598e-09,7
149,0.012453004115226339,0.01244656378600823,300.0,2672.9517236819183,2664.7663046685534,-8.185419013364935,-1.7265299898434525e-06,0.0,-8.185417286834946,0.9999997890724975,-2.7677513307511674e-08,-1.7265299898434525e-06,2.9146054575708834e-11,0.9839692832036927,5.516454958804603e-08,1.1667954015587492e-09,7
150,0.01244656378600823,0.01244,300.0,2664.7663057021728,2656.6079434437784,-8.15836225839439,-1.7138138272210096e-06,0.0,-8.158360544580564,0.9999997899316343,-2.555421000402464e-08,-1.7138138272210096e-06,2.2219873839233354e-11,0.9850892730598041,5.4692059384783126e-08,1.155414144474424e-09,7
151,0.01244,0.012433333333333333,300.0,2656.6079445198134,2648.484726900947,-8.12321761886642,-1.7000629535878028e-06,0.0,-8.123215918803465,0.9999997907155718,-2.715601706221546e-08,-1.7000629535878028e-06,2.873493393868524e-11,0.9840264638407032,5.423868757192682e-08,1.1442963233938249e-09,7
152,0.012433333333333333,0.012426666666666666,300.0,2648.484728020622,2640.4396749980706,-8.045053022551201,-1.6874940608200825e-06,0.0,-8.04505133505714,0.9999997902445072,-2.5082525604982322e-08,-1.6874940608200825e-06,2.1931336671146598e-11,0.9851362288097223,5.3776671147068183e-08,1.1331363477141047e-09,7
153,0.012426666666666666,0.012419999999999999,300.0,2640.439676162786,2632.4717625016574,-7.9679136611284775,-1.6739242470689338e-06,0.0,-7.96791198720423,0.9999997899168693,-2.6652553544970986e-08,-1.6739242470689338e-06,2.8332032157420998e-11,0.9840778018529571,5.3332803012764745e-08,1.1222527188652408e-09,7
154,0.012419999999999999,0.012413333333333334,300.0,2632.4717637127856,2624.579970389576,-7.89179332320964,-1.6615160762369346e-06,0.0,-7.891791661693564,0.9999997894627992,-2.4622653884683208e-08,-1.6615160762369346e-06,2.1640886626584196e-11,0.985180610505768,5.288083621405066e-08,1.1113273268435657e-09,7
155,0.012413333333333334,0.012406666666666667,300.0,2624.5799716484717,2616.7632858463458,-7.816685802125903,-1.648126942231119e-06,0.0,-7.816684153998961,0.9999997891527197,-2.615957161472944e-08,-1.648126942231119e-06,2.793206506185197e-11,0.9841276961474118,5.244620119778312e-08,1.1006726559417327e-09,7
156,0.012406666666666667,0.0124,300.0,2616.763287154348,2609.020702644459,-7.742584509888729,-1.63588359009169e-06,0.0,-7.742582874005139,0.9999997887160821,-2.416948828723312e-08,-1.63588359009169e-06,2.1357978250940212e-11,0.985225422864057,5.200362012109299e-08,1.0899753822909837e-09,7
157,0.0124,0.012393201058201056,300.0,2609.0207040028886,2601.2956279481637,-7.725076054724923,-1.622661423153745e-06,0.0,-7.7250744320635,0.9999997899488093,-2.567007378356243e-08,-1.622661423153745e-06,2.7534867667230907e-11,0.9841802649540586,5.157785606960801e-08,1.0795220997252398e-09,7
158,0.012393201058201056,0.012386243386243384,300.0,2601.295629358126,2593.5763050763153,-7.719324281810714,-1.6105463393749511e-06,0.0,-7.719322671264375,0.9999997913617462,-2.3725330086427647e-08,-1.6105463393749511e-06,2.1075545462526027e-11,0.9852687690466357,5.1143959173665466e-08,1.0689998191232874e-09,7
159,0.012386243386243384,0.012379285714285714,300.0,2593.5763065389174,2585.9285250642315,-7.647781474685871,-1.597488438534121e-06,0.0,-7.647779877197433,0.9999997911174052,-2.519333885744418e-08,-1.597488438534121e-06,2.7144686958167047e-11,0.9842294077066611,5.072631528540906e-08,1.0587376195146606e-09,7
160,0.012379285714285714,0.012372486772486771,300.0,2585.9285265808485,2578.4175336919684,-7.510992888880082,-1.5855568635265043e-06,0.0,-7.510991303323219,0.9999997889018287,-2.32901800081918e-08,-1.5855568635265043e-06,2.0795182467642054e-11,0.9853110408437884,5.030139822027554e-08,1.0484633311833826e-09,7
161,0.012372486772486771,0.01236600529100529,300.0,2578.4175352641405,2571.1080552179333,-7.309480046207227,-1.5727395695381159e-06,0.0,-7.3094784734676574,0.9999997848356436,-2.4731130536066175e-08,-1.5727395695381159e-06,2.6760019587189562e-11,0.9842751266547396,4.989200397120144e-08,1.03849139782516e-09,7
162,0.01236600529100529,0.01236,300.0,2571.108056847312,2564.064320888642,-7.043735958669913,-1.5610658260780186e-06,0.0,-7.043734397604087,0.9999997783753061,-2.2869866196945254e-08,-1.5610658260780186e-06,2.051726396239355e-11,0.9853498386711834,4.9476139618434015e-08,1.0285624802381334e-09,7
163,0.01236,0.012354603174603174,300.0,2564.0643225769663,2557.339139285772,-6.725183291194298,-1.5485531877069835e-06,0.0,-6.7251817426411105,0.9999997697381438,-2.428522630204665e-08,-1.5485531877069835e-06,2.6383586095650293e-11,0.9843174735651109,4.9075924272824976e-08,1.018976142751497e-09,7
164,0.012354603174603174,0.012349682539682539,300.0,2557.3391410347976,2550.8755703457214,-6.463570689076278,-1.5371626506728634e-06,0.0,-6.463569151913627,0.9999997621805772,-2.2467176912249473e-08,-1.5371626506728634e-06,2.0239668525393038e-11,0.9853839950493105,4.866943388133914e-08,1.0094256311193793e-09,7
165,0.012349682539682539,0.012344999999999998,300.0,2550.875572156714,2544.573465729108,-6.30210642760585,-1.5249010348554744e-06,0.0,-6.302104902704815,0.9999997580331192,-2.3860213547579432e-08,-1.5249010348554744e-06,2.6010144863233885e-11,0.9843529429109209,4.827759231044189e-08,1.000149751243729e-09,7
166,0.012344999999999998,0.012340317460317461,300.0,2544.5734676027914,2538.3334110287306,-6.240056574060873,-1.513686134884903e-06,0.0,-6.240055060374738,0.999999757424293,-2.2075519672910602e-08,-1.513686134884903e-06,1.9967860676778807e-11,0.9854160521364693,4.787970561148131e-08,9.908294195583096e-10,7
167,0.012340317460317461,0.012335396825396826,300.0,2538.333412965433,2532.0566915916797,-6.276721373753389,-1.5015626417125326e-06,0.0,-6.276719872190748,0.9999997607727742,-2.3437440929080547e-08,-1.5015626417125326e-06,2.563910952724394e-11,0.9843912999178309,4.749540495318352e-08,9.817020230603018e-10,7
168,0.012335396825396826,0.01233,300.0,2532.0566935940674,2525.6452815475495,-6.411412046517853,-1.490415196422282e-06,0.0,-6.411410556102656,0.9999997675371376,-2.1687080907761517e-08,-1.490415196422282e-06,1.969774381575692e-11,0.9854489668651923,4.710476593828883e-08,9.724547336855355e-10,7
169,0.01233,0.012323862433862433,300.0,2525.645283612578,2518.991027712954,-6.6542558996243315,-1.4783208608845294e-06,0.0,-6.65425442130347,0.9999997778382912,-2.30182333595896e-08,-1.4783208608845294e-06,2.5275138356141156e-11,0.9844294740278392,4.672656535543638e-08,9.633207730746521e-10,7
170,0.012323862433862433,0.012317089947089948,300.0,2518.9910298399436,2512.1378267400273,-6.8532030999163,-1.4671714769649988e-06,0.0,-6.853201632744823,0.9999997859144906,-2.1298408094239252e-08,-1.4671714769649988e-06,1.942982654520332e-11,0.985483354584907,4.634209491397882e-08,9.54047634049583e-10,7
171,0.012317089947089948,0.01231,300.0,2512.137828929003,2505.2154999176946,-6.922329011308193,-1.4551479154501532e-06,0.0,-6.922327556160278,0.9999997897892584,-2.2596133329714826e-08,-1.4551479154501532e-06,2.4913312962295974e-11,0.9844715900769959,4.5969470582972766e-08,9.44951441364829e-10,7
172,0.01231,0.012302910052910053,300.0,2505.2155021694425,2498.3529028755147,-6.862599293927815,-1.4441237922091644e-06,0.0,-6.862597849804023,0.9999997895660623,-2.091109382060145e-08,-1.4441237922091644e-06,1.916517587796997e-11,0.985519874450228,4.5591618884744746e-08,9.358203938417773e-10,7
173,0.012302910052910053,0.012296137566137566,300.0,2498.3529051913124,2491.677941003148,-6.674964188164267,-1.4323168562311803e-06,0.0,-6.674962755847411,0.9999997854195445,-2.2180766591092096e-08,-1.4323168562311803e-06,2.455030684404687e-11,0.9845140644023028,4.5225270247692044e-08,9.269606261844658e-10,7
174,0.012296137566137566,0.01229,300.0,2491.6779433846023,2485.3176121189995,-6.360331265602781,-1.4215605933684917e-06,0.0,-6.360329844042187,0.9999997764958247,-2.053338357337983e-08,-1.4215605933684917e-06,1.8902342392427257e-11,0.9855557450950969,4.485466698642787e-08,9.181569201141801e-10,7
175,0.01229,0.012284503968253967,300.0,2485.317614567951,2479.2724767733607,-6.045137794590119,-1.4100642540319314e-06,0.0,-6.045136384525865,0.9999997667440674,-2.178451493826514e-08,-1.4100642540319314e-06,2.4199451049801815e-11,0.9845506934340229,4.449587577572908e-08,9.096682616956404e-10,7
176,0.012284503968253967,0.01227936507936508,300.0,2479.2724792909603,2473.425809626693,-5.8466696642672105,-1.3995698691087556e-06,0.0,-5.846668264697342,0.9999997606210117,-2.0171028311290592e-08,-1.3995698691087556e-06,1.8646499792342224e-11,0.9855876946506891,4.4132760155162425e-08,9.011872446521212e-10,7
177,0.01227936507936508,0.012274464285714286,300.0,2473.425812212854,2467.7282514666394,-5.697560746214549,-1.3883033350072741e-06,0.0,-5.697559357911214,0.9999997563337369,-2.139723970175099e-08,-1.3883033350072741e-06,2.385069387665315e-11,0.9845874895188961,4.378094824097297e-08,8.929515047852481e-10,7
178,0.012274464285714286,0.012269682539682539,300.0,2467.7282541209797,2462.130778363827,-5.5974757571525515,-1.3779927355273877e-06,0.0,-5.597474379159816,0.9999997538189006,-1.9819309791842927e-08,-1.3779927355273877e-06,1.8387389327153583e-11,0.9856172610487256,4.3424912348003094e-08,8.846924939253137e-10,7
179,0.012269682539682539,0.012264900793650795,300.0,2462.130781085698,2456.5846857971355,-5.546095288562356,-1.3668953255859963e-06,0.0,-5.54609392166703,0.9999997535391559,-2.1025170335376454e-08,-1.3668953255859963e-06,2.3506964318396536e-11,0.9846183025562965,4.307964996763433e-08,8.766359493122246e-10,7
180,0.012264900793650795,0.01226,300.0,2456.5846885865917,2451.041578371787,-5.543110214804528,-1.3567147324184035e-06,0.0,-5.543108858089796,0.9999997552430531,-1.9475581359994254e-08,-1.3567147324184035e-06,1.8134362437264174e-11,0.9856450432101682,4.2730193922637975e-08,8.685202403601437e-10,7
181,0.01226,0.012254861111111112,300.0,2451.0415812266774,2445.4533649020277,-5.588216324649693,-1.3457398917425708e-06,0.0,-5.588214978909801,0.9999997591825703,-2.0653758873024984e-08,-1.3457398917425708e-06,2.3163981573327165e-11,0.9846524881964516,4.239077090971483e-08,8.605728987562282e-10,7
182,0.012254861111111112,0.012249555555555555,300.0,2445.4533678210323,2439.848210070286,-5.605157750746457,-1.3356625019211818e-06,0.0,-5.605156415083956,0.9999997617083121,-1.913491366691104e-08,-1.3356625019211818e-06,1.7884453318212235e-11,0.9856738407798468,4.204707457662219e-08,8.525629457314673e-10,7
183,0.012249555555555555,0.01224425,300.0,2439.8482130525326,2434.2920051149813,-5.556207937551335,-1.3248322515383e-06,0.0,-5.556206612719083,0.9999997615581946,-2.028574194216321e-08,-1.3248322515383e-06,2.2821747127039754e-11,0.9846880675507341,4.1713268317257524e-08,8.447492212687465e-10,7
184,0.01224425,0.012239111111111112,300.0,2434.2920081600946,2428.8502307877316,-5.441777372363049,-1.3149167816374712e-06,0.0,-5.441776057446267,0.9999997583663036,-1.8799238051871462e-08,-1.3149167816374712e-06,1.7635961790480937e-11,0.985703096717299,4.137582073467454e-08,8.369183714067855e-10,7
185,0.012239111111111112,0.012234305555555557,300.0,2428.850233895641,2423.5879750008444,-5.26225889479656,-1.3042974577761671e-06,0.0,-5.262257590499102,0.9999997521411463,-1.9927748997106457e-08,-1.3042974577761671e-06,2.2485212934828353e-11,0.9847214691109777,4.1048010796234715e-08,8.293280243628923e-10,7
186,0.012234305555555557,0.012230000000000001,300.0,2423.587978171589,2418.569956954674,-5.0180212169148035,-1.2946113547850367e-06,0.0,-5.0180199223034485,0.9999997420075964,-1.8473782956878715e-08,-1.2946113547850367e-06,1.739191178144371e-11,0.9857302480094914,4.0716689152703725e-08,8.217631961305371e-10,7
187,0.012230000000000001,0.012226203703703703,300.0,2418.569960188354,2413.7983462999223,-4.771613888431602,-1.2842441886644867e-06,0.0,-4.771612604187414,0.9999997308574796,-1.958486152151322e-08,-1.2842441886644867e-06,2.2162427769975043e-11,0.9847498928207105,4.039547476223212e-08,8.144525132023288e-10,7
188,0.012226203703703703,0.01222274074074074,300.0,2413.7983495960766,2409.202274275603,-4.596075320473574,-1.274776715850226e-06,0.0,-4.596074045696858,0.9999997226379841,-1.8161482111672686e-08,-1.274776715850226e-06,1.7152322957789274e-11,0.9857532053371717,4.0070757912369536e-08,8.071443100903313e-10,7
189,0.01222274074074074,0.012219500000000001,300.0,2409.202277632745,2404.736823018512,-4.46545461423284,-1.26461180924137e-06,0.0,-4.465453349621031,0.9999997168011058,-1.9250753810203328e-08,-1.26461180924137e-06,2.1836218029753383e-11,0.9847773414185088,3.97556844785984e-08,8.000482741089259e-10,7
190,0.012219500000000001,0.01221637037037037,300.0,2404.7368264334964,2400.35732833889,-4.379498094606333,-1.2553078441652955e-06,0.0,-4.379496839298489,0.9999997133671902,-1.785660061916099e-08,-1.2553078441652955e-06,1.6915972300468116e-11,0.985775122252156,3.9437140226268404e-08,7.929227009558011e-10,7
191,0.01221637037037037,0.012213240740740742,300.0,2400.357331810903,2396.019366946961,-4.337964863942034,-1.2452963919789813e-06,0.0,-4.337963618645642,0.9999997129307333,-1.8925892295259892e-08,-1.2452963919789813e-06,2.1519292241272437e-11,0.9848020981854902,3.9127751574979565e-08,7.859748359412579e-10,7
192,0.012213240740740742,0.01221,300.0,2396.0193704736625,2391.678748527036,-4.34062194662647,-1.2361107283583486e-06,0.0,-4.340620710515742,0.9999997152226701,-1.7558153337428684e-08,-1.2361107283583486e-06,1.6679565388164337e-11,0.9857956468343679,3.881478309357989e-08,7.789698984092796e-10,7
193,0.01221,0.012206512345679014,300.0,2391.678752105915,2387.2818456496625,-4.396906456252509,-1.2262073443935527e-06,0.0,-4.3969052300451645,0.9999997211204384,-1.8604540921813955e-08,-1.2262073443935527e-06,2.1198239123874743e-11,0.984827573406017,3.851051813830087e-08,7.721069414144106e-10,7
194,0.012206512345679014,0.012202839506172838,300.0,2387.281849277935,2382.8525249374516,-4.429324340483618,-1.2171111801659722e-06,0.0,-4.429323123372438,0.9999997252151601,-1.7261917174677238e-08,-1.2171111801659722e-06,1.6449052529057473e-11,0.9858173045684098,3.820256595553477e-08,7.651801380005833e-10,7
195,0.012202839506172838,0.012199166666666667,300.0,2382.852528613018,2378.4627133551057,-4.3898152579122325,-1.207336482114304e-06,0.0,-4.38981405057575,0.9999997249687261,-1.8284553323377024e-08,-1.207336482114304e-06,2.0882881393145247e-11,0.9848554619244531,3.7903117075296385e-08,7.584259816418373e-10,7
196,0.012199166666666667,0.01219567901234568,300.0,2378.4627170766416,2374.183970135046,-4.2787469415957275,-1.1983866333219097e-06,0.0,-4.278745743209094,0.9999997199211241,-1.697098616741742e-08,-1.1983866333219097e-06,1.6219575299726627e-11,0.9858384717456552,3.760075012962026e-08,7.516540098558541e-10,7
197,0.01219567901234568,0.012192561728395062,300.0,2374.183973901621,2370.08750408064,-4.0964698209809285,-1.1888059660248776e-06,0.0,-4.096468632174963,0.9999997097974554,-1.7977290557093314e-08,-1.1888059660248776e-06,2.0581273240164927e-11,0.9848778597425738,3.730641832279055e-08,7.450931564181636e-10,7
198,0.012192561728395062,0.012190000000000001,300.0,2370.087507891516,2366.2441994163987,-3.843308475117283,-1.1800681465558052e-06,0.0,-3.843307295049136,0.9999996929551311,-1.6692329457908596e-08,-1.1800681465558052e-06,1.5987269796451297e-11,0.9858547749919125,3.700964068448712e-08,7.385590218106838e-10,7
199,0.012190000000000001,0.012188024691358027,300.0,2366.2442032709196,2362.6647686952433,-3.5794345756762596,-1.1707242020153213e-06,0.0,-3.5794334049520575,0.9999996729304091,-1.7687881431338033e-08,-1.1707242020153213e-06,2.0286015703118318e-11,0.9848915044201789,3.672101490597291e-08,7.322550583196285e-10,7
200,0.012188024691358027,0.01218641975308642,300.0,2362.6647725921075,2359.264242685362,-3.400529906745305,-1.1621931357786804e-06,0.0,-3.4005287445521692,0.9999996582317557,-1.6424143269385714e-08,-1.1621931357786804e-06,1.5762564148757508e-11,0.9858679742946672,3.6430013169572684e-08,7.259540329715522e-10,7
201,0.01218641975308642,0.012185000000000001,300.0,2359.2642466218567,2355.969997293328,-3.294249328528622,-1.1530271538650582e-06,0.0,-3.294248175501468,0.9999996499878914,-1.7400388587492104e-08,-1.1530271538650582e-06,1.998793054312812e-11,0.9849089515982652,3.614712426314583e-08,7.198321586519531e-10,7
202,0.012185000000000001,0.012183580246913581,300.0,2355.9700012661406,2352.7097263034534,-3.2602749626871628,-1.1446289554833756e-06,0.0,-3.260273818058207,0.9999996489164353,-1.616138386122171e-08,-1.1446289554833756e-06,1.5539665946549088e-11,0.9858806788140382,3.586130493212622e-08,7.136659041321906e-10,7
203,0.012183580246913581,0.012181975308641976,300.0,2352.7097303104783,2349.4114266962474,-3.2983036142309174,-1.1355728451232743e-06,0.0,-3.2983024786580724,0.9999996557100322,-1.712309302387271e-08,-1.1355728451232743e-06,1.969955703899088e-11,0.9849211848474467,3.55828861355754e-08,7.076323781464745e-10,7
204,0.012181975308641976,0.01218,300.0,2349.4114307320233,2346.0033962036223,-3.4080345284010036,-1.1272397906925573e-06,0.0,-3.408033401161213,0.9999996692405017,-1.590224553122775e-08,-1.1272397906925573e-06,1.531890557027036e-11,0.9858927571023218,3.530171167689456e-08,7.015136536952829e-10,7
205,0.01218,0.012177438271604937,300.0,2346.0034002642137,2342.4023589673952,-3.6010412968184937,-1.1182302439821369e-06,0.0,-3.6010401785882498,0.9999996894703083,-1.683931713233772e-08,-1.1182302439821369e-06,1.9398345671594592e-11,0.9849411002582339,3.502723974889446e-08,6.954793444970854e-10,7
206,0.012177438271604937,0.012174320987654318,300.0,2342.4023630487227,2338.6203622823305,-3.7820007663922297,-1.1099157149267457e-06,0.0,-3.781999656476515,0.9999997065268403,-1.5639652690908875e-08,-1.1099157149267457e-06,1.5104915880545887e-11,0.9859091528477538,3.4750195668078096e-08,6.893434030920558e-10,7
207,0.012174320987654318,0.012170833333333334,300.0,2338.6203663813426,2334.7286760116135,-3.8916903697290763,-1.1009616550011275e-06,0.0,-3.891689268767421,0.9999997170993705,-1.65527880231421e-08,-1.1009616550011275e-06,1.9111213799733656e-11,0.9849651548280989,3.447940389344969e-08,6.833171303555122e-10,7
208,0.012170833333333334,0.01216716049382716,300.0,2334.7286801241403,2330.798257534198,-3.9304225899422818,-1.09272259291569e-06,0.0,-3.930421497219689,0.9999997219834337,-1.537861080787262e-08,-1.09272259291569e-06,1.4890592923036724e-11,0.9859263358261512,3.420617945513917e-08,6.772309238451257e-10,7
209,0.01216716049382716,0.012163487654320987,300.0,2330.798261661382,2326.8997461131707,-3.898515548211435,-1.0838893574876726e-06,0.0,-3.8985144643220777,0.9999997219738272,-1.6273483676775567e-08,-1.0838893574876726e-06,1.8825374382602172e-11,0.9849860287266815,3.3939045993457986e-08,6.712946100812755e-10,7
210,0.012163487654320987,0.012159999999999999,300.0,2326.899750254047,2323.103465661173,-3.7962845928741444,-1.0757892669863476e-06,0.0,-3.7962835170848774,0.9999997166204901,-1.5118983008692165e-08,-1.0757892669863476e-06,1.4682269841573193e-11,0.9859461481233721,3.367027717248128e-08,6.653438780299417e-10,7
211,0.012159999999999999,0.012156512345679013,300.0,2323.1034698149133,2319.337998645786,-3.7654711691275224,-1.067105919338255e-06,0.0,-3.7654701020216033,0.999999716607598,-1.5994424194650517e-08,-1.067105919338255e-06,1.8541778325932365e-11,0.9850113996138554,3.3407534039833836e-08,6.595370182011499e-10,7
212,0.012156512345679013,0.012152839506172838,300.0,2319.3380028099937,2315.53226005112,-3.8057427588737482,-1.059111273157358e-06,0.0,-3.805741699762475,0.9999997217070778,-1.4865802800990286e-08,-1.059111273157358e-06,1.4473534409384756e-11,0.9859638895574464,3.3142730415991996e-08,6.536782002526172e-10,7
213,0.012152839506172838,0.012149166666666666,300.0,2315.5322642227075,2311.756546889034,-3.775717333673583,-1.0505448239659502e-06,0.0,-3.775716283128759,0.9999997217628516,-1.572103511756314e-08,-1.0505448239659502e-06,1.8263306767085252e-11,0.9850353504591892,3.2883938571756595e-08,6.479602518826258e-10,7
214,0.012149166666666666,0.012145679012345678,300.0,2311.7565510662357,2308.0808459690465,-3.675705097189166,-1.0426868370027355e-06,0.0,-3.675704054502329,0.9999997163301164,-1.4614456875097366e-08,-1.0426868370027355e-06,1.4267262678611222e-11,0.9859838483076016,3.262325138033052e-08,6.422304252755867e-10,7
215,0.012145679012345678,0.012142561728395061,300.0,2308.0808501506644,2304.5748487478377,-3.5060014028267688,-1.0342950043873595e-06,0.0,-3.5060003685317644,0.9999997049929862,-1.545690675165803e-08,-1.0342950043873595e-06,1.7991444883108986e-11,0.9850556111301983,3.2368703364678546e-08,6.366761294018698e-10,7
216,0.012142561728395061,0.01214,300.0,2304.57485293292,2301.307974436783,-3.2668784961369965,-1.0266256605720208e-06,0.0,-3.266877469511336,0.9999996857472165,-1.437397603899287e-08,-1.0266256605720208e-06,1.406556365836745e-11,0.9859988147666368,3.21129243428406e-08,6.311453855701714e-10,7
217,0.01214,0.012137947530864198,300.0,2301.3079786244507,2298.2616766407327,-3.0463019837179672,-1.0184421226488916e-06,0.0,-3.0463009652758446,0.9999996656791978,-1.5203528825116906e-08,-1.0184421226488916e-06,1.7727303937375837e-11,0.985071779252832,3.1862998022440713e-08,6.25800880604734e-10,7
218,0.012137947530864198,0.012136172839506172,300.0,2298.2616808290995,2295.347418998833,-2.914261830266696,-1.0109447369986413e-06,0.0,-2.9142608193219592,0.9999996531043551,-1.4141449979275916e-08,-1.0109447369986413e-06,1.3864295665625548e-11,0.9860116488451585,3.161195748222636e-08,6.204495349914872e-10,7
219,0.012136172839506172,0.012134583333333332,300.0,2295.347423184947,2292.529531450551,-2.8178917343957437,-1.0029151100899696e-06,0.0,-2.8178907314806336,0.9999996440902615,-1.4955918830209816e-08,-1.0029151100899696e-06,1.7459546797516093e-11,0.9850875525956846,3.136650649026365e-08,6.152465870090789e-10,7
220,0.012134583333333332,0.012133086419753086,300.0,2292.529535631198,2289.7724814283765,-2.757054202821564,-9.955451580388267e-07,0.0,-2.7570532072764062,0.9999996389098347,-1.391485333752139e-08,-9.955451580388267e-07,1.36666474517138e-11,0.9860228808053941,3.1119855879301356e-08,6.100180220184217e-10,7
221,0.012133086419753086,0.012131589506172841,300.0,2289.772485600591,2287.0408671735504,-2.7316184270407575,-9.87640689967549e-07,0.0,-2.7316174394000674,0.9999996384411965,-1.4711381114104875e-08,-9.87640689967549e-07,1.719249991676866e-11,0.9851045210433886,3.08783668394939e-08,6.049186687254772e-10,7
222,0.012131589506172841,0.01213,300.0,2287.0408713344436,2284.299413768211,-2.741457566232839,-9.803667010409722e-07,0.0,-2.7414565858661377,0.9999996423921664,-1.3690966894224659e-08,-9.803667010409722e-07,1.347399995080817e-11,0.9860348511636643,3.0636012531943144e-08,5.99773941929729e-10,7
223,0.01213,0.012128333333333331,300.0,2284.299417914992,2281.5536433302573,-2.7457745847345905,-9.72564284360234e-07,0.0,-2.7457736121703062,0.9999996457960206,-1.4471599500390874e-08,-9.72564284360234e-07,1.6937823845660876e-11,0.9851201614812428,3.0398318039554606e-08,5.947466479985395e-10,7
224,0.012128333333333331,0.012126666666666666,300.0,2281.5536474606847,2278.832277443904,-2.7213700167808383,-9.653878585124622e-07,0.0,-2.72136905139298,0.9999996452566713,-1.3471867478627864e-08,-9.653878585124622e-07,1.3278049309470392e-11,0.9860451243924009,3.015989851960372e-08,5.896864709337249e-10,7
225,0.012126666666666666,0.012124999999999999,300.0,2278.832281556259,2276.1349526011027,-2.697328955156536,-9.576989545655006e-07,0.0,-2.6973279974575814,0.9999996449454367,-1.4239934458257513e-08,-9.576989545655006e-07,1.6685175298338252e-11,0.9851310953297239,2.992577374234286e-08,5.84746986363571e-10,7
226,0.012124999999999999,0.012123333333333331,300.0,2276.1349566936233,2273.461311811402,-2.673644882221197,-9.506262093628513e-07,0.0,-2.6736439315949876,0.9999996444455972,-1.3255115394665139e-08,-9.506262093628513e-07,1.3089868288168577e-11,0.9860564380993143,2.9691164671018138e-08,5.79774260766397e-10,7
227,0.012123333333333331,0.012121666666666666,300.0,2273.4613158823495,2270.8110042590083,-2.6503116233411674,-9.430487539192369e-07,0.0,-2.6503106802924137,0.9999996441743886,-1.4008638245612495e-08,-9.430487539192369e-07,1.6435103189939714e-11,0.9851453721905747,2.946087844393032e-08,5.749241042393537e-10,7
228,0.012121666666666666,0.012119999999999999,300.0,2270.811008306695,2268.1836851512476,-2.627323155447357,-9.360797819674762e-07,0.0,-2.6273222193675747,0.9999996437134959,-1.3043373248949959e-08,-9.360797819674762e-07,1.2899703169888888e-11,0.9860659598677208,2.9229689631084062e-08,5.700371535804359e-10,7
229,0.012119999999999999,0.012118333333333332,300.0,2268.1836891740477,2265.579015604344,-2.604673569703664,-9.286105781932094e-07,0.0,-2.6046726410930856,0.9999996434829342,-1.3784533429431765e-08,-9.286105781932094e-07,1.6196199891442807e-11,0.9851557436958642,2.900318660040379e-08,5.652694578181493e-10,7
230,0.012118333333333332,0.012116666666666666,300.0,2265.5790196006956,2262.9966625574825,-2.582357043213051,-9.217408648463223e-07,0.0,-2.582356121472186,0.999999643062191,-1.283587670210878e-08,-9.217408648463223e-07,1.2710912708962551e-11,0.986074310913568,2.8775690776960333e-08,5.604695979019261e-10,7
231,0.012116666666666666,0.012114999999999999,300.0,2262.9966665258926,2260.436298679673,-2.5603678462193784,-9.143805238147835e-07,0.0,-2.5603669318388547,0.9999996428714237,-1.3563916481047307e-08,-9.143805238147835e-07,1.5953097330067274e-11,0.9851660046033583,2.8552671112480955e-08,5.557824484412855e-10,7
232,0.012114999999999999,0.012113333333333334,300.0,2260.4363026156134,2257.8976022745574,-2.5387003410560283,-9.076115758107889e-07,0.0,-2.5386994334444526,0.9999996424896783,-1.2630192569426832e-08,-9.076115758107889e-07,1.2524475394097284e-11,0.9860841433648044,2.8328616364062475e-08,5.510673792762503e-10,7
233,0.012113333333333334,0.012111666666666668,300.0,2257.897606179832,2255.38025720212,-2.5173489777121176,-9.003578422168676e-07,0.0,-2.5173480773542756,0.999999642338885,-1.334759658992383e-08,-9.003578422168676e-07,1.5717548232120985e-11,0.9851752314867839,2.8109033199287213e-08,5.46463994465748e-10,7
234,0.012111666666666668,0.012110000000000001,300.0,2255.380261075443,2252.883952781528,-2.496308293914808,-8.936871592521251e-07,0.0,-2.4963074002276486,0.9999996419964787,-1.2428699813769475e-08,-8.936871592521251e-07,1.2343582907440336e-11,0.9860927846113731,2.7888482503567327e-08,5.418305582557871e-10,7
235,0.012110000000000001,0.012108333333333334,300.0,2252.8839566205957,2250.408383695018,-2.4755729255775805,-8.865425704634975e-07,0.0,-2.47557203903501,0.9999996418838801,-1.3129257873576676e-08,-8.865425704634975e-07,1.547679040034702e-11,0.9851904935972645,2.767222225963931e-08,5.373067381349571e-10,7
236,0.012108333333333334,0.012106666666666667,300.0,2250.4083874998646,2247.9532499056595,-2.455137594205098,-8.799684235843362e-07,0.0,-2.4551367142366747,0.9999996415808118,-1.222904163763866e-08,-8.799684235843362e-07,1.2164275253809224e-11,0.9861028631143074,2.7455266243521435e-08,5.327536204161015e-10,7
237,0.012106666666666667,0.012105,300.0,2247.9532536752426,2245.5182565559503,-2.4349971192923476,-8.729276829185851e-07,0.0,-2.4349962463646646,0.9999996415077143,-1.2918839359657915e-08,-8.729276829185851e-07,1.5249289719962995e-11,0.9852005617275598,2.7242471744581283e-08,5.283089475591703e-10,7
238,0.012105,0.012103333333333334,300.0,2245.5182602893433,2243.103113883893,-2.4151464054502867,-8.664505596931133e-07,0.0,-2.415145538999727,0.9999996412430494,-1.2033999561752798e-08,-8.664505596931133e-07,1.1988191941970645e-11,0.9861111526478613,2.7028698947651683e-08,5.238322717236827e-10,7
239,0.012103333333333334,0.012101666666666667,300.0,2243.1031175803905,2240.7075371262727,-2.3955804541178622,-8.595160356174525e-07,0.0,-2.3955795946018266,0.9999996412076104,-1.2707250100720307e-08,-8.595160356174525e-07,1.5012660397656422e-11,0.9852158079964247,2.6819175383312997e-08,5.194646546996141e-10,7
240,0.012101666666666667,0.0121,300.0,2240.707540785186,2238.331246434646,-2.37629435054032,-8.531338722332654e-07,0.0,-2.3762934974064476,0.9999996409813994,-1.1839082353583899e-08,-8.531338722332654e-07,1.1815561779679938e-11,0.9861228316693224,2.6608901259817105e-08,5.150692949807079e-10,7
241,0.0121,0.012098333333333332,300.0,2238.3312500553834,2235.973966780525,-2.3572832748582186,-8.463035849142581e-07,0.0,-2.3572824285546337,0.9999996409835025,-1.2500625627202619e-08,-8.463035849142581e-07,1.4784645422221874e-11,0.9852291472587001,2.6402518112659564e-08,5.107766203076856e-10,7
242,0.012098333333333332,0.012096666666666667,300.0,2235.973970362283,2233.6354278732247,-2.3385424890584545,-8.400151588374029e-07,0.0,-2.3385416490432958,0.9999996407954259,-1.1650936551858756e-08,-8.400151588374029e-07,1.1639042587768163e-11,0.9861300877379596,2.6195394334926522e-08,5.064566972625592e-10,7
243,0.012096666666666667,0.012095,300.0,2233.6354314149517,2231.3153640666205,-2.320067348331122,-8.332849638244317e-07,0.0,-2.3200665150461584,0.999999640835873,-1.2301040102103295e-08,-8.332849638244317e-07,1.456383808025549e-11,0.9852378950345551,2.5992189094468323e-08,5.022400745187865e-10,7
244,0.012095,0.012093333333333333,300.0,2231.3153675672907,2229.013514279564,-2.3018532877267717,-8.270889402684914e-07,0.0,-2.301852460637831,0.9999996406856402,-1.1463532837016633e-08,-8.270889402684914e-07,1.1471443158091834e-11,0.986139903124209,2.578835802323939e-08,4.979948069784223e-10,7
245,0.012093333333333333,0.012091666666666667,300.0,2229.0135177383627,2226.7296219056625,-2.283895832700182,-8.20458445983891e-07,0.0,-2.283895012241736,0.999999640763631,-1.2103465312460735e-08,-8.20458445983891e-07,1.4357190516316895e-11,0.9852479240457495,2.558821775478616e-08,4.938490195265556e-10,7
246,0.012091666666666667,0.01209,300.0,2226.7296253219683,2224.463434736038,-2.266190585930417,-8.143537917819944e-07,0.0,-2.266189771576625,0.9999996406507922,-1.1281008970776106e-08,-8.143537917819944e-07,1.1305043345641948e-11,0.98614728747552,2.538742820394716e-08,4.896764225724555e-10,7
247,0.01209,0.012088333333333333,300.0,2224.4634381093565,2222.2147048715533,-2.248733237803208,-8.078205807847262e-07,0.0,-2.2487324299826272,0.9999996407663804,-1.190847524199592e-08,-8.078205807847262e-07,1.413863801748538e-11,0.9852585146686559,2.5190533039100567e-08,4.856018377215858e-10,7
248,0.012088333333333333,0.012086666666666667,300.0,2222.2147082014712,2219.983188648008,-2.231519553463386,-8.018065877385078e-07,0.0,-2.231518751656798,0.999999640690315,-1.1099805170938214e-08,-8.018065877385078e-07,1.1140125877086585e-11,0.9861565053958397,2.4992798347590398e-08,4.815029913699075e-10,7
249,0.012086666666666667,0.012085,300.0,2219.9831919341723,2217.768646551135,-2.214545383037148,-7.953718403193574e-07,0.0,-2.2145445876653076,0.9999996408419324,-1.171555842757206e-08,-7.953718403193574e-07,1.3924043870409407e-11,0.98527033793041,2.4798835721920542e-08,4.774971772748384e-10,7
250,0.012085,0.012083333333333333,300.0,2217.768649793238,2215.5708431443845,-2.197806648853657,-7.894468213102554e-07,0.0,-2.1978058594068357,0.9999996408024238,-1.092197269150557e-08,-7.894468213102554e-07,1.097302452915946e-11,0.9861650305040456,2.460412742781413e-08,4.734683008711753e-10,7
251,0.012083333333333333,0.01208166666666667,300.0,2215.570846342169,2213.3895469867266,-2.1812993554422064,-7.831062681358574e-07,0.0,-2.181298572335938,0.999999640990923,-1.1528386153844364e-08,-7.831062681358574e-07,1.3714288189499597e-11,0.9852786440066594,2.4413251713542536e-08,4.695315376685469e-10,7
252,0.01208166666666667,0.01208,300.0,2213.389550139977,2211.2245305642846,-2.1650195756924404,-7.772706234068745e-07,0.0,-2.165018798421817,0.999999640986792,-1.0746202819690398e-08,-7.772706234068745e-07,1.0816855809386717e-11,0.9861744384824574,2.4221344068331544e-08,4.655718780026601e-10,7
253,0.01208,0.012078333333333332,300.0,2211.2245336716146,2209.0755702059896,-2.148963465625002,-7.710257206353662e-07,0.0,-2.1489626945992812,0.9999996412104101,-1.1340191798033827e-08,-7.710257206353662e-07,1.3509978357671513e-11,0.9852920706864502,2.403345849376578e-08,4.6170060654657507e-10,7
254,0.012078333333333332,0.012076666666666666,300.0,2209.0755732684433,2206.942446023786,-2.1331272446573166,-7.65275818162908e-07,0.0,-2.1331264793814984,0.9999996412423028,-1.0575319559044676e-08,-7.65275818162908e-07,1.065314502977987e-11,0.986181035245003,2.3844539998476464e-08,4.578093504968882e-10,7
255,0.012076666666666666,0.012075,300.0,2206.9424490397596,2204.8249418297764,-2.1175072099831596,-7.591226288251945e-07,0.0,-2.117506450860531,0.9999996415017501,-1.1160150539647275e-08,-7.591226288251945e-07,1.3304015024316898e-11,0.9852986195959952,2.3659515702979638e-08,4.5400529740733215e-10,7
256,0.012075,0.012073333333333333,300.0,2204.8249448008323,2202.722845077346,-2.10209972348639,-7.534594653935701e-07,0.0,-2.1020989700269244,0.999999641568163,-1.040477005923755e-08,-7.534594653935701e-07,1.0501502568729688e-11,0.9861906704512596,2.3473395721933643e-08,4.5018088708124815e-10,7
257,0.012073333333333333,0.012071666666666668,300.0,2202.7228480035265,2200.6359467828192,-2.0869012207072046,-7.474011405414128e-07,0.0,-2.086900473306064,0.9999996418607967,-1.0975366688095834e-08,-7.474011405414128e-07,1.3099170240061273e-11,0.9853152930966289,2.3291266584261415e-08,4.464417001674844e-10,7
258,0.012071666666666668,0.01207,300.0,2200.6359496640925,2198.5640414647123,-2.071908199380232,-7.418219681190206e-07,0.0,-2.0719074575582637,0.9999996419619516,-1.0236839456357743e-08,-7.418219681190206e-07,1.0346970371654597e-11,0.9862004094023873,2.310814898565001e-08,4.4268294904035704e-10,7
259,0.01207,0.01206810185185185,300.0,2198.564044301139,2196.4226209427115,-2.141423358427346,-7.358430746230971e-07,0.0,-2.1414226225842716,0.9999996563766471,-1.079682361910045e-08,-7.358430746230971e-07,1.2901045221733708e-11,0.9853272742634281,2.2928497178708912e-08,4.389927213847552e-10,7
260,0.01206810185185185,0.012065925925925926,300.0,2196.4226237340376,2194.194797066609,-2.227826667428417,-7.303169050588381e-07,0.0,-2.2278259371115117,0.9999996721841443,-1.0071070891519682e-08,-7.303169050588381e-07,1.0194355656091282e-11,0.9862099989446249,2.274816146104471e-08,4.352609555921391e-10,7
261,0.012065925925925926,0.01206375,300.0,2194.194799812839,2191.981563334575,-2.2132364782637524,-7.244133051059784e-07,0.0,-2.2132357538504475,0.9999996726905092,-1.0621369262688852e-08,-7.244133051059784e-07,1.271218742638087e-11,0.9853379704820097,2.257096846631621e-08,4.3161566361826854e-10,7
262,0.01206375,0.012061851851851851,300.0,2191.9815660363215,2189.883639384976,-2.0979266513454604,-7.189869719915409e-07,0.0,-2.0979259323584882,0.9999996572868877,-9.908516010816095e-09,-7.189869719915409e-07,1.0046290261507427e-11,0.9862187822633696,2.2393333454493515e-08,4.279661655142313e-10,7
263,0.012061851851851851,0.012060509259259259,300.0,2189.883642043007,2188.001488831483,-1.882153211523928,-7.132209255228846e-07,0.0,-1.8821524983030025,0.9999996210611756,-1.0446741368581438e-08,-7.132209255228846e-07,1.2511402132976554e-11,0.985352727332106,2.2219280746320993e-08,4.2444157479036185e-10,7
264,0.012060509259259259,0.01206,300.0,2188.001491446505,2186.4353587789556,-1.566132667549482,-7.079550401970551e-07,0.0,-1.5661319595944418,0.999999547959726,-9.749499473983987e-09,-7.079550401970551e-07,9.903546179989218e-12,0.9862286460009237,2.2044870012338386e-08,4.2095507202564106e-10,7
265,0.01206,0.01206,300.0,2186.435361351515,2185.06713453838,-1.368226813135152,-7.023480130376242e-07,0.0,-1.368226110787139,0.9999994866728189,-1.0279483199752664e-08,-7.023480130376242e-07,1.2316861369933239e-11,0.9853641172055227,2.187447366364616e-08,4.1758155134168054e-10,7
266,0.01206,0.01206,300.0,2185.067137068132,2183.7118800391045,-1.355257029027598,-6.971863773328036e-07,0.0,-1.3552563318412207,0.9999994855688904,-9.597105856267852e-09,-6.971863773328036e-07,9.754824294303488e-12,0.9862345189632317,2.17031119901299e-08,4.1419058018289966e-10,7
267,0.01206,0.01206,300.0,2183.7118825252546,2182.3694270405545,-1.3424554847001673,-6.916600725896657e-07,0.0,-1.3424547930400947,0.9999994847798825,-1.0119714890543533e-08,-6.916600725896657e-07,1.2128180189068156e-11,0.9853689474185579,2.153548423757702e-08,4.108708114824356e-10,7
268,0.01206,0.012059999999999998,300.0,2182.369429482888,2181.039606556746,-1.3298229261417873,-6.865715504499388e-07,0.0,-1.3298222395702368,0.9999994837120514,-9.449529131832698e-09,-6.865715504499388e-07,9.610242184670164e-12,0.9862366433248799,2.136692108352249e-08,4.075342439531862e-10,7
269,0.012059999999999998,0.01206,300.0,2181.039608955343,2179.7222508361883,-1.3173581191545054,-6.811235754079046e-07,0.0,-1.31735743803093,0.9999994829624796,-9.964119512796483e-09,-6.811235754079046e-07,1.1950284608912434e-11,0.9853710547211213,2.1202009241280445e-08,4.0426906091755345e-10,7
270,0.01206,0.01206,300.0,2179.722253191279,2178.41719412209,-1.305059069188701,-6.761069464948407e-07,0.0,-1.3050583930817545,0.9999994819338355,-9.304723694679157e-09,-6.761069464948407e-07,9.467072356300773e-12,0.9862377930844848,2.1036187273426514e-08,4.0098580265347483e-10,7
271,0.01206,0.01205925925925926,300.0,2178.4171964339894,2176.8567075358314,-1.560488898157928,-6.706995156063065e-07,0.0,-1.5604882274584122,0.999999570199111,-9.808663035950087e-09,-6.706995156063065e-07,1.176830146570393e-11,0.9853754732071289,2.0873453215201568e-08,3.9772577529543456e-10,7
272,0.01205925925925926,0.012057407407407407,300.0,2176.856709804297,2174.907333485913,-1.949376318384111,-6.656578490117129e-07,0.0,-1.949375652726262,0.9999996585277852,-9.157884106768304e-09,-6.656578490117129e-07,9.326323152275946e-12,0.9862423554077145,2.0709587164962895e-08,3.943749127358913e-10,7
273,0.012057407407407407,0.012055,300.0,2174.9073357110647,2172.7699463317595,-2.137389379305205,-6.611501253785626e-07,0.0,-2.1373887181550795,0.9999996906739915,-8.06274536256441e-09,-6.611501253785626e-07,9.208321267091976e-12,0.987804970379537,2.0568386663029783e-08,3.914485823046534e-10,6
274,0.012055,0.012052592592592594,300.0,2172.769946661447,2170.6449442225603,-2.125002438886895,-6.566499342665984e-07,0.0,-2.1250017822369607,0.9999996909886208,-8.046378820539533e-09,-6.566499342665984e-07,9.090144166268094e-12,0.9877463190040118,2.0427365499497485e-08,3.885325878146866e-10,6
275,0.012052592592592594,0.01205074074074074,300.0,2170.6449445689113,2168.732218965816,-1.9127256030951685,-6.521837102962656e-07,0.0,-1.912724950911458,0.9999996590291313,-8.034902734859028e-09,-6.521837102962656e-07,8.974337633189868e-12,0.9876800008831729,2.028666793452726e-08,3.8565952399273074e-10,6
276,0.01205074074074074,0.01205,300.0,2168.7322193466985,2167.23120552207,-1.5010138246284441,-6.47777422313896e-07,0.0,-1.5010131768510218,0.9999995684400691,-8.02608022544816e-09,-6.47777422313896e-07,8.86242953402963e-12,0.9876098178958159,2.01466319487559e-08,3.82864434906073e-10,6
277,0.01205,0.01205,300.0,2167.231205954764,2166.0079882959444,-1.2232176588195216,-6.434105229097246e-07,0.0,-1.2232170154089987,0.9999994740016069,-8.019231972194577e-09,-6.434105229097246e-07,8.754499964902021e-12,0.987536368015977,2.0007057475807818e-08,3.801232915110359e-10,6
278,0.01205,0.01205,300.0,2166.007988776273,2164.7958295965577,-1.2121591797153997,-6.39042362332373e-07,0.0,-1.2121585406730373,0.9999994728065644,-8.016594937655174e-09,-6.39042362332373e-07,8.640484187211279e-12,0.9874552996637088,1.9867655050236474e-08,3.773843366394352e-10,6
279,0.01205,0.01205,300.0,2164.7958301042167,2163.5945925947626,-1.2012375094541312,-6.346676133612104e-07,0.0,-1.2012368747865179,0.999999471655182,-8.019583709472683e-09,-6.346676133612104e-07,8.532478255719486e-12,0.9873641201462908,1.9728628363829792e-08,3.746474855343325e-10,6
280,0.01205,0.012050000000000002,300.0,2163.5945931225374,2162.404138870912,-1.1904542516253969,-6.302886519094615e-07,0.0,-1.190453621336745,0.9999994705477753,-8.022919890663082e-09,-6.302886519094615e-07,8.426046003976479e-12,0.9872710386481534,1.9589635398243712e-08,3.7191246180351395e-10,6
281,0.012050000000000002,0.01205,300.0,2162.4041394155815,2161.2243306563323,-1.1798087592492266,-6.259037768664429e-07,0.0,-1.1798081333454498,0.9999994694870911,-8.028522673280998e-09,-6.259037768664429e-07,8.318149619537368e-12,0.9871729122430362,1.9450679058933423e-08,3.691782297111555e-10,6
282,0.01205,0.01205,300.0,2161.2243312160226,2160.0550316601402,-1.1692995558823895,-6.215122105531591e-07,0.0,-1.169298934370179,0.9999994684747741,-8.037306492261389e-09,-6.215122105531591e-07,8.211662788631871e-12,0.9870681438662193,1.9311613956136204e-08,3.6644439706084e-10,6
283,0.01205,0.01204925925925926,300.0,2160.0550322334875,2158.6305731818647,-1.4244590516227618,-6.17073073675915e-07,0.0,-1.424458434549688,0.9999995668018165,-8.05054784567151e-09,-6.17073073675915e-07,8.10878676416855e-12,0.9869536555894195,1.917234552762297e-08,3.636641494438913e-10,6
284,0.01204925925925926,0.012047407407407408,300.0,2158.630573750997,2156.8184978080853,-1.8120759429116333,-6.125717825055135e-07,0.0,-1.812075330339851,0.9999996619502705,-8.061496510268287e-09,-6.125717825055135e-07,8.003719641528076e-12,0.9868399153527845,1.9032465583314934e-08,3.6081504873899586e-10,6
285,0.012047407407407408,0.012045,300.0,2156.818498358757,2154.818156925832,-2.00034143292487,-6.080338922665858e-07,0.0,-2.0003408248909778,0.9999996960349458,-8.076496579873634e-09,-6.080338922665858e-07,7.901510331730976e-12,0.9867170289640161,1.8892148317911793e-08,3.5793317846611817e-10,6
286,0.012045,0.012042592592592594,300.0,2154.8181574654964,2152.8284659634155,-1.9896915020808592,-6.034853175348017e-07,0.0,-1.9896908985955417,0.9999996966940268,-8.094115803657571e-09,-6.034853175348017e-07,7.79970956893915e-12,0.9865877171018484,1.87514670599872e-08,3.55048820107396e-10,6
287,0.012042592592592594,0.01204074074074074,300.0,2152.8284665060974,2151.0478687707255,-1.7805977353718845,-5.989515431421038e-07,0.0,-1.7805971364203412,0.9999996636233264,-8.116768589138122e-09,-5.989515431421038e-07,7.6999606164115e-12,0.9864483718556638,1.8610368507505535e-08,3.521936440938318e-10,6
288,0.01204074074074074,0.01204,300.0,2151.0478693323203,2149.674390708542,-1.3734786237782828,-5.944557182579745e-07,0.0,-1.3734780293225646,0.9999995671896833,-8.142691081799108e-09,-5.944557182579745e-07,7.60218864533714e-12,0.9863022747839639,1.84691128851747e-08,3.493966055523195e-10,6
289,0.01204,0.01204,300.0,2149.674391305182,2148.5751600571007,-1.099231248081196,-5.899756045988197e-07,0.0,-1.0992306581055915,0.9999994632834487,-8.17205365168887e-09,-5.899756045988197e-07,7.504217345763669e-12,0.986148488873119,1.8327899219516018e-08,3.46639298175904e-10,6
290,0.01204,0.01204,300.0,2148.5751606867643,2147.4854167283956,-1.0897439583686719,-5.854752182029913e-07,0.0,-1.0897433728934536,0.9999994627405696,-8.205986082699592e-09,-5.854752182029913e-07,7.406550425749959e-12,0.9859840590556738,1.8186160980975994e-08,3.4387294718282563e-10,6
291,0.01204,0.01204,300.0,2147.485417372938,2146.4050480160377,-1.080369356900519,-5.809514869017014e-07,0.0,-1.0803687759490321,0.9999994622658601,-8.242674438744669e-09,-5.809514869017014e-07,7.311543373148699e-12,0.9858117680656883,1.8044072537796537e-08,3.4109444530730355e-10,6
292,0.01204,0.01204,300.0,2146.4050486695187,2145.33393966099,-1.0711090085287651,-5.764042041239588e-07,0.0,-1.071108432124561,0.9999994618622385,-8.282388340022284e-09,-5.764042041239588e-07,7.215673214430474e-12,0.985630936969639,1.7901365486431715e-08,3.38307823417148e-10,6
293,0.01204,0.01204,300.0,2145.333940320861,2144.271977822229,-1.061962498632056,-5.718290329896467e-07,0.0,-1.061961926803023,0.9999994615355686,-8.328769126945015e-09,-5.718290329896467e-07,7.119737101497323e-12,0.9854348613896003,1.7758035450828304e-08,3.3550837837618245e-10,6
294,0.01204,0.01204,300.0,2144.271978487105,2143.2190498047003,-1.052928682404854,-5.672248554367507e-07,0.0,-1.0529281151799985,0.9999994612884376,-8.377205265544219e-09,-5.672248554367507e-07,7.024977878408856e-12,0.985231244390562,1.7614024852369436e-08,3.3269481065783284e-10,6
295,0.01204,0.01203925925925926,300.0,2143.2190504736336,2141.911357750323,-1.307692723310538,-5.625541810883262e-07,0.0,-1.307692160756357,0.9999995698116454,-8.434049587830159e-09,-5.625541810883262e-07,6.9307485785779816e-12,0.9850075781651583,1.746890258846806e-08,3.2982717088223925e-10,6
296,0.01203925925925926,0.012037407407407406,300.0,2141.9113584105207,2140.217353392549,-1.6940050179719037,-5.577997485897627e-07,0.0,-1.6940044601721551,0.9999996707213127,-8.492749271379779e-09,-5.577997485897627e-07,6.83652664844021e-12,0.9847745552183355,1.7322450500424348e-08,3.268808031132435e-10,6
297,0.012037407407407406,0.012035,300.0,2140.217354030693,2138.335001112274,-1.8823529184192012,-5.529864978330124e-07,0.0,-1.8823523654327032,0.9999997062259194,-8.553077329386457e-09,-5.529864978330124e-07,6.7435194142450486e-12,0.9845329364045896,1.7174792295059053e-08,3.238891312025526e-10,6
298,0.012035,0.012032592592592593,300.0,2138.3350017346993,2136.4618629760607,-1.8731387586385608,-5.481379954411271e-07,0.0,-1.8731382105005654,0.9999997073692524,-8.617227663988922e-09,-5.481379954411271e-07,6.651355571808673e-12,0.9842790907843306,1.7025902473867816e-08,3.208782274569119e-10,6
299,0.012032592592592593,0.012030740740740743,300.0,2136.461863594559,2134.7950619753574,-1.6668016192015784,-5.43273873643677e-07,0.0,-1.6668010759277048,0.9999996740620675,-8.690025044590872e-09,-5.43273873643677e-07,6.559380459123523e-12,0.9840043383895717,1.6875785445318618e-08,3.1787794796856887e-10,6
300,0.012030740740740743,0.01203,300.0,2134.7950626032193,2133.531333809361,-1.263728793858263,-5.384154277754913e-07,0.0,-1.2637282554428353,0.9999995739470127,-8.765847868495703e-09,-5.384154277754913e-07,6.468290382499917e-12,0.9837191740498363,1.6724728589855896e-08,3.1491691876198655e-10,6
301,0.01203,0.01203,300.0,2133.5313344599977,2132.5387530599655,-0.9925814000321225,-5.335381341028707e-07,0.0,-0.9925808664939884,0.9999994624741768,-8.853210832885577e-09,-5.335381341028707e-07,6.376176320120338e-12,0.9834066015772761,1.6572579306577957e-08,3.119681826374607e-10,6
302,0.01203,0.012029999999999999,300.0,2132.5387537308334,2131.554359516106,-0.9843942147272173,-5.286077504847251e-07,0.0,-0.9843936861194669,0.9999994630121322,-8.946142183405281e-09,-5.286077504847251e-07,6.285238261638848e-12,0.9830760291062667,1.6418971726224122e-08,3.0899312220808454e-10,6
303,0.012029999999999999,0.01203,300.0,2131.5543601935833,2130.578059804374,-0.9763003892094275,-5.236178517004225e-07,0.0,-0.9762998655915758,0.9999994636713684,-9.050163372953335e-09,-5.236178517004225e-07,6.192005535638529e-12,0.9827160908598448,1.626374475575278e-08,3.059840285529165e-10,6
304,0.01203,0.01203,300.0,2130.5780604839865,2129.6097590545096,-0.9683014294769237,-5.185628994224204e-07,0.0,-0.9683009109140243,0.999999464461289,-9.164172370547621e-09,-5.185628994224204e-07,6.1007070244710015e-12,0.9823277515982058,1.6106720809067617e-08,3.029460454217461e-10,6
305,0.01203,0.012030000000000002,300.0,2129.609759733955,2128.649362637104,-0.9603970968510112,-5.134391523221731e-07,0.0,-0.9603965834118589,0.9999994653886877,-9.285420360912374e-09,-5.134391523221731e-07,6.009716214363729e-12,0.9819152467845188,1.5947764472322336e-08,2.9986384010120506e-10,6
306,0.012030000000000002,0.01203,300.0,2128.6493633153873,2127.6967768094073,-0.9525865059799798,-5.082426753790428e-07,0.0,-0.9525859977373045,0.9999994664603454,-9.413262044806867e-09,-5.082426753790428e-07,5.918089863361469e-12,0.9814788043176687,1.5786771491485376e-08,2.9674784859592163e-10,6
307,0.01203,0.01203,300.0,2127.696777485904,2126.7519089684956,-0.9448685174083948,-5.029687532595538e-07,0.0,-0.9448680144396415,0.9999994676838692,-9.551950403472773e-09,-5.029687532595538e-07,5.82754802535312e-12,0.981008859215269,1.5623429054883647e-08,2.935907966485603e-10,6
308,0.01203,0.012029999999999999,300.0,2126.7519096427377,2125.8146677539175,-0.9372418888201537,-4.97614956196662e-07,0.0,-0.9372413912051974,0.999999469064537,-9.691745021898207e-09,-4.97614956196662e-07,5.737670057572343e-12,0.9805236058498451,1.5457983535939993e-08,2.903888298432004e-10,6
309,0.012029999999999999,0.01203,300.0,2125.8146684255166,2124.8849630871914,-0.9297053383252205,-4.921753687618205e-07,0.0,-0.9297048461498517,0.9999994706114416,-9.845280814414094e-09,-4.921753687618205e-07,5.646204442578648e-12,0.9799963967331764,1.5289912320194434e-08,2.871391245964644e-10,6
310,0.01203,0.01203,300.0,2124.884963755805,2123.9627061826704,-0.9222575731346296,-4.866400176718386e-07,0.0,-0.9222570864946119,0.9999994723382796,-1.0015448769500572e-08,-4.866400176718386e-07,5.554719585638182e-12,0.9794191837789749,1.511905319883682e-08,2.8383888247429584e-10,6
311,0.01203,0.012030000000000002,300.0,2123.962706847987,2123.047809544408,-0.9148973035789822,-4.810030064801676e-07,0.0,-0.9148968225759758,0.9999994742546463,-1.0196072835245014e-08,-4.810030064801676e-07,5.463349169585426e-12,0.9788024758725382,1.4945250190707568e-08,2.8048342379893665e-10,6
312,0.012030000000000002,0.01203,300.0,2123.047810206141,2122.1401869556685,-0.9076232504726249,-4.75254833843312e-07,0.0,-0.9076227752177911,0.9999994763743287,-1.0394004896298129e-08,-4.75254833843312e-07,5.370520752390408e-12,0.9781296177205744,1.476821832957809e-08,2.770665472463361e-10,6
313,0.01203,0.01203,300.0,2122.1401876135483,2121.2397534644556,-0.900434149092689,-4.6939062760743993e-07,0.0,-0.9004336797020615,0.999999478706324,-1.0601719359502029e-08,-4.6939062760743993e-07,5.279448361514042e-12,0.9774138665410925,1.458769312635667e-08,2.7358772662716785e-10,6
314,0.01203,0.012029999999999999,300.0,2121.2397541182363,2120.346425366771,-0.8933287514651056,-4.634057897925814e-07,0.0,-0.8933282880593159,0.9999994812595151,-1.081829440558371e-08,-4.634057897925814e-07,5.185244621289608e-12,0.9766548138934001,1.4403470242334337e-08,2.700371925092751e-10,6
315,0.012029999999999999,0.01203,300.0,2120.346426016222,2119.46012018854,-0.8863058276820084,-4.5727670579218136e-07,0.0,-0.8863053704053026,0.9999994840644261,-1.107356862491805e-08,-4.5727670579218136e-07,5.090860879760687e-12,0.9757836590304019,1.4215244481430595e-08,2.6641332542459216e-10,6
316,0.01203,0.01203,300.0,2119.4601208334434,2118.580756666909,-0.8793641665342875,-4.510010232756046e-07,0.0,-0.8793637155332642,0.9999994871282678,-1.1338634520681991e-08,-4.510010232756046e-07,4.994989935151933e-12,0.9748589605444132,1.4022366235383715e-08,2.626964171306761e-10,6
317,0.01203,0.012030000000000002,300.0,2118.5807573081447,2117.708254732989,-0.8725025751555222,-4.445532149231037e-07,0.0,-0.8725021306023073,0.9999994904849251,-1.164191326340418e-08,-4.445532149231037e-07,4.898727142972834e-12,0.9738121042147497,1.3824815351816761e-08,2.589038532483179e-10,6
318,0.012030000000000002,0.01203,300.0,2117.7082553685013,2116.842535486203,-0.8657198822984356,-4.379376086330649e-07,0.0,-0.8657194443608269,0.9999994941347454,-1.1952216039542889e-08,-4.379376086330649e-07,4.802179674187945e-12,0.9727079478813219,1.362136732530049e-08,2.549798244539508e-10,6
319,0.01203,0.012029259259259259,300.0,2116.8425361165932,2115.722858538433,-1.1196775781604629,-4.311345918058822e-07,0.0,-1.119677147025871,0.9999996149475525,-1.2219768159588652e-08,-4.311345918058822e-07,4.717198965327306e-12,0.9716567206811125,1.341485871352619e-08,2.510222353381597e-10,6
320,0.012029259259259259,0.012027407407407407,300.0,2115.72285915466,2114.2191603456527,-1.5036988090073464,-4.2460214634958265e-07,0.0,-1.5036983844052,0.9999997176281954,-1.1730974368342676e-08,-4.2460214634958265e-07,4.736514122059547e-12,0.9723718439268455,1.3211395361424626e-08,2.4698513389282923e-10,6
321,0.012027407407407407,0.012025000000000001,300.0,2114.2191609404194,2112.5271318990044,-1.6920290414150259,-4.1930430165842167e-07,0.0,-1.6920286221107241,0.9999997521884723,-9.410716252810406e-09,-4.1930430165842167e-07,4.8250948486267315e-12,0.9775563565277309,1.305186022887692e-08,2.4396418317769147e-10,6
322,0.012025000000000001,0.012022592592592592,300.0,2112.5271324767286,2110.842116139591,-1.6850163371377676,-4.1471591172194057e-07,0.0,-1.685015922421856,0.9999997538801836,-8.203647047911635e-09,-4.1471591172194057e-07,4.788353053447882e-12,0.980218634453042,1.2906979899376203e-08,2.4108120749877754e-10,6
323,0.012022592592592592,0.012020740740740742,300.0,2110.8421167081915,2109.3590695383227,-1.4830471698687688,-4.101517114302372e-07,0.0,-1.4830467597170574,0.9999997234398744,-8.156656669836531e-09,-4.101517114302372e-07,4.716246093814389e-12,0.9801130741564054,1.2765435721988708e-08,2.3834451783120233e-10,6
324,0.012020740740740742,0.01202,300.0,2109.3590701066796,2108.2726118616947,-1.0864582449848967,-4.055593509307964e-07,0.0,-1.0864578394255457,0.9999996267142774,-8.279627997910594e-09,-4.055593509307964e-07,4.64143736409634e-12,0.9795846699653009,1.2621203285821553e-08,2.3558145961249826e-10,6
325,0.01202,0.01202,300.0,2108.272612438706,2107.452362358726,-0.8202500799798145,-4.0090597027206677e-07,0.0,-0.8202496790738442,0.9999995112393402,-8.420443592056943e-09,-4.0090597027206677e-07,4.566238950973586e-12,0.9789964624713805,1.2475413021991206e-08,2.3281716628248012e-10,6
326,0.01202,0.01202,300.0,2107.452362943015,2106.638303866949,-0.8140590760658597,-3.9616858262563095e-07,0.0,-0.8140586798972771,0.9999995133417288,-8.567200226914086e-09,-3.9616858262563095e-07,4.4910560849389355e-12,0.9783748621101289,1.232716017885933e-08,2.3000229908941972e-10,6
327,0.01202,0.01202,300.0,2106.63830444994,2105.830371349114,-0.8079331008257213,-3.913373321896902e-07,0.0,-0.8079327094883891,0.9999995156315148,-8.728592999163098e-09,-3.913373321896902e-07,4.414755195935288e-12,0.9776954757923986,1.2176485246027385e-08,2.2713973083084274e-10,6
328,0.01202,0.01202,300.0,2105.83037192779,2105.0284984073423,-0.8018735204477707,-3.864037112963233e-07,0.0,-0.8018731340440595,0.9999995181238669,-8.908199236976148e-09,-3.864037112963233e-07,4.3371588102648374e-12,0.9769458755789624,1.2022789923393509e-08,2.2422093207967e-10,6
329,0.01202,0.01202,300.0,2105.028498980552,2104.2326186517494,-0.7958803288024683,-3.8135335805732207e-07,0.0,-0.7958799474491103,0.9999995208408297,-9.111346173859896e-09,-3.8135335805732207e-07,4.258679653359395e-12,0.976107864317035,1.186594008626754e-08,2.2123840295561237e-10,6
330,0.01202,0.01202,300.0,2104.232619219001,2103.4426662148226,-0.789953004178642,-3.7618177706095134e-07,0.0,-0.7899526279968649,0.9999995237922066,-9.326487735799274e-09,-3.7618177706095134e-07,4.1809493050190136e-12,0.975207497267237,1.1705398060515269e-08,2.1819028363416286e-10,6
331,0.01202,0.01202,300.0,2103.442666775875,2102.658575954811,-0.7840908210637281,-3.7088111021524034e-07,0.0,-0.7840904501826178,0.9999995269921541,-9.552234287664218e-09,-3.7088111021524034e-07,4.101457594986967e-12,0.9742444842172722,1.1541338292315599e-08,2.150717453314081e-10,6
332,0.01202,0.01202,300.0,2102.6585765095333,2101.8802835386055,-0.7782929709278505,-3.6545067018352893e-07,0.0,-0.7782926054771804,0.9999995304458812,-9.784192818397668e-09,-3.6545067018352893e-07,4.0246145467349105e-12,0.9732270491842742,1.1373249634155484e-08,2.1187547271439487e-10,6
333,0.01202,0.01202,300.0,2101.880284086912,2101.107725474552,-0.7725586123601715,-3.599084202979738e-07,0.0,-0.7725582524517512,0.9999995341344792,-9.971081674209602e-09,-3.599084202979738e-07,3.954067271819137e-12,0.9722955032117493,1.1202896841220294e-08,2.0863885312526675e-10,6
334,0.01202,0.01202,300.0,2101.1077260163847,2100.3408391233024,-0.766886893082301,-3.5455439747137666e-07,0.0,-0.7668865385279034,0.9999995376705474,-9.670218312853283e-09,-3.5455439747137666e-07,3.956795489055959e-12,0.9727257132281544,1.1034747820432034e-08,2.0545982128311e-10,6
335,0.01202,0.01202,300.0,2100.3408396586187,2099.5795626979348,-0.761276960683972,-3.5005871265585426e-07,0.0,-0.7612766106252593,0.9999995401690439,-8.087641990922898e-09,-3.5005871265585426e-07,4.01528929332316e-12,0.976896327105922,1.0897029986975756e-08,2.0285371288122208e-10,6
336,0.01202,0.01202,300.0,2099.5795632267027,2098.8238352556887,-0.7557279710140392,-3.4619841834181813e-07,0.0,-0.7557276248156208,0.9999995419007478,-6.9989469782471335e-09,-3.4619841834181813e-07,3.994870905275924e-12,0.979783423009932,1.0773390969804823e-08,2.0053352259050452e-10,6
337,0.01202,0.01202,300.0,2098.8238357778864,2098.073596690645,-0.7502390872414253,-3.423812757497356e-07,0.0,-0.7502387448601495,0.9999995436371131,-6.886959984713486e-09,-3.423812757497356e-07,3.9360895473141375e-12,0.9798851150091877,1.0654083108348615e-08,1.9827530273565722e-10,6
338,0.01202,0.01202,300.0,2098.073597206257,2097.3287877247376,-0.7448094815194963,-3.3851932057788395e-07,0.0,-0.7448091430001758,0.99999954549542,-6.973631805968393e-09,-3.3851932057788395e-07,3.873630778920193e-12,0.9793996047431983,1.0532472938427385e-08,1.959846980708882e-10,6
339,0.01202,0.01202,300.0,2097.3287882341924,2096.5893498977057,-0.7394383364867281,-3.3458532135883905e-07,0.0,-0.7394380019014067,0.999999547514235,-7.092613549076994e-09,-3.3458532135883905e-07,3.80910754062311e-12,0.9788017791089221,1.0409372929612142e-08,1.9365780393636397e-10,6
340,0.01202,0.01202,300.0,2096.589350399336,2095.8552255486984,-0.7341248506377269,-3.305757723278555e-07,0.0,-0.7341245200619546,0.9999995497008826,-7.226505667095725e-09,-3.305757723278555e-07,3.744963720138723e-12,0.9781396391628824,1.0283867260487775e-08,1.9128742458472486e-10,6
341,0.01202,0.01202,300.0,2095.855226043755,2095.1263578132593,-0.7288682304956637,-3.2648117237445967e-07,0.0,-0.7288679040144914,0.9999995520710622,-7.373214137388966e-09,-3.2648117237445967e-07,3.679225074143314e-12,0.9774161122867685,1.0156104989576378e-08,1.888749540558398e-10,6
342,0.01202,0.01202,300.0,2095.126358301748,2094.402690605803,-0.7236676959450961,-3.2229095853954664e-07,0.0,-0.7236673736541375,0.9999995546423305,-7.539474427252702e-09,-3.2229095853954664e-07,3.615285224960436e-12,0.9766066213541402,1.0025680139288376e-08,1.8640710229885725e-10,6
343,0.01202,0.01202,300.0,2094.4026910877355,2093.684168608793,-0.7185224789427593,-3.1801026431996053e-07,0.0,-0.718522160932495,0.9999995574108345,-7.697205001733511e-09,-3.1801026431996053e-07,3.5503761265445953e-12,0.975795734083636,9.892728761199878e-09,1.8389515430580134e-10,6
344,0.01202,0.01202,300.0,2093.6841690841843,2092.9707372606235,-0.713431823560768,-3.1362224360369675e-07,0.0,-0.7134315099385243,0.9999995604033445,-7.889279259026442e-09,-3.1362224360369675e-07,3.4825669612527942e-12,0.9748446437715189,9.756320113455369e-09,1.8131468060677832e-10,6
345,0.01202,0.01202,300.0,2092.970737729492,2092.2623427437466,-0.7083949857455991,-3.0912476576632985e-07,0.0,-0.7083946766208333,0.9999995636265473,-8.075340107703662e-09,-3.0912476576632985e-07,3.4193085605401683e-12,0.9738767610945547,9.61733884835875e-09,1.7868879786838e-10,6
346,0.01202,0.01202,300.0,2092.262343206116,2091.558931972825,-0.703411233290808,-3.045397362781325e-07,0.0,-0.7034109287510717,0.9999995670530667,-8.239092815588257e-09,-3.045397362781325e-07,3.3543051138154867e-12,0.9729457544152348,9.474886889216034e-09,1.7598959941834955e-10,6
347,0.01202,0.01202,300.0,2091.558932428721,2090.8604525831224,-0.6984798455987402,-2.999096502019616e-07,0.0,-0.69847954568909,0.9999995706251911,-8.298821307910842e-09,-2.999096502019616e-07,3.31517418982675e-12,0.9723289287212922,9.332985987443438e-09,1.733245227968484e-10,6
348,0.01202,0.01202,300.0,2090.8604530325742,2090.1668529195817,-0.6936001129924989,-2.957121084274674e-07,0.0,-0.6935998172803904,0.9999995736561991,-7.574054531224559e-09,-2.957121084274674e-07,3.3479569324137275e-12,0.9743870666253684,9.199701779047332e-09,1.7079409410016272e-10,6
349,0.01202,0.012019259259259259,300.0,2090.1668533626225,2089.2204861253613,-0.9463672372612564,-2.922347452986764e-07,0.0,-0.9463669450265111,0.9999996912036535,-6.211651087824119e-09,-2.922347452986764e-07,3.3738426123213484e-12,0.9787443102240442,9.092947625335044e-09,1.6879839931783618e-10,6
350,0.012019259259259259,0.012017407407407407,300.0,2089.2204865571066,2087.8927930075624,-1.3276935495441649,-2.8897888288878744e-07,0.0,-1.327693260565282,0.9999997823451934,-5.8002027383934135e-09,-2.8897888288878744e-07,3.3301112268433184e-12,0.9799286277238963,8.990261862864648e-09,1.6681687304020346e-10,6
351,0.012017407407407407,0.012015,300.0,2087.8927934240887,2086.377155599505,-1.5156378245837914,-2.856833757384318e-07,0.0,-1.5156375389004155,0.9999998115094707,-5.830918851595083e-09,-2.856833757384318e-07,3.2783491611510748e-12,0.9795895759194129,8.888034041754874e-09,1.6484693306762117e-10,6
352,0.012015,0.012012592592592592,300.0,2086.3771560032715,2084.866657708761,-1.5104982945103984,-2.823406735736969e-07,0.0,-1.510498012169725,0.9999998130811041,-5.9169941044208675e-09,-2.823406735736969e-07,3.224972777855583e-12,0.9790430686817908,8.78398739134263e-09,1.6283771940902645e-10,6
353,0.012012592592592592,0.01201074074074074,300.0,2084.866658104315,2083.5540452133364,-1.3126128909784711,-2.7894810868561103e-07,0.0,-1.3126126120303625,0.9999997874863865,-6.0224949714045795e-09,-2.7894810868561103e-07,3.1716902162631604e-12,0.978409980982548,8.678510233029787e-09,1.6081745783351e-10,6
354,0.01201074074074074,0.01201,300.0,2083.554045605787,2082.6317740853556,-0.9222715204314227,-2.755156311978454e-07,0.0,-0.9222712449157915,0.9999997012640799,-6.1379005803968955e-09,-2.755156311978454e-07,3.115426741146947e-12,0.9777221330284911,8.571040017686732e-09,1.5878906792742072e-10,6
355,0.01201,0.01201,300.0,2082.6317744798143,2081.9710226953857,-0.6607517844286122,-2.720214347977502e-07,0.0,-0.6607515124071773,0.9999995883152475,-6.271809903148256e-09,-2.720214347977502e-07,3.0616963775080246e-12,0.9769436922946481,8.461652294775514e-09,1.5673859612000078e-10,6
356,0.01201,0.01201,300.0,2081.971023091268,2081.314761513006,-0.6562615782618195,-2.684467941177046e-07,0.0,-0.6562613098150254,0.9999995909454354,-6.409509405160847e-09,-2.684467941177046e-07,3.007024803733123e-12,0.9761237252758903,8.350181029224293e-09,1.546475880755881e-10,6
357,0.01201,0.01201,300.0,2081.3147619056635,2080.662947948671,-0.6518139569925552,-2.647897780991813e-07,0.0,-0.6518136922027771,0.9999995937647924,-6.553729270064839e-09,-2.647897780991813e-07,2.952175146642215e-12,0.9752493116724089,8.236273104011268e-09,1.5250694469316605e-10,6
358,0.01201,0.01201,300.0,2080.6629483364477,2080.0155382262633,-0.6474101101844099,-2.6104860286628377e-07,0.0,-0.647409849135807,0.9999995967801573,-6.700791249077926e-09,-2.6104860286628377e-07,2.896727365254355e-12,0.9743312502901605,8.119903085277662e-09,1.503255776473115e-10,6
359,0.01201,0.01201,300.0,2080.015538608558,2079.3724884183544,-0.6430501902036667,-2.572153383396251e-07,0.0,-0.6430499329883284,0.9999996000073675,-6.858227190012621e-09,-2.572153383396251e-07,2.8417529469700602e-12,0.9733366321220042,8.001305250803633e-09,1.4808784487722925e-10,6
360,0.01201,0.01201,300.0,2079.3724887949584,2078.733754847199,-0.6387339477591922,-2.533325202656565e-07,0.0,-0.6387336944266719,0.9999996033833474,-6.955868539412331e-09,-2.533325202656565e-07,2.7981687721435265e-12,0.9725425360624128,7.880040545122128e-09,1.458306855491679e-10,6
361,0.01201,0.01201,300.0,2078.7337552180884,2078.099294247392,-0.6344609706961819,-2.496583227058888e-07,0.0,-0.6344607210378592,0.9999996065032615,-6.569232751444648e-09,-2.496583227058888e-07,2.8151829604809937e-12,0.9736871069217926,7.766860772168573e-09,1.4369236766730255e-10,6
362,0.01201,0.01201,300.0,2078.0992946125352,2077.469063833217,-0.6302307793180262,-2.4662369943408505e-07,0.0,-0.6302305326943267,0.9999996086771583,-5.456855342020749e-09,-2.4662369943408505e-07,2.8405595754139703e-12,0.9778737592755995,7.670415996968355e-09,1.4190997818250236e-10,6
363,0.01201,0.01201,300.0,2077.469064192646,2076.8430213254123,-0.6260428672335365,-2.438736430789114e-07,0.0,-0.6260426233598935,0.9999996104521658,-4.932510494836875e-09,-2.438736430789114e-07,2.8157274196735795e-12,0.9797743190589856,7.584257159558866e-09,1.4029801272069513e-10,6
364,0.01201,0.01201,300.0,2076.843021679172,2076.2211249631505,-0.621896716021638,-2.411363299596534e-07,0.0,-0.621896474885308,0.9999996122566275,-4.911345516566616e-09,-2.411363299596534e-07,2.7728179937074524e-12,0.9796324945420362,7.498056973556121e-09,1.3868517535249046e-10,6
365,0.01201,0.01201,300.0,2076.2211253110504,2075.6033335064494,-0.6177918046009836,-2.3835350189725055e-07,0.0,-0.6177915662474817,0.9999996141847461,-4.989876083132027e-09,-2.3835350189725055e-07,2.725264945236667e-12,0.9790652285642396,7.410514398221649e-09,1.3705472809122933e-10,6
366,0.01201,0.01201,300.0,2075.6033338487946,2074.989606234596,-0.613727614198524,-2.3550860000187626e-07,0.0,-0.613727378689924,0.9999996162652706,-5.094092438178303e-09,-2.3550860000187626e-07,2.6783704148864018e-12,0.9783698241247338,7.321520196078165e-09,1.3538606275826915e-10,6
367,0.01201,0.01201,300.0,2074.9896065714447,2074.3799029412185,-0.6097036302262495,-2.3259867068831403e-07,0.0,-0.6097033976275789,0.9999996185053539,-5.2086075004800546e-09,-2.3259867068831403e-07,2.631770984137142e-12,0.9776068905077292,7.230462101973152e-09,1.3368605040939109e-10,6
368,0.01201,0.01201,300.0,2074.3799032726315,2073.7741839291984,-0.6057193434330657,-2.296281297575701e-07,0.0,-0.6057191138049359,0.9999996209001211,-5.311276215485826e-09,-2.296281297575701e-07,2.5871086936005203e-12,0.9768700976614093,7.137892937935205e-09,1.3195057412854188e-10,6
369,0.01201,0.01201,300.0,2073.774184255236,2073.172410005806,-0.6017742494300364,-2.2659208836920964e-07,0.0,-0.6017740228379481,0.9999996234599794,-5.425848229107517e-09,-2.2659208836920964e-07,2.538722547243663e-12,0.9760545557077587,7.043387078205833e-09,1.3018164925403507e-10,6
370,0.01201,0.01201,300.0,2073.1724103253105,2072.574542471137,-0.5978678541732734,-2.2347477397539068e-07,0.0,-0.5978676306984994,0.9999996262137654,-5.565990799990871e-09,-2.2347477397539068e-07,2.4923829771447125e-12,0.9750934268732997,6.94670138494343e-09,1.2836933533821195e-10,6
371,0.01201,0.01201,300.0,2072.5745427854354,2071.980543119058,-0.5939996663773854,-2.202839695243521e-07,0.0,-0.5939994460934159,0.9999996291513582,-5.700071666543077e-09,-2.202839695243521e-07,2.4440521937247263e-12,0.9741239833345524,6.8472881954350715e-09,1.265117978747261e-10,6
372,0.01201,0.01201,300.0,2071.98054342821,2071.3903742252633,-0.5901692029465266,-2.1702053070215e-07,0.0,-0.590168985925996,0.9999996322740503,-5.8173300704407466e-09,-2.1702053070215e-07,2.4006664472852014e-12,0.9731945634285415,6.7467724243189415e-09,1.2461971291023623e-10,6
373,0.01201,0.01201,300.0,2071.3903745293323,2070.8039985417668,-0.5863759875655887,-2.1377061888272187e-07,0.0,-0.5863757737949699,0.9999996354376315,-5.810426167235759e-09,-2.1377061888272187e-07,2.3725310276916893e-12,0.9728193416026762,6.644836815294838e-09,1.2272962433268712e-10,6
374,0.01201,0.01201,300.0,2070.8039988408095,2070.221386488435,-0.5826123523743263,-2.1091534818505663e-07,0.0,-0.5826121414589781,0.999999637983391,-5.044186515146531e-09,-2.1091534818505663e-07,6.2447122578123465e-12,0.9760843079531568,6.5628057085291485e-09,1.2130837870901026e-10,5
375,0.01201,0.01201,300.0,2070.2213792905022,2069.6424866790408,-0.5788926114614696,-2.0921196322894174e-07,0.0,-0.5788924022495064,0.9999996385997004,-3.113468209735522e-09,-2.0921196322894174e-07,2.4322625738613942e-12,0.985118115801397,6.502193626679933e-09,1.2006325897067226e-10,5
376,0.01201,0.01201,300.0,2069.64247961069,2069.0672710599056,-0.5752085507842821,-2.0702899722771328e-07,0.0,-0.5752083437552848,0.9999996400801118,-3.890251256623245e-09,-2.0702899722771328e-07,5.60980764806844e-12,0.9812091479516547,6.435668711589967e-09,1.1895210163032303e-10,5
377,0.01201,0.01201,300.0,2069.067264118828,2068.4957042989276,-0.571559819900358,-2.05437941271303e-07,0.0,-0.5715596144624167,0.9999996405661592,-2.88252099449025e-09,-2.05437941271303e-07,2.4000578234585095e-12,0.9859688966086183,6.3816662752237925e-09,1.1783326689440365e-10,5
378,0.01201,0.01201,300.0,2068.4956974826764,2067.927751453414,-0.5679460292622025,-2.0331817848155494e-07,0.0,-0.567945825944024,0.9999996420114446,-3.764282923424606e-09,-2.0331817848155494e-07,5.503070104802329e-12,0.981485753258575,6.318048656865119e-09,1.167629863020434e-10,5
379,0.01201,0.01201,300.0,2067.9277447595587,2067.363377998959,-0.5643667605995688,-2.0175640316581475e-07,0.0,-0.5643665588431657,0.9999996425083523,-2.8244395001606725e-09,-2.0175640316581475e-07,2.3596795619483554e-12,0.9860007441853561,6.265260715442191e-09,1.1566831888939589e-10,5
380,0.01201,0.01201,300.0,2067.3633714251164,2066.8025498283823,-0.5608215967340584,-1.9968109217433263e-07,0.0,-0.5608213970529662,0.9999996439489967,-3.6853437812880785e-09,-1.9968109217433263e-07,5.398067939212469e-12,0.9815438520434846,6.2026371166871565e-09,1.146165340805178e-10,5
381,0.01201,0.01201,300.0,2066.802543372214,2066.2452332580065,-0.5573101142076666,-1.981461258276705e-07,0.0,-0.5573099160615408,0.9999996444598424,-2.769401991006591e-09,-1.981461258276705e-07,2.3200485863266447e-12,0.9860234360907204,6.151176937949468e-09,1.1354373544586743e-10,5
382,0.01201,0.01201,300.0,2066.2452269172263,2065.6913950165126,-0.5538319007137034,-1.9611385382507383e-07,0.0,-0.5538317045998495,0.9999996458964289,-3.6034029195967726e-09,-1.9611385382507383e-07,5.297004760826168e-12,0.9816259644624042,6.090090388267113e-09,1.1251729785538432e-10,5
383,0.01201,0.01201,300.0,2065.6913887888795,2065.141002246617,-0.5503865422624585,-1.9461251513636167e-07,0.0,-0.5503863476499434,0.9999996464075697,-2.7072576148287875e-09,-1.9461251513636167e-07,2.2807450242068775e-12,0.9860889850124394,6.039704101819968e-09,1.1146978718095723e-10,5
384,0.01201,0.01201,300.0,2065.140996129936,2064.594022492345,-0.5469736375907814,-1.9262514905724622e-07,0.0,-0.5469734449656324,0.9999996478346747,-3.5232769794525045e-09,-1.9262514905724622e-07,5.190955329561153e-12,0.9817091537803019,5.979773126366119e-09,1.1046492459909339e-10,5
385,0.01201,0.01201,300.0,2064.594016484465,2064.050423698255,-0.5435927862099561,-1.9115247595848773e-07,0.0,-0.5435925950574801,0.9999996483535455,-2.6487519015956866e-09,-1.9115247595848773e-07,2.244642866090841e-12,0.9861432508874699,5.930858491331675e-09,1.0944127762566321e-10,5
386,0.01201,0.01201,300.0,2064.0504177987964,2063.510174203576,-0.5402435952205451,-1.892086491770618e-07,0.0,-0.5402434060118959,0.9999996497716014,-3.4442216909780313e-09,-1.892086491770618e-07,5.0969358538765116e-12,0.9817967005950403,5.8721971013989075e-09,1.0845740210519291e-10,5
387,0.01201,0.01201,300.0,2063.510168408696,2062.973242732659,-0.5369256760368444,-1.8776564637789375e-07,0.0,-0.536925488271198,0.9999996502949016,-2.593066911635012e-09,-1.8776564637789375e-07,2.2066145685990913e-12,0.9861898757219079,5.8243982772664605e-09,1.0745591298590647e-10,5
388,0.01201,0.01201,300.0,2062.9732370403362,2062.4395983896216,-0.5336386507146926,-1.858585947580091e-07,0.0,-0.5336384648560979,0.9999996517145179,-3.377938677931798e-09,-1.858585947580091e-07,5.002945657277037e-12,0.9818252221139951,5.766775351897209e-09,1.0648872062526244e-10,5
389,0.01201,0.01201,300.0,2062.439592797878,2061.9092106574435,-0.5303821404345399,-1.8444016782084205e-07,0.0,-0.5303819559943721,0.9999996522504176,-2.547562767050665e-09,-1.8444016782084205e-07,2.167374060196277e-12,0.9861875924471871,5.719781343431953e-09,1.0550841379936833e-10,5
390,0.01201,0.01201,300.0,2061.909205164341,2061.382049385934,-0.5271557784071774,-1.8256304365518455e-07,0.0,-0.5271555958441337,0.9999996536829318,-3.320400429197535e-09,-1.8256304365518455e-07,4.915818604257823e-12,0.981812307887083,5.663354604806964e-09,1.0455972295830551e-10,5
391,0.01201,0.01201,300.0,2061.382043989572,2060.858084792674,-0.5239591968979767,-1.8117277329883293e-07,0.0,-0.5239590157252033,0.9999996542235075,-2.4961957712021227e-09,-1.8117277329883293e-07,2.1324808468320112e-12,0.9862220148990886,5.6172346211864276e-09,1.0359878543377191e-10,5
392,0.01201,0.01201,300.0,2060.858079491204,2060.3372874513275,-0.5207920398765964,-1.7933408853500076e-07,0.0,-0.5207918605425078,0.9999996556512488,-3.2460703517965902e-09,-1.7933408853500076e-07,4.831341643770685e-12,0.9818993121814481,5.562432599410503e-09,1.026699553506262e-10,5
393,0.01201,0.01201,300.0,2060.337282242915,2059.8196282925896,-0.5176539503254389,-1.779696512176071e-07,0.0,-0.5176537723557877,0.999999656199569,-2.4508175049852427e-09,-1.779696512176071e-07,2.0950573459135333e-12,0.9862290143953332,5.516952920730067e-09,1.0172699200222566e-10,5
394,0.01201,0.01201,300.0,2059.819623175448,2059.305078592856,-0.5145445825924071,-1.7616230264160665e-07,0.0,-0.5145444064301045,0.9999996576345207,-3.1899988329007503e-09,-1.7616230264160665e-07,4.7485059757703895e-12,0.9818917056313085,5.462984202886676e-09,1.0081380833338172e-10,5
395,0.01201,0.01201,300.0,2059.305073565236,2058.7936099752574,-0.5114635899785753,-1.748205360979259e-07,0.0,-0.5114634151580393,0.9999996581955403,-2.408089040892583e-09,-1.748205360979259e-07,2.058433349268613e-12,0.9862253651965482,5.418373572805746e-09,9.98888127306045e-11,5
396,0.01201,0.01201,300.0,2058.7936050354447,2058.2851943985706,-0.5084106368740322,-1.7304378287826075e-07,0.0,-0.5084104638302493,0.9999996596377607,-3.1362662395393516e-09,-1.7304378287826075e-07,4.665743400900538e-12,0.9818758802692972,5.365144656340862e-09,9.899288323615143e-11,5
397,0.01201,0.01201,300.0,2058.285189544886,2057.7798041583387,-0.5053853865474593,-1.7172121098181913e-07,0.0,-0.5053852148262483,0.9999996602173004,-2.370206507496268e-09,-1.7172121098181913e-07,2.0213385981689573e-12,0.9861973573681169,5.321435270860693e-09,9.808114517313859e-11,5
398,0.01201,0.01201,300.0,2057.7797993891368,2057.2774118760567,-0.5023875130800661,-1.6997314352811054e-07,0.0,-0.5023873431069226,0.999999661669251,-3.084942751403662e-09,-1.6997314352811054e-07,4.5793649442640255e-12,0.9818504106744753,5.269035056925096e-09,9.719591760463996e-11,5
399,0.01201,0.01201,300.0,2057.2774071897247,2056.777990500399,-0.4994166893256988,-1.6867522676118244e-07,0.0,-0.49941652065047204,0.9999996622555265,-2.3239246426641113e-09,-1.6867522676118244e-07,1.98630286359542e-12,0.9862224898861145,5.226245738903399e-09,9.630519751340343e-11,5
400,0.01201,0.01201,300.0,2056.7779858953218,2056.2815132964874,-0.49647259883431616,-1.6696129933483573e-07,0.0,-0.4964724318730168,0.9999996637049059,-3.0227900160918087e-09,-1.6696129933483573e-07,4.503131097758089e-12,0.9818952653810528,5.174932078820816e-09,9.5440804667669e-11,5
401,0.01201,0.01201,300.0,2056.281508771155,2055.787953847387,-0.49355492376798793,-1.6569045972764952e-07,0.0,-0.4935547580775282,0.99999966429175,-2.2759222526330507e-09,-1.6569045972764952e-07,1.9528596648158452e-12,0.9862640114803589,5.132899067339439e-09,9.456768803572121e-11,5
402,0.01201,0.01201,300.0,2055.787949400283,2055.2972860436475,-0.4906633566356504,-1.6401127876417878e-07,0.0,-0.49066319262437164,0.9999996657356279,-2.9613523446455865e-09,-1.6401127876417878e-07,4.413249304609043e-12,0.9819442152578816,5.0825141782797175e-09,9.371756505727502e-11,5
403,0.01201,0.01201,300.0,2055.2972816732863,2054.80948408462,-0.4877975886661261,-1.627582897677781e-07,0.0,-0.4877974259078363,0.99999966634052,-2.2406104317318753e-09,-1.627582897677781e-07,1.9162041830492605e-12,0.9862335096115302,5.041348385673409e-09,9.285951029743634e-11,5
404,0.01201,0.01201,300.0,2054.8094797895465,2054.3245224684492,-0.48495732109722667,-1.6110091766317105e-07,0.0,-0.484957159996309,0.9999996678039269,-2.9184897380901235e-09,-1.6110091766317105e-07,4.341956429593627e-12,0.9818840899206293,4.9919456590229856e-09,9.20230716293154e-11,5
405,0.01201,0.01201,300.0,2054.3245182487076,2053.8423759949465,-0.4821422537611397,-1.5987120284121217e-07,0.0,-0.4821420938899369,0.9999996684148681,-2.2019092176603243e-09,-1.5987120284121217e-07,1.8821514435522903e-12,0.9862269803533829,4.951147638355605e-09,9.118142396356535e-11,5
406,0.01201,0.01201,300.0,2053.8423718476183,2053.3630197510784,-0.47935209653996935,-1.5824125670256663e-07,0.0,-0.47935193829871264,0.9999996698851265,-2.869957712396833e-09,-1.5824125670256663e-07,4.261117516798352e-12,0.9818634041955869,4.902493931071227e-09,9.035975085362158e-11,5
407,0.01201,0.01201,300.0,2053.3630156747968,2052.8864291170626,-0.4765865577342083,-1.5703109296563285e-07,0.0,-0.47658640070311536,0.9999996705087661,-2.162672016828658e-09,-1.5703109296563285e-07,1.8510602751573636e-12,0.9862277465183155,4.862697630016257e-09,8.95308713239689e-11,5
408,0.01201,0.01201,300.0,2052.8864251104874,2052.4125797552497,-0.47384535523769955,-1.5543897770394607e-07,0.0,-0.47384519979872186,0.9999996719626436,-2.802668266739733e-09,-1.5543897770394607e-07,4.1744195957687325e-12,0.9819693341519667,4.815123765927221e-09,8.872716709701743e-11,5
409,0.01201,0.01201,300.0,2052.4125758170735,2051.9414476115235,-0.47112820555003054,-1.5425594086338142e-07,0.0,-0.4711280512940897,0.9999996725818173,-2.1141744871300777e-09,-1.5425594086338142e-07,1.8206561266143086e-12,0.9862943723574152,4.776157550661808e-09,8.791769787769841e-11,5
410,0.01201,0.01201,300.0,2051.9414437404553,2051.4730089059917,-0.46843483446355094,-1.5269750864672193e-07,0.0,-0.4684346817660423,0.9999996740261453,-2.7440092249817115e-09,-1.5269750864672193e-07,4.095245436674996e-12,0.982029770824027,4.729444569344617e-09,8.71337488916993e-11,5
411,0.01201,0.01201,300.0,2051.47300510077,2051.007240134383,-0.4657649663868142,-1.5153493947682323e-07,0.0,-0.4657648148518747,0.9999996746536335,-2.0745852023990203e-09,-1.5153493947682323e-07,1.7897094224966561e-12,0.986309525647606,4.691399364512249e-09,8.633677947961947e-11,5
412,0.01201,0.01201,300.0,2051.0072363937734,2050.5441180590246,-0.4631183347487422,-1.50006653405046e-07,0.0,-0.46311818474208877,0.9999996760943323,-2.6894928047473393e-09,-1.50006653405046e-07,4.018202492998357e-12,0.9820708432346318,4.645596808143278e-09,8.556956564159008e-11,5
413,0.01201,0.01201,300.0,2050.544114381815,2050.0836197086555,-0.4604946731592463,-1.488699221409778e-07,0.0,-0.46049452428932414,0.9999996767173849,-2.0289595358674164e-09,-1.488699221409778e-07,1.7595143525586277e-12,0.9863709236446969,4.608295948865116e-09,8.479097392729931e-11,5
414,0.01201,0.01201,300.0,2050.0836160952276,2049.625722375932,-0.45789371929549816,-1.4737307701819402e-07,0.0,-0.45789357192242114,0.9999996781500361,-2.632084850064968e-09,-1.4737307701819402e-07,3.947759618126668e-12,0.9821399885018346,4.563575287361107e-09,8.403777177911506e-11,5
415,0.01201,0.01200925925925926,300.0,2049.625718823514,2048.9175890703045,-0.708129753209505,-1.46250356814386e-07,0.0,-0.7081296069591482,0.9999997934695497,-1.9892099093478126e-09,-1.46250356814386e-07,1.7290607665496454e-12,0.9863985979065171,4.526792762255384e-09,8.32652177434653e-11,5
416,0.01200925925925926,0.012007407407407408,300.0,2048.9175855736994,2047.8330035161043,-1.084582057595071,-1.4475969109690173e-07,0.0,-1.08458191283538,0.999999866529517,-2.578585980738847e-09,-1.4475969109690173e-07,3.872019573710367e-12,0.9821871270848959,4.483106888124554e-09,8.250196356501513e-11,5
417,0.012007407407407408,0.012005,300.0,2047.8330000703031,2046.5617417694816,-1.2712583008215006,-1.4364161828282033e-07,0.0,-1.2712581571798822,0.9999998870083143,-1.9495510679640303e-09,-1.4364161828282033e-07,1.7010232329368757e-12,0.9864276726253147,4.446572608558732e-09,8.172312010261222e-11,5
418,0.012005,0.012002592592592592,300.0,2046.561738374296,2045.2933501710422,-1.268388203253835,-1.4217768321864544e-07,0.0,-1.2683880610761518,0.9999998879068074,-2.5227506742391386e-09,-1.4217768321864544e-07,3.79992853527782e-12,0.9822563526347551,4.403528996976971e-09,8.096550479531176e-11,5
419,0.012002592592592592,0.01200074074074074,300.0,2045.2933468283054,2044.2171042913544,-1.0762425369509856,-1.4108919629151906e-07,0.0,-1.0762423958617893,0.999999868905761,-1.907849572886636e-09,-1.4108919629151906e-07,1.6715344810760516e-12,0.9864777061388554,4.367820429821102e-09,8.021330920078683e-11,5
420,0.01200074074074074,0.012,300.0,2044.2171010039567,2043.522054681446,-0.6950463225107342,-1.396701453629719e-07,0.0,-0.6950461828405888,0.9999997990491557,-2.474232716766388e-09,-1.396701453629719e-07,3.729991000110503e-12,0.9822851711771589,4.3258715579113255e-09,7.9496698635495e-11,5
421,0.012,0.012,300.0,2043.5220514529824,2043.081797980124,-0.4402534728583305,-1.3862035412681178e-07,0.0,-0.44025333423797636,0.9999996851351263,-1.8754074313035624e-09,-1.3862035412681178e-07,1.642585359839452e-12,0.9864709086690984,4.29089230140715e-09,7.877757363685929e-11,5
422,0.012,0.012,300.0,2043.0817948100107,2042.6439688410314,-0.4378259689792685,-1.3723644598985832e-07,0.0,-0.4378258317428225,0.9999996865502375,-2.428374368816413e-09,-1.3723644598985832e-07,3.6603245925172855e-12,0.9823051788371445,4.2495724108052976e-09,7.808337199483277e-11,5
423,0.012,0.012,300.0,2042.6439657251585,2042.2085487242248,-0.4354170009337395,-1.362062347899985e-07,0.0,-0.4354168647275047,0.9999996871820933,-1.8384719458673911e-09,-1.362062347899985e-07,1.6164738425580031e-12,0.9865022922871195,4.215360328001002e-09,7.738010665940948e-11,5
424,0.012,0.012,300.0,2042.2085456605628,2041.7755182500098,-0.4330274105529952,-1.3485376591532452e-07,0.0,-0.4330272756992293,0.9999996885791461,-2.3695266560946907e-09,-1.3485376591532452e-07,3.589611226717889e-12,0.9824289174276192,4.175253885743625e-09,7.670466213513274e-11,5
425,0.012,0.012,300.0,2041.775515237259,2041.3448577961528,-0.43065744110617743,-1.3384565561138538e-07,0.0,-0.4306573072605218,0.9999996892062163,-1.7979605872558234e-09,-1.3384565561138538e-07,1.590802052396843e-12,0.9865669111257812,4.141817268787889e-09,7.60154256290988e-11,5
426,0.012,0.012,300.0,2041.344854833278,2040.916547741458,-0.4283070918199883,-1.325168091562525e-07,0.0,-0.42830695930317914,0.9999996906032805,-2.3263635737569896e-09,-1.325168091562525e-07,3.532054967712699e-12,0.982444766150278,4.1025208968537465e-09,7.534946318665873e-11,5
427,0.012,0.012,300.0,2040.9165448275212,2040.4905685775075,-0.4259762500137185,-1.3152590315963683e-07,0.0,-0.42597611848781536,0.9999996912365345,-1.7678625266707327e-09,-1.3152590315963683e-07,1.5637889594655345e-12,0.9865588261764299,4.06955196969451e-09,7.467376730949787e-11,5
428,0.012,0.012,300.0,2040.4905657116144,2040.0669009523072,-0.42366475930725755,-1.3022239203348541e-07,0.0,-0.4236646290848655,0.99999969262869,-2.2830784656327485e-09,-1.3022239203348541e-07,3.468749497029402e-12,0.9824678503444656,4.0308131771085126e-09,7.402119364246958e-11,5
429,0.012,0.012,300.0,2040.066898133588,2039.6455256965319,-0.4213724370561067,-1.2925126567878103e-07,0.0,-0.42137230780484103,0.9999996932612237,-1.7301369284196648e-09,-1.2925126567878103e-07,1.5380154265000338e-12,0.9866141587137764,3.998668540970433e-09,7.336020215645739e-11,5
430,0.012,0.012,300.0,2039.6455229241349,2039.2264238292787,-0.4190990948561648,-1.279772555035714e-07,0.0,-0.4190989668789093,0.9999996946372419,-2.232512057353929e-09,-1.279772555035714e-07,3.3940290370739528e-12,0.9825553997968677,3.960574086796682e-09,7.271945102875891e-11,5
431,0.012,0.012,300.0,2039.2264211023657,2038.8095765666671,-0.41684453569860125,-1.2702300128225715e-07,0.0,-0.41684440867559996,0.9999996952748798,-1.6969084567423984e-09,-1.2702300128225715e-07,1.5122898619100002e-12,0.9866409355816455,3.929272696678907e-09,7.207373163181408e-11,5
432,0.012,0.012,300.0,2038.8095738843267,2038.3949653186924,-0.414608565634353,-1.2577069191699476e-07,0.0,-0.4146084398636611,0.9999996966519693,-2.190570467076813e-09,-1.2577069191699476e-07,3.3342124797206778e-12,0.9825828224867958,3.892172867903116e-09,7.144584073119028e-11,5
433,0.012,0.012,300.0,2038.3949626802096,2037.9825716937714,-0.4123909864381403,-1.2483639635499363e-07,0.0,-0.412390861601744,0.9999996972863122,-1.6639036549461601e-09,-1.2483639635499363e-07,1.486764088621672e-12,0.9866713258029769,3.86121312624936e-09,7.081257337864404e-11,5
434,0.012,0.012,300.0,2037.9825690983523,2037.572377493283,-0.410191605069258,-1.2360646892350438e-07,0.0,-0.41019148146278905,0.9999996986616317,-2.147743030780243e-09,-1.2360646892350438e-07,3.2757753751903006e-12,0.9826243476616956,3.825113329821776e-09,7.019589777673278e-11,5
435,0.012,0.012,300.0,2037.57237494015,2037.1643647142064,-0.4080102259435989,-1.2268963603373954e-07,0.0,-0.4080101032539629,0.9999996992976445,-1.6354931797991686e-09,-1.2268963603373954e-07,1.4621512146449202e-12,0.9866696712724015,3.794393520137635e-09,6.957281965118088e-11,5
436,0.012,0.012,300.0,2037.164362202592,2036.7585155433248,-0.4058466592671266,-1.214862115251608e-07,0.0,-0.40584653778091506,0.9999997006598212,-2.103586168255961e-09,-1.214862115251608e-07,3.209415894159079e-12,0.9826845685461161,3.75876469885407e-09,6.896949488263834e-11,5
437,0.012,0.012,300.0,2036.7585130724833,2036.3548123592009,-0.40370071328243284,-1.2058988294583086e-07,0.0,-0.4037005926925499,0.9999997012889029,-1.5971159443549695e-09,-1.2058988294583086e-07,1.441029413793906e-12,0.9867558048375219,3.728893120765066e-09,6.836205404187193e-11,5
438,0.012,0.012,300.0,2036.3548099283971,2035.9532377261835,-0.40157220221362877,-1.1941601431760545e-07,0.0,-0.40157208279761447,0.9999997026287835,-2.049730980338586e-09,-1.1941601431760545e-07,3.1455220295203515e-12,0.9828353760418849,3.6943223748765495e-09,6.777071513061737e-11,5
439,0.012,0.012,300.0,2035.9532353364975,2035.5537743979403,-0.3994609385572403,-1.1853793654883409e-07,0.0,-0.3994608200193038,0.9999997032552496,-1.5651197484234872e-09,-1.1853793654883409e-07,1.4168701975745894e-12,0.9867964653849133,3.664963317663689e-09,6.717723943107968e-11,5
440,0.012,0.012,300.0,2035.553772046812,2035.1564053058996,-0.3973667409122754,-1.173870433270393e-07,0.0,-0.3973666235252321,0.9999997045876485,-2.0057905312373427e-09,-1.173870433270393e-07,3.0776781722686198e-12,0.9829130159991404,3.6313577529839973e-09,6.660165448147872e-11,5
441,0.012,0.012,300.0,2035.1564029926371,2034.761113566358,-0.3952894262790778,-1.1652833649765565e-07,0.0,-0.39528930975074134,0.999999705207555,-1.5314965343680591e-09,-1.1652833649765565e-07,1.3944016987655957e-12,0.9868573037220104,3.6024841155498675e-09,6.60226540665727e-11,5
442,0.012,0.012,300.0,2034.7611112902828,2034.367882472738,-0.39322881754469563,-1.1540034294098595e-07,0.0,-0.3932287021443527,0.9999997065313176,-1.9624795062546504e-09,-1.1540034294098595e-07,3.0153389181753546e-12,0.9829941622681465,3.5698384060037477e-09,6.545539130467502e-11,5
443,0.012,0.012,300.0,2034.3678802331838,2033.976695496987,-0.39118473619669203,-1.145628950403697e-07,0.0,-0.39118462163379697,0.999999707138637,-1.498136892365311e-09,-1.145628950403697e-07,1.3718237830148994e-12,0.9869230182090161,3.5411694833129008e-09,6.488595922939022e-11,5
444,0.012,0.012,300.0,2033.976693293302,2033.5875362837976,-0.38915700950451537,-1.134606891845253e-07,0.0,-0.3891568960438262,0.9999997084449557,-1.9170429776344734e-09,-1.134606891845253e-07,2.9568663512985916e-12,0.9831039015238421,3.509285677937518e-09,6.433496827039562e-11,5
445,0.012,0.012,300.0,2033.587534115342,2033.2003886519446,-0.3871454633972462,-1.1263637808934477e-07,0.0,-0.3871453507608681,0.9999997090592845,-1.4707100253967766e-09,-1.1263637808934477e-07,1.3502162763891084e-12,0.9869428505217898,3.481434717669408e-09,6.377976014524793e-11,5
446,0.012,0.012,300.0,2033.2003865180905,2032.815236588643,-0.3851499294473797,-1.1155371428745012e-07,0.0,-0.3851498178936654,0.9999997103628854,-1.8863509367583125e-09,-1.1155371428745012e-07,2.9066726175879404e-12,0.9830902005477148,3.449708545450535e-09,6.323521904003672e-11,5
447,0.012,0.012,300.0,2032.8152344887749,2032.4320642508505,-0.38317023792433247,-1.1074231757628187e-07,0.0,-0.3831701271820149,0.9999997109840311,-1.4446975919485865e-09,-1.1074231757628187e-07,1.3264346284667261e-12,0.9869544215475403,3.4225506379386174e-09,6.268883458672443e-11,5
448,0.012,0.012,300.0,2032.4320621843633,2032.050855959715,-0.3812062246483947,-1.0967797475633675e-07,0.0,-0.38120611497041995,0.9999997122870309,-1.8527696520770678e-09,-1.0967797475633675e-07,2.8476082697946595e-12,0.9831071857755103,3.391494834085991e-09,6.215419121752799e-11,5
449,0.012,0.012,300.0,2032.0508539260181,2031.6715962018832,-0.37925772413495906,-1.0888026109556051e-07,0.0,-0.379257615254698,0.999999712912212,-1.4201847346385908e-09,-1.0888026109556051e-07,1.3034489282847894e-12,0.9869564536276034,3.364752763702431e-09,6.161943755258516e-11,5
450,0.012,0.012,300.0,2031.6715942003968,2031.2942696231344,-0.3773245772624705,-1.078332418901172e-07,0.0,-0.3773244694292286,0.9999997142162256,-1.8219408503025083e-09,-1.078332418901172e-07,2.800579478902742e-12,0.9831040890696853,3.334218148085122e-09,6.109378271814765e-11,5
451,0.012,0.012,300.0,2031.2942676541347,2030.9188610333288,-0.3754066208059612,-1.0705115398115135e-07,0.0,-0.3754065137548072,0.9999997148394619,-1.393826272067043e-09,-1.0705115398115135e-07,1.2833375251536097e-12,0.9869798108639496,3.3078394857655996e-09,6.056667074287172e-11,5
452,0.012,0.012,300.0,2030.918859095395,2030.5453553956845,-0.3735036997104544,-1.0602495889686795e-07,0.0,-0.37350359368549546,0.9999997161341132,-1.78451850731897e-09,-1.0602495889686795e-07,2.7595376804988233e-12,0.9831688828188577,3.2779718407186123e-09,6.00521058691522e-11,5
453,0.012,0.012,300.0,2030.5453534882686,2030.173737831591,-0.3716156566774771,-1.0525762280692077e-07,0.0,-0.3716155514198543,0.9999997167567596,-1.3668029276192122e-09,-1.0525762280692077e-07,1.2631792122601502e-12,0.9870146893766887,3.2521124806266354e-09,5.953684676967556e-11,5
454,0.012,0.012,300.0,2030.173735954157,2029.8039936145506,-0.369742339606546,-1.0425073429383681e-07,0.0,-0.36974223535581174,0.9999997180449111,-1.747938333946663e-09,-1.0425073429383681e-07,2.7025785361303286e-12,0.9832333235272953,3.223043453446968e-09,5.9033375766699e-11,5
455,0.012,0.012,300.0,2029.8039917665715,2029.4361081714349,-0.36788359513661817,-1.0349813358439374e-07,0.0,-0.3678834916384846,0.999999718666081,-1.3420263781750468e-09,-1.0349813358439374e-07,1.2432033143217115e-12,0.9870333277355118,3.1975189854381657e-09,5.852651023981296e-11,5
456,0.012,0.012,300.0,2029.436106352394,2029.0700670774177,-0.36603927497640143,-1.0250832083980723e-07,0.0,-0.3660391724680806,0.9999997199526722,-1.7199615526336012e-09,-1.0250832083980723e-07,2.6538022663259575e-12,0.9832212493723174,3.1687559699675354e-09,5.802910106587317e-11,5
457,0.012,0.012,300.0,2029.070065286809,2028.7058560573064,-0.36420922950264867,-1.0176816337799521e-07,0.0,-0.36420912773448527,0.9999997205777472,-1.3179753086941955e-09,-1.0176816337799521e-07,1.222841395499492e-12,0.9870492375518376,3.1437868896260734e-09,5.753129524509578e-11,5
458,0.012,0.012,300.0,2028.705854294572,2028.3434609802794,-0.36239331429260346,-1.0080176903002189e-07,0.0,-0.3623932134908344,0.9999997218442916,-1.6823269440829388e-09,-1.0080176903002189e-07,2.5966289380669287e-12,0.9833105414689508,3.1153213861884458e-09,5.704517378230287e-11,5
459,0.012,0.012,300.0,2028.3434592449946,2027.982867861549,-0.3605913834455805,-1.0007529141393421e-07,0.0,-0.3605912833702891,0.9999997224689885,-1.2895604443089206e-09,-1.0007529141393421e-07,1.205686685326734e-12,0.9871140975350748,3.091171488616151e-09,5.6559810751048515e-11,5
460,0.012,0.012,300.0,2027.982866153236,2027.6240660897247,-0.3588000635113531,-9.940512657665871e-08,0.0,-0.3587999641062265,0.9999997229512013,-1.1779744533585382e-09,-9.940512657665871e-08,1.1935612709088565e-12,0.9881497615472566,3.0702507939807093e-09,5.617157202241299e-11,4
461,0.012,0.012,300.0,2027.624062857728,2027.2670368774707,-0.3570259802572764,-9.873046478805718e-08,0.0,-0.3570258815268116,0.9999997234642007,-1.1871969674927092e-09,-9.873046478805718e-08,1.1795927864749455e-12,0.9879753734570049,3.049032740746951e-09,5.578064490006178e-11,4
462,0.012,0.012,300.0,2027.2670336950146,2026.9117682319702,-0.35526546304436124,-9.804567895650896e-08,0.0,-0.3552653649986823,0.9999997240213611,-1.202800431230695e-09,-9.804567895650896e-08,1.1685055662394508e-12,0.9877322443576098,3.0276901394545262e-09,5.538581293778708e-11,4
463,0.012,0.012,300.0,2026.9117650971189,2026.558246776935,-0.3535183201838663,-9.735655432195144e-08,0.0,-0.353518222827312,0.9999997246067636,-1.2107661502244699e-09,-9.735655432195144e-08,1.1559841004051436e-12,0.9875635887213043,3.0061436383236252e-09,5.4988162869376673e-11,4
464,0.012,0.012,300.0,2026.5582436887114,2026.2064592749143,-0.3517844137970769,-9.666025833457941e-08,0.0,-0.35178431713681857,0.9999997252287066,-1.223141170398811e-09,-9.666025833457941e-08,1.1431641977364796e-12,0.9873459766043141,2.984362830878343e-09,5.458704485697875e-11,4
465,0.012,0.012,300.0,2026.2064562326207,2025.8563926123222,-0.3500636202984424,-9.595483269903902e-08,0.0,-0.3500635243436097,0.9999997258931602,-1.2380488477133116e-09,-9.595483269903902e-08,1.1301057518456636e-12,0.9870975873451164,2.9623933690949743e-09,5.4180779571811744e-11,4
466,0.012,0.012,300.0,2025.8563896153273,2025.5080337968961,-0.34835581843117325,-9.52401781522629e-08,0.0,-0.3483557231909951,0.9999997266008688,-1.253646362423954e-09,-9.52401781522629e-08,1.1179261484562856e-12,0.9868370010772165,2.9401591865158464e-09,5.3770286476102086e-11,4
467,0.012,0.012,300.0,2025.508030844574,2025.1613699582188,-0.3466608863552665,-9.451874133878941e-08,0.0,-0.34666079183652515,0.9999997273452383,-1.265528036435564e-09,-9.451874133878941e-08,1.106396726434113e-12,0.9866108242819331,2.917698467589962e-09,5.335656263330128e-11,4
468,0.012,0.012,300.0,2025.1613670499378,2024.8163883484503,-0.3449787014874346,-9.379003733352304e-08,0.0,-0.34497860769739724,0.9999997281280353,-1.2770847218930076e-09,-9.379003733352304e-08,1.0957686188897894e-12,0.9863835780622241,2.895127709685082e-09,5.293753013819286e-11,4
469,0.012,0.012,300.0,2024.8163854835734,2024.4730763426137,-0.3433091409597182,-9.305711969639091e-08,0.0,-0.34330904790259853,0.9999997289407458,-1.28501752285982e-09,-9.305711969639091e-08,1.0835967222867081e-12,0.9861910885803007,2.8723621284236042e-09,5.2515813449685453e-11,4
470,0.012,0.012,300.0,2024.4730735205017,2024.1314214383578,-0.3416520821438098,-9.23164999513107e-08,0.0,-0.3416519898273099,0.9999997297938319,-1.2982893720174343e-09,-9.23164999513107e-08,1.070411306109742e-12,0.9859365403508347,2.84933596227637e-09,5.209145164749384e-11,4
471,0.012,0.012,300.0,2024.1314186583759,2023.791411255353,-0.34000740302280974,-9.156294459459055e-08,0.0,-0.3400073114598651,0.9999997307030852,-1.3207305877229732e-09,-9.156294459459055e-08,1.0568494021887293e-12,0.9855757086715514,2.8259228442524755e-09,5.165941560824738e-11,4
472,0.012,0.012,300.0,2023.7914085168688,2023.4530335344202,-0.3383749824486131,-9.079461790055617e-08,0.0,-0.3383748916539952,0.9999997316745546,-1.345927789666432e-09,-9.079461790055617e-08,1.0446880964519909e-12,0.9851761280482443,2.8020939760786694e-09,5.12203881872325e-11,4
473,0.012,0.012,300.0,2023.4530308368094,2023.1162761364833,-0.33675470032608246,-9.001839937939521e-08,0.0,-0.33675461030768306,0.9999997326885138,-1.3593004241628345e-09,-9.001839937939521e-08,1.0332463057368511e-12,0.984899749012045,2.7780463131383686e-09,5.077685774161368e-11,4
474,0.012,0.012,300.0,2023.1162734791278,2022.781127041375,-0.3351464377528828,-8.923524341475067e-08,0.0,-0.33514634851763936,0.9999997337425276,-1.3710834259020246e-09,-8.923524341475067e-08,1.021692559088758e-12,0.9846351803005741,2.7538079579866168e-09,5.032974106699467e-11,4
475,0.012,0.012,300.0,2022.7811244236657,2022.4475743466398,-0.3335500770258477,-8.844356976930607e-08,0.0,-0.33354998858227797,0.9999997348417049,-1.3866015257529406e-09,-8.844356976930607e-08,1.008957332463977e-12,0.9843221895116884,2.7292407482944067e-09,4.987818521593173e-11,4
476,0.012,0.012,300.0,2022.4475717679452,2022.115606266134,-0.3319655018112826,-8.764261739050636e-08,0.0,-0.3319654141686652,0.9999997359887792,-1.4005887181801242e-09,-8.764261739050636e-08,9.979288781853626e-13,0.9840193189126294,2.704598404965357e-09,4.9420384224970584e-11,4
477,0.012,0.012,300.0,2022.115603725893,2021.785211128914,-0.3303925969789816,-8.683383302516919e-08,0.0,-0.3303925101451486,0.9999997371798466,-1.4147398608144644e-09,-8.683383302516919e-08,9.855011962866979e-13,0.9837075041890136,2.679653543801113e-09,4.895957327762656e-11,4
478,0.012,0.012,300.0,2021.7852086265427,2021.4563773777995,-0.32883124874319947,-8.601432933861408e-08,0.0,-0.32883116272887014,0.9999997384241015,-1.4336515057222493e-09,-8.601432933861408e-08,9.7361266182675e-13,0.9833324108117105,2.654338120380155e-09,4.8493001579786736e-11,4
479,0.012,0.012,300.0,2021.456374912723,2021.1290935681063,-0.327281344616722,-8.518700345416359e-08,0.0,-0.32728125942971853,0.9999997397132319,-1.448346846582893e-09,-8.518700345416359e-08,9.628454659737588e-13,0.9829980303584431,2.628690333394679e-09,4.802207495566622e-11,4
480,0.012,0.012,300.0,2021.1290911397577,2020.8033483663485,-0.3257427734092744,-8.43630131559415e-08,0.0,-0.32574268904626125,0.9999997410134007,-1.4417316025786324e-09,-8.43630131559415e-08,9.537524786642924e-13,0.9829103827774187,2.6032044720204347e-09,4.7552205537680316e-11,4
481,0.012,0.012,300.0,2020.8033459741705,2020.479130548919,-0.3242154252513956,-8.355120539622141e-08,0.0,-0.3242153417001902,0.999999742297254,-1.4218343608602255e-09,-8.355120539622141e-08,9.46516258278662e-13,0.9829824793775563,2.5779583665885384e-09,4.7090381251732356e-11,4
482,0.012,0.012,300.0,2020.4791281923626,2020.1564290008255,-0.32269919153714,-8.276810006529227e-08,0.0,-0.32269910876903996,0.9999997435131472,-1.3712660419748963e-09,-8.276810006529227e-08,9.43941491672816e-13,0.9834324330159426,2.553629772160972e-09,4.6643694370828914e-11,4
483,0.012,0.012,300.0,2020.1564266793494,2019.8352327143612,-0.32119396498819697,-8.203120151416879e-08,0.0,-0.32119388295699547,0.9999997446054084,-1.2882912863500631e-09,-8.203120151416879e-08,9.433602192561718e-13,0.9842951064647328,2.5309376665604954e-09,4.622399429338442e-11,4
484,0.012,0.012,300.0,2019.835230427473,2019.5155307879709,-0.31969963950223246,-8.13417969770798e-08,0.0,-0.3196995581604355,0.9999997455680679,-1.2072448811220654e-09,-8.13417969770798e-08,9.419774101938119e-13,0.9851583696698729,2.50948568398552e-09,4.582728032434878e-11,4
485,0.012,0.012,300.0,2019.5155285351075,2019.1973124247675,-0.3182161103400176,-8.067939551299813e-08,0.0,-0.3182160296606221,0.9999997464635105,-1.1568250149880032e-09,-8.067939551299813e-08,9.3621714607563e-13,0.98566145658836,2.4891652718791164e-09,4.544846533260314e-11,4
486,0.012,0.012,300.0,2019.1973102054124,2018.8805669314893,-0.3167432739230662,-8.002917897326254e-08,0.0,-0.3167431938938873,0.9999997473374005,-1.1370766449388137e-09,-8.002917897326254e-08,9.27769046493573e-13,0.9857917242245018,2.4690678655151647e-09,4.5075822803471994e-11,4
487,0.012,0.012,300.0,2018.8805647451345,2018.5652837172536,-0.3152810278809284,-7.937807215492178e-08,0.0,-0.3152809485028562,0.9999997482307366,-1.1395579983507025e-09,-7.937807215492178e-08,9.176075545930556e-13,0.9856439194425555,2.448838375937501e-09,4.470412595538229e-11,4
488,0.012,0.012,300.0,2018.565281563399,2018.2514522922293,-0.3138292711696522,-7.872487219706954e-08,0.0,-0.31382919244478,0.9999997491474524,-1.142873935616313e-09,-7.872487219706954e-08,9.091177337792309e-13,0.9854826828711084,2.4285510868866873e-09,4.433065864305774e-11,4
489,0.012,0.012,300.0,2018.2514501705234,2017.9390622669807,-0.3123879035426853,-7.806817824502104e-08,0.0,-0.31238782547450705,0.9999997500921854,-1.1482156600335723e-09,-7.806817824502104e-08,8.98948073694761e-13,0.9852921422550706,2.4081948818154236e-09,4.395605494848446e-11,4
490,0.012,0.012,300.0,2017.9390601768105,2017.628103350481,-0.31095682632940225,-7.740568062416667e-08,0.0,-0.3109567489237216,0.9999997510725795,-1.158033719923574e-09,-7.740568062416667e-08,8.893611159894707e-13,0.9850394220348471,2.387672084829217e-09,4.3578313389455976e-11,4
491,0.012,0.012,300.0,2017.6281012913687,2017.318565349493,-0.3095359418757653,-7.673732688614533e-08,0.0,-0.3095358651384384,0.9999997520891227,-1.1669738614045305e-09,-7.673732688614533e-08,8.796022874303423e-13,0.9847926177681956,2.3670809789769983e-09,4.3198495299349523e-11,4
492,0.012,0.012,300.0,2017.3185633209682,2017.0104381673023,-0.30812515366596926,-7.606582934703542e-08,0.0,-0.3081250776001399,0.9999997531333341,-1.1728332897716894e-09,-7.606582934703542e-08,8.701153879864034e-13,0.9845813382981619,2.3463719162398134e-09,4.281491370619097e-11,4
493,0.012,0.012,300.0,2017.0104361689012,2016.703711802581,-0.306724366320168,-7.538903940455868e-08,0.0,-0.3067242909311286,0.999999754212421,-1.1831324907534984e-09,-7.538903940455868e-08,8.599784336064378e-13,0.9843063063265142,2.3253954655281104e-09,4.242770225498629e-11,4
494,0.012,0.012,300.0,2016.7037098338478,2016.398376348293,-0.305333485554911,-7.470481927195773e-08,0.0,-0.30533341085009175,0.9999997553336833,-1.1952825440318055e-09,-7.470481927195773e-08,8.503410963108931e-13,0.9839999272378873,2.304231158373741e-09,4.203949567745579e-11,4
495,0.012,0.012,300.0,2016.3983744087777,2016.0944219905907,-0.30395241818700924,-7.40120926553897e-08,0.0,-0.30395234417491657,0.9999997565010565,-1.2099920649714127e-09,-7.40120926553897e-08,8.404538894220825e-13,0.98365142746868,2.2828185268688063e-09,4.1644640429794375e-11,4
496,0.012,0.012,300.0,2016.0944200794252,2015.7918390073455,-0.30258107207964713,-7.331739958730592e-08,0.0,-0.30258099876224753,0.9999997576933709,-1.214223631026911e-09,-7.331739958730592e-08,8.311878539722569e-13,0.9834388066426031,2.2612447890520816e-09,4.125018512421357e-11,4
497,0.012,0.012,300.0,2015.7918371244896,2015.4906177682233,-0.3012193562663015,-7.262352346726224e-08,0.0,-0.301219283642778,0.9999997589015381,-1.2128130624801957e-09,-7.262352346726224e-08,8.227596845020963e-13,0.9832999969627346,2.2396866242811436e-09,4.085603753758176e-11,4
498,0.012,0.012,300.0,2015.4906159132852,2015.1907487325916,-0.29986718069358176,-7.193732166688741e-08,0.0,-0.2998671087562601,0.9999997601027178,-1.1976649076898555e-09,-7.193732166688741e-08,8.159394180323575e-13,0.983351271913684,2.218537912298952e-09,4.04657900948919e-11,4
499,0.012,0.012,300.0,2015.1907469051498,2014.8922224487458,-0.2985244564040386,-7.126770062421264e-08,0.0,-0.29852438513633794,0.9999997612667937,-1.1703507261049222e-09,-7.126770062421264e-08,8.118316364820961e-13,0.9835781045851884,2.1977410164087266e-09,4.008539653581132e-11,4
500,0.012,0.012,300.0,2014.892220648385,2014.5950295529262,-0.2971910954588566,-7.062588386331107e-08,0.0,-0.2971910248329727,0.9999997623553164,-1.1208344035352673e-09,-7.062588386331107e-08,8.071756643101048e-13,0.9841299769684366,2.1778834335556906e-09,3.9719651737577615e-11,4
501,0.012,0.012,300.0,2014.5950277792383,2014.2991607682716,-0.29586701096673096,-7.000792710440318e-08,0.0,-0.29586694095880384,0.9999997633804225,-1.0787094060280327e-09,-7.000792710440318e-08,8.042686566279521e-13,0.9845916105411985,2.1588129469976835e-09,3.9367771409694145e-11,4
502,0.012,0.012,300.0,2014.299159020854,2014.0046069038592,-0.29455211699473693,-6.94148151662995e-08,0.0,-0.29455204757992176,0.9999997643377482,-1.0356056145523835e-09,-6.94148151662995e-08,7.995114013208887e-13,0.9850809137491564,2.1404338256473575e-09,3.9029611077608006e-11,4
503,0.012,0.012,300.0,2014.0046051823156,2013.7113588536988,-0.29324632861676037,-6.883666383547204e-08,0.0,-0.29324625978009655,0.9999997652599296,-1.0078526350501278e-09,-6.883666383547204e-08,7.938370164118831e-13,0.9853587815141795,2.122713972836403e-09,3.870166775880559e-11,4
504,0.012,0.012,300.0,2013.7113571576397,2013.4194075957823,-0.29194956185733645,-6.826662753038535e-08,0.0,-0.29194949359070893,0.9999997661697895,-9.94111190394215e-10,-6.826662753038535e-08,7.873004721871173e-13,0.9854378160111726,2.1051797982299426e-09,3.837621056401363e-11,4
505,0.012,0.012,300.0,2013.4194059248239,2013.1287441911313,-0.2906617336925592,-6.769985453575497e-08,0.0,-0.29066166599270465,0.9999997670837034,-9.889820645427687e-10,-6.769985453575497e-08,7.808104695398508e-13,0.985391666328907,2.087677134900611e-09,3.805388497450322e-11,4
506,0.012,0.012,300.0,2013.1287425448959,2012.8393597828576,-0.2893827620382581,-6.713523261501918e-08,0.0,-0.2893826949030255,0.9999997680054191,-9.847636424998768e-10,-6.713523261501918e-08,7.738628354022121e-13,0.9853316417603419,2.0702570046828015e-09,3.773444914383561e-11,4
507,0.012,0.012,300.0,2012.8393581609735,2012.551245595219,-0.28811256575454536,-6.656958916500293e-08,0.0,-0.2881124991849562,0.9999997689459014,-9.869160409390583e-10,-6.656958916500293e-08,7.656439343373108e-13,0.985174671297838,2.0527581501061526e-09,3.741282512307742e-11,4
508,0.012,0.012,300.0,2012.5512439973195,2012.2643929326973,-0.28685106462216936,-6.6001407439786e-08,0.0,-0.2868509986207619,0.9999997699105369,-9.916520892831384e-10,-6.6001407439786e-08,7.582153963996935e-13,0.9849752887438371,2.0351438127809906e-09,3.708998357199966e-11,4
509,0.012,0.012,300.0,2012.2643913584352,2011.9787931791511,-0.2855981792840794,-6.543293457023687e-08,0.0,-0.2855981138511448,0.9999997708916256,-9.905406937591861e-10,-6.543293457023687e-08,7.506446037717719e-13,0.9848617412582051,2.017667898742179e-09,3.6765915832609354e-11,4
510,0.012,0.012,300.0,2011.9787916281575,2011.6944377968175,-0.28435383134001313,-6.486106616208275e-08,0.0,-0.28435376647894695,0.9999997719001503,-9.975650744882645e-10,-6.486106616208275e-08,7.430850150626801e-13,0.9846199710625257,1.9999680964451515e-09,3.644012905890666e-11,4
511,0.012,0.012,300.0,2011.6944362687432,2011.411318325518,-0.2831179432250792,-6.429023629272236e-08,0.0,-0.2831178789348429,0.9999997729206579,-9.95788411422673e-10,-6.429023629272236e-08,7.355814842237723e-13,0.9845110475735583,1.9822648428562127e-09,3.6116231314050864e-11,4
512,0.012,0.012,300.0,2011.4113168200197,2011.1294263817406,-0.2818904382791061,-6.371655449652517e-08,0.0,-0.2818903745625516,0.9999997739669537,-1.0008663603011394e-09,-6.371655449652517e-08,7.284462237310343e-13,0.9842918944972814,1.9644752348742568e-09,3.5789930558266805e-11,4
513,0.012,0.012,300.0,2011.1294248984786,2010.8487536578084,-0.2806712406702445,-6.314255818298583e-08,0.0,-0.28067117752768633,0.9999997750301811,-9.993680325351586e-10,-6.314255818298583e-08,7.222480732536123e-13,0.984172829525864,1.9468906022121774e-09,3.546416003453085e-11,4
514,0.012,0.012,300.0,2010.8487521964503,2010.5692919210167,-0.27946027543362106,-6.257192129015062e-08,0.0,-0.27946021286169975,0.9999997760972603,-9.964456653160482e-10,-6.257192129015062e-08,7.141800643500827e-13,0.9840751946756524,1.929099333465525e-09,3.51404170150688e-11,4
515,0.012,0.012,300.0,2010.5692904812336,2010.2910330128145,-0.2782574684190422,-6.19998502734307e-08,0.0,-0.27825740641919194,0.9999997771853147,-9.973372865686262e-10,-6.19998502734307e-08,7.063818907767598e-13,0.9839138758856646,1.9114106577656513e-09,3.4814764154635125e-11,4
516,0.012,0.012,300.0,2010.2910315942645,2010.0139688479087,-0.27706274635579575,-6.142631909658524e-08,0.0,-0.27706268492947667,0.9999997782945564,-1.0001181789413685e-09,-6.142631909658524e-08,6.985640351492786e-13,0.9837184094106499,1.8936368945034365e-09,3.449062936899507e-11,4
517,0.012,0.012,300.0,2010.0139674502934,2009.7380914144046,-0.27587603588881393,-6.08514622136193e-08,0.0,-0.27587597503735173,0.9999997794246173,-1.002724622415698e-09,-6.08514622136193e-08,6.920805958124287e-13,0.9835217661837669,1.8757959606093487e-09,3.41650722416643e-11,4
518,0.012,0.012,300.0,2009.7380900366195,2009.4633927696054,-0.27469726701406216,-6.028511435341154e-08,0.0,-0.2746972067289478,0.9999997805398102,-9.87243835525963e-10,-6.028511435341154e-08,6.856543525787077e-13,0.9836237544522449,1.8582866906815676e-09,3.384381070058329e-11,4
519,0.012,0.012,300.0,2009.463391412167,2009.1898650441951,-0.27352636797195373,-5.973422080201726e-08,0.0,-0.27352630823773294,0.9999997816143971,-9.605901878401091e-10,-5.973422080201726e-08,6.829246877820362e-13,0.9839189299710817,1.8411889208026353e-09,3.35326939530604e-11,4
520,0.012,0.012,300.0,2009.1898637067989,2008.917500438163,-0.27236326863589966,-5.921222501105068e-08,0.0,-0.27236320942367465,0.9999997825983463,-9.108270010160858e-10,-5.921222501105068e-08,6.805769964056414e-13,0.9846175852900968,1.8249436361330652e-09,3.3235930470267535e-11,4
521,0.012,0.012,300.0,2008.917499120509,2008.6462912208094,-0.2712078996996752,-5.870978120660737e-08,0.0,-0.271207840989894,0.9999997835248116,-8.744085782346823e-10,-5.870978120660737e-08,6.780920794170788e-13,0.9851062538428218,1.8095164329159095e-09,3.29497423933153e-11,4
522,0.012,0.012,300.0,2008.6462899226024,2008.3762297300295,-0.2700601925728279,-5.822599393752523e-08,0.0,-0.27006013434683396,0.9999997843962364,-8.427691425148248e-10,-5.822599393752523e-08,6.73188814876175e-13,0.9855258951282293,1.7945838724259796e-09,3.2674340541035283e-11,4
523,0.012,0.012,300.0,2008.3762284509776,2008.1073083715332,-0.26892007944434226,-5.774773608630909e-08,0.0,-0.26892002169660617,0.9999997852606015,-8.321718719572106e-10,-5.774773608630909e-08,6.676043550518166e-13,0.9855895325365923,1.7799113679876487e-09,3.240373539934966e-11,4
524,0.012,0.012,300.0,2008.1073071113506,2007.8395196181316,-0.2677874932189752,-5.726988135684449e-08,0.0,-0.2677874359490939,0.9999997861368332,-8.323759939628108e-10,-5.726988135684449e-08,6.61857536243028e-13,0.9854657286824756,1.7651460229361145e-09,3.213173341797426e-11,4
525,0.012,0.012,300.0,2007.839518376536,2007.5728560090006,-0.2666623675354458,-5.6790395270188486e-08,0.0,-0.26666231074505053,0.9999997870325843,-8.34958946315211e-10,-5.6790395270188486e-08,6.545558220204935e-13,0.9852975324023936,1.7503275299203237e-09,3.1859273176931245e-11,4
526,0.012,0.012,300.0,2007.5728547857138,2007.3073101489438,-0.26554463677007334,-5.630562371447089e-08,0.0,-0.2655445804644496,0.9999997879617363,-8.440904931319631e-10,-5.630562371447089e-08,6.473675096602508e-13,0.9850087711058421,1.7353631845581477e-09,3.158572435449883e-11,4
527,0.012,0.012,300.0,2007.307308943692,2007.0428747076921,-0.26443423599994276,-5.581589731421935e-08,0.0,-0.26443418018404546,0.9999997889233325,-8.509148574695388e-10,-5.581589731421935e-08,6.408151105580011e-13,0.984754973073724,1.7204055927856977e-09,3.130807807250017e-11,4
528,0.012,0.012,300.0,2007.0428735202051,2006.7795424191895,-0.2633311010156376,-5.532494061031358e-08,0.0,-0.263331045690697,0.9999997899035077,-8.541298911284019e-10,-5.532494061031358e-08,6.332611873186924e-13,0.984561575996176,1.7052863177263553e-09,3.1031804039418086e-11,4
529,0.012,0.012,300.0,2006.7795412492026,2006.5173060808802,-0.2622351683223769,-5.482678411838082e-08,0.0,-0.2622351134955928,0.9999997909251285,-8.675438048002067e-10,-5.482678411838082e-08,6.260290347985755e-13,0.9841766425160553,1.6898573867151152e-09,3.0748411289266454e-11,4
530,0.012,0.012,300.0,2006.5173049281352,2006.2561585530523,-0.26114637508294436,-5.43233114199527e-08,0.0,-0.26114632075963295,0.9999997919813691,-8.765326131352382e-10,-5.43233114199527e-08,6.196679251117669e-13,0.9838645216901617,1.6742852119026128e-09,3.046309449999363e-11,4
531,0.012,0.012,300.0,2006.256157417297,2005.996092758156,-0.2600646591408804,-5.382068405031368e-08,0.0,-0.2600646053201963,0.9999997930488355,-8.742296325862082e-10,-5.382068405031368e-08,6.127249150502663e-13,0.9837566235358706,1.658811844015122e-09,3.01803567276026e-11,4
532,0.012,0.012,300.0,2005.9960916391399,2005.7371016801071,-0.25898995903276045,-5.331708425331115e-08,0.0,-0.2589899057156762,0.9999997941345509,-8.76453969006259e-10,-5.331708425331115e-08,6.067627843028159e-13,0.9835614797530525,1.6432592514063983e-09,2.98947937958035e-11,4
533,0.012,0.012,300.0,2005.7371005775803,2005.4791783636565,-0.2579222139238482,-5.281954464968975e-08,0.0,-0.25792216110430355,0.9999997952113397,-8.654828109033703e-10,-5.281954464968975e-08,6.041691719616401e-13,0.9836143454729981,1.6279151580843548e-09,2.96147194539974e-11,4
534,0.012,0.012,300.0,2005.4791772773724,2005.222315913736,-0.25686136363628975,-5.234532370890083e-08,0.0,-0.25686131129096607,0.9999997962117659,-8.256299116084885e-10,-5.234532370890083e-08,6.008893787367811e-13,0.9842272460439843,1.613215478745851e-09,2.9345177737444184e-11,4
535,0.012,0.012,300.0,2005.2223148434532,2004.9665074947584,-0.25580734869481603,-5.1887022769432296e-08,0.0,-0.25580729680779324,0.9999997971636739,-7.982370172352483e-10,-5.1887022769432296e-08,5.97671397990049e-13,0.9846158639553799,1.5989546327213205e-09,2.9085666454709964e-11,4
536,0.012,0.012,300.0,2004.9665064402384,2004.7117463300326,-0.2547601102057797,-5.144199740383949e-08,0.0,-0.2547600587637823,0.9999997980767188,-7.735024647455725e-10,-5.144199740383949e-08,5.935037615281466e-13,0.98496359970875,1.5852820675835693e-09,2.883360286518567e-11,4
537,0.012,0.012,300.0,2004.7117452910406,2004.4580257011125,-0.25371958992809596,-5.100422218146805e-08,0.0,-0.2537195389238738,0.9999997989740477,-7.623364422546885e-10,-5.100422218146805e-08,5.882375158796505e-13,0.985053464014364,1.5716782621468668e-09,2.8584586576938545e-11,4
538,0.012,0.012,300.0,2004.458024677418,2004.2053389471985,-0.2526857302195822,-5.0569643851142464e-08,0.0,-0.2526856796499383,0.9999997998713904,-7.558390947219679e-10,-5.0569643851142464e-08,5.836458318616129e-13,0.98505350172236,1.5582745365896681e-09,2.8338307302392838e-11,4
539,0.012,0.012,300.0,2004.205337938575,2003.9536794645212,-0.2516584740537837,-5.013972643838633e-08,0.0,-0.2516584239140573,0.9999998007628131,-7.476707379826967e-10,-5.013972643838633e-08,5.783589916335678e-13,0.985088256536432,1.5450149542782918e-09,2.809309028596109e-11,4
540,0.012,0.012,300.0,2003.9536784707454,2003.7030407057246,-0.2506377650208833,-4.9711377757132456e-08,0.0,-0.25063771530950557,0.9999998016604651,-7.444417330137306e-10,-4.9711377757132456e-08,5.74094668986972e-13,0.985024721369608,1.531823881547014e-09,2.784961342278458e-11,4
541,0.012,0.012,300.0,2003.7030397265767,2003.4534161793458,-0.2496235472308399,-4.9288551265733934e-08,0.0,-0.24962349794228864,0.9999998025484702,-7.34943813862017e-10,-4.9288551265733934e-08,5.683555384317603e-13,0.9850889548386268,1.5188060095214635e-09,2.7610864105047954e-11,4
542,0.012,0.012,300.0,2003.4534152145534,2003.20479944896,-0.2486157655932857,-4.886500020186043e-08,0.0,-0.24861571672828547,0.9999998034517236,-7.355879021844962e-10,-4.886500020186043e-08,5.631402806976318e-13,0.9849465282073918,1.5057947412088048e-09,2.737186089022811e-11,4
543,0.012,0.012,300.0,2003.204798498367,2002.957184132972,-0.2476143653948384,-4.843941307255422e-08,0.0,-0.24761431695542532,0.9999998043755943,-7.402052789316459e-10,-4.843941307255422e-08,5.573299575532403e-13,0.9847189461642952,1.492619292739212e-09,2.7130159755215462e-11,4
544,0.012,0.012,300.0,2002.9571831963683,2002.7105639038145,-0.2466192925537598,-4.801434999081624e-08,0.0,-0.2466192445394098,0.9999998053098381,-7.396173616248042e-10,-4.801434999081624e-08,5.514618020323014e-13,0.9845959101442325,1.4794064528468218e-09,2.689166941025587e-11,4
545,0.012,0.012,300.0,2002.710562980993,2002.4649324874172,-0.24563049357584532,-4.758781092874714e-08,0.0,-0.24563044598803438,0.9999998062626091,-7.421504406982554e-10,-4.758781092874714e-08,5.457566716228402e-13,0.9844046106300315,1.4661702767577553e-09,2.6651259612582037e-11,4
546,0.012,0.012,300.0,2002.4649315781749,2002.2202836626561,-0.24464791551872622,-4.7156940518286375e-08,0.0,-0.2446478683617857,0.9999998072456885,-7.484506694349225e-10,-4.7156940518286375e-08,5.397164512069652e-13,0.9841285150985424,1.4529087453931438e-09,2.6407228578858826e-11,4
547,0.012,0.012,300.0,2002.2202827667925,2001.9766112608074,-0.2436715059850485,-4.672506902690033e-08,0.0,-0.24367145925997946,0.999999808245659,-7.496366784554937e-10,-4.672506902690033e-08,5.347709193664695e-13,0.9839564350771977,1.439656595178941e-09,2.6163810891295946e-11,4
548,0.012,0.012,300.0,2001.9766103781255,2001.7339091649924,-0.2427012131331594,-4.629641490474035e-08,0.0,-0.2427011668367445,0.9999998092452267,-7.457128414708545e-10,-4.629641490474035e-08,5.294128374812323e-13,0.983892643890348,1.42632880908707e-09,2.5921805327671858e-11,4
549,0.012,0.012,300.0,2001.7339082952972,2001.4921713096342,-0.24173698566301027,-4.587196487559975e-08,0.0,-0.2417369397910454,0.9999998102401884,-7.382642396447251e-10,-4.587196487559975e-08,5.241737367935123e-13,0.9839059817549384,1.4131553403848239e-09,2.5681684090811182e-11,4
550,0.012,0.012,300.0,2001.492170452735,2001.2513916799237,-0.2407787728113817,-4.54507273781044e-08,0.0,-0.24077872736065434,0.999999811234492,-7.305731541863703e-10,-4.54507273781044e-08,5.195685259586245e-13,0.9839260404325605,1.400256205648935e-09,2.5446783681232598e-11,4
551,0.012,0.012,300.0,2001.2513908356327,2001.0115643112886,-0.23982652434415286,-4.503435249558223e-08,0.0,-0.23982647930980036,0.9999998122211352,-7.233725224744327e-10,-4.503435249558223e-08,5.161222297427869e-13,0.9839373171281769,1.387421890926036e-09,2.5211242936297848e-11,4
552,0.012,0.012,300.0,2001.0115634794279,2000.772683288921,-0.2388801905069613,-4.463472668379751e-08,0.0,-0.2388801458722346,0.9999998131501545,-6.962782656602839e-10,-4.463472668379751e-08,5.122741250657148e-13,0.9844005258373626,1.374880591477706e-09,2.498500570030646e-11,4
553,0.012,0.012,300.0,2000.7726824693007,2000.5347427471702,-0.2379397221304771,-4.424379621447688e-08,0.0,-0.23793967788668088,0.9999998140546025,-6.793471704436717e-10,-4.424379621447688e-08,5.095910290069012e-13,0.984645368874984,1.3627964779243798e-09,2.476284816071392e-11,4
554,0.012,0.012,300.0,2000.5347419396485,2000.2977368690983,-0.23700507055013986,-4.3861887794102454e-08,0.0,-0.23700502668825207,0.999999814932703,-6.62033363950401e-10,-4.3861887794102454e-08,5.065513200844539e-13,0.9849064097045223,1.3511353344726154e-09,2.454544258207987e-11,4
555,0.012,0.012,300.0,2000.2977360734558,2000.0616598859228,-0.23607618753294446,-4.3490847400177834e-08,0.0,-0.23607614404209706,0.999999815776221,-6.444803211733906e-10,-4.3490847400177834e-08,5.048472059297536e-13,0.9851812424981456,1.339687625130097e-09,2.4333686843092504e-11,4
556,0.012,0.012,300.0,2000.0616591019848,1999.826506076624,-0.2351530253608871,-4.312999925553428e-08,0.0,-0.23515298223088785,0.9999998165875212,-6.252405904257931e-10,-4.312999925553428e-08,5.011630493948141e-13,0.9855033479893797,1.328695168561485e-09,2.4131034609644956e-11,4
557,0.012,0.012,300.0,1999.8265053042185,1999.5922697673846,-0.2342355368339213,-4.277331751320023e-08,0.0,-0.23423549406060376,0.9999998173918522,-6.187857733172185e-10,-4.277331751320023e-08,4.973713765356457e-13,0.9855333696497529,1.3177465637231e-09,2.392864203561655e-11,4
558,0.012,0.012,300.0,1999.5922690063423,1999.358945332177,-0.23332367416537636,-4.241972011204514e-08,0.0,-0.23332363174565623,0.9999998181936733,-6.151443746238758e-10,-4.241972011204514e-08,4.926625222395836e-13,0.9854986225038952,1.3067103850743858e-09,2.3728673531809087e-11,4
559,0.012,0.012,300.0,1999.358944581418,1999.126527188182,-0.23241739323589172,-4.2066052862308344e-08,0.0,-0.23241735116983886,0.9999998190064338,-6.138388913223569e-10,-4.2066052862308344e-08,4.882466603968491e-13,0.9854077373664796,1.295813658321632e-09,2.352802001389095e-11,4
560,0.012,0.012,300.0,1999.1265264484823,1998.8950098013,-0.23151664718238862,-4.171390909571175e-08,0.0,-0.23151660546847952,0.9999998198232843,-6.117056724426262e-10,-4.171390909571175e-08,4.828600859303581e-13,0.9853356905237752,1.2848923751243418e-09,2.332863737117324e-11,4
561,0.012,0.012,300.0,1998.8950090724968,1998.664387681792,-0.23062139070475496,-4.135634905441055e-08,0.0,-0.2306213493484059,0.9999998206742707,-6.200106965209085e-10,-4.135634905441055e-08,4.779900295318541e-13,0.9850080891883084,1.27392879760172e-09,2.3127584801684124e-11,4
562,0.012,0.012,300.0,1998.6643869637264,1998.4346553847877,-0.22973157893875396,-4.09968180913042e-08,0.0,-0.22973153794193588,0.9999998215446989,-6.243051304388548e-10,-4.09968180913042e-08,4.721705428270403e-13,0.9847718637810267,1.2627770670235083e-09,2.2924027438617688e-11,4
563,0.012,0.012,300.0,1998.4346546773018,1998.2058075098128,-0.22884716748899336,-4.063576952392591e-08,0.0,-0.22884712685322384,0.999999822432718,-6.263114134601422e-10,-4.063576952392591e-08,4.680471085214753e-13,0.984587189542667,1.2516650139069068e-09,2.272032344663312e-11,4
564,0.012,0.012,300.0,1998.2058068127524,1997.9778387003448,-0.22796811240755233,-4.027622566331508e-08,0.0,-0.22796807213132667,0.9999998233251781,-6.23311969036212e-10,-4.027622566331508e-08,4.61991292544274e-13,0.9845240719861209,1.2406173543023084e-09,2.2517932040029505e-11,4
565,0.012,0.012,300.0,1997.9778380135572,1997.750743643354,-0.22709437020307632,-3.991415026655094e-08,0.0,-0.22709433028892606,0.9999998242398074,-6.275299032201309e-10,-3.991415026655094e-08,4.588036649475452e-13,0.9842780092015132,1.2295215552823863e-09,2.2313904610031094e-11,4
566,0.012,0.012,300.0,1997.7507429666891,1997.5245170688968,-0.2262258977923466,-3.955717810233799e-08,0.0,-0.2262258582351685,0.9999998251430164,-6.199048563381813e-10,-3.955717810233799e-08,4.55017671580982e-13,0.9843288908340622,1.2184448457873725e-09,2.211133860551668e-11,4
567,0.012,0.012,300.0,1997.5245164022065,1997.2991537496491,-0.22536265255735088,-3.9203774410120706e-08,0.0,-0.22536261335357646,0.9999998260413872,-6.125976276957204e-10,-3.9203774410120706e-08,4.5018042986080005e-13,0.9843740140608102,1.207590706931024e-09,2.191180151892353e-11,4
568,0.012,0.012,300.0,1997.299153092788,1997.0746485004886,-0.22450459229935404,-3.885220807791159e-08,0.0,-0.22450455344714595,0.9999998269424795,-6.105127729848507e-10,-3.885220807791159e-08,4.472064720304301e-13,0.9842862786135457,1.1966772785284072e-09,2.1712728597747067e-11,4
569,0.012,0.012,300.0,1997.0746478533135,1996.8509961780876,-0.22365167522593765,-3.850618510728557e-08,0.0,-0.22365163671975255,0.9999998278296593,-5.99551250079355e-10,-3.850618510728557e-08,4.411679611043986e-13,0.9844297416529607,1.1860426996431313e-09,2.151810555576473e-11,4
570,0.012,0.012,300.0,1996.8509955404572,1996.6281916804567,-0.2228038600005675,-3.815703195913801e-08,0.0,-0.22280382184353556,0.9999998287416028,-6.056960771162942e-10,-3.815703195913801e-08,4.376393334511003e-13,0.9841262266476877,1.1752572667707634e-09,2.1321208320326122e-11,4
571,0.012,0.012,300.0,1996.6281910522318,1996.4062299465863,-0.22196110564550509,-3.781169163773715e-08,0.0,-0.22196106783381345,0.9999998296472189,-5.989027636907195e-10,-3.781169163773715e-08,4.322097786884949e-13,0.9841609106138748,1.1646129728247556e-09,2.112735936701672e-11,4
572,0.012,0.012,300.0,1996.4062293276304,1996.1851059559942,-0.22112337163616758,-3.7468103495631725e-08,0.0,-0.22112333416806407,0.9999998305556611,-5.958539501714612e-10,-3.7468103495631725e-08,4.3016520012095596e-13,0.9840970346886938,1.1540419106082665e-09,2.0934443751930608e-11,4
573,0.012,0.012,300.0,1996.1851053461717,1995.9648147283556,-0.22029061781609016,-3.713684520949447e-08,0.0,-0.22029058067924495,0.9999998314188522,-5.752972003496606e-10,-3.713684520949447e-08,4.2774996110542503e-13,0.984508721807027,1.1437129443649664e-09,2.0746856348337234e-11,4
574,0.012,0.012,300.0,1995.9648141275338,1995.7453513230607,-0.21946280447309618,-3.6811451440016086e-08,0.0,-0.21946276766164474,0.9999998322656474,-5.63298482236037e-10,-3.6811451440016086e-08,4.253837500454564e-13,0.9846977377908087,1.1337567740684497e-09,2.0564840638413473e-11,4
575,0.012,0.012,300.0,1995.7453507311093,1995.5267108388562,-0.21863989225312253,-3.6494057676262156e-08,0.0,-0.21863985575906486,0.999999833086006,-5.502599362980447e-10,-3.6494057676262156e-08,4.210338156821153e-13,0.9849219305460799,1.1239692632514756e-09,2.0386784411440895e-11,4
576,0.012,0.012,300.0,1995.5267102556454,1995.3088884134318,-0.21782184221365242,-3.6178273562686587e-08,0.0,-0.21782180603537885,0.9999998339088807,-5.478269046991583e-10,-3.6178273562686587e-08,4.177213708744597e-13,0.9848575719416259,1.114189984373279e-09,2.0208582230725846e-11,4
577,0.012,0.012,300.0,1995.3088878388353,1995.0918792230682,-0.2170086157670994,-3.586792763254618e-08,0.0,-0.21700857989917177,0.9999998347165734,-5.382624324489747e-10,-3.586792763254618e-08,4.146976251721567e-13,0.9849932107044689,1.1045887487524404e-09,2.003412453415097e-11,4
578,0.012,0.012,300.0,1995.091878656961,1994.8756784822249,-0.21620017473605913,-3.556026294302951e-08,0.0,-0.21620013917579617,0.9999998355215809,-5.333775747465261e-10,-3.556026294302951e-08,4.1063583873166666e-13,0.985000741541168,1.0951118730661941e-09,1.9859044936684702e-11,4
579,0.012,0.012,300.0,1994.8756779244836,1994.6602814431794,-0.21539648130419664,-3.5253554025135705e-08,0.0,-0.21539644605064262,0.9999998363318017,-5.312436739707591e-10,-3.5253554025135705e-08,4.0788094780098933e-13,0.9849307768064468,1.085670998744181e-09,1.9687707708343002e-11,4
580,0.012,0.012,300.0,1994.6602808936827,1994.445683395661,-0.21459749802170336,-3.495171655622273e-08,0.0,-0.2145974630699868,0.9999998371289653,-5.239460453059659e-10,-3.495171655622273e-08,4.0354912372535384e-13,0.9850094330999979,1.0762680029114235e-09,1.951616394948445e-11,4
581,0.012,0.012,300.0,1994.4456828542893,1994.2318796664654,-0.2138031878239417,-3.464994110498842e-08,0.0,-0.2138031531740006,0.9999998379353392,-5.222681478748111e-10,-3.464994110498842e-08,4.003077442730952e-13,0.9849273005604151,1.0670282299570275e-09,1.9346882540104408e-11,4
582,0.012,0.012,300.0,1994.2318791331004,1994.018865619114,-0.2130135139864251,-3.435283947649445e-08,0.0,-0.2130134796335856,0.9999998387292954,-5.140812996197208e-10,-3.435283947649445e-08,3.98238630260051e-13,0.985035260332076,1.057926693480378e-09,1.9180033634078434e-11,4
583,0.012,0.012,300.0,1994.0188650936404,1993.8066366534774,-0.21222844016301678,-3.4060855326122084e-08,0.0,-0.21222840610216145,0.9999998395085253,-5.063557168490689e-10,-3.4060855326122084e-08,3.933931775728486e-13,0.9851337932649997,1.0488722629858913e-09,1.9016372957418102e-11,4
584,0.012,0.012,300.0,1993.8066361357808,1993.5951882054153,-0.21144793036546616,-3.376651555306964e-08,0.0,-0.2114478965989506,0.9999998403081293,-5.102359225479679e-10,-3.376651555306964e-08,3.8962338231002437e-13,0.984889293011414,1.0397478183535967e-09,1.8850272676962206e-11,4
585,0.012,0.012,300.0,1993.5951876953832,1993.384515746438,-0.2106719489452189,-3.347314966020326e-08,0.0,-0.21067191547206923,0.9999998411124508,-5.086033740232886e-10,-3.347314966020326e-08,3.871711955525182e-13,0.9848056314034894,1.0306780131574229e-09,1.8685015934047792e-11,4
586,0.012,0.012,300.0,1993.3845152439744,1993.1746147834153,-0.2099004605590835,-3.318598884394366e-08,0.0,-0.20990042737309467,0.9999998418965411,-4.972226418555241e-10,-3.318598884394366e-08,3.8393809695129826e-13,0.9850170912732568,1.0218571509591694e-09,1.852229969798366e-11,4
587,0.012,0.012,300.0,1993.1746142883956,1992.9654808581147,-0.20913343028087183,-3.290169271819081e-08,0.0,-0.2091333973791791,0.999999842676072,-4.924969779725313e-10,-3.290169271819081e-08,3.8028740799524306e-13,0.9850312571395381,1.013074618739424e-09,1.8364414627885012e-11,4
588,0.012,0.012,300.0,1992.9654803704311,1992.7571095469405,-0.20837082349066804,-3.2615792582194066e-08,0.0,-0.20837079087487545,0.9999998434723631,-4.956620987299456e-10,-3.2615792582194066e-08,3.7706266676896886e-13,0.9848030031010025,1.0041997312644863e-09,1.8202618723378288e-11,4
589,0.012,0.012,300.0,1992.757109066487,1992.5494964606023,-0.20761260588460573,-3.233296680008829e-08,0.0,-0.20761257355163892,0.9999998442629884,-4.901306604399421e-10,-3.233296680008829e-08,3.745866510366314e-13,0.9848411479382522,9.95433353249446e-10,1.804281447520668e-11,4
590,0.012,0.012,300.0,1992.5494959872747,1992.3426372437666,-0.20685874350806444,-3.2056860264924995e-08,0.0,-0.20685871145120416,0.9999998450301896,-4.787748165633833e-10,-3.2056860264924995e-08,3.715678039033311e-13,0.9850648250450393,9.86880195857574e-10,1.7887063449615747e-11,4
591,0.012,0.012,300.0,1992.3426367774618,1992.1365275747153,-0.20610920274657474,-3.178154336244269e-08,0.0,-0.20610917096503137,0.999999845802405,-4.768176809243106e-10,-3.178154336244269e-08,3.6634738006394463e-13,0.9849970256168308,9.783652468972544e-10,1.7732305295908354e-11,4
592,0.012,0.012,300.0,1992.1365271153325,1991.931163165043,-0.20536395028943843,-3.150368202725899e-08,0.0,-0.2053639187857564,0.9999998465958511,-4.813854130506858e-10,-3.150368202725899e-08,3.6318659192409083e-13,0.9847197095046173,9.697651464786278e-10,1.7575885513779057e-11,4
593,0.012,0.012,300.0,1991.9311627124816,1991.7265397593465,-0.20462295313518553,-3.1226978229856206e-08,0.0,-0.2046229219082073,0.9999998473925933,-4.779349404494772e-10,-3.1226978229856206e-08,3.585436647441623e-13,0.9846948066210095,9.613515950516826e-10,1.74197877884018e-11,4
594,0.012,0.012,300.0,1991.7265393135083,1991.5226531348806,-0.20388617862772662,-3.094833068505553e-08,0.0,-0.20388614767939595,0.9999998482078045,-4.822213687259054e-10,-3.094833068505553e-08,3.559111078480237e-13,0.9844185014812846,9.527554523021927e-10,1.7263718367627713e-11,4
595,0.012,0.012,300.0,1991.522652695669,1991.319499101285,-0.20315359438404812,-3.0675802358817264e-08,0.0,-0.20315356370824575,0.9999998490019216,-4.711774401311871e-10,-3.0675802358817264e-08,3.533221828271203e-13,0.9846400940187386,9.44421176682173e-10,1.7111725536574105e-11,4
596,0.012,0.012,300.0,1991.3194986686046,1991.1170735002343,-0.20242516837038238,-3.0409796623117286e-08,0.0,-0.20242513796058575,0.99999984977265,-4.6169563784790537e-10,-3.0409796623117286e-08,3.5194570629420163e-13,0.9848175361522501,9.360653272591171e-10,1.6961314648640842e-11,4
597,0.012,0.012,300.0,1991.117073073991,1990.9153722051565,-0.20170086883445038,-3.0150180670915646e-08,0.0,-0.20170083868426972,0.9999998505203234,-4.4811567279169915e-10,-3.0150180670915646e-08,3.5072437617008115e-13,0.9851372143443249,9.281926627776709e-10,1.681556601917755e-11,4
598,0.012,0.012,300.0,1990.9153717852573,1990.7143911209164,-0.20098066434093198,-2.98970830699877e-08,0.0,-0.20098063444384892,0.9999998512439833,-4.387171432378397e-10,-2.98970830699877e-08,3.4713612444156287e-13,0.9853257542814187,9.203108181083307e-10,1.6672954072500695e-11,4
599,0.012,0.012,300.0,1990.7143907072702,1990.5141261835302,-0.2002645237400884,-2.9647981481024812e-08,0.0,-0.20026449409210692,0.9999998519558985,-4.3077844521271253e-10,-2.9647981481024812e-08,3.455231120925902e-13,0.9854702268520904,9.126593677818553e-10,1.6531582540902142e-11,4
600,0.012,0.012,300.0,1990.514125776047,1990.3145733598635,-0.199552416183451,-2.9401870340905707e-08,0.0,-0.19955238678158066,0.9999998526609154,-4.254063716468027e-10,-2.9401870340905707e-08,3.4263292159215173e-13,0.9855313159770333,9.051024663695581e-10,1.6393715729789233e-11,4
601,0.012,0.012,300.0,1990.3145729584548,1990.1157286473426,-0.19884431111222511,-2.9156296458448928e-08,0.0,-0.19884428195592865,0.9999998533712315,-4.2454269061800577e-10,-2.9156296458448928e-08,3.390515451699394e-13,0.9854390734700127,8.975469158110208e-10,1.625526919744098e-11,4
602,0.012,0.012,300.0,1990.1157282519214,1989.9175880736605,-0.19814017826092822,-2.8911815575222604e-08,0.0,-0.19814014934911264,0.9999998540840337,-4.2312152426768455e-10,-2.8911815575222604e-08,3.362738337221666e-13,0.985365100190031,8.900151591833396e-10,1.6118068893736138e-11,4
603,0.012,0.012,300.0,1989.9175876841555,1989.720147696531,-0.1974399876244206,-2.8668087958195384e-08,0.0,-0.19743995895633265,0.9999998548010041,-4.2188025644448404e-10,-2.8668087958195384e-08,3.3147309049874506e-13,0.985283976487735,8.824693331013281e-10,1.598070222116522e-11,4
604,0.012,0.012,300.0,1989.720147312843,1989.523403603333,-0.196743709509974,-2.842343737279068e-08,0.0,-0.19674368108653661,0.9999998555306421,-4.234050782941257e-10,-2.842343737279068e-08,3.2891683495570534e-13,0.9851036638271117,8.749197116807575e-10,1.5843562456284783e-11,4
605,0.012,0.012,300.0,1989.5234032253782,1989.3273519108905,-0.19605131448770408,-2.817857731565762e-08,0.0,-0.19605128630912677,0.9999998562693784,-4.234398386420343e-10,-2.817857731565762e-08,3.250157178651703e-13,0.9849729873194575,8.673796796446345e-10,1.570526240170883e-11,4
606,0.012,0.012,300.0,1989.327351538587,1989.131988765173,-0.19536277341399,-2.7930907717175065e-08,0.0,-0.19536274548308227,0.9999998570305527,-4.278873054131734e-10,-2.7930907717175065e-08,3.2081365921856574e-13,0.9846805084265106,8.597913675893899e-10,1.5567494950912908e-11,4
607,0.012,0.012,300.0,1989.1319883984397,1988.9373103410355,-0.19467805740418953,-2.7682979673278287e-08,0.0,-0.19467802972120984,0.9999998578012332,-4.293571799024929e-10,-2.7682979673278287e-08,3.1869403058097626e-13,0.9844902107731943,8.520803885009452e-10,1.5427979009907968e-11,4
608,0.012,0.012,300.0,1988.9373099797926,1988.7433128419507,-0.19399713784196138,-2.7439705637965107e-08,0.0,-0.19399711040225573,0.9999998585561315,-4.2092239585570935e-10,-2.7439705637965107e-08,3.1670427755099896e-13,0.9846600979832186,8.445565693226495e-10,1.52914675377059e-11,4
609,0.012,0.012,300.0,1988.7433124861193,1988.5499924997205,-0.1933199863988193,-2.720040978607765e-08,0.0,-0.19331995919840952,0.9999998592985118,-4.1329454022151006e-10,-2.720040978607765e-08,3.1513369524105884e-13,0.9848055767000594,8.372318881431471e-10,1.51569582824074e-11,4
610,0.012,0.012,300.0,1988.5499921492237,1988.357345575737,-0.19264657348662695,-2.696949155901969e-08,0.0,-0.1926465465171354,0.99999986000534,-4.0030633984905005e-10,-2.696949155901969e-08,3.1315580382723545e-13,0.9851570676083001,8.300153760282059e-10,1.5027783149568005e-11,4
611,0.012,0.012,300.0,1988.3573452291648,1988.165368354828,-0.1919768743368877,-2.6742698302246194e-08,0.0,-0.1919768475941894,0.9999998606983347,-3.9240693590855635e-10,-2.6742698302246194e-08,3.1085795684393313e-13,0.9853265765677954,8.229755259073954e-10,1.4899879261377683e-11,4
612,0.012,0.012,300.0,1988.1653680134632,1987.974057153613,-0.19131085985009122,-2.6519627345761793e-08,0.0,-0.19131083333046386,0.9999998613793939,-3.8502376412106926e-10,-2.6519627345761793e-08,3.0798539306559963e-13,0.9854815545067378,8.161691175893525e-10,1.477466635129444e-11,4
613,0.012,0.012,300.0,1987.9740568173816,1987.783408314657,-0.1906485027245708,-2.629917750503257e-08,0.0,-0.1906484764253933,0.9999998620541094,-3.8142881539170165e-10,-2.629917750503257e-08,3.053789375442451e-13,0.9854965496423335,8.093337144355823e-10,1.4650724823095533e-11,4
614,0.012,0.012,300.0,1987.7834079834852,1987.5934182075855,-0.1899897758996758,-2.608213624019729e-08,0.0,-0.18998974981753958,0.9999998627182115,-3.7512058142812856e-10,-2.608213624019729e-08,3.0333914621709294e-13,0.9856177201908025,8.026473098936489e-10,1.45293160217205e-11,4
615,0.012,0.012,300.0,1987.5934178814014,1987.404083228821,-0.1893346525803281,-2.5866850187322615e-08,0.0,-0.18933462671347792,0.9999998633802644,-3.721934478225976e-10,-2.5866850187322615e-08,3.0032414962457784e-13,0.9856111801349122,7.959823410272771e-10,1.4407748781634611e-11,4
616,0.012,0.012,300.0,1987.4040829075532,1987.2153998013464,-0.1886831062067813,-2.5652567800861753e-08,0.0,-0.1886830805542135,0.9999998640441727,-3.7062632282090896e-10,-2.5652567800861753e-08,2.9703874544612617e-13,0.9855520770591839,7.893496271864542e-10,1.4286485665103228e-11,4
617,0.012,0.012,300.0,1987.2153994849245,1987.0273643744545,-0.18803511047008215,-2.543674021018753e-08,0.0,-0.18803508503334193,0.9999998647234543,-3.7304758295033367e-10,-2.543674021018753e-08,2.9300821223572625e-13,0.9853343007056806,7.826937963832412e-10,1.4164580036656013e-11,4
