step_index,old_radius_m,new_radius_m,dt_total_s,sensible_energy_old_J,sensible_energy_new_J,delta_sensible_energy_J,conductive_boundary_heat_J,latent_heat_J,residual_J,relative_residual,linear_storage_delta_last_J,linear_boundary_heat_last_J,linear_solver_relative_residual_last,linear_storage_boundary_balance_relative_last,internal_radial_flux_abs_last_W,internal_axial_flux_abs_last_W,picard_calls
1,0.019753705501618122,0.019753705501618122,300.0,0.0,217.862674233014,217.862674233014,217.8626760259044,0.0,-1.7928904014752334e-06,8.229451846364241e-09,217.862674233014,217.8626760259044,2.418714676232526e-11,8.229451846364241e-09,1.0296074276382223,0.020822788401838634,5
2,0.019753705501618122,0.019519190938511326,300.0,217.86267421603532,556.290265203761,338.4275909877257,346.07424159540517,0.0,-7.646650607679476,0.022095405229896198,346.07423925413724,346.07424159540517,3.008887079889613e-11,6.765218696882761e-09,1.9730766038642298,0.04304433569643981,5
3,0.019519190938511326,0.01929800970873786,300.0,556.2902651475999,983.9077979001639,427.617532752564,445.3589722322508,0.0,-17.74143947968679,0.039836268237198075,445.3589680225033,445.3589722322508,4.988572693641435e-11,9.452481593428504e-09,2.811318080052351,0.06334777001207122,5
4,0.01929800970873786,0.019091715210355985,300.0,983.9077977478817,1483.8810019947127,499.9732042468311,528.8349610887502,0.0,-28.861756841919146,0.05457611346742165,528.8349578386789,528.8349610887502,2.5069501858139126e-11,6.145719549282001e-09,3.557666387991061,0.08131663918264417,6
5,0.019091715210355985,0.018901860841423947,300.0,1483.8810019929401,1994.5122834815388,510.6312814885987,550.6910906959943,0.0,-40.059809207395574,0.072744611060923,550.6910885099319,550.6910906959943,1.7603510063330375e-11,3.969670858326841e-09,3.9698521964289535,0.09236316283342236,6
6,0.018901860841423947,0.01873,300.0,1994.5122834764986,2531.533387221565,537.0211037450665,586.2044314736395,0.0,-49.183327728572976,0.08390132364733695,586.2044288734858,586.2044314736395,2.6250449507420166e-11,4.435574999392549e-09,4.345732655311361,0.10137630124112948,5
7,0.01873,0.018578318897138145,300.0,2531.533386694974,3042.5366876198286,511.00330092485456,567.2940131565019,0.0,-56.290712231647376,0.09922669890069544,567.2940109642473,567.2940131565019,1.7130918963615996e-11,3.864406495593222e-09,4.413644652641333,0.1042365575509033,6
8,0.018578318897138145,0.018443526619709376,300.0,3042.5366876018616,3544.4082848179005,501.87159721603894,563.325593170676,0.0,-61.453995954637094,0.10909143255633656,563.325590838914,563.325593170676,1.8456317317717023e-11,4.139279468084821e-09,4.458015701745084,0.10549274853106462,6
9,0.018443526619709376,0.018318960879497432,300.0,3544.4082847948175,4027.7931349416117,483.3848501467942,550.4847338764364,0.0,-67.09988372964222,0.12189236067844104,550.484731507783,550.4847338764364,1.9167122335604794e-11,4.302850369380857e-09,4.429800430689272,0.10497857104023807,6
10,0.018318960879497432,0.01819795938828606,300.0,4027.7931349174146,4451.737402911993,423.94426799457824,498.12594361778315,0.0,-74.18167562320491,0.14892152591860428,498.1259416146515,498.12594361778315,2.4676374974584197e-11,4.021335758738971e-09,4.165413455332519,0.09979162240481851,5
11,0.01819795938828606,0.018073859857859004,300.0,4451.737402399787,4852.044783960181,400.3073815603939,483.3438773203305,0.0,-83.0364957599366,0.17179589864734157,483.34387532286416,483.3438773203305,2.572479035761157e-11,4.13259877070462e-09,4.022502267142372,0.0957607671164009,5
12,0.018073859857859004,0.01794,300.0,4852.0447834284405,5195.355183939647,343.31040051120635,438.7796272587118,0.0,-95.46922674750545,0.21757898684574795,438.7796225483146,438.7796272587118,4.798976251397474e-11,1.0735223136810449e-08,3.7418177996736683,0.0893135585834374,5
13,0.01794,0.017794147603485837,300.0,5195.355183479376,5481.3187701312,285.9635866518238,395.01043371871333,0.0,-109.04684706688954,0.27606067525938244,395.01042995172503,395.01043371871333,3.834387713223833e-11,9.53642734065222e-09,3.4256569408227504,0.08174658725035305,5
14,0.017794147603485837,0.017640997821350764,300.0,5481.318769736143,5707.113029504351,225.79425976820858,345.47999307027084,0.0,-119.68573330206226,0.3464331819577121,345.47999026090656,345.47999307027084,3.033009688267909e-11,8.131771250974376e-09,3.0605503729918264,0.07312540761295894,5
15,0.017640997821350764,0.017484279411764708,300.0,5707.113029187443,5892.063797257655,184.95076807021178,312.2408931201251,0.0,-127.29012504991334,0.4076664135115139,312.24089080408135,312.2408931201251,2.7367084801019037e-11,7.417490237023771e-09,2.764381319073511,0.06552647886811941,5
16,0.017484279411764708,0.017327721132897603,300.0,5892.063796976765,6049.440214367825,157.3764173910604,289.26175588643207,0.0,-131.88533849537168,0.4559376959156384,289.26175380856967,289.26175588643207,2.6948495248162923e-11,7.183329156099192e-09,2.5386464677777445,0.05934554462275797,5
17,0.017327721132897603,0.017175051742919386,300.0,6049.440214102872,6152.342480835994,102.9022667331219,236.30383902044386,0.0,-133.40157228732195,0.5645340881481857,236.30383768815307,236.30383902044386,2.2434365041838705e-11,5.638041255555355e-09,2.1692042857587115,0.05118746588115726,5
18,0.017175051742919386,0.01703,300.0,6152.342480647398,6232.05075354302,79.70827289562203,210.67508231732788,0.0,-130.96680942170585,0.6216530592091475,210.67508123976694,210.67508231732788,2.1302493827182304e-11,5.114800129201871e-09,1.9134476780459466,0.04469975697535747,5
19,0.01703,0.016886403508771932,300.0,6232.050753404703,6298.405896066571,66.35514266186783,198.64509512679484,0.0,-132.289952464927,0.6659613336059798,198.64509409142477,198.64509512679484,2.2265560784904798e-11,5.212160286344147e-09,1.758442856350603,0.04017893317277624,5
20,0.016886403508771932,0.01673982456140351,300.0,6298.405895929764,6341.124706740107,42.71881081034371,179.35030443758345,0.0,-136.63149362723973,0.7618135584196318,179.35030355177264,179.35030443758345,2.1036101389464156e-11,4.9389980620173385e-09,1.5931982107950584,0.035933775330366444,5
21,0.01673982456140351,0.01659657894736842,300.0,6341.124706605871,6353.083324921799,11.958618315928106,147.85520447774314,0.0,-135.89658616181504,0.9191193955047537,147.85520372522964,147.85520447774314,1.5018738649041424e-11,5.089530010523885e-09,1.3614636153873891,0.030855524832854326,5
22,0.01659657894736842,0.016462982456140352,300.0,6353.083324846664,6343.059497138824,-10.02382770784061,119.6433122252393,0.0,-129.6671399330799,1.0837809278379877,119.64330950236723,119.6433122252393,4.270571053571543e-11,2.2758247139927415e-08,1.1311456998108638,0.025804078570936844,5
23,0.016462982456140352,0.016345350877192983,300.0,6343.0594970727,6340.082788283943,-2.976708788756696,115.00545025682669,0.0,-117.98215904558339,1.0258831975537612,115.00544739531237,115.00545025682669,4.133855054559628e-11,2.4881553974633293e-08,1.0324524078195791,0.022860276692066656,5
24,0.016345350877192983,0.01625,300.0,6340.082788205592,6328.350213205677,-11.732574999914505,89.60727997203263,0.0,-101.33985497194713,1.1309332791217004,89.60727694760527,89.60727997203263,2.918940844978891e-11,3.3752027272664705e-08,0.8493461263397118,0.019124440950650717,5
25,0.01625,0.016174763278058158,300.0,6328.350213143038,6316.883648997051,-11.466564145986922,74.40438096522678,0.0,-85.8709451112137,1.1541114111458823,74.40437885617027,74.40438096522678,2.1374948609973594e-11,2.8345864618723515e-08,0.7074187758229313,0.015977721203493486,5
26,0.016174763278058158,0.016110716173996637,300.0,6316.883648938028,6294.373425863696,-22.510223074332316,54.619455728559075,0.0,-77.12967880289139,1.4121282933722519,54.61945356930269,54.619455728559075,2.8651022984292288e-11,3.9532733414888085e-08,0.5478860305878848,0.012723574589860464,5
27,0.016110716173996637,0.016054037490987747,300.0,6294.373425807962,6266.596231553692,-27.7771942542704,43.338008236599386,0.0,-71.11520249086979,1.640943028637211,43.33800645978759,43.338008236599386,2.7193825931050283e-11,4.0998926002972025e-08,0.4337316049087174,0.0101677488795363,5
28,0.016054037490987747,0.016000906032203797,300.0,6266.596231511632,6249.279537330278,-17.31669418135425,50.693540010564845,0.0,-68.0102341919191,1.341595678221433,50.6935377832169,50.693540010564845,2.5860059272942735e-11,4.3937510544390665e-08,0.4384143314140242,0.009497151101414011,5
29,0.016000906032203797,0.01594750060081711,300.0,6249.2795372768705,6217.166517151585,-32.1130201252854,35.87761248355348,0.0,-67.99063260883888,1.8950712687475013,35.87761163480463,35.87761248355348,1.8810285153085593e-11,2.3656781721283092e-08,0.34690479737637153,0.00780765136452119,5
30,0.01594750060081711,0.01589,300.0,6217.166517116286,6195.3558832757835,-21.810633840502305,48.97226219259709,0.0,-70.7828960330994,1.4453670887149528,48.97225972451606,48.97226219259709,2.7600206796331018e-11,5.0397529643177155e-08,0.3976748397748785,0.00804708729101719,5
31,0.01589,0.015829462041372047,300.0,6195.355883219041,6157.250640560172,-38.10524265886943,34.78098222387334,0.0,-72.88622488274277,1.9127610742501773,34.780981532663034,34.78098222387334,1.9635667589444154e-11,1.9873225510634197e-08,0.32382534207635816,0.006860193586215181,5
32,0.015829462041372047,0.015769152200579287,300.0,6157.250640513166,6098.1195679755,-59.131072537666114,13.148360618569006,0.0,-72.27943315623511,1.2223595827759353,13.148360247327538,13.148360618569006,2.945414566119531e-11,2.8234810297561053e-08,0.17951668224881268,0.004486071796385762,5
33,0.015769152200579287,0.015708560776833712,300.0,6098.1195678778095,6045.5614709356405,-52.55809694216896,19.276964426465728,0.0,-71.83506136863468,1.3667743991506518,19.27696541338571,19.276964426465728,1.7879526714835195e-11,5.119685391440489e-08,0.17640868136911747,0.003902774579450746,5
34,0.015708560776833712,0.01564717806934731,300.0,6045.561470895263,5987.2654743351195,-58.29599656014307,13.55245885932532,0.0,-71.8484554194684,1.2324766649343315,13.552459807703329,13.55245885932532,2.0941810223815104e-11,6.997829342201991e-08,0.13597988196270183,0.003099848054353543,5
35,0.01564717806934731,0.015584494377332076,300.0,5987.265474282238,5919.753830390662,-67.51164389157566,4.685228152607149,0.0,-72.19687204418281,1.0693988160047128,4.685227911354407,4.685228152607149,2.9535251461292966e-11,5.1492207739242034e-08,0.07229043808342137,0.0019679893074373623,5
36,0.015584494377332076,0.01552,300.0,5919.7538302907815,5874.093955951322,-45.65987433945975,27.163452181071957,0.0,-72.82332652053171,1.5949086057294954,27.16345303786705,27.163452181071957,3.548114350751657e-11,3.154220092510609e-08,0.18640410632674984,0.0032595204128527755,5
37,0.01552,0.015451909985935304,300.0,5874.0939558957325,5813.610605229995,-60.48335066573782,14.575245334049857,0.0,-75.05859599978767,1.2409794625069661,14.575246548950265,14.575245334049857,2.6855759832598664e-11,8.335367801503909e-08,0.1373933551603237,0.002732958423583309,5
38,0.015451909985935304,0.015380204781997187,300.0,5813.61060512896,5755.698325537834,-57.91227959112621,19.196202169834653,0.0,-77.10848176096086,1.3314703255572768,19.19620337764123,19.196202169834653,2.1340657392728768e-11,6.29190341845226e-08,0.15589007742123162,0.0028602335677189767,5
39,0.015380204781997187,0.015307022784810127,300.0,5755.698325492831,5673.332778423466,-82.36554706936477,-4.760154708111701,0.0,-77.60539236125307,0.9422069678708879,-4.760156629704868,-4.760154708111701,2.564274654687232e-11,4.036827601978544e-07,0.03220588817824945,0.001046398080764296,5
40,0.015307022784810127,0.015234502390998595,300.0,5673.332778268351,5610.2951338932835,-63.03764437506743,13.144236664177777,0.0,-76.18188103924521,1.2085140838380783,13.144238643281927,13.144236664177777,4.25751318722761e-11,1.5056818455648962e-07,0.0901640298927648,0.0015852895100618278,5
41,0.015234502390998595,0.01516478199718706,300.0,5610.295133849266,5532.5534658393,-77.7416680099659,-4.299167305688173,0.0,-73.44250070427773,0.9446993174221956,-4.299168979073931,-4.299167305688173,2.3374516097464884e-11,3.89234702359013e-07,0.0184749781500598,0.0007616604373537456,5
42,0.01516478199718706,0.0151,300.0,5532.553465688151,5472.909626505154,-59.643839182997,9.361949591200668,0.0,-69.00578877419767,1.1569642350231126,9.361951397814494,9.361949591200668,2.9835837884274336e-11,1.929740658632138e-07,0.05999624144001239,0.000998357245920078,5
43,0.0151,0.015040052910052911,300.0,5472.909626423427,5416.068519970521,-56.84110645290548,8.063093655882161,0.0,-64.90420010878763,1.1418532143205669,8.063096247580134,8.063093655882161,3.9288066256151685e-11,3.214271407777997e-07,0.06412432729810799,0.0011105929297835152,5
44,0.015040052910052911,0.014982969312169313,300.0,5416.0685198559295,5348.915711285152,-67.15280857077778,-4.86946570479553,0.0,-62.28334286598225,0.9274867900772429,-4.869467675775243,-4.86946570479553,3.198104871328764e-11,4.0476287019594356e-07,0.01901174051378509,0.0005298520228208124,5
45,0.014982969312169313,0.014928085714285715,300.0,5348.9157111107725,5301.52932490865,-47.386386202122594,12.629628398597495,0.0,-60.01601460072009,1.2665244052316396,12.629629877057322,12.629628398597495,4.257201611622895e-11,1.1706279929381206e-07,0.07646874721544404,0.0010871716498177353,5
46,0.014928085714285715,0.014874738624338624,300.0,5301.529324829495,5232.577080057657,-68.95224477183729,-10.49424665980024,0.0,-58.457998112037046,0.8478041332153049,-10.4942487172862,-10.49424665980024,2.5708830050597295e-11,1.9605843303432413e-07,0.04546984401678764,0.0006861456415139167,5
47,0.014874738624338624,0.01482226455026455,300.0,5232.577079807007,5184.8148170157,-47.762262791306966,9.381936374033014,0.0,-57.144199165339984,1.1964298972815959,9.381935974438408,9.381936374033014,2.0854703005920182e-11,4.259191177195482e-08,0.04904939766169256,0.0006226431221059423,5
48,0.01482226455026455,0.01477,300.0,5184.814816928157,5135.565563428392,-49.24925349976456,7.287254534242003,0.0,-56.536508034006566,1.147966801857755,7.287256771793098,7.287254534242003,4.288843381721441e-11,3.0704984944284436e-07,0.0552046399014026,0.0008365543371875044,5
49,0.01477,0.01471742937007088,300.0,5135.565563280949,5076.661376632221,-58.90418664872868,-2.6462407681844224,0.0,-56.25794588054426,0.9550755061950841,-2.6462398835873975,-2.6462407681844224,3.0740064688561744e-11,3.34284406619098e-07,0.010771219938721717,0.0002148161162028724,5
50,0.01471742937007088,0.014664948587401416,300.0,5076.661376424926,5019.46526462838,-57.196111796545665,-1.5888734918849614,0.0,-55.607238304660704,0.9722206030798597,-1.5888750470215078,-1.5888734918849614,4.025501794046832e-11,9.787657936616826e-07,0.008613857659782877,0.00024566965050055816,5
51,0.014664948587401416,0.014613261455525607,300.0,5019.465264445587,4963.844529711632,-55.62073473395503,-1.1222112863323472,0.0,-54.49852344762269,0.979823867992753,-1.1222122063040216,-1.1222112863323472,2.3644924382581148e-11,8.197840561952445e-07,0.008198961797052743,0.00019415063503119037,5
52,0.014613261455525607,0.014563071777977438,300.0,4963.844529525391,4910.057695634408,-53.78683389098296,-0.8480379339884518,0.0,-52.93879595699451,0.984233354658739,-0.8480389086097672,-0.8480379339884518,2.024350868413738e-11,1.149264857336784e-06,0.007149278563395407,0.00016547835527943395,5
53,0.014563071777977438,0.014515083358290905,300.0,4910.057695440713,4858.459296756451,-51.598398684262065,-0.6601802938277938,0.0,-50.93821839043427,0.9872054112014691,-0.6601810003592171,-0.6601802938277938,1.489998419553893e-11,1.0702086594165895e-06,0.005923587032936653,0.00013612020578135088,5
54,0.014515083358290905,0.01447,300.0,4858.45929655431,4809.431348337521,-49.0279482167889,-0.5207807998526048,0.0,-48.5071674169363,0.9893778789691576,-0.5207813527026735,-0.5207807998526048,1.132611847787886e-11,1.0615780802144883e-06,0.004809101206912548,0.00010825194677757411,5
55,0.01447,0.014428576694619147,300.0,4809.431348126346,4763.396615535212,-46.03473259113434,-0.4132406840146672,0.0,-45.621491907119676,0.9910232847948757,-0.4132417846327206,-0.4132406840146672,1.7174622767981616e-11,2.663375520934026e-06,0.003869799015516806,8.455575464622479e-05,5
56,0.014428576694619147,0.014390195946890285,300.0,4763.396615314464,4719.875202317065,-43.52141299739924,-0.3287282954375607,0.0,-43.192684701961674,0.9924467458017228,-0.32872939735613416,-0.3287282954375607,1.7323136543838026e-11,3.3520536414000815e-06,0.003101017029265479,6.533571893560622e-05,5
57,0.014390195946890285,0.014353502830188677,300.0,4719.875202086569,4677.923624456198,-41.95157763037059,-0.2617274195954188,0.0,-41.68985021077518,0.9937612019766823,-0.26172831153846565,-0.2617274195954188,1.3897598348518907e-11,3.407896691125053e-06,0.00247947509157744,5.236749195163516e-05,5
58,0.014353502830188677,0.014317142417889587,300.0,4677.923624215801,4636.62453206997,-41.29909214583131,-0.20839079091394205,0.0,-41.090701354917364,0.9949541072191588,-0.20839239882876293,-0.20839079091394205,2.211746449593301e-11,7.71580359892952e-06,0.0019796688379619806,4.191006909827553e-05,5
59,0.014317142417889587,0.014279759783368273,300.0,4636.624531819574,4595.08446160999,-41.54007020958397,-0.16585101487013845,0.0,-41.37421919471384,0.9960074450035024,-0.16585310768908085,-0.16585101487013845,4.0165453844357284e-11,1.2618509062359867e-05,0.0015787468307276455,3.332759267555987e-05,5
60,0.014279759783368273,0.01424,300.0,4595.084461349803,4552.4328476608825,-42.651613688920406,-0.1318947772287531,0.0,-42.519718911691655,0.9969076251559735,-0.13189646442456068,-0.1318947772287531,3.2148005557080156e-11,1.2791819818321096e-05,0.0012575490867604705,2.6358583134212234e-05,5
61,0.01424,0.014197000000000001,300.0,4552.432847391062,4508.1350304470625,-44.29781694399935,-0.10478643618367038,0.0,-44.19303050781568,0.9976345011241492,-0.10478807173492076,-0.10478643618367038,2.553088164515681e-11,1.5608181573527888e-05,0.001000452835991121,2.074714631633711e-05,5
62,0.014197000000000001,0.014151599999999999,300.0,4508.135030167878,4462.7482975760995,-45.38673259177813,-0.08315926940685688,0.0,-45.30357332237127,0.9981677625892391,-0.08316055752702277,-0.08315926940685688,2.289473915251014e-11,1.548955663836935e-05,0.0007948940211933433,1.6263584890681586e-05,5
63,0.014151599999999999,0.014104999999999998,300.0,4462.748297287282,4417.043642889331,-45.704654397951344,-0.0659216698261452,0.0,-45.6387327281252,0.9985576595929998,-0.06592270031161652,-0.0659216698261452,1.8322771953045602e-11,1.563172422333713e-05,0.0006307537238451206,1.2704702630882237e-05,5
64,0.014104999999999998,0.0140584,300.0,4417.043642590755,4371.773592348397,-45.270050242357684,-0.05219841966762551,0.0,-45.21785182269006,0.9988469546778018,-0.052198418296270324,-0.05219841966762551,1.1346664572816225e-11,2.6271967577950682e-08,0.0004998722797533799,9.895526264572186e-06,5
65,0.0140584,0.014013,300.0,4371.773592039466,4327.67216521839,-44.10142682107653,-0.04128661603446196,0.0,-44.06014020504207,0.9990638258439581,-0.041286612621941124,-0.04128661603446196,9.18378901635071e-12,8.265440869522526e-08,0.0003956644166175456,7.730959207210392e-06,5
66,0.014013,0.01397,300.0,4327.672164882425,4285.455451535555,-42.216713346870165,-0.03262191854172339,0.0,-42.18409142832844,0.9992272747934287,-0.03262189981653692,-0.03262191854172339,2.476612139608658e-11,5.740062911041391e-07,0.0003128232537725691,6.0926676014453045e-06,5
67,0.01397,0.01392888775971093,300.0,4285.455451188223,4244.777294781021,-40.67815640720255,-0.02574807161973986,0.0,-40.65240833558281,0.9993670295339349,-0.02574819069401286,-0.02574807161973986,2.8278797850665093e-11,4.624568553799223e-06,0.0002470502948342892,4.791363832441414e-06,5
68,0.01392888775971093,0.013888529719963866,300.0,4244.777294421802,4204.923899798125,-39.85339462367756,-0.02029966729265683,0.0,-39.833094956384905,0.9994906414501364,-0.020299512916125088,-0.02029966729265683,2.41618256485354e-11,7.604879898591593e-06,0.00019487670786482632,3.759941579010809e-06,5
69,0.013888529719963866,0.013849193902439024,300.0,4204.923899419848,4166.0436886704665,-38.88021074938115,-0.01598628867735491,0.0,-38.864224460703795,0.999588832252469,-0.01598616382582245,-0.01598628867735491,1.972032011706339e-11,7.809913544013256e-06,0.0001535406817447651,2.944683623948626e-06,5
70,0.013849193902439024,0.01381114832881662,300.0,4166.043688279731,4128.281810744362,-37.76187753536942,-0.01257557184006598,0.0,-37.749301963529355,0.9996669770503787,-0.01257545964353408,-0.01257557184006598,1.618541978009372e-11,8.921783702985421e-06,0.0001208333367453392,2.3019779050127452e-06,5
71,0.01381114832881662,0.013774661020776876,300.0,4128.281810340788,4091.7803191386733,-36.50149120211472,-0.009881891543252226,0.0,-36.49160931057147,0.9997292743058487,-0.009881800170934263,-0.009881891543252226,1.2969045048358862e-11,9.246440073103729e-06,9.498656412959147e-05,1.79652473483628e-06,5
72,0.013774661020776876,0.01374,300.0,4091.7803187218633,4056.678367806735,-35.10195091512833,-0.007757095966367532,0.0,-35.09419381916196,0.9997790123977689,-0.0077567199153498485,-0.007757095966367532,1.6932038860043135e-11,4.8478324789882115e-05,7.458941299686465e-05,1.3999405785904154e-06,5
73,0.01374,0.01370757196220611,300.0,4056.6783673761506,4023.193977367544,-33.484390008606624,-0.006083164041242817,0.0,-33.47830684456538,0.9998183283601798,-0.006082863544908094,-0.006083164041242817,1.3518226046217629e-11,4.939803245237065e-05,5.8511394412832183e-05,1.0893919117415995e-06,5
74,0.01370757196220611,0.013677108327840035,300.0,4023.1939769227843,3991.1462348242976,-32.04774209848665,-0.00476578574489701,0.0,-32.04297631274176,0.9998512910603734,-0.00476555511605262,-0.00476578574489701,1.0766037397625792e-11,4.8392617027962477e-05,4.58529445156095e-05,8.465974642275254e-07,5
75,0.013677108327840035,0.013647864205669085,300.0,3991.146234364975,3960.0816774370687,-31.064556927906324,-0.0037300318885972127,0.0,-31.060826896017726,0.9998799264416597,-0.0037294751956075487,-0.0037300318885972127,1.5625986965813148e-11,0.00014924617437342023,3.5897651266803736e-05,6.570353466670936e-07,5
76,0.013647864205669085,0.01361909470446056,300.0,3960.0816769629264,3929.556463143652,-30.52521381927454,-0.0029163760531884107,0.0,-30.52229744322135,0.9999044600941879,-0.002915904515935574,-0.0029163760531884107,1.2461950750412517e-11,0.0001616860254770757,2.8074381878019186e-05,5.091987949619902e-07,5
77,0.01361909470446056,0.013590054932981762,300.0,3929.556462654684,3899.1358551756134,-30.42060747907044,-0.0022777334466244537,0.0,-30.418329745623815,0.9999251253135496,-0.0022773628045958216,-0.0022777334466244537,9.852141062733454e-12,0.00016272405762901497,2.1932145676803587e-05,3.9553462867666445e-07,5
78,0.013590054932981762,0.013560000000000001,300.0,3899.1358546718343,3868.3939752961114,-30.741879375722874,-0.001776899691697333,0.0,-30.740102476031176,0.9999421993798758,-0.001776608285791524,-0.001776899691697333,7.788258024118225e-12,0.0001639968238897852,1.7113981040032655e-05,3.0755443312113885e-07,5
79,0.013560000000000001,0.013528550693550695,300.0,3868.3939747775985,3837.121603999788,-31.272370777810465,-0.0013846779710133836,0.0,-31.27098609983945,0.9999557220019917,-0.0013839585534746255,-0.0013846779710133836,1.1018023630660638e-11,0.0005195558489542179,1.3337912636500573e-05,2.387607256630145e-07,5
80,0.013528550693550695,0.013496221078221076,300.0,3837.121603466496,3805.6187240423433,-31.502879424152525,-0.0010778822980945112,0.0,-31.50180154185443,0.999965784641982,-0.001076821463300478,-0.0010778822980945112,1.634808021559355e-11,0.0009841842619630246,1.0382152990610006e-05,1.850747809553176e-07,5
81,0.013496221078221076,0.013463606177606178,300.0,3805.618723494087,3774.2245197548355,-31.39420373925168,-0.0008382068453387116,0.0,-31.393365532406342,0.9999733005859203,-0.0008367206662507022,-0.0008382068453387116,3.277314243601474e-11,0.001773045753890048,8.072738245685452e-06,1.432605749815334e-07,5
82,0.013463606177606178,0.013431301015301015,300.0,3774.2245191909533,3743.2709851007558,-30.953534090197536,-0.0006510049082004288,0.0,-30.952883085289336,0.9999789683172751,-0.0006498511834173613,-0.0006510049082004288,2.550093740744263e-11,0.00177222132818741,6.269925384626498e-06,1.1074075186624386e-07,5
83,0.013431301015301015,0.013399900614900614,300.0,3743.2709845205513,3713.0831014056957,-30.187883114855595,-0.000505134574937723,0.0,-30.187377980280658,0.9999832669759249,-0.0005039893969928414,-0.000505134574937723,1.9899526938431195e-11,0.0022670749572483956,4.863126711129976e-06,8.549809025297436e-08,5
84,0.013399900614900614,0.01337,300.0,3713.0831008084206,3683.9791363164272,-29.103964491993338,-0.0003914929631661393,0.0,-29.10357299903017,0.9999865484661625,-0.0003905526557340975,-0.0003914929631661393,1.517822118160372e-11,0.0024018501493288697,3.7689040199406037e-06,6.593100948140889e-08,5
85,0.01337,0.01334089133089133,300.0,3683.979135700884,3655.555825304795,-28.423310396089164,-0.0003030671637479546,0.0,-28.423007328925415,0.9999893373727576,-0.0003023460361909055,-0.0003030671637479546,1.1338600365873067e-11,0.0023794315033377144,2.9177723538490847e-06,5.0782013259652224e-08,5
86,0.01334089133089133,0.013311899877899876,300.0,3655.555824670414,3627.4363037089856,-28.119520961428407,-0.00023434250182047898,0.0,-28.119286618926587,0.9999916661986475,-0.00023378607701055566,-0.00023434250182047898,8.76456185637536e-12,0.002374408421864413,2.256293384539855e-06,3.9063150113034064e-08,5
87,0.013311899877899876,0.01328367032967033,300.0,3627.4363030553986,3599.967623481733,-27.468679573665668,-0.0001810268978227175,0.0,-27.468498546767844,0.9999934096978583,-0.00018054702898008537,-0.0001810268978227175,9.191897399821626e-12,0.002650815146277695,1.7425072718054577e-06,3.0010331660388415e-08,5
88,0.01328367032967033,0.013256847374847374,300.0,3599.9676228081694,3573.4899245330753,-26.4776982750941,-0.0001396826314933854,0.0,-26.477558592462607,0.9999947245175906,-0.0001393178477824974,-0.0001396826314933854,6.941649591408685e-12,0.0026115180318984363,1.3446122947861092e-06,2.3032658889457342e-08,5
89,0.013256847374847374,0.013232075702075703,300.0,3573.4899238384783,3548.3369019384536,-25.15302190002467,-0.00010767577854527153,0.0,-25.152914224246125,0.99999571917128,-0.00010739637826721119,-0.00010767577854527153,5.340780709843539e-12,0.0025948294206470466,1.0365424343762748e-06,1.7661868537257647e-08,5
90,0.013232075702075703,0.01321,300.0,3548.3369012216062,3524.836409797466,-23.500491424140364,-8.292963473454863e-05,0.0,-23.500408494505628,0.999996471153167,-8.271531419695172e-05,-8.292963473454863e-05,4.133344175045789e-12,0.002584366110895473,7.983474866804299e-07,1.3533648452264149e-08,5
91,0.01321,0.01319087283087283,300.0,3524.836409056993,3503.102584782019,-21.733824274973813,-6.381934946967036e-05,0.0,-21.733760455624342,0.9999970635931963,-6.365512572688002e-05,-6.381934946967036e-05,3.193149824669375e-12,0.002573259429232827,6.143957384481478e-07,1.037955394302747e-08,5
92,0.01319087283087283,0.013173921263921263,300.0,3503.10258401662,3482.7055377941515,-20.39704622246836,-4.907390651881813e-05,0.0,-20.396997148561844,0.999997594067985,-4.894826073804319e-05,-4.907390651881813e-05,2.4609970536267823e-12,0.00256033785952541,4.7246215253304546e-07,7.96497908462047e-09,5
93,0.013173921263921263,0.013158251748251748,300.0,3482.7055370030657,3463.159542668601,-19.545994334464922,-3.770505557743082e-05,0.0,-19.545956629409343,0.9999980709574078,-3.760905665925688e-05,-3.770505557743082e-05,1.892580033393737e-12,0.0025460489768221045,3.630325833934669e-07,6.107582308083111e-09,5
94,0.013158251748251748,0.013142970732970731,300.0,3463.15954185148,3443.986843351948,-19.172698499531634,-2.8945821472822015e-05,0.0,-19.17266955371016,0.9999984902583497,-2.887256470711272e-05,-2.8945821472822015e-05,1.452287823655224e-12,0.002530823517241598,2.7872147673977666e-07,4.67929181120774e-09,5
95,0.013142970732970731,0.013127184667184669,300.0,3443.9868425087193,3424.7171367507312,-19.26970575798805,-2.2330530973524525e-05,0.0,-19.269683427457075,0.9999988411586946,-2.19202582962923e-05,-2.2330530973524525e-05,1.0469109627023884e-11,0.018372723770816363,2.1366727820555238e-07,3.591691069660782e-09,5
96,0.013127184667184669,0.01311,300.0,3424.7171358815413,3404.8874013707405,-19.82973451080079,-1.7336473021248227e-05,0.0,-19.82971717432777,0.999999125733478,-1.679915125434741e-05,-1.7336473021248227e-05,1.8253844705420713e-11,0.030993718632518655,1.6119473237790594e-07,2.755533140177252e-09,5
97,0.01311,0.01309070707070707,300.0,3404.887400475929,3384.137293453776,-20.750107022153315,-1.3309463682833204e-05,0.0,-20.750093712689633,0.9999993585833717,-1.2988812990117752e-05,-1.3309463682833204e-05,1.2558075280180525e-11,0.024091931903239137,1.2348810629375117e-07,2.108121999061435e-09,5
98,0.01309070707070707,0.013069838383838385,300.0,3384.137292533531,3362.7529432101232,-21.384349323407605,-1.0185383744333498e-05,0.0,-21.38433913802386,0.9999995236991508,-9.967434466963843e-06,-1.0185383744333498e-05,8.418035926153808e-12,0.02139823916707198,9.481953121727906e-08,1.6101179897288826e-09,5
99,0.013069838383838385,0.013048363636363637,300.0,3362.752942264042,3341.2401000282725,-21.512842235769313,-7.793628090112463e-06,0.0,-21.512834442141223,0.9999996377220637,-7.6224021707731235e-06,-7.793628090112463e-06,6.396571754211571e-12,0.021969988477711547,7.262091513104924e-08,1.2286306537138715e-09,5
100,0.013048363636363637,0.013027252525252525,300.0,3341.240099055146,3320.0959037166094,-21.14419533853652,-6.042595734559899e-06,0.0,-21.144189295940784,0.999999714219641,-5.7287979361964916e-06,-6.042595734559899e-06,1.2885328078272506e-11,0.05193096016148805,5.4925062474569105e-08,9.412010411657825e-10,5
101,0.013027252525252525,0.013007474747474747,300.0,3320.0959027146837,3299.809083850304,-20.28681886437971,-4.633039937470345e-06,0.0,-20.286814231339775,0.9999997716231428,-4.421763506920781e-06,-4.633039937470345e-06,9.566353671292882e-12,0.04560211727096015,4.21024170421277e-08,7.196514047293468e-10,5
102,0.013007474747474747,0.01299,300.0,3299.809082817437,3280.860493428803,-18.94858938863399,-3.5516950827245016e-06,0.0,-18.948585836938907,0.9999998125615046,-3.388400157168718e-06,-3.5516950827245016e-06,7.090731130805729e-12,0.04597661729185383,3.222429853817881e-08,5.497826883120072e-10,5
103,0.01299,0.012975020576131688,300.0,3280.860492362517,3263.3322937885323,-17.52819857398481,-2.724367821581638e-06,0.0,-17.52819584961699,0.9999998445722867,-2.590533221766987e-06,-2.724367821581638e-06,5.3592792771281925e-12,0.04912501122442146,2.4626066908411767e-08,4.200892527983048e-10,5
104,0.012975020576131688,0.012961621399176953,300.0,3263.332292686704,3246.75055536268,-16.581737324023834,-2.3874321982055735e-06,0.0,-16.581734936591637,0.9999998560203825,-1.2868332203965083e-06,-2.3874321982055735e-06,2.20565789494625e-11,0.46099695674553204,2.0145646570594878e-08,3.562417898180574e-10,5
105,0.012961621399176953,0.012949111111111111,300.0,3246.7505542242907,3230.760500620093,-15.990053604197783,-1.8623770235470329e-06,0.0,-15.990051741820759,0.9999998835290318,-1.4917145573346888e-06,-1.8623770235470329e-06,6.865777351767176e-12,0.19902654592805832,1.6085166865962183e-08,2.80063067982565e-10,5
106,0.012949111111111111,0.012936798353909465,300.0,3230.7604994445855,3215.0124895590707,-15.748009885514875,-1.5850974801355202e-06,0.0,-15.748008300417395,0.9999998993461718,-9.018759484979214e-07,-1.5850974801355202e-06,1.8273137218020918e-11,0.43102808514917695,1.335758521768731e-08,2.361910981333248e-10,5
107,0.012936798353909465,0.012923991769547324,300.0,3215.0124883462777,3199.161720039739,-15.850768306538612,-1.4031478311164759e-06,0.0,-15.850766903390781,0.999999911477614,-5.899632841287405e-07,-1.4031478311164759e-06,2.4351299948316136e-11,0.5795430310010098,1.139741261017267e-08,2.070353416090479e-10,5
108,0.012923991769547324,0.01291,300.0,3199.161718789819,3182.8681354693517,-16.293583320467405,-1.2665085504430702e-06,0.0,-16.293582053958854,0.9999999222694894,-4.042080338515189e-07,-1.2665085504430702e-06,1.912097855616392e-11,0.6808485551004669,1.0314735720936615e-08,1.850422703127829e-10,5
109,0.01291,0.012894362139917695,300.0,3182.86813418265,3165.9098669607674,-16.95826722188258,-1.1287196468996263e-06,0.0,-16.958266093162933,0.9999999334413339,-4.1197856278503515e-07,-1.1287196468996263e-06,1.912302412001737e-11,0.6350036398173272,9.008306091827213e-09,1.6418453097552115e-10,5
110,0.012894362139917695,0.012877489711934155,300.0,3165.909865637663,3148.4956963522136,-17.41416928544959,-1.0127634118213117e-06,0.0,-17.414168272686176,0.9999999418425654,-3.2476108071340694e-07,-1.0127634118213117e-06,1.5972758735195692e-11,0.6793317403426234,8.185660360379503e-09,1.4678615536252602e-10,5
111,0.012877489711934155,0.01286,300.0,3148.4956949921975,3130.9317219077957,-17.563973084401823,-9.056183891310517e-07,0.0,-17.563972178783434,0.9999999484388649,-3.1535660345677564e-07,-9.056183891310517e-07,1.5143628752236866e-11,0.6517776060627889,7.1865817205092906e-09,1.305674280508747e-10,5
112,0.01286,0.012842510288065842,300.0,3130.9317205096622,3113.519446608075,-17.412273901587014,-8.102708479055949e-07,0.0,-17.412273091316166,0.9999999534655352,-2.6167389292788385e-07,-8.102708479055949e-07,1.312937226168502e-11,0.677053797993271,6.533758641329814e-09,1.1667560143665843e-10,5
113,0.012842510288065842,0.012825637860082303,300.0,3113.5194451700686,3096.555846169844,-16.963599000224804,-7.259605407874231e-07,0.0,-16.963598274264264,0.9999999572048043,-2.4648941584822454e-07,-7.259605407874231e-07,1.2076395856298655e-11,0.6604644440028843,5.7464022529699786e-09,1.0390211976333187e-10,5
114,0.012825637860082303,0.012809999999999998,300.0,3096.555844689878,3080.333561852757,-16.22228283712093,-6.48437794785561e-07,0.0,-16.222282188683135,0.9999999600279565,-2.102209977016147e-07,-6.48437794785561e-07,1.07028802281481e-11,0.6758039099631215,5.224624722829164e-09,9.282852483785541e-11,5
115,0.012809999999999998,0.01279551440329218,300.0,3080.33356032844,3064.8055676129807,-15.527992715459277,-5.816352404434203e-07,0.0,-15.527992133824036,0.9999999625427928,-1.9446746049020374e-07,-5.816352404434203e-07,9.66695404295211e-12,0.665653923682568,4.597883664963572e-09,8.272925606467929e-11,5
116,0.01279551440329218,0.012781621399176954,300.0,3064.8055660425566,3049.6975700840426,-15.107995958514039,-5.189366365736118e-07,0.0,-15.107995439577403,0.999999965651524,-1.6848176654509618e-07,-5.189366365736118e-07,8.680986294745836e-12,0.6753326809655752,4.180078681299831e-09,7.389831608916762e-11,5
117,0.012781621399176954,0.01276822222222222,300.0,3049.6975684666895,3034.9585734323327,-14.738995034356776,-4.657429858235293e-07,0.0,-14.73899456861379,0.9999999684006281,-1.5411736404508097e-07,-4.657429858235293e-07,7.753669483599224e-12,0.6690935371306348,3.6789717375802825e-09,6.587642987450556e-11,5
118,0.01276822222222222,0.012755218106995883,300.0,3034.9585717673353,3020.5382871349725,-14.420284632362836,-4.151951282528641e-07,0.0,-14.420284217167708,0.9999999712075636,-1.3475136395961896e-07,-4.151951282528641e-07,7.0182744459131675e-12,0.6754505176237231,3.3441831715796914e-09,5.882879752626207e-11,5
119,0.012755218106995883,0.01274251028806584,300.0,3020.5382854216878,3006.3870914555982,-14.151193966089522,-3.7273029135302435e-07,0.0,-14.151193593359231,0.9999999736608591,-1.224137780170443e-07,-3.7273029135302435e-07,6.224530341793607e-12,0.6715754505149611,2.9428869539303617e-09,5.2445291519791585e-11,5
120,0.01274251028806584,0.012729999999999998,300.0,3006.3870896934923,2992.4560078005115,-13.931081892980728,-3.3206039005320993e-07,0.0,-13.931081560920338,0.999999976164063,-1.0761913906814066e-07,-3.3206039005320993e-07,5.662121986642971e-12,0.675904918828483,2.6747027833803532e-09,4.682090379976755e-11,5
121,0.012729999999999998,0.012717668566001898,300.0,2992.456005989124,2978.7342461461803,-13.721759842943811,-2.9812420437062496e-07,0.0,-13.721759544819607,0.9999999782736174,-9.733457973503174e-08,-2.9812420437062496e-07,4.9992027375579845e-12,0.6735099723267475,2.352970852103293e-09,4.173744706459536e-11,5
122,0.012717668566001898,0.012705576448243114,300.0,2978.7342442850445,2965.248126859177,-13.486117425867633,-2.6545922176070253e-07,0.0,-13.48611716040841,0.9999999803161121,-8.584144503008042e-08,-2.6545922176070253e-07,4.560573916612793e-12,0.6766303899306163,2.1382686361448214e-09,3.725151016628774e-11,5
123,0.012705576448243114,0.012693743589743588,300.0,2965.2481249477105,2952.004748351952,-13.243376595758491,-2.3832168869333767e-07,0.0,-13.243376357436802,0.9999999820044618,-7.742724953410876e-08,-2.3832168869333767e-07,4.015387089700407e-12,0.6751145480773305,1.8804990570786175e-09,3.320404979306891e-11,5
124,0.012693743589743588,0.012682189933523267,300.0,2952.0047463896017,2939.0111136369123,-12.993632752689336,-2.1212442365428258e-07,0.0,-12.993632540564914,0.9999999836747407,-6.840983745561213e-08,-2.1212442365428258e-07,3.66816617241574e-12,0.6775013632230038,1.7086311036143885e-09,2.962876498571215e-11,5
125,0.012682189933523267,0.012670935422602088,300.0,2939.0111116231465,2926.274136327619,-12.736975295527373,-1.9041632721115155e-07,0.0,-12.736975105111044,0.999999985050114,-6.161302863001852e-08,-1.9041632721115155e-07,3.2243308642810066e-12,0.676429907390787,1.5021666292412846e-09,2.6405819469394036e-11,5
126,0.012670935422602088,0.01266,300.0,2926.274134261961,2913.800646152262,-12.473488109699247,-1.6942693969935997e-07,0.0,-12.473487940272307,0.999999986417036,-5.448447812969737e-08,-1.6942693969935997e-07,2.9482869465950415e-12,0.6784190387527658,1.3646719142827748e-09,2.3558135856006455e-11,5
127,0.01266,0.01264957264957265,300.0,2913.8006440342824,2901.6750573323816,-12.12558670190083,-1.5207080589394186e-07,0.0,-12.125586549830023,0.9999999874586847,-4.902188609360488e-08,-1.5207080589394186e-07,2.587529475131755e-12,0.6776377569288742,1.1993507835870887e-09,2.0993538521539486e-11,5
128,0.01264957264957265,0.012639658119658117,300.0,2901.6750551614414,2889.8964449728282,-11.77861018861313,-1.352646388874099e-07,0.0,-11.77861005334849,0.9999999885160782,-4.3380566981768894e-08,-1.352646388874099e-07,2.366938266342309e-12,0.6792911485323408,1.089490960386718e-09,1.872683944807301e-11,5
129,0.012639658119658117,0.012629999999999999,300.0,2889.8964427484816,2878.3447257016965,-11.551717046785143,-1.2138706437661353e-07,0.0,-11.551716925398079,0.9999999894918596,-3.9007584801716156e-08,-1.2138706437661353e-07,2.0754995116648286e-12,0.6786512220058979,9.57195448803807e-10,1.6686486308519023e-11,5
130,0.012629999999999999,0.012620341880341881,300.0,2878.3447234241085,2866.9011927419233,-11.443530682185155,-1.0794236023051944e-07,0.0,-11.443530574242795,0.9999999905673901,-3.451472569762926e-08,-1.0794236023051944e-07,1.8980677540235613e-12,0.6802485546552777,8.693478074163664e-10,1.4881679881296084e-11,5
131,0.012620341880341881,0.01261042735042735,300.0,2866.901190411676,2855.4484584185557,-11.452731993120324,-9.684113457356586e-08,0.0,-11.45273189627919,0.9999999915442765,-3.102883822496116e-08,-9.684113457356586e-08,1.663608769217541e-12,0.6795903067266322,7.635642134318302e-10,1.3256439696182338e-11,5
132,0.01261042735042735,0.0126,300.0,2855.4484560365445,2843.8704270601975,-11.578028976347014,-8.608277702008116e-08,0.0,-11.578028890264237,0.9999999925649887,-2.7452922795813728e-08,-8.608277702008116e-08,1.5219877132183047e-12,0.6810869288126058,6.932889196686244e-10,1.1817664949822985e-11,5
133,0.0126,0.01258868649097816,300.0,2843.870424627548,2831.99961354077,-11.870811086777849,-7.720974455546826e-08,0.0,-11.870811009568104,0.9999999934958325,-2.465250195139358e-08,-7.720974455546826e-08,1.333233170828316e-12,0.6807073758198621,6.08694770920195e-10,1.0522249599968337e-11,5
134,0.01258868649097816,0.012576600189933522,300.0,2831.9996110590064,2819.8890298812357,-12.110581177770655,-6.860530875992658e-08,0.0,-12.110581109165347,0.9999999943350937,-2.180922568092224e-08,-6.860530875992658e-08,1.220072537192759e-12,0.6821058592238076,5.525294670755361e-10,9.375242388978701e-12,5
135,0.012576600189933522,0.012564214743589742,300.0,2819.889027351228,2807.752319084174,-12.136708267054019,-6.151873857472739e-08,0.0,-12.13670820553528,0.9999999949311842,-1.956848580092032e-08,-6.151873857472739e-08,1.0683499307799083e-12,0.6819101585259214,4.849139998054141e-10,8.344547440116736e-12,5
136,0.012564214743589742,0.012552003798670466,300.0,2807.75231650569,2795.800606750345,-11.951709755344837,-5.464906621399199e-08,0.0,-11.95170970069577,0.9999999954275106,-1.731160855602771e-08,-5.464906621399199e-08,9.776859694016793e-13,0.6832222441232607,4.400604519218587e-10,7.43309849057424e-12,5
137,0.012552003798670466,0.012540441001899334,300.0,2795.800604122458,2784.2425723324827,-11.558031789975303,-4.899648240317063e-08,0.0,-11.558031740978821,0.9999999957608283,-1.5529130731974174e-08,-4.899648240317063e-08,8.55356606286278e-13,0.683056211991062,3.861133638236123e-10,6.615186306740933e-12,5
138,0.012540441001899334,0.01253,300.0,2784.2425696538385,2773.2845879496813,-10.957981704157191,-4.351763541017719e-08,0.0,-10.957981660639556,0.9999999960286815,-1.3739955722912241e-08,-4.351763541017719e-08,7.823380959353763e-13,0.684266950779707,3.50358567855945e-10,5.8925855528292856e-12,5
139,0.01253,0.01252057355967078,300.0,2773.28458521868,2762.8742171766603,-10.410368042019854,-3.901257541398334e-08,0.0,-10.410368003007278,0.9999999962525267,-1.2327405226144243e-08,-3.901257541398334e-08,6.841586724658875e-13,0.6840145749074102,3.0734277488142666e-10,5.245007338994184e-12,5
140,0.01252057355967078,0.012511687242798355,300.0,2762.87421439281,2752.7979523648487,-10.076262027961093,-3.464186244669489e-08,0.0,-10.07626199331923,0.9999999965620324,-1.090843346558508e-08,-3.464186244669489e-08,6.259043469967885e-13,0.6851083430525592,2.788790118497644e-10,4.671903744400159e-12,5
141,0.012511687242798355,0.012503263888888888,300.0,2752.7979495290247,2743.0191086595296,-9.77884086949507,-3.105158937417128e-08,0.0,-9.77884083844348,0.9999999968246145,-9.783201621817301e-09,-3.105158937417128e-08,5.467306413776307e-13,0.6849371700775172,2.445601800472069e-10,4.1583039062027665e-12,5
142,0.012503263888888888,0.012495226337448559,300.0,2743.0191057730817,2733.5013945404685,-9.517711232613237,-2.7567144839060568e-08,0.0,-9.517711205046092,0.9999999971035951,-8.659417947556631e-09,-2.7567144839060568e-08,4.99945769843969e-13,0.6858790419497166,2.218539258922519e-10,3.703675561500236e-12,5
143,0.012495226337448559,0.01248749742798354,300.0,2733.501391604746,2724.2088902927453,-9.292501312000695,-2.4702766830341886e-08,0.0,-9.29250128729793,0.9999999973416451,-7.767033101686246e-09,-2.4702766830341886e-08,4.3681014609625026e-13,0.6855804390240949,1.945199769994637e-10,3.2957547143930027e-12,5
144,0.01248749742798354,0.01248,300.0,2724.2088873092434,2715.1060292513284,-9.102858057915,-2.1924753240646507e-08,0.0,-9.102858035990247,0.9999999975914429,-6.87195337862675e-09,-2.1924753240646507e-08,3.9948747692087464e-13,0.6865664437268661,1.7644781233100715e-10,2.935025966822265e-12,5
145,0.01248,0.012472818930041152,300.0,2715.1060262216733,2706.227986109153,-8.878040112520466,-1.9644561503859723e-08,0.0,-8.878040092875905,0.9999999977872862,-6.160652693673488e-09,-1.9644561503859723e-08,3.491930740633818e-13,0.6863939827588895,1.5465509509589697e-10,2.6118034638551046e-12,5
146,0.012472818930041152,0.012466008230452675,300.0,2706.227983034726,2697.596232195722,-8.631750839003871,-1.7432698929583247e-08,0.0,-8.631750821571172,0.9999999979803983,-5.4487695823737e-09,-1.7432698929583247e-08,3.185580592429294e-13,0.6874397014264296,1.4026147960446223e-10,2.3255806283269106e-12,5
147,0.012466008230452675,0.012459444444444445,300.0,2697.5962290645384,2689.1553501419157,-8.440878922622687,-1.5613597054620632e-08,0.0,-8.44087890700909,0.9999999981502403,-4.892103427826065e-09,-1.5613597054620632e-08,2.7803317133176376e-13,0.6866767208919156,1.2291618105002094e-10,2.068722889561178e-12,5
148,0.012459444444444445,0.012453004115226339,300.0,2689.155346969541,2680.850432111234,-8.304914858306802,-1.3851579940106063e-08,0.0,-8.304914844455222,0.9999999983321226,-4.324347747164853e-09,-1.3851579940106063e-08,2.53965746203049e-13,0.6878083391307532,1.1143202444097585e-10,1.841556861882615e-12,5
149,0.012453004115226339,0.01244656378600823,300.0,2680.8504288997124,2672.6270549825235,-8.223373917188837,-1.2403771619119583e-08,0.0,-8.223373904785065,0.9999999984916443,-3.874477531832073e-09,-1.2403771619119583e-08,2.2163563599319318e-13,0.6876371437007253,9.767274002232627e-11,1.6380762724096052e-12,5
150,0.01244656378600823,0.01244,300.0,2672.6270517340845,2664.4312633405198,-8.195788393564726,-1.0999624432592612e-08,0.0,-8.195788382565102,0.9999999986578931,-3.43528778226702e-09,-1.0999624432592612e-08,2.0362526328774772e-13,0.6876904476767374,8.847149601566434e-11,1.4573620455067074e-12,5
151,0.01244,0.012433333333333333,300.0,2664.4312600575176,2656.271177584378,-8.160082473139482,-9.850061757750536e-09,0.0,-8.16008246328942,0.9999999987928967,-3.0631572387114566e-09,-9.850061757750536e-09,1.7670109823423462e-13,0.6890215194538037,7.75589684231708e-11,1.2962166384035066e-12,5
152,0.012433333333333333,0.012426666666666666,300.0,2656.2711742689135,2648.1899514206107,-8.081222848302787,-8.734441949244826e-09,0.0,-8.081222839568344,0.9999999989191682,-2.7204235749389825e-09,-8.734441949244826e-09,1.6142563429531993e-13,0.6885406542573462,7.020445589459144e-11,1.1532832556309621e-12,5
153,0.012426666666666666,0.012419999999999999,300.0,2648.189948074446,2640.1865598736595,-8.003388200786503,-7.816417294187873e-09,0.0,-8.003388192970085,0.9999999990233615,-2.433041115595202e-09,-7.816417294187873e-09,1.411639883871688e-13,0.6887268138301211,6.152143843566427e-11,1.02520139721394e-12,5
154,0.012419999999999999,0.012413333333333334,300.0,2640.1865564986024,2632.2599827771764,-7.926573721425939,-6.92999503176483e-09,0.0,-7.926573714495944,0.9999999991257262,-2.14941222173579e-09,-6.92999503176483e-09,1.2861369435705266e-13,0.6898392838835256,5.573276998340379e-11,9.11939816283748e-13,5
155,0.012413333333333334,0.012406666666666667,300.0,2632.259979375069,2624.409205370558,-7.850774004511095,-6.199987264606186e-09,0.0,-7.850773998311108,0.9999999992102706,-1.9316247611338815e-09,-6.199987264606186e-09,1.1237546399757969e-13,0.6884469792122104,4.876796755772106e-11,8.106818885693322e-13,5
156,0.012406666666666667,0.0124,300.0,2624.4092019432733,2616.6332188706156,-7.775983072657709,-5.495371454375757e-09,0.0,-7.775983067162338,0.9999999992932892,-1.6995042588821085e-09,-5.495371454375757e-09,1.0193596588183683e-13,0.6907389658748441,4.419196875116481e-11,7.206814876741259e-13,5
157,0.0124,0.012393201058201056,300.0,2616.6332154200536,2608.8752649033895,-7.757950516664096,-4.9149372395808085e-09,0.0,-7.757950511749159,0.9999999993664646,-1.5278503509036197e-09,-4.9149372395808085e-09,8.904208883337053e-14,0.6891414322446305,3.867386350479005e-11,6.404779085953271e-13,5
158,0.012393201058201056,0.012386243386243384,300.0,2608.875261431779,2601.12355444828,-7.751706983498934,-4.354582485968018e-09,0.0,-7.751706979144352,0.9999999994382421,-1.3486497648512502e-09,-4.354582485968018e-09,8.164260363606881e-14,0.6902918318352977,3.5003268748660456e-11,5.692181943669566e-13,5
159,0.012386243386243384,0.012379285714285714,300.0,2601.1235509650714,2593.4440722011013,-7.67947876397011,-3.898330169700986e-09,0.0,-7.679478760071779,0.9999999994923704,-1.1999709283229568e-09,-3.898330169700986e-09,7.06689983781262e-14,0.6921833513103899,3.061755862261144e-11,5.061438224711145e-13,5
160,0.012379285714285714,0.012372486772486771,300.0,2593.4440687002807,2585.9022516124433,-7.541817087837444,-3.449459710574742e-09,0.0,-7.541817084387985,0.9999999995426222,-1.0692640819364557e-09,-3.449459710574742e-09,6.520404257190017e-14,0.6900198374085961,2.7753318552572815e-11,4.4985678766197804e-13,5
161,0.012372486772486771,0.01236600529100529,300.0,2585.9022480954577,2578.5629987437383,-7.339249351719445,-3.087705245529363e-09,0.0,-7.33924934863174,0.9999999995792886,-9.479339561929688e-10,-3.087705245529363e-09,5.599450474083802e-14,0.692997264695046,2.428636828794498e-11,3.9971718979665483e-13,5
162,0.01236600529100529,0.01236,300.0,2578.562995211895,2571.4907216013726,-7.072273610522643,-2.7324128448757346e-09,0.0,-7.072273607790231,0.9999999996136444,-8.487949849853745e-10,-2.7324128448757346e-09,5.163615058042543e-14,0.689360637219528,2.1956115685120515e-11,3.549290127829763e-13,5
163,0.01236,0.012354603174603174,300.0,2571.4907180559303,2564.738369641552,-6.752348414378503,-2.446510408829801e-09,0.0,-6.752348411931992,0.99999999963768,-7.481471119944157e-10,-2.446510408829801e-09,4.473098006787449e-14,0.6941982714260085,1.919678035171876e-11,3.1542958719241974e-13,5
164,0.012354603174603174,0.012349682539682539,300.0,2564.7383660838505,2558.248824583161,-6.489541500689484,-2.1622484449431715e-09,0.0,-6.4895414985272355,0.9999999996668103,-6.695204335186125e-10,-2.1622484449431715e-09,4.149670540044923e-14,0.690359155958968,1.7424262902395985e-11,2.8053453836023816e-13,5
165,0.012349682539682539,0.012344999999999998,300.0,2558.2488210152405,2551.92163964232,-6.327181372920677,-1.935807875843778e-09,0.0,-6.327181370984869,0.999999999694049,-5.930820961809421e-10,-1.935807875843778e-09,3.5322395146991834e-14,0.6936255381632693,1.5201717521678135e-11,2.4924774550438923e-13,5
166,0.012344999999999998,0.012340317460317461,300.0,2551.9216360764563,2545.6571110982977,-6.2645249781585335,-1.711182618090472e-09,0.0,-6.264524976447351,0.9999999997268456,-5.27897140784123e-10,-1.711182618090472e-09,3.244288558252014e-14,0.6915015760426497,1.3791465761780926e-11,2.2140063351035873e-13,5
167,0.012340317460317461,0.012335396825396826,300.0,2545.657107527705,2539.356242951644,-6.300864576061031,-1.528663654649549e-09,0.0,-6.300864574532367,0.9999999997573883,-4.760388444304167e-10,-1.528663654649549e-09,2.870097742148828e-14,0.6885915073714824,1.2013932183655807e-11,1.964474088385434e-13,5
168,0.012335396825396826,0.01233,300.0,2539.3562393796146,2532.9207344667107,-6.43550491290398,-1.3569832161226619e-09,0.0,-6.435504911546997,0.9999999997891412,-4.070413401706418e-10,-1.3569832161226619e-09,2.4619719456105223e-14,0.7000395175603645,1.0882602460053006e-11,1.745616841491057e-13,5
169,0.01233,0.012323862433862433,300.0,2532.9207308965756,2526.242131624301,-6.678599272274823,-1.2054345644341824e-09,0.0,-6.678599271069388,0.9999999998195078,-3.8798347954596856e-10,-1.2054345644341824e-09,2.3307831364154267e-14,0.6781380831500516,9.464647391579156e-12,1.5441300704304786e-13,5
170,0.012323862433862433,0.012317089947089948,300.0,2526.242128059385,2519.3644699508127,-6.877658108572177,-1.0725926674418153e-09,0.0,-6.877658107499585,0.9999999998440469,-3.147319380318618e-10,-1.0725926674418153e-09,1.944376757170696e-14,0.7065690009027262,8.58908005418256e-12,1.373572097878426e-13,5
171,0.012317089947089948,0.01231,300.0,2519.3644663935293,2512.417950350593,-6.9465160429363095,-9.510321280784596e-10,0.0,-6.946516041985277,0.9999999998630922,-3.0850261538807136e-10,-9.510321280784596e-10,1.7996038386965603e-14,0.6756128354870677,7.45827066616844e-12,1.2135782755018597e-13,5
172,0.01231,0.012302910052910053,300.0,2512.4179468023003,2505.5317944986627,-6.886152303637573,-8.452899654051663e-10,0.0,-6.886152302792283,0.9999999998772479,-2.500457466362419e-10,-8.452899654051663e-10,1.5993124819165924e-14,0.7041893824962309,6.757401348290211e-12,1.0793177650800949e-13,5
173,0.012302910052910053,0.012296137566137566,300.0,2505.531790960086,2498.8342617382614,-6.697529221824425,-7.535414324686004e-10,0.0,-6.697529221070884,0.9999999998874897,-2.3050622004717398e-10,-7.535414324686004e-10,1.397153995905432e-14,0.694102792341443,5.9270644939767456e-12,9.575356640199198e-14,5
174,0.012296137566137566,0.01229,300.0,2498.834258209787,2492.4526941568693,-6.381564052917838,-6.668321836796722e-10,0.0,-6.381564052251006,0.9999999998955065,-2.053086807960877e-10,-6.668321836796722e-10,1.2619073617796071e-14,0.69211341950659,5.323166555291209e-12,8.474288011291448e-14,5
175,0.01229,0.012284503968253967,300.0,2492.4526906387473,2486.3876294487463,-6.065061190000961,-5.962651376212341e-10,0.0,-6.0650611894046955,0.9999999999016885,-1.7629146244867419e-10,-5.962651376212341e-10,1.0722717921158269e-14,0.7043404832421044,4.71173675635664e-12,7.511973966724783e-14,5
176,0.012284503968253967,0.01227936507936508,300.0,2486.3876259418753,2480.521986694269,-5.865639247606396,-5.271389750911127e-10,0.0,-5.865639247079256,0.999999999910131,-1.6618990897056384e-10,-5.271389750911127e-10,1.013903896970945e-14,0.6847322682944494,4.18114628927364e-12,6.685180856763479e-14,5
177,0.01227936507936508,0.012274464285714286,300.0,2480.521983200566,2474.8062536428106,-5.715729557755367,-4.69951293843706e-10,0.0,-5.715729557285416,0.9999999999177793,-1.4060474708082205e-10,-4.69951293843706e-10,8.325873283533613e-15,0.7008099585579954,3.702920410177878e-12,5.927607703582168e-14,5
178,0.012274464285714286,0.012269682539682539,300.0,2474.8062501644436,2469.1912597607225,-5.6149904037210945,-4.1528914788286023e-10,0.0,-5.614990403305805,0.9999999999260392,-1.291569548891747e-10,-4.1528914788286023e-10,7.487143532518964e-15,0.6889951120860838,3.318475518568955e-12,5.2445525742179706e-14,5
179,0.012269682539682539,0.012264900793650795,300.0,2469.191256299975,2463.6281584282046,-5.563097871770424,-3.689601184562368e-10,0.0,-5.563097871401464,0.9999999999336773,-1.15640595966947e-10,-3.689601184562368e-10,7.234204442807029e-15,0.6865769762574939,2.8994376797637443e-12,4.650414303361429e-14,5
180,0.012264900793650795,0.01226,300.0,2463.628154987381,2458.0684153460998,-5.55973964128134,-3.280327959020211e-10,0.0,-5.559739640953307,0.9999999999409985,-9.61719112127392e-11,-3.280327959020211e-10,6.304079436271629e-15,0.7068222677300096,2.617605790479109e-12,4.158352693239941e-14,5
181,0.01226,0.012254861111111112,300.0,2458.068411927456,2452.4638027079136,-5.6046092195424535,-2.929258203416006e-10,0.0,-5.604609219249528,0.9999999999477348,-9.057676852116887e-11,-2.929258203416006e-10,5.897207926453013e-15,0.6907859866517019,2.2545733131394636e-12,3.6812432220862677e-14,5
182,0.012254861111111112,0.012249555555555555,300.0,2452.4637993136075,2446.842567157045,-5.621232156562655,-2.587697336087251e-10,0.0,-5.621232156303885,0.9999999999539656,-7.564620936024846e-11,-2.587697336087251e-10,5.312603327279294e-15,0.7076697946652837,2.0820538530256714e-12,3.281376073928067e-14,5
183,0.012249555555555555,0.01224425,300.0,2446.8425637887576,2441.2707862011102,-5.571777587647375,-2.312115314610255e-10,0.0,-5.571777587416164,0.9999999999585031,-7.05083854068251e-11,-2.312115314610255e-10,4.339118823894858e-15,0.6950481450415442,1.8069067598008771e-12,2.900329715061207e-14,5
184,0.01224425,0.012239111111111112,300.0,2441.2707828600346,2435.814120387599,-5.45666247243571,-2.0259079980141143e-10,0.0,-5.456662472233119,0.9999999999628728,-6.256071519233881e-11,-2.0259079980141143e-10,4.172382401112935e-15,0.6911966621699326,1.6592358511949364e-12,2.567780737783289e-14,5
185,0.012239111111111112,0.012234305555555557,300.0,2435.8141170746376,2430.5378319201027,-5.276285154534889,-1.838331711771486e-10,0.0,-5.276285154351056,0.9999999999651585,-5.2934105059417756e-11,-1.838331711771486e-10,3.2163568019441337e-15,0.712053571613534,1.3984851465173891e-12,2.2630184166136384e-14,5
186,0.012234305555555557,0.012230000000000001,300.0,2430.537828636003,2425.5068101169736,-5.031018519029203,-1.610113979928247e-10,0.0,-5.0310185188681915,0.9999999999679963,-4.9811229640307884e-11,-1.610113979928247e-10,3.1025280656978633e-15,0.6906353819589364,1.2898010171324764e-12,2.0241931132549676e-14,5
187,0.012230000000000001,0.012226203703703703,300.0,2425.5068068624255,2420.7232141203594,-4.783592742066048,-1.406088887911734e-10,0.0,-4.783592741925439,0.999999999970606,-4.8730738346785806e-11,-1.406088887911734e-10,3.323988129682089e-15,0.653430599119813,1.113562921354752e-12,1.7711507371945204e-14,5
188,0.012226203703703703,0.01222274074074074,300.0,2420.7232108963162,2416.1159578908873,-4.607253005428902,-1.2661881092213846e-10,0.0,-4.607253005302283,0.9999999999725175,-3.44604812915535e-11,-1.2661881092213846e-10,2.1506647518660028e-15,0.7278407446683082,1.0004518236509448e-12,1.546175864841548e-14,5
189,0.01222274074074074,0.012219500000000001,300.0,2416.1159546987624,2411.639986128747,-4.475968570015539,-1.1203259502794926e-10,0.0,-4.4759685699035066,0.9999999999749702,-3.6146090258806393e-11,-1.1203259502794926e-10,2.3131761474866956e-15,0.6773609479474355,8.717740308693697e-13,1.3665331558174918e-14,5
190,0.012219500000000001,0.01221637037037037,300.0,2411.6399829700804,2407.2505017575313,-4.389481212549072,-9.812250657215273e-11,0.0,-4.389481212450949,0.999999999977646,-3.0202838722497016e-11,-9.812250657215273e-11,1.769637120916686e-15,0.692192548095091,7.919543941936127e-13,1.2183218144042105e-14,5
191,0.01221637037037037,0.012213240740740742,300.0,2407.250498633887,2402.9029518771554,-4.347546756731845,-8.822797652070696e-11,0.0,-4.347546756643617,0.9999999999797062,-2.5776277879263775e-11,-8.822797652070696e-11,1.678092696298174e-15,0.7078446214482306,6.92553518178574e-13,1.0867089477465982e-14,5
192,0.012213240740740742,0.01221,300.0,2402.9029487900502,2398.5530188318517,-4.349929958198572,-7.846568513538678e-11,0.0,-4.349929958120106,0.9999999999819615,-2.168826965884602e-11,-7.846568513538678e-11,1.3152755663256906e-15,0.7235954848106596,6.301020727295262e-13,9.859003111898823e-15,5
193,0.01221,0.012206512345679014,300.0,2398.553015782701,2394.1469217127046,-4.40609406999647,-7.001181240616489e-11,0.0,-4.406094069926459,0.9999999999841103,-2.1647044443646347e-11,-7.001181240616489e-11,1.482696942841192e-15,0.6908086835680857,5.445216726753646e-13,8.743526222762148e-15,5
194,0.012206512345679014,0.012202839506172838,300.0,2394.146918702825,2389.708596136523,-4.438322566302304,-6.21964403081455e-11,0.0,-4.438322566240108,0.9999999999859865,-1.644637494744449e-11,-6.21964403081455e-11,1.312178838618351e-15,0.7355736941541556,5.175772126469622e-13,7.813393732050265e-15,5
195,0.012202839506172838,0.012199166666666667,300.0,2389.7085931668253,2385.310172434224,-4.398420732601153,-5.624974256906308e-11,0.0,-4.398420732544903,0.9999999999872113,-1.6207497834099785e-11,-5.624974256906308e-11,1.2844848019444895e-15,0.711865386509097,4.367569500062234e-13,6.9696649929861505e-15,5
196,0.012199166666666667,0.01219567901234568,300.0,2385.31016950518,2381.023406783824,-4.286762721355899,-4.9746977643854805e-11,0.0,-4.286762721306152,0.9999999999883953,-1.4103797857116863e-11,-4.9746977643854805e-11,1.0040388096374193e-15,0.7164893522157704,3.996362356591116e-13,6.220688025981866e-15,5
197,0.01219567901234568,0.012192561728395062,300.0,2381.023403895655,2376.9196995606,-4.103704335055227,-4.471194928482882e-11,0.0,-4.103704335010515,0.9999999999891045,-1.2035671298605464e-11,-4.471194928482882e-11,8.8351904651473825e-16,0.7308175668670907,3.5763260312438234e-13,5.564791598771986e-15,5
198,0.012192561728395062,0.012190000000000001,300.0,2376.9196967134053,2373.0701226727765,-3.849574040628795,-4.002203995345484e-11,0.0,-3.849574040588773,0.9999999999896034,-1.1048391764749363e-11,-4.002203995345484e-11,5.987946250472247e-16,0.723942313345384,3.1852128565772183e-13,4.906852872837932e-15,5
199,0.012190000000000001,0.012188024691358027,300.0,2373.0701198666275,2369.485402034031,-3.5847178325966524,-3.718880415159434e-11,0.0,-3.5847178325594635,0.9999999999896257,-9.553321776464474e-12,-3.718880415159434e-11,9.454749572960677e-16,0.7431129611610565,2.7196164137257016e-13,4.645115837781999e-15,5
200,0.012188024691358027,0.01218641975308642,300.0,2369.4853992691956,2366.080308962692,-3.4050903065035527,-3.312982172865697e-11,0.0,-3.4050903064704228,0.9999999999902704,-7.854931656834222e-12,-3.312982172865697e-11,6.504933195391944e-16,0.7629044997232876,2.563172641482837e-13,4.027862476301452e-15,5
201,0.01218641975308642,0.012185000000000001,300.0,2366.080306239874,2362.782001843313,-3.2983043965609795,-2.8608803750599798e-11,0.0,-3.298304396532371,0.9999999999913263,-9.043376691679375e-12,-2.8608803750599798e-11,6.560000594054662e-16,0.6838953222051525,2.3333498294923337e-13,3.590782001938089e-15,5
202,0.012185000000000001,0.012183580246913581,300.0,2362.7819991633587,2359.5179630031625,-3.264036160196156,-2.6845114038510838e-11,0.0,-3.2640361601693106,0.9999999999917755,-5.68922683620398e-12,-2.6845114038510838e-11,6.198673471434499e-16,0.7880721673209337,2.0239139343831473e-13,3.177368168646006e-15,5
203,0.012183580246913581,0.012181975308641976,300.0,2359.517960366939,2356.2159824183536,-3.301977948585318,-2.5045655365242536e-11,0.0,-3.301977948560272,0.999999999992415,-4.157102442928544e-12,-2.5045655365242536e-11,5.841226092925697e-16,0.8340190191749735,1.9251314793522088e-13,3.0865109418010743e-15,5
204,0.012181975308641976,0.01218,300.0,2356.2159798266557,2352.804153825741,-3.411826000914516,-2.4088984824137944e-11,0.0,-3.411826000890427,0.9999999999929395,-4.278062420323187e-12,-2.4088984824137944e-11,5.919344974607501e-16,0.8224058651057627,1.6622276360822633e-13,2.66071777288519e-15,5
205,0.01218,0.012177438271604937,300.0,2352.8041512792297,2349.198964989811,-3.605186289418725,-2.3628489042309235e-11,0.0,-3.6051862893950966,0.9999999999934459,-3.5288162498032116e-12,-2.3628489042309235e-11,5.138913645258543e-16,0.8506541724490083,1.3767791565176425e-13,2.2565954445670965e-15,5
206,0.012177438271604937,0.012174320987654318,300.0,2349.198962489001,2345.4125024098175,-3.7864600791835983,-2.2625322970978338e-11,0.0,-3.786460079160973,0.9999999999940247,-2.4515906209937244e-12,-2.2625322970978338e-11,7.43403497081909e-16,0.8916439502703057,1.2606118882300822e-13,2.1003622740610075e-15,5
207,0.012174320987654318,0.012170833333333334,300.0,2345.4124999548176,2341.516242164355,-3.8962577904626414,-2.2235481455455372e-11,0.0,-3.896257790440406,0.9999999999942931,-1.5395110209476114e-12,-2.2235481455455372e-11,5.925088731637643e-16,0.930763315198201,1.2245982426380914e-13,2.0723267536868883e-15,5
208,0.012170833333333334,0.01216716049382716,300.0,2341.5162397548597,2337.5813404969695,-3.9348992578902653,-2.2035147064379686e-11,0.0,-3.93489925786823,0.9999999999944,-2.0488637563882173e-12,-2.2035147064379686e-11,8.4768311728303725e-16,0.9070183761241943,8.984870270724648e-14,2.3004379526972223e-15,5
209,0.01216716049382716,0.012163487654320987,300.0,2337.5813381324333,2333.6786293107925,-3.902708821640772,-1.9673112390488598e-11,0.0,-3.902708821621099,0.9999999999949591,-2.7004107734165807e-12,-1.9673112390488598e-11,5.832918440713904e-16,0.862735965727408,1.0808373786412092e-13,2.502458013909243e-15,5
210,0.012163487654320987,0.012159999999999999,300.0,2333.678626990559,2329.8786206226864,-3.800006367872811,-1.8879141740888215e-11,0.0,-3.800006367853932,0.9999999999950319,-1.939229710700371e-12,-1.8879141740888215e-11,6.022512026952631e-16,0.8972818925078351,9.823935217276176e-14,2.773085762885686e-15,5
211,0.012159999999999999,0.012156512345679013,300.0,2329.8786183460697,2326.109671928379,-3.768946417690586,-1.7178480837879254e-11,0.0,-3.7689464176734075,0.9999999999954422,-1.9394226870108953e-12,-1.7178480837879254e-11,5.602212592523106e-16,0.8871016182796334,1.0250305633276253e-13,3.1686691690248697e-15,5
212,0.012156512345679013,0.012152839506172838,300.0,2326.1096696949953,2322.3004787401255,-3.8091909548697913,-1.6472985205231026e-11,0.0,-3.8091909548533183,0.9999999999956755,-1.746985910882534e-12,-1.6472985205231026e-11,5.339425564361548e-16,0.8939484319862211,9.329417553026433e-14,3.7602198501544434e-15,5
213,0.012152839506172838,0.012149166666666666,300.0,2322.300476549739,2318.52153408955,-3.778942460188773,-1.6467535534412964e-11,0.0,-3.7789424601723054,0.9999999999956423,-3.5450965450064243e-13,-1.6467535534412964e-11,5.919079652508014e-16,0.9784722095325189,9.109017054776809e-14,3.851226535036196e-15,5
214,0.012149166666666666,0.012145679012345678,300.0,2318.5215319417157,2314.843018107982,-3.678513833733632,-1.592181995253675e-11,0.0,-3.67851383371771,0.9999999999956717,-5.523479056389676e-13,-1.592181995253675e-11,5.264022955153865e-16,0.9653087456531021,9.573244553179418e-14,4.009902557792395e-15,5
215,0.012145679012345678,0.012142561728395061,300.0,2314.843016002159,2311.3348011606968,-3.508214841462177,-1.5218097738482453e-11,0.0,-3.508214841446959,0.9999999999956621,-1.2974724096993816e-12,-1.5218097738482453e-11,6.957773258414122e-16,0.9147414853028296,1.0164778020028876e-13,3.989626280145796e-15,4
216,0.012142561728395061,0.01214,300.0,2311.3348124949557,2308.0665158452875,-3.268296649668173,-1.5214399736376187e-11,0.0,-3.2682966496529584,0.9999999999953448,0.0,-1.5214399736376187e-11,6.922381129355638e-16,1.0,1.0155757306515438e-13,3.9836757892843375e-15,4
217,0.01214,0.012137947530864198,300.0,2308.0665266483484,2305.0195322399604,-3.0469944083879454,-1.5211313876500963e-11,0.0,-3.046994408372734,0.9999999999950078,0.0,-1.5211313876500963e-11,6.663777111116787e-16,1.0,1.0146838790547569e-13,3.9781076744651364e-15,4
218,0.012137947530864198,0.012136172839506172,300.0,2305.0195425281163,2302.1050432331813,-2.9144992949350126,-1.520856559187224e-11,0.0,-2.914499294919804,0.9999999999947817,0.0,-1.520856559187224e-11,6.536315633250571e-16,1.0,1.0138021247637273e-13,3.972768672917382e-15,4
219,0.012136172839506172,0.012134583333333332,300.0,2302.105053020871,2299.287268726128,-2.817784294742978,-1.4433790736647534e-11,0.0,-2.8177842947285443,0.9999999999948777,-5.940013270044187e-13,-1.4433790736647534e-11,6.005949705903922e-16,0.9588464778350816,1.0610531384557528e-13,3.898426854554432e-15,4
220,0.012134583333333332,0.012133086419753086,300.0,2299.287278030024,2296.5305695801694,-2.7567084498546137,-1.4431509018926657e-11,0.0,-2.756708449840182,0.999999999994765,0.0,-1.4431509018926657e-11,6.287927892732486e-16,1.0,1.0601385007198089e-13,3.8934373990964215e-15,4
221,0.012133086419753086,0.012131589506172841,300.0,2296.530578418561,2293.7994395827523,-2.731138835808906,-1.5127625804560557e-11,0.0,-2.7311388357937787,0.9999999999944611,9.814754176190102e-14,-1.5127625804560557e-11,5.168614539086815e-16,1.0064879673142306,9.330400247582872e-14,3.862098424222498e-15,4
222,0.012131589506172841,0.01213,300.0,2293.7994479750682,2291.0585006048236,-2.740947370244612,-1.5664820930758393e-11,0.0,-2.7409473702289473,0.9999999999942849,-1.227297707776965e-13,-1.5664820930758393e-11,4.950898471654499e-16,0.9921652618105125,8.118424431673243e-14,3.715815035240039e-15,4
223,0.01213,0.012128333333333331,300.0,2291.05850857126,2288.3132918582073,-2.7452167130527414,-1.5041103450643068e-11,0.0,-2.7452167130377,0.9999999999945209,-5.564729237970256e-13,-1.5041103450643068e-11,4.88552783100789e-16,0.9630031848645231,8.344467021748393e-14,3.499874858715387e-15,4
224,0.012128333333333331,0.012126666666666666,300.0,2288.3132994169114,2285.5926188451367,-2.7206805717746647,-1.503855790621664e-11,0.0,-2.720680571759626,0.9999999999944724,-6.029044313746508e-13,-1.503855790621664e-11,5.387963943116632e-16,0.959909425150039,7.8728604962484e-14,3.4520165708144593e-15,4
225,0.012126666666666666,0.012124999999999999,300.0,2285.592626011223,2282.896113834391,-2.696512176831675,-1.503602011517188e-11,0.0,-2.696512176816639,0.9999999999944239,0.0,-1.503602011517188e-11,5.226138671549963e-16,1.0,7.866091011182962e-14,3.4476262629959248e-15,4
226,0.012124999999999999,0.012123333333333331,300.0,2282.896120622379,2280.2234146544715,-2.6727059679074046,-1.5033489958788243e-11,0.0,-2.6727059678923712,0.9999999999943753,0.0,-1.5033489958788243e-11,5.321599405013747e-16,1.0,7.859394654783053e-14,3.4432729332835108e-15,4
227,0.012123333333333331,0.012121666666666666,300.0,2280.2234210783504,2277.5741648251305,-2.6492562532198463,-1.5030967316767734e-11,0.0,-2.649256253204815,0.9999999999943263,0.0,-1.5030967316767734e-11,5.320022190435362e-16,1.0,7.852770326153312e-14,3.4389560791016453e-15,4
228,0.012121666666666666,0.012119999999999999,300.0,2277.574170898415,2274.9480136284596,-2.6261572699554563,-1.5028452068214987e-11,0.0,-2.626157269940428,0.9999999999942774,0.0,-1.5028452068214987e-11,5.610545771139179e-16,1.0,7.846216938595705e-14,3.4346752049484473e-15,4
229,0.012119999999999999,0.012118333333333332,300.0,2274.948019364225,2272.344616135385,-2.603403228839852,-1.502594409235964e-11,0.0,-2.6034032288248263,0.9999999999942284,0.0,-1.502594409235964e-11,5.32288421475632e-16,1.0,7.839733420745776e-14,3.4304298224282535e-15,4
230,0.012118333333333332,0.012116666666666666,300.0,2272.344621546298,2269.763633199299,-2.58098834699922,-1.502344326908628e-11,0.0,-2.5809883469841965,0.9999999999941791,0.0,-1.502344326908628e-11,5.288038399006488e-16,1.0,7.83331871734351e-14,3.4262194502528496e-15,4
231,0.012116666666666666,0.012114999999999999,300.0,2269.76363829764,2267.204731425476,-2.5589068721637886,-1.5020949479322177e-11,0.0,-2.5589068721487678,0.9999999999941299,0.0,-1.5020949479322177e-11,5.333276575428278e-16,1.0,7.826971789732552e-14,3.422043614219118e-15,4
232,0.012114999999999999,0.012113333333333334,300.0,2267.2047362231556,2264.6675831227403,-2.537153100415253,-1.5018462605320013e-11,0.0,-2.5371531004002343,0.9999999999940805,0.0,-1.5018462605320013e-11,5.180622701801855e-16,1.0,7.820691616155397e-14,3.4179018471689477e-15,4
233,0.012113333333333334,0.012111666666666668,300.0,2264.667587631313,2262.1518662421345,-2.5157213891784522,-1.5015982530861438e-11,0.0,-2.5157213891634362,0.9999999999940311,-1.1318296326512138e-13,-1.5015982530861438e-11,5.085533592433388e-16,0.9924625003370573,7.461399697410742e-14,3.33993593372059e-15,4
234,0.012111666666666668,0.012110000000000001,300.0,2262.1518704728114,2259.6572643062027,-2.494606166608719,-1.456194163907282e-11,0.0,-2.494606166594157,0.9999999999941626,-6.292437681031757e-14,-1.456194163907282e-11,5.190944705867107e-16,0.9956788470679296,8.265454136432903e-14,3.3318732705835082e-15,4
235,0.012110000000000001,0.012108333333333334,300.0,2259.657268269861,2257.1834663315376,-2.473801938323504,-1.455954811787812e-11,0.0,-2.4738019383089447,0.9999999999941145,0.0,-1.455954811787812e-11,5.244233209027113e-16,1.0,8.259024045739141e-14,3.3279011845338823e-15,4
236,0.012108333333333334,0.012106666666666667,300.0,2257.183470038728,2254.7301667466036,-2.453303292124474,-1.4557160865392245e-11,0.0,-2.4533032921099167,0.9999999999940663,0.0,-1.4557160865392245e-11,4.931872201429238e-16,1.0,8.252660224704522e-14,3.3239608403014276e-15,4
237,0.012106666666666667,0.012105,300.0,2254.7301702075574,2252.2970653063444,-2.433104901213028,-1.5006127964561462e-11,0.0,-2.4331049011980217,0.9999999999938325,6.279187475243929e-14,-1.5006127964561462e-11,5.473467473417105e-16,1.0041844155201614,7.43768346784559e-14,3.3240994459804865e-15,4
238,0.012105,0.012103333333333334,300.0,2252.297068530982,2249.883867004715,-2.4132015262671302,-1.5003680206005426e-11,0.0,-2.4132015262521267,0.9999999999937828,0.0,-1.5003680206005426e-11,5.279326494610235e-16,1.0,7.431904250265597e-14,3.3202186779817487e-15,4
239,0.012103333333333334,0.012101666666666667,300.0,2249.8838700026513,2247.4902819859853,-2.3935880166659445,-1.500123858735244e-11,0.0,-2.393588016650943,0.9999999999937327,0.0,-1.500123858735244e-11,4.975829060181149e-16,1.0,7.426183220626581e-14,3.316368418067679e-15,4
240,0.012101666666666667,0.0121,300.0,2247.4902847665367,2245.1160254554775,-2.374259311059177,-1.4998803005303207e-11,0.0,-2.3742593110441783,0.9999999999936828,0.0,-1.4998803005303207e-11,5.111484468326976e-16,1.0,7.420519531625029e-14,3.312548260561679e-15,4
241,0.0121,0.012098333333333332,300.0,2245.1160280276654,2242.7608175902133,-2.355210437452115,-1.4996373358466777e-11,0.0,-2.3552104374371186,0.9999999999936326,0.0,-1.4996373358466777e-11,5.037867034097757e-16,1.0,7.414912350838591e-14,3.3087578059765938e-15,4
242,0.012098333333333332,0.012096666666666667,300.0,2242.7608199518886,2240.4243834394865,-2.336436512402088,-1.4993949547334674e-11,0.0,-2.336436512387094,0.9999999999935826,0.0,-1.4993949547334674e-11,5.069388651441355e-16,1.0,7.409360860437275e-14,3.3049966609131776e-15,4
243,0.012096666666666667,0.012095,300.0,2240.4243856105027,2238.1064528683783,-2.3179327421244125,-1.4991531474297692e-11,0.0,-2.317932742109421,0.9999999999935324,0.0,-1.4991531474297692e-11,5.181619351993486e-16,1.0,7.403864257077748e-14,3.3012644380219616e-15,4
244,0.012095,0.012093333333333333,300.0,2238.106454856894,2235.8067604370335,-2.299694419860316,-1.498911904358352e-11,0.0,-2.299694419845327,0.9999999999934822,0.0,-1.498911904358352e-11,5.256418695835994e-16,1.0,7.398421751507078e-14,3.2975607558673196e-15,4
245,0.012093333333333333,0.012091666666666667,300.0,2235.806762250939,2233.52504532531,-2.2817169256286434,-1.4535940846261181e-11,0.0,-2.2817169256141074,0.9999999999936294,-8.140342756025209e-14,-1.4535940846261181e-11,4.982265192034795e-16,0.9943998514839038,8.097511269816015e-14,3.298609983049348e-15,4
246,0.012091666666666667,0.01209,300.0,2233.525046972233,2231.2610512470783,-2.2639957251549276,-1.4533610768990098e-11,0.0,-2.263995725140394,0.9999999999935805,0.0,-1.4533610768990098e-11,5.030159168836576e-16,1.0,8.091871986863022e-14,3.294952421074195e-15,4
247,0.01209,0.012088333333333333,300.0,2231.26105273439,2229.0145263656777,-2.2465263687122388,-1.4531285897983629e-11,0.0,-2.2465263686977073,0.9999999999935316,-2.6675368869568514e-13,-1.4531285897983629e-11,4.900074458471676e-16,0.9816428022565643,7.81870815455478e-14,3.3570272600204143e-15,4
248,0.012088333333333333,0.012086666666666667,300.0,2229.0145277004976,2226.785223210598,-2.2293044898997323,-1.3746795125893678e-11,0.0,-2.2293044898859855,0.9999999999938336,-9.872452538140536e-13,-1.3746795125893678e-11,6.767792262330271e-16,0.9281836060861588,8.656616382073709e-14,3.3426261560323163e-15,4
249,0.012086666666666667,0.012085,300.0,2226.7852243998013,2224.5728985954333,-2.2123258043679925,-1.3744603922217552e-11,0.0,-2.212325804354248,0.9999999999937873,0.0,-1.3744603922217552e-11,6.811288814853803e-16,1.0,8.651019447693496e-14,3.3390324338082415e-15,4
250,0.012085,0.012083333333333333,300.0,2224.5728996456564,2222.377313537142,-2.1955861085143624,-1.3742417403590145e-11,0.0,-2.19558610850062,0.9999999999937409,0.0,-1.3742417403590145e-11,7.043576623370521e-16,1.0,8.645477525870776e-14,3.3354652723358213e-15,4
251,0.012083333333333333,0.01208166666666667,300.0,2222.3773144547877,2220.198233176635,-2.1790812781528075,-1.3289889930140275e-11,0.0,-2.1790812781395177,0.9999999999939012,-6.221454893459907e-14,-1.3289889930140275e-11,6.617631885268762e-16,0.9953186558156887,9.442737577532713e-14,3.2918084126616514e-15,4
252,0.01208166666666667,0.01208,300.0,2220.198233967879,2218.0354267006996,-2.1628072671792324,-1.3287782983353531e-11,0.0,-2.162807267165945,0.9999999999938564,0.0,-1.3287782983353531e-11,6.838309208230997e-16,1.0,9.436913165341315e-14,3.2883210211484604e-15,4
253,0.01208,0.012078333333333332,300.0,2218.0354273714966,2215.8886672652925,-2.1467601062040558,-1.3735885198608886e-11,0.0,-2.14676010619032,0.9999999999936017,6.213698231217681e-14,-1.3735885198608886e-11,6.896508196143287e-16,1.0045236969742926,8.62917386315431e-14,3.324919710492595e-15,4
254,0.012078333333333332,0.012076666666666666,300.0,2215.8886678213803,2213.7577319201646,-2.1309359012157074,-1.3733716668093375e-11,0.0,-2.1309359012019735,0.999999999993555,0.0,-1.3733716668093375e-11,6.723284639012554e-16,1.0,8.623844091788685e-14,3.3214553766457285e-15,4
255,0.012076666666666666,0.012075,300.0,2213.7577323670725,2211.642401534837,-2.115330832235486,-1.3731552453795127e-11,0.0,-2.1153308322217543,0.9999999999935085,0.0,-1.3731552453795127e-11,6.815657353381521e-16,1.0,8.618565454884314e-14,3.3180159221196406e-15,4
256,0.012075,0.012073333333333333,300.0,2211.642401877891,2209.5424607259365,-2.099941151954681,-1.3729392486175969e-11,0.0,-2.0999411519409517,0.999999999993462,0.0,-1.3729392486175969e-11,6.786503377317099e-16,1.0,8.613337218880175e-14,3.3146010260914384e-15,4
257,0.012073333333333333,0.012071666666666668,300.0,2209.542460970264,2207.4576977858487,-2.084763184415351,-1.3727236697043241e-11,0.0,-2.084763184401624,0.9999999999934155,0.0,-1.3727236697043241e-11,6.695476162021524e-16,1.0,8.608158663569825e-14,3.311210372700374e-15,4
258,0.012071666666666668,0.01207,300.0,2207.457697936385,2205.3879046127013,-2.0697933236838253,-1.3725085019522019e-11,0.0,-2.0697933236701003,0.9999999999933689,0.0,-1.3725085019522019e-11,6.694448752823304e-16,1.0,8.603029081829353e-14,3.307843650967424e-15,4
259,0.01207,0.01206810185185185,300.0,2205.3879046741945,2203.2483099712417,-2.1395947029527633,-1.3722688503113668e-11,0.0,-2.1395947029390405,0.9999999999935862,0.0,-1.3722688503113668e-11,6.652284933011621e-16,1.0,8.597947746286854e-14,3.304373714215529e-15,4
260,0.01206810185185185,0.012065925925925926,300.0,2203.2483099507226,2201.0219739143176,-2.226336036404973,-1.3719997363876335e-11,0.0,-2.226336036391253,0.9999999999938374,0.0,-1.3719997363876335e-11,6.629081893860171e-16,1.0,8.592913898638421e-14,3.300775177565583e-15,4
261,0.012065925925925926,0.01206375,300.0,2201.021973818506,2198.8102035997445,-2.2117702187615578,-1.3717310237254973e-11,0.0,-2.2117702187478403,0.999999999993798,0.0,-1.3717310237254973e-11,6.916735399602918e-16,1.0,8.587926799602414e-14,3.297199991522734e-15,4
262,0.01206375,0.012061851851851851,300.0,2198.8102034317617,2196.714028524104,-2.096174907657769,-1.3714925676431342e-11,0.0,-2.096174907644054,0.9999999999934572,0.0,-1.3714925676431342e-11,6.765189190240918e-16,1.0,8.582985781422871e-14,3.2937996531175693e-15,4
263,0.012061851851851851,0.012060509259259259,300.0,2196.7140282843784,2194.8342186277305,-1.8798096566479217,-1.3713142165677989e-11,0.0,-1.8798096566342084,0.999999999992705,0.0,-1.3713142165677989e-11,6.816417407835751e-16,1.0,8.578090286088657e-14,3.290725232851863e-15,4
264,0.012060509259259259,0.01206,300.0,2194.8342183147124,2186.5764070104865,-8.257811304225925,-1.3261236867646277e-11,0.0,-8.257811304212664,0.9999999999983942,-6.163800723650363e-14,-1.3261236867646277e-11,6.949745836618578e-16,0.9953520167197313,9.345949268867229e-14,3.2371362866697727e-15,24
265,0.01206,0.01206,300.0,2186.5764063074657,2185.274828283294,-1.3015780241717039,-1.3710308424576215e-11,0.0,-1.3015780241579935,0.9999999999894663,6.162039360948878e-14,-1.3710308424576215e-11,7.054887585894247e-16,1.0044944571413896,8.545061811439361e-14,3.274640353546526e-15,4
266,0.01206,0.01205925925925926,300.0,2185.2748275322774,2183.71693272527,-1.5578948070074148,-1.3259856564061632e-11,0.0,-1.557894806994155,0.9999999999914886,-6.159541490843489e-14,-1.3259856564061632e-11,6.612517376449609e-16,0.9953547450071686,9.3361651516823e-14,3.2323900175040887e-15,4
267,0.01205925925925926,0.012057407407407407,300.0,2183.716931935936,2181.7688516733206,-1.948080262615349,-1.3257630741864232e-11,0.0,-1.9480802626020914,0.9999999999931946,0.0,-1.3257630741864232e-11,6.968653256485039e-16,1.0,9.331339674198154e-14,3.2292518101472115e-15,4
268,0.012057407407407407,0.012055,300.0,2181.7688508564,2179.632101290194,-2.136749566206163,-1.3254830638500304e-11,0.0,-2.136749566192908,0.9999999999937967,0.0,-1.3254830638500304e-11,6.88304249706259e-16,1.0,9.326557424831869e-14,3.225835877015241e-15,4
269,0.012055,0.012052592592592594,300.0,2179.6321004500587,2177.5077141784113,-2.1243862716473814,-1.370111461787272e-11,0.0,-2.1243862716336803,0.9999999999935506,6.147639504361842e-14,-1.370111461787272e-11,6.824051044624982e-16,1.0044869630506867,8.527116716667127e-14,3.262026888688162e-15,4
270,0.012052592592592594,0.01205074074074074,300.0,2177.5077133146588,2175.5962049062628,-1.9115084083960028,-1.3698824722196279e-11,0.0,-1.911508408382304,0.9999999999928335,0.0,-1.3698824722196279e-11,6.773003898211822e-16,1.0,8.522729031193287e-14,3.258922508608705e-15,4
271,0.01205074074074074,0.01205,300.0,2175.5962040149575,2166.93972496861,-8.656479046347613,-1.3696009969227357e-11,0.0,-8.656479046333917,0.9999999999984178,0.0,-1.3696009969227357e-11,6.733312340995393e-16,1.0,8.493070340583317e-14,3.24430714189063e-15,28
272,0.01205,0.01204925925925926,300.0,2166.9397238799347,2165.5172411750314,-1.4224827049033593,-1.3246055224530978e-11,0.0,-1.4224827048901132,0.9999999999906881,-6.129916526948619e-14,-1.3246055224530978e-11,6.745145084147573e-16,0.9953722701415314,9.28098502010715e-14,3.202491154691358e-15,4
273,0.01204925925925926,0.012047407407407408,300.0,2165.5172400731576,2163.705821283351,-1.811418789806794,-1.3243864536405664e-11,0.0,-1.81141878979355,0.9999999999926887,0.0,-1.3243864536405664e-11,6.781482563877013e-16,1.0,9.276642823132595e-14,3.199573269421648e-15,4
274,0.012047407407407408,0.012045,300.0,2163.7058201663335,2161.7054607822197,-2.0003593841138354,-1.3241099242676953e-11,0.0,-2.0003593841005944,0.9999999999933807,0.0,-1.3241099242676953e-11,6.584599862148594e-16,1.0,9.272337367556355e-14,3.196377454141375e-15,4
275,0.012045,0.012042592592592594,300.0,2161.7054596624057,2159.7157120307766,-1.9897476316291431,-1.3238336780394771e-11,0.0,-1.9897476316159048,0.9999999999933468,0.0,-1.3238336780394771e-11,6.942949452251381e-16,1.0,9.268067968715872e-14,3.193198816166862e-15,4
276,0.012042592592592594,0.01204074074074074,300.0,2159.7157109073833,2157.935648122245,-1.7800627851383979,-1.3236154485628468e-11,0.0,-1.7800627851251618,0.9999999999925643,0.0,-1.3236154485628468e-11,6.750021113293876e-16,1.0,9.263834080237385e-14,3.1903316894950758e-15,4
277,0.01204074074074074,0.01204,300.0,2157.935646991888,2154.379915161663,-3.555731830224886,-1.3683126192229628e-11,0.0,-3.5557318302112026,0.9999999999961517,6.110286202842809e-14,-1.3683126192229628e-11,6.607211039727301e-16,1.004465562998544,8.461286405201453e-14,3.2236932300326256e-15,12
278,0.01204,0.01204,300.0,2154.379913993589,2150.122585671776,-4.25732832181302,-1.3233647220545497e-11,0.0,-4.257328321799786,0.9999999999968915,-6.104759494294659e-14,-1.3233647220545497e-11,6.484833255764714e-16,0.995386941035562,9.235164640300842e-14,3.1771715577644933e-15,16
279,0.01204,0.01203925925925926,300.0,2150.1225844776986,2148.8161296784665,-1.3064547992321422,-1.3232638236908991e-11,0.0,-1.3064547992189095,0.9999999999898712,0.0,-1.3232638236908991e-11,6.701378174149163e-16,1.0,9.231203133446893e-14,3.175015763070098e-15,4
280,0.01203925925925926,0.012037407407407406,300.0,2148.8161284849584,2147.122029881779,-1.6940986031795546,-1.3678838430037387e-11,0.0,-1.6940986031658758,0.9999999999919256,6.099450762923624e-14,-1.3678838430037387e-11,6.657787147917004e-16,1.0044590414559835,8.43879820445038e-14,3.211524724901995e-15,4
281,0.012037407407407406,0.012035,300.0,2147.122028694027,2145.2388967647944,-1.8831319292326043,-1.3676010850484609e-11,0.0,-1.8831319292189284,0.9999999999927377,0.0,-1.3676010850484609e-11,6.913887790563127e-16,1.0,8.435155816838944e-14,3.2084937674057626e-15,4
282,0.012035,0.012032592592592593,300.0,2145.2388955845263,2143.3649321204257,-1.8739634641005978,-1.3673185739186413e-11,0.0,-1.8739634640869245,0.9999999999927035,0.0,-1.3673185739186413e-11,6.736527762513563e-16,1.0,8.431542178366783e-14,3.2054778707694764e-15,4
283,0.012032592592592593,0.012030740740740743,300.0,2143.3649309467673,2141.697891681484,-1.6670392652831652,-1.367095958784924e-11,0.0,-1.667039265269494,0.9999999999917992,0.0,-1.367095958784924e-11,6.53039128663992e-16,1.0,8.427956925084417e-14,3.2027727779029045e-15,4
284,0.012030740740740743,0.01203,300.0,2141.697890511635,2131.801826728153,-9.896063783481623,-1.3219890472951362e-11,0.0,-9.896063783468403,0.9999999999986642,-6.075757346045039e-14,-1.3219890472951362e-11,6.506711079509866e-16,0.9954040789078575,9.178928029668704e-14,3.1468568847068867e-15,40
285,0.01203,0.01203,300.0,2131.8018255833713,2130.8806723291755,-0.921153254195815,-1.366768277391334e-11,0.0,-0.9211532541821472,0.9999999999851623,6.074590489265395e-14,-1.366768277391334e-11,6.563039770569546e-16,1.0044444918643118,8.390329536083835e-14,3.1843437352153015e-15,4
286,0.01203,0.012030000000000002,300.0,2130.880671201592,2123.767047509837,-7.113623691755038,-1.366601957936296e-11,0.0,-7.113623691741371,0.9999999999980789,0.0,-1.366601957936296e-11,6.758411823495208e-16,1.0,8.364909027312109e-14,3.1721556672377024e-15,32
287,0.01203,0.012029259259259259,300.0,2123.76704644911,2122.6470598514734,-1.119986597636398,-1.3665024529826479e-11,0.0,-1.119986597622733,0.9999999999877989,0.0,-1.3665024529826479e-11,6.560093861497384e-16,1.0,8.361838010050135e-14,3.1702924869159913e-15,4
288,0.012029259259259259,0.012027407407407407,300.0,2122.64705880196,2121.141718487765,-1.5053403141951094,-1.366283882696939e-11,0.0,-1.5053403141814465,0.9999999999909237,0.0,-1.366283882696939e-11,6.448008669269129e-16,1.0,8.358789404068113e-14,3.167854881977377e-15,4
289,0.012027407407407407,0.012025000000000001,300.0,2121.1417174517846,2119.44736093524,-1.694356516544758,-1.366005875092585e-11,0.0,-1.694356516531098,0.999999999991938,0.0,-1.366005875092585e-11,6.659572322809352e-16,1.0,8.355762745261374e-14,3.1651361412006257e-15,4
290,0.012025000000000001,0.012022592592592592,300.0,2119.447359913287,2117.7599717914163,-1.6873881218707538,-1.365728049460183e-11,0.0,-1.6873881218570965,0.9999999999919063,0.0,-1.365728049460183e-11,6.885130488781851e-16,1.0,8.352757669343348e-14,3.1624289722622943e-15,4
291,0.012022592592592592,0.012020740740740742,300.0,2117.759970782604,2116.275143490636,-1.4848272919680312,-1.365510019402674e-11,0.0,-1.4848272919543761,0.9999999999908036,0.0,-1.365510019402674e-11,6.687331029204484e-16,1.0,8.349773946179354e-14,3.160025443166151e-15,4
292,0.012020740740740742,0.01202,300.0,2116.2751424930534,2115.188126952806,-1.0870155402471937,-1.3206550791104184e-11,0.0,-1.0870155402339872,0.9999999999878506,-6.049258537685406e-14,-1.3206550791104184e-11,6.71988182992099e-16,0.9954195015539106,9.128851928614428e-14,3.1193452623779586e-15,4
293,0.01202,0.01202,300.0,2115.188125963814,2111.148568825192,-4.039557138622058,-1.3653178976568932e-11,0.0,-4.039557138608405,0.9999999999966201,6.044255683628963e-14,-1.3653178976568932e-11,6.853021264948365e-16,1.0044269951298537,8.332314016538972e-14,3.1512747097030065e-15,20
294,0.01202,0.01202,300.0,2111.1485678777653,2109.574227176455,-1.5743407013101205,-1.3205293218010608e-11,0.0,-1.5743407012969153,0.9999999999916123,-6.042311160284794e-14,-1.3205293218010608e-11,6.534292930813425e-16,0.9954243263965971,9.107293993693217e-14,3.1097487845578485e-15,8
295,0.01202,0.01202,300.0,2109.574226247986,2107.2555762638626,-2.3186499841235673,-1.365227936873559e-11,0.0,-2.318649984109915,0.999999999994112,6.03945366396047e-14,-1.365227936873559e-11,6.696364677216942e-16,1.0044237694679696,8.318323701073526e-14,3.144576762345685e-15,12
296,0.01202,0.01202,300.0,2107.2555753650395,2105.737666742307,-1.517908622732648,-1.3204435634698524e-11,0.0,-1.5179086227194436,0.999999999991301,-6.037587340330087e-14,-1.3204435634698524e-11,6.693096047379024e-16,0.9954276066714547,9.092538496047727e-14,3.1031815598139414e-15,8
297,0.01202,0.01202,300.0,2105.73766586369,2102.766566030495,-2.971099833194785,-1.365124461520242e-11,0.0,-2.9710998331811336,0.9999999999954053,6.033944619261705e-14,-1.365124461520242e-11,6.722543700503087e-16,1.0044200692239755,8.302169812120901e-14,3.136844239751447e-15,16
298,0.01202,0.01202,300.0,2102.7665651926136,2097.0706258732685,-5.695939319345143,-1.3202506084239209e-11,0.0,-5.6959393193319405,0.9999999999976821,-6.027000224226044e-14,-1.3202506084239209e-11,6.719879855950338e-16,0.99543495743477,9.059139742878558e-14,3.0883190364567924e-15,32
299,0.01202,0.012019259259259259,300.0,2097.0706251155884,2096.1222300007466,-0.9483951148417873,-1.3201584288862708e-11,0.0,-0.9483951148285857,0.9999999999860801,0.0,-1.3201584288862708e-11,6.556672219748495e-16,1.0,9.056476878388387e-14,3.086753698002389e-15,4
300,0.012019259259259259,0.012017407407407407,300.0,2096.122229253667,2094.791186559079,-1.3310426945877225,-1.3646840563762865e-11,0.0,-1.3310426945740756,0.9999999999897472,6.022733478329557e-14,-1.3646840563762865e-11,6.746285071686226e-16,1.004413280458718,8.276675840399555e-14,3.1232959536210526e-15,4
301,0.012017407407407407,0.012015,300.0,2094.791185823557,2093.2715218414473,-1.519663982109705,-1.3644103044351945e-11,0.0,-1.519663982096061,0.9999999999910215,0.0,-1.3644103044351945e-11,6.988480631730381e-16,1.0,8.274218075503067e-14,3.120869438496928e-15,4
302,0.012015,0.012012592592592592,300.0,2093.2715211175773,2091.7569600801767,-1.5145610374006537,-1.3641366795281967e-11,0.0,-1.5145610373870124,0.9999999999909932,0.0,-1.3641366795281967e-11,6.842930279471542e-16,1.0,8.271775852525952e-14,3.1184514816205883e-15,4
303,0.012012592592592592,0.01201074074074074,300.0,2091.7569593673934,2090.440882831416,-1.3160765359775723,-1.3639227593195298e-11,0.0,-1.316076535963933,0.9999999999896364,0.0,-1.3639227593195298e-11,6.985225331770392e-16,1.0,8.269349052918369e-14,3.116330374486124e-15,4
304,0.01201074074074074,0.01201,300.0,2090.440882128665,2089.516377519007,-0.9245046096580154,-1.3191228324333967e-11,0.0,-0.9245046096448242,0.9999999999857315,-6.012061961619984e-14,-1.3191228324333967e-11,6.801404185503474e-16,0.9954423789704788,9.043416299725372e-14,3.0761966048292337e-15,4
305,0.01201,0.01201,300.0,2089.516376824888,2088.1964371398844,-1.3199396850036464,-1.3637980278744277e-11,0.0,-1.3199396849900085,0.9999999999896677,6.010472821191024e-14,-1.3637980278744277e-11,6.902026907456118e-16,1.0044071575837068,8.262161180124708e-14,3.1125123153818427e-15,8
306,0.01201,0.01201,300.0,2088.196436461718,2087.543075624193,-0.653360837524815,-1.3190792800178126e-11,0.0,-0.6533608375116242,0.9999999999798109,-6.009686665452542e-14,-1.3190792800178126e-11,6.559746469487696e-16,0.9954440292130345,9.03577800816179e-14,3.0728037165973292e-15,4
307,0.01201,0.01201,300.0,2087.543074954184,2086.8940628201135,-0.6490121340702899,-1.3637683398628201e-11,0.0,-0.6490121340566523,0.999999999978987,6.008906105165884e-14,-1.3637683398628201e-11,7.014732728205567e-16,1.0044061047096682,8.257445488927244e-14,3.1102602855994397e-15,4
308,0.01201,0.01201,300.0,2086.8940621583774,2084.97269332591,-1.9213688324675786,-1.3190225668474555e-11,0.0,-1.9213688324543885,0.999999999993135,-6.006597763049342e-14,-1.3190225668474555e-11,6.543016758178198e-16,0.9954461751345123,9.02581875145092e-14,3.0683814835774374e-15,12
309,0.01201,0.01201,300.0,2084.972692689066,2084.3406536672237,-0.6320390218425018,-1.3637101600670703e-11,0.0,-0.6320390218288647,0.9999999999784237,6.005839323522923e-14,-1.3637101600670703e-11,7.013926233703611e-16,1.0044040438352586,8.248192574706491e-14,3.1058427231960734e-15,4
310,0.01201,0.01201,300.0,2084.340653034281,2077.6526934658114,-6.687959568469523,-1.3188613902313949e-11,0.0,-6.687959568456335,0.999999999998028,-5.997845433185969e-14,-1.3188613902313949e-11,6.84532842711924e-16,0.9954522548937963,8.997401194131976e-14,3.055770652840976e-15,44
311,0.01201,0.01201,300.0,2077.6526929210604,2075.3348174812836,-2.317875439776799,-1.363505508447683e-11,0.0,-2.317875439763164,0.9999999999941175,5.995089286938985e-14,-1.363505508447683e-11,6.744729555722856e-16,1.0043968207314133,8.21548368276231e-14,3.0902379271959204e-15,16
312,0.01201,0.01201,300.0,2075.3348169663022,2063.5541371523022,-11.780679813999996,-1.3185527863838622e-11,0.0,-11.78067981398681,0.9999999999988807,-5.981196078234481e-14,-1.3185527863838622e-11,6.886501208954137e-16,0.9954638174974868,8.942436378859788e-14,3.031411142802272e-15,88
313,0.01201,0.01201,300.0,2063.5541367762235,2062.557598068617,-0.9965387076063053,-1.3632169138266029e-11,0.0,-0.996538707592673,0.9999999999863205,5.980029420970905e-14,-1.3632169138266029e-11,6.745242456846065e-16,1.004386704243703,8.16887531974627e-14,3.0680346664388683e-15,8
314,0.01201,0.01201,300.0,2062.5575977031945,2056.3503515705115,-6.20724613268294,-1.3630774160598038e-11,0.0,-6.207246132669309,0.9999999999978041,0.0,-1.3630774160598038e-11,6.942928437026204e-16,1.0,8.14614114016175e-14,3.0572218206037074e-15,45
315,0.01201,0.01200925925925926,300.0,2056.350375306986,2055.6377452326014,-0.7126300743843785,-1.3629877637696218e-11,0.0,-0.7126300743707487,0.9999999999808739,0.0,-1.3629877637696218e-11,6.721920902853914e-16,1.0,8.144457605145717e-14,3.056044547825306e-15,3
316,0.01200925925925926,0.012007407407407408,300.0,2055.6377686385235,2054.547420976871,-1.090347661652686,-1.362779141669492e-11,0.0,-1.0903476616390582,0.9999999999875014,0.0,-1.362779141669492e-11,6.793813213644001e-16,1.0,8.142782708701934e-14,3.0543063120583562e-15,3
317,0.012007407407407408,0.012005,300.0,2054.5474440721773,2053.269781419265,-1.2776626529121131,-1.3625110677399324e-11,0.0,-1.277662652898488,0.9999999999893359,0.0,-1.3625110677399324e-11,6.471787450885067e-16,1.0,8.141116261770459e-14,3.0522902083933452e-15,3
318,0.012005,0.012002592592592592,300.0,2053.2698042155725,2051.9949968242113,-1.2748073913612643,-1.3622430579704283e-11,0.0,-1.2748073913476419,0.9999999999893141,0.0,-1.3622430579704283e-11,6.821435317007528e-16,1.0,8.139458159499822e-14,3.050278952748179e-15,3
319,0.012002592592592592,0.01200074074074074,300.0,2051.995019325454,2050.9129631795613,-1.0820561458926932,-1.3620346283326921e-11,0.0,-1.0820561458790727,0.9999999999874124,0.0,-1.3620346283326921e-11,6.716864672151134e-16,1.0,8.137808390327664e-14,3.0485548196890895e-15,3
320,0.01200074074074074,0.012,300.0,2050.9129853825807,2047.5848824224345,-3.328102960146225,-1.3172436302208082e-11,0.0,-3.3281029601330525,0.999999999996042,-5.956670822535747e-14,-1.3172436302208082e-11,6.574489009902206e-16,0.9954779277835359,8.893213674006555e-14,3.00463213488439e-15,21
321,0.012,0.012,300.0,2047.5849025260695,2046.7273828788973,-0.8575196471722393,-1.3618673610152523e-11,0.0,-0.8575196471586206,0.9999999999841186,5.955681346348648e-14,-1.3618673610152523e-11,7.001669916349281e-16,1.0043731728337397,8.123336719812678e-14,3.0413158094914027e-15,6
322,0.012,0.012,300.0,2046.7274024262706,2044.6230326914251,-2.104369734845477,-1.317179518474901e-11,0.0,-2.1043697348323054,0.9999999999937408,-5.953255666091183e-14,-1.317179518474901e-11,6.715865329175191e-16,0.9954803004582214,8.88154010504296e-14,2.999486532700767e-15,15
323,0.012,0.012,300.0,2044.6230509292384,2041.3685143835319,-3.2545365457065145,-1.3617476194847444e-11,0.0,-3.254536545692897,0.9999999999958158,5.949512638280469e-14,-1.3617476194847444e-11,6.664145390004294e-16,1.0043690273830121,8.103568863777046e-14,3.031953022279847e-15,24
324,0.012,0.012,300.0,2041.3685307428257,2033.7872715209635,-7.581259221862183,-1.3169454610668504e-11,0.0,-7.581259221849014,0.999999999998263,-5.940837719088868e-14,-1.3169454610668504e-11,6.42701573800224e-16,0.9954889265389348,8.838687056255367e-14,2.980628943853859e-15,60
325,0.012,0.012,300.0,2033.7872841257763,2032.0056385660673,-1.781645559708977,-1.3615389409533108e-11,0.0,-1.7816455596953618,0.999999999992358,5.938808148845786e-14,-1.3615389409533108e-11,6.85637364593172e-16,1.0043618349576455,8.068907471126717e-14,3.0155649900238322e-15,15
326,0.012,0.012,300.0,2032.005650402798,2022.1485679230989,-9.857082479699102,-1.3166950593016735e-11,0.0,-9.857082479685936,0.9999999999986643,-5.927639332410477e-14,-1.3166950593016735e-11,6.537142946783561e-16,0.9954980925229914,8.79239774574983e-14,2.9603174922098242e-15,90
327,0.012,0.012,300.0,2022.1485761835818,2017.695244493295,-4.453331690286859,-1.3612212963419866e-11,0.0,-4.453331690273247,0.9999999999969433,5.922625307021965e-14,-1.3612212963419866e-11,6.782312996112334e-16,1.0043509643310298,8.015615672977528e-14,2.9904456893567998e-15,45
328,0.012,0.012,300.0,2017.69525147062,2015.712992923251,-1.9822585473689287,-1.316556987842181e-11,0.0,-1.9822585473557632,0.9999999999933583,-5.920399595767277e-14,-1.316556987842181e-11,6.729759389354459e-16,0.9955031193860657,8.766680906033093e-14,2.949061702891802e-15,21
329,0.012,0.012,300.0,2015.7129993868925,2015.4345469645898,-0.2784524223027347,-1.3611712406240789e-11,0.0,-0.278452422289123,0.9999999999511165,5.920087247783943e-14,-1.3611712406240789e-11,6.657152390882477e-16,1.0043492597192032,8.007160755296981e-14,2.9864696598909174e-15,3
330,0.012,0.012,300.0,2015.4345533587475,2015.1572608378665,-0.2772925208810193,-1.316545076417818e-11,0.0,-0.27729252086785383,0.9999999999525214,-5.919776272990806e-14,-1.316545076417818e-11,6.558252331029088e-16,0.9955035521540229,8.764456018448728e-14,2.948088915997851e-15,3
331,0.012,0.012,300.0,2015.1572671634694,2014.6061376680577,-0.5511294954117147,-1.3611529058187832e-11,0.0,-0.5511294953981032,0.9999999999753024,5.919158404672017e-14,-1.3611529058187832e-11,6.878888405464526e-16,1.0043486359095795,8.00406002053995e-14,2.9850121581968434e-15,6
332,0.012,0.012,300.0,2014.6061438592797,2008.082624800707,-6.523519058572674,-1.3163935859846495e-11,0.0,-6.52351905855951,0.9999999999979822,-5.911865997545599e-14,-1.3163935859846495e-11,6.416824429598443e-16,0.9955090437537162,8.736073848751707e-14,2.935693820763277e-15,75
333,0.012,0.012,300.0,2008.0826295764737,2007.8349498733658,-0.24767970310790588,-1.361003185560565e-11,0.0,-0.24767970309429585,0.9999999999450498,5.911589885257729e-14,-1.361003185560565e-11,6.788400184696674e-16,1.0043435533053677,7.978664368338768e-14,2.9730884038219647e-15,3
334,0.012,0.012,300.0,2007.8349546015586,2005.172848462136,-2.6621061394225762,-1.3163313515989648e-11,0.0,-2.662106139409413,0.9999999999950553,-5.908625537476596e-14,-1.3163313515989648e-11,6.409501839830411e-16,0.9955112931631543,8.724368449538108e-14,2.9305897450496306e-15,33
335,0.012,0.012,300.0,2005.172852704394,2004.2322343753622,-0.9406183290318495,-1.360923621452936e-11,0.0,-0.9406183290182403,0.9999999999855316,5.907579607360827e-14,-1.360923621452936e-11,6.332210417793724e-16,1.0043408605113737,7.96511474906931e-14,2.96673656908837e-15,12
336,0.012,0.012,300.0,2004.2322384566323,2001.9415539899883,-2.290684466644052,-1.3162622864804706e-11,0.0,-2.290684466630889,0.9999999999942538,-5.905035637454575e-14,-1.3162622864804706e-11,6.55099213927254e-16,0.9955137849818337,8.711347634637634e-14,2.9249176091381417e-15,30
337,0.012,0.012,300.0,2001.9415577012842,2001.0487733855598,-0.8927843157243842,-1.3608533677430956e-11,0.0,-0.8927843157107757,0.9999999999847572,5.904045351580806e-14,-1.3608533677430956e-11,6.811996543707545e-16,1.004338487519322,7.95312006236565e-14,2.9611195307973084e-15,12
338,0.012,0.012,300.0,2001.0487769607978,1995.5487523996119,-5.50002456118591,-1.3161257799916064e-11,0.0,-5.500024561172749,0.9999999999976071,-5.897959393357629e-14,-1.3161257799916064e-11,6.59913843101189e-16,0.9955186962499927,8.685518465738809e-14,2.913683246807949e-15,78
339,0.012,0.012,300.0,1995.5487552288907,1994.9458923819159,-0.6028628469748583,-1.3607188123045479e-11,0.0,-0.602862846961251,0.9999999999774289,5.897293832062821e-14,-1.3607188123045479e-11,6.487782130154302e-16,1.0043339548029582,7.930067849141791e-14,2.9503399052710003e-15,9
340,0.012,0.012,300.0,1994.9458951384065,1992.9804869994666,-1.9654081389398925,-1.316070985718308e-11,0.0,-1.9654081389267317,0.9999999999933038,-5.895126074304504e-14,-1.316070985718308e-11,6.858459947135637e-16,0.9955206625339537,8.675115933529697e-14,2.9091652241350033e-15,30
341,0.012,0.012,300.0,1992.9804895299603,1992.212758023607,-0.767731506353357,-1.3606586026293725e-11,0.0,-0.7677315063397504,0.999999999982277,5.894280155260543e-14,-1.3606586026293725e-11,6.6628062172086845e-16,1.0043319317159134,7.919719402412397e-14,2.9455074662441864e-15,12
342,0.012,0.012,300.0,1992.2127604703542,1989.604622215133,-2.6081382552210925,-1.3606011741414206e-11,0.0,-2.6081382552074865,0.9999999999947833,0.0,-1.3606011741414206e-11,6.799255848486668e-16,1.0,7.909829995400123e-14,2.9408932423450395e-15,42
