time_s,radius_m,max_C,min_C,mean_C,center_C,surface_C,center_T_C,surface_T_C
0,0.02,2.55,2.55,2.55,2.55,2.5181848561215396,28.0,28.0
60,0.019949873268608413,2.550000000000001,1.9922834366028572,2.5390110003232746,2.55,2.141836273291542,28.528000000000077,28.52800000000002
120,0.01990016802588997,2.550000000000001,1.7098850277954598,2.5288628917543496,2.5500000000000003,1.9747282575013116,29.192000000000064,29.19199999999995
180,0.019850896699029126,2.550000000000001,1.5218687743262334,2.5192739705051848,2.5499999999999994,1.8638538312803017,29.684000000000026,29.68399999999997
240,0.019802071715210357,2.550000000000001,1.3837209487226807,2.5101097156646146,2.5500000000000007,1.7794555361193412,30.036999999999978,30.036999999999978
300,0.019753705501618122,2.5500000000000007,1.280455698669583,2.501264301876316,2.5500000000000003,1.715430009813724,30.834000000000003,30.83400000000006
360,0.019705810485436893,2.5500000000000007,1.1968025817314965,2.492690105439133,2.55,1.6608001010809188,31.293000000000006,31.293000000000006
420,0.019658399093851135,2.5500000000000007,1.1281911116073218,2.4843434858320625,2.5500000000000003,1.6146898791098652,31.82000000000005,31.819999999999993
480,0.019611483754045308,2.5500000000000007,1.0688499269894796,2.4762020834986744,2.5500000000000003,1.5730648506151996,32.12100000000004,32.12100000000004
540,0.019565076893203883,2.5500000000000007,1.0194743971645266,2.4682299383260315,2.5499999999999994,1.5384497393490704,32.73000000000002,32.73000000000002
600,0.019519190938511326,2.5500000000000007,0.9762116986411113,2.4604097790860937,2.5500000000000003,1.5072855679433055,33.202,33.202
660,0.019473838317152103,2.5500000000000007,0.9394830237468138,2.452715873434826,2.55,1.4809729019003897,33.87900000000002,33.87899999999996
720,0.019429031456310683,2.5500000000000007,0.9056344518626445,2.445143762405003,2.5500000000000003,1.4557113889432112,34.268000000000086,34.26800000000014
780,0.019384782783171524,2.5500000000000007,0.8758444630919935,2.43767791615913,2.5500000000000007,1.4335290634543285,34.80600000000004,34.80599999999998
840,0.01934110472491909,2.5500000000000007,0.8479788279921809,2.4303159415294884,2.55,1.4120743408035181,35.141999999999996,35.14200000000005
900,0.01929800970873786,2.550000000000001,0.822523814585174,2.423048631272996,2.5500000000000007,1.3923273472671234,35.524,35.524
960,0.0192555101618123,2.550000000000001,0.8002778385545558,2.4158605001487685,2.5500000000000007,1.375358071450838,36.091000000000065,36.091000000000065
1020,0.019213618511326858,2.550000000000001,0.7786279332979471,2.4087551681446353,2.5500000000000003,1.3580141678256936,36.353999999999985,36.353999999999985
1080,0.019172347184466018,2.550000000000001,0.760813827002357,2.40171294738808,2.5500000000000007,1.3445541431669918,37.067000000000064,37.06700000000001
1140,0.01913170860841424,2.5500000000000007,0.7433032364800048,2.394736223705489,2.5499999999999994,1.3304871972999577,37.41899999999998,37.418999999999926
1200,0.019091715210355985,2.550000000000001,0.7273977618978614,2.3878197796523044,2.550000000000001,1.3177750311110314,37.882000000000005,37.88199999999995
1260,0.01905237941747573,2.55,0.7115630603868867,2.380964868030799,2.5499999999999994,1.3045711184649076,38.134000000000015,38.13399999999996
1320,0.019013713656957927,2.549999999999998,0.6983684709305812,2.3741568839409464,2.5499999999999954,1.2942202097732638,38.76700000000005,38.76699999999994
1380,0.018975730355987055,2.54999999999999,0.6854366350264022,2.3673998872921658,2.5499999999999887,1.2834936881736174,39.12499999999994,39.12500000000006
1440,0.018938441941747573,2.54999999999997,0.6729127948977838,2.3606907992446398,2.54999999999997,1.2729397027622782,39.45800000000003,39.45799999999997
1500,0.018901860841423947,2.5499999999999194,0.6600204917921141,2.354035743230143,2.5499999999999194,1.2615844878114133,39.59500000000003,39.59499999999997
1560,0.01886599948220065,2.549999999999796,0.6488975085018448,2.3474234432328194,2.549999999999796,1.2522717479039085,40.06099999999998,40.061000000000035
1620,0.018830870291262135,2.549999999999503,0.6374634575132695,2.3408590923658603,2.549999999999503,1.2421213724506661,40.238,40.23799999999994
1680,0.018796485695792883,2.5499999999988385,0.6272032193775494,2.3343357937114533,2.5499999999988385,1.2332671406223699,40.62099999999998,40.62099999999998
1740,0.018762858122977347,2.5499999999973477,0.6185043166767823,2.3278450945517974,2.5499999999973477,1.226051830461781,41.166,41.166000000000054
1800,0.01873,2.5499999999941414,0.6099208218354324,2.3213890392257275,2.5499999999941414,1.2185565174418485,41.51299999999998,41.513000000000034
1860,0.0186979928835586,2.549999999987417,0.6019483559797151,2.3149644696609357,2.549999999987417,1.2116269614824793,41.918000000000006,41.918000000000006
1920,0.018666874513357443,2.5499999999740672,0.5928674414235301,2.3085822291400824,2.5499999999740672,1.203001518275859,41.952000000000055,41.952000000000055
1980,0.018636591591090806,2.5499999999480023,0.5846532454368351,2.302235517874849,2.5499999999480023,1.1955198601620292,42.263000000000034,42.26300000000009
2040,0.018607090818452948,2.5499999998983696,0.5769906943790756,2.295920952332622,2.5499999998983696,1.1885654170563837,42.589,42.589
2100,0.018578318897138145,2.5499999998071843,0.5690629608777376,2.2896423995461426,2.5499999998071843,1.1810497505589714,42.745000000000005,42.74500000000006
2160,0.018550222528840664,2.549999999643254,0.5615488896979699,2.283398111451221,2.549999999643254,1.1739765008217724,42.985000000000014,42.985000000000014
2220,0.018522748415254777,2.5499999993522304,0.5550672526557392,2.2771820964766496,2.5499999993522304,1.1680920538728568,43.39300000000003,43.39300000000003
2280,0.01849584325807475,2.54999999885359,0.5481092361607598,2.2709987135846093,2.54999999885359,1.1613321342201859,43.533999999999935,43.53399999999999
2340,0.018469453758994864,2.5499999980036194,0.5422242945704252,2.2648385885083284,2.5499999980036194,1.155991279758155,43.97000000000003,43.97000000000003
2400,0.018443526619709376,2.549999996604162,0.5358236906242971,2.258709186181191,2.549999996604162,1.1496923579556728,44.101999999999975,44.10200000000003
2460,0.018418008541912556,2.5499999943124427,0.5303815274410543,2.2526035014542756,2.5499999943124427,1.1446366989548862,44.502999999999986,44.502999999999986
2520,0.018392846227298684,2.5499999906684168,0.524553791468411,2.246525659694273,2.5499999906684168,1.1388560454259833,44.66300000000001,44.66300000000001
2580,0.018367986377562026,2.5499999850228723,0.5182334274056578,2.2404804186834104,2.5499999850228723,1.1323542459619431,44.70100000000002,44.70100000000002
2640,0.018343375694396855,2.54999997625256,0.5132116020906559,2.2344568509751586,2.54999997625256,1.127645575896903,45.13799999999998,45.13799999999992
2700,0.018318960879497432,2.549999962981777,0.5079190355795473,2.228457833337754,2.549999962981777,1.122350209270662,45.323000000000036,45.323000000000036
2760,0.01829468863455803,2.5499999434143756,0.5020138798207052,2.222490127519045,2.5499999434143756,1.1161296275924444,45.32400000000001,45.32400000000001
2820,0.018270505661272925,2.5499999148552397,0.49635360230800557,2.21655122471826,2.5499999148552397,1.1102841975347466,45.462000000000046,45.462000000000046
2880,0.01824635866133638,2.5499998732942846,0.49157846417359546,2.2106332589440543,2.5499998732942846,1.105622041052445,45.81799999999993,45.81800000000004
2940,0.018222194336442666,2.5499998148179723,0.48586240310091744,2.204747551799062,2.5499998148179723,1.0994074652281003,45.73900000000003,45.738999999999976
3000,0.01819795938828606,2.5499997327083346,0.48060403793228873,2.198886230950044,2.5499997327083346,1.0939770830113535,45.93000000000001,45.93000000000001
3060,0.018173600518560824,2.549999619460585,0.47530787354515136,2.1930544376265293,2.549999619460585,1.0883105191947442,45.999000000000024,45.99899999999997
3120,0.01814906442896123,2.5499994617084223,0.4714381712153766,2.187236669343095,2.5499994617084223,1.084680993966475,46.51200000000006,46.512
3180,0.01812429782118155,2.5499992480444225,0.4670467031888252,2.1814426945765732,2.5499992480444225,1.0799657137084449,46.601999999999975,46.601999999999975
3240,0.018099247396916048,2.5499989609609766,0.46270832994174405,2.1756702922274225,2.5499989609609766,1.0753388012697085,46.76100000000008,46.76100000000014
3300,0.018073859857859004,2.5499985788607775,0.4584886642781606,2.1699187437381147,2.5499985788607775,1.0708385936299079,46.93299999999999,46.93300000000005
3360,0.01804808190570468,2.5499980797833754,0.4537200075950686,2.1641918730409984,2.5499980797833754,1.0655283697864562,46.91199999999998,46.91199999999998
3420,0.018021860242147344,2.5499974288045673,0.4493819351794017,2.1584861717594244,2.5499974288045673,1.0608782572273898,47.089,47.089
3480,0.017995141568881278,2.549996597066066,0.4444271842400605,2.152806605819109,2.549996597066066,1.0552760254860891,47.00800000000004,47.00800000000004
3540,0.017967872587600735,2.549995536094486,0.43982454736003535,2.1471506116781263,2.549995536094486,1.0502209396982116,47.11099999999999,47.11099999999999
3600,0.01794,2.549994176544019,0.43618202499044734,2.1415082662467575,2.549994176544019,1.0465400615431872,47.485000000000014,47.485000000000014
3660,0.017911592291939,2.549992472768566,0.43205159529946496,2.135887549588778,2.549992472768566,1.041894082739124,47.49799999999999,47.49799999999999
3720,0.01788277336819172,2.549990342039019,0.4281513715648882,2.1302852059071546,2.549990342039019,1.0376099421121874,47.64599999999996,47.646000000000015
3780,0.01785357305882353,2.549987689956231,0.4245683090042035,2.124699897182412,2.549987689956231,1.033700658844398,47.839999999999975,47.84000000000003
3840,0.017824021193899784,2.5499844332742883,0.42063921074058097,2.119132817139199,2.5499844332742883,1.029250392116471,47.87300000000005,47.87299999999999
3900,0.017794147603485837,2.549980458974249,0.4166769797969023,2.1135847997099235,2.549980458974249,1.0247628407927818,47.92599999999999,47.92599999999999
3960,0.01776398211764706,2.5499756330612406,0.41285640959142494,2.108055695264386,2.5499756330612406,1.020444568929328,48.01600000000002,48.01600000000002
4020,0.017733554566448803,2.5499698419231374,0.4086878181747844,2.102546732506523,2.5499698419231374,1.0156142649288709,47.97700000000003,47.976999999999975
4080,0.017702894779956426,2.5499629421571925,0.4043617891104725,2.097059712454492,2.5499629421571925,1.0105743022641462,47.926000000000045,47.92599999999999
4140,0.017672032588235298,2.5499546568096085,0.4009369617793867,2.0915881835326244,2.5499546568096085,1.0068553321012859,48.19900000000001,48.19900000000001
4200,0.017640997821350764,2.5499448804333693,0.39707111942512385,2.08613578475297,2.5499448804333693,1.002326681567022,48.166,48.166000000000054
4260,0.01760982030936819,2.5499333124745114,0.39360393648653835,2.0806984167011677,2.5499333124745114,0.9984349001685721,48.33099999999996,48.331000000000074
4320,0.017578529882352943,2.549919615180285,0.39072587339923587,2.0752724898127726,2.549919615180285,0.9953200496216669,48.61499999999995,48.615000000000066
4380,0.01754715637037037,2.54990381227808,0.3867428442111079,2.069868061946192,2.54990381227808,0.9903988457881586,48.38000000000005,48.379999999999995
4440,0.01751572960348584,2.5498855289006954,0.38283527311137233,2.0644834050400767,2.5498855289006954,0.9857423913497507,48.35699999999997,48.35699999999997
4500,0.017484279411764708,2.5498643054217083,0.3794637629360112,2.0591141342655894,2.5498643054217083,0.9819005623622973,48.52600000000001,48.52600000000001
4560,0.01745283562527233,2.5498398695809423,0.3761183329525693,2.0537614500862955,2.5498398695809423,0.9779633541045816,48.59000000000003,48.59000000000009
4620,0.017421428074074076,2.5498116475397463,0.37322927947583623,2.048419373052138,2.5498116475397463,0.9747393311437188,48.82499999999999,48.82499999999999
4680,0.017390086588235296,2.549779472627223,0.3700994585510239,2.0430941134187335,2.549779472627223,0.9709446289174213,48.827000000000055,48.827
4740,0.01735884099782135,2.549742698619563,0.3672512989091451,2.0377810576642927,2.549742698619563,0.9676261436157181,48.988,48.988
4800,0.017327721132897603,2.5497011018239153,0.36407756840963423,2.032482141748347,2.5497011018239153,0.9637873335980346,48.978999999999985,48.978999999999985
4860,0.01729675682352941,2.5496543685684867,0.3606221642568773,2.0272007207288283,2.5496543685684867,0.9595268050806662,48.89999999999998,48.900000000000034
4920,0.017265977899782136,2.549601371556502,0.3578861836134022,2.0219310999267237,2.549601371556502,0.9564038968280482,49.144000000000005,49.144000000000005
4980,0.017235414191721133,2.5495426932950984,0.35421132816969586,2.016683377728144,2.5495426932950984,0.9516397327886772,48.87000000000012,48.87000000000006
5040,0.017205095529411765,2.549477363379993,0.35066093396164294,2.011453966421056,2.549477363379993,0.9472453663629429,48.84000000000009,48.84000000000009
5100,0.017175051742919386,2.549404565502641,0.3474300704676381,2.006241141106878,2.549404565502641,0.9433279316480057,48.91300000000001,48.91300000000001
5160,0.017145312662309366,2.5493227659022417,0.34501374323399653,2.0010364051084255,2.5493227659022417,0.9406742252494721,49.261000000000024,49.26100000000008
5220,0.017115908117647058,2.549232650314717,0.34201392717924234,1.9958477060192499,2.549232650314717,0.9368702270348513,49.168999999999926,49.16900000000004
5280,0.017086867938997823,2.5491337853654294,0.3386846997774728,1.990676411241598,2.5491337853654294,0.9326296207450303,49.05599999999998,49.05600000000004
5340,0.017058221956427016,2.549024288980873,0.3360250351191859,1.9855186488624816,2.549024288980873,0.9294513961491774,49.257000000000005,49.25700000000006
5400,0.01703,2.548904934832377,0.33277270076868254,1.9803776986143324,2.548904934832377,0.9252733088180707,49.115999999999985,49.11600000000004
5460,0.017001822456140347,2.548772916006677,0.33042350992297836,1.9752478724899794,2.548772916006677,0.9225439170994204,49.41500000000008,49.41500000000002
5520,0.01697332350877193,2.548629404172672,0.327570896602849,1.97013410387717,2.548629404172672,0.9188267149282252,49.32100000000008,49.321000000000026
5580,0.01694455368421053,2.5484732579455307,0.3246357028810808,1.9650336455349993,2.5484732579455307,0.9151240808457501,49.31700000000001,49.31700000000001
5640,0.01691556350877193,2.5483038230312975,0.3217639327298991,1.9599498391925645,2.5483038230312975,0.9114321642336654,49.303999999999974,49.303999999999974
5700,0.016886403508771932,2.5481189116921024,0.319281905690399,1.9548755076552338,2.5481189116921024,0.9084554714087226,49.49200000000002,49.492000000000075
5760,0.016857124210526316,2.5479198065999755,0.31646796601396937,1.9498184459117034,2.5479198065999755,0.9047218038049035,49.38399999999996,49.38399999999996
5820,0.01682777614035088,2.5477059656338756,0.3133690617756011,1.944776948215256,2.5477059656338756,0.9006642515749841,49.27200000000005,49.27199999999999
5880,0.016798409824561406,2.5474754617379896,0.31062055014220324,1.939752414673326,2.5474754617379896,0.8970960980385043,49.31,49.31000000000006
5940,0.016769075789473682,2.547223497465269,0.3087574763096621,1.934730560681224,2.547223497465269,0.8951090650251612,49.74900000000008,49.74899999999997
6000,0.01673982456140351,2.5469531053751604,0.30659041144981514,1.9297215070035332,2.5469531053751604,0.8922404656434506,49.74299999999994,49.742999999999995
6060,0.01671070666666667,2.5466643694557263,0.30406467415838717,1.9247256424352128,2.5466643694557263,0.8888366864174445,49.660000000000025,49.660000000000025
6120,0.016681772631578946,2.5463580453448804,0.301104745505139,1.919746772716368,2.5463580453448804,0.884781280983298,49.46300000000002,49.46300000000002
6180,0.01665307298245614,2.546026520178561,0.2991722269572906,1.9147752570582457,2.546026520178561,0.8825315390205748,49.829999999999984,49.83000000000004
6240,0.016624658245614033,2.5456742349122177,0.29678208912769555,1.909816621548285,2.5456742349122177,0.8793095605288205,49.752999999999986,49.752999999999986
6300,0.01659657894736842,2.5452996622220616,0.2943709053669183,1.9048714389673675,2.5452996622220616,0.8760692071843489,49.738999999999976,49.73899999999992
6360,0.01656888561403509,2.5449036515255004,0.2916240137552485,1.8999400777654463,2.5449036515255004,0.8723638006952225,49.62200000000013,49.62200000000007
6420,0.016541628771929825,2.5444850034738455,0.28891803295012014,1.8950256522064208,2.5444850034738455,0.868685434048834,49.549999999999955,49.549999999999955
6480,0.01651485894736842,2.5440431814543367,0.2861123604628499,1.8901263356573583,2.5440431814543367,0.8649192388078412,49.476999999999975,49.47699999999992
6540,0.016488626666666666,2.543568763571315,0.284386173163559,1.8852345125452195,2.543568763571315,0.862932981216996,49.89100000000002,49.891000000000076
6600,0.016462982456140352,2.5430718511388166,0.2818380223703343,1.8803571336807117,2.5430718511388166,0.8593646228731996,49.68300000000005,49.68299999999999
6660,0.016437976842105264,2.5425504271813586,0.2792273806361658,1.8754975194809578,2.5425504271813586,0.8556944920365627,49.56900000000002,49.56899999999996
6720,0.016413660350877192,2.5420003739270824,0.27686606839150973,1.870651617518671,2.5420003739270824,0.8525210297986158,49.63300000000004,49.63300000000004
6780,0.01639008350877193,2.5414189624777377,0.27478918703731614,1.865816512265666,2.5414189624777377,0.849814133564192,49.781000000000006,49.781000000000006
6840,0.016367296842105264,2.540813017568013,0.2722316852467331,1.8609988525103625,2.540813017568013,0.8461424911018152,49.591999999999985,49.591999999999985
6900,0.016345350877192983,2.540169302648587,0.27054080845250755,1.8561897285607374,2.540169302648587,0.8440558241124081,49.940999999999974,49.94100000000009
6960,0.01632429614035088,2.5394961111008514,0.26850433976897725,1.851393604109361,2.5394961111008514,0.8411787382047958,49.90199999999999,49.90199999999993
7020,0.016304183157894735,2.5387922491005255,0.2663658434060487,1.846610446727891,2.5387922491005255,0.8381863276165408,49.891999999999996,49.891999999999996
7080,0.01628506245614035,2.5380607139517197,0.2639828959475373,1.841844701034592,2.5380607139517197,0.8347205210516563,49.75900000000007,49.759000000000015
7140,0.01626698456140351,2.5372944921211067,0.26195152749722606,1.8370933502029105,2.5372944921211067,0.8318951896066755,49.86500000000001,49.86500000000001
7200,0.01625,2.536496428742564,0.2597298687734158,1.8323549244866406,2.536496428742564,0.8288037697481796,49.851999999999975,49.851999999999975
7260,0.01623387406873348,2.535664443962553,0.25763252177524165,1.8276310806309548,2.535664443962553,0.8258799398015858,49.89300000000003,49.89300000000003
7320,0.016218318000480653,2.534808364441188,0.25500020471371404,1.8229282175199852,2.534808364441188,0.821924980570595,49.61900000000003,49.61899999999997
7380,0.01620330122566691,2.5339135444069147,0.2530025203991892,1.8182411329643655,2.5339135444069147,0.8191411895507815,49.79199999999997,49.79200000000003
7440,0.016188793174717615,2.5329914857568006,0.25055742097921446,1.8135728602198011,2.5329914857568006,0.815488201713338,49.61200000000008,49.61200000000002
7500,0.016174763278058158,2.532027403100665,0.24875004740107376,1.8089181732036215,2.532027403100665,0.8130072167423392,49.84500000000003,49.84499999999997
7560,0.016161180966113915,2.5310318149782383,0.24664615115413313,1.8042797249848126,2.5310318149782383,0.8098790702628026,49.77000000000004,49.77000000000004
7620,0.01614801566931026,2.530005191731184,0.24438139167924278,1.7996583471380243,2.530005191731184,0.8065219707202814,49.68299999999999,49.68299999999999
7680,0.01613523681807258,2.528944657466715,0.24227063557044723,1.7950557507752813,2.528944657466715,0.8033541578638085,49.66900000000004,49.668999999999926
7740,0.016122813842826246,2.5278391185883495,0.2406148110764312,1.7904643451477729,2.5278391185883495,0.8010851965619878,49.916,49.916
7800,0.016110716173996637,2.526706808209184,0.23837697926766777,1.7858902638591494,2.526706808209184,0.7976621045136055,49.714,49.71399999999994
7860,0.01609891324200913,2.525522325866685,0.23697266651047924,1.7813254017695996,2.525522325866685,0.7958530032238952,50.09500000000003,50.09500000000003
7920,0.016087374477289116,2.524309190406718,0.2350162718499379,1.776777037391106,2.524309190406718,0.7928076873236661,49.92900000000003,49.92899999999992
7980,0.016076069310261957,2.523065324118305,0.23290622874806582,1.7722462290439955,2.523065324118305,0.7895569416154066,49.81700000000001,49.81700000000001
8040,0.016064967171353042,2.521779477846426,0.231120042796286,1.767729333844941,2.521779477846426,0.7869640694376123,49.94300000000004,49.942999999999984
8100,0.016054037490987747,2.5204712377629965,0.2289082853918128,1.7632355149906715,2.5204712377629965,0.7833138133247305,49.664000000000044,49.66399999999999
8160,0.016043249699591446,2.5191031824710777,0.2275961716699064,1.7587482356329454,2.5191031824710777,0.7816773829252672,50.13499999999999,50.13500000000005
8220,0.01603257322758952,2.5177104823736594,0.2256233608216879,1.7542785142453803,2.5177104823736594,0.7785070406351112,49.90199999999999,49.90199999999999
8280,0.016021977505407355,2.5162730434999387,0.22406127742850435,1.7498224878098962,2.5162730434999387,0.7761602140046338,50.05599999999998,50.05599999999998
8340,0.01601143196347032,2.514817889798362,0.22179710114114062,1.7453872591254713,2.514817889798362,0.7724126145449592,49.710000000000036,49.70999999999998
8400,0.016000906032203797,2.5133151702469076,0.22016159652857137,1.740966453999089,2.5133151702469076,0.7699715206925284,49.91500000000002,49.91500000000002
8460,0.015990369142033167,2.5117756268879337,0.21842456186957013,1.7365598921607783,2.5117756268879337,0.7672805998957736,49.920000000000016,49.91999999999996
8520,0.0159797907233838,2.510185992637259,0.2170197536305154,1.732162867451388,2.510185992637259,0.7652835352911392,50.14700000000005,50.14699999999999
8580,0.015969140206681085,2.508570189571501,0.2151720190654466,1.7277821991619264,2.508570189571501,0.7622851598422589,49.96700000000004,49.966999999999985
8640,0.0159583870223504,2.5069205737495737,0.21342763005603196,1.7234192665719243,2.5069205737495737,0.7594252698147187,49.92099999999999,49.92099999999999
8700,0.01594750060081711,2.505240755256994,0.21151397122103552,1.719072667943172,2.505240755256994,0.7563373804498676,49.82099999999997,49.821000000000026
8760,0.01593645037250661,2.5035224151997006,0.20979460222621985,1.7147416878904351,2.5035224151997006,0.7536134988750948,49.85600000000005,49.855999999999995
8820,0.015925205767844272,2.5017613364921334,0.20812621946427967,1.7104212895962565,2.5017613364921334,0.7511511681134357,49.95299999999992,49.95300000000003
8880,0.01591373621725547,2.4999662712098614,0.2065032903623735,1.7061175625037241,2.4999662712098614,0.7484937629233434,49.91500000000002,49.91500000000002
8940,0.015902011151165588,2.498148975327416,0.2045300022454676,1.701831479562281,2.498148975327416,0.745200677166018,49.70800000000003,49.70799999999997
9000,0.01589,2.49626388506195,0.20342822964351062,1.6975522046649991,2.49626388506195,0.7437616605846379,50.16300000000001,50.16300000000001
9060,0.01587784969320977,2.4943393095456523,0.20219749583724395,1.6932846188933013,2.4943393095456523,0.7417406837261968,50.198000000000036,50.19800000000009
9120,0.015865724821558166,2.4924054136853337,0.2002900818031883,1.6890363527453278,2.4924054136853337,0.7383162719934732,49.81999999999999,49.81999999999999
9180,0.015853621307438878,2.490420347403007,0.19879874989392088,1.6847973487400634,2.490420347403007,0.7361066558014587,50.02699999999999,50.02699999999999
9240,0.015841535073245608,2.4884159060866056,0.19700436850281147,1.6805767491741403,2.4884159060866056,0.7330080990017861,49.803999999999974,49.80399999999992
9300,0.015829462041372047,2.4863543139168227,0.19580074540051998,1.6763663210181012,2.4863543139168227,0.7311800126143556,50.085999999999956,50.08600000000007
9360,0.0158173981342119,2.4842719540431126,0.19408296448708723,1.6721699712652822,2.4842719540431126,0.7282872515386573,49.89099999999996,49.89100000000002
9420,0.015805339274158847,2.4821391960152392,0.19278620226995236,1.6679842687427515,2.4821391960152392,0.7262863876077724,50.08000000000004,50.08000000000004
9480,0.0157932813836066,2.479968110658313,0.19144620023319933,1.6638097764648536,2.479968110658313,0.7241095011534529,50.113,50.113
9540,0.015781220384948853,2.4777597554211113,0.19007972176935958,1.6596464209269504,2.4777597554211113,0.7218838607415757,50.134000000000015,50.13399999999996
9600,0.015769152200579287,2.4755435303838884,0.18831512793044108,1.6555031579051558,2.4755435303838884,0.7186230189330939,49.803999999999974,49.80399999999992
9660,0.01575707275289161,2.4732586878608247,0.18726615752289053,1.6513663492527726,2.4732586878608247,0.7171382108087662,50.20800000000003,50.20799999999997
9720,0.01574497796427952,2.470968237838313,0.18545858787218708,1.6472448704901903,2.470968237838313,0.7139869433026493,49.865000000000066,49.865000000000066
9780,0.015732863757136714,2.468652018654302,0.1838524361238151,1.6431418393958783,2.468652018654302,0.7111215598378405,49.769000000000005,49.769000000000005
9840,0.015720726053856875,2.4662793867771557,0.18265750973596345,1.6390475501900015,2.4662793867771557,0.7092866725785089,50.02699999999999,50.02699999999999
9900,0.015708560776833712,2.463880975505268,0.18114530663693146,1.6349647354257222,2.463880975505268,0.7067788752168089,49.935,49.935
9960,0.015696363848460914,2.4614280257628933,0.18010692077207785,1.6308916865093392,2.4614280257628933,0.7051329808784828,50.16500000000008,50.16500000000002
10020,0.015684131191132177,2.4589422194792645,0.1788023083461152,1.6268271858779357,2.4589422194792645,0.7030188532384755,50.153999999999996,50.15399999999994
10080,0.0156718587272412,2.456445722673047,0.17731563490806956,1.6227810268083502,2.456445722673047,0.7001913445074976,49.908999999999935,49.90899999999999
10140,0.015659542379181678,2.453886371001061,0.17629102949636843,1.618740958029376,2.453886371001061,0.698664121633703,50.226000000000056,50.226000000000056
10200,0.01564717806934731,2.4513255378027115,0.1746976475952187,1.614717194951662,2.4513255378027115,0.6957015472617195,49.89499999999998,49.89500000000004
10260,0.015634761720131788,2.4487214950933334,0.17332962748324574,1.610702915050435,2.4487214950933334,0.6935240412029487,50.00800000000004,50.00799999999998
10320,0.015622289253928804,2.446097933717356,0.17193653437660839,1.6067050873988893,2.446097933717356,0.6909449987865743,49.877999999999986,49.87799999999993
10380,0.015609756593132063,2.443408821040708,0.17090036655159307,1.602710906179066,2.443408821040708,0.6895248091279124,50.21800000000002,50.21800000000002
10440,0.015597159660135253,2.4407263369197025,0.1692930952356273,1.5987341950197844,2.4407263369197025,0.6864921130827359,49.831999999999994,49.83200000000005
10500,0.015584494377332076,2.4380188045921503,0.16777238607314815,1.5947715176040353,2.4380188045921503,0.6838287280759289,49.771999999999935,49.771999999999935
10560,0.015571756667116224,2.435260478173214,0.16670027570433818,1.5908198981583799,2.435260478173214,0.6820136206534445,49.968000000000075,49.96799999999996
10620,0.015558942451881394,2.4324422850736576,0.16579451348649593,1.5868721305391817,2.4324422850736576,0.6807111596709756,50.245999999999924,50.24600000000004
10680,0.015546047654021284,2.4295981826913025,0.1648081077849518,1.5829361327491769,2.4295981826913025,0.6788296626683276,50.19600000000008,50.19599999999997
10740,0.015533068195929586,2.4267309389784035,0.16363086390496126,1.5790104656172106,2.4267309389784035,0.6766677635351143,50.124000000000024,50.124000000000024
10800,0.01552,2.4238256349831966,0.16247903456612017,1.5750922652816954,2.4238256349831966,0.6747691871189162,50.19499999999999,50.19499999999999
10860,0.01550677385541491,2.420889804635257,0.1613361956114742,1.571183894522627,2.420889804635257,0.6727939764816638,50.19700000000006,50.197
10920,0.0154933346745429,2.417944526441336,0.15998224309222128,1.5672891787377106,2.417944526441336,0.6702626812778671,50.00900000000007,50.00900000000007
10980,0.015479699564556963,2.4149809040526993,0.15869266361987078,1.5634093102092401,2.4149809040526993,0.6677817861583762,49.90799999999996,49.908000000000015
11040,0.015465885632630096,2.4119627536800716,0.1577640238157703,1.5595374233316899,2.4119627536800716,0.666197639791601,50.13599999999997,50.136000000000024
11100,0.015451909985935304,2.408921543007317,0.1565827642210979,1.5556742274377142,2.408921543007317,0.6641131709547324,50.081000000000074,50.081000000000074
11160,0.01543778973164557,2.405867780232753,0.15537289792536982,1.5518254603092079,2.405867780232753,0.6617196506931836,49.93700000000001,49.93700000000001
11220,0.015423541976933899,2.4028016014201103,0.15392649906699168,1.5479879845788476,2.4028016014201103,0.6591050851197039,49.79699999999997,49.797000000000025
11280,0.015409183828973275,2.3996698283471343,0.15312961633394412,1.5441584239915012,2.3996698283471343,0.6577944757543271,50.12299999999999,50.12299999999999
11340,0.015394732394936711,2.396538069516979,0.15191517837074806,1.5403420731491997,2.396538069516979,0.6553430063603579,49.88100000000003,49.88100000000003
11400,0.015380204781997187,2.3933390144400657,0.151146810158881,1.5365299584738585,2.3933390144400657,0.6541524527015984,50.218000000000075,50.21800000000002
11460,0.015365618097327708,2.3901534804731948,0.14983800486550053,1.5327317016498285,2.3901534804731948,0.6514981345013477,49.870000000000005,49.86999999999995
11520,0.015350989448101265,2.3869480028891092,0.1486289694424907,1.5289459604301923,2.3869480028891092,0.6491594637604773,49.811000000000035,49.81100000000009
11580,0.015336335941490859,2.383673082460124,0.14775654821974232,1.525162324354416,2.383673082460124,0.6479621056549988,50.16599999999994,50.166000000000054
11640,0.01532167468466948,2.3804125125352598,0.146452073191735,1.521393100640397,2.3804125125352598,0.6453499903136185,49.827,49.827
11700,0.015307022784810127,2.3771243253744836,0.14528927041404807,1.5176343563959627,2.3771243253744836,0.6432213636217751,49.84000000000003,49.84000000000003
11760,0.015292397349085796,2.373784475075056,0.1444688280701912,1.513883167061384,2.373784475075056,0.6417876959764359,50.05000000000001,50.05000000000001
11820,0.01527781548466948,2.3704017216682867,0.14374047013337943,1.5101385066698756,2.3704017216682867,0.6404475415944051,50.18700000000007,50.18700000000001
11880,0.01526329429873418,2.367035860080581,0.14252690566428017,1.506407216807503,2.367035860080581,0.6378762977562474,49.847999999999956,49.84800000000001
11940,0.015248850898452885,2.363638032575064,0.1415452254583921,1.5026861937230307,2.363638032575064,0.635949113396013,49.90499999999997,49.90499999999997
12000,0.015234502390998595,2.3601858621606,0.1406968326385602,1.498968539384675,2.3601858621606,0.6346263068444915,50.13900000000007,50.13899999999995
12060,0.015220265883544304,2.3566966394630535,0.14000201330227954,1.4952586541549706,2.3566966394630535,0.6332882509080905,50.23599999999999,50.23600000000005
12120,0.01520615848326301,2.353213655815094,0.1388730809800875,1.4915588387432883,2.353213655815094,0.6310253654159698,50.0,50.0
12180,0.015192197297327709,2.349730135337477,0.13769111243502843,1.487872211469149,2.349730135337477,0.6286019493515915,49.822,49.821999999999946
12240,0.015178399432911393,2.3462320992274686,0.13662224753388305,1.484198709557697,2.3462320992274686,0.626369043376537,49.75699999999995,49.75699999999995
12300,0.01516478199718706,2.3426974530100058,0.13575334107965012,1.4805346892667333,2.3426974530100058,0.6246349335693616,49.865000000000066,49.86500000000001
12360,0.015151362097327708,2.3391470174893967,0.1347338832048,1.4768798091898705,2.3391470174893967,0.6226361476649265,49.81600000000003,49.81600000000003
12420,0.01513815684050633,2.335538506373256,0.1339468981606696,1.4732282759699074,2.335538506373256,0.6214357250739673,50.089,50.089
12480,0.015125183333895922,2.331945450445397,0.1329223800063554,1.4695910092379978,2.331945450445397,0.6191429623170321,49.81099999999998,49.81100000000009
12540,0.01511245868466948,2.328305671323721,0.13206059433747425,1.4659589185809152,2.328305671323721,0.6176678169041566,50.00299999999993,50.00300000000004
12600,0.0151,2.324632392796726,0.1314222376697937,1.4623361771232473,2.324632392796726,0.6162950117449144,50.09700000000004,50.09699999999998
12660,0.015087749655026456,2.3209463067877674,0.13059598344318438,1.4587218547686338,2.3209463067877674,0.6145496651326079,50.041,50.041000000000054
12720,0.015075635081481483,2.317266328989941,0.129505600641306,1.455118158330594,2.317266328989941,0.6122959203169147,49.85000000000002,49.849999999999966
12780,0.015063650971428571,2.313525384545471,0.12881683321672982,1.451519293786528,2.313525384545471,0.6111609267418204,50.152000000000044,50.15199999999999
12840,0.015051792016931215,2.309771164183618,0.12802046471716777,1.4479291163352535,2.309771164183618,0.6095277676959876,50.10800000000006,50.108000000000004
12900,0.015040052910052911,2.30599644653645,0.12737016372301097,1.4443495795006123,2.30599644653645,0.607967466818099,50.11899999999997,50.11900000000003
12960,0.015028428342857145,2.3022454067347136,0.12627582596465306,1.4407821790868593,2.3022454067347136,0.6055050922699312,49.81600000000003,49.81600000000003
13020,0.015016913007407408,2.2984770153509095,0.12538074504894683,1.4372266476358015,2.2984770153509095,0.6035164570395601,49.81200000000007,49.81200000000001
13080,0.015005501595767195,2.2946343701100678,0.1248556983646934,1.4336738937337643,2.2946343701100678,0.602688832758091,50.214,50.21399999999994
13140,0.0149941888,2.2908117185895245,0.12394327619677124,1.4301324858503328,2.2908117185895245,0.6006031465481748,49.94900000000007,49.94900000000007
13200,0.014982969312169313,2.2869790200734506,0.12298831238697071,1.4266002846332482,2.2869790200734506,0.5986476711350844,49.89999999999998,49.89999999999998
13260,0.014971837824338623,2.283116308934856,0.1223379577933879,1.4230785959910888,2.283116308934856,0.5971345695480305,49.99400000000014,49.99400000000003
13320,0.01496078902857143,2.279224743676444,0.12158080913398304,1.419562215646756,2.279224743676444,0.5956812020588459,50.08100000000002,50.081000000000074
13380,0.014949817616931219,2.27529580083575,0.1210110645181742,1.4160524324611865,2.27529580083575,0.5945089063519143,50.22800000000001,50.228000000000065
13440,0.014938918281481483,2.271399472782372,0.12008974606899932,1.412556120315427,2.271399472782372,0.5922111515371967,49.89300000000003,49.89300000000003
13500,0.014928085714285715,2.267441502408554,0.11953612634620346,1.4090644047858596,2.267441502408554,0.5911704209459633,50.21199999999999,50.21199999999999
13560,0.014917314607407407,2.2635338287321543,0.11855669884400859,1.40558863831209,2.2635338287321543,0.5885958213278868,49.762,49.762
13620,0.014906599652910055,2.259572868159158,0.11778920142904029,1.4021170430041408,2.259572868159158,0.5872434553088299,50.02799999999996,50.02800000000002
13680,0.014895935542857144,2.2555917406331827,0.11712670343456352,1.3986543275904753,2.2555917406331827,0.5857808582058236,50.06699999999995,50.06699999999995
13740,0.01488531696931217,2.251635246869921,0.11619140401013787,1.3952041167655465,2.251635246869921,0.5835325711767141,49.803000000000054,49.803
13800,0.014874738624338624,2.247662610329549,0.11539048601665834,1.3917642278231355,2.247662610329549,0.581706903419386,49.82000000000005,49.81999999999999
13860,0.0148641952,2.243655927137475,0.11466465105976216,1.3883305770157732,2.243655927137475,0.5802793361007785,49.960000000000036,49.95999999999998
13920,0.014853681388359788,2.239595347915228,0.11416758475270958,1.3849008668357357,2.239595347915228,0.5794002148591332,50.233000000000004,50.233000000000004
13980,0.014843191881481482,2.235549389110376,0.11345191074554963,1.3814813735480327,2.235549389110376,0.5776354642181134,50.048,50.048
14040,0.01483272137142857,2.231465369375046,0.11291037638299198,1.3780677267285422,2.231465369375046,0.5764683350709077,50.216999999999985,50.216999999999985
14100,0.01482226455026455,2.2273786497782657,0.11228410363668309,1.3746628369664968,2.2273786497782657,0.5749160605045144,50.15199999999993,50.15199999999999
14160,0.014811816110052911,2.2233050793670466,0.11155949948071929,1.371269455078949,2.2233050793670466,0.5729877555355748,49.983999999999924,49.98399999999998
14220,0.014801370742857143,2.2191958083068606,0.11100436550804742,1.3678827587104978,2.2191958083068606,0.5716954522437868,50.141999999999996,50.14199999999994
14280,0.01479092314074074,2.2151327661099787,0.11006524491716711,1.364509617840551,2.2151327661099787,0.5692453987870946,49.759000000000015,49.759000000000015
14340,0.014780467995767198,2.2110516325684704,0.109304149116007,1.3611463857067312,2.2110516325684704,0.5674446491774455,49.805000000000064,49.80500000000001
14400,0.01477,2.206904812163244,0.10881947354566662,1.3577862018760332,2.206904812163244,0.5666015866148482,50.16500000000002,50.16500000000008
14460,0.014759512468803035,2.2027724804197697,0.10817056660776984,1.3544363134376787,2.2027724804197697,0.5648937836275526,49.99893442622948,49.99893442622948
14520,0.014749006009783369,2.1986295796653454,0.1075402805890806,1.3510949118206228,2.1986295796653454,0.5633233763411937,49.99893442622948,49.99893442622948
14580,0.014738486253369272,2.194476351477954,0.10691729986136041,1.3477618741184254,2.194476351477954,0.5617727723144357,49.998934426229425,49.99893442622948
14640,0.014727958829989018,2.190313038004615,0.10630082824755979,1.3444371398305826,2.190313038004615,0.5602322743325625,49.99893442622948,49.99893442622948
14700,0.01471742937007088,2.1861398820147513,0.10569088207969365,1.341120662803183,2.1861398820147513,0.5586998048021747,49.99893442622948,49.99893442622948
14760,0.014706903504043127,2.1819571269514384,0.10508751702737082,1.3378124024883153,2.1819571269514384,0.5571746688407098,49.99893442622954,49.99893442622948
14820,0.014696386862334033,2.1777650169804312,0.10449075706389721,1.334512321649845,2.1777650169804312,0.5556565327379877,49.99893442622948,49.99893442622954
14880,0.014685885075371866,2.1735637970370276,0.10390059735443666,1.3312203856070413,2.1735637970370276,0.5541451807217237,49.99893442622948,49.998934426229425
14940,0.014675403773584908,2.1693537128706986,0.10331701292033603,1.3279365619383636,2.1693537128706986,0.5526404423625935,49.99893442622948,49.99893442622954
15000,0.014664948587401416,2.165135011087507,0.1027399651124206,1.3246608203477774,2.165135011087507,0.5511421671447309,49.99893442622948,49.99893442622948
15060,0.014654525147249676,2.1609079391903134,0.10216940607506306,1.3213931325946875,2.1609079391903134,0.5496502144111644,49.99893442622948,49.99893442622948
15120,0.014644139083557951,2.156672745616749,0.1016052816604475,1.318133472451396,2.156672745616749,0.5481644489094837,49.99893442622948,49.99893442622948
15180,0.014633796026754518,2.1524296797749676,0.1010475333974462,1.3148818156766333,2.1524296797749676,0.5466847386713868,49.99893442622954,49.998934426229425
15240,0.014623501607267646,2.1481789920771783,0.10049609983144388,1.311638139994498,2.1481789920771783,0.5452109538994343,49.99893442622948,49.99893442622948
15300,0.014613261455525607,2.143920933970956,0.09995091747123042,1.3084024250777821,2.143920933970956,0.5437429663543979,49.998934426229425,49.99893442622948
15360,0.014603081201956674,2.1396557579683093,0.09941192146538706,1.3051746525335624,2.1396557579683093,0.5422806490005004,49.99893442622954,49.99893442622954
15420,0.014592966476989119,2.135383717672532,0.098879046091551,1.301954805890122,2.135383717672532,0.5408238757945911,49.99893442622948,49.998934426229425
15480,0.014582922911051215,2.1311050678027916,0.09835222511520064,1.298742870584647,2.1311050678027916,0.539372521560125,49.99893442622948,49.99893442622954
15540,0.014572956134571229,2.1268200642164783,0.09783139219609267,1.2955388339511138,2.1268200642164783,0.5379264619176264,49.99893442622954,49.99893442622948
15600,0.014563071777977438,2.122528963929318,0.09731648059706283,1.2923426852092617,2.122528963929318,0.5364855732337863,49.99893442622948,49.99893442622948
15660,0.014553275471698114,2.118232025133209,0.09680742377340706,1.2891544154528825,2.118232025133209,0.535049732618545,49.99893442622948,49.998934426229425
15720,0.014543572846161526,2.1139295072118265,0.09630415573442307,1.285974017636383,2.1139295072118265,0.5336188179204557,49.99893442622948,49.99893442622948
15780,0.014533969531795947,2.1096216707539743,0.09580661054584731,1.2828014865647388,2.1096216707539743,0.5321927077332903,49.99893442622948,49.998934426229425
15840,0.01452447115902965,2.1053087775647144,0.09531472414938508,1.279636818880887,2.1053087775647144,0.5307712814132092,49.99893442622948,49.99893442622954
15900,0.014515083358290905,2.100991090674252,0.09482842931219135,1.2764800130526608,2.100991090674252,0.5293544191069578,49.99893442622948,49.99893442622948
15960,0.014505811760007986,2.096668874344654,0.09434766157527176,1.273331069360679,2.096668874344654,0.5279420017695713,49.998934426229425,49.99893442622948
16020,0.014496661994609165,2.092342394074322,0.09387235695053785,1.2701899898849784,2.092342394074322,0.5265339111957511,49.99893442622948,49.99893442622948
16080,0.014487639692522713,2.0880119166003426,0.09340245189577069,1.2670567784915276,2.0880119166003426,0.5251300300482583,49.998934426229425,49.99893442622948
16140,0.0144787504841769,2.083677709898661,0.09293788337250908,1.2639314408183489,2.083677709898661,0.5237302418876068,49.99893442622948,49.99893442622948
16200,0.01447,2.079340043182125,0.09247858888351786,1.2608139842612351,2.079340043182125,0.522334431201905,49.99893442622948,49.99893442622948
16260,0.014461406897833684,2.0749991947133535,0.09202449482668972,1.2577044210262365,2.0749991947133535,0.5209424273322547,49.99893442622948,49.99893442622948
16320,0.014452978855625435,2.070655445235916,0.09157553336618278,1.2546027656618735,2.070655445235916,0.5195540848525251,49.99893442622948,49.99893442622948
16380,0.014444705033962266,2.06630906682902,0.09113165462249381,1.2515090306670693,2.06630906682902,0.5181693433286413,49.998934426229425,49.99893442622954
16440,0.014436574593431168,2.0619603228557684,0.09069281655518012,1.2484232262806019,2.0619603228557684,0.516788177599984,49.99893442622948,49.99893442622954
16500,0.014428576694619147,2.0576094679183834,0.0902589816748104,1.2453453603503337,2.0576094679183834,0.5154105853398858,49.99893442622948,49.99893442622948
16560,0.014420700498113207,2.0532567478201984,0.08983011559935776,1.2422754382416246,2.0532567478201984,0.5140365809969665,49.99893442622948,49.99893442622948
16620,0.01441293516450035,2.0489023995341067,0.08940618618840282,1.239213462769545,2.0489023995341067,0.5126661921221669,49.998934426229425,49.99893442622948
16680,0.014405269854367575,2.0445466511772095,0.08898716295644431,1.2361594341472966,2.0445466511772095,0.5112994568742592,49.99893442622948,49.99893442622948
16740,0.014397693728301887,2.0401897219914003,0.08857301664256868,1.2331133499464733,2.0401897219914003,0.5099364222026719,49.99893442622948,49.99893442622948
16800,0.014390195946890285,2.0358318223295693,0.08816371888310948,1.2300752050663928,2.0358318223295693,0.5085771424590518,49.99893442622948,49.99893442622948
16860,0.014382765670719775,2.0314731536471937,0.08775924195127295,1.2270449917105994,2.0314731536471937,0.507221678299315,49.998934426229425,49.99893442622948
16920,0.014375392060377357,2.0271139084989853,0.0873595585495523,1.2240226993691852,2.0271139084989853,0.5058700957925764,49.99893442622948,49.99893442622948
16980,0.014368064276450035,2.022754270540333,0.08696464163799772,1.2210083148059128,2.022754270540333,0.5045224656832447,49.99893442622948,49.99893442622948
17040,0.014360771479524808,2.0183944145332497,0.08657446429484482,1.2180018220493525,2.0183944145332497,0.503178862770031,49.99893442622954,49.99893442622954
17100,0.014353502830188677,2.014034506356542,0.08618899960215182,1.2150032023877073,2.014034506356542,0.5018393653793988,49.998934426229425,49.99893442622948
17160,0.01434624748902865,2.0096747030198974,0.08580822054082862,1.212012434365341,2.0096747030198974,0.5005040549005718,49.99893442622948,49.99893442622948
17220,0.014338994616631724,2.0053151526816153,0.08543209991758251,1.2090294937835604,2.0053151526816153,0.4991730153982538,49.99893442622948,49.99893442622948
17280,0.014331733373584907,2.0009559946697255,0.08506061029627404,1.2060543537023045,2.0009559946697255,0.49784633326197486,49.99893442622948,49.99893442622954
17340,0.014324452920475192,1.9965973595061672,0.08469372394159308,1.2030869844439418,1.9965973595061672,0.49652409689995475,49.99893442622948,49.99893442622948
17400,0.014317142417889587,1.9922393689337832,0.08433141277496116,1.2001273535986186,1.9922393689337832,0.4952063964677938,49.99893442622954,49.99893442622948
17460,0.014309791026415093,1.9878821359458392,0.08397364833713544,1.1971754260309144,1.9878821359458392,0.4938933236271857,49.998934426229425,49.99893442622954
17520,0.014302387906638715,1.983525764817826,0.08362040175974453,1.1942311638876062,1.983525764817826,0.4925849713303424,49.99893442622954,49.99893442622948
17580,0.014294922219147448,1.9791703511412286,0.08327164374246279,1.1912945266063546,1.9791703511412286,0.4912814336269075,49.99893442622948,49.99893442622954
17640,0.014287383124528302,1.9748159818590538,0.08292734453846128,1.188365470925149,1.9748159818590538,0.4899828054904771,49.99893442622948,49.99893442622948
17700,0.014279759783368273,1.9704627353028163,0.08258747394194284,1.1854439508923527,1.9704627353028163,0.4886891826626644,49.99893442622948,49.99893442622948
17760,0.014272041356254367,1.96611068123075,0.08225200128230359,1.182529917877219,1.96611068123075,0.4874006615124224,49.99893442622948,49.99893442622954
17820,0.014264217003773585,1.9617598808670056,0.08192089584855085,1.1796233205805295,1.9617598808670056,0.4861173389109431,49.99893442622948,49.99893442622954
17880,0.014256275886512926,1.957410386941553,0.08159412448577906,1.1767241050462054,1.957410386941553,0.48483931211369136,49.998934426229425,49.99893442622948
17940,0.014248207165059397,1.9530622437305927,0.08127165694061068,1.1738322146721065,1.9530622437305927,0.48356667865600605,49.99893442622948,49.99893442622954
18000,0.01424,1.9487154870972148,0.0809534601580599,1.1709475902211723,1.9487154870972148,0.4822995362669013,49.99893442622948,49.99893442622948
18060,0.0142316496,1.944370148219759,0.08063949735800713,1.168070171178072,1.944370148219759,0.4810379579844683,49.99893442622948,49.998934426229425
18120,0.0142231648,1.9400262619404014,0.08032971882771585,1.1651998988452128,1.9400262619404014,0.47978195092165016,49.99893442622954,49.99893442622948
18180,0.0142145552,1.9356838672643775,0.08002407146989125,1.1623367166882645,1.9356838672643775,0.47853148959021097,49.99893442622948,49.99893442622948
18240,0.0142058304,1.9313430073907445,0.07972249867450067,1.1594805704563522,1.9313430073907445,0.4772865275120821,49.99893442622948,49.99893442622948
18300,0.014197000000000001,1.9270037297415665,0.0794249417516058,1.1566314082684883,1.9270037297415665,0.4760470026825733,49.99893442622948,49.99893442622948
18360,0.014188073599999998,1.9226660859895455,0.07913134069072154,1.1537891806779306,1.9226660859895455,0.47481284092412196,49.99893442622948,49.99893442622948
18420,0.0141790608,1.9183301320840205,0.07884163462434594,1.1509538407222928,1.9183301320840205,0.47358395819964644,49.99893442622948,49.99893442622948
18480,0.0141699712,1.913995928275358,0.07855576215370993,1.148125343963111,1.913995928275358,0.4723602623173898,49.99893442622948,49.99893442622948
18540,0.014160814400000001,1.9096635391376522,0.07827366159835066,1.14530364851736,1.9096635391376522,0.4711416542444604,49.99893442622948,49.99893442622954
18600,0.014151599999999999,1.90533303358974,0.07799527119554454,1.1424887150826257,1.90533303358974,0.4699280291519632,49.99893442622948,49.99893442622948
18660,0.014142337599999997,1.9010044849144756,0.0777205292620919,1.1396805069571454,1.9010044849144756,0.46871927726716817,49.99893442622948,49.99893442622948
18720,0.014133036799999998,1.896677970776233,0.07744937432969401,1.1368789900556102,1.896677970776233,0.4675152845815733,49.99893442622948,49.99893442622948
18780,0.0141237072,1.8923535732365984,0.07718174525762979,1.134084132921405,1.8923535732365984,0.46631593344863476,49.99893442622948,49.99893442622948
18840,0.014114358399999999,1.8880313787682141,0.07691758132752627,1.131295906735813,1.8880313787682141,0.4651211030947125,49.99893442622954,49.99893442622948
18900,0.014104999999999998,1.8837114782667221,0.07665682232341826,1.1285142853245842,1.8837114782667221,0.4639306700608345,49.99893442622948,49.99893442622954
18960,0.0140956416,1.8793939670607782,0.07639940860111964,1.1257392451622048,1.8793939670607782,0.46274450858806115,49.99893442622948,49.99893442622948
19020,0.0140862928,1.8750789449200758,0.07614528114465523,1.1229707653741199,1.8750789449200758,0.46156249095668533,49.99893442622948,49.99893442622948
19080,0.014076963199999997,1.8707665160613423,0.07589438161782129,1.120208827737124,1.8707665160613423,0.4603844877866956,49.99893442622948,49.99893442622948
19140,0.014067662399999998,1.866456789152257,0.0756466522290735,1.117453416677921,1.866456789152257,0.4592103683081623,49.99893442622948,49.99893442622948
19200,0.0140584,1.8621498773132343,0.07540203672176872,1.114704519270811,1.8621498773132343,0.4580400005947078,49.99893442622948,49.99893442622948
19260,0.0140491856,1.8578458981170278,0.0751604787675984,1.111962125232856,1.8578458981170278,0.4568732517910478,49.99893442622948,49.99893442622948
19320,0.014040028799999998,1.8535449735860967,0.07492192249717397,1.1092262269195474,1.8535449735860967,0.45570998829806,49.99893442622948,49.99893442622954
19380,0.0140309392,1.8492472301876817,0.074686313821506,1.1064968193155675,1.8492472301876817,0.4545500759727526,49.99893442622948,49.99893442622948
19440,0.014021926399999999,1.8449527988265253,0.0744535992863624,1.1037739000296407,1.8449527988265253,0.4533933802642417,49.99893442622948,49.99893442622948
19500,0.014013,1.8406618148351952,0.07422372619256831,1.1010574692838924,1.8406618148351952,0.45223976638742014,49.998934426229425,49.99893442622948
19560,0.0140041696,1.836374417961932,0.07399664270444459,1.0983475299039944,1.836374417961932,0.4510890994553496,49.998934426229425,49.99893442622948
19620,0.013995444800000001,1.832090752355973,0.07377229787192208,1.09564408730791,1.832090752355973,0.4499412446087731,49.99893442622954,49.99893442622948
19680,0.0139868352,1.8278109665502889,0.07355064164069677,1.0929471494935878,1.8278109665502889,0.448796067136673,49.99893442622948,49.99893442622948
19740,0.013978350399999999,1.8235352134416618,0.07333162485785433,1.090256727025622,1.8235352134416618,0.4476534325888304,49.99893442622948,49.99893442622954
19800,0.01397,1.8192636502680526,0.07311519927344415,1.0875728330208907,1.8192636502680526,0.44651320688120333,49.99893442622948,49.99893442622954
19860,0.013961730080939474,1.814996399841362,0.07290135052088356,1.0848954696587376,1.814996399841362,0.44537550595117625,49.99893442622954,49.998934426229425
19920,0.013953481753206867,1.8107335476495312,0.0726900798804463,1.0822246265159554,1.8107335476495312,0.4442405680249275,49.99893442622954,49.99893442622954
19980,0.013945257160975609,1.8064751792053644,0.0724813655619591,1.0795602930508335,1.8064751792053644,0.4431084669152558,49.99893442622948,49.99893442622948
20040,0.01393705844841915,1.8022213800561864,0.07227517925089234,1.0769024588915377,1.8022213800561864,0.44197923254912946,49.998934426229425,49.99893442622948
20100,0.01392888775971093,1.797972235793072,0.07207149011753505,1.074251113976319,1.797972235793072,0.4408528732969439,49.99893442622948,49.99893442622954
20160,0.01392074723902439,1.793727832059652,0.07187026617698258,1.07160624863589,1.793727832059652,0.4397293846966763,49.99893442622948,49.99893442622948
20220,0.013912639030532973,1.789488254560474,0.0716714748833175,1.0689678536468068,1.789488254560474,0.43860875385610687,49.998934426229425,49.99893442622948
20280,0.013904565278410117,1.785253589068942,0.07147508342872329,1.0663359202669793,1.785253589068942,0.43749096200042753,49.99893442622948,49.99893442622948
20340,0.01389652812682927,1.7810239214347858,0.07128105896880309,1.0637104402629827,1.7810239214347858,0.4363759860751559,49.99893442622948,49.99893442622948
20400,0.013888529719963866,1.7767993375910849,0.07108936870349056,1.0610914059272591,1.7767993375910849,0.4352637998494555,49.998934426229425,49.99893442622948
20460,0.013880572201987355,1.7725799235608206,0.07089997988408255,1.0584788100917204,1.7725799235608206,0.4341543746750577,49.998934426229425,49.99893442622948
20520,0.013872657717073173,1.7683657654629656,0.07071286025057862,1.0558726461381018,1.7683657654629656,0.43304768003758215,49.99893442622948,49.99893442622948
20580,0.01386478840939476,1.7641569495180818,0.07052797753855135,1.053272908004252,1.7641569495180818,0.43194368398768307,49.99893442622948,49.998934426229425
20640,0.013856966423125564,1.7599535620534315,0.07034529986958081,1.0506795901891428,1.7599535620534315,0.43084235345993,49.99893442622948,49.99893442622954
20700,0.013849193902439024,1.7557556895075852,0.07016479568816081,1.0480926877559524,1.7557556895075852,0.42974365452745455,49.99893442622954,49.99893442622948
20760,0.013841472991508582,1.7515634184345348,0.06998643377905452,1.045512196333787,1.7515634184345348,0.42864755260520604,49.998934426229425,49.99893442622948
20820,0.01383380583450768,1.7473768355072852,0.06981018329036653,1.0429381121184225,1.7473768355072852,0.4275540126160167,49.99893442622948,49.99893442622948
20880,0.013826194575609754,1.7431960275209384,0.06963601374797525,1.0403704318716065,1.7431960275209384,0.42646299912049074,49.99893442622948,49.99893442622948
20940,0.013818641358988257,1.7390210813952434,0.06946389506795651,1.0378091529203857,1.7390210813952434,0.4253744764345287,49.99893442622948,49.99893442622948
21000,0.01381114832881662,1.734852084176624,0.06929379756438615,1.03525427315525,1.734852084176624,0.4242884087212213,49.99893442622948,49.99893442622948
21060,0.013803717629268292,1.7306891230396875,0.06912569195503368,1.0327057910278536,1.7306891230396875,0.4232047600701467,49.99893442622948,49.998934426229425
21120,0.013796351404516712,1.7265322852881946,0.06895954936438577,1.0301637055482595,1.7265322852881946,0.42212349456503206,49.99893442622948,49.99893442622948
21180,0.013789051798735321,1.722381658355505,0.06879534132727128,1.0276280162817617,1.722381658355505,0.4210445763417942,49.998934426229425,49.99893442622948
21240,0.013781820956097562,1.7182373298044917,0.06863303978907354,1.0250987233453408,1.7182373298044917,0.4199679696386133,49.99893442622948,49.99893442622948
21300,0.013774661020776876,1.7140993873269417,0.06847261710674962,1.0225758274037913,1.7140993873269417,0.41889363883957176,49.99893442622948,49.99893442622948
21360,0.013767574136946703,1.7099679187424255,0.06831404604849946,1.0200593296655571,1.7099679187424255,0.41782154851263387,49.99893442622948,49.99893442622948
21420,0.013760562448780489,1.7058430119966586,0.06815729979218743,1.017549231878305,1.7058430119966586,0.4167516634430615,49.99893442622948,49.99893442622948
21480,0.013753628100451672,1.7017247551593508,0.06800235221339272,1.0150455363241966,1.7017247551593508,0.4156839486666024,49.99893442622948,49.99893442622948
21540,0.013746773236133695,1.6976132364215821,0.06784917667957045,1.0125482458149866,1.6976132364215821,0.41461836948503406,49.99893442622954,49.99893442622948
21600,0.01374,1.693508544092646,0.06769774786640412,1.0100573636873251,1.693508544092646,0.41355489149679636,49.998934426229425,49.99893442622948
21660,0.013733321485387825,1.6894107731130905,0.06754803670884557,1.0075728959992534,1.6894107731130905,0.4124934395091434,49.99893442622948,49.99893442622954
21720,0.013726745383432213,1.685320021789489,0.06740001437256421,1.0050948505384607,1.685320021789489,0.4114339421203534,49.99893442622948,49.99893442622948
21780,0.013720265735003297,1.6812363836590416,0.06725365787309118,1.002623234090395,1.6812363836590416,0.410376376829462,49.99893442622948,49.99893442622948
21840,0.013713876580971215,1.6771599475207244,0.06710894650700441,1.0001580523206075,1.6771599475207244,0.4093207398257531,49.99893442622948,49.998934426229425
21900,0.01370757196220611,1.6730907974676674,0.06696586082157263,0.9976993097044975,1.6730907974676674,0.4082670389413859,49.99893442622948,49.99893442622948
21960,0.013701345919578115,1.66902901292066,0.0668243822295418,0.995247009479338,1.66902901292066,0.40721529035414467,49.99893442622948,49.99893442622948
22020,0.013695192493957372,1.6649746686627387,0.06668449281984158,0.9928011536094336,1.6649746686627387,0.4061655166456949,49.998934426229425,49.99893442622948
22080,0.01368910572621402,1.660927834874732,0.06654617524109689,0.9903617427600228,1.660927834874732,0.4051177455110122,49.99893442622954,49.99893442622948
22140,0.013683079657218197,1.6568885771717663,0.06640941261996736,0.9879287762774724,1.6568885771717663,0.4040720088335306,49.998934426229425,49.99893442622948
22200,0.013677108327840035,1.6528569566405868,0.066274188496584,0.9855022521742074,1.6528569566405868,0.4030283419874395,49.99893442622954,49.99893442622948
22260,0.01367118577894968,1.6488330298776732,0.0661404867748599,0.9830821671173713,1.6488330298776732,0.4019867832913484,49.99893442622948,49.99893442622948
22320,0.013665306051417274,1.6448168490280244,0.06600829167946524,0.9806685164205716,1.6448168490280244,0.4009473735694499,49.99893442622954,49.99893442622948
22380,0.013659463186112943,1.6408084618246686,0.06587758772139819,0.9782612940377282,1.6408084618246686,0.39991015578523353,49.998934426229425,49.99893442622948
22440,0.013653651223906837,1.6368079116286398,0.06574835966794593,0.975860492559544,1.6368079116286398,0.39887517474219863,49.99893442622948,49.99893442622948
22500,0.013647864205669085,1.6328152374695257,0.06562059251864936,0.9734661032113456,1.6328152374695257,0.39784247682410906,49.99893442622948,49.99893442622948
22560,0.013642096172269831,1.6288304740864303,0.06549427148241901,0.9710781158525156,1.6288304740864303,0.39681210977304887,49.99893442622948,49.99893442622954
22620,0.013636341164579213,1.6248536519693138,0.06536938195961807,0.9686965189772174,1.6248536519693138,0.39578412249651207,49.99893442622954,49.998934426229425
22680,0.01363059322346737,1.6208847974006342,0.0652459095250825,0.9663212997158925,1.6208847974006342,0.39475856490248107,49.99893442622954,49.998934426229425
22740,0.01362484638980444,1.6169239324972577,0.06512383992001743,0.9639524438390943,1.6169239324972577,0.39373548773607636,49.99893442622948,49.99893442622948
22800,0.01361909470446056,1.612971075252513,0.06500315903624908,0.961589935760151,1.612971075252513,0.3927149424646437,49.99893442622954,49.99893442622948
22860,0.013613332208305866,1.6090262395783985,0.06488385290418787,0.9592337585399018,1.6090262395783985,0.3916969811519182,49.99893442622948,49.99893442622954
22920,0.013607552942210504,1.6050894353478424,0.0647659076871988,0.9568838938917573,1.6050894353478424,0.3906816563524483,49.99893442622948,49.99893442622954
22980,0.013601750947044605,1.601160668436965,0.06464930967337819,0.954540322187331,1.601160668436965,0.3896690210165834,49.99893442622948,49.99893442622948
23040,0.013595920263678313,1.5972399407672873,0.06453404526970104,0.9522030224625618,1.5972399407672873,0.38865912840454664,49.99893442622948,49.99893442622948
23100,0.013590054932981762,1.5933272503478222,0.06442010106756672,0.9498719724241323,1.5933272503478222,0.387652032009856,49.99893442622948,49.99893442622948
23160,0.013584148995825093,1.5894225913170468,0.06430746365019047,0.9475471484568075,1.5894225913170468,0.3866477854849473,49.99893442622954,49.99893442622948
23220,0.013578196493078445,1.585525953984571,0.06419611969845405,0.9452285256302453,1.585525953984571,0.3856464425812538,49.99893442622954,49.99893442622948
23280,0.013572191465611954,1.5816373248726059,0.06408605604560313,0.9429160777066473,1.5816373248726059,0.38464805708936856,49.99893442622948,49.99893442622948
23340,0.01356612795429576,1.5777566867570858,0.06397725963579609,0.9406097771484805,1.5777566867570858,0.3836526827856099,49.99893442622948,49.99893442622948
23400,0.013560000000000001,1.5738840187084133,0.06386971750833798,0.9383095951263792,1.5738840187084133,0.38266037338364745,49.99893442622948,49.99893442622948
23460,0.013553809124553123,1.5700193003853906,0.06376341462093328,0.936015502942351,1.5700193003853906,0.3816711557310956,49.99893442622948,49.998934426229425
23520,0.013547563995995996,1.566162516091896,0.06365833319698179,0.9337274734511577,1.566162516091896,0.38068502010311284,49.99893442622948,49.998934426229425
23580,0.013541269374517375,1.562313652523993,0.06355445558004018,0.9314454804309593,1.562313652523993,0.3797019531056829,49.998934426229425,49.99893442622948
23640,0.013534930020306021,1.5584726987525772,0.06345176405732895,0.9291694986194518,1.5584726987525772,0.3787219350102311,49.99893442622948,49.998934426229425
23700,0.013528550693550695,1.5546396462060692,0.06335024088587078,0.9268995037434355,1.5546396462060692,0.3777449407004936,49.99893442622948,49.998934426229425
23760,0.013522136154440157,1.5508144886529633,0.06324986833867265,0.9246354725424579,1.5508144886529633,0.37677094057874755,49.99893442622948,49.99893442622954
23820,0.013515691163163165,1.5469972221843455,0.06315062874794608,0.9223773827876209,1.5469972221843455,0.37579990129493634,49.99893442622948,49.99893442622948
23880,0.01350922047990848,1.5431878451962857,0.06305250454083305,0.9201252132962457,1.5431878451962857,0.37483178633306974,49.99893442622948,49.99893442622954
23940,0.013502728864864868,1.5393863583721568,0.06295547826778682,0.917878943944653,1.5393863583721568,0.3738665564705312,49.998934426229425,49.99893442622948
24000,0.013496221078221076,1.5355927646647822,0.06285953262856715,0.9156385556765946,1.5355927646647822,0.3729041701830508,49.99893442622948,49.99893442622948
24060,0.013489701880165881,1.5318070692785226,0.0627646504907896,0.9134040305107397,1.5318070692785226,0.37194458396324376,49.99893442622948,49.99893442622948
24120,0.013483176030888031,1.5280292796511319,0.06267081490680108,0.9111753515460894,1.5280292796511319,0.3709877525968702,49.99893442622948,49.99893442622948
24180,0.01347664829057629,1.5242594054355145,0.06257800912805288,0.9089525029658384,1.5242594054355145,0.3700336293995091,49.99893442622954,49.99893442622948
24240,0.01347012341941942,1.5204974584812838,0.06248621661686244,0.906735470039913,1.5204974584812838,0.3690821664214855,49.99893442622954,49.99893442622948
24300,0.013463606177606178,1.5167434528161523,0.0623954209337742,0.9045242391262074,1.5167434528161523,0.3681333146283215,49.99893442622954,49.99893442622948
24360,0.013457101325325325,1.5129974046271146,0.06230560614590731,0.9023187976713208,1.5129974046271146,0.36718702405313947,49.99893442622948,49.99893442622954
24420,0.013450613622765622,1.509259332241404,0.062216756392495264,0.900119134209568,1.509259332241404,0.36624324394253255,49.99893442622954,49.99893442622948
24480,0.01344414783011583,1.5055292561072786,0.06212885603630016,0.8979252383617112,1.5055292561072786,0.3653019228778833,49.99893442622948,49.99893442622948
24540,0.013437708707564708,1.5018071987744954,0.06204188968785574,0.8957371008328229,1.5018071987744954,0.36436300888727063,49.99893442622948,49.99893442622948
24600,0.013431301015301015,1.4980931848745866,0.06195584220637013,0.8935547134094526,1.4980931848745866,0.36342644954588044,49.998934426229425,49.998934426229425
24660,0.013424929513513513,1.4943872411008587,0.06187069869930796,0.8913780689561807,1.4943872411008587,0.36249219206688793,49.998934426229425,49.99893442622948
24720,0.013418598962390964,1.4906893961881127,0.061786444521707125,0.889207161411596,1.4906893961881127,0.3615601833839925,49.998934426229425,49.998934426229425
24780,0.013412314122122123,1.486999680892062,0.061703065275566106,0.8870419857837392,1.486999680892062,0.3606303702266698,49.99893442622948,49.99893442622948
24840,0.013406079752895754,1.4833181279684644,0.06162054681003638,0.884882538145049,1.4833181279684644,0.35970269918902437,49.99893442622948,49.99893442622954
24900,0.013399900614900614,1.4796447721519086,0.06153887522042787,0.8827288156268432,1.4796447721519086,0.3587771167930133,49.998934426229425,49.99893442622948
24960,0.013393781468325467,1.4759796501342755,0.061458036847679406,0.8805808164134036,1.4759796501342755,0.35785356954738023,49.99893442622948,49.99893442622948
25020,0.013387727073359073,1.4723228005428575,0.06137801827564998,0.8784385397354427,1.4723228005428575,0.35693200399901753,49.99893442622948,49.99893442622948
25080,0.01338174219019019,1.468674263918076,0.06129880633139139,0.8763019858634772,1.468674263918076,0.3560123667852709,49.99893442622948,49.99893442622948
25140,0.01337583157900758,1.4650340826908654,0.061220388081245476,0.8741711561006074,1.4650340826908654,0.3550946046791748,49.99893442622948,49.998934426229425
25200,0.01337,1.4614023011596011,0.061142750830532076,0.8720460527749851,1.4614023011596011,0.354178664632416,49.99893442622948,49.99893442622954
25260,0.013364199833943834,1.4577789371546148,0.061065893833130165,0.8699266698968382,1.4577789371546148,0.35326467274994716,49.998934426229425,49.99893442622948
25320,0.013358383726495728,1.454163982463875,0.060989820609274575,0.8678129927669621,1.454163982463875,0.35235282718300964,49.998934426229425,49.99893442622954
25380,0.013352556835164835,1.4505574313914718,0.06091452520666443,0.8657050070375841,1.4505574313914718,0.35144319384668204,49.99893442622954,49.99893442622954
25440,0.013346724317460317,1.446959280734151,0.0608399988590244,0.863602698973321,1.446959280734151,0.3505357999108144,49.99893442622948,49.99893442622948
25500,0.01334089133089133,1.443369529757781,0.06076623176322167,0.8615060555858672,1.443369529757781,0.34963065202119853,49.99893442622948,49.99893442622954
25560,0.013335063032967033,1.4397881801737458,0.06069321366805535,0.8594150647172175,1.4397881801737458,0.34872774375530774,49.99893442622948,49.99893442622948
25620,0.01332924458119658,1.436215236115235,0.06062093411183507,0.8573297150958004,1.436215236115235,0.34782705955324184,49.998934426229425,49.99893442622948
25680,0.013323441133089132,1.4326507041133925,0.06054938253776188,0.8552499963762562,1.4326507041133925,0.3469285770950634,49.99893442622948,49.99893442622954
25740,0.013317657846153847,1.4290945930733097,0.06047854830766214,0.8531758991683083,1.4290945930733097,0.34603226887128835,49.99893442622948,49.99893442622954
25800,0.013311899877899876,1.4255469142498276,0.06040842089444463,0.8511074150585822,1.4255469142498276,0.34513810328018624,49.99893442622954,49.99893442622948
25860,0.013306172385836385,1.422007681223117,0.06033898977155633,0.849044536626084,1.422007681223117,0.34424604544133575,49.99893442622948,49.99893442622948
25920,0.01330048052747253,1.4184769098740198,0.06027024445819963,0.846987257453995,1.4184769098740198,0.34335605780837225,49.998934426229425,49.99893442622948
25980,0.013294829460317459,1.4149546183591195,0.06020217455098154,0.8449355721380084,1.4149546183591195,0.3424681006502704,49.998934426229425,49.998934426229425
26040,0.01328922434188034,1.4114408270855268,0.06013476974094859,0.8428894762920072,1.4114408270855268,0.3415821324362725,49.99893442622954,49.99893442622948
26100,0.01328367032967033,1.4079355586853266,0.06006801982587883,0.840848966551557,1.4079355586853266,0.3406981101498722,49.99893442622948,49.99893442622948
26160,0.013278172581196582,1.4044388379897166,0.060001914719305924,0.8388140405755753,1.4044388379897166,0.33981598954906156,49.99893442622948,49.99893442622948
26220,0.013272736253968253,1.4009506920027512,0.05993644445766847,0.8367846970464595,1.4009506920027512,0.33893572538506306,49.998934426229425,49.99893442622954
26280,0.013267366505494503,1.3974711498747128,0.05987159920859993,0.8347609356689238,1.3974711498747128,0.33805727158890325,49.998934426229425,49.99893442622948
26340,0.013262068493284493,1.394000242875104,0.05980736927454871,0.8327427571675077,1.394000242875104,0.33718058142946333,49.998934426229425,49.99893442622948
26400,0.013256847374847374,1.3905380043651672,0.05974374509813296,0.8307301632833217,1.3905380043651672,0.33630560765428125,49.99893442622954,49.99893442622948
26460,0.013251708307692308,1.3870844697700044,0.059680717266050634,0.828723156769704,1.3870844697700044,0.33543230261018453,49.99893442622948,49.99893442622948
26520,0.013246656449328448,1.3836396765502164,0.05961827651140825,0.8267217413871059,1.3836396765502164,0.3345606183503277,49.99893442622948,49.99893442622954
26580,0.013241696957264957,1.3802036641731037,0.0595564137165319,0.8247259218969656,1.3802036641731037,0.3336905067319221,49.99893442622954,49.99893442622948
26640,0.013236834989010989,1.3767764740833368,0.05949511991338777,0.8227357040559328,1.3767764740833368,0.33282191949119116,49.99893442622954,49.99893442622948
26700,0.013232075702075703,1.3733581496731513,0.05943438628527964,0.8207510946079315,1.3733581496731513,0.3319548083311915,49.99893442622954,49.99893442622954
26760,0.013227424253968254,1.3699487362520335,0.05937420416840526,0.8187721012766355,1.3699487362520335,0.33108912498540904,49.998934426229425,49.998934426229425
26820,0.013222885802197801,1.366548281015877,0.059314565050458595,0.8167987327571499,1.366548281015877,0.3302248212802633,49.99893442622948,49.99893442622948
26880,0.013218465504273505,1.3631568330156125,0.059255460572435345,0.8148309987071681,1.3631568330156125,0.3293618491916678,49.998934426229425,49.99893442622954
26940,0.013214168517704518,1.3597744431252938,0.05919688252683878,0.8128689097376395,1.3597744431252938,0.32850016089697087,49.99893442622948,49.99893442622948
27000,0.01321,1.3564011640096418,0.05913882285770889,0.8109124774029589,1.3564011640096418,0.3276397088223814,49.99893442622948,49.99893442622948
27060,0.013205957627557625,1.3530370462921935,0.05908127498868822,0.8089617129416524,1.3530370462921935,0.3267804700441116,49.99893442622954,49.99893442622954
27120,0.013202030872830872,1.349682134415888,0.05902423434269229,0.8070166258420617,1.349682134415888,0.3259224584786917,49.99893442622948,49.99893442622948
27180,0.013198212587412588,1.3463364684220993,0.058967696632268814,0.8050772242965678,1.3463364684220993,0.3250656945156163,49.99893442622954,49.99893442622948
27240,0.013194495622895621,1.3430000840005474,0.058911657833377165,0.803143515160325,1.3430000840005474,0.3242102059298049,49.99893442622948,49.99893442622954
27300,0.01319087283087283,1.3396730125398877,0.05885611414453253,0.8012155039195458,1.3396730125398877,0.3233560265109894,49.99893442622954,49.99893442622948
27360,0.013187337062937062,1.3363552811788915,0.0588010619508383,0.7992931946676548,1.3363552811788915,0.32250319495290286,49.99893442622954,49.99893442622948
27420,0.013183881170681169,1.3330469128581464,0.05874649779655134,0.7973765900875123,1.3330469128581464,0.32165175399878265,49.99893442622948,49.99893442622948
27480,0.013180498005698002,1.3297479263721803,0.058692418360550405,0.7954656914384064,1.3297479263721803,0.3208017497719336,49.99893442622948,49.99893442622954
27540,0.013177180419580421,1.3264583364219398,0.05863882043689054,0.7935604985468813,1.3264583364219398,0.3199532312384282,49.99893442622948,49.998934426229425
27600,0.013173921263921263,1.3231781536675533,0.058585700918878714,0.7916610098007082,1.3231781536675533,0.3191062497669491,49.998934426229425,49.99893442622948
27660,0.01317071339031339,1.3199073847812801,0.058533056782792324,0.7897672221454802,1.3199073847812801,0.3182608587617886,49.99893442622948,49.99893442622954
27720,0.01316754965034965,1.3166460325005893,0.05848088507666146,0.7878791310834525,1.3166460325005893,0.31741711335278394,49.99893442622954,49.99893442622954
27780,0.013164422895622896,1.3133940956813197,0.05842918290866671,0.7859967306741424,1.3133940956813197,0.3165750701279453,49.998934426229425,49.99893442622948
27840,0.013161325977725976,1.310151569350768,0.058377947437335556,0.7841200135367453,1.310151569350768,0.31573478690522755,49.99893442622948,49.99893442622948
27900,0.013158251748251748,1.3069184447607292,0.05832717586335548,0.7822489708538289,1.3069184447607292,0.314896322531425,49.998934426229425,49.99893442622948
27960,0.01315519305879306,1.303694709440381,0.05827686542163352,0.7803835923762746,1.303694709440381,0.31405973670601967,49.99893442622948,49.99893442622948
28020,0.01315214276094276,1.3004803472489324,0.05822701337561401,0.7785238664290365,1.3004803472489324,0.3132250898279128,49.99893442622948,49.99893442622948
28080,0.013149093706293706,1.297275338428023,0.05817761701036085,0.7766697799188087,1.297275338428023,0.3123924428492318,49.99893442622948,49.99893442622954
28140,0.013146038746438746,1.2940796596537312,0.05812867362849174,0.7748213183410381,1.2940796596537312,0.31156185716140467,49.99893442622954,49.99893442622948
28200,0.013142970732970731,1.2908932840882172,0.05808018054580701,0.7729784657885995,1.2908932840882172,0.3107333944809194,49.99893442622948,49.99893442622948
28260,0.013139882517482517,1.2877161814308884,0.05803213509597617,0.7711412049607447,1.2877161814308884,0.3099071167501088,49.99893442622948,49.998934426229425
28320,0.013136766951566953,1.2845483179690682,0.05798453459982584,0.7693095171729996,1.2845483179690682,0.3090830860484336,49.99893442622948,49.99893442622948
28380,0.013133616886816886,1.2813896566280578,0.05793737639172824,0.7674833823668471,1.2813896566280578,0.3082613645113012,49.99893442622948,49.99893442622948
28440,0.013130425174825175,1.2782401570206146,0.057890657808859304,0.7656627791202592,1.2782401570206146,0.30744201425790035,49.99893442622948,49.99893442622948
28500,0.013127184667184669,1.2750997754957323,0.0578443761881315,0.7638476846584213,1.2750997754957323,0.3066250973251949,49.99893442622948,49.99893442622948
28560,0.013123888215488216,1.2719684651867145,0.05779852886350783,0.7620380748647215,1.2719684651867145,0.30581067560852443,49.99893442622948,49.99893442622948
28620,0.01312052867132867,1.268846176058487,0.05775311316576763,0.7602339242919441,1.268846176058487,0.304998810807617,49.99893442622948,49.99893442622948
28680,0.013117098886298887,1.2657328549540847,0.05770812642098038,0.7584352061736258,1.2657328549540847,0.30418956437782924,49.99893442622948,49.99893442622948
28740,0.013113591711991711,1.262628445640298,0.0576635659497805,0.7566418924355245,1.262628445640298,0.30338299748593966,49.99893442622948,49.99893442622948
28800,0.01311,1.259532888852422,0.05761942906753561,0.7548539537071575,1.259532888852422,0.3025791709702227,49.99893442622948,49.99893442622954
28860,0.01310631402020202,1.256446121126139,0.05757571344634522,0.7530713589341387,1.256446121126139,0.30177815328028107,49.99893442622954,49.99893442622948
28920,0.01310253397979798,1.2533680795098552,0.05753241549163302,0.7512940769036615,1.2533680795098552,0.3009799850323803,49.99893442622948,49.99893442622948
28980,0.013098667636363635,1.2502987050863419,0.057489530130696666,0.7495220774799569,1.2502987050863419,0.300184672868817,49.99893442622948,49.99893442622948
29040,0.013094722747474747,1.2472379429205807,0.05744705174123433,0.7477553317061082,1.2472379429205807,0.29939220721463855,49.998934426229425,49.99893442622948
29100,0.01309070707070707,1.2441857420085873,0.05740497444964772,0.7459938118694094,1.2441857420085873,0.29860256749221525,49.998934426229425,49.99893442622948
29160,0.013086628363636364,1.2411420552271413,0.05736329225066415,0.7442374915476371,1.2411420552271413,0.2978157248717163,49.99893442622948,49.99893442622948
29220,0.013082494383838386,1.2381068392843435,0.05732199906543501,0.7424863456432852,1.2381068392843435,0.2970316440190695,49.99893442622948,49.99893442622948
29280,0.013078312888888888,1.2350800546709395,0.05728108877630965,0.7407403504094333,1.2350800546709395,0.2962502843201548,49.99893442622948,49.99893442622948
29340,0.013074091636363638,1.232061665612351,0.057240555250183046,0.7389994834694299,1.232061665612351,0.29547160079199375,49.998934426229425,49.99893442622948
29400,0.013069838383838385,1.2290516400213125,0.057200392355860004,0.7372637238315936,1.2290516400213125,0.29469554479148635,49.998934426229425,49.99893442622948
29460,0.01306556088888889,1.2260499494511223,0.05716059397805303,0.7355330519009907,1.2260499494511223,0.2939220645746188,49.99893442622948,49.99893442622948
29520,0.013061266909090909,1.22305656904934,0.0571211540285884,0.7338074494868271,1.22305656904934,0.2931511057668531,49.99893442622954,49.99893442622948
29580,0.013056964202020202,1.2200714775119614,0.057082066457165785,0.7320868998080332,1.2200714775119614,0.29238261174582714,49.99893442622948,49.99893442622948
29640,0.013052660525252526,1.2170946570379917,0.05704332525762383,0.7303713874968427,1.2170946570379917,0.291616523969599,49.99893442622948,49.998934426229425
29700,0.013048363636363637,1.21412609328431,0.05700492447506811,0.7286608985999082,1.21412609328431,0.2908527822560081,49.99893442622954,49.99893442622948
29760,0.013044081292929293,1.2111657753208158,0.05696685821386043,0.7269554205782194,1.2111657753208158,0.2900913250257127,49.99893442622948,49.99893442622948
29820,0.013039821252525254,1.2082136955857972,0.056929120642795136,0.7252549423054758,1.2082136955857972,0.28933208951496536,49.99893442622948,49.99893442622954
29880,0.013035591272727272,1.2052698498414387,0.05689170599959515,0.7235594540651932,1.2052698498414387,0.2885750119629198,49.99893442622948,49.99893442622948
29940,0.01303139911111111,1.2023342371294505,0.05685460859453808,0.7218689475466679,1.2023342371294505,0.28782002777809285,49.998934426229425,49.99893442622948
30000,0.013027252525252525,1.1994068597267342,0.05681782281403107,0.7201834158399076,1.1994068597267342,0.2870670716868846,49.99893442622948,49.99893442622948
30060,0.013023159272727274,1.1964877231010451,0.05678134312401219,0.7185028534296155,1.1964877231010451,0.28631607786720115,49.998934426229425,49.99893442622954
30120,0.013019127111111112,1.1935768358666168,0.056745164071888156,0.7168272561883019,1.1935768358666168,0.2855669800691125,49.99893442622954,49.99893442622948
30180,0.013015163797979797,1.1906742097396654,0.05670928028851895,0.7151566213685842,1.1906742097396654,0.284819711724363,49.998934426229425,49.99893442622954
30240,0.013011277090909091,1.1877798594937568,0.05667368649119235,0.7134909475947223,1.1877798594937568,0.28407420604615774,49.998934426229425,49.998934426229425
30300,0.013007474747474747,1.1848938029149658,0.05663837748366944,0.71183023485344,1.1848938029149658,0.2833303961205823,49.998934426229425,49.99893442622948
30360,0.013003764525252526,1.182016060756792,0.056603348158194074,0.7101744844840571,1.182016060756792,0.2825882149905251,49.99893442622948,49.99893442622948
30420,0.013000154181818182,1.179146656694781,0.05656859349596772,0.708523699167973,1.179146656694781,0.281847595733091,49.99893442622948,49.99893442622948
30480,0.012996651474747474,1.1762856172808178,0.056534108568372585,0.7068778829175193,1.1762856172808178,0.2811084715311869,49.99893442622948,49.99893442622948
30540,0.012993264161616162,1.1734329718970262,0.05649988853690725,0.705237041064203,1.1734329718970262,0.280370775740013,49.99893442622948,49.99893442622948
30600,0.01299,1.170588752709249,0.05646592865370903,0.7036011802462477,1.170588752709249,0.27963444194721476,49.99893442622948,49.99893442622954
30660,0.012986844510288064,1.1677529849423751,0.0564322268319434,0.7019703052002574,1.1677529849423751,0.278899469482002,49.99893442622954,49.99893442622948
30720,0.012983774353909466,1.1649256831282901,0.05639878298499099,0.700344417321976,1.1649256831282901,0.2781659102940525,49.99893442622948,49.99893442622948
30780,0.012980784000000002,1.1621068589627057,0.05636559581397211,0.6987235170492103,1.1621068589627057,0.27743379160229414,49.99893442622948,49.99893442622948
30840,0.012977867917695472,1.1592965213429431,0.05633266373201107,0.6971076038838621,1.1592965213429431,0.27670313870050317,49.99893442622948,49.99893442622954
30900,0.012975020576131688,1.156494676405839,0.056299985106553666,0.6954966763921046,1.156494676405839,0.27597397788099265,49.99893442622954,49.99893442622954
30960,0.012972236444444446,1.153701327565822,0.056267558328037405,0.6938907322005626,1.153701327565822,0.275246337092436,49.99893442622948,49.99893442622948
31020,0.012969509991769549,1.150916475553073,0.05623538183098738,0.6922897679917013,1.150916475553073,0.27452024602815506,49.99893442622954,49.99893442622948
31080,0.012966835687242797,1.1481401184517073,0.056203454096543946,0.6906937794998809,1.1481401184517073,0.2737957360336769,49.998934426229425,49.99893442622948
31140,0.012964208,1.145372251737964,0.05617177365185796,0.6891027615084977,1.145372251737964,0.27307283995523,49.99893442622948,49.99893442622948
31200,0.012961621399176953,1.1426128683183534,0.0561403390657679,0.6875167078483003,1.1426128683183534,0.2723515919743582,49.99893442622948,49.99893442622948
31260,0.012959070353909464,1.1398619585676864,0.056109148944183014,0.6859356113967501,1.1398619585676864,0.27163202744384224,49.99893442622948,49.99893442622954
31320,0.012956549333333333,1.1371195103670242,0.05607820192738762,0.6843594640789128,1.1371195103670242,0.2709141827413565,49.99893442622948,49.99893442622948
31380,0.012954052806584362,1.1343855091413937,0.056047496683695935,0.6827882568686059,1.1343855091413937,0.2701980951227783,49.99893442622948,49.99893442622948
31440,0.012951575242798356,1.1316599378973418,0.056017031906652776,0.6812219797909499,1.1316599378973418,0.2694838025967473,49.998934426229425,49.99893442622948
31500,0.012949111111111111,1.128942777260223,0.055986806311379415,0.6796606219255725,1.128942777260223,0.2687713438089919,49.99893442622948,49.99893442622948
31560,0.012946654880658435,1.1262340055112146,0.05595681863196555,0.6781041714105285,1.1262340055112146,0.26806075793725764,49.99893442622948,49.99893442622948
31620,0.012944201020576132,1.123533598624008,0.055927067617689175,0.6765526154468474,1.123533598624008,0.2673520845962493,49.99893442622948,49.99893442622954
31680,0.012941744000000002,1.1208415303011645,0.05589755203141246,0.6750059403036524,1.1208415303011645,0.26664536375150866,49.998934426229425,49.99893442622948
31740,0.012939278288065842,1.1181577720100837,0.05586827064670877,0.6734641313237685,1.1181577720100837,0.26594063564135273,49.99893442622954,49.99893442622948
31800,0.012936798353909465,1.1154822930185675,0.05583922224595909,0.6719271729297788,1.1154822930185675,0.2652379407060344,49.99893442622948,49.99893442622948
31860,0.012934298666666667,1.112815060429943,0.05581040561822331,0.6703950486304616,1.112815060429943,0.2645373195235466,49.99893442622948,49.99893442622948
31920,0.01293177369547325,1.1101560392177368,0.0557818195586594,0.668867741027568,1.1101560392177368,0.2638388127510219,49.99893442622948,49.99893442622948
31980,0.01292921790946502,1.1075051922598373,0.05575346286589037,0.6673452318227477,1.1075051922598373,0.26314246106847555,49.99893442622948,49.99893442622948
32040,0.012926625777777777,1.1048624803721905,0.055725334342004336,0.6658275018253238,1.1048624803721905,0.26244830514171513,49.998934426229425,49.99893442622948
32100,0.012923991769547324,1.1022278623418988,0.05569743279055369,0.6643145309593419,1.1022278623418988,0.26175638556471603,49.99893442622948,49.998934426229425
32160,0.012921310353909466,1.0996012949598097,0.05566975701637192,0.6628062982713201,1.0996012949598097,0.2610667428261511,49.998934426229425,49.99893442622948
32220,0.012918576,1.0969827330525357,0.055642305823870954,0.6613027819385354,1.0969827330525357,0.2603794172708992,49.99893442622954,49.99893442622948
32280,0.012915783176954732,1.094372129513837,0.05561507801777045,0.6598039592765728,1.094372129513837,0.2596944490688468,49.99893442622948,49.99893442622954
32340,0.012912926353909464,1.0917694353354361,0.055588072401307045,0.65830980674753,1.0917694353354361,0.2590118781837973,49.99893442622948,49.99893442622948
32400,0.01291,1.0891745996371882,0.05556128777677364,0.6568202999681448,1.0891745996371882,0.2583317443460348,49.99893442622948,49.99893442622948
32460,0.012907000823045266,1.0865875705909136,0.05553472272853746,0.6553354140147566,1.0865875705909136,0.25765408076555807,49.99893442622954,49.99893442622948
32520,0.012903932510288065,1.0840082982167532,0.055508375093553705,0.6538551243693549,1.0840082982167532,0.256978898378757,49.99893442622948,49.99893442622948
32580,0.012900799999999999,1.0814367348555014,0.05548224232190576,0.6523794071479286,1.0814367348555014,0.2563061949611068,49.99893442622948,49.99893442622954
32640,0.012897608230452674,1.0788728351371641,0.055456321707258165,0.6509082391488269,1.0788728351371641,0.2556359605034085,49.99893442622948,49.99893442622948
32700,0.012894362139917695,1.0763165559500427,0.05543061047122154,0.6494415978857994,1.0763165559500427,0.2549681793765704,49.99893442622948,49.99893442622948
32760,0.012891066666666668,1.0737678564102708,0.055405105799280895,0.6479794616119119,1.0737678564102708,0.25430283160434874,49.99893442622948,49.99893442622948
32820,0.012887726748971194,1.0712266978318572,0.05537980486069353,0.6465218093381045,1.0712266978318572,0.2536398937356386,49.998934426229425,49.99893442622948
32880,0.012884347325102878,1.0686930436970945,0.05535470481895737,0.6450686208464063,1.0686930436970945,0.25297933945614,49.998934426229425,49.998934426229425
32940,0.012880933333333334,1.0661668596274154,0.05532980283978143,0.6436198767005908,1.0661668596274154,0.2523211400702865,49.99893442622948,49.99893442622948
33000,0.012877489711934155,1.0636481133546372,0.05530509609653613,0.6421755582540665,1.0636481133546372,0.2516652648779414,49.99893442622948,49.99893442622948
33060,0.012874021399176955,1.0611367746925495,0.055280581774646634,0.6407356476556979,1.0611367746925495,0.25101168147929426,49.99893442622948,49.998934426229425
33120,0.012870533333333331,1.0586328155088427,0.055256257075602014,0.6393001278539294,1.0586328155088427,0.2503603560269392,49.99893442622948,49.99893442622948
33180,0.012867030452674896,1.0561362096973812,0.05523211921897019,0.6378689825994854,1.0561362096973812,0.24971125343780512,49.99893442622948,49.99893442622948
33240,0.012863517695473252,1.0536469331506957,0.055208165446233616,0.6364421964468706,1.0536469331506957,0.24906433757328883,49.998934426229425,49.99893442622948
33300,0.01286,1.0511649637328544,0.055184393021796826,0.6350197547548337,1.0511649637328544,0.24841957139465862,49.99893442622948,49.99893442622948
33360,0.012856482304526747,1.0486902812525085,0.05516079923589976,0.6336016436856463,1.0486902812525085,0.24777691709278243,49.99893442622948,49.99893442622948
33420,0.012852969547325104,1.0462228674362424,0.0551373814060205,0.6321878502048037,1.0462228674362424,0.2471363362232067,49.99893442622948,49.99893442622954
33480,0.012849466666666667,1.043762705902039,0.05511413687827465,0.6307783620781643,1.043762705902039,0.24649778979078746,49.99893442622948,49.99893442622948
33540,0.012845978600823043,1.0413097821330175,0.05509106302898043,0.629373167869769,1.0413097821330175,0.24586123835071272,49.99893442622954,49.99893442622948
33600,0.012842510288065842,1.0388640834513199,0.05506815726562297,0.6279722569387675,1.0388640834513199,0.245226642090765,49.99893442622954,49.99893442622948
33660,0.012839066666666666,1.0364255989921598,0.05504541702756051,0.6265756194358457,1.0364255989921598,0.24459396090540203,49.998934426229425,49.99893442622948
33720,0.012835652674897119,1.0339943196779995,0.05502283978791994,0.6251832462992024,1.0339943196779995,0.24396315446265043,49.99893442622948,49.99893442622954
33780,0.012832273251028805,1.03157023819285,0.055000423053203386,0.6237951292501079,1.03157023819285,0.24333418226472217,49.99893442622948,49.99893442622948
33840,0.012828933333333332,1.0291533489566587,0.054978164364677944,0.6224112607878882,1.0291533489566587,0.24270700369811707,49.998934426229425,49.99893442622948
33900,0.012825637860082303,1.0267436480998242,0.05495606129830003,0.621031634185366,1.0267436480998242,0.24208157809994885,49.99893442622948,49.99893442622948
33960,0.012822391769547324,1.0243411334377017,0.05493411146583902,0.6196562434826953,1.0243411334377017,0.2414578647859306,49.99893442622948,49.99893442622948
34020,0.0128192,1.0219458044452001,0.054912312514829024,0.6182850834817877,1.0219458044452001,0.2408358230993658,49.998934426229425,49.99893442622948
34080,0.012816067489711933,1.019557662231414,0.05489066212895616,0.6169181497402025,1.019557662231414,0.24021541245011468,49.99893442622948,49.99893442622954
34140,0.012812999176954732,1.0171767095142403,0.05486915802797554,0.6155554385647658,1.0171767095142403,0.23959659235037503,49.99893442622948,49.99893442622948
34200,0.012809999999999998,1.0148029505950074,0.054847797968320566,0.6141969470049214,1.0148029505950074,0.2389793224477326,49.99893442622948,49.99893442622948
34260,0.012807050732510285,1.0124363824336542,0.05482658173784804,0.6128426698787263,1.0124363824336542,0.23836362706957148,49.998934426229425,49.99893442622954
34320,0.012804128329218106,1.0100769933520866,0.05480551017513651,0.6114925991428786,1.0100769933520866,0.23774956656720966,49.99893442622948,49.99893442622948
34380,0.012801231999999997,1.0077247713106268,0.054784582734050555,0.6101467264914521,1.0077247713106268,0.23713716252012035,49.99893442622948,49.99893442622948
34440,0.012798360954732508,1.005379703913448,0.05476379844208103,0.6088050434233377,1.005379703913448,0.23652642732283918,49.99893442622948,49.998934426229425
34500,0.01279551440329218,1.0030417784139558,0.054743156179448624,0.6074675412722205,1.0030417784139558,0.2359173693180339,49.99893442622948,49.998934426229425
34560,0.012792691555555553,1.0007109817202149,0.05472265477587663,0.6061342112238417,1.0007109817202149,0.23530999470525732,49.99893442622948,49.99893442622948
34620,0.012789891621399176,0.9983873004002519,0.054702293046792645,0.604805044325383,0.9983873004002519,0.23470430840788503,49.99893442622948,49.99893442622948
34680,0.012787113810699585,0.9960707206874226,0.054682069808517114,0.6034800314924028,0.9960707206874226,0.23410031456316602,49.99893442622954,49.99893442622948
34740,0.012784357333333331,0.9937612284857127,0.05466198388572381,0.6021591635134756,0.9937612284857127,0.23349801680269877,49.99893442622948,49.99893442622948
34800,0.012781621399176954,0.9914588093750177,0.05464203411491603,0.6008424310535769,0.9914588093750177,0.2328974184256676,49.99893442622948,49.998934426229425
34860,0.012778905218106994,0.9891634486163856,0.05462221934554079,0.5995298246566687,0.9891634486163856,0.2322985225099076,49.99893442622948,49.998934426229425
34920,0.012776207999999999,0.9868751311572147,0.05460253844077646,0.5982213347476653,0.9868751311572147,0.23170133198427675,49.998934426229425,49.99893442622948
34980,0.01277352895473251,0.9845938416364359,0.054582990277635975,0.5969169516341647,0.9845938416364359,0.23110584967300976,49.998934426229425,49.99893442622948
35040,0.012770867292181068,0.9823195643896445,0.05456357374711744,0.5956166655083945,0.9823195643896445,0.2305120783460623,49.99893442622948,49.99893442622948
35100,0.01276822222222222,0.9800522834541419,0.05454428775331382,0.5943204664478038,0.9800522834541419,0.22992002072016246,49.99893442622948,49.99893442622954
35160,0.012765592954732508,0.9777919825739857,0.0545251312137699,0.5930283444165435,0.9777919825739857,0.2293296794812277,49.99893442622948,49.99893442622948
35220,0.012762978699588475,0.9755386452049654,0.05450610305864452,0.5917402892665876,0.9755386452049654,0.22874105729386243,49.99893442622954,49.99893442622948
35280,0.012760378666666666,0.9732922545195323,0.05448720223079428,0.5904562907388068,0.9732922545195323,0.2281541568069664,49.99893442622948,49.99893442622948
35340,0.012757792065843621,0.971052793411663,0.05446842768469066,0.5891763384640176,0.971052793411663,0.22756898065679979,49.99893442622948,49.99893442622954
35400,0.012755218106995883,0.9688202445016825,0.05444977838690912,0.587900421964017,0.9688202445016825,0.22698553146808656,49.99893442622948,49.99893442622948
35460,0.012752655999999998,0.9665945901410073,0.054431253315215186,0.5866285306525298,0.9665945901410073,0.2264038118533686,49.998934426229425,49.99893442622948
35520,0.01275010495473251,0.9643758124168775,0.05441285145848801,0.5853606538364939,0.9643758124168775,0.22582382441412802,49.99893442622948,49.99893442622948
35580,0.012747564181069957,0.9621638931569576,0.05439457181640192,0.5840967807168446,0.9621638931569576,0.22524557173664927,49.99893442622948,49.99893442622954
35640,0.012745032888888888,0.9599588139339514,0.05437641339913646,0.5828369003896493,0.9599588139339514,0.22466905639108634,49.99893442622948,49.99893442622948
35700,0.01274251028806584,0.9577605560700642,0.054358375227236015,0.5815810018471694,0.9577605560700642,0.22409428092891726,49.99893442622948,49.99893442622948
35760,0.012739995588477365,0.9555691006415146,0.05434045633105945,0.5803290739786579,0.9555691006415146,0.22352124787345745,49.99893442622948,49.99893442622954
35820,0.012737487999999998,0.9533844284829428,0.05432265575087235,0.5790811055723117,0.9533844284829428,0.22294995974006268,49.99893442622948,49.99893442622954
35880,0.012734986732510287,0.951206520191709,0.05430497253651698,0.577837085315462,0.951206520191709,0.22238041900768338,49.99893442622954,49.99893442622948
35940,0.012732490995884771,0.9490353561321784,0.054287405747217916,0.5765970017959346,0.9490353561321784,0.2218126281256432,49.99893442622948,49.99893442622954
36000,0.012729999999999998,0.9468709164399796,0.05426995445136715,0.5753608435034192,0.9468709164399796,0.22124658951309742,49.99893442622954,49.99893442622954
36060,0.012727515525166188,0.9447131818946342,0.05425261754260029,0.57412859912167,0.9447131818946342,0.22068229900533862,49.998934426229425,49.99893442622948
36120,0.012725039984805316,0.9425621341238668,0.05423539381334239,0.5729002576170901,0.9425621341238668,0.2201197482020411,49.99893442622954,49.99893442622948
36180,0.012722573538461538,0.9404177548342926,0.054218282182066375,0.5716758079985702,0.9404177548342926,0.21955893212414326,49.99893442622948,49.99893442622954
36240,0.01272011634567901,0.9382800258107683,0.054201281614274725,0.5704552393125031,0.9382800258107683,0.21899984645511753,49.99893442622948,49.99893442622948
36300,0.012717668566001898,0.9361489289157352,0.05418439109856022,0.5692385406410044,0.9361489289157352,0.21844248710083206,49.99893442622948,49.99893442622948
36360,0.012715230358974358,0.934024446088532,0.054167609639180624,0.5680257011011094,0.934024446088532,0.21788685004205072,49.99893442622948,49.99893442622948
36420,0.01271280188414055,0.9319065593447576,0.054150936252824224,0.5668167098447879,0.9319065593447576,0.2173329312759706,49.99893442622948,49.99893442622948
36480,0.012710383301044632,0.929795250775541,0.05413436996712903,0.5656115560586076,0.929795250775541,0.21678072678502738,49.998934426229425,49.99893442622948
36540,0.01270797476923077,0.927690502546861,0.05411790982053975,0.5644102289635731,0.927690502546861,0.21623023251904477,49.998934426229425,49.99893442622948
36600,0.012705576448243114,0.9255922968988939,0.05410155486120761,0.5632127178161231,0.9255922968988939,0.21568144441001963,49.99893442622948,49.99893442622948
36660,0.01270318849762583,0.9235006161452675,0.05408530414742003,0.5620190119072658,0.9235006161452675,0.215134358348331,49.99893442622948,49.99893442622948
36720,0.012700811076923077,0.9214154426724049,0.05406915674729517,0.5608291005630122,0.9214154426724049,0.21458897019090295,49.99893442622948,49.99893442622948
36780,0.01269844434567901,0.9193367589387741,0.05405311173823894,0.5596429731443741,0.9193367589387741,0.2140452757625881,49.998934426229425,49.998934426229425
36840,0.012696088463437795,0.9172645474742812,0.05403716820754132,0.5584606190476968,0.9172645474742812,0.21350327086076062,49.99893442622948,49.99893442622948
36900,0.012693743589743588,0.9151987908795179,0.05402132525193411,0.5572820277044457,0.9151987908795179,0.2129629512545006,49.99893442622948,49.99893442622948
36960,0.01269140988414055,0.9131394718250964,0.054005581977655134,0.5561071885813333,0.9131394718250964,0.21242431268873485,49.99893442622948,49.99893442622948
37020,0.01268908750617284,0.9110865730509662,0.05398993750008454,0.5549360911803404,0.9110865730509662,0.21188735088649713,49.99893442622948,49.99893442622948
37080,0.012686776615384613,0.909040077365746,0.05397439094415396,0.5537687250387197,0.909040077365746,0.21135206155130734,49.99893442622948,49.99893442622948
37140,0.012684477371320037,0.9069999676460483,0.05395894144367461,0.5526050797289858,0.9069999676460483,0.21081844036957112,49.99893442622948,49.99893442622948
37200,0.012682189933523267,0.9049662268358408,0.05394358814202088,0.5514451448588888,0.9049662268358408,0.2102864830126754,49.998934426229425,49.99893442622948
37260,0.012679914461538462,0.9029388379457277,0.053928330191238195,0.5502889100712802,0.9029388379457277,0.2097561851382383,49.99893442622954,49.99893442622948
37320,0.012677651114909781,0.9009177840524076,0.053913166752766535,0.5491363650443506,0.9009177840524076,0.2092275423950585,49.99893442622948,49.99893442622948
37380,0.012675400053181385,0.8989030482979631,0.05389809699680664,0.5479874994912728,0.8989030482979631,0.20870055042125726,49.99893442622948,49.99893442622948
37440,0.012673161435897433,0.8968946138892563,0.05388312010226138,0.5468423031602271,0.8968946138892563,0.20817520484765611,49.99893442622948,49.99893442622948
37500,0.012670935422602088,0.8948924640973134,0.05386823525705049,0.5457007658343159,0.8948924640973134,0.20765150129914978,49.99893442622948,49.99893442622954
37560,0.012668722172839505,0.8928965822567004,0.053853441657765275,0.5445628773311567,0.8928965822567004,0.2071294353898145,49.99893442622948,49.99893442622954
37620,0.012666521846153845,0.8909069517649714,0.0538387385093086,0.5434286275037555,0.8909069517649714,0.2066090027447286,49.99893442622948,49.99893442622948
37680,0.012664334602089267,0.8889235560820259,0.05382412502567143,0.5422980062393783,0.8889235560820259,0.2060901989788449,49.998934426229425,49.99893442622948
37740,0.012662160600189933,0.8869463787295555,0.053809600428795276,0.5411710034597916,0.8869463787295555,0.20557301970635264,49.99893442622948,49.99893442622948
37800,0.01266,0.8849754032904709,0.053795163949065694,0.5400476091211381,0.8849754032904709,0.20505746054181953,49.99893442622948,49.99893442622948
37860,0.012657861196581195,0.8830106159561254,0.053780814308804596,0.5389278140739959,0.8830106159561254,0.20454349705656225,49.99893442622948,49.99893442622948
37920,0.012655751111111111,0.8810520050320296,0.05376655014716358,0.5378116099583516,0.8810520050320296,0.20403110053774223,49.99893442622948,49.99893442622948
37980,0.012653667692307692,0.8790995581460707,0.05375237062809852,0.536698988289379,0.8790995581460707,0.20352026052723077,49.998934426229425,49.99893442622948
38040,0.012651608888888888,0.8771532622588257,0.053738275102319814,0.5355899404165825,0.8771532622588257,0.20301097250870254,49.99893442622948,49.99893442622954
38100,0.01264957264957265,0.8752131036737916,0.05372426300123911,0.53448445750169,0.8752131036737916,0.20250323532573783,49.99893442622948,49.99893442622948
38160,0.012647556923076923,0.873279068047563,0.05371033379781518,0.5333825305046976,0.873279068047563,0.20199705006094973,49.99893442622948,49.99893442622948
38220,0.012645559658119658,0.8713511403999454,0.0536964869894584,0.5322841501744172,0.8713511403999454,0.20149241941522802,49.99893442622948,49.99893442622948
38280,0.012643578803418801,0.8694293051240055,0.05368272209024877,0.5311893070418507,0.8694293051240055,0.20098934731606005,49.99893442622948,49.99893442622948
38340,0.012641612307692307,0.8675135459960479,0.05366903862669032,0.5300979914154934,0.8675135459960479,0.20048783864937186,49.99893442622948,49.99893442622948
38400,0.012639658119658117,0.8656038461855384,0.05365543613466368,0.5290101933780301,0.8656038461855384,0.19998789906520203,49.99893442622954,49.99893442622948
38460,0.012637714188034187,0.863700188264886,0.05364191415816438,0.5279259027840779,0.863700188264886,0.19948953483076495,49.99893442622948,49.99893442622948
38520,0.012635778461538462,0.8618025542192438,0.05362847224820249,0.5268451092583994,0.8618025542192438,0.1989927527107146,49.99893442622948,49.99893442622954
38580,0.01263384888888889,0.8599109254561964,0.053615109961508534,0.5257678021961544,0.8599109254561964,0.19849755989245216,49.99893442622948,49.99893442622948
38640,0.012631923418803419,0.8580252828153005,0.05360182686071341,0.5246939707615268,0.8580252828153005,0.19800396389439145,49.99893442622948,49.99893442622948
38700,0.012629999999999999,0.8561456065776081,0.0535886225129636,0.523623603888254,0.8561456065776081,0.19751197250937966,49.99893442622948,49.998934426229425
38760,0.01262807658119658,0.8542718764750598,0.05357549649041511,0.5225566902800572,0.8542718764750598,0.19702159375258343,49.99893442622948,49.99893442622954
38820,0.01262615111111111,0.852404071699848,0.053562448368905634,0.5214932184116652,0.852404071699848,0.19653283582045622,49.99893442622948,49.99893442622948
38880,0.012624221538461537,0.8505421709136032,0.053549477728628496,0.5204331765296476,0.8505421709136032,0.1960457070490223,49.99893442622948,49.998934426229425
38940,0.012622285811965813,0.8486861522564968,0.05353658415315826,0.5193765526537638,0.8486861522564968,0.19556021588334843,49.99893442622948,49.99893442622954
39000,0.012620341880341881,0.8468359933563179,0.05352376722921455,0.5183233345784205,0.8468359933563179,0.1950763708486623,49.99893442622954,49.99893442622954
39060,0.012618387692307694,0.844991671337375,0.05351102654716705,0.5172735098742886,0.844991671337375,0.19459418052538796,49.99893442622948,49.99893442622948
39120,0.012616421196581197,0.8431531628293141,0.05349836169989959,0.5162270658900546,0.8431531628293141,0.19411365352734505,49.99893442622948,49.99893442622948
39180,0.012614440341880341,0.84132044397584,0.053485772283464454,0.5151839897542948,0.84132044397584,0.193634798482145,49.99893442622948,49.99893442622948
39240,0.012612443076923077,0.8394934904433141,0.05347325789601222,0.5141442683774461,0.8394934904433141,0.19315762401410472,49.99893442622954,49.99893442622954
39300,0.01261042735042735,0.8376722774292544,0.05346081813858529,0.5131078884538678,0.8376722774292544,0.19268213872877427,49.99893442622948,49.99893442622948
39360,0.012608391111111112,0.8358567796707418,0.053448452614040784,0.5120748364639763,0.8358567796707418,0.1922083511993416,49.998934426229425,49.998934426229425
39420,0.012606332307692309,0.834046971452626,0.05343616092792851,0.5110450986764458,0.834046971452626,0.19173626995423482,49.99893442622948,49.99893442622948
39480,0.012604248888888888,0.8322428266157412,0.0534239426875976,0.5100186611500978,0.8322428266157412,0.19126590346125877,49.99893442622948,49.99893442622948
39540,0.012602138803418804,0.8304443185649646,0.05341179750251542,0.508995509737325,0.8304443185649646,0.19079726013286594,49.99893442622954,49.99893442622948
39600,0.0126,0.8286514202770814,0.0533997249836407,0.5079756300852728,0.8286514202770814,0.19033034830198084,49.99893442622948,49.99893442622954
39660,0.012597821856600189,0.8268641018850708,0.05338772522020348,0.506959006814258,0.8268641018850708,0.18986519616933664,49.99893442622948,49.99893442622948
39720,0.012595597644824314,0.8250823318203426,0.05337579825774587,0.5059456238452155,0.8250823318203426,0.1894018305745894,49.998934426229425,49.99893442622948
39780,0.012593331153846152,0.8233060797965585,0.05336394355510478,0.5049354654031739,0.8233060797965585,0.1889402551651641,49.99893442622948,49.998934426229425
39840,0.012591026172839507,0.8215353167917147,0.053352160364181105,0.5039285160745224,0.8215353167917147,0.18848046519239575,49.99893442622954,49.99893442622948
39900,0.01258868649097816,0.8197700150305058,0.05334044785273894,0.502924760839661,0.8197700150305058,0.18802245087850897,49.99893442622948,49.99893442622948
39960,0.012586315897435897,0.8180101479669429,0.053328805151536984,0.5019241850944207,0.8180101479669429,0.1875661989625042,49.99893442622948,49.99893442622948
40020,0.012583918181386516,0.8162556902672272,0.053317231374695816,0.5009267746650319,0.8162556902672272,0.18711169359322574,49.99893442622948,49.99893442622948
40080,0.012581497132003797,0.8145066177928474,0.05330572562946801,0.4999325158189138,0.8145066177928474,0.18665891691198191,49.99893442622948,49.99893442622948
40140,0.01257905653846154,0.8127629075839294,0.05329428702217267,0.4989413952725446,0.8127629075839294,0.18620784946260552,49.99893442622948,49.99893442622948
40200,0.012576600189933522,0.8110245378427128,0.05328291466127377,0.49795340019717677,0.8110245378427128,0.18575847049539687,49.998934426229425,49.99893442622948
40260,0.012574131875593541,0.8092914879173574,0.05327160765940138,0.4969685182229094,0.8092914879173574,0.18531075820121157,49.998934426229425,49.99893442622948
40320,0.012571655384615384,0.8075637382858384,0.05326036513478079,0.4959867374414629,0.8075637382858384,0.18486468989697333,49.99893442622948,49.99893442622948
40380,0.01256917450617284,0.805841270540029,0.0532491862121673,0.4950080464075172,0.805841270540029,0.18442024217208677,49.99893442622948,49.99893442622954
40440,0.012566693029439696,0.8041240673700197,0.05323807002391089,0.4940324341407901,0.8041240673700197,0.18397739102406413,49.99893442622948,49.99893442622954
40500,0.012564214743589742,0.8024121125484829,0.05322701570957046,0.49305989012496076,0.8024121125484829,0.18353611195222275,49.99893442622948,49.99893442622948
40560,0.01256174343779677,0.8007053909152725,0.053216022417441604,0.49209040430764506,0.8007053909152725,0.1830963800479341,49.99893442622948,49.99893442622948
40620,0.012559282901234568,0.7990038883620805,0.05320508930435413,0.4911239670994331,0.7990038883620805,0.18265817007120838,49.99893442622948,49.998934426229425
40680,0.012556836923076924,0.7973075918173022,0.05319421553563968,0.4901605693724403,0.7973075918173022,0.18222145651567961,49.99893442622954,49.99893442622948
40740,0.012554409292497626,0.7956164892310204,0.053183400286092225,0.4892002024586275,0.7956164892310204,0.1817862136683641,49.99893442622948,49.99893442622948
40800,0.012552003798670466,0.7939305695599367,0.05317264273977744,0.48824285814753776,0.7939305695599367,0.18135241565665491,49.99893442622948,49.99893442622948
40860,0.01254962423076923,0.7922498227526183,0.05316194209014044,0.4872885286838918,0.7922498227526183,0.1809200364947752,49.99893442622948,49.99893442622948
40920,0.012547274377967712,0.7905742397346991,0.053151297540304426,0.4863372067648724,0.7905742397346991,0.18048905012296557,49.99893442622948,49.99893442622948
40980,0.012544958029439696,0.7889038123941965,0.053140708303160936,0.48538888553716286,0.7889038123941965,0.18005943044296177,49.99893442622948,49.99893442622948
41040,0.012542678974358975,0.7872385335669045,0.05313017360155591,0.4844435585937687,0.7872385335669045,0.1796311513497124,49.99893442622948,49.99893442622954
41100,0.012540441001899334,0.7855783970218476,0.05311969266845619,0.4835012199706344,0.7855783970218476,0.17920418676010436,49.99893442622948,49.99893442622948
41160,0.012538247901234569,0.7839233974467918,0.05310926474674559,0.4825618641430802,0.7839233974467918,0.17877851063890665,49.998934426229425,49.99893442622948
41220,0.012536103461538462,0.7822735304338071,0.05309888908943148,0.48162548602206723,0.7822735304338071,0.17835409702226704,49.99893442622948,49.99893442622948
41280,0.012534011471984805,0.7806287924648703,0.05308856495996255,0.48069208095030685,0.7806287924648703,0.17793092003930353,49.99893442622948,49.99893442622948
41340,0.012531975721747387,0.778989180897508,0.05307829163196438,0.4797616446978141,0.778989180897508,0.17750895392827698,49.99893442622948,49.99893442622948
41400,0.01253,0.7773546939504578,0.05306806838950571,0.4788341734589866,0.7773546939504578,0.17708817306419403,49.99893442622954,49.99893442622948
41460,0.012528067798353908,0.7757253254278296,0.053057895538558116,0.47790966204391677,0.7757253254278296,0.1766685972956001,49.99893442622948,49.99893442622954
41520,0.012526159670781892,0.7741010640265887,0.05304777390452019,0.4769881035040294,0.7741010640265887,0.1762502707073356,49.99893442622954,49.99893442622948
41580,0.012524274999999998,0.7724818982663452,0.05303770359004381,0.4760694907142355,0.7724818982663452,0.17583320900310817,49.998934426229425,49.99893442622948
41640,0.012522413168724279,0.7708678164922428,0.05302768445774372,0.47515381642405297,0.7708678164922428,0.17541742104014552,49.99893442622954,49.99893442622948
41700,0.01252057355967078,0.7692588068778222,0.05301771627855583,0.4742410732809367,0.7692588068778222,0.17500291259007023,49.99893442622948,49.99893442622948
41760,0.012518755555555556,0.7676548574278637,0.053007798784966614,0.47333125384330726,0.7676548574278637,0.17458968773439765,49.99893442622948,49.99893442622948
41820,0.012516958539094649,0.7660559559812391,0.05299793169191559,0.4724243505886804,0.7660559559812391,0.17417774952975884,49.99893442622948,49.99893442622954
41880,0.012515181893004114,0.7644620902136557,0.0529881147064234,0.47152035591912517,0.7644620902136557,0.1737671003707043,49.998934426229425,49.99893442622948
41940,0.012513425000000002,0.7628732476405466,0.05297834753262058,0.4706192621651396,0.7628732476405466,0.17335774220479855,49.99893442622948,49.99893442622948
42000,0.012511687242798355,0.7612894156197335,0.05296862987395804,0.4697210615885332,0.7612894156197335,0.17294967666795272,49.99893442622954,49.99893442622948
42060,0.012509968004115225,0.7597105813542672,0.05295896143484206,0.4688257463846569,0.7597105813542672,0.1725429051727487,49.99893442622948,49.99893442622948
42120,0.012508266666666667,0.7581367318951164,0.05294934192122253,0.46793330868419364,0.7581367318951164,0.17213742896816722,49.99893442622948,49.99893442622954
42180,0.012506582613168725,0.7565678541438778,0.052939771041207194,0.46704374055464704,0.7565678541438778,0.1717332491806597,49.99893442622948,49.99893442622948
42240,0.012504915226337447,0.7550039348554635,0.05293024850512528,0.46615703400161423,0.7550039348554635,0.1713303668428828,49.99893442622948,49.99893442622954
42300,0.012503263888888888,0.7534449606407356,0.052920774025858174,0.4652731809694867,0.7534449606407356,0.1709287829114563,49.99893442622948,49.99893442622954
42360,0.012501627983539093,0.7518909179692373,0.0529113473185865,0.46439217334375343,0.7518909179692373,0.17052849828836866,49.99893442622948,49.99893442622948
42420,0.012500006893004116,0.750341793171659,0.0529019681012129,0.46351400295062445,0.750341793171659,0.17012951382612104,49.99893442622948,49.99893442622948
42480,0.0124984,0.7487975724425309,0.05289263609417492,0.4626386615583514,0.7487975724425309,0.16973183033500105,49.998934426229425,49.99893442622948
42540,0.012496806687242798,0.7472582418427572,0.05288335101990818,0.46176614087806833,0.7472582418427572,0.1693354485888705,49.99893442622948,49.99893442622948
42600,0.012495226337448559,0.7457237873021486,0.05287411260371051,0.46089643256459967,0.7457237873021486,0.16894036932864348,49.99893442622948,49.99893442622954
42660,0.012493658333333333,0.7441941946219319,0.052864920573210024,0.46002952821725046,0.7441941946219319,0.16854659326474394,49.99893442622948,49.99893442622948
42720,0.012492102057613167,0.7426694494772369,0.0528557746579364,0.4591654193805805,0.7426694494772369,0.16815412107859048,49.99893442622948,49.99893442622948
42780,0.012490556893004113,0.7411495374195463,0.05284667458997627,0.45830409754516926,0.7411495374195463,0.16776295342324435,49.99893442622948,49.99893442622948
42840,0.012489022222222222,0.7396344438791316,0.05283762010341527,0.45744555414837584,0.7396344438791316,0.16737309092381633,49.99893442622948,49.99893442622948
42900,0.01248749742798354,0.7381241541674638,0.05282861093444689,0.4565897805750957,0.7381241541674638,0.16698453417739617,49.99893442622948,49.99893442622948
42960,0.012485981893004115,0.7366186534795544,0.05281964682149033,0.45573676815851405,0.7366186534795544,0.16659728375268334,49.99893442622948,49.99893442622954
43020,0.012484475,0.7351179268962975,0.05281072750471627,0.45488650818086174,0.7351179268962975,0.16621134018960476,49.99893442622954,49.99893442622948
43080,0.012482976131687243,0.7336219593868425,0.052801852726321194,0.45403899187416996,0.7336219593868425,0.16582670399853103,49.99893442622948,49.99893442622948
43140,0.012481484670781891,0.7321307358108541,0.052793022230492724,0.4531942104210275,0.7321307358108541,0.16544337565967257,49.99893442622954,49.99893442622948
43200,0.01248,0.7306442409207725,0.05278423576322489,0.4523521549553386,0.7306442409207725,0.16506135562224067,49.99893442622954,49.99893442622948
43260,0.012478528230452673,0.7291624609565617,0.052775492769933485,0.4515128171136549,0.7291624609565617,0.16468062989288365,49.998934426229425,49.99893442622954
43320,0.01247707522633745,0.7276853835647789,0.052766792600088805,0.4506761890506494,0.7276853835647789,0.16430117945812195,49.99893442622948,49.99893442622948
43380,0.012475640000000001,0.7262129961651821,0.052758134870528224,0.4498422629002041,0.7262129961651821,0.16392299671957275,49.99893442622948,49.99893442622948
43440,0.012474221563786008,0.72474528595455,0.052749519293048684,0.44901103075175225,0.72474528595455,0.16354607740653293,49.99893442622948,49.99893442622954
43500,0.012472818930041152,0.7232822399104436,0.052740945619022164,0.4481824846378796,0.7232822399104436,0.16317041899469772,49.99893442622948,49.99893442622954
43560,0.012471431111111111,0.7218238447950615,0.05273241361949548,0.4473566165284523,0.7218238447950615,0.1627960200628473,49.998934426229425,49.99893442622948
43620,0.012470057119341564,0.7203700871587945,0.05272392307618325,0.4465334183246265,0.7203700871587945,0.1624228799459995,49.99893442622954,49.99893442622954
43680,0.012468695967078187,0.7189209533440287,0.05271547377782421,0.445712881856144,0.7189209533440287,0.1620509985287482,49.99893442622948,49.99893442622948
43740,0.012467346666666669,0.7174764294887865,0.05270706551749883,0.4448949988791734,0.7174764294887865,0.1616803761094535,49.99893442622948,49.99893442622954
43800,0.012466008230452675,0.7160365015302543,0.052698698091801825,0.4440797610748412,0.7160365015302543,0.16131101330515357,49.99893442622954,49.99893442622948
43860,0.012464679670781891,0.7146011552084728,0.05269037129995517,0.4432671600482637,0.7146011552084728,0.1609429109819915,49.99893442622948,49.998934426229425
43920,0.012463359999999998,0.7131703760698339,0.05268208494319354,0.4424571873279562,0.7131703760698339,0.16057607020254908,49.99893442622948,49.99893442622948
43980,0.012462048230452672,0.7117441494706074,0.05267383882465213,0.441649834365535,0.7117441494706074,0.1602104921848916,49.99893442622954,49.99893442622954
44040,0.012460743374485597,0.7103224605804115,0.052665632748877866,0.4408450925356491,0.7103224605804115,0.15984617827004768,49.99893442622954,49.99893442622948
44100,0.012459444444444445,0.7089052943856649,0.052657466522264856,0.44004295313609565,0.7089052943856649,0.15948312989554994,49.99893442622948,49.99893442622948
44160,0.012458150452674897,0.7074926356929969,0.05264933995214018,0.43924340738808876,0.7074926356929969,0.15912134857391086,49.998934426229425,49.99893442622948
44220,0.012456860411522632,0.7060844691326278,0.05264125284726831,0.4384464464366493,0.7060844691326278,0.15876083587443288,49.99893442622948,49.99893442622948
44280,0.012455573333333334,0.70468077916171,0.05263320501731276,0.43765206135110046,0.70468077916171,0.15840159340809695,49.99893442622948,49.99893442622948
44340,0.012454288230452673,0.7032815500676618,0.05262519627330312,0.43686024312564914,0.7032815500676618,0.15804362281458068,49.99893442622948,49.99893442622948
44400,0.012453004115226339,0.7018867659714013,0.05261722642709285,0.43607098268004,0.7018867659714013,0.15768692575121457,49.99893442622948,49.99893442622948
44460,0.01245172,0.7004964108305736,0.052609295291732854,0.43528427086027294,0.7004964108305736,0.1573315038834497,49.99893442622948,49.99893442622948
44520,0.01245043489711934,0.6991104684428363,0.052601402681100064,0.4345000984393722,0.6991104684428363,0.1569773588764679,49.99893442622948,49.99893442622954
44580,0.012449147818930039,0.6977289224490062,0.052593548410036224,0.43371845611821036,0.6977289224490062,0.15662449238854934,49.99893442622948,49.998934426229425
44640,0.01244785777777778,0.6963517563361256,0.05258573229433039,0.43293933452633393,0.6963517563361256,0.15627290606270747,49.99893442622954,49.99893442622948
44700,0.01244656378600823,0.6949789534406605,0.05257795415052957,0.4321627242228783,0.6949789534406605,0.15592260152375023,49.99893442622948,49.99893442622948
44760,0.012445264855967078,0.6936104969515253,0.052570213796336356,0.4313886156974722,0.6936104969515253,0.15557358037186672,49.99893442622948,49.99893442622948
44820,0.012443959999999999,0.6922463699131252,0.052562511049865944,0.4306169993711765,0.6922463699131252,0.15522584417851468,49.99893442622948,49.99893442622954
44880,0.012442648230452677,0.690886555228354,0.0525548457302875,0.42984786559744254,0.690886555228354,0.15487939448248259,49.99893442622948,49.99893442622948
44940,0.012441328559670782,0.6895310356615264,0.05254721765750517,0.4290812046626649,0.6895310356615264,0.15453423278452097,49.998934426229425,49.99893442622948
45000,0.01244,0.6881797938414206,0.0525396266522342,0.42831700678846285,0.6881797938414206,0.15419036054938534,49.99893442622948,49.99893442622948
45060,0.012438666666666666,0.6868328133655274,0.052532072328113306,0.42755526251580905,0.6868328133655274,0.15384776870905947,49.998934426229425,49.99893442622948
45120,0.012437333333333333,0.6854900789274558,0.05252455419752755,0.4267959627812716,0.6854900789274558,0.15350644282783343,49.998934426229425,49.99893442622948
45180,0.012436,0.6841515752766342,0.052517071926524696,0.4260390985775039,0.6841515752766342,0.15316637527837937,49.99893442622948,49.99893442622948
45240,0.012434666666666667,0.682817287217969,0.05250962523502346,0.42528466094086315,0.682817287217969,0.15282756010108234,49.99893442622954,49.99893442622948
45300,0.012433333333333333,0.6814871996117249,0.0525022138656333,0.4245326409457544,0.6814871996117249,0.15248999209982095,49.99893442622948,49.99893442622954
45360,0.012431999999999999,0.6801612973732721,0.052494837571924954,0.4237830297014907,0.6801612973732721,0.15215366650283832,49.998934426229425,49.99893442622948
45420,0.012430666666666666,0.6788395654728817,0.05248749611429905,0.4230358183503612,0.6788395654728817,0.1518185787996436,49.99893442622948,49.99893442622954
45480,0.012429333333333332,0.6775219889355194,0.05248018925734483,0.4222909980663646,0.6775219889355194,0.15148472465088506,49.99893442622954,49.99893442622948
45540,0.012428,0.6762085528406466,0.05247291676918857,0.4215485600543421,0.6762085528406466,0.15115209983434466,49.99893442622948,49.998934426229425
45600,0.012426666666666666,0.6748992423220179,0.05246567842060011,0.42080849554936123,0.6748992423220179,0.15082070021053773,49.99893442622954,49.99893442622954
45660,0.012425333333333332,0.6735940425675127,0.05245847398475035,0.42007079581627244,0.6735940425675127,0.15049052169961902,49.998934426229425,49.998934426229425
45720,0.012424,0.6722929388188421,0.05245130323684801,0.41933545214937695,0.6722929388188421,0.1501615602659018,49.99893442622948,49.99893442622954
45780,0.012422666666666667,0.6709959163714755,0.05244416595443236,0.41860245587217987,0.6709959163714755,0.14983381190646483,49.99893442622948,49.998934426229425
45840,0.012421333333333331,0.6697029605743914,0.052437061916589055,0.41787179833719823,0.6697029605743914,0.1495072726435041,49.99893442622948,49.99893442622948
45900,0.012419999999999999,0.6684140568298981,0.052429990904436334,0.4171434709258143,0.6684140568298981,0.14918193851828843,49.99893442622948,49.99893442622954
45960,0.012418666666666666,0.6671291905934519,0.05242295270095154,0.41641746504815896,0.6671291905934519,0.14885780558705675,49.99893442622948,49.99893442622948
46020,0.012417333333333332,0.6658483473734623,0.052415947090687434,0.41569377214301734,0.6658483473734623,0.14853486991780585,49.99893442622948,49.998934426229425
46080,0.012416,0.6645715127311462,0.05240897386022279,0.41497238367775435,0.6645715127311462,0.14821312758790617,49.998934426229425,49.99893442622954
46140,0.012414666666666666,0.6632986722802521,0.05240203279759203,0.41425329114825027,0.6632986722802521,0.1478925746824305,49.99893442622948,49.99893442622948
46200,0.012413333333333334,0.6620298116869915,0.0523951236926092,0.41353648607884785,0.6620298116869915,0.14757320729272674,49.99893442622948,49.99893442622954
46260,0.012412,0.6607649166698161,0.052388246336927666,0.41282196002230664,0.6607649166698161,0.1472550215155658,49.99893442622954,49.99893442622948
46320,0.012410666666666667,0.6595039729992391,0.052381400523636476,0.4121097045597608,0.6595039729992391,0.14693801345236457,49.99893442622948,49.99893442622948
46380,0.012409333333333333,0.6582469664977043,0.05237458604759566,0.411399711300683,0.6582469664977043,0.14662217920868179,49.99893442622948,49.998934426229425
46440,0.012408,0.6569938830393043,0.052367802705367304,0.4106919718828491,0.6569938830393043,0.14630751489395405,49.99893442622948,49.99893442622948
46500,0.012406666666666667,0.6557447085497363,0.05236105029506695,0.40998647797230636,0.6557447085497363,0.14599401662109682,49.99893442622954,49.99893442622948
46560,0.012405333333333332,0.654499429006077,0.05235432861642778,0.40928322126334066,0.654499429006077,0.14568168050652394,49.998934426229425,49.998934426229425
46620,0.012403999999999998,0.6532580304366171,0.052347637470787016,0.40858219347844704,0.6532580304366171,0.14537050266998097,49.99893442622948,49.99893442622948
46680,0.012402666666666666,0.6520204989207096,0.05234097666111494,0.40788338636829763,0.6520204989207096,0.14506047923455406,49.99893442622948,49.99893442622948
46740,0.012401333333333334,0.65078682058859,0.052334345991952747,0.40718679171171135,0.65078682058859,0.14475160632678605,49.99893442622954,49.99893442622948
46800,0.0124,0.6495569816212212,0.05232774526947741,0.40649240131562253,0.6495569816212212,0.1444438800765729,49.99893442622948,49.998934426229425
46860,0.012398660529100528,0.6483309670403669,0.05232117452944554,0.40580020658858124,0.6483309670403669,0.14413730874724284,49.99893442622948,49.99893442622948
46920,0.012397309629629628,0.6471087608933228,0.052314633860780876,0.4051101985701703,0.6471087608933228,0.14383190347077696,49.99893442622954,49.99893442622954
46980,0.012395948571428572,0.6458903475539811,0.05230812313417684,0.4044223683725108,0.6458903475539811,0.14352766456653646,49.998934426229425,49.99893442622948
47040,0.012394578624338624,0.6446757117186457,0.05230164214295506,0.4037367072039263,0.6446757117186457,0.14322458902947405,49.99893442622948,49.99893442622948
47100,0.012393201058201056,0.6434648384017501,0.052295190649747365,0.4030532063813217,0.6434648384017501,0.14292267204879766,49.99893442622948,49.99893442622948
47160,0.012391817142857142,0.6422577129318109,0.052288768403275857,0.4023718573373979,0.6422577129318109,0.14262190765010646,49.99893442622948,49.99893442622948
47220,0.012390428148148148,0.6410543209474484,0.05228237514657593,0.4016926516269317,0.6410543209474484,0.14232228904880526,49.99893442622948,49.99893442622948
47280,0.012389035343915344,0.6398546483932002,0.05227601062020787,0.40101558092903067,0.6398546483932002,0.14202380885982502,49.99893442622948,49.99893442622954
47340,0.01238764,0.6386586815155205,0.052269674564105126,0.40034063704999495,0.6386586815155205,0.14172645924253047,49.99893442622948,49.99893442622948
47400,0.012386243386243384,0.6374664068589415,0.05226336671909014,0.39966781192502726,0.6374664068589415,0.14143023200292226,49.99893442622948,49.99893442622948
47460,0.012384846772486772,0.6362778112621147,0.0522570868269729,0.39899709761939794,0.6362778112621147,0.14113511866939968,49.99893442622954,49.99893442622954
47520,0.012383451428571429,0.6350928818539466,0.05225083463168954,0.3983284863291967,0.6350928818539466,0.1408411105507236,49.99893442622948,49.99893442622948
47580,0.012382058624338624,0.6339116060497734,0.05224460987894835,0.39766197038176154,0.6339116060497734,0.14054819878164776,49.99893442622948,49.99893442622948
47640,0.01238066962962963,0.6327339715475745,0.05223841231664378,0.39699754223584927,0.6327339715475745,0.1402563743595223,49.99893442622948,49.998934426229425
47700,0.012379285714285714,0.6315599663242234,0.05223224169511698,0.3963351944815975,0.6315599663242234,0.13996562817410863,49.99893442622948,49.99893442622948
47760,0.012377908148148148,0.6303895786317638,0.052226097766906426,0.39567491984031516,0.6303895786317638,0.13967595103245445,49.99893442622948,49.99893442622954
47820,0.012376538201058203,0.6292227969937401,0.052219980287032654,0.3950167111641279,0.6292227969937401,0.13938733367958017,49.99893442622954,49.998934426229425
47880,0.012375177142857142,0.6280596102015387,0.05221388901318017,0.39436056143550535,0.6280596102015387,0.1390997668161005,49.99893442622948,49.99893442622948
47940,0.012373826243386243,0.6269000073108187,0.05220782370524627,0.3937064637666842,0.6269000073108187,0.13881324111338839,49.99893442622948,49.99893442622948
48000,0.012372486772486771,0.6257439776378486,0.052201784125713246,0.3930544113990068,0.6257439776378486,0.13852774722670166,49.99893442622948,49.998934426229425
48060,0.012371159999999999,0.6245915107559527,0.05219577003961166,0.3924043977021744,0.6245915107559527,0.13824327580564402,49.99893442622954,49.99893442622948
48120,0.012369847195767194,0.6234425964921037,0.05218978121440094,0.3917564161734489,0.6234425964921037,0.13795981750513178,49.998934426229425,49.99893442622948
48180,0.01236854962962963,0.6222972249233506,0.052183817420079985,0.3911104604367894,0.6222972249233506,0.1376773629935432,49.998934426229425,49.998934426229425
48240,0.012367268571428572,0.6211553863733662,0.05217787842918487,0.3904665242419396,0.6211553863733662,0.13739590296032467,49.99893442622948,49.99893442622948
48300,0.01236600529100529,0.6200170714090103,0.052171964016589134,0.38982460146347153,0.6200170714090103,0.13711542812286043,49.99893442622948,49.99893442622954
48360,0.012364761058201057,0.6188822708369247,0.052166073959794,0.3891846860997914,0.6188822708369247,0.13683592923243953,49.998934426229425,49.99893442622948
48420,0.012363537142857144,0.6177509757001781,0.05216020803865548,0.3885467722721101,0.6177509757001781,0.1365573970796472,49.99893442622954,49.99893442622954
48480,0.012362334814814814,0.6166231772748078,0.05215436603547729,0.38791085422338306,0.6166231772748078,0.13627982249922305,49.99893442622948,49.99893442622948
48540,0.012361155343915343,0.6154988670666061,0.05214854773509232,0.3872769263172241,0.6154988670666061,0.13600319637428362,49.99893442622948,49.99893442622948
48600,0.01236,0.6143780368077626,0.05214275292470953,0.38664498303679323,0.6143780368077626,0.13572750964025873,49.99893442622954,49.99893442622948
48660,0.012358871111111112,0.6132606786442902,0.05213698135775676,0.3860150190516121,0.6132606786442902,0.13545275127544362,49.99893442622954,49.99893442622948
48720,0.012357768888888888,0.6121467847495637,0.052131232849022324,0.38538702908568945,0.6121467847495637,0.13517891359559545,49.99893442622948,49.99893442622948
48780,0.012356691428571428,0.6110363469448706,0.05212550730831234,0.3847610077741579,0.6110363469448706,0.13490599403178624,49.99893442622948,49.99893442622948
48840,0.012355636825396825,0.6099293567049555,0.05211980468258504,0.3841369496488539,0.6099293567049555,0.13463399214295138,49.99893442622948,49.99893442622948
48900,0.012354603174603174,0.6088258051633693,0.052114124935572374,0.38351484912977574,0.6088258051633693,0.13436290882347376,49.99893442622948,49.99893442622948
48960,0.01235358857142857,0.6077256831180408,0.05210846803938966,0.3828947005194463,0.6077256831180408,0.13409274590927342,49.99893442622954,49.99893442622948
49020,0.012352591111111111,0.6066289810366008,0.05210283397080927,0.3822764979990236,0.6066289810366008,0.13382350593904704,49.99893442622948,49.99893442622948
49080,0.012351608888888888,0.605535689061731,0.05209722270907447,0.3816602356255835,0.605535689061731,0.13355519199365928,49.99893442622948,49.99893442622948
49140,0.01235064,0.6044457970164594,0.052091634234977605,0.3810459073302356,0.6044457970164594,0.13328780758065492,49.99893442622948,49.99893442622948
49200,0.012349682539682539,0.6033592944094106,0.05208606852984234,0.38043350691686495,0.6033592944094106,0.1330213565476096,49.998934426229425,49.99893442622954
49260,0.012348734603174602,0.6022761704400128,0.05208052557541177,0.3798230280613556,0.6022761704400128,0.13275584301449267,49.99893442622948,49.99893442622948
49320,0.012347794285714286,0.6011964140036489,0.0520750053531685,0.37921446431119565,0.6011964140036489,0.1324912713200856,49.99893442622948,49.99893442622948
49380,0.012346859682539683,0.6001200136967595,0.052069507844507854,0.3786078090853893,0.6001200136967595,0.1322276459782227,49.99893442622948,49.99893442622954
49440,0.012345928888888889,0.599046957821894,0.05206403303045854,0.37800305567462217,0.599046957821894,0.13196497164160972,49.99893442622948,49.99893442622948
49500,0.012344999999999998,0.5979772343927086,0.052058580891307035,0.37740019724163326,0.5979772343927086,0.13170325307177216,49.998934426229425,49.99893442622954
49560,0.012344071111111111,0.5969108311389116,0.052053151407114515,0.3767992268217627,0.5969108311389116,0.1314424951133079,49.99893442622954,49.99893442622948
49620,0.01234314031746032,0.5958477355111506,0.05204774455711548,0.3762001373236458,0.5958477355111506,0.1311827026722033,49.99893442622948,49.99893442622948
49680,0.012342205714285714,0.594787934685883,0.052042360319909754,0.37560292153003166,0.594787934685883,0.13092388069697897,49.998934426229425,49.998934426229425
49740,0.012341265396825398,0.5937314155700583,0.052036998673498064,0.3750075720987075,0.5937314155700583,0.1306660341623678,49.99893442622954,49.99893442622954
49800,0.012340317460317461,0.5926781648058734,0.052031659595075844,0.374414081563513,0.5926781648058734,0.13040916805530292,49.99893442622948,49.99893442622948
49860,0.01233936,0.5916281687754967,0.052026343061285577,0.3738224423354329,0.5916281687754967,0.130153287362293,49.998934426229425,49.99893442622948
49920,0.01233839111111111,0.590581413605615,0.052021049047858585,0.3732326467037531,0.590581413605615,0.12989839705878453,49.99893442622948,49.99893442622954
49980,0.012337408888888889,0.5895378851719719,0.05201577752987158,0.37264468683727586,0.5895378851719719,0.12964450209933437,49.99893442622948,49.99893442622948
50040,0.01233641142857143,0.5884975691038478,0.052010528481718214,0.37205855478558025,0.5884975691038478,0.1293916074092803,49.99893442622948,49.99893442622948
50100,0.012335396825396826,0.5874604507884761,0.052005301876986,0.37147424248032396,0.5874604507884761,0.1291397178771889,49.99893442622948,49.99893442622948
50160,0.012334363174603175,0.5864265153753908,0.05200009768844508,0.3708917417365794,0.5864265153753908,0.12888883834818976,49.99893442622948,49.99893442622948
50220,0.012333308571428572,0.5853957477807196,0.051994915888238576,0.3703110442541973,0.5853957477807196,0.12863897361806556,49.99893442622948,49.99893442622948
50280,0.012332231111111112,0.5843681326914053,0.051989756447805506,0.3697321416191941,0.5843681326914053,0.12839012842802006,49.99893442622948,49.99893442622954
50340,0.012331128888888888,0.5833436545693634,0.05198461933768822,0.3691550253051569,0.5833436545693634,0.12814230746001845,49.99893442622948,49.99893442622954
50400,0.01233,0.58232229765558,0.05197950452781546,0.36857968667466495,0.58232229765558,0.12789551533260074,49.99893442622948,49.99893442622948
50460,0.01232883851851852,0.5813040453120502,0.051974412113573384,0.36800611674211736,0.5813040453120502,0.12764976395956162,49.998934426229425,49.998934426229425
50520,0.01232764148148148,0.5802888805220839,0.05196934214342449,0.3674343063330311,0.5802888805220839,0.12740506244015304,49.99893442622954,49.99893442622948
50580,0.012326411428571429,0.5792767867974207,0.05196429447789758,0.36686424641378884,0.5792767867974207,0.12716140936681958,49.99893442622954,49.99893442622948
50640,0.0123251508994709,0.5782677481709568,0.051959268907686436,0.36629592811828143,0.5782677481709568,0.12691879951240065,49.998934426229425,49.99893442622948
50700,0.012323862433862433,0.5772617491899067,0.051954265194033095,0.3657293427629399,0.5772617491899067,0.12667722539246282,49.99893442622948,49.99893442622954
50760,0.012322548571428572,0.5762587749088072,0.05194928308460115,0.36516448185642053,0.5762587749088072,0.12643667799048836,49.99893442622954,49.99893442622954
50820,0.012321211851851853,0.5752588108826924,0.05194432232082199,0.3646013371062247,0.5752588108826924,0.1261971471767498,49.99893442622948,49.99893442622948
50880,0.012319854814814814,0.5742618431603753,0.05193938264150474,0.3640399004233471,0.5742618431603753,0.12595862198004912,49.998934426229425,49.99893442622948
50940,0.012318480000000001,0.5732678582778101,0.05193446378490523,0.363480163925557,0.5732678582778101,0.12572109077744387,49.998934426229425,49.99893442622954
51000,0.012317089947089948,0.5722768432515868,0.05192956548993488,0.3629221199396858,0.5722768432515868,0.12548454143356208,49.998934426229425,49.99893442622948
51060,0.012315687195767195,0.5712887855723009,0.051924687496989225,0.3623657610031512,0.5712887855723009,0.1252489614071457,49.99893442622954,49.99893442622948
51120,0.012314274285714287,0.5703036731983615,0.05191982954827964,0.36181107986491107,0.5703036731983615,0.12501433783361796,49.998934426229425,49.99893442622948
51180,0.012312853756613756,0.5693214945495962,0.051914991388318954,0.3612580694859416,0.5693214945495962,0.12478065759212392,49.99893442622954,49.99893442622948
51240,0.01231142814814815,0.5683422385010182,0.05191017276387401,0.36070672303934104,0.5683422385010182,0.12454790735993365,49.99893442622954,49.99893442622954
51300,0.01231,0.5673658943766902,0.05190537342454714,0.36015703391012266,0.5673658943766902,0.12431607365746399,49.99893442622948,49.99893442622948
51360,0.012308571851851854,0.5663924519435078,0.05190059312231813,0.35960899569474974,0.5663924519435078,0.12408514288607181,49.99893442622948,49.99893442622948
51420,0.012307146243386245,0.5654219014053541,0.05189583161194155,0.3590626022004542,0.5654219014053541,0.1238551013599944,49.99893442622954,49.99893442622954
51480,0.012305725714285716,0.5644542333968872,0.051891088651110154,0.35851784744437015,0.5644542333968872,0.12362593533373634,49.99893442622948,49.99893442622948
51540,0.012304312804232805,0.5634894389778325,0.05188636400006447,0.3579747256525094,0.5634894389778325,0.12339763102576834,49.99893442622948,49.99893442622948
51600,0.012302910052910053,0.5625275096270248,0.05188165742191297,0.35743323125860055,0.5625275096270248,0.12317017463889426,49.99893442622948,49.99893442622948
51660,0.01230152,0.5615684372366058,0.0518769686826159,0.356893358902811,0.5615684372366058,0.12294355237813548,49.99893442622948,49.99893442622948
51720,0.012300145185185187,0.5606122141062652,0.051872297550851425,0.3563551034303632,0.5606122141062652,0.12271775046646399,49.99893442622948,49.99893442622948
51780,0.012298788148148148,0.5596588329375245,0.051867643798003606,0.3558184598900609,0.5596588329375245,0.1224927551586793,49.99893442622948,49.99893442622948
51840,0.01229745142857143,0.5587082868280683,0.051863007198403366,0.35528342353273545,0.5587082868280683,0.1222685527535216,49.99893442622948,49.99893442622954
51900,0.012296137566137566,0.5577605692661203,0.05185838752896902,0.3547499898096195,0.5577605692661203,0.12204512960474646,49.99893442622948,49.99893442622954
51960,0.0122948491005291,0.5568156741248491,0.051853784569542004,0.35421815437065696,0.5568156741248491,0.12182247213074612,49.99893442622954,49.99893442622954
52020,0.012293588571428574,0.5558735956568251,0.05184919810256928,0.35368791306275554,0.5558735956568251,0.12160056682328964,49.99893442622948,49.99893442622948
52080,0.01229235851851852,0.5549343284885009,0.05184462791321557,0.35315926192798763,0.5549343284885009,0.12137940025534022,49.99893442622954,49.99893442622948
52140,0.012291161481481482,0.5539978676147331,0.0518400737895187,0.3526321972017448,0.5539978676147331,0.12115895908803039,49.998934426229425,49.99893442622948
52200,0.01229,0.5530642083933296,0.05183553552214011,0.3521067153108475,0.5530642083933296,0.1209392300770947,49.998934426229425,49.99893442622954
52260,0.012288866507936508,0.5521333450134899,0.05183101319871938,0.3515828123151646,0.5521333450134899,0.12072021791867182,49.99893442622948,49.99893442622948
52320,0.012287751111111111,0.5512052701625204,0.05182650708585877,0.3510604837357347,0.5512052701625204,0.12050193789058425,49.99893442622948,49.99893442622948
52380,0.012286652857142857,0.5502799763904171,0.05182201726333398,0.3505397250106543,0.5502799763904171,0.12028439482558201,49.99893442622954,49.99893442622948
52440,0.012285570793650795,0.5493574561123361,0.05181754374736729,0.3500205315118405,0.5493574561123361,0.12006759139137005,49.998934426229425,49.99893442622954
52500,0.012284503968253967,0.5484377016106954,0.05181308652912975,0.3495028985518568,0.5484377016106954,0.11985152941350943,49.998934426229425,49.99893442622948
52560,0.012283451428571427,0.5475207050373737,0.05180864558874291,0.34898682138733633,0.5475207050373737,0.11963621032854334,49.99893442622948,49.99893442622954
52620,0.012282412222222223,0.5466064584158878,0.05180422090072852,0.3484722952209317,0.5466064584158878,0.11942163538066496,49.99893442622948,49.998934426229425
52680,0.012281385396825396,0.5456949536435424,0.05179981243638613,0.3479593152025416,0.5456949536435424,0.1192078057177494,49.99893442622948,49.99893442622948
52740,0.01228037,0.544786182493588,0.0517954201651722,0.3474478764301632,0.544786182493588,0.11899472244119955,49.99893442622954,49.998934426229425
52800,0.01227936507936508,0.5438801366173166,0.051791044055310965,0.34693797395054143,0.5438801366173166,0.11878238663245178,49.99893442622948,49.99893442622948
52860,0.012278369682539684,0.5429768075461775,0.051786684074214384,0.3464296027597089,0.5429768075461775,0.11857079936699932,49.99893442622954,49.99893442622948
52920,0.012277382857142858,0.5420761866938543,0.05178234018867659,0.34592275780347176,0.5420761866938543,0.11835996172110642,49.998934426229425,49.99893442622948
52980,0.012276403650793652,0.5411782653583292,0.051778012364983604,0.3454174339778695,0.5411782653583292,0.11814987477455371,49.99893442622948,49.99893442622954
53040,0.012275431111111113,0.5402830347239269,0.051773700569071664,0.344913626129629,0.5402830347239269,0.11794053961082963,49.99893442622954,49.99893442622954
53100,0.012274464285714286,0.5393904858634552,0.05176940476657537,0.34441132905662436,0.5393904858634552,0.11773195731582993,49.998934426229425,49.99893442622948
53160,0.012273502222222222,0.5385006097398458,0.051765124922934044,0.34391053750833545,0.5385006097398458,0.11752412897670392,49.99893442622948,49.99893442622948
53220,0.012272543968253969,0.5376133972084723,0.051760861003181585,0.34341124618633484,0.5376133972084723,0.11731705567822001,49.99893442622948,49.99893442622948
53280,0.012271588571428573,0.5367288390190726,0.05175661297229923,0.3429134497447808,0.5367288390190726,0.11711073850088029,49.99893442622948,49.99893442622948
53340,0.012270635079365079,0.5358469258176308,0.05175238079494695,0.34241714279092555,0.5358469258176308,0.11690517851825055,49.998934426229425,49.99893442622948
53400,0.012269682539682539,0.5349676481483001,0.05174816443569863,0.34192231988563815,0.5349676481483001,0.11670037679423757,49.99893442622948,49.99893442622954
53460,0.012268729999999999,0.5340909964553079,0.05174396385886707,0.3414289755439419,0.5340909964553079,0.11649633438064226,49.99893442622948,49.99893442622948
53520,0.012267776507936508,0.5332169610848302,0.05173977902868359,0.34093710423556395,0.5332169610848302,0.11629305231467246,49.99893442622948,49.99893442622948
53580,0.01226682111111111,0.5323455322868544,0.05173560990912842,0.3404467003854962,0.5323455322868544,0.11609053161689545,49.99893442622948,49.99893442622948
53640,0.012265862857142857,0.5314767002170093,0.05173145646402203,0.3399577583745684,0.5314767002170093,0.11588877328887462,49.99893442622948,49.99893442622948
53700,0.012264900793650795,0.5306104549383766,0.05172731865708477,0.33947027254002893,0.5306104549383766,0.11568777831146149,49.99893442622948,49.99893442622954
53760,0.012263933968253968,0.5297467864232906,0.05172319645191359,0.3389842371761345,0.5297467864232906,0.11548754764290078,49.99893442622954,49.99893442622954
53820,0.01226296142857143,0.5288856845550937,0.051719089811821585,0.3384996465347473,0.5288856845550937,0.1152880822172413,49.998934426229425,49.998934426229425
53880,0.012261982222222221,0.5280271391299641,0.05171499870009502,0.3380164948259379,0.5280271391299641,0.11508938294281224,49.99893442622948,49.99893442622954
53940,0.012260995396825396,0.5271711398584736,0.05171092307975301,0.3375347762188674,0.5271711398584736,0.11489145070196301,49.99893442622948,49.99893442622954
54000,0.01226,0.5263176763673,0.05170686291375006,0.33705448484156275,0.5263176763673,0.11469428634732998,49.998934426229425,49.99893442622948
54060,0.012258993555555554,0.5254667379902206,0.0517028182061207,0.3365756147045214,0.5254667379902206,0.1144978932937079,49.99893442622948,49.99893442622948
54120,0.012257975111111112,0.5246183139829934,0.051698788934873466,0.3360981597726774,0.5246183139829934,0.1143022732460712,49.99893442622948,49.99893442622948
54180,0.012256946000000001,0.5237723938394895,0.05169477500741805,0.33562211408508796,0.5237723938394895,0.11410742361760871,49.99893442622948,49.99893442622948
54240,0.012255907555555556,0.522928967288699,0.051690776304645206,0.3351474717658949,0.522928967288699,0.11391334025302673,49.99893442622948,49.99893442622948
54300,0.012254861111111112,0.5220880242917753,0.05168679269612069,0.3346742270304516,0.5220880242917753,0.11372001807718186,49.99893442622948,49.998934426229425
54360,0.012253808000000001,0.5212495550391105,0.05168282404651993,0.33420237418921056,0.5212495550391105,0.11352745139834741,49.99893442622948,49.99893442622954
54420,0.012252749555555558,0.5204135499474374,0.05167887021819415,0.33373190765032335,0.5204135499474374,0.11333563408360811,49.99893442622948,49.99893442622954
54480,0.012251687111111109,0.5195799996569715,0.051674931072766,0.33326282192141377,0.5195799996569715,0.11314455967228118,49.99893442622948,49.99893442622948
54540,0.012250622000000001,0.5187488950285786,0.05167100647191051,0.3327951116107806,0.5187488950285786,0.11295422145506093,49.99893442622948,49.99893442622954
54600,0.012249555555555555,0.5179202271409733,0.05166709627784115,0.3323287714281833,0.5179202271409733,0.11276461253184204,49.99893442622948,49.99893442622948
54660,0.01224848911111111,0.517093987288028,0.051663200353710755,0.3318637961853163,0.517093987288028,0.11257572585552124,49.99893442622948,49.99893442622948
54720,0.012247424,0.5162701669757606,0.05165931856352836,0.3314001807960397,0.5162701669757606,0.11238755426625187,49.99893442622948,49.998934426229425
54780,0.012246361555555557,0.515448757919935,0.05165545077270826,0.3309379202764188,0.515448757919935,0.11220009051873354,49.99893442622948,49.998934426229425
54840,0.01224530311111111,0.5146297520432318,0.05165159684783794,0.3304770097446079,0.5146297520432318,0.11201332730439316,49.99893442622954,49.99893442622948
54900,0.01224425,0.5138131414725935,0.05164775665678881,0.33001744442060826,0.5138131414725935,0.11182725726962105,49.99893442622948,49.99893442622954
54960,0.012243203555555556,0.5129989185366416,0.05164393006880332,0.3295592196259209,0.5129989185366416,0.11164187303095921,49.998934426229425,49.99893442622948
55020,0.012242165111111113,0.5121870757629479,0.05164011695445839,0.3291023307831122,0.5121870757629479,0.11145716718791261,49.99893442622954,49.99893442622948
55080,0.012241136000000001,0.5113776058754285,0.05163631718579253,0.3286467734153,0.5113776058754285,0.11127313233426392,49.99893442622948,49.99893442622948
55140,0.012240117555555556,0.5105705017919716,0.051632530636099364,0.32819254314558716,0.5105705017919716,0.11108976106671666,49.99893442622948,49.99893442622954
55200,0.012239111111111112,0.5097657566217553,0.051628757180240265,0.32773963569643255,0.5097657566217553,0.11090704599339764,49.99893442622948,49.99893442622948
55260,0.012238118000000003,0.508963363662743,0.051624996694231984,0.3272880468889795,0.508963363662743,0.1107249797408101,49.998934426229425,49.998934426229425
55320,0.012237139555555557,0.5081633163991857,0.051621249055701056,0.32683777264234243,0.5081633163991857,0.11054355495986204,49.99893442622948,49.99893442622948
55380,0.01223617711111111,0.5073656084991397,0.051617514143368966,0.3263888089728585,0.5073656084991397,0.11036276433137335,49.998934426229425,49.998934426229425
55440,0.012235232,0.506570233812089,0.0516137918375599,0.32594115199331114,0.506570233812089,0.11018260057046099,49.998934426229425,49.99893442622948
55500,0.012234305555555557,0.5057771863662263,0.0516100820197988,0.32549479791212177,0.5057771863662263,0.1100030564310427,49.99893442622948,49.99893442622948
55560,0.012233399111111114,0.5049864603663579,0.051606384573020914,0.3250497430325243,0.5049864603663579,0.10982412470921825,49.99893442622954,49.99893442622948
55620,0.012232514,0.5041980501913526,0.05160269938135761,0.3246059837517144,0.5041980501913526,0.10964579824661297,49.99893442622948,49.99893442622948
55680,0.012231651555555558,0.5034119503917676,0.05159902633041828,0.3241635165599823,0.5034119503917676,0.10946806993329895,49.998934426229425,49.99893442622948
55740,0.012230813111111113,0.5026281556874781,0.051595365307048634,0.32372233803982914,0.5026281556874781,0.10929093271030324,49.998934426229425,49.99893442622948
55800,0.012230000000000001,0.5018466609653229,0.05159171619928018,0.32328244486506835,0.5018466609653229,0.1091143795719621,49.99893442622948,49.998934426229425
55860,0.012229208740740741,0.501067460665087,0.0515880790180408,0.3228438335711515,0.501067460665087,0.10893841145999261,49.99893442622948,49.99893442622948
55920,0.012228434370370371,0.5002905485984084,0.0515844538577976,0.3224065004659289,0.5002905485984084,0.10876303451186661,49.99893442622954,49.99893442622954
55980,0.012227676,0.4995159184726568,0.05158084074471714,0.32197044180640455,0.4995159184726568,0.10858825064064222,49.998934426229425,49.99893442622948
56040,0.012226932740740739,0.49874356389262814,0.051577239681844536,0.3215356538047906,0.49874356389262814,0.10841406101054389,49.99893442622954,49.99893442622948
56100,0.012226203703703703,0.4979734783623273,0.05157365066354688,0.32110213263092185,0.4979734783623273,0.10824046654755963,49.998934426229425,49.99893442622948
56160,0.012225488000000003,0.4972056552863125,0.051570073680139134,0.32066987441264205,0.4972056552863125,0.10806746809566305,49.99893442622954,49.99893442622948
56220,0.012224784740740742,0.49644008797173356,0.05156650871989644,0.3202388752369903,0.49644008797173356,0.10789506647924128,49.99893442622948,49.99893442622948
56280,0.012224093037037037,0.49567676962989105,0.051562955769957945,0.31980913115034454,0.49567676962989105,0.1077232625281024,49.99893442622948,49.99893442622948
56340,0.012223412,0.494915693377585,0.05155941481659601,0.3193806381587045,0.494915693377585,0.10755205708653763,49.99893442622948,49.99893442622948
56400,0.01222274074074074,0.49415685223906713,0.05155588584555694,0.31895339222795643,0.49415685223906713,0.10738145101539338,49.99893442622948,49.99893442622948
56460,0.012222078370370369,0.4934002391474936,0.05155236884193262,0.318527389284141,0.4934002391474936,0.10721144519098054,49.99893442622954,49.99893442622954
56520,0.012221424,0.49264584694651375,0.05154886379063327,0.31810262521373633,0.49264584694651375,0.1070420405022146,49.99893442622948,49.998934426229425
56580,0.012220776740740744,0.4918936683918403,0.05154537067604798,0.3176790958639627,0.4918936683918403,0.10687323784742567,49.99893442622948,49.99893442622954
56640,0.012220135703703705,0.4911436961528755,0.05154188948214606,0.31725679704310983,0.4911436961528755,0.10670503813069061,49.99893442622948,49.99893442622948
56700,0.012219500000000001,0.4903959228139943,0.05153842019272766,0.31683572452088404,0.4903959228139943,0.10653744225839712,49.998934426229425,49.99893442622954
56760,0.01221886874074074,0.4896503408763664,0.051534962791156734,0.3164158740287797,0.4896503408763664,0.10637045113581266,49.99893442622954,49.99893442622948
56820,0.012218241037037038,0.48890694275932683,0.05153151726054251,0.3159972412604669,0.48890694275932683,0.10620406566406689,49.998934426229425,49.99893442622948
56880,0.012217616,0.4881657208018754,0.051528083583670455,0.3155798218721992,0.4881657208018754,0.10603828673717562,49.99893442622948,49.99893442622948
56940,0.01221699274074074,0.4874266672641495,0.05152466174302529,0.3151636114832342,0.4874266672641495,0.1058731152395316,49.99893442622948,49.998934426229425
57000,0.01221637037037037,0.4866897743288714,0.05152125172089013,0.31474860567627,0.4866897743288714,0.10570855204344337,49.99893442622948,49.99893442622948
57060,0.012215748,0.48595503410282787,0.05151785349915958,0.3143347999978936,0.48595503410282787,0.10554459800707319,49.99893442622948,49.99893442622954
57120,0.01221512474074074,0.48522243861833686,0.05151446705959813,0.3139221899590389,0.48522243861833686,0.10538125397237066,49.99893442622948,49.99893442622948
57180,0.012214499703703705,0.4844919798343733,0.05151109238358187,0.31351077103545416,0.4844919798343733,0.10521852076347986,49.99893442622948,49.99893442622954
57240,0.012213872000000002,0.4837636496383181,0.05150772945228893,0.3131005386681784,0.4837636496383181,0.10505639918509509,49.99893442622948,49.99893442622948
57300,0.012213240740740742,0.4830374398471746,0.05150437824662861,0.31269148826402304,0.4830374398471746,0.10489489002104194,49.99893442622948,49.998934426229425
57360,0.012212605037037038,0.48231334220893807,0.05150103874731458,0.3122836151960598,0.48231334220893807,0.10473399403306347,49.99893442622948,49.998934426229425
57420,0.012211964,0.48159134840393525,0.051497710934770353,0.31187691480411306,0.48159134840393525,0.10457371195973238,49.99893442622948,49.99893442622948
57480,0.012211316740740741,0.4808714500461541,0.051494394789211966,0.31147138239525485,0.4808714500461541,0.10441404451547749,49.99893442622948,49.99893442622954
57540,0.012210662370370372,0.48015363868454897,0.05149109029055242,0.3110670132443036,0.48015363868454897,0.10425499238956946,49.99893442622954,49.99893442622948
57600,0.01221,0.4794379058045597,0.05148779741862605,0.3106638025944587,0.4794379058045597,0.10409655624684157,49.99893442622948,49.99893442622948
57660,0.012209326172839506,0.47872424252931883,0.05148451621332947,0.31026174554394415,0.47872424252931883,0.10393874077526702,49.99893442622948,49.99893442622948
57720,0.01220863901234568,0.4780126398097595,0.05148124669996701,0.30986083710744255,0.4780126398097595,0.10378154951002884,49.99893442622948,49.99893442622948
57780,0.012207939999999999,0.4773030888162479,0.05147798882029144,0.30946107236501946,0.4773030888162479,0.10362498060186309,49.99893442622948,49.99893442622948
57840,0.01220723061728395,0.4765955809358569,0.051474742484855285,0.30906244647475484,0.4765955809358569,0.10346903041793175,49.99893442622948,49.99893442622948
57900,0.012206512345679014,0.4758901077696464,0.05147150759090499,0.30866495467946164,0.4758901077696464,0.10331369433366834,49.998934426229425,49.99893442622954
57960,0.012205786666666666,0.4751866611300195,0.051468284029506886,0.3082685923107924,0.4751866611300195,0.10315896708556291,49.99893442622954,49.99893442622948
58020,0.012205055061728396,0.47448523304315354,0.051465071691134054,0.3078733548613376,0.47448523304315354,0.10300483933413344,49.99893442622948,49.99893442622948
58080,0.012204319012345678,0.4737858157290351,0.051461870462770364,0.30747923775217084,0.4737858157290351,0.1028513153519089,49.99893442622948,49.998934426229425
58140,0.01220358,0.4730884016195849,0.05145868022822286,0.3070862366031211,0.4730884016195849,0.10269838123452617,49.99893442622948,49.99893442622948
58200,0.012202839506172838,0.4723929833462533,0.05145550087366091,0.3066943471269919,0.4723929833462533,0.1025460307366515,49.99893442622948,49.99893442622948
58260,0.01220209901234568,0.4716995537394824,0.051452332286492417,0.30630356512923845,0.4716995537394824,0.1023942576155268,49.99893442622948,49.99893442622954
58320,0.012201359999999998,0.4710081058244927,0.05144917435495307,0.3059138865094556,0.4710081058244927,0.10224305538762954,49.99893442622948,49.998934426229425
58380,0.012200623950617285,0.47031863282042463,0.05144602696835821,0.3055253072621235,0.47031863282042463,0.10209241741117513,49.99893442622948,49.99893442622948
58440,0.012199892345679012,0.46963112813725005,0.051442890017035725,0.30513782347683316,0.46963112813725005,0.10194233694950294,49.99893442622948,49.998934426229425
58500,0.012199166666666667,0.46894558537337694,0.05143976339226316,0.3047514313382077,0.46894558537337694,0.1017928072088696,49.998934426229425,49.998934426229425
58560,0.012198448395061729,0.4682619983132521,0.05143664698656983,0.30436612712563654,0.4682619983132521,0.10164382136312221,49.99893442622948,49.99893442622954
58620,0.01219773901234568,0.4675803609249781,0.05143354069361807,0.30398190721287993,0.4675803609249781,0.10149537257100964,49.99893442622948,49.99893442622948
58680,0.012197040000000001,0.46690066735795094,0.05143044440813321,0.30359876806758107,0.46690066735795094,0.10134745398916903,49.99893442622954,49.99893442622948
58740,0.012196352839506175,0.46622291194051557,0.0514273580261293,0.3032167062507062,0.46622291194051557,0.10120005878228334,49.99893442622948,49.99893442622948
58800,0.01219567901234568,0.4655470891776385,0.05142428144471097,0.3028357184159269,0.4655470891776385,0.10105318013139768,49.998934426229425,49.99893442622948
58860,0.01219502,0.4648731937485774,0.05142121456223191,0.3024558013089572,0.4648731937485774,0.10090681124065225,49.998934426229425,49.99893442622948
58920,0.01219437728395062,0.4642012205046628,0.05141815727825784,0.3020769517668508,0.4642012205046628,0.10076094534319244,49.998934426229425,49.99893442622948
58980,0.012193752345679014,0.46353116446698966,0.051415109493393917,0.3016991667172654,0.46353116446698966,0.10061557570603522,49.99893442622948,49.99893442622954
59040,0.012193146666666668,0.46286302082377206,0.05141207110949587,0.30132244317770407,0.46286302082377206,0.10047069563381604,49.99893442622954,49.99893442622954
59100,0.012192561728395062,0.46219678492934535,0.051409042029569675,0.30094677825471733,0.46219678492934535,0.10032629847409731,49.99893442622954,49.99893442622948
59160,0.01219199901234568,0.46153245230054096,0.05140602215779025,0.30057216914310203,0.46153245230054096,0.10018237761859523,49.998934426229425,49.99893442622948
59220,0.012191460000000001,0.4608700186150812,0.051403011399355984,0.30019861312507556,0.4608700186150812,0.10003892650692855,49.99893442622948,49.99893442622948
59280,0.012190946172839508,0.4602094797093659,0.051400009660714195,0.29982610756943134,0.4602094797093659,0.09989593862901701,49.99893442622948,49.99893442622948
59340,0.012190459012345679,0.4595508315767767,0.05139701684934119,0.29945464993095644,0.4595508315767767,0.09975340752843086,49.99893442622948,49.99893442622948
59400,0.012190000000000001,0.45889407036386404,0.051394032873905635,0.2990842377487386,0.45889407036386404,0.09961132680021628,49.99893442622948,49.998934426229425
59460,0.012189566419753087,0.45823919192045665,0.051391057736586435,0.2987148684733692,0.45823919192045665,0.09946969647094532,49.99893442622948,49.99893442622954
59520,0.012189153580246914,0.4575861915920693,0.05138809151885179,0.29834653937056205,0.4575861915920693,0.09932852171956312,49.99893442622948,49.99893442622948
59580,0.01218876,0.4569350645691557,0.051385134263510435,0.2979792476380108,0.4569350645691557,0.09918780506807799,49.99893442622954,49.99893442622948
59640,0.012188384197530865,0.45628580588945156,0.051382186001209154,0.29761299040795325,0.45628580588945156,0.09904754877769116,49.99893442622948,49.99893442622948
59700,0.012188024691358027,0.45563841044029224,0.051379246758013516,0.29724776474764536,0.45563841044029224,0.09890775512404015,49.99893442622948,49.99893442622954
59760,0.012187680000000001,0.4549928729609,0.05137631655814169,0.2968835676593818,0.4549928729609,0.09876842645560789,49.99893442622948,49.998934426229425
59820,0.01218734864197531,0.45434918804469626,0.05137339542462572,0.2965203960804557,0.45434918804469626,0.09862956520033499,49.99893442622954,49.99893442622948
59880,0.012187029135802468,0.4537073501414793,0.051370483379667244,0.2961582468831711,0.4537073501414793,0.0984911738573446,49.998934426229425,49.99893442622954
59940,0.012186720000000002,0.45306735355977323,0.05136758044463224,0.29579711687493815,0.45306735355977323,0.09835325498463426,49.99893442622948,49.99893442622948
60000,0.01218641975308642,0.45242919246895663,0.05136468664032567,0.2954370027984567,0.45242919246895663,0.09821581118635464,49.99893442622948,49.99893442622954
60060,0.012186126913580246,0.45179286090147586,0.05136180198665454,0.295077901331978,0.45179286090147586,0.0980788451012201,49.99893442622948,49.99893442622954
60120,0.01218584,0.4511583527550275,0.051358926502959444,0.2947198090896405,0.4511583527550275,0.09794235939180289,49.99893442622948,49.99893442622954
60180,0.0121855575308642,0.45052566179470704,0.051356060207901316,0.29436272262186747,0.45052566179470704,0.0978063567352956,49.99893442622954,49.99893442622948
60240,0.012185278024691359,0.4498947816551379,0.05135320311927339,0.2940066384158175,0.4498947816551379,0.09767083981554592,49.99893442622954,49.99893442622948
60300,0.012185000000000001,0.4492657058425787,0.051350355254324485,0.29365155289588385,0.4492657058425787,0.0975358113157252,49.99893442622954,49.99893442622948
60360,0.012184721975308644,0.4486384277370051,0.05134751662955625,0.2932974624242318,0.4486384277370051,0.09740127391239813,49.99893442622954,49.99893442622954
60420,0.012184442469135802,0.44801294059440677,0.05134468726072876,0.29294436330137075,0.44801294059440677,0.09726723027010876,49.99893442622948,49.99893442622948
60480,0.012184160000000001,0.4473892375480416,0.05134186716303426,0.29259225176675274,0.4473892375480416,0.09713368303675082,49.998934426229425,49.99893442622954
60540,0.012183873086419755,0.44676731161133615,0.05133905635081696,0.2922411239993993,0.44676731161133615,0.09700063483936149,49.99893442622948,49.998934426229425
60600,0.012183580246913581,0.4461471556795359,0.05133625483796457,0.2918909761185462,0.4461471556795359,0.09686808828070947,49.99893442622948,49.99893442622948
60660,0.012183280000000001,0.4455287625316491,0.05133346263754042,0.2915418041843057,0.4455287625316491,0.09673604593620898,49.99893442622954,49.99893442622948
60720,0.012182970864197533,0.44491212483240206,0.05133067976199575,0.2911936041983426,0.44491212483240206,0.09660451035108057,49.99893442622948,49.99893442622948
60780,0.012182651358024692,0.44429723513411257,0.05132790622327629,0.2908463721045632,0.44429723513411257,0.09647348403813268,49.998934426229425,49.99893442622948
60840,0.01218232,0.4436840858787292,0.051325142032528026,0.2905001037898112,0.4436840858787292,0.09634296947565318,49.99893442622954,49.998934426229425
60900,0.012181975308641976,0.4430726693995103,0.05132238720042291,0.29015479508457365,0.4430726693995103,0.09621296910556164,49.99893442622954,49.99893442622948
60960,0.012181615802469136,0.44246297792295247,0.05131964173694193,0.28981044176368925,0.44246297792295247,0.09608348533199683,49.99893442622948,49.99893442622948
61020,0.01218124,0.4418550035705946,0.05131690565156211,0.2894670395470625,0.4418550035705946,0.09595452051986504,49.99893442622948,49.99893442622948
61080,0.012180846419753087,0.44124873836079875,0.051314178953119426,0.28912458410037956,0.44124873836079875,0.09582607699367955,49.99893442622948,49.99893442622948
61140,0.012180433580246914,0.4406441742105139,0.051311461649889555,0.28878307103582407,0.4406441742105139,0.09569815703671049,49.99893442622948,49.998934426229425
61200,0.01218,0.44004130293701155,0.05130875374962821,0.28844249591279436,0.44004130293701155,0.09557076288998231,49.99893442622954,49.99893442622948
61260,0.01217954098765432,0.43944011594359317,0.051306055325872964,0.2881028541155666,0.43944011594359317,0.09544390143612526,49.99893442622948,49.99893442622948
61320,0.012179053827160493,0.4388406044195984,0.051303366435751535,0.2877641409193742,0.4388406044195984,0.09531757814374399,49.99893442622948,49.99893442622954
61380,0.01217854,0.43824275975459037,0.051300687044799724,0.28742635165247443,0.43824275975459037,0.09519179222282974,49.99893442622948,49.99893442622948
61440,0.01217800098765432,0.4376465735361725,0.05129801708363168,0.2870894817104412,0.4376465735361725,0.09506654088321424,49.99893442622948,49.99893442622948
61500,0.012177438271604937,0.4370520375467879,0.051295356467826514,0.28675352656365033,0.4370520375467879,0.09494182024690426,49.99893442622948,49.99893442622948
61560,0.012176853333333335,0.4364591437622966,0.051292705105739106,0.2864184817618164,0.4364591437622966,0.09481762574686833,49.998934426229425,49.99893442622948
61620,0.012176247654320987,0.4358678843494687,0.051290062902101224,0.2860843429369303,0.4358678843494687,0.09469395234486214,49.99893442622948,49.99893442622948
61680,0.012175622716049382,0.4352782516629325,0.05128742975996721,0.28575110580522356,0.4352782516629325,0.09457079466460136,49.99893442622948,49.99893442622954
61740,0.012174979999999998,0.4346902382437844,0.051284805581607064,0.28541876616847955,0.4346902382437844,0.09444814708265868,49.99893442622948,49.99893442622954
61800,0.012174320987654318,0.4341038368171009,0.051282190269316553,0.28508731991489533,0.4341038368171009,0.09432600379083166,49.99893442622948,49.99893442622948
61860,0.012173647160493826,0.43351904028955873,0.05127958372561728,0.2847567630196136,0.43351904028955873,0.0942043588424627,49.99893442622948,49.99893442622948
61920,0.01217296,0.43293584174736294,0.051276985853669334,0.28442709154500573,0.43293584174736294,0.09408320618760237,49.99893442622948,49.99893442622948
61980,0.012172260987654322,0.43235423445404997,0.0512743965572842,0.28409830164076566,0.43235423445404997,0.09396253970002816,49.998934426229425,49.99893442622948
62040,0.012171551604938272,0.43177421184840614,0.051271815741223435,0.2837703895438528,0.43177421184840614,0.09384235319903067,49.99893442622948,49.99893442622948
62100,0.012170833333333334,0.4311957675425315,0.05126924331110776,0.28344335157855216,0.4311957675425315,0.0937226404677878,49.998934426229425,49.99893442622948
62160,0.012170107654320986,0.43061889531908826,0.05126667917350437,0.28311718415548615,0.43061889531908826,0.09360339526374223,49.99893442622948,49.998934426229425
62220,0.012169376049382716,0.4300435891300366,0.05126412323603338,0.28279188377198683,0.4300435891300366,0.09348461133432506,49.99893442622948,49.99893442622948
62280,0.012168640000000001,0.42946984309426756,0.051261575407344065,0.28246744701143217,0.42946984309426756,0.09336628242560473,49.998934426229425,49.99893442622948
62340,0.012167900987654318,0.4288976514956013,0.051259035597087686,0.28214387054277623,0.4288976514956013,0.09324840229004026,49.99893442622948,49.99893442622954
62400,0.01216716049382716,0.428327008780804,0.05125650371593791,0.2818211511200317,0.428327008780804,0.09313096469364503,49.99893442622948,49.99893442622948
62460,0.012166419999999999,0.4277579095576195,0.0512539796756253,0.28149928558171555,0.4277579095576195,0.09301396342179355,49.99893442622948,49.99893442622954
62520,0.01216568098765432,0.42719034859282173,0.051251463388897626,0.2811782708502609,0.42719034859282173,0.09289739228452903,49.99893442622948,49.99893442622948
62580,0.012164944938271603,0.42662432081028506,0.05124895476954248,0.28085810393140176,0.42662432081028506,0.09278124512067366,49.99893442622948,49.99893442622948
62640,0.012164213333333332,0.4260598212890401,0.05124645373230929,0.2805387819135345,0.4260598212890401,0.09266551580196315,49.99893442622948,49.99893442622948
62700,0.012163487654320987,0.4254968452617434,0.051243960193003514,0.2802203019670584,0.4254968452617434,0.09255019823603,49.99893442622954,49.998934426229425
62760,0.01216276938271605,0.4249353881118285,0.05124147406838762,0.2799026613436975,0.4249353881118285,0.09243528636958573,49.99893442622954,49.99893442622948
62820,0.012162059999999999,0.4243754453726643,0.051238995276236765,0.27958585737581165,0.4243754453726643,0.09232077419062748,49.99893442622948,49.99893442622954
62880,0.01216136098765432,0.4238170127253378,0.05123652373520772,0.2792698874756896,0.4238170127253378,0.0922066557309184,49.99893442622948,49.99893442622948
62940,0.012160673827160493,0.4232600859968088,0.051234059364975215,0.2789547491348349,0.4232600859968088,0.09209292506758668,49.998934426229425,49.99893442622948
63000,0.012159999999999999,0.4227046611581132,0.05123160208620223,0.2786404399232396,0.4227046611581132,0.09197957632517986,49.99893442622948,49.99893442622948
63060,0.012159326172839505,0.4221507329765506,0.05122915210859078,0.2783269569574485,0.4221507329765506,0.09186662447290064,49.99893442622948,49.99893442622954
63120,0.012158639012345679,0.4215982950318745,0.051226709751621996,0.2780142968553424,0.4215982950318745,0.09175409107553231,49.99893442622954,49.99893442622948
63180,0.012157939999999997,0.4210473410712378,0.0512242750945325,0.27770245624239215,0.4210473410712378,0.09164198051773782,49.998934426229425,49.99893442622954
63240,0.01215723061728395,0.4204978650072121,0.05122184812954916,0.27739143178329884,0.4204978650072121,0.09153029287934404,49.99893442622948,49.99893442622948
63300,0.012156512345679013,0.41994986091603587,0.05121942881253904,0.2770812201965651,0.41994986091603587,0.0914190262146532,49.99893442622948,49.99893442622948
63360,0.012155786666666666,0.4194033230349452,0.0512170170823968,0.27677181826254654,0.4194033230349452,0.09130817742767187,49.99893442622948,49.99893442622948
63420,0.012155055061728395,0.4188582457611078,0.05121461286908925,0.27646322282832253,0.4188582457611078,0.09119774270274983,49.99893442622948,49.99893442622948
63480,0.012154319012345677,0.418314623649329,0.051212216097898354,0.27615543081079885,0.418314623649329,0.09108771774461538,49.99893442622948,49.99893442622954
63540,0.012153579999999999,0.41777245141030395,0.05120982669147023,0.2758484391987242,0.41777245141030395,0.09097809792690242,49.99893442622948,49.99893442622948
63600,0.012152839506172838,0.4172317239086411,0.05120744457106177,0.27554224505400116,0.4172317239086411,0.09086887838915132,49.99893442622954,49.99893442622948
63660,0.01215209901234568,0.41669243616107066,0.05120506965726208,0.2752368455125139,0.41669243616107066,0.09076005410356727,49.99893442622948,49.99893442622954
63720,0.012151359999999998,0.4161545833346238,0.05120270187064357,0.2749322377846131,0.4161545833346238,0.09065161992257523,49.99893442622948,49.99893442622948
63780,0.012150623950617286,0.41561816074486135,0.05120034113180588,0.27462841915534814,0.41561816074486135,0.09054357061424016,49.998934426229425,49.99893442622948
63840,0.01214989234567901,0.41508316385404426,0.05119798736180424,0.27432538698451314,0.41508316385404426,0.09043590088814014,49.99893442622954,49.998934426229425
63900,0.012149166666666666,0.41454958826939836,0.05119564048221245,0.2740231387065469,0.41454958826939836,0.09032860541628929,49.998934426229425,49.998934426229425
63960,0.012148448395061727,0.414017429741357,0.051193300415260046,0.27372167183032226,0.414017429741357,0.09022167884853713,49.99893442622948,49.99893442622948
64020,0.012147739012345678,0.4134866841618236,0.051190967083877076,0.27342098393884506,0.4134866841618236,0.09011511582567079,49.99893442622948,49.99893442622948
64080,0.01214704,0.4129573475627539,0.0511886404116944,0.27312107268888447,0.4129573475627539,0.09000891098934993,49.99893442622948,49.99893442622954
64140,0.012146352839506172,0.4124294161134329,0.05118632032321934,0.2728219358105416,0.4124294161134329,0.08990305899052195,49.99893442622948,49.99893442622948
64200,0.012145679012345678,0.41190288611998876,0.051184006743718716,0.2725235711067755,0.41190288611998876,0.08979755449625704,49.99893442622948,49.998934426229425
64260,0.01214502,0.4113777540231279,0.05118169959930018,0.27222597645288915,0.4113777540231279,0.08969239219530999,49.99893442622948,49.99893442622954
64320,0.012144377283950616,0.41085401639668706,0.05117939881687972,0.2719291497959813,0.41085401639668706,0.08958756680299287,49.99893442622948,49.99893442622948
64380,0.012143752345679012,0.4103316699457624,0.051177104324247956,0.27163308915437373,0.4103316699457624,0.08948307306503439,49.99893442622948,49.99893442622948
64440,0.012143146666666667,0.4098107115051771,0.05117481604999516,0.27133779261701485,0.4098107115051771,0.08937890576100777,49.99893442622948,49.998934426229425
64500,0.012142561728395061,0.40929113803784334,0.051172533923619486,0.27104325834286425,0.40929113803784334,0.08927505970710341,49.998934426229425,49.99893442622954
64560,0.012141999012345679,0.4087729466331394,0.05117025787534859,0.2707494845602604,0.4087729466331394,0.08917152975873383,49.99893442622954,49.99893442622948
64620,0.01214146,0.4082561345053036,0.05116798783634671,0.2704564695662755,0.4082561345053036,0.0890683108123536,49.99893442622948,49.99893442622948
64680,0.012140946172839506,0.40774069899183235,0.05116572373852516,0.27016421172605776,0.40774069899183235,0.0889653978075087,49.998934426229425,49.99893442622948
64740,0.01214045901234568,0.40722663755189925,0.051163465514590285,0.2698727094721626,0.40722663755189925,0.08886278572818236,49.99893442622954,49.99893442622948
64800,0.01214,0.4067139477649604,0.05116121309819271,0.2695819613041071,0.4067139477649604,0.08876046960445134,49.99893442622948,49.99893442622948
64860,0.012139562839506174,0.4062026266750915,0.05115896656641121,0.26929196552569246,0.4062026266750915,0.08865845500917255,49.99893442622948,49.99893442622948
64920,0.012139139753086418,0.4056926706747453,0.05115672607838636,0.2690027201733796,0.4056926706747453,0.08855675278552481,49.99893442622948,49.99893442622948
64980,0.012138729999999999,0.40518407610154455,0.051154491698504306,0.26871422323596716,0.40518407610154455,0.08845536667007477,49.99893442622954,49.99893442622948
65040,0.012138332839506173,0.4046768392382238,0.051152263457820486,0.26842647266601594,0.4046768392382238,0.08835429889772753,49.998934426229425,49.99893442622948
65100,0.012137947530864198,0.4041709563144019,0.0511500413737856,0.2681394663846669,0.4041709563144019,0.08825355108258803,49.99893442622948,49.99893442622948
65160,0.012137573333333334,0.4036664235070401,0.051147825457501926,0.2678532022841685,0.4036664235070401,0.0881531245234869,49.998934426229425,49.99893442622954
65220,0.01213720950617284,0.40316323694126954,0.051145615716619915,0.2675676782293963,0.40316323694126954,0.08805302033928754,49.99893442622948,49.99893442622948
65280,0.012136855308641975,0.4026613926912084,0.05114341215678662,0.2672828920588647,0.4026613926912084,0.08795323953720613,49.99893442622948,49.99893442622948
65340,0.01213651,0.4021608867810832,0.05114121478222489,0.2669988415854594,0.4021608867810832,0.08785378305036487,49.99893442622954,49.99893442622948
65400,0.012136172839506172,0.4016617151849359,0.05113902359635379,0.2667155245970054,0.4016617151849359,0.08775465175986903,49.998934426229425,49.99893442622954
65460,0.01213584308641975,0.4011638738286454,0.05113683860169611,0.2664329388567386,0.4011638738286454,0.08765584650798428,49.998934426229425,49.99893442622948
65520,0.012135519999999999,0.4006673585903403,0.05113465980032714,0.26615108210371263,0.4006673585903403,0.08755736810643765,49.998934426229425,49.99893442622948
65580,0.012135202839506172,0.4001721653009553,0.05113248719373572,0.26586995205316666,0.4001721653009553,0.08745921734181167,49.99893442622948,49.998934426229425
65640,0.01213489086419753,0.3996782897451237,0.05113032078302439,0.26558954639686677,0.3996782897451237,0.08736139497882173,49.99893442622954,49.998934426229425
65700,0.012134583333333332,0.3991857276619272,0.05112816056894558,0.2653098628034298,0.3991857276619272,0.0872639017625552,49.998934426229425,49.998934426229425
65760,0.01213427950617284,0.3986944747456477,0.051126006551830167,0.2650308989186353,0.3986944747456477,0.08716673841988913,49.99893442622948,49.998934426229425
65820,0.012133978641975308,0.3982045266464852,0.05112385873173902,0.26475265236573087,0.3982045266464852,0.08706990566022864,49.99893442622948,49.99893442622948
65880,0.012133679999999999,0.3977158789713316,0.05112171710842341,0.26447512074573065,0.3977158789713316,0.08697340417619348,49.99893442622948,49.998934426229425
65940,0.012133382839506173,0.3972285272844134,0.051119581681323994,0.26419830163771124,0.3972285272844134,0.0868772346438292,49.99893442622948,49.99893442622948
66000,0.012133086419753086,0.39674246710821215,0.051117452449678524,0.26392219259910477,0.39674246710821215,0.08678139772273927,49.99893442622948,49.99893442622954
66060,0.012132790000000001,0.3962576939239355,0.05111532941237258,0.26364679116598955,0.3962576939239355,0.08668589405618271,49.99893442622948,49.99893442622948
66120,0.012132492839506175,0.3957742031723326,0.051113212568101855,0.2633720948533801,0.3957742031723326,0.08659072427101745,49.99893442622948,49.99893442622948
66180,0.012132194197530864,0.39529199025437756,0.051111101915272426,0.2630981011555162,0.39529199025437756,0.08649588897759095,49.99893442622948,49.99893442622948
66240,0.012131893333333333,0.3948110505319564,0.05110899745214457,0.26282480754614945,0.3948110505319564,0.08640138876981378,49.99893442622954,49.99893442622954
66300,0.012131589506172841,0.3943313793285427,0.051106899176706286,0.2625522114788307,0.3943313793285427,0.08630722422490363,49.99893442622948,49.99893442622948
66360,0.012131281975308644,0.39385297192986857,0.051104807086655143,0.26228031038719435,0.39385297192986857,0.08621339590344078,49.99893442622948,49.998934426229425
66420,0.01213097,0.3933758235848363,0.05110272117958306,0.2620091016852436,0.3933758235848363,0.08611990434942296,49.99893442622954,49.99893442622948
66480,0.012130652839506173,0.39289992950560687,0.0511006414528246,0.26173858276763584,0.39289992950560687,0.0860267500892395,49.99893442622948,49.99893442622948
66540,0.012130329753086418,0.3924252848683008,0.05109856790348956,0.2614687510099601,0.3924252848683008,0.08593393363311348,49.99893442622954,49.99893442622948
66600,0.01213,0.3919518848143078,0.05109650052857081,0.26119960376902174,0.3919518848143078,0.08584145547399291,49.99893442622948,49.99893442622948
66660,0.012129666666666667,0.3914797247476153,0.05109443925849753,0.2609311385035291,0.3914797247476153,0.08574931113053609,49.99893442622948,49.99893442622948
66720,0.012129333333333332,0.39100880036984126,0.05109238398976233,0.2606633528000252,0.39100880036984126,0.08565749397822606,49.99893442622948,49.99893442622948
66780,0.012129,0.39053910739997455,0.05109033466659924,0.26039624426714636,0.39053910739997455,0.08556600103606123,49.99893442622948,49.99893442622954
66840,0.012128666666666664,0.3900706415743387,0.05108829125021578,0.2601298105296,0.3900706415743387,0.08547483012977933,49.99893442622948,49.99893442622948
66900,0.012128333333333331,0.38960339864646354,0.05108625370908238,0.2598640492255754,0.38960339864646354,0.08538397943402885,49.99893442622948,49.99893442622948
66960,0.012128,0.3891373743870492,0.05108422201489794,0.25959895800537586,0.3891373743870492,0.08529344730850963,49.998934426229425,49.99893442622948
67020,0.012127666666666667,0.3886725645838772,0.05108219614138977,0.25933453453060934,0.3886725645838772,0.08520323222291738,49.99893442622954,49.99893442622948
67080,0.012127333333333332,0.3882089650417402,0.051080176063319535,0.2590707764736666,0.3882089650417402,0.08511333271792976,49.99893442622948,49.99893442622948
67140,0.012127,0.3877465715823253,0.0510781617562267,0.2588076815173648,0.3877465715823253,0.0850237473828037,49.99893442622948,49.99893442622948
67200,0.012126666666666666,0.3872853800442715,0.051076153196100205,0.2585452473546931,0.3872853800442715,0.08493447484148604,49.99893442622954,49.99893442622954
67260,0.012126333333333331,0.3868253862829521,0.05107415035953464,0.25828347168862215,0.3868253862829521,0.08484551374386215,49.99893442622948,49.99893442622948
67320,0.012126,0.38636658617045083,0.05107215322316077,0.258022352231956,0.38636658617045083,0.0847568627600567,49.99893442622948,49.99893442622948
67380,0.012125666666666665,0.38590897559549336,0.051070161764136084,0.25776188670721495,0.38590897559549336,0.08466852057603524,49.99893442622954,49.99893442622954
67440,0.012125333333333333,0.3854525504633726,0.05106817595969152,0.2575020728465364,0.3854525504633726,0.08458048589125294,49.99893442622948,49.99893442622948
67500,0.012124999999999999,0.38499730669587506,0.051066195787288535,0.2572429083915937,0.38499730669587506,0.08449275741619583,49.99893442622954,49.99893442622948
67560,0.012124666666666666,0.3845432402315399,0.051064221224555714,0.2569843910935241,0.3845432402315399,0.08440533387109313,49.99893442622948,49.99893442622948
67620,0.012124333333333332,0.38409034702446926,0.05106225224935294,0.2567265187128624,0.38409034702446926,0.08431821398495436,49.99893442622948,49.99893442622948
67680,0.012124,0.383638623045558,0.05106028883962569,0.25646928901948485,0.383638623045558,0.0842313964945549,49.99893442622948,49.998934426229425
67740,0.012123666666666666,0.38318806428187047,0.051058330973505636,0.2562126997925556,0.38318806428187047,0.08414488014376348,49.99893442622954,49.998934426229425
67800,0.012123333333333331,0.3827386667365897,0.05105637862921516,0.25595674882047575,0.3827386667365897,0.08405866368333516,49.99893442622948,49.99893442622948
67860,0.012122999999999998,0.38229042642921374,0.05105443178517082,0.25570143390083494,0.38229042642921374,0.08397274587062954,49.99893442622948,49.99893442622954
67920,0.012122666666666667,0.38184333939486903,0.05105249041987141,0.2554467528405877,0.38184333939486903,0.08388712546733199,49.998934426229425,49.99893442622948
67980,0.012122333333333332,0.3813974016843967,0.05105055451196196,0.2551927034553541,0.3813974016843967,0.08380180124401838,49.99893442622948,49.99893442622954
68040,0.012121999999999999,0.38095260936481184,0.051048624040196285,0.25493928357002504,0.38095260936481184,0.08371677197525254,49.998934426229425,49.99893442622948
68100,0.012121666666666666,0.38050895851900995,0.051046698983522654,0.25468649101850865,0.38050895851900995,0.08363203644115727,49.998934426229425,49.99893442622948
68160,0.012121333333333333,0.3800664452454743,0.051044779320880265,0.25443432364368945,0.3800664452454743,0.08354759342736393,49.99893442622948,49.99893442622948
68220,0.012121,0.3796250656583382,0.05104286503142826,0.25418277929738725,0.3796250656583382,0.08346344172489333,49.99893442622948,49.998934426229425
68280,0.012120666666666667,0.37918481588730474,0.05104095609435155,0.2539318558403179,0.37918481588730474,0.0833795801300843,49.99893442622948,49.99893442622948
68340,0.012120333333333332,0.3787456920775825,0.0510390524890412,0.25368155114205415,0.3787456920775825,0.08329600744446254,49.998934426229425,49.99893442622948
68400,0.012119999999999999,0.37830769038981304,0.051037154194911526,0.2534318630809865,0.37830769038981304,0.08321272247479204,49.99893442622948,49.99893442622948
68460,0.012119666666666667,0.37787080700000514,0.051035261191500134,0.25318278954428497,0.37787080700000514,0.08312972403293942,49.998934426229425,49.998934426229425
68520,0.012119333333333333,0.377435038099469,0.051033373458534946,0.2529343284278606,0.377435038099469,0.08304701093591459,49.99893442622954,49.99893442622954
68580,0.012118999999999998,0.3770003798947436,0.0510314909757095,0.25268647763632773,0.3770003798947436,0.08296458200578162,49.99893442622954,49.998934426229425
68640,0.012118666666666665,0.37656682860753493,0.051029613722997684,0.25243923508296584,0.37656682860753493,0.08288243606965973,49.99893442622948,49.99893442622948
68700,0.012118333333333332,0.37613438047502945,0.05102774168027434,0.2521925986896825,0.37613438047502945,0.08280057195977407,49.99893442622948,49.998934426229425
68760,0.012118,0.3757030317485299,0.051025874827696285,0.2519465663869739,0.3757030317485299,0.08271898851328142,49.99893442622948,49.99893442622948
68820,0.012117666666666665,0.3752727786949222,0.05102401314539854,0.25170113611388867,0.3752727786949222,0.08263768457248835,49.99893442622954,49.99893442622948
68880,0.012117333333333332,0.3748436175959296,0.051022156613692526,0.25145630581799167,0.3748436175959296,0.08255665898447037,49.99893442622948,49.99893442622954
68940,0.012117,0.3744155447481174,0.051020305212946475,0.2512120734553249,0.3744155447481174,0.08247591060149026,49.99893442622948,49.998934426229425
69000,0.012116666666666666,0.373988556462791,0.05101845892364304,0.25096843699037147,0.373988556462791,0.08239543828065121,49.99893442622948,49.998934426229425
69060,0.012116333333333331,0.3735626490659655,0.05101661772631769,0.25072539439601854,0.3735626490659655,0.08231524088403133,49.99893442622948,49.99893442622954
69120,0.012115999999999998,0.3731378188982944,0.05101478160172176,0.2504829436535201,0.3731378188982944,0.08223531727865405,49.99893442622948,49.99893442622954
69180,0.012115666666666665,0.37271406231529053,0.05101295053052714,0.2502410827524588,0.37271406231529053,0.0821556663368473,49.998934426229425,49.998934426229425
69240,0.012115333333333334,0.37229137568623105,0.05101112449367698,0.24999980969071323,0.37229137568623105,0.08207628693485919,49.998934426229425,49.998934426229425
69300,0.012114999999999999,0.37186975539546263,0.051009303472102495,0.24975912247441825,0.37186975539546263,0.08199717795462876,49.99893442622948,49.99893442622948
69360,0.012114666666666666,0.3714491978415608,0.05100748744686424,0.24951901911792904,0.3714491978415608,0.08191833828280329,49.998934426229425,49.99893442622954
69420,0.012114333333333333,0.37102969943742653,0.051005676399078444,0.24927949764378476,0.37102969943742653,0.08183976681097643,49.99893442622948,49.99893442622948
69480,0.012114,0.37061125661021915,0.051003870310010274,0.24904055608267214,0.37061125661021915,0.08176146243551445,49.99893442622948,49.99893442622948
69540,0.012113666666666668,0.37019386580129354,0.05100206916097643,0.24880219247339,0.37019386580129354,0.08168342405763412,49.998934426229425,49.998934426229425
69600,0.012113333333333334,0.36977752346614007,0.05100027293338527,0.24856440486281223,0.36977752346614007,0.08160565058343416,49.99893442622948,49.99893442622954
69660,0.012112999999999999,0.36936222607432195,0.050998481608790336,0.24832719130585262,0.36936222607432195,0.0815281409237702,49.99893442622948,49.99893442622948
69720,0.012112666666666667,0.3689479701094156,0.050996695168734965,0.24809054986542856,0.3689479701094156,0.08145089399439709,49.99893442622954,49.99893442622948
69780,0.012112333333333334,0.36853475206894826,0.05099491359493402,0.2478544786124255,0.36853475206894826,0.08137390871574485,49.99893442622948,49.99893442622948
69840,0.012112,0.3681225684647361,0.05099313686917402,0.24761897562566268,0.3681225684647361,0.08129718401306066,49.99893442622948,49.99893442622948
69900,0.012111666666666668,0.36771141582147826,0.050991364973299334,0.24738403899185352,0.36771141582147826,0.08122071881649819,49.99893442622948,49.99893442622948
69960,0.012111333333333335,0.3673012906782757,0.050989597889270974,0.24714966680557474,0.3673012906782757,0.08114451206072419,49.99893442622948,49.99893442622954
70020,0.012111000000000002,0.36689218958788855,0.05098783559913006,0.2469158571692287,0.36689218958788855,0.08106856268534393,49.99893442622948,49.99893442622948
70080,0.012110666666666669,0.3664841091169653,0.05098607808500645,0.24668260819321622,0.3664841091169653,0.08099286963350756,49.99893442622948,49.99893442622948
70140,0.012110333333333334,0.3660770458451313,0.050984325329134654,0.24644991799528176,0.3660770458451313,0.08091743185578912,49.99893442622954,49.99893442622954
70200,0.012110000000000001,0.36567099636595307,0.050982577313748674,0.2462177847010941,0.36567099636595307,0.08084224830565007,49.99893442622948,49.99893442622954
70260,0.012109666666666668,0.3652659572864346,0.05098083402123763,0.24598620644400937,0.3652659572864346,0.08076731794118788,49.99893442622948,49.99893442622948
70320,0.012109333333333333,0.3648619252269815,0.05097909543413873,0.24575518136503588,0.3648619252269815,0.0806926397253164,49.998934426229425,49.99893442622954
70380,0.012109,0.3644588968216449,0.05097736153491941,0.2455247076127979,0.3644588968216449,0.08061821262599765,49.99893442622954,49.99893442622948
70440,0.012108666666666665,0.3640568687170846,0.05097563230624491,0.245294783343505,0.3640568687170846,0.0805440356147946,49.99893442622948,49.99893442622948
70500,0.012108333333333334,0.3636558375735968,0.05097390773086041,0.24506540672091434,0.3636558375735968,0.08047010766870756,49.99893442622948,49.99893442622954
70560,0.012108,0.36325580006476066,0.05097218779147767,0.2448365759162974,0.36325580006476066,0.08039642776925669,49.99893442622954,49.99893442622954
70620,0.012107666666666668,0.3628567528771918,0.050970472471048314,0.2446082891084064,0.3628567528771918,0.08032299490237466,49.99893442622948,49.998934426229425
70680,0.012107333333333333,0.362458692710574,0.05096876175252008,0.2443805444834395,0.362458692710574,0.08024980805871322,49.99893442622948,49.99893442622948
70740,0.012107000000000001,0.36206161627760414,0.050967055618898714,0.2441533402350077,0.36206161627760414,0.08017686623332497,49.99893442622948,49.99893442622948
70800,0.012106666666666667,0.3616655203039397,0.05096535405333213,0.2439266745641009,0.3616655203039397,0.08010416842590332,49.99893442622948,49.99893442622948
70860,0.012106333333333332,0.3612704015281393,0.05096365703901769,0.24370054567905447,0.3612704015281393,0.08003171364055593,49.99893442622948,49.99893442622948
70920,0.012106,0.36087625670202333,0.050961964559238744,0.24347495179551756,0.36087625670202333,0.07995950088588644,49.99893442622948,49.99893442622948
70980,0.012105666666666666,0.36048308258922235,0.05096027659734386,0.24324989113641513,0.36048308258922235,0.07988752917509413,49.99893442622948,49.99893442622948
71040,0.012105333333333334,0.3600908759667484,0.050958593136751426,0.2430253619319195,0.3600908759667484,0.07981579752570668,49.99893442622948,49.99893442622948
71100,0.012105,0.3596996336242504,0.05095691416098581,0.24280136241941633,0.3596996336242504,0.07974430495965916,49.99893442622954,49.99893442622948
71160,0.012104666666666666,0.35930935236398714,0.05095523965364946,0.24257789084347073,0.35930935236398714,0.07967305050342564,49.99893442622954,49.99893442622948
71220,0.012104333333333333,0.35892002900078335,0.05095356959839847,0.242354945455795,0.35892002900078335,0.0796020331878325,49.99893442622948,49.99893442622948
71280,0.012104,0.35853166036198636,0.05095190397898314,0.24213252451521666,0.35853166036198636,0.0795312520480911,49.998934426229425,49.99893442622948
71340,0.012103666666666667,0.3581442432873835,0.0509502427791872,0.24191062628764518,0.3581442432873835,0.079460706123752,49.99893442622948,49.99893442622954
71400,0.012103333333333334,0.35775777462919667,0.050948585982959864,0.2416892490460407,0.35775777462919667,0.07939039445869425,49.99893442622948,49.99893442622954
71460,0.012103,0.35737225125199523,0.050946933574232765,0.24146839107038057,0.35737225125199523,0.0793203161012556,49.99893442622954,49.998934426229425
71520,0.012102666666666668,0.35698767003265364,0.0509452855370816,0.24124805064762858,0.35698767003265364,0.0792504701039538,49.99893442622948,49.99893442622948
71580,0.012102333333333333,0.35660402786059886,0.05094364185563396,0.2410282260717011,0.35660402786059886,0.07918085552403663,49.99893442622948,49.99893442622948
71640,0.012102,0.3562213216367445,0.05094200251402023,0.24080891564343876,0.3562213216367445,0.0791114714220142,49.99893442622948,49.99893442622948
71700,0.012101666666666667,0.35583954827461683,0.05094036749656465,0.24059011767057278,0.35583954827461683,0.07904231686339624,49.99893442622948,49.99893442622948
71760,0.012101333333333334,0.3554587046998051,0.05093873678758916,0.24037183046769284,0.3554587046998051,0.07897339091796092,49.99893442622954,49.99893442622954
71820,0.012101,0.3550787878499279,0.050937110371506986,0.2401540523562168,0.3550787878499279,0.07890469265950763,49.99893442622954,49.99893442622954
71880,0.012100666666666666,0.35469979467458995,0.05093548823281068,0.2399367816643597,0.35469979467458995,0.0788362211660873,49.99893442622948,49.99893442622954
71940,0.012100333333333331,0.3543217221356852,0.050933870356030725,0.23972001672710247,0.3543217221356852,0.07876797552001569,49.99893442622948,49.99893442622954
72000,0.0121,0.3539445672061541,0.05093225672581937,0.2395037558861593,0.3539445672061541,0.07869995480765436,49.99893442622948,49.99893442622948
72060,0.012099666666666667,0.3535683268716028,0.05093064732685276,0.23928799749015756,0.3535683268716028,0.07863215811884723,49.99893442622948,49.99893442622954
72120,0.012099333333333332,0.35319299812872695,0.05092904214396224,0.23907273989398228,0.35319299812872695,0.07856458454939712,49.99893442622948,49.99893442622948
72180,0.012098999999999999,0.3528185779863834,0.050927441161895,0.238857981459367,0.3528185779863834,0.07849723319814209,49.99893442622948,49.99893442622948
72240,0.012098666666666664,0.35244506346506954,0.05092584436564921,0.23864372055465902,0.35244506346506954,0.07843010316771805,49.99893442622948,49.99893442622948
72300,0.012098333333333332,0.3520724515969025,0.05092425174013446,0.23842995555478796,0.3520724515969025,0.07836319356510153,49.99893442622948,49.99893442622954
72360,0.012098000000000001,0.3517007394255768,0.05092266327044765,0.23821668484123598,0.3517007394255768,0.07829650350125883,49.99893442622948,49.99893442622954
72420,0.012097666666666666,0.3513299240063208,0.050921078941681595,0.23800390680200756,0.3513299240063208,0.07823003209125752,49.99893442622954,49.99893442622954
72480,0.012097333333333331,0.350960002405846,0.05091949873903175,0.23779161983159972,0.350960002405846,0.0781637784541951,49.99893442622948,49.99893442622948
72540,0.012097000000000002,0.35059097170229886,0.05091792264776436,0.23757982233097227,0.35059097170229886,0.07809774171314984,49.99893442622948,49.99893442622948
72600,0.012096666666666667,0.350222828985213,0.05091635065319115,0.23736851270751874,0.350222828985213,0.07803192099518534,49.99893442622948,49.99893442622948
72660,0.012096333333333332,0.3498555713554588,0.050914782740668234,0.2371576893750359,0.3498555713554588,0.07796631543139892,49.99893442622948,49.99893442622948
72720,0.012095999999999999,0.3494891959255114,0.050913218895662755,0.23694735075369544,0.3494891959255114,0.07790092415706187,49.99893442622948,49.99893442622948
72780,0.012095666666666666,0.3491236998183513,0.050911659103742034,0.2367374952700148,0.3491236998183513,0.07783574631059428,49.99893442622948,49.998934426229425
72840,0.012095333333333333,0.34875908016861284,0.05091010335043854,0.23652812135682824,0.34875908016861284,0.07777078103498421,49.99893442622948,49.998934426229425
72900,0.012095,0.3483953341224926,0.05090855162144504,0.23631922745325853,0.3483953341224926,0.0777060274769773,49.998934426229425,49.998934426229425
72960,0.012094666666666665,0.34803245883625716,0.05090700390247775,0.23611081200468456,0.34803245883625716,0.07764148478734337,49.99893442622948,49.99893442622948
73020,0.012094333333333334,0.34767045147787745,0.05090546017929268,0.23590287346271688,0.34767045147787745,0.07757715212051648,49.99893442622948,49.99893442622948
73080,0.012094,0.34730930922627806,0.05090392043773885,0.2356954102851683,0.34730930922627806,0.07751302863481542,49.99893442622948,49.99893442622948
73140,0.012093666666666667,0.3469490292713193,0.05090238466374257,0.23548842093602482,0.3469490292713193,0.07744911349240745,49.998934426229425,49.99893442622948
73200,0.012093333333333333,0.34658960881376116,0.05090085284331376,0.23528190388541748,0.34658960881376116,0.07738540585931558,49.998934426229425,49.99893442622954
73260,0.012093,0.34623104506522284,0.050899324962445446,0.23507585760959443,0.34623104506522284,0.07732190490531676,49.99893442622948,49.99893442622948
73320,0.012092666666666668,0.34587333524813324,0.0508978010072577,0.23487028059089365,0.34587333524813324,0.07725860980389859,49.99893442622948,49.99893442622954
73380,0.012092333333333333,0.3455164765956895,0.050896280963910204,0.2346651713177139,0.3455164765956895,0.07719551973240873,49.99893442622954,49.99893442622948
73440,0.012091999999999999,0.3451604663518106,0.0508947648186296,0.2344605282844886,0.3451604663518106,0.07713263387181685,49.998934426229425,49.99893442622954
73500,0.012091666666666667,0.34480530177109003,0.0508932525577234,0.23425634999165654,0.34480530177109003,0.07706995140697454,49.99893442622948,49.99893442622954
73560,0.012091333333333334,0.34445098011875214,0.05089174416753817,0.23405263494563572,0.34445098011875214,0.07700747152628598,49.99893442622948,49.99893442622948
73620,0.012091000000000001,0.3440974986706051,0.05089023963450174,0.23384938165879562,0.3440974986706051,0.07694519342191566,49.99893442622948,49.99893442622948
73680,0.012090666666666666,0.34374485471299676,0.05088873894505664,0.23364658864943025,0.34374485471299676,0.0768831162896918,49.99893442622948,49.99893442622948
73740,0.012090333333333333,0.3433930455427685,0.05088724208576211,0.23344425444173098,0.3433930455427685,0.07682123932905886,49.99893442622948,49.998934426229425
73800,0.01209,0.3430420684672117,0.05088574904321436,0.2332423775657592,0.3430420684672117,0.07675956174318674,49.99893442622954,49.99893442622948
73860,0.012089666666666667,0.34269192080443783,0.05088425980409447,0.23304095655742194,0.34269192080443783,0.07669808273869404,49.99893442622948,49.99893442622948
73920,0.012089333333333332,0.34234259988225396,0.050882774355077785,0.23283998995844032,0.34234259988225396,0.07663680152635541,49.99893442622948,49.99893442622954
73980,0.012088999999999999,0.3419941030386711,0.05088129268292906,0.23263947631632712,0.3419941030386711,0.07657571731950322,49.99893442622948,49.99893442622948
74040,0.012088666666666664,0.3416464276224213,0.05087981477454713,0.23243941418435984,0.3416464276224213,0.07651482933574831,49.99893442622948,49.99893442622954
74100,0.012088333333333333,0.3412995709924244,0.050878340616764564,0.23223980212155365,0.3412995709924244,0.07645413679617992,49.99893442622948,49.99893442622948
74160,0.012088000000000002,0.34095353051773686,0.05087687019659981,0.23204063869263533,0.34095353051773686,0.07639363892535321,49.99893442622948,49.99893442622948
74220,0.012087666666666667,0.3406083035778619,0.05087540350099094,0.23184192246823865,0.3406083035778619,0.0763333349511357,49.99893442622948,49.99893442622948
74280,0.012087333333333334,0.3402638875617035,0.05087394051707981,0.23164365202421336,0.3402638875617035,0.07627322410556321,49.99893442622948,49.99893442622948
74340,0.012087,0.3399202798686603,0.05087248123194517,0.23144582594226568,0.3399202798686603,0.07621330562368202,49.99893442622948,49.99893442622954
74400,0.012086666666666667,0.3395774779081115,0.05087102563279147,0.23124844280970994,0.3395774779081115,0.07615357874401031,49.99893442622948,49.99893442622954
74460,0.012086333333333333,0.33923547909929735,0.050869573706845916,0.23105150121944382,0.33923547909929735,0.07609404270848197,49.99893442622948,49.99893442622948
74520,0.012086,0.3388942808715949,0.0508681254414303,0.23085499976992244,0.3388942808715949,0.07603469676247943,49.99893442622948,49.99893442622948
74580,0.012085666666666666,0.33855388066412634,0.05086668082389726,0.23065893706513269,0.33855388066412634,0.07597554015488675,49.99893442622948,49.99893442622948
74640,0.012085333333333333,0.3382142759258552,0.0508652398416512,0.2304633117145694,0.3382142759258552,0.07591657213788632,49.99893442622948,49.99893442622948
74700,0.012085,0.3378754641155466,0.05086380248211421,0.23026812233320892,0.3378754641155466,0.07585779196714441,49.99893442622948,49.99893442622948
74760,0.012084666666666665,0.33753744270172253,0.05086236873287805,0.23007336754148544,0.33753744270172253,0.07579919890157404,49.998934426229425,49.99893442622948
74820,0.012084333333333334,0.3372002091626201,0.05086093858151915,0.22987904596526504,0.3372002091626201,0.07574079220361112,49.99893442622948,49.99893442622948
74880,0.012084000000000001,0.3368637609861488,0.050859512015612736,0.22968515623582156,0.3368637609861488,0.07568257113892075,49.99893442622948,49.99893442622954
74940,0.012083666666666668,0.33652809567023645,0.05085808902288964,0.2294916969898136,0.33652809567023645,0.07562453497646147,49.99893442622948,49.99893442622948
75000,0.012083333333333333,0.33619321072148906,0.05085666959104726,0.22929866686925593,0.33619321072148906,0.07556668298862095,49.99893442622948,49.99893442622948
75060,0.012083,0.3358591036566567,0.050855253707946135,0.22910606452149912,0.3358591036566567,0.07550901445096508,49.998934426229425,49.99893442622948
75120,0.012082666666666669,0.3355257720019592,0.05085384136140653,0.22891388859920403,0.3355257720019592,0.07545152864237865,49.998934426229425,49.998934426229425
75180,0.012082333333333334,0.33519321329306834,0.05085243253932661,0.22872213776031722,0.33519321329306834,0.07539422484506031,49.99893442622948,49.99893442622948
75240,0.012081999999999999,0.3348614250750768,0.05085102722963648,0.22853081066804815,0.3348614250750768,0.07533710234431554,49.99893442622954,49.99893442622954
75300,0.01208166666666667,0.3345304049028129,0.050849625420404485,0.2283399059908453,0.3345304049028129,0.07528016042901518,49.99893442622954,49.99893442622948
75360,0.012081333333333335,0.3342001503396089,0.050848227099648306,0.22814942240236946,0.3342001503396089,0.075223398390676,49.99893442622954,49.99893442622948
75420,0.012081000000000001,0.3338706589586606,0.0508468322554877,0.2279593585814739,0.3338706589586606,0.07516681552437157,49.99893442622948,49.99893442622948
75480,0.012080666666666667,0.3335419283424087,0.0508454408760798,0.22776971321217931,0.3335419283424087,0.07511041112833139,49.99893442622948,49.99893442622954
75540,0.012080333333333332,0.3332139560824784,0.050844052949663036,0.2275804849836503,0.3332139560824784,0.07505418450397551,49.99893442622948,49.99893442622954
75600,0.01208,0.3328867397796876,0.05084266846450938,0.2273916725901723,0.3328867397796876,0.07499813495581151,49.99893442622948,49.998934426229425
75660,0.012079666666666667,0.3325602770439993,0.05084128740893205,0.2272032747311288,0.3325602770439993,0.07494226179150622,49.99893442622948,49.99893442622954
75720,0.012079333333333333,0.3322345654944869,0.050839909771279744,0.22701529011097735,0.3322345654944869,0.07488656432188445,49.998934426229425,49.99893442622948
75780,0.012079,0.3319096027592928,0.050838535539993526,0.22682771743922772,0.3319096027592928,0.07483104186077405,49.99893442622948,49.99893442622948
75840,0.012078666666666665,0.33158538647559216,0.05083716470354166,0.22664055543041842,0.33158538647559216,0.07477569372519283,49.998934426229425,49.99893442622948
75900,0.012078333333333332,0.3312619142895546,0.05083579725046815,0.226453802804094,0.3312619142895546,0.07472051923519803,49.99893442622954,49.99893442622954
75960,0.012078000000000002,0.3309391838563033,0.05083443316931698,0.2262674582847827,0.3309391838563033,0.07466551771390456,49.99893442622948,49.99893442622948
76020,0.012077666666666667,0.3306171928402674,0.05083307244872414,0.2260815206019747,0.3306171928402674,0.07461068848746095,49.99893442622954,49.998934426229425
76080,0.012077333333333332,0.3302959389138302,0.050831715077337844,0.22589598849009718,0.3302959389138302,0.07455603088508958,49.99893442622948,49.99893442622954
76140,0.012077000000000001,0.32997541975883943,0.050830361043879384,0.22571086068849439,0.32997541975883943,0.07450154423900324,49.99893442622954,49.99893442622954
76200,0.012076666666666666,0.32965563306589096,0.05082901033717415,0.22552613594140533,0.32965563306589096,0.07444722788436259,49.99893442622948,49.99893442622948
76260,0.012076333333333333,0.32933657653433196,0.05082766294595823,0.22534181299794065,0.32933657653433196,0.0743930811594561,49.99893442622948,49.99893442622948
76320,0.012076,0.32901824787223344,0.050826318859187425,0.225157890612062,0.32901824787223344,0.07433910340533675,49.99893442622948,49.99893442622948
76380,0.012075666666666667,0.32870064479635513,0.05082497806570165,0.22497436754255848,0.32870064479635513,0.07428529396629517,49.99893442622954,49.99893442622954
76440,0.012075333333333334,0.3283837650321104,0.05082364055448214,0.22479124255302677,0.3283837650321104,0.07423165218928686,49.99893442622948,49.99893442622948
76500,0.012075,0.32806760631352994,0.05082230631452888,0.22460851441184818,0.32806760631352994,0.07417817742436628,49.99893442622954,49.99893442622948
76560,0.012074666666666666,0.327752166383225,0.050820975334933245,0.2244261818921678,0.327752166383225,0.07412486902445165,49.99893442622954,49.99893442622948
76620,0.012074333333333334,0.3274374429923532,0.050819647604761015,0.22424424377187277,0.3274374429923532,0.07407172634535714,49.99893442622948,49.998934426229425
76680,0.012074000000000001,0.3271234339005668,0.05081832311319704,0.22406269883357097,0.3271234339005668,0.07401874874583425,49.99893442622954,49.998934426229425
76740,0.012073666666666668,0.326810136876363,0.05081700184939257,0.22388154586480272,0.326810136876363,0.0739659355879421,49.998934426229425,49.99893442622948
76800,0.012073333333333333,0.32649754969583555,0.050815683802618646,0.2237007836573168,0.32649754969583555,0.07391328623547136,49.99893442622948,49.99893442622948
76860,0.012073,0.326185670144036,0.05081436896216508,0.2235204110077575,0.326185670144036,0.07386080005593074,49.99893442622948,49.99893442622948
76920,0.012072666666666669,0.32587449601432816,0.05081305731738627,0.22334042671740564,0.32587449601432816,0.07380847641939177,49.99893442622948,49.99893442622948
76980,0.012072333333333334,0.32556402510839355,0.050811748857610514,0.22316082959215702,0.32556402510839355,0.07375631469888493,49.99893442622948,49.99893442622948
77040,0.012072,0.32525425523620194,0.05081044357229247,0.2229816184425027,0.32525425523620194,0.07370431427012486,49.998934426229425,49.99893442622948
77100,0.012071666666666668,0.3249451842163119,0.05080914145092142,0.2228027920835107,0.3249451842163119,0.07365247451170706,49.99893442622948,49.99893442622948
77160,0.012071333333333335,0.32463680987472515,0.05080784248296472,0.2226243493347982,0.32463680987472515,0.0736007948049168,49.998934426229425,49.99893442622954
77220,0.012071000000000002,0.32432913004651076,0.05080654665802577,0.22244628902051927,0.32432913004651076,0.07354927453379646,49.99893442622954,49.99893442622948
77280,0.012070666666666667,0.32402214257395945,0.05080525396569188,0.2222686099693392,0.32402214257395945,0.07349791308521816,49.99893442622948,49.99893442622948
77340,0.012070333333333334,0.3237158453080779,0.05080396439561897,0.22209131101441798,0.3237158453080779,0.07344670984871211,49.99893442622948,49.99893442622948
77400,0.01207,0.323410236107897,0.05080267793748451,0.22191439099338858,0.323410236107897,0.07339566421655491,49.99893442622948,49.99893442622954
77460,0.012069655925925928,0.32310531229902634,0.05080139471764013,0.22173784851292286,0.32310531229902634,0.07334478639266026,49.99893442622954,49.99893442622948
77520,0.012069291851851852,0.32280107075418063,0.05080011489641912,0.22156168196155857,0.32280107075418063,0.07329408791525481,49.99893442622948,49.99893442622954
77580,0.01206891,0.3224975084745204,0.050798838504443056,0.22138588975447437,0.3224975084745204,0.073243569762653,49.99893442622948,49.99893442622948
77640,0.012068512592592591,0.32219462258830445,0.050797565523695146,0.22121047035130828,0.32219462258830445,0.0731932304747757,49.99893442622948,49.99893442622948
77700,0.01206810185185185,0.32189241034955446,0.05079629591523556,0.22103542226395054,0.32189241034955446,0.07314306749787812,49.998934426229425,49.99893442622948
77760,0.012067680000000003,0.3215908691367388,0.050795029629938274,0.22086074406060321,0.3215908691367388,0.07309307768763648,49.99893442622948,49.99893442622948
77820,0.012067249259259259,0.3212899964514685,0.05079376661326907,0.22068643436809235,0.3212899964514685,0.07304325754628838,49.99893442622948,49.99893442622954
77880,0.012066811851851851,0.32098978991720883,0.050792506807869946,0.22051249187323455,0.32098978991720883,0.07299360335146021,49.998934426229425,49.99893442622948
77940,0.012066370000000002,0.3206902472779908,0.05079125015463176,0.22033891532363992,0.3206902472779908,0.07294411123353603,49.99893442622954,49.99893442622948
78000,0.012065925925925926,0.32039136639708354,0.05078999659359274,0.22016570352815615,0.32039136639708354,0.07289477722497456,49.99893442622948,49.99893442622948
78060,0.012065481851851852,0.3200931452560596,0.05078874606445795,0.21999285535707233,0.3200931452560596,0.07284559729366058,49.99893442622948,49.99893442622948
78120,0.012065039999999999,0.31979558195316626,0.05078749850689511,0.219820369742153,0.31979558195316626,0.07279656736644252,49.998934426229425,49.99893442622948
78180,0.012064602592592594,0.3194986747022531,0.05078625386072549,0.21964824567655067,0.3194986747022531,0.07274768334617245,49.99893442622948,49.99893442622948
78240,0.012064171851851851,0.31920242183156095,0.050785012066067226,0.21947648221462704,0.31920242183156095,0.07269894112442037,49.99893442622948,49.99893442622948
78300,0.01206375,0.318906821782509,0.05078377306353127,0.21930507847170674,0.318906821782509,0.07265033659107774,49.99893442622948,49.99893442622948
78360,0.01206333925925926,0.31861187310849426,0.05078253679420232,0.21913403362377565,0.31861187310849426,0.07260186564206049,49.99893442622948,49.99893442622954
78420,0.012062941851851852,0.318317574473701,0.050781303199697155,0.2189633469071391,0.318317574473701,0.0725535241851109,49.99893442622948,49.99893442622948
78480,0.01206256,0.3180239246519184,0.050780072222297475,0.21879301761804537,0.3180239246519184,0.07250530814458916,49.99893442622948,49.99893442622948
78540,0.012062195925925926,0.3177309225253603,0.05077884380487315,0.21862304511228195,0.3177309225253603,0.07245721346541599,49.99893442622954,49.99893442622954
78600,0.012061851851851851,0.3174385670838164,0.05077761789088239,0.2184534288047496,0.3174385670838164,0.07240923611618905,49.99893442622954,49.998934426229425
78660,0.012061529999999999,0.31714685742242305,0.05077639442456945,0.21828416816901708,0.31714685742242305,0.07236137209160103,49.99893442622948,49.99893442622948
78720,0.012061232592592593,0.31685579274172554,0.050775173350698796,0.21811526273686063,0.31685579274172554,0.07231361741499341,49.99893442622954,49.99893442622948
78780,0.012060961851851851,0.3165653723460212,0.05077395461476337,0.21794671209779143,0.3165653723460212,0.07226596813977261,49.998934426229425,49.99893442622954
78840,0.01206072,0.31627559564222196,0.05077273816295982,0.217778515898569,0.31627559564222196,0.07221842035120599,49.99893442622948,49.998934426229425
78900,0.012060509259259259,0.31598646213871207,0.050771523942087754,0.21761067384270594,0.31598646213871207,0.07217097016767307,49.99893442622954,49.99893442622948
78960,0.012060331851851852,0.31569797144420864,0.05077031189966621,0.21744318568996365,0.31569797144420864,0.07212361374168609,49.99893442622948,49.998934426229425
79020,0.01206019,0.3154101232666202,0.0507691019838187,0.21727605125584,0.3154101232666202,0.0720763472609912,49.99893442622954,49.99893442622948
79080,0.012060085925925926,0.31512291741190546,0.05076789414338588,0.2171092704110503,0.31512291741190546,0.07202916694919767,49.99893442622948,49.99893442622948
79140,0.012060021851851852,0.31483635378295294,0.05076668832781944,0.2169428430810006,0.31483635378295294,0.07198206906671527,49.99893442622954,49.99893442622948
79200,0.01206,0.3145504323786848,0.05076548448727324,0.21677676924548425,0.3145504323786848,0.07193504991213388,49.99893442622948,49.99893442622954
79260,0.01206,0.31426515222553486,0.05076428284675693,0.21661104846902227,0.31426515222553486,0.07188812760634705,49.99893442622948,49.998934426229425
79320,0.01206,0.3139805113196177,0.050763083756146625,0.21644567983185073,0.3139805113196177,0.07184132729491063,49.99893442622948,49.998934426229425
79380,0.01206,0.3136965076646991,0.05076188735482644,0.21628066236133217,0.3136965076646991,0.07179465613453474,49.99893442622948,49.998934426229425
79440,0.012059999999999998,0.3134131392721735,0.05076069370518631,0.21611599505957363,0.3134131392721735,0.07174811756996033,49.99893442622948,49.99893442622948
79500,0.01206,0.31313040416103766,0.0507595028371867,0.21595167691497238,0.31313040416103766,0.07170171348647843,49.99893442622948,49.99893442622948
79560,0.01206,0.3128483003582113,0.05075831476503163,0.21578770690813387,0.3128483003582113,0.07165544496668905,49.99893442622948,49.99893442622954
79620,0.012060000000000001,0.3125668258973081,0.05075712949449888,0.21562408401528887,0.3125668258973081,0.07160931262675162,49.99893442622948,49.99893442622954
79680,0.01206,0.3122859788200246,0.05075594702645347,0.21546080721046207,0.3122859788200246,0.07156331678760855,49.99893442622948,49.99893442622954
79740,0.01206,0.31200575717547624,0.05075476735855727,0.21529787546690624,0.31200575717547624,0.0715174575735188,49.99893442622948,49.998934426229425
79800,0.01206,0.31172615902020673,0.050753590486461886,0.21513528775810656,0.31172615902020673,0.07147173497104256,49.99893442622948,49.99893442622948
79860,0.012059999999999998,0.31144718241816416,0.05075241640439861,0.2149730430585029,0.31144718241816416,0.07142614886752155,49.99893442622948,49.99893442622948
79920,0.012059999999999998,0.31116882544067276,0.050751245105665393,0.21481114034402576,0.31116882544067276,0.07138069907653243,49.99893442622948,49.99893442622948
79980,0.01206,0.31089108616623695,0.05075007658284416,0.21464957859250122,0.31089108616623695,0.07133538535588818,49.99893442622948,49.99893442622948
80040,0.01206,0.31061396268107366,0.05074891082797681,0.21448835678396325,0.31061396268107366,0.07129020742030967,49.99893442622948,49.99893442622954
80100,0.01206,0.3103374530787409,0.05074774783278179,0.21432747390089993,0.3103374530787409,0.07124516495063653,49.99893442622948,49.99893442622948
80160,0.01206,0.31006155545925884,0.050746587588710645,0.2141669289284438,0.31006155545925884,0.07120025760107068,49.99893442622948,49.99893442622948
80220,0.01206,0.3097862679304331,0.05074543008702576,0.21400672085452915,0.3097862679304331,0.07115548500433892,49.99893442622948,49.99893442622948
80280,0.01206,0.30951158860718164,0.05074427531885696,0.2138468486700156,0.30951158860718164,0.07111084677589773,49.99893442622948,49.99893442622954
80340,0.01206,0.30923751561162566,0.050743123275243766,0.21368731136878963,0.30923751561162566,0.07106634251715989,49.99893442622948,49.99893442622954
80400,0.012059999999999998,0.30896404707295005,0.050741973947150645,0.21352810794784632,0.30896404707295005,0.07102197181810775,49.99893442622948,49.99893442622948
80460,0.012059999999999998,0.30869118112744864,0.05074082732555358,0.21336923740735741,0.30869118112744864,0.07097773425926461,49.99893442622948,49.99893442622948
80520,0.012060000000000001,0.30841891591847775,0.05073968340137782,0.2132106987507254,0.30841891591847775,0.0709336294135764,49.99893442622948,49.99893442622948
80580,0.01206,0.30814724959642525,0.050738542165571394,0.2130524909846292,0.30814724959642525,0.07088965684759008,49.99893442622948,49.99893442622948
80640,0.01206,0.30787618031868136,0.05073740360905161,0.21289461311906013,0.30787618031868136,0.07084581612277126,49.99893442622948,49.99893442622948
80700,0.01206,0.3076057062496061,0.0507362677227938,0.21273706416735286,0.3076057062496061,0.07080210679625773,49.99893442622948,49.998934426229425
80760,0.01206,0.3073358255605014,0.05073513449779613,0.21257984314620856,0.3073358255605014,0.07075852842183987,49.99893442622948,49.99893442622948
80820,0.01206,0.30706653642958065,0.05073400392508919,0.21242294907571452,0.30706653642958065,0.07071508055054912,49.99893442622948,49.99893442622948
80880,0.01206,0.30679783704193697,0.05073287599574144,0.21226638097935896,0.30679783704193697,0.07067176273123962,49.99893442622948,49.99893442622948
80940,0.01206,0.3065297255895167,0.05073175070086293,0.2121101378840428,0.3065297255895167,0.0706285745110753,49.99893442622948,49.99893442622954
81000,0.01206,0.3062622002710865,0.05073062803160783,0.211954218820088,0.3062622002710865,0.07058551543594782,49.99893442622948,49.99893442622948
81060,0.012059967407407406,0.3059952578525154,0.05072950835668128,0.21179862218262083,0.3059952578525154,0.070542615131443,49.99893442622948,49.99893442622948
81120,0.012059872592592592,0.3057288938129689,0.05072839215728616,0.21164334573735058,0.3057288938129689,0.07049990800643176,49.99893442622948,49.99893442622948
81180,0.01205972,0.3054631038574771,0.05072727957216171,0.211488387268093,0.3054631038574771,0.07045739993582585,49.99893442622954,49.99893442622954
81240,0.012059514074074072,0.305197883914842,0.05072617061184582,0.21133374462281623,0.305197883914842,0.07041509055245038,49.998934426229425,49.99893442622948
81300,0.01205925925925926,0.30493323013412094,0.05072506523163714,0.21117941573259272,0.30493323013412094,0.07037297676048745,49.99893442622948,49.99893442622948
81360,0.01205896,0.3046691388837259,0.0507239633597992,0.2110253986223787,0.3046691388837259,0.07033105402294568,49.998934426229425,49.99893442622948
81420,0.012058620740740742,0.3044056067482806,0.050722864910146576,0.21087169141654116,0.3044056067482806,0.07028931694931323,49.99893442622948,49.99893442622948
81480,0.012058245925925925,0.3041426305269389,0.05072176978823697,0.2107182923423201,0.3041426305269389,0.07024775960865585,49.99893442622948,49.99893442622948
81540,0.01205784,0.3038802072306971,0.05072067789484925,0.21056519973195392,0.3038802072306971,0.0702063757131937,49.99893442622948,49.99893442622954
81600,0.012057407407407407,0.3036183340803941,0.05071958912785598,0.21041241202396527,0.3036183340803941,0.07016515873422247,49.99893442622954,49.99893442622948
81660,0.012056952592592592,0.30335700850487446,0.050718503383663044,0.2102599277638961,0.30335700850487446,0.07012410197860237,49.998934426229425,49.99893442622948
81720,0.012056479999999998,0.30309622813828335,0.05071742055793843,0.2101077456046626,0.30309622813828335,0.07008319864208482,49.99893442622954,49.998934426229425
81780,0.012055994074074074,0.3028359908178858,0.050716340546218916,0.20995586430662622,0.3028359908178858,0.07004244184837122,49.99893442622954,49.99893442622948
81840,0.012055499259259259,0.30257629458298496,0.050715263244222965,0.20980428273748555,0.30257629458298496,0.07000182467596026,49.99893442622954,49.99893442622948
81900,0.012055,0.3023171376722681,0.05071418854821414,0.2096529998720074,0.3023171376722681,0.06996134018010498,49.99893442622948,49.99893442622948
81960,0.01205450074074074,0.3020585185218524,0.050713116355154436,0.20950201479164393,0.3020585185218524,0.0699209814092206,49.99893442622948,49.99893442622948
82020,0.012054005925925926,0.3018004357633063,0.050712046562910534,0.20935132668406178,0.3018004357633063,0.06988074141761877,49.99893442622954,49.998934426229425
82080,0.01205352,0.30154288822167713,0.05071097907022498,0.2092009348425983,0.30154288822167713,0.06984061327588621,49.99893442622948,49.99893442622948
82140,0.012053047407407407,0.3012858749135377,0.05070991377691361,0.20905083866566107,0.3012858749135377,0.06980059007897933,49.99893442622948,49.99893442622948
82200,0.012052592592592594,0.3010293950450334,0.05070885058388795,0.20890103765608112,0.3010293950450334,0.06976066495288927,49.99893442622954,49.99893442622954
82260,0.01205216,0.3007734480099223,0.050707789393173136,0.20875153142042374,0.3007734480099223,0.06972083106044819,49.99893442622954,49.99893442622948
82320,0.012051754074074075,0.3005180333877445,0.0507067301079466,0.20860231966826814,0.3005180333877445,0.06968108160571035,49.99893442622948,49.99893442622948
82380,0.012051379259259259,0.30026315094174805,0.0507056726325261,0.20845340221145608,0.30026315094174805,0.06964140983798371,49.99893442622948,49.99893442622948
82440,0.01205104,0.30000880061706353,0.050704616872460445,0.20830477896331717,0.30000880061706353,0.06960180905493926,49.99893442622948,49.998934426229425
82500,0.01205074074074074,0.2997549825387608,0.05070356273445473,0.2081564499378679,0.2997549825387608,0.06956227260580136,49.998934426229425,49.99893442622948
82560,0.012050485925925926,0.29950169700992785,0.050702510126393166,0.20800841524899374,0.29950169700992785,0.06952279389333049,49.99893442622948,49.998934426229425
82620,0.01205028,0.29924894450974804,0.05070145895740225,0.20786067510960848,0.29924894450974804,0.06948336637635309,49.99893442622948,49.99893442622948
82680,0.012050127407407407,0.29899672569157315,0.05070040913771965,0.2077132298307975,0.29899672569157315,0.06944398357144888,49.99893442622948,49.99893442622948
82740,0.012050032592592594,0.29874504138099034,0.05069936057878931,0.20756607982094363,0.29874504138099034,0.0694046390545383,49.99893442622948,49.99893442622948
82800,0.01205,0.2984938925738823,0.050698313193289275,0.2074192255848357,0.2984938925738823,0.06936532646251195,49.998934426229425,49.99893442622948
82860,0.01205,0.29824327902017084,0.05069726727280428,0.20727266708958075,0.29824327902017084,0.06932606963672493,49.998934426229425,49.99893442622948
82920,0.01205,0.2979931991142544,0.05069622328993074,0.20712640365742976,0.2979931991142544,0.06928690247592498,49.998934426229425,49.99893442622948
82980,0.01205,0.2977436512563491,0.050695181435568774,0.20698043454213955,0.2977436512563491,0.06924783423680757,49.998934426229425,49.99893442622948
83040,0.012049999999999998,0.29749463385288427,0.050694141797868186,0.2068347589650265,0.29749463385288427,0.06920886932994187,49.99893442622948,49.99893442622948
83100,0.01205,0.2972461453161011,0.05069310442172072,0.206689376129649,0.2972461453161011,0.06917001018404742,49.998934426229425,49.99893442622948
83160,0.012050000000000002,0.29699818406402656,0.05069206933134388,0.20654428522914317,0.29699818406402656,0.06913125823353182,49.99893442622954,49.99893442622954
83220,0.012050000000000002,0.2967507485205738,0.05069103653978749,0.20639948545037692,0.2967507485205738,0.06909261434781955,49.99893442622954,49.99893442622948
83280,0.012049999999999998,0.2965038371154901,0.05069000605357428,0.20625497597651585,0.2965038371154901,0.06905407904652852,49.99893442622948,49.99893442622948
83340,0.012050000000000002,0.29625744828465,0.050688977875062,0.20611075598891257,0.29625744828465,0.06901565262094707,49.99893442622954,49.99893442622948
83400,0.01205,0.29601158046892123,0.05068795200400519,0.205966824667625,0.29601158046892123,0.06897733520169536,49.998934426229425,49.998934426229425
83460,0.012049999999999998,0.2957662321154769,0.050686928438257825,0.20582318119288048,0.2957662321154769,0.0689391268089308,49.99893442622948,49.99893442622948
83520,0.01205,0.2955214016774221,0.05068590717433225,0.20567982474545418,0.2955214016774221,0.06890102738077065,49.998934426229425,49.99893442622948
83580,0.01205,0.2952770876129411,0.050684888207870274,0.20553675450711867,0.2952770876129411,0.06886303679345594,49.998934426229425,49.99893442622948
83640,0.01205,0.2950332883862684,0.050683871533788595,0.20539396966098594,0.2950332883862684,0.06882515487636354,49.998934426229425,49.99893442622948
83700,0.01205,0.29479000246728715,0.05068285714649695,0.2052514693917727,0.29479000246728715,0.06878738142233673,49.998934426229425,49.99893442622948
83760,0.01205,0.2945472283315017,0.050681845040024896,0.20510925288600787,0.2945472283315017,0.06874971619561777,49.998934426229425,49.99893442622954
83820,0.01205,0.2943049644603385,0.050680835208116545,0.204967319332202,0.2943049644603385,0.06871215893736667,49.998934426229425,49.99893442622948
83880,0.01205,0.29406320934003,0.05067982764430137,0.2048256679209667,0.29406320934003,0.06867470937156439,49.998934426229425,49.99893442622948
83940,0.01205,0.293821961462878,0.05067882234194869,0.20468429784513192,0.293821961462878,0.0686373672066389,49.998934426229425,49.998934426229425
84000,0.012050000000000002,0.29358121932674947,0.050677819294305454,0.20454320829983,0.29358121932674947,0.06860013213920033,49.99893442622954,49.99893442622948
84060,0.01205,0.2933409814349223,0.050676818494546805,0.2044023984825646,0.2933409814349223,0.06856300385629172,49.998934426229425,49.99893442622948
84120,0.01205,0.2931012462961883,0.05067581993576336,0.20426186759326986,0.2931012462961883,0.06852598203678685,49.998934426229425,49.998934426229425
84180,0.012049999999999998,0.2928620124248046,0.05067482361103504,0.204121614834356,0.2928620124248046,0.0684890663531864,49.99893442622948,49.998934426229425
84240,0.01205,0.2926232783404685,0.05067382951335824,0.2039816394107475,0.2926232783404685,0.06845225647268968,49.998934426229425,49.99893442622948
84300,0.01205,0.2923850425682997,0.05067283763578663,0.20384194052991586,0.2923850425682997,0.06841555205789832,49.998934426229425,49.99893442622948
84360,0.01205,0.2921473036388124,0.05067184797133469,0.2037025174019039,0.2921473036388124,0.06837895276804686,49.998934426229425,49.99893442622948
84420,0.01205,0.29191006008774384,0.05067086051302475,0.2035633692393469,0.29191006008774384,0.06834245825936784,49.998934426229425,49.99893442622948
84480,0.01205,0.29167331045652367,0.05066987525389129,0.20342449525748885,0.29167331045652367,0.06830606818577417,49.998934426229425,49.99893442622948
84540,0.01205,0.2914370532917201,0.050668892186985406,0.20328589467419583,0.2914370532917201,0.06826978219931193,49.998934426229425,49.99893442622954
84600,0.01205,0.291201287145194,0.05066791130537863,0.203147566709966,0.291201287145194,0.06823359995057784,49.998934426229425,49.99893442622954
84660,0.012049967407407408,0.29096600930399363,0.05066693294774985,0.20300951001420814,0.29096600930399363,0.06819754869091,49.99893442622948,49.99893442622948
84720,0.012049872592592593,0.29073121591865675,0.05066595755631843,0.20287172267115577,0.29073121591865675,0.06816165978894281,49.99893442622948,49.99893442622948
84780,0.01204972,0.2904969033372852,0.05066498526043426,0.20273420278228782,0.2904969033372852,0.06812593826610391,49.998934426229425,49.99893442622954
84840,0.012049514074074072,0.29026306810351754,0.05066401607199442,0.20259694850718402,0.29026306810351754,0.06809038358180887,49.99893442622954,49.99893442622948
84900,0.01204925925925926,0.29002970695454483,0.05066304995200408,0.2024599580807374,0.29002970695454483,0.06805499280812227,49.99893442622948,49.99893442622948
84960,0.012048960000000001,0.2897968168191643,0.05066208683664665,0.2023232298218881,0.2897968168191643,0.06801976177294884,49.99893442622948,49.99893442622954
85020,0.012048620740740743,0.2895643948158708,0.050661126648614996,0.20218676213853548,0.2895643948158708,0.067984685577974,49.99893442622948,49.99893442622954
85080,0.012048245925925925,0.2893324382509475,0.05066016930292386,0.20205055353046059,0.2893324382509475,0.0679497588699175,49.99893442622948,49.998934426229425
85140,0.01204784,0.2891009446167632,0.05065921471003698,0.2019146025910985,0.2891009446167632,0.06791497599824657,49.99893442622948,49.99893442622948
85200,0.012047407407407408,0.2888699115897542,0.05065826277767909,0.20177890800859785,0.2888699115897542,0.06788033111339924,49.99893442622948,49.99893442622954
85260,0.012046952592592593,0.2886393370287716,0.05065731341205363,0.20164346856641285,0.2886393370287716,0.06784581823169542,49.99893442622948,49.99893442622948
85320,0.01204648,0.2884092189738691,0.05065636651861274,0.2015082831437793,0.2884092189738691,0.06781143128133509,49.99893442622948,49.99893442622948
85380,0.012045994074074074,0.28817955564262554,0.0506554220025564,0.20137335071513857,0.28817955564262554,0.06777716412993424,49.99893442622954,49.99893442622954
85440,0.01204549925925926,0.2879503454306808,0.05065447976924245,0.20123867035064666,0.2879503454306808,0.06774301061296281,49.998934426229425,49.998934426229425
85500,0.012045,0.2877215869090877,0.05065353972434613,0.20110424121571419,0.2877215869090877,0.06770896454938519,49.99893442622948,49.99893442622948
85560,0.012044500740740741,0.2874932788226711,0.050652601774158715,0.20097006257066782,0.2874932788226711,0.06767501975498792,49.99893442622954,49.998934426229425
85620,0.012044005925925926,0.2872654200883767,0.05065166582568222,0.20083613377033674,0.2872654200883767,0.06764117005316257,49.998934426229425,49.99893442622954
85680,0.01204352,0.2870380097936218,0.05065073178670854,0.20070245426358038,0.2870380097936218,0.06760740928319292,49.99893442622948,49.998934426229425
85740,0.012043047407407408,0.28681104719465667,0.05064979956592032,0.2005690235927682,0.28681104719465667,0.06757373130715924,49.998934426229425,49.99893442622948
85800,0.012042592592592594,0.28658453171493237,0.05064886907291787,0.20043584139322146,0.28658453171493237,0.06754013001525315,49.99893442622948,49.99893442622954
85860,0.01204216,0.286358462943477,0.05064794021829127,0.2003029073926201,0.286358462943477,0.06750659933053829,49.99893442622954,49.99893442622948
85920,0.012041754074074075,0.2861328406333362,0.05064701291362044,0.20017022141038882,0.2861328406333362,0.06747313321214682,49.99893442622948,49.998934426229425
85980,0.012041379259259258,0.285907664699753,0.05064608707152341,0.20003778335703898,0.285907664699753,0.06743972566003545,49.99893442622948,49.99893442622954
86040,0.01204104,0.28568293521878135,0.050645162605631434,0.19990559323351534,0.28568293521878135,0.06740637071566585,49.99893442622954,49.99893442622954
86100,0.01204074074074074,0.2854586524255816,0.05064423943062564,0.19977365113050863,0.2854586524255816,0.0673730624653223,49.99893442622948,49.99893442622948
86160,0.012040485925925926,0.2852348167128059,0.050643317462218916,0.19964195722775244,0.2852348167128059,0.06733979504215468,49.99893442622948,49.99893442622948
86220,0.01204028,0.28501142862897855,0.05064239661719781,0.19951051179330456,0.28501142862897855,0.06730656262773582,49.998934426229425,49.99893442622948
86280,0.012040127407407408,0.28478848887687186,0.05064147681341004,0.19937931518281243,0.28478848887687186,0.06727335945368985,49.99893442622954,49.99893442622948
86340,0.012040032592592592,0.2845659983118737,0.050640557969670444,0.1992483678387634,0.2845659983118737,0.06724017980306603,49.99893442622948,49.99893442622948
86400,0.01204,0.28434395794035006,0.05063964000592059,0.1991176702897218,0.28434395794035006,0.06720701801143901,49.99893442622948,49.99893442622948
86460,0.01204,0.2841223676663508,0.050638723189709405,0.1989872225793843,0.2841223676663508,0.06717389613874003,49.99893442622948,49.998934426229425
86520,0.01204,0.28390122619389035,0.05063780795522083,0.1988570241708431,0.28390122619389035,0.06714084521620244,49.99893442622948,49.99893442622948
86580,0.01204,0.2836805322317639,0.05063689447884938,0.19872707446640256,0.2836805322317639,0.06710787345274272,49.99893442622948,49.998934426229425
86640,0.012039999999999999,0.2834602844933516,0.05063598284277052,0.19859737283989023,0.2834602844933516,0.06707498471403313,49.99893442622954,49.99893442622948
86700,0.01204,0.28324048169664545,0.05063507308941075,0.19846791864964228,0.28324048169664545,0.06704218111396881,49.99893442622948,49.99893442622948
86760,0.01204,0.28302112256422973,0.05063416524220707,0.19833871124490454,0.28302112256422973,0.06700946389963393,49.99893442622948,49.99893442622948
86820,0.012040000000000002,0.2828022058232618,0.05063325931429414,0.1982097499694225,0.2828022058232618,0.06697683383054423,49.99893442622948,49.99893442622948
86880,0.01204,0.28258373020545285,0.05063235531271468,0.19808103416363823,0.28258373020545285,0.06694429136717354,49.99893442622948,49.99893442622954
86940,0.012040000000000002,0.28236569444705034,0.050631453240821925,0.19795256316612073,0.28236569444705034,0.06691183677490921,49.99893442622948,49.99893442622948
87000,0.01204,0.2821480972888159,0.05063055309934882,0.19782433631454227,0.2821480972888159,0.06687947018586703,49.99893442622948,49.99893442622948
87060,0.012039999999999999,0.28193093747601106,0.05062965488741378,0.19769635294637009,0.28193093747601106,0.06684719163759727,49.99893442622954,49.998934426229425
87120,0.01204,0.28171421375837363,0.05062875860280176,0.19756861239936951,0.28171421375837363,0.06681500109875567,49.99893442622948,49.99893442622954
87180,0.01204,0.28149792489010383,0.05062786424251217,0.19744111401198064,0.28149792489010383,0.06678289848647148,49.99893442622948,49.99893442622948
87240,0.01204,0.28128206962984226,0.05062697180284363,0.19731385712360394,0.28128206962984226,0.06675088367869152,49.99893442622948,49.99893442622948
87300,0.01204,0.2810666467408828,0.05062608127961635,0.19718684107482248,0.2810666467408828,0.06671895652294631,49.99893442622948,49.998934426229425
87360,0.01204,0.2808516549907371,0.050625192668286,0.19706006520777186,0.2808516549907371,0.06668711684425568,49.99893442622948,49.99893442622954
87420,0.01204,0.28063709315079716,0.050624305964031474,0.19693352886567797,0.28063709315079716,0.06665536444577089,49.99893442622948,49.99893442622948
87480,0.01204,0.2804229599971324,0.05062342116182085,0.1968072313935765,0.2804229599971324,0.0666236991174077,49.99893442622948,49.99893442622948
87540,0.01204,0.2802092543107425,0.05062253825646212,0.1966811721381938,0.2802092543107425,0.06659212063684941,49.99893442622948,49.99893442622948
87600,0.01204,0.2799959748764661,0.0506216572426421,0.1965553504480197,0.2799959748764661,0.06656062877172313,49.99893442622948,49.99893442622948
87660,0.01204,0.27978312048351517,0.05062077811495677,0.19642976567336676,0.27978312048351517,0.06652922328149298,49.99893442622948,49.998934426229425
87720,0.01204,0.2795706899254034,0.0506199008679352,0.19630441716641842,0.2795706899254034,0.06649790391895366,49.99893442622948,49.998934426229425
87780,0.012039999999999999,0.27935868199992736,0.05061902549607554,0.1961793042812687,0.27935868199992736,0.06646667043143985,49.99893442622954,49.99893442622954
87840,0.01204,0.27914709550914335,0.05061815199377701,0.19605442637395473,0.27914709550914335,0.06643552256176516,49.99893442622948,49.99893442622954
87900,0.01204,0.2789359292594024,0.05061728035550802,0.19592978280248297,0.2789359292594024,0.06640446004906723,49.99893442622948,49.99893442622948
87960,0.01204,0.2787251820611297,0.050616410575674765,0.19580537292685124,0.2787251820611297,0.06637348262948121,49.99893442622948,49.99893442622948
88020,0.01204,0.27851485272931376,0.050615542648686354,0.19568119610907056,0.27851485272931376,0.0663425900362884,49.99893442622948,49.99893442622948
88080,0.01204,0.2783049400826397,0.05061467656895572,0.19555725171316743,0.2783049400826397,0.06631178200175286,49.99893442622948,49.99893442622948
88140,0.01204,0.27809544294420546,0.0506138123309034,0.19543353910520622,0.27809544294420546,0.06628105825569267,49.99893442622948,49.99893442622948
88200,0.01204,0.2778863601412843,0.0506129499289616,0.19531005765329537,0.2778863601412843,0.06625041852679459,49.99893442622948,49.99893442622954
88260,0.012039967407407407,0.27767768937775944,0.05061208967529593,0.19518680620980552,0.27767768937775944,0.06621988789420215,49.99893442622948,49.99893442622948
88320,0.012039872592592593,0.2774694273474822,0.05061123197780162,0.1950637831173889,0.2774694273474822,0.06618949499523631,49.99893442622954,49.99893442622948
88380,0.01203972,0.2772615709183156,0.05061037695720819,0.19494098673517474,0.2772615709183156,0.06615924413992232,49.99893442622948,49.99893442622948
88440,0.012039514074074073,0.2770541171304256,0.05060952462618856,0.1948184154752618,0.2770541171304256,0.06612913467445958,49.998934426229425,49.99893442622948
88500,0.01203925925925926,0.2768470631946101,0.0506086749504643,0.19469606781788582,0.2768470631946101,0.0660991638453777,49.998934426229425,49.99893442622948
88560,0.01203896,0.27664040649065735,0.05060782787278444,0.19457394231901382,0.27664040649065735,0.06606932782024855,49.998934426229425,49.99893442622948
88620,0.012038620740740743,0.2764341445657406,0.05060698332331313,0.19445203761457047,0.2764341445657406,0.0660396221436478,49.99893442622954,49.99893442622948
88680,0.012038245925925926,0.27622827513283704,0.05060614122506995,0.19433035242292943,0.27622827513283704,0.06601004197358135,49.99893442622948,49.99893442622948
88740,0.012037840000000001,0.2760227960691758,0.05060530149672516,0.19420888554641033,0.2760227960691758,0.06598058221743208,49.99893442622954,49.99893442622948
88800,0.012037407407407406,0.2758177054147121,0.05060446405435743,0.194087635872164,0.2758177054147121,0.06595123761631203,49.99893442622954,49.99893442622948
88860,0.012036952592592593,0.27561300137062544,0.050603628812539415,0.1939666023726595,0.27561300137062544,0.06592200280008298,49.99893442622948,49.99893442622948
88920,0.01203648,0.2754086822978342,0.05060279568504049,0.1938457841059001,0.2754086822978342,0.06589287232528647,49.99893442622948,49.99893442622954
88980,0.012035994074074075,0.27520474671535433,0.05060196458533088,0.1937251802154461,0.27520474671535433,0.06586384070204279,49.99893442622948,49.99893442622954
89040,0.012035499259259261,0.27500119329942635,0.05060113542689906,0.19360478993029978,0.27500119329942635,0.06583490241365184,49.99893442622948,49.99893442622948
89100,0.012035,0.27479802088149713,0.05060030812355377,0.19348461256468516,0.27479802088149713,0.06580605193137655,49.99893442622948,49.99893442622948
89160,0.01203450074074074,0.2745952284469645,0.05059948258953222,0.1933646475177493,0.2745952284469645,0.06577728372571426,49.99893442622948,49.99893442622954
89220,0.012034005925925927,0.27439281513401625,0.05059865873966656,0.193244894273201,0.27439281513401625,0.06574859227526071,49.99893442622948,49.99893442622948
89280,0.01203352,0.2741907802316084,0.05059783648942958,0.19312535239889936,0.2741907802316084,0.06571997207367773,49.99893442622948,49.99893442622954
89340,0.012033047407407408,0.2739891231787825,0.05059701575512881,0.1930060215464064,0.2739891231787825,0.06569141763510666,49.99893442622948,49.99893442622954
89400,0.012032592592592593,0.27378784356284747,0.05059619645379423,0.19288690145050147,0.27378784356284747,0.06566292349918788,49.99893442622948,49.99893442622948
89460,0.01203216,0.27358694111857,0.050595378503364874,0.19276799192886807,0.27358694111857,0.06563448423548347,49.99893442622954,49.99893442622948
89520,0.012031754074074075,0.2733864157258431,0.0505945618226157,0.19264929288096838,0.2733864157258431,0.06560609444289149,49.998934426229425,49.99893442622948
89580,0.012031379259259258,0.2731862674091338,0.05059374633124063,0.1925308042880886,0.2731862674091338,0.06557774875688889,49.99893442622948,49.99893442622954
89640,0.012031040000000002,0.27298649633588157,0.05059293194978609,0.19241252621256152,0.27298649633588157,0.0655494418500049,49.99893442622948,49.99893442622948
89700,0.012030740740740743,0.27278710281509627,0.05059211859981891,0.19229445879717944,0.27278710281509627,0.06552116843343529,49.99893442622948,49.99893442622948
89760,0.012030485925925927,0.27258808729599443,0.05059130620373113,0.19217660226458927,0.27258808729599443,0.06549292325907971,49.99893442622948,49.99893442622948
89820,0.01203028,0.2723894503666266,0.05059049468488507,0.19205895691667454,0.2723894503666266,0.06546470112081092,49.99893442622948,49.998934426229425
89880,0.012030127407407408,0.2721911927524971,0.05058968396757999,0.19194152313392407,0.2721911927524971,0.06543649685577536,49.99893442622948,49.99893442622948
89940,0.012030032592592594,0.2719933153151781,0.05058887397703337,0.1918243013747857,0.2719933153151781,0.06540830534575973,49.99893442622954,49.99893442622948
90000,0.01203,0.271795819050916,0.05058806463938338,0.19170729217500862,0.271795819050916,0.06538012151809831,49.99893442622948,49.99893442622948
90060,0.01203,0.27159870397475644,0.050587256200987425,0.19159049563127464,0.27159870397475644,0.06535196577709303,49.99893442622948,49.99893442622948
90120,0.01203,0.2714019690332043,0.05058644906221665,0.191473911315317,0.2714019690332043,0.0653238665574646,49.99893442622948,49.99893442622948
90180,0.01203,0.27120561317641967,0.05058564338651091,0.19135753874475436,0.27120561317641967,0.06529583116009237,49.99893442622948,49.99893442622954
90240,0.012029999999999999,0.2710096353584984,0.05058483925052939,0.1912413774120922,0.2710096353584984,0.06526786298855464,49.99893442622948,49.99893442622948
90300,0.01203,0.2708140345364274,0.05058403669442242,0.19112542679623354,0.2708140345364274,0.06523996389411403,49.99893442622948,49.99893442622948
90360,0.01203,0.27061880967134316,0.05058323574062519,0.19100968636810353,0.27061880967134316,0.06521213496800976,49.99893442622948,49.99893442622948
90420,0.012030000000000002,0.27042395972789246,0.05058243640212729,0.1908941555937691,0.27042395972789246,0.06518437687825676,49.99893442622948,49.99893442622948
90480,0.01203,0.27022948367429594,0.05058163868634971,0.19077883393633324,0.27022948367429594,0.06515669003544566,49.99893442622948,49.99893442622948
90540,0.01203,0.2700353804823373,0.05058084259715594,0.19066372085716307,0.2700353804823373,0.06512907468306911,49.99893442622948,49.99893442622948
90600,0.012029999999999999,0.2698416491273509,0.05058004813607429,0.19054881581672442,0.2698416491273509,0.06510153095090647,49.99893442622948,49.99893442622954
90660,0.012029999999999999,0.2696482885878803,0.0505792553030762,0.19043411827517134,0.2696482885878803,0.06507405888836053,49.99893442622948,49.99893442622948
90720,0.01203,0.26945529784680383,0.050578464096965446,0.19031962769277308,0.26945529784680383,0.06504665848651393,49.99893442622948,49.99893442622948
90780,0.01203,0.26926267588991787,0.050577674515668865,0.19020534353023355,0.26926267588991787,0.06501932969286327,49.99893442622948,49.99893442622948
90840,0.01203,0.2690704217065985,0.05057688655654552,0.19009126524893435,0.2690704217065985,0.06499207242166176,49.99893442622948,49.99893442622948
90900,0.01203,0.26887853428971287,0.0505761002164862,0.18997739231112162,0.26887853428971287,0.06496488656164479,49.99893442622948,49.99893442622948
90960,0.01203,0.2686870126356008,0.0505753154920304,0.18986372418005268,0.2686870126356008,0.06493777198144353,49.99893442622948,49.99893442622948
91020,0.01203,0.26849585574412294,0.05057453237945001,0.1897502603201125,0.26849585574412294,0.06491072853375136,49.99893442622948,49.99893442622954
91080,0.01203,0.26830506261837567,0.05057375087481182,0.18963700019690707,0.26830506261837567,0.06488375605849182,49.99893442622948,49.99893442622954
91140,0.01203,0.2681146322650938,0.05057297097402492,0.1895239432773384,0.2681146322650938,0.06485685438527455,49.99893442622948,49.99893442622948
91200,0.01203,0.2679245636943452,0.05057219267287741,0.1894110890296658,0.2679245636943452,0.06483002333531833,49.99893442622948,49.99893442622954
91260,0.012029999999999999,0.26773485591977986,0.05057141596704504,0.18929843692355622,0.26773485591977986,0.06480326272296852,49.99893442622948,49.99893442622948
91320,0.012030000000000002,0.2675455079580458,0.05057064085220011,0.18918598643012458,0.2675455079580458,0.06477657235690246,49.99893442622948,49.99893442622948
91380,0.012029999999999999,0.267356518829351,0.050569867323870796,0.18907373702196675,0.267356518829351,0.06474995204135406,49.99893442622948,49.99893442622948
91440,0.01203,0.26716788755729015,0.050569095377637374,0.18896168817318984,0.26716788755729015,0.06472340157639742,49.99893442622948,49.998934426229425
91500,0.012030000000000002,0.26697961316879554,0.05056832500896271,0.18884983935943242,0.26697961316879554,0.06469692075925254,49.99893442622948,49.99893442622948
91560,0.01203,0.2667916946944637,0.050567556213365256,0.18873819005807432,0.2667916946944637,0.06467050938556665,49.99893442622948,49.99893442622954
91620,0.01203,0.26660413116736453,0.05056678898631261,0.18862673974767744,0.26660413116736453,0.06464416724597485,49.99893442622948,49.99893442622948
91680,0.01203,0.26641692162448766,0.050566023323285664,0.18851548790858058,0.26641692162448766,0.06461789413126595,49.99893442622948,49.99893442622948
91740,0.01203,0.2662300651060123,0.05056525921976361,0.18840443402271126,0.2662300651060123,0.06459168983078645,49.99893442622948,49.99893442622948
91800,0.01203,0.26604356065538803,0.05056449667122994,0.18829357757359444,0.26604356065538803,0.06456555413261059,49.99893442622948,49.99893442622948
91860,0.01203,0.26585740731932106,0.050563735673176284,0.18818291804635937,0.26585740731932106,0.06453948682384732,49.99893442622948,49.99893442622948
91920,0.01203,0.26567160414776586,0.05056297622110516,0.18807245492774485,0.26567160414776586,0.06451348769087918,49.99893442622948,49.99893442622954
91980,0.01203,0.2654861501939134,0.050562218310532155,0.18796218770610273,0.2654861501939134,0.06448755651955206,49.99893442622948,49.99893442622948
92040,0.012029999999999999,0.2653010445141774,0.05056146193696836,0.18785211587140058,0.2653010445141774,0.06446169309534938,49.99893442622948,49.99893442622948
92100,0.01203,0.2651162861681817,0.05056070709601323,0.18774223891522387,0.2651162861681817,0.06443589720341142,49.99893442622948,49.99893442622948
92160,0.01203,0.26493187421874903,0.05055995378318758,0.18763255633077505,0.26493187421874903,0.06441016862896488,49.99893442622948,49.99893442622948
92220,0.012030000000000002,0.2647478077315238,0.050559201994074786,0.18752306761287554,0.2647478077315238,0.06438450715696874,49.99893442622948,49.998934426229425
92280,0.01203,0.26456408577622226,0.05055845172429657,0.18741377225796407,0.26456408577622226,0.06435891257256564,49.99893442622948,49.998934426229425
92340,0.01203,0.26438070742506864,0.050557702969459044,0.18730466976409563,0.26438070742506864,0.06433338466101245,49.99893442622948,49.99893442622954
92400,0.012029999999999999,0.2641976717538393,0.050556955725187216,0.1871957596309439,0.2641976717538393,0.06430792320744999,49.99893442622948,49.99893442622948
92460,0.012029999999999999,0.264014977840663,0.05055620998717641,0.18708704135978801,0.264014977840663,0.06428252799808959,49.99893442622948,49.99893442622948
92520,0.01203,0.26383262476732844,0.05055546575111795,0.18697851445351998,0.26383262476732844,0.06425719881882405,49.99893442622948,49.99893442622948
92580,0.01203,0.2636506116188559,0.050554723012679076,0.18687017841663914,0.2636506116188559,0.0642319354560176,49.99893442622948,49.99893442622954
92640,0.01203,0.26346893748312955,0.050553981767592446,0.1867620327552499,0.26346893748312955,0.064206737696348,49.99893442622948,49.99893442622948
92700,0.01203,0.2632876014511878,0.05055324201160463,0.18665407697705744,0.2632876014511878,0.06418160532703483,49.99893442622948,49.99893442622954
92760,0.01203,0.26310660261714014,0.05055250374048107,0.18654631059136426,0.26310660261714014,0.06415653813574998,49.99893442622948,49.99893442622948
92820,0.01203,0.26292594007815906,0.050551766950007494,0.18643873310906633,0.26292594007815906,0.06413153591065966,49.99893442622948,49.99893442622954
92880,0.01203,0.2627456129344623,0.05055103163599,0.1863313440426492,0.2627456129344623,0.06410659844045093,49.99893442622948,49.99893442622948
92940,0.01203,0.2625656202893067,0.050550297794255114,0.1862241429061838,0.2625656202893067,0.06408172551435429,49.99893442622948,49.99893442622954
93000,0.01203,0.26238596124897096,0.05054956542064947,0.18611712921532209,0.26238596124897096,0.06405691692216375,49.99893442622948,49.99893442622954
93060,0.012029999999999999,0.26220663492274743,0.05054883451102092,0.18601030248729258,0.26220663492274743,0.0640321724542725,49.99893442622948,49.99893442622948
93120,0.012030000000000002,0.26202764042292764,0.05054810506130114,0.18590366224089658,0.26202764042292764,0.0640074919015696,49.99893442622948,49.99893442622948
93180,0.012029999999999999,0.26184897686479236,0.05054737706735324,0.18579720799650148,0.26184897686479236,0.0639828750557988,49.99893442622948,49.99893442622954
93240,0.01203,0.2616706433665984,0.050546650525146564,0.1856909392760388,0.2616706433665984,0.06395832170900177,49.99893442622948,49.99893442622948
93300,0.012030000000000002,0.26149263904956727,0.050545925430582395,0.1855848556029968,0.26149263904956727,0.06393383165416348,49.99893442622948,49.998934426229425
93360,0.01203,0.26131496303817886,0.050545201779651446,0.1854789565024179,0.26131496303817886,0.06390940468466524,49.99893442622948,49.99893442622948
93420,0.01203,0.26113761445909023,0.05054447956832386,0.18537324150089132,0.26113761445909023,0.06388504059472382,49.99893442622948,49.99893442622948
93480,0.01203,0.26096059244246256,0.050543758792605135,0.1852677101265498,0.26096059244246256,0.0638607391791369,49.99893442622948,49.99893442622954
93540,0.01203,0.2607838961212735,0.05054303944851658,0.1851623619090638,0.2607838961212735,0.0638365002333865,49.99893442622948,49.998934426229425
93600,0.01203,0.26060752463140185,0.05054232153209704,0.1850571963796368,0.26060752463140185,0.06381232355362912,49.99893442622948,49.99893442622954
93660,0.01203,0.2604314771116181,0.05054160503940334,0.18495221307099982,0.2604314771116181,0.06378820893670421,49.99893442622948,49.99893442622954
93720,0.01203,0.2602557527037782,0.05054088996650993,0.18484741151759043,0.2602557527037782,0.06376415618143182,49.99893442622948,49.998934426229425
93780,0.01203,0.2600803505521734,0.050540176309509036,0.1847427912549883,0.2600803505521734,0.06374016508425122,49.99893442622948,49.99893442622948
93840,0.012029999999999999,0.2599052698041707,0.050539464064491606,0.18463835182047766,0.2599052698041707,0.06371623544432545,49.99893442622948,49.99893442622948
93900,0.01203,0.25973050960977284,0.0505387532276352,0.18453409275284888,0.25973050960977284,0.06369236706137364,49.99893442622948,49.99893442622948
93960,0.01203,0.2595560691223394,0.050538043795041857,0.18443001359239203,0.2595560691223394,0.06366855973591837,49.99893442622948,49.99893442622948
94020,0.012030000000000002,0.2593819474977121,0.050537335762873066,0.1843261138808941,0.2593819474977121,0.06364481326888777,49.99893442622948,49.99893442622948
94080,0.01203,0.259208143894761,0.05053662912732546,0.18422239316163275,0.259208143894761,0.06362112746201098,49.99893442622948,49.99893442622948
94140,0.01203,0.2590346574749117,0.05053592388457824,0.18411885097937108,0.2590346574749117,0.0635975021177126,49.99893442622948,49.99893442622948
94200,0.012029999999999999,0.25886148740246906,0.050535220030825695,0.18401548688035246,0.25886148740246906,0.06357393703911188,49.99893442622948,49.99893442622948
94260,0.012029999999999999,0.2586886328445247,0.050534517562326305,0.1839123004122956,0.2586886328445247,0.0635504320299757,49.99893442622948,49.99893442622948
94320,0.01203,0.25851609297094486,0.050533816475331,0.18380929112438832,0.25851609297094486,0.06352698689489661,49.99893442622948,49.99893442622948
94380,0.01203,0.25834386695435707,0.05053311676606303,0.18370645856728224,0.25834386695435707,0.06350360143916269,49.99893442622948,49.99893442622954
94440,0.01203,0.25817195397013964,0.05053241843080444,0.18360380229308856,0.25817195397013964,0.06348027546865241,49.99893442622948,49.99893442622948
94500,0.01203,0.25800035319641057,0.05053172146584588,0.1835013218553717,0.25800035319641057,0.06345700879005257,49.99893442622948,49.99893442622948
94560,0.01203,0.2578290638143279,0.05053102586749155,0.1833990168091479,0.2578290638143279,0.0634338012104474,49.99893442622948,49.99893442622954
94620,0.01203,0.25765808500697984,0.050530331632060305,0.1832968867108694,0.25765808500697984,0.06341065253843788,49.99893442622948,49.99893442622948
94680,0.01203,0.25748741596076963,0.050529638755885745,0.18319493111842866,0.25748741596076963,0.06338756258266222,49.99893442622948,49.99893442622948
94740,0.01203,0.2573170558646788,0.050528947235316105,0.1830931495911507,0.2573170558646788,0.06336453115256703,49.99893442622948,49.99893442622948
94800,0.01203,0.2571470039103709,0.05052825706671426,0.18299154168978754,0.2571470039103709,0.06334155805833208,49.99893442622948,49.99893442622954
94860,0.012029999999999999,0.25697725929218235,0.05052756824643914,0.18289010697651256,0.25697725929218235,0.06331864311086942,49.99893442622948,49.99893442622954
94920,0.012030000000000002,0.2568078212071125,0.05052688077092566,0.18278884501491635,0.2568078212071125,0.0632957861216953,49.99893442622948,49.99893442622948
94980,0.012029999999999999,0.2566386888548149,0.05052619463653774,0.1826877553699992,0.2566386888548149,0.06327298690327347,49.99893442622948,49.99893442622948
95040,0.01203,0.2564698614375867,0.05052550983973692,0.18258683760816838,0.2564698614375867,0.06325024526843909,49.99893442622948,49.99893442622954
95100,0.012030000000000002,0.2563013381603589,0.05052482637691442,0.18248609129723067,0.2563013381603589,0.06322756103103452,49.99893442622948,49.99893442622948
95160,0.01203,0.2561331182306862,0.05052414424454292,0.18238551600638886,0.2561331182306862,0.06320493400537361,49.99893442622948,49.99893442622954
95220,0.01203,0.2559652008587359,0.050523463439070763,0.18228511130623534,0.2559652008587359,0.06318236400657985,49.99893442622948,49.99893442622948
95280,0.01203,0.25579758525727986,0.05052278395697586,0.18218487676874764,0.25579758525727986,0.06315985085042687,49.99893442622948,49.99893442622954
95340,0.01203,0.2556302706416824,0.05052210579474684,0.18208481196728277,0.2556302706416824,0.06313739435339806,49.99893442622948,49.99893442622948
95400,0.01203,0.25546325622989047,0.05052142894888504,0.18198491647657214,0.25546325622989047,0.0631149943326603,49.99893442622948,49.99893442622954
95460,0.012029967407407409,0.2552965403406854,0.050520753686971544,0.1818851894465995,0.2552965403406854,0.06309267205340253,49.99893442622948,49.99893442622954
95520,0.012029872592592594,0.2551301204830797,0.05052008035916403,0.18178562960866654,0.2551301204830797,0.063070451471284,49.998934426229425,49.99893442622948
95580,0.01202972,0.2549639943051138,0.0505194090713846,0.18168623570918532,0.2549639943051138,0.06304833579180115,49.99893442622948,49.99893442622948
95640,0.012029514074074073,0.2547981595879165,0.050518739837258644,0.1815870065389438,0.2547981595879165,0.06302632424449366,49.99893442622948,49.99893442622948
95700,0.012029259259259259,0.2546326142498009,0.050518072630107144,0.18148794094501652,0.2546326142498009,0.06300441441541466,49.99893442622948,49.99893442622948
95760,0.012028960000000002,0.2544673563417404,0.05051740740332959,0.18138903783660598,0.2544673563417404,0.06298260306457318,49.99893442622954,49.99893442622948
95820,0.012028620740740742,0.2543023840472492,0.05051674409940533,0.18129029618823786,0.2543023840472492,0.06296088648381326,49.99893442622948,49.99893442622954
95880,0.012028245925925926,0.2541376956811533,0.05051608265448709,0.18119171504161727,0.2541376956811533,0.06293926067869346,49.99893442622948,49.99893442622954
95940,0.012027840000000001,0.25397328968846483,0.05051542300084959,0.1810932935067305,0.25397328968846483,0.06291772147156838,49.99893442622954,49.998934426229425
96000,0.012027407407407407,0.25380916464365005,0.05051476506836172,0.1809950307626678,0.25380916464365005,0.06289626456601903,49.99893442622954,49.99893442622954
96060,0.012026952592592592,0.25364531924822403,0.05051410878542028,0.18089692605742022,0.25364531924822403,0.06287488558312183,49.99893442622954,49.998934426229425
96120,0.01202648,0.2534817523313729,0.05051345407964501,0.18079897870858502,0.2534817523313729,0.06285358009441619,49.99893442622948,49.998934426229425
96180,0.012025994074074075,0.2533184628479993,0.05051280087817471,0.18070118810317773,0.2533184628479993,0.06283234363988385,49.99893442622948,49.99893442622954
96240,0.012025499259259258,0.25315544987783556,0.05051214910815051,0.18060355369753897,0.25315544987783556,0.06281117174150258,49.99893442622948,49.99893442622948
96300,0.012025000000000001,0.25299271262440737,0.0505114986967255,0.1805060750171614,0.25299271262440737,0.06279005991452787,49.99893442622948,49.99893442622954
96360,0.01202450074074074,0.2528302504140141,0.05051084957138595,0.18040875165646225,0.2528302504140141,0.06276900367517957,49.998934426229425,49.99893442622948
96420,0.012024005925925927,0.25266806269471453,0.05051020165999097,0.18031158327850855,0.25266806269471453,0.06274799854736413,49.99893442622948,49.99893442622948
96480,0.01202352,0.25250614903532054,0.05050955489087539,0.18021456961470816,0.25250614903532054,0.06272704006741754,49.99893442622948,49.99893442622948
96540,0.012023047407407408,0.2523445091243953,0.05050890919293253,0.18011771046447198,0.2523445091243953,0.06270612378822459,49.99893442622948,49.99893442622948
96600,0.012022592592592592,0.25218314276925446,0.050508264495634135,0.18002100569485208,0.25218314276925446,0.0626852452824295,49.99893442622948,49.99893442622954
96660,0.01202216,0.2520220498949719,0.050507620729100096,0.17992445524015946,0.2520220498949719,0.06266440014519165,49.99893442622954,49.99893442622948
96720,0.012021754074074072,0.25186123054338366,0.05050697782411034,0.17982805910156557,0.25186123054338366,0.06264358399633865,49.99893442622954,49.99893442622954
96780,0.012021379259259259,0.25170068487209546,0.05050633571212142,0.17973181734668808,0.25170068487209546,0.06262279248226815,49.998934426229425,49.99893442622954
96840,0.012021039999999998,0.2515404131534877,0.05050569432529085,0.17963573010916248,0.2515404131534877,0.06260202127763138,49.99893442622948,49.99893442622948
96900,0.012020740740740742,0.25138041577371656,0.050505053596518766,0.1795397975882017,0.25138041577371656,0.06258126608666777,49.99893442622948,49.99893442622948
96960,0.012020485925925925,0.2512206932318258,0.0505044134593725,0.17944402004814652,0.2512206932318258,0.06256052264417841,49.99893442622954,49.99893442622954
97020,0.01202028,0.25106124613843134,0.05050377384819421,0.17934839781799644,0.25106124613843134,0.06253978671749347,49.99893442622954,49.99893442622948
97080,0.012020127407407407,0.25090207521493696,0.05050313469805776,0.17925293129093983,0.25090207521493696,0.06251905410634966,49.99893442622954,49.99893442622948
97140,0.012020032592592591,0.2507431812925545,0.050502495944719665,0.17915762092386953,0.2507431812925545,0.06249832064419219,49.99893442622948,49.99893442622954
97200,0.01202,0.25058456531120316,0.050501857524743614,0.17906246723688735,0.25058456531120316,0.06247758219900652,49.99893442622948,49.99893442622954
97260,0.01202,0.2504262274223465,0.05050121964874858,0.17896747038667604,0.2504262274223465,0.06245685622550511,49.99893442622948,49.99893442622948
97320,0.012020000000000001,0.250268166917756,0.05050058266004134,0.1788726300966841,0.250268166917756,0.0624361666745057,49.99893442622948,49.99893442622954
97380,0.01202,0.25011038309210815,0.05049994669994908,0.17877794604712663,0.25011038309210815,0.062415519370805805,49.99893442622948,49.99893442622948
97440,0.012019999999999998,0.24995287524196547,0.05049931183562915,0.1786834178984305,0.24995287524196547,0.06239491698878479,49.998934426229425,49.99893442622948
97500,0.01202,0.24979564266643192,0.05049867810283502,0.17858904530039219,0.24979564266643192,0.062374360969919676,49.99893442622948,49.99893442622954
97560,0.012020000000000001,0.24963868466654904,0.05049804552221172,0.1784948278965593,0.24963868466654904,0.06235385216428346,49.99893442622948,49.99893442622948
97620,0.01202,0.24948200054572287,0.05049741410619113,0.17840076532662896,0.24948200054572287,0.062333391097639766,49.99893442622948,49.99893442622948
97680,0.012019999999999998,0.24932558960960907,0.050496783862407274,0.178306857227889,0.24932558960960907,0.06231297810055396,49.998934426229425,49.99893442622948
97740,0.01202,0.24916945116610215,0.050496154795406395,0.17821310323614245,0.24916945116610215,0.06229261337820693,49.99893442622948,49.99893442622948
97800,0.01202,0.24901358452532496,0.05049552690772833,0.17811950298633322,0.24901358452532496,0.0622722970509137,49.99893442622948,49.99893442622954
97860,0.012019999999999998,0.24885798899962022,0.05049490020049608,0.17802605611298408,0.24885798899962022,0.062252029179469766,49.998934426229425,49.99893442622948
97920,0.01202,0.24870266390386983,0.05049427467380741,0.17793276225051524,0.24870266390386983,0.06223180978144566,49.99893442622948,49.99893442622948
97980,0.01202,0.24854760855430671,0.05049365032704957,0.17783962103347922,0.24854760855430671,0.06221163884235402,49.99893442622948,49.99893442622948
98040,0.01202,0.24839282227004508,0.05049302715904666,0.17774663209674088,0.24839282227004508,0.06219151632336978,49.99893442622948,49.99893442622948
98100,0.01202,0.24823830437222505,0.05049240516820727,0.1776537950756154,0.24823830437222505,0.06217144216683094,49.99893442622948,49.99893442622948
98160,0.01202,0.24808405418416768,0.050491784352620604,0.17756110960597649,0.24808405418416768,0.06215141630035405,49.99893442622948,49.99893442622948
98220,0.01202,0.2479300710313571,0.05049116471012834,0.17746857532434232,0.2479300710313571,0.06213143863987327,49.99893442622948,49.99893442622954
98280,0.01202,0.24777635424157843,0.05049054623837881,0.17737619186812048,0.24777635424157843,0.06211150909339947,49.99893442622948,49.99893442622948
98340,0.01202,0.24762290314450844,0.05048992893486912,0.17728395887512696,0.24762290314450844,0.062091627557944035,49.99893442622948,49.99893442622948
98400,0.01202,0.24746971707202187,0.05048931279697701,0.17719187598417765,0.24746971707202187,0.06207179392659766,49.99893442622948,49.99893442622948
98460,0.01202,0.24731679535820753,0.05048869782198632,0.1770999428349383,0.24731679535820753,0.06205200808732765,49.99893442622948,49.99893442622954
98520,0.01202,0.2471641373392741,0.05048808400710707,0.17700815906795572,0.2471641373392741,0.06203226992379826,49.99893442622948,49.99893442622948
98580,0.01202,0.24701174235354728,0.05048747134949139,0.17691652432468355,0.24701174235354728,0.0620125793161645,49.99893442622948,49.99893442622948
98640,0.01202,0.2468596097414622,0.05048685984624646,0.17682503824750334,0.2468596097414622,0.06199293614169906,49.99893442622948,49.99893442622948
98700,0.01202,0.24670773884555663,0.05048624949444476,0.17673370047974207,0.24670773884555663,0.06197334027529082,49.99893442622948,49.99893442622948
98760,0.01202,0.24655612901046306,0.05048564029113264,0.17664251066568637,0.24655612901046306,0.0619537915898515,49.99893442622948,49.99893442622948
98820,0.01202,0.24640477958290152,0.05048503223333721,0.17655146845059463,0.24640477958290152,0.061934289956651546,49.99893442622948,49.99893442622954
98880,0.01202,0.24625368991177865,0.050484425318071874,0.17646057348070704,0.24625368991177865,0.061914835245602415,49.99893442622948,49.99893442622948
98940,0.01202,0.24610285934774487,0.05048381954234122,0.17636982540325355,0.24610285934774487,0.06189542732548577,49.99893442622948,49.99893442622948
99000,0.01202,0.24595228724385365,0.05048321490314466,0.17627922386646055,0.24595228724385365,0.061876066064165604,49.99893442622948,49.99893442622948
99060,0.01202,0.24580197295451633,0.05048261139747973,0.17618876851955667,0.24580197295451633,0.06185675132875016,49.99893442622948,49.99893442622948
99120,0.012020000000000001,0.24565191583761978,0.05048200902235001,0.17609845901277654,0.24565191583761978,0.06183748298574407,49.99893442622948,49.99893442622954
99180,0.01202,0.2455021152520592,0.05048140777474241,0.17600829499736478,0.2455021152520592,0.06181826090117656,49.99893442622948,49.99893442622948
99240,0.012019999999999998,0.24535257055891113,0.05048080765167945,0.17591827612557845,0.24535257055891113,0.0617990849406687,49.998934426229425,49.99893442622948
99300,0.01202,0.24520328112129555,0.05048020865015758,0.17582840205068884,0.24520328112129555,0.06177995496963127,49.99893442622948,49.99893442622948
99360,0.012020000000000001,0.24505424630435918,0.05047961076721248,0.1757386724269832,0.24505424630435918,0.061760870853203774,49.99893442622948,49.99893442622948
99420,0.01202,0.2449054654752626,0.05047901399985631,0.17564908690976502,0.2449054654752626,0.06174183245647231,49.99893442622948,49.99893442622954
99480,0.012019999999999998,0.24475693800317103,0.05047841834514257,0.175559645155355,0.24475693800317103,0.06172283964439213,49.998934426229425,49.99893442622948
99540,0.01202,0.24460866325924568,0.05047782380010305,0.1754703468210905,0.24460866325924568,0.061703892281985306,49.99893442622948,49.99893442622948
99600,0.01202,0.24446064061697362,0.0504772303618067,0.17538119156532658,0.24446064061697362,0.061684990233994624,49.99893442622948,49.99893442622948
99660,0.012019999999999998,0.2443128694509289,0.05047663802732624,0.17529217904743255,0.2443128694509289,0.06166613336593953,49.998934426229425,49.99893442622948
99720,0.01202,0.2441653491384136,0.05047604679372802,0.1752033089277922,0.2441653491384136,0.06164732154299757,49.99893442622948,49.99893442622948
99780,0.01202,0.24401807905849407,0.05047545665811569,0.17511458086780346,0.24401807905849407,0.061628554630481065,49.99893442622948,49.99893442622948
99840,0.01202,0.24387105859220737,0.05047486761759223,0.17502599452987627,0.24387105859220737,0.061609832493967356,49.99893442622948,49.998934426229425
99900,0.01202,0.24372428712253438,0.05047427966927384,0.17493754957743118,0.24372428712253438,0.061591154999223865,49.99893442622948,49.998934426229425
99960,0.01202,0.24357776403439851,0.050473692810289544,0.1748492456748974,0.24357776403439851,0.06157252201226332,49.99893442622948,49.99893442622954
100020,0.01202,0.24343148871465867,0.05047310703778076,0.17476108248771083,0.24343148871465867,0.06155393339935656,49.99893442622948,49.99893442622948
100080,0.01202,0.24328546055210154,0.05047252234890146,0.17467305968231203,0.24328546055210154,0.06153538902704964,49.99893442622948,49.99893442622948
100140,0.01202,0.24313967893743543,0.05047193874081798,0.17458517692614386,0.24313967893743543,0.06151688876217922,49.99893442622948,49.99893442622948
100200,0.01202,0.2429941432632826,0.0504713562107091,0.1744974338876494,0.2429941432632826,0.06149843247188701,49.99893442622948,49.99893442622948
100260,0.01202,0.24284885292417296,0.05047077475576612,0.17440983023626902,0.24284885292417296,0.06148002002363339,49.99893442622948,49.99893442622948
100320,0.01202,0.2427038073167299,0.050470194373192626,0.1743223656424391,0.2427038073167299,0.06146165128518244,49.99893442622948,49.99893442622948
100380,0.01202,0.24255900583902087,0.050469615060204594,0.17423503977758742,0.24255900583902087,0.06144332612470104,49.99893442622948,49.99893442622948
100440,0.01202,0.24241444789128144,0.050469036814030165,0.17414785231413196,0.24241444789128144,0.06142504441066998,49.99893442622948,49.99893442622948
100500,0.01202,0.24227013287561208,0.050468459631909754,0.17406080292547804,0.24227013287561208,0.061406806011923144,49.99893442622948,49.99893442622954
100560,0.01202,0.2421260601959787,0.050467883511095726,0.17397389128601526,0.2421260601959787,0.061388610797663196,49.99893442622948,49.998934426229425
100620,0.01202,0.24198222925833615,0.05046730844885243,0.1738871170712883,0.24198222925833615,0.06137045863897793,49.99893442622948,49.99893442622954
100680,0.01202,0.24183863947027973,0.050466734442456265,0.17380047995746536,0.24183863947027973,0.06135234940375101,49.99893442622948,49.99893442622948
100740,0.01202,0.24169529024091044,0.05046616148919536,0.17371397962187426,0.24169529024091044,0.061334282962606915,49.99893442622948,49.99893442622954
100800,0.01202,0.24155218098198483,0.05046558958636945,0.1736276157428141,0.24155218098198483,0.06131625918648785,49.99893442622948,49.998934426229425
100860,0.01202,0.2414093111068319,0.05046501873128991,0.1735413879995533,0.2414093111068319,0.061298277946588084,49.99893442622948,49.99893442622948
100920,0.012020000000000001,0.24126668003043894,0.05046444892128462,0.1734552960723271,0.24126668003043894,0.0612803391144391,49.99893442622948,49.998934426229425
100980,0.01202,0.2411242871696664,0.05046388015367394,0.17336933964233445,0.2411242871696664,0.061262442561962165,49.99893442622948,49.99893442622954
101040,0.012019999999999998,0.2409821319431909,0.0504633124258193,0.17328351839173559,0.2409821319431909,0.061244588161437734,49.998934426229425,49.998934426229425
101100,0.01202,0.24084021377150355,0.05046274573506187,0.17319783200364813,0.24084021377150355,0.06122677578562209,49.99893442622948,49.998934426229425
101160,0.012020000000000001,0.24069853207690114,0.0504621800787846,0.1731122801621449,0.24069853207690114,0.06120900530760461,49.99893442622948,49.99893442622948
101220,0.01202,0.24055708628347816,0.05046161545435035,0.17302686255224978,0.24055708628347816,0.06119127660096018,49.99893442622948,49.99893442622948
101280,0.012019999999999998,0.24041587581711987,0.050461051859163636,0.17294157885993577,0.24041587581711987,0.06117358953960578,49.998934426229425,49.99893442622948
101340,0.01202,0.24027490010549546,0.05046048929060883,0.17285642877212082,0.24027490010549546,0.061155943997948464,49.99893442622948,49.99893442622948
101400,0.01202,0.24013415857805137,0.050459927746106505,0.17277141197666543,0.24013415857805137,0.06113833985073412,49.99893442622948,49.99893442622954
101460,0.012019999999999998,0.2399936506660048,0.050459367223080594,0.17268652816236904,0.2399936506660048,0.061120776973185596,49.998934426229425,49.99893442622948
101520,0.01202,0.2398533758023363,0.050458807718948076,0.17260177701896706,0.2398533758023363,0.0611032552409249,49.99893442622948,49.998934426229425
101580,0.01202,0.2397133334217852,0.05045824923116081,0.17251715823712796,0.2397133334217852,0.06108577452995286,49.99893442622948,49.99893442622948
101640,0.01202,0.23957352296068263,0.050457691757168494,0.1724326715084497,0.23957352296068263,0.0610683347167465,49.99893442622948,49.99893442622948
101700,0.01202,0.23943394385756703,0.05045713529443196,0.17234831652545693,0.23943394385756703,0.061050935678160924,49.99893442622948,49.99893442622948
101760,0.01202,0.2392945955522697,0.05045657984042232,0.17226409298159767,0.2392945955522697,0.06103357729148111,49.99893442622948,49.99893442622948
101820,0.01202,0.23915547748649083,0.05045602539262054,0.17218000057124028,0.23915547748649083,0.061016259434407465,49.99893442622948,49.99893442622948
101880,0.01202,0.23901658910365695,0.0504554719485174,0.17209603898967027,0.23901658910365695,0.06099898198505734,49.99893442622948,49.998934426229425
101940,0.01202,0.2388779298489148,0.05045491950561329,0.17201220793308697,0.2388779298489148,0.06098174482196491,49.99893442622948,49.99893442622948
102000,0.01202,0.23873949916912468,0.050454368061418085,0.17192850709860086,0.23873949916912468,0.0609645478240808,49.99893442622948,49.99893442622948
102060,0.01202,0.23860129651285217,0.050453817613451135,0.17184493618422997,0.23860129651285217,0.060947390870771716,49.99893442622948,49.99893442622948
102120,0.01202,0.2384633213303638,0.050453268159241046,0.17176149488889697,0.2384633213303638,0.060930273841820044,49.99893442622948,49.99893442622948
102180,0.01202,0.23832557307361885,0.05045271969632572,0.17167818291242598,0.23832557307361885,0.060913196617423324,49.99893442622948,49.99893442622948
102240,0.01202,0.23818805119626452,0.0504521722222522,0.17159499995553956,0.23818805119626452,0.0608961590781934,49.99893442622948,49.99893442622954
102300,0.01202,0.23805075515324842,0.0504516257345766,0.1715119457198556,0.23805075515324842,0.06087916110515578,49.99893442622948,49.99893442622948
102360,0.01202,0.23791368440194796,0.050451080230864066,0.17142901990788456,0.23791368440194796,0.060862202579510805,49.99893442622948,49.99893442622948
102420,0.01202,0.23777683840126426,0.050450535708688536,0.1713462222230254,0.23777683840126426,0.06084528338347853,49.99893442622948,49.998934426229425
102480,0.01202,0.2376402166113528,0.05044999216563285,0.17126355236956256,0.2376402166113528,0.06082840339926994,49.99893442622948,49.998934426229425
102540,0.01202,0.23750381849419205,0.05044944959928859,0.1711810100526635,0.23750381849419205,0.0608115625095151,49.99893442622948,49.99893442622948
102600,0.01202,0.23736764351341264,0.050448908007256016,0.1710985949783756,0.23736764351341264,0.060794760597276384,49.99893442622948,49.99893442622948
102660,0.01202,0.23723169113429687,0.050448367387143936,0.17101630685362293,0.23723169113429687,0.06077799754603616,49.99893442622948,49.99893442622948
102720,0.012020000000000001,0.23709596082376758,0.05044782773657471,0.17093414538620327,0.23709596082376758,0.0607612732396891,49.99893442622948,49.99893442622948
102780,0.01202,0.2369604520503812,0.050447289053160795,0.17085211028478495,0.2369604520503812,0.06074458756255014,49.99893442622948,49.99893442622948
102840,0.012019999999999998,0.23682516428454142,0.0504467513345519,0.17077020125890388,0.23682516428454142,0.0607279403993014,49.998934426229425,49.99893442622954
102900,0.01202,0.2366900969975936,0.05044621457837581,0.1706884180189608,0.2366900969975936,0.06071133163506634,49.99893442622948,49.998934426229425
102960,0.012020000000000001,0.23655524966376806,0.05044567878229822,0.17060676027638963,0.23655524966376806,0.06069476115690358,49.99893442622948,49.99893442622954
103020,0.01202,0.23642062175720152,0.050445143943963114,0.17052522774312934,0.23642062175720152,0.06067822884868155,49.99893442622948,49.99893442622948
103080,0.012019999999999998,0.23628621275481018,0.05044461006105244,0.17044382013215773,0.23628621275481018,0.06066173459696597,49.998934426229425,49.998934426229425
103140,0.01202,0.23615202213480924,0.05044407713122649,0.17036253715730307,0.23615202213480924,0.06064527828872371,49.99893442622948,49.99893442622948
103200,0.01202,0.2360180493770417,0.05044354515217818,0.1702813785332429,0.2360180493770417,0.06062885981110576,49.99893442622948,49.99893442622948
103260,0.012019999999999998,0.235884293962917,0.05044301412160166,0.17020034397550082,0.235884293962917,0.06061247905166337,49.998934426229425,49.99893442622948
103320,0.01202,0.23575075537542525,0.050442484037182156,0.17011943320044368,0.23575075537542525,0.060596135898308326,49.99893442622948,49.99893442622954
103380,0.01202,0.23561743309912833,0.05044195489663664,0.17003864592527926,0.23561743309912833,0.06057983023930431,49.99893442622948,49.99893442622948
103440,0.01202,0.23548432662015506,0.05044142669767783,0.16995798186805264,0.23548432662015506,0.06056356196336919,49.99893442622948,49.998934426229425
103500,0.01202,0.23535143542619683,0.050440899438027396,0.16987744074764352,0.23535143542619683,0.06054733095958317,49.99893442622948,49.99893442622948
103560,0.01202,0.23521875900562403,0.05044037311541486,0.1697970222837633,0.23521875900562403,0.060531137117426775,49.99893442622948,49.99893442622954
103620,0.01202,0.23508629685144428,0.05043984772757755,0.16971672619695183,0.23508629685144428,0.06051498032677285,49.99893442622948,49.99893442622948
103680,0.01202,0.23495404845345724,0.05043932327226024,0.16963655220857504,0.23495404845345724,0.0604988604778848,49.99893442622948,49.99893442622948
103740,0.01202,0.23482201330712954,0.05043879974721534,0.16955650004082143,0.23482201330712954,0.060482777461415275,49.99893442622948,49.99893442622948
103800,0.01202,0.23469019090761392,0.05043827715020257,0.16947656941669953,0.23469019090761392,0.06046673116840253,49.99893442622948,49.99893442622954
103860,0.01202,0.23455858075181993,0.05043775547898909,0.16939676006003487,0.23455858075181993,0.06045072149027023,49.99893442622948,49.99893442622948
103920,0.01202,0.23442718233818516,0.05043723473134944,0.1693170716954671,0.23442718233818516,0.060434748318825456,49.99893442622948,49.998934426229425
103980,0.01202,0.2342959951666862,0.05043671490506537,0.16923750404844712,0.2342959951666862,0.060418811546257244,49.99893442622948,49.99893442622948
104040,0.01202,0.2341650187391115,0.05043619599792591,0.16915805684523427,0.2341650187391115,0.060402911065137066,49.99893442622948,49.99893442622948
104100,0.01202,0.23403425255782725,0.05043567800772727,0.16907872981289346,0.23403425255782725,0.06038704676840819,49.99893442622948,49.99893442622948
104160,0.01202,0.23390369612773532,0.05043516093227282,0.16899952267929227,0.23390369612773532,0.0603712185493992,49.99893442622948,49.99893442622948
104220,0.01202,0.23377334895475313,0.05043464476937305,0.1689204351730983,0.23377334895475313,0.060355426301812454,49.99893442622948,49.99893442622948
104280,0.01202,0.23364321054639994,0.05043412951684546,0.16884146702377603,0.23364321054639994,0.06033966991972479,49.99893442622948,49.99893442622954
104340,0.01202,0.23351328041164546,0.05043361517251463,0.16876261796158423,0.23351328041164546,0.0603239492975864,49.99893442622948,49.998934426229425
104400,0.01202,0.23338355806094851,0.05043310173421209,0.16868388771757328,0.23338355806094851,0.06030826433021943,49.99893442622948,49.99893442622948
104460,0.012019967407407406,0.23325404230498945,0.05043258942600929,0.1686052756824896,0.23325404230498945,0.06029263249100654,49.998934426229425,49.99893442622954
104520,0.012019872592592594,0.23312473132388112,0.05043207854164638,0.16852678091266993,0.23312473132388112,0.0602770732004234,49.99893442622948,49.99893442622948
104580,0.01201972,0.2329956234029422,0.05043156917180847,0.1684484024778397,0.2329956234029422,0.06026158875074773,49.99893442622948,49.99893442622948
104640,0.012019514074074072,0.23286671693184097,0.05043106133002012,0.16837013948370905,0.23286671693184097,0.06024617836954771,49.99893442622948,49.998934426229425
104700,0.012019259259259259,0.23273801040282874,0.05043055499599739,0.16829199108103193,0.23273801040282874,0.060230840039187654,49.99893442622948,49.99893442622948
104760,0.01201896,0.23260950241414105,0.05043005013258732,0.16821395646997328,0.23260950241414105,0.06021557112802493,49.99893442622948,49.99893442622954
104820,0.01201862074074074,0.23248119166081835,0.050429546693329524,0.16813603490247275,0.23248119166081835,0.060200368660911906,49.99893442622954,49.99893442622948
104880,0.012018245925925925,0.23235307694391646,0.05042904462631087,0.16805822568360643,0.23235307694391646,0.06018522945483757,49.99893442622948,49.99893442622948
104940,0.01201784,0.23222515716151432,0.050428543876168005,0.1679805281723853,0.23222515716151432,0.060170150195608646,49.99893442622948,49.99893442622954
105000,0.012017407407407407,0.23209743131279337,0.05042804438540459,0.16790294178222856,0.23209743131279337,0.060155127482368294,49.99893442622954,49.99893442622954
105060,0.01201695259259259,0.2319698984952745,0.050427546095170105,0.16782546598121584,0.2319698984952745,0.06014015785790583,49.998934426229425,49.99893442622948
105120,0.01201648,0.2318425579047236,0.05042704894576011,0.16774810029219703,0.2318425579047236,0.06012523782842213,49.99893442622948,49.99893442622954
105180,0.012015994074074074,0.23171540883422662,0.050426552877031024,0.1676708442928003,0.23171540883422662,0.06011036387765593,49.99893442622948,49.99893442622954
105240,0.012015499259259259,0.2315884506735407,0.05042605782862981,0.16759369761536827,0.2315884506735407,0.06009553247690383,49.99893442622954,49.99893442622948
105300,0.012015,0.23146168290856614,0.050425563740173,0.16751665994701287,0.23146168290856614,0.0600807400940449,49.99893442622954,49.99893442622948
105360,0.01201450074074074,0.23133510511997032,0.05042507055140094,0.1674397310289299,0.23133510511997032,0.06006598319471555,49.998934426229425,49.998934426229425
105420,0.012014005925925926,0.23120871698222772,0.0504245782022955,0.16736291065674488,0.23120871698222772,0.06005125825195725,49.99893442622948,49.99893442622954
105480,0.01201352,0.23108251826731746,0.050424086633143,0.16728619868011232,0.23108251826731746,0.06003656174771841,49.99893442622948,49.99893442622954
105540,0.012013047407407407,0.2309565088346361,0.050423595784558094,0.16720959500248037,0.2309565088346361,0.06002189017556627,49.99893442622948,49.99893442622948
105600,0.012012592592592592,0.23083068864105033,0.05042310559762971,0.16713309958083697,0.23083068864105033,0.06000724004306736,49.998934426229425,49.99893442622954
105660,0.01201216,0.2307050577335672,0.050422616013832286,0.16705671242544193,0.2307050577335672,0.059992607873768596,49.99893442622948,49.99893442622948
105720,0.012011754074074074,0.2305796162487225,0.05042212697518659,0.16698043359954504,0.2305796162487225,0.05997799020877348,49.998934426229425,49.99893442622948
105780,0.012011379259259259,0.23045436441435332,0.05042163842414418,0.1669042632190932,0.23045436441435332,0.05996338360823384,49.998934426229425,49.99893442622948
105840,0.01201104,0.23032930254977715,0.0504211503037203,0.16682820145242958,0.23032930254977715,0.05994878465217356,49.99893442622954,49.99893442622954
105900,0.01201074074074074,0.23020443106149494,0.050420662557435346,0.16675224851997975,0.23020443106149494,0.05993418994188676,49.99893442622948,49.99893442622948
105960,0.012010485925925926,0.23007975044475157,0.050420175129373836,0.16667640469393072,0.23007975044475157,0.059919596100596925,49.99893442622948,49.99893442622948
106020,0.01201028,0.22995526128225835,0.05041968796414201,0.1666006702979016,0.22995526128225835,0.05990499977431429,49.99893442622948,49.99893442622948
106080,0.012010127407407407,0.22983096424374916,0.05041920100691732,0.16652504570660404,0.22983096424374916,0.05989039763260255,49.998934426229425,49.99893442622948
106140,0.012010032592592592,0.22970686008509025,0.05041871420343662,0.1664495313454971,0.22970686008509025,0.059875786369072044,49.998934426229425,49.99893442622948
106200,0.01201,0.22958294964762127,0.050418227499990566,0.16637412769043047,0.22958294964762127,0.0598611627022223,49.998934426229425,49.99893442622954
106260,0.012009999999999998,0.2294592331563662,0.05041774107242184,0.1662988349246607,0.2294592331563662,0.05984654108480702,49.99893442622948,49.99893442622948
106320,0.012010000000000002,0.22933571016440032,0.05041725520838414,0.1662236528837663,0.22933571016440032,0.05983194105779402,49.99893442622948,49.99893442622948
106380,0.01201,0.2292123802257622,0.050416770027205654,0.1661485813699655,0.2292123802257622,0.059817367107704675,49.998934426229425,49.99893442622948
106440,0.012009999999999998,0.2290892428960281,0.050416285586186584,0.16607362017035146,0.2290892428960281,0.05980282127216071,49.99893442622948,49.99893442622948
106500,0.01201,0.2289662977323948,0.050415801916298165,0.1659987690639268,0.2289662977323948,0.059788304643420505,49.998934426229425,49.99893442622948
106560,0.01201,0.22884354429286974,0.0504153190358195,0.16592402782491844,0.22884354429286974,0.05977381786755907,49.998934426229425,49.99893442622954
106620,0.01201,0.22872098213697217,0.05041483695612881,0.16584939622456754,0.22872098213697217,0.059759361349400755,49.998934426229425,49.99893442622948
106680,0.01201,0.22859861082545038,0.050414355684527026,0.16577487403219537,0.22859861082545038,0.05974493534997438,49.998934426229425,49.99893442622948
106740,0.01201,0.22847642992038064,0.05041387522572856,0.16570046101588273,0.22847642992038064,0.0597305400385677,49.998934426229425,49.99893442622948
106800,0.01201,0.2283544389851225,0.05041339558271907,0.1656261569429266,0.2283544389851225,0.05971617552278355,49.998934426229425,49.99893442622948
106860,0.01201,0.2282326375843266,0.05041291675728148,0.16555196158015967,0.2282326375843266,0.059701841867041854,49.998934426229425,49.99893442622948
106920,0.01201,0.22811102528392457,0.05041243875033521,0.1654778746941814,0.22811102528392457,0.05968753910454653,49.998934426229425,49.99893442622948
106980,0.01201,0.2279896016508155,0.0504119615621639,0.16540389605152916,0.2279896016508155,0.05967326724534121,49.998934426229425,49.99893442622954
107040,0.01201,0.22786836625379617,0.05041148519257394,0.1653300254188082,0.22786836625379617,0.05965902628190322,49.998934426229425,49.99893442622948
107100,0.01201,0.2277473186624274,0.050411009641007094,0.16525626256279197,0.2277473186624274,0.059644816193153316,49.998934426229425,49.99893442622948
107160,0.01201,0.2276264584481301,0.05041053490662314,0.16518260725050055,0.2276264584481301,0.05963063694738697,49.998934426229425,49.99893442622948
107220,0.01201,0.22750578518297737,0.05041006098836132,0.16510905924926303,0.22750578518297737,0.05961648850446054,49.998934426229425,49.99893442622948
107280,0.01201,0.22738529844054364,0.05040958788498668,0.16503561832676758,0.22738529844054364,0.05960237081745256,49.998934426229425,49.99893442622948
107340,0.01201,0.22726499779557016,0.050409115595125994,0.16496228425110224,0.22726499779557016,0.059588283833946924,49.998934426229425,49.99893442622948
107400,0.01201,0.22714488282408357,0.050408644117295426,0.16488905679078777,0.22714488282408357,0.05957422749703632,49.998934426229425,49.99893442622954
107460,0.01201,0.2270249531033419,0.05040817344992246,0.16481593571480532,0.2270249531033419,0.059560201746116405,49.998934426229425,49.99893442622948
107520,0.01201,0.22690520821165158,0.050407703591363505,0.16474292079278455,0.22690520821165158,0.059546206518622156,49.998934426229425,49.99893442622948
107580,0.01201,0.22678564772916296,0.0504072345399172,0.16467001179451776,0.22678564772916296,0.05953224174695142,49.998934426229425,49.998934426229425
107640,0.01201,0.22666627123659744,0.05040676629383626,0.164597208490489,0.22666627123659744,0.059518307362943806,49.998934426229425,49.99893442622948
107700,0.01201,0.2265470783162065,0.05040629885133635,0.16452451065171175,0.2265470783162065,0.05950440329659335,49.998934426229425,49.99893442622948
107760,0.01201,0.22642806855133646,0.05040583221060362,0.16445191804974063,0.22642806855133646,0.05949052947630455,49.998934426229425,49.99893442622948
107820,0.01201,0.22630924152663845,0.05040536636980087,0.164379430456681,0.22630924152663845,0.05947668582918389,49.998934426229425,49.99893442622948
107880,0.01201,0.22619059682793588,0.05040490132707262,0.16430704764519696,0.22619059682793588,0.05946287228126872,49.998934426229425,49.99893442622954
107940,0.01201,0.22607213404227053,0.05040443708054931,0.1642347693885179,0.22607213404227053,0.059449088757705784,49.998934426229425,49.99893442622948
108000,0.01201,0.22595385275855526,0.05040397362835082,0.16416259546044737,0.22595385275855526,0.05943533518271681,49.998934426229425,49.99893442622954
108060,0.012009999999999998,0.22583575256477587,0.050403510968594724,0.16409052563535742,0.22583575256477587,0.05942161148041216,49.99893442622948,49.99893442622948
108120,0.012010000000000002,0.22571783305264737,0.05040304909937926,0.16401855968820217,0.22571783305264737,0.05940791757397133,49.99893442622948,49.99893442622948
108180,0.01201,0.22560009381264245,0.050402588018805504,0.16394669739451823,0.22560009381264245,0.05939425338617925,49.998934426229425,49.99893442622948
108240,0.012009999999999998,0.22548253443933108,0.05040212772499105,0.16387493853042753,0.22548253443933108,0.059380618839463224,49.99893442622948,49.99893442622948
108300,0.01201,0.22536515452654196,0.05040166821602214,0.1638032828726382,0.22536515452654196,0.059367013856096836,49.998934426229425,49.99893442622954
108360,0.01201,0.22524795366966538,0.05040120949001345,0.1637317301984476,0.22524795366966538,0.059353438357967685,49.998934426229425,49.99893442622948
108420,0.01201,0.22513093146515553,0.05040075154506944,0.16366028028574264,0.22513093146515553,0.05933989226690801,49.998934426229425,49.99893442622948
108480,0.01201,0.22501408751144356,0.050400294379299104,0.16358893291300144,0.22501408751144356,0.05932637550453836,49.998934426229425,49.99893442622948
108540,0.01201,0.2248974214056398,0.05039983799081583,0.16351768785929277,0.2248974214056398,0.059312887992467346,49.998934426229425,49.99893442622948
108600,0.01201,0.22478093274911262,0.05039938237773771,0.16344654490427749,0.22478093274911262,0.05929942965219293,49.998934426229425,49.99893442622954
108660,0.01201,0.22466462114281852,0.05039892753818796,0.1633755038282086,0.22466462114281852,0.05928600040519043,49.998934426229425,49.99893442622948
108720,0.01201,0.22454848618914391,0.05039847347029542,0.16330456441193097,0.22454848618914391,0.059272600172934745,49.998934426229425,49.99893442622948
108780,0.01201,0.22443252749153006,0.05039802017219477,0.16323372643688136,0.22443252749153006,0.05925922887692572,49.998934426229425,49.99893442622954
108840,0.01201,0.22431674465463522,0.05039756764202688,0.16316298968508783,0.22431674465463522,0.059245886438707665,49.998934426229425,49.99893442622954
108900,0.01201,0.2242011372842533,0.05039711587793922,0.16309235393916943,0.2242011372842533,0.0592325727798889,49.998934426229425,49.99893442622954
108960,0.01201,0.2240857049872878,0.050396664878085765,0.1630218189823354,0.2240857049872878,0.059219287822157976,49.998934426229425,49.99893442622948
109020,0.01201,0.22397044737185523,0.05039621464062734,0.16295138459838462,0.22397044737185523,0.05920603148729886,49.998934426229425,49.99893442622954
109080,0.01201,0.22385536404707465,0.050395765163731794,0.16288105057170454,0.22385536404707465,0.05919280369720482,49.998934426229425,49.99893442622948
109140,0.01201,0.22374045462334985,0.05039531644557402,0.16281081668727054,0.22374045462334985,0.05917960437388987,49.998934426229425,49.99893442622948
109200,0.01201,0.2236257187120246,0.050394868484335976,0.16274068273064451,0.2236257187120246,0.05916643343950044,49.998934426229425,49.99893442622948
109260,0.01201,0.223511155925752,0.050394421278206876,0.1626706484879743,0.223511155925752,0.059153290816324235,49.998934426229425,49.99893442622948
109320,0.01201,0.22339676587814822,0.05039397482538307,0.16260071374599203,0.22339676587814822,0.059140176426802714,49.998934426229425,49.99893442622954
109380,0.01201,0.22328254818337326,0.050393529124068234,0.1625308782920132,0.22328254818337326,0.05912709019352794,49.998934426229425,49.99893442622948
109440,0.01201,0.2231685024584015,0.05039308417247324,0.16246114191393562,0.2231685024584015,0.05911403203926296,49.998934426229425,49.998934426229425
109500,0.01201,0.22305462831966752,0.05039263996881626,0.16239150440023753,0.22305462831966752,0.05910100188694245,49.998934426229425,49.99893442622948
109560,0.01201,0.22294092538549615,0.05039219651132261,0.1623219655399768,0.22294092538549615,0.05908799965967844,49.998934426229425,49.99893442622954
109620,0.01201,0.22282739327494366,0.050391753798224886,0.1622525251227892,0.22282739327494366,0.059075025280765615,49.998934426229425,49.998934426229425
109680,0.01201,0.22271403160806041,0.050391311827763054,0.16218318293903852,0.22271403160806041,0.059062078674185316,49.998934426229425,49.99893442622948
109740,0.01201,0.2226008400067225,0.0503908705981838,0.16211393877935593,0.2226008400067225,0.05904915976313484,49.998934426229425,49.998934426229425
109800,0.01201,0.22248781809308918,0.05039043010774104,0.1620447924351028,0.22248781809308918,0.05903626847152669,49.998934426229425,49.99893442622948
109860,0.012009999999999998,0.22237496549077254,0.05038999035470093,0.16197574369821238,0.22237496549077254,0.05902340472343372,49.99893442622948,49.99893442622948
109920,0.012010000000000002,0.2222622818243191,0.05038955133732287,0.16190679236118824,0.2222622818243191,0.05901056844314083,49.99893442622948,49.99893442622954
109980,0.01201,0.222149766719384,0.05038911305387904,0.16183793821710352,0.222149766719384,0.05899775955507036,49.998934426229425,49.998934426229425
110040,0.012009999999999998,0.2220374198027691,0.05038867550266581,0.16176918105959906,0.2220374198027691,0.058984977983837825,49.99893442622948,49.99893442622948
110100,0.01201,0.22192524070285874,0.05038823868195593,0.16170052068288138,0.22192524070285874,0.058972223654397034,49.998934426229425,49.99893442622948
110160,0.01201,0.2218132290470383,0.05038780259005526,0.16163195688172194,0.2218132290470383,0.05895949649175289,49.998934426229425,49.99893442622954
110220,0.01201,0.221701384466473,0.050387367225264025,0.1615634894514548,0.221701384466473,0.058946796421255,49.998934426229425,49.99893442622948
110280,0.01201,0.22158970659159616,0.05038693258589051,0.16149511818797518,0.22158970659159616,0.0589341233684207,49.998934426229425,49.99893442622954
110340,0.01201,0.2214781950547251,0.05038649867025001,0.16142684288773784,0.2214781950547251,0.058921477258991765,49.998934426229425,49.99893442622954
110400,0.01201,0.22136684948994478,0.05038606547652268,0.16135866348148514,0.22136684948994478,0.0589088478222376,49.998934426229425,49.99893442622948
110460,0.01201,0.2212556695303693,0.050385633003236334,0.16129057962336812,0.2212556695303693,0.05889625670714247,49.998934426229425,49.99893442622954
110520,0.01201,0.2211446548109313,0.05038520124871944,0.16122259110176684,0.2211446548109313,0.05888369366896765,49.998934426229425,49.99893442622948
110580,0.01201,0.22103380496786976,0.050384770211298,0.1611546977178993,0.22103380496786976,0.05887115692209535,49.998934426229425,49.99893442622948
110640,0.01201,0.22092311963842357,0.05038433988930712,0.16108689927468633,0.22092311963842357,0.05885864623536237,49.998934426229425,49.99893442622948
110700,0.01201,0.2208125984608904,0.05038391028109188,0.1610191955749093,0.2208125984608904,0.05884616163285631,49.998934426229425,49.99893442622948
110760,0.01201,0.22070224107376324,0.05038348138500649,0.16095158642111793,0.22070224107376324,0.05883370315077291,49.998934426229425,49.998934426229425
110820,0.01201,0.22059204711825117,0.05038305319941304,0.16088407161580975,0.22059204711825117,0.058821270800035935,49.998934426229425,49.99893442622948
110880,0.01201,0.22048201623586175,0.0503826257226811,0.16081665096160128,0.22048201623586175,0.058808864567587465,49.998934426229425,49.998934426229425
110940,0.01201,0.22037214806880298,0.050382198953186914,0.1607493242613528,0.22037214806880298,0.05879648442297208,49.998934426229425,49.99893442622948
111000,0.01201,0.22026244226042133,0.05038177288931325,0.16068209131825364,0.22026244226042133,0.05878413032384157,49.998934426229425,49.998934426229425
111060,0.01201,0.220152898455064,0.0503813475294491,0.16061495193587996,0.220152898455064,0.05877180221981545,49.998934426229425,49.998934426229425
111120,0.01201,0.22004351629809554,0.0503809228719895,0.16054790591823367,0.22004351629809554,0.05875950005506406,49.998934426229425,49.99893442622948
111180,0.01201,0.2199342954357267,0.05038049891533582,0.16048095306988625,0.2199342954357267,0.0587472237684122,49.998934426229425,49.99893442622948
111240,0.01201,0.21982523551567526,0.050380075657894166,0.16041409319565184,0.21982523551567526,0.05873497330005499,49.998934426229425,49.99893442622948
111300,0.01201,0.2197163361861195,0.050379653098077244,0.16034732610093827,0.2197163361861195,0.05872274858560237,49.998934426229425,49.99893442622948
111360,0.01201,0.2196075970967875,0.050379231234303386,0.16028065159164584,0.2196075970967875,0.05871054955991488,49.998934426229425,49.99893442622948
111420,0.01201,0.21949901789729684,0.05037881006499628,0.1602140694741771,0.21949901789729684,0.05869837615656384,49.998934426229425,49.99893442622948
111480,0.01201,0.21939059823940535,0.05037838958858518,0.16014757955543704,0.21939059823940535,0.05868622830897728,49.998934426229425,49.99893442622948
111540,0.01201,0.21928233777532183,0.050377969803504855,0.1600811816428373,0.21928233777532183,0.058674105950035756,49.998934426229425,49.99893442622948
111600,0.01201,0.21917423615813633,0.05037755070819545,0.16001487554429802,0.21917423615813633,0.05866200901234134,49.998934426229425,49.99893442622954
111660,0.012009999999999998,0.21906629304254704,0.05037713230110748,0.15994866106824923,0.21906629304254704,0.05864993742829466,49.99893442622948,49.99893442622948
111720,0.012010000000000002,0.2189585080835786,0.05037671458068341,0.15988253802363092,0.2189585080835786,0.058637891130279715,49.99893442622948,49.99893442622948
111780,0.01201,0.21885088093748054,0.05037629754537664,0.15981650621989366,0.21885088093748054,0.05862587005060096,49.998934426229425,49.998934426229425
111840,0.012009999999999998,0.21874341126136526,0.05037588119366248,0.1597505654669982,0.21874341126136526,0.05861387412157082,49.99893442622948,49.99893442622948
111900,0.01201,0.21863609871341017,0.05037546552399201,0.1596847155754145,0.21863609871341017,0.05860190327568283,49.998934426229425,49.99893442622948
111960,0.01201,0.21852894295266376,0.050375050534846845,0.15961895635612175,0.21852894295266376,0.05858995744535826,49.998934426229425,49.998934426229425
112020,0.01201,0.21842194363920894,0.05037463622470177,0.15955328762060703,0.21842194363920894,0.058578036563248365,49.998934426229425,49.99893442622948
112080,0.01201,0.21831510043400912,0.05037422259203792,0.15948770918086436,0.21831510043400912,0.05856614056208341,49.998934426229425,49.99893442622948
112140,0.01201,0.2182084129990412,0.05037380963534187,0.15942222084939375,0.2182084129990412,0.058554269374742,49.998934426229425,49.99893442622948
112200,0.01201,0.21810188099716793,0.050373397353105184,0.15935682243919996,0.21810188099716793,0.05854242293425725,49.998934426229425,49.99893442622948
112260,0.01201,0.21799550409224971,0.05037298574382442,0.1592915137637914,0.21799550409224971,0.05853060117382555,49.998934426229425,49.99893442622948
112320,0.01201,0.21788928194831353,0.05037257480600098,0.15922629463717838,0.21788928194831353,0.05851880402680608,49.998934426229425,49.99893442622948
112380,0.01201,0.21778321423176683,0.05037216453814111,0.15916116487387236,0.21778321423176683,0.05850703142675933,49.998934426229425,49.99893442622954
112440,0.01201,0.21767730060957305,0.05037175493875588,0.15909612428888417,0.21767730060957305,0.05849528330739933,49.998934426229425,49.99893442622948
112500,0.01201,0.21757154074909088,0.05037134600636117,0.15903117269772282,0.21757154074909088,0.05848355960263323,49.998934426229425,49.99893442622954
112560,0.01201,0.21746593431882302,0.050370937739477525,0.158966309916394,0.21746593431882302,0.058471860246558184,49.998934426229425,49.99893442622948
112620,0.01201,0.21736048098815677,0.050370530136630225,0.15890153576139848,0.21736048098815677,0.05846018517346273,49.998934426229425,49.99893442622948
112680,0.01201,0.21725518042742364,0.050370123196349176,0.15883685004973103,0.21725518042742364,0.058448534317828746,49.998934426229425,49.99893442622948
112740,0.01201,0.21715003230787253,0.050369716917168954,0.1587722525988786,0.21715003230787253,0.05843690761433307,49.998934426229425,49.99893442622948
112800,0.01201,0.21704503630167057,0.05036931129762865,0.15870774322681888,0.21704503630167057,0.05842530499784875,49.998934426229425,49.99893442622948
112860,0.01201,0.21694019208189688,0.05036890633627199,0.158643321752019,0.21694019208189688,0.05841372640344643,49.998934426229425,49.99893442622954
112920,0.01201,0.21683549932253987,0.050368502031647236,0.1585789879934339,0.21683549932253987,0.05840217176639503,49.998934426229425,49.99893442622948
112980,0.01201,0.2167309576984937,0.05036809838230709,0.15851474177050479,0.2167309576984937,0.05839064102216252,49.998934426229425,49.99893442622948
113040,0.01201,0.21662656688555523,0.0503676953868088,0.15845058290315772,0.21662656688555523,0.0583791341064164,49.998934426229425,49.99893442622948
113100,0.01201,0.21652232656017995,0.05036729304371409,0.15838651121180206,0.21652232656017995,0.05836765095503306,49.998934426229425,49.99893442622954
113160,0.01201,0.21641823640041818,0.05036689135158882,0.158322526517329,0.21641823640041818,0.0583561915040651,49.998934426229425,49.998934426229425
113220,0.01201,0.21631429608452618,0.050366490309003524,0.15825862864110998,0.21631429608452618,0.058344755689782965,49.998934426229425,49.99893442622948
113280,0.01201,0.21621050529192942,0.05036608991453299,0.15819481740499539,0.21621050529192942,0.05833334344865582,49.998934426229425,49.99893442622948
113340,0.01201,0.21610686370282706,0.05036569016675633,0.15813109263131264,0.21610686370282706,0.058321954717352124,49.998934426229425,49.99893442622954
113400,0.01201,0.21600337099841393,0.05036529106425693,0.1580674541428651,0.21600337099841393,0.058310589432739764,49.998934426229425,49.99893442622948
113460,0.012009999999999998,0.215900026860672,0.050364892605627355,0.15800390176293047,0.215900026860672,0.05829924753187534,49.99893442622948,49.99893442622948
113520,0.012010000000000002,0.2157968309725471,0.05036449478945145,0.1579404353152589,0.2157968309725471,0.05828792895206018,49.99893442622948,49.998934426229425
113580,0.01201,0.2156937830177826,0.050364097614322714,0.15787705462407206,0.2156937830177826,0.058276633630737824,49.998934426229425,49.99893442622948
113640,0.012009999999999998,0.21559088268106547,0.05036370107885511,0.15781375951406154,0.21559088268106547,0.05826536150553439,49.99893442622948,49.998934426229425
113700,0.01201,0.21548812964788644,0.050363305181638195,0.1577505498103868,0.21548812964788644,0.05825411251439574,49.998934426229425,49.99893442622948
113760,0.01201,0.21538552360466393,0.0503629099212904,0.15768742533867441,0.21538552360466393,0.058242886595305625,49.998934426229425,49.99893442622948
113820,0.01201,0.21528306423862215,0.05036251529642267,0.15762438592501615,0.21528306423862215,0.05823168368656422,49.998934426229425,49.99893442622954
113880,0.01201,0.2151807512379008,0.05036212130565134,0.1575614313959676,0.2151807512379008,0.05822050372662027,49.998934426229425,49.99893442622954
113940,0.01201,0.21507858429144547,0.05036172794759725,0.1574985615785466,0.21507858429144547,0.058209346654124784,49.998934426229425,49.998934426229425
114000,0.01201,0.21497656308844978,0.050361335220885296,0.15743577630023187,0.21497656308844978,0.05819821240791983,49.998934426229425,49.99893442622954
114060,0.01201,0.21487468732016834,0.050360943124144485,0.15737307538896161,0.21487468732016834,0.05818710092706532,49.998934426229425,49.99893442622954
114120,0.01201,0.2147729566782093,0.05036055165600889,0.15731045867324786,0.2147729566782093,0.05817601215026917,49.998934426229425,49.99893442622948
114180,0.01201,0.21467137085528198,0.05036016081511368,0.15724792598183127,0.21467137085528198,0.058164946017289644,49.998934426229425,49.99893442622948
114240,0.01201,0.21456992954468776,0.05035977060010044,0.1571854771440177,0.21456992954468776,0.05815390246817519,49.998934426229425,49.998934426229425
114300,0.01201,0.21446863243970243,0.050359381009614124,0.1571231119895683,0.21446863243970243,0.05814288144256009,49.998934426229425,49.99893442622948
114360,0.01201,0.21436747923573637,0.05035899204230366,0.15706083034869528,0.21436747923573637,0.058131882880573305,49.998934426229425,49.99893442622948
114420,0.01201,0.21426646962833842,0.05035860369682176,0.15699863205206152,0.21426646962833842,0.05812090672240913,49.998934426229425,49.998934426229425
114480,0.01201,0.2141656033141229,0.05035821597182506,0.1569365169307793,0.2141656033141229,0.05810995290843644,49.998934426229425,49.99893442622948
114540,0.01201,0.2140648799904614,0.05035782886597398,0.1568744848164089,0.2140648799904614,0.05809902137921801,49.998934426229425,49.99893442622954
114600,0.01201,0.21396429935557693,0.05035744237793291,0.15681253554095684,0.21396429935557693,0.05808811207551257,49.998934426229425,49.99893442622948
114660,0.01201,0.21386386110851127,0.0503570565063699,0.15675066893687473,0.21386386110851127,0.05807722493827306,49.998934426229425,49.99893442622948
114720,0.01201,0.21376356494913015,0.05035667124995693,0.1566888848370579,0.21376356494913015,0.05806635990864501,49.998934426229425,49.998934426229425
114780,0.01201,0.21366341057811838,0.05035628660736969,0.1566271830748435,0.21366341057811838,0.05805551692796518,49.998934426229425,49.998934426229425
114840,0.01201,0.21356339769697685,0.050355902577287635,0.1565655634840096,0.21356339769697685,0.05804469593776024,49.998934426229425,49.99893442622954
114900,0.01201,0.2134635260077578,0.05035551915839412,0.15650402589877346,0.2134635260077578,0.05803389687975332,49.998934426229425,49.99893442622948
114960,0.01201,0.21336379521409088,0.050355136349375905,0.15644257015379015,0.21336379521409088,0.05802311969583502,49.998934426229425,49.99893442622948
115020,0.01201,0.2132642050196475,0.05035475414892368,0.15638119608415132,0.2132642050196475,0.058012364328098885,49.998934426229425,49.99893442622954
115080,0.01201,0.21316475512923713,0.05035437255573183,0.15631990352538355,0.21316475512923713,0.058001630718822215,49.998934426229425,49.99893442622948
115140,0.01201,0.21306544524832713,0.05035399156849838,0.15625869231344713,0.21306544524832713,0.05799091881046814,49.998934426229425,49.99893442622954
115200,0.01201,0.21296627508331398,0.05035361118592499,0.15619756228473466,0.21296627508331398,0.057980228545682945,49.998934426229425,49.99893442622954
115260,0.012009999999999998,0.2128672443412872,0.050353231406721675,0.15613651327606956,0.2128672443412872,0.05796955986728672,49.99893442622948,49.99893442622948
115320,0.012010000000000002,0.21276835273022598,0.05035285222958959,0.1560755451247047,0.21276835273022598,0.05795891271832723,49.99893442622948,49.99893442622948
115380,0.01201,0.21266959995881593,0.050352473653238757,0.15601465766832115,0.21266959995881593,0.05794828704197883,49.998934426229425,49.99893442622948
115440,0.012009999999999998,0.21257098573661298,0.050352095676398465,0.15595385074502705,0.21257098573661298,0.05793768278158044,49.99893442622948,49.99893442622954
115500,0.01201,0.21247250977388388,0.05035171829777399,0.1558931241933552,0.21247250977388388,0.05792709988077389,49.998934426229425,49.99893442622948
115560,0.01201,0.2123741717817533,0.05035134151609805,0.15583247785226326,0.2123741717817533,0.057916538283221373,49.998934426229425,49.99893442622954
115620,0.01201,0.21227597147205723,0.05035096533009574,0.1557719115611311,0.21227597147205723,0.05790599793288371,49.998934426229425,49.99893442622954
115680,0.01201,0.21217790855747892,0.05035058973849692,0.15571142515976008,0.21217790855747892,0.0578954787738522,49.998934426229425,49.99893442622948
115740,0.01201,0.21207998275141354,0.050350214740035315,0.15565101848837146,0.21207998275141354,0.057884980750402666,49.998934426229425,49.99893442622948
115800,0.01201,0.21198219376809257,0.05034984033344823,0.15559069138760526,0.21198219376809257,0.05787450380698959,49.998934426229425,49.99893442622948
115860,0.01201,0.2118845413218534,0.0503494665174765,0.15553044369851876,0.2118845413218534,0.057864047888239886,49.998934426229425,49.99893442622948
115920,0.01201,0.2117870251289231,0.050349093290864455,0.15547027526258533,0.2117870251289231,0.05785361293897479,49.998934426229425,49.99893442622948
115980,0.01201,0.2116896449062748,0.05034872065235987,0.15541018592169298,0.2116896449062748,0.057843198904172784,49.998934426229425,49.998934426229425
116040,0.01201,0.211592400370899,0.05034834860071393,0.155350175518143,0.211592400370899,0.057832805728992194,49.998934426229425,49.99893442622948
116100,0.01201,0.21149529124087194,0.050347977134681275,0.15529024389464885,0.21149529124087194,0.05782243335876745,49.998934426229425,49.99893442622948
116160,0.01201,0.21139831723494212,0.05034760625302001,0.1552303908943346,0.21139831723494212,0.057812081739007294,49.998934426229425,49.99893442622948
116220,0.01201,0.21130147807265603,0.05034723595449152,0.15517061636073387,0.21130147807265603,0.05780175081539395,49.998934426229425,49.998934426229425
116280,0.01201,0.2112047734743085,0.05034686623786068,0.15511092013778838,0.2112047734743085,0.057791440533782455,49.998934426229425,49.99893442622948
116340,0.01201,0.21110820316095186,0.05034649710189571,0.15505130206984657,0.21110820316095186,0.05778115084020005,49.998934426229425,49.99893442622948
116400,0.01201,0.2110117668543888,0.05034612854536813,0.1549917620016625,0.2110117668543888,0.05777088168084541,49.998934426229425,49.99893442622948
116460,0.01201,0.2109154642771702,0.05034576056705288,0.1549322997783945,0.2109154642771702,0.05776063300208826,49.998934426229425,49.99893442622948
116520,0.01201,0.21081929515259193,0.05034539316572819,0.15487291524560387,0.21081929515259193,0.05775040475046849,49.998934426229425,49.99893442622948
116580,0.01201,0.2107232592046925,0.050345026340175555,0.1548136082492535,0.2107232592046925,0.057740196872695826,49.998934426229425,49.99893442622948
116640,0.01201,0.2106273561582511,0.050344660089179885,0.1547543786357069,0.2106273561582511,0.057730009315649,49.998934426229425,49.99893442622954
116700,0.01201,0.21053158573878372,0.05034429441152933,0.15469522625172655,0.21053158573878372,0.05771984202637518,49.998934426229425,49.99893442622948
116760,0.01201,0.21043594767254192,0.05034392930601527,0.15463615094447292,0.21043594767254192,0.057709694952089594,49.998934426229425,49.998934426229425
116820,0.01201,0.21034044168623373,0.050343564771432515,0.154577152561503,0.21034044168623373,0.05769956804018085,49.998934426229425,49.998934426229425
116880,0.01201,0.21024506750810462,0.050343200806578885,0.15451823095076936,0.21024506750810462,0.057689461238187294,49.998934426229425,49.99893442622954
116940,0.01201,0.21014982486631842,0.050342837410255546,0.15445938596061848,0.21014982486631842,0.05767937449382719,49.998934426229425,49.99893442622948
117000,0.01201,0.21005471349011628,0.050342474581266936,0.1544006174397899,0.21005471349011628,0.057669307754981296,49.998934426229425,49.99893442622948
117060,0.012009999999999998,0.20995973310969562,0.05034211231842515,0.15434192523741452,0.20995973310969562,0.05765926096974436,49.99893442622948,49.99893442622948
117120,0.012010000000000002,0.20986488345487794,0.05034175062053357,0.15428330920301403,0.20986488345487794,0.057649234086223425,49.99893442622948,49.99893442622948
117180,0.01201,0.20977016425756811,0.05034138948640365,0.15422476918649922,0.20977016425756811,0.057639227052841975,49.998934426229425,49.99893442622948
117240,0.012009999999999998,0.2096755752496276,0.05034102891486545,0.1541663050381689,0.2096755752496276,0.057629239818107574,49.99893442622948,49.99893442622948
117300,0.01201,0.20958111616387756,0.050340668904725286,0.1541079166087081,0.20958111616387756,0.05761927233080113,49.998934426229425,49.99893442622948
117360,0.01201,0.20948678673376903,0.05034030945481582,0.15404960374918789,0.20948678673376903,0.05760932453970556,49.998934426229425,49.99893442622954
117420,0.01201,0.20939258669348815,0.05033995056396197,0.1539913663110633,0.20939258669348815,0.05759939639388293,49.998934426229425,49.99893442622948
117480,0.01201,0.2092985157779213,0.05033959223099317,0.15393320414617262,0.2092985157779213,0.057589487842508766,49.998934426229425,49.99893442622948
117540,0.01201,0.209204573722662,0.05033923445474216,0.15387511710673585,0.209204573722662,0.05757959883492452,49.998934426229425,49.998934426229425
117600,0.01201,0.209110760264005,0.05033887723404486,0.15381710504535387,0.209110760264005,0.057569729320632486,49.998934426229425,49.99893442622948
117660,0.01201,0.20901707513894616,0.05033852056774047,0.15375916781500684,0.20901707513894616,0.05755987924929424,49.998934426229425,49.998934426229425
117720,0.01201,0.20892351808517845,0.05033816445467115,0.15370130526905337,0.20892351808517845,0.05755004857072987,49.998934426229425,49.99893442622948
117780,0.01201,0.2088300888410912,0.0503378088936822,0.15364351726122913,0.2088300888410912,0.057540237234917364,49.998934426229425,49.99893442622948
117840,0.01201,0.20873678714547234,0.050337453883622214,0.15358580364575627,0.20873678714547234,0.057530445192565526,49.998934426229425,49.99893442622954
117900,0.01201,0.20864361273803123,0.05033709942334221,0.15352816427701285,0.20864361273803123,0.05752067239230986,49.998934426229425,49.99893442622948
117960,0.01201,0.2085505653595633,0.05033674551169679,0.15347059900985935,0.2085505653595633,0.05751091878563859,49.998934426229425,49.998934426229425
118020,0.01201,0.20845764475153414,0.05033639214754346,0.1534131076995271,0.20845764475153414,0.057501184323336195,49.998934426229425,49.998934426229425
118080,0.01201,0.20836485065552565,0.05033603932974272,0.15335569020161877,0.20836485065552565,0.057491468956173505,49.998934426229425,49.99893442622948
118140,0.01201,0.2082721828141085,0.05033568705715811,0.1532983463721071,0.2082721828141085,0.057481772635041097,49.998934426229425,49.99893442622948
118200,0.01201,0.2081796409704214,0.050335335328656174,0.15324107606733384,0.2081796409704214,0.057472095310980034,49.998934426229425,49.99893442622948
118260,0.01201,0.20808722486833925,0.0503349841431064,0.15318387914400874,0.20808722486833925,0.05746243693518821,49.998934426229425,49.99893442622954
118320,0.01201,0.20799493425239846,0.05033463349938131,0.15312675545920812,0.20799493425239846,0.05745279745902054,49.998934426229425,49.99893442622948
118380,0.01201,0.20790276886781947,0.05033428339635637,0.15306970487037405,0.20790276886781947,0.05744317683398795,49.998934426229425,49.99893442622948
118440,0.01201,0.20781072846049306,0.05033393383291,0.1530127272353127,0.20781072846049306,0.057433575011756,49.998934426229425,49.99893442622948
118500,0.01201,0.20771881277698137,0.05033358480792357,0.15295582241219371,0.20771881277698137,0.057423991944143646,49.998934426229425,49.99893442622954
118560,0.01201,0.2076270215645141,0.05033323632028138,0.15289899025954873,0.2076270215645141,0.05741442758312229,49.998934426229425,49.99893442622948
118620,0.01201,0.2075353545709863,0.050332888368870746,0.15284223063627037,0.2075353545709863,0.05740488188081487,49.998934426229425,49.99893442622954
118680,0.01201,0.20744381154495675,0.05033254095258176,0.152785543401611,0.20744381154495675,0.05739535478949492,49.998934426229425,49.998934426229425
118740,0.01201,0.20735239223530788,0.050332194070307576,0.15272892841518168,0.20735239223530788,0.05738584626159116,49.998934426229425,49.998934426229425
118800,0.01201,0.2072610963925632,0.050331847720944095,0.1526723855369512,0.2072610963925632,0.057376356249667464,49.998934426229425,49.99893442622954
118860,0.012009999999999998,0.20716992376692392,0.05033150190339456,0.15261591462724475,0.20716992376692392,0.05736688470643639,49.99893442622948,49.99893442622948
118920,0.012010000000000002,0.20707887410964804,0.05033115661655336,0.15255951554674263,0.20707887410964804,0.05735743158480142,49.99893442622948,49.99893442622948
118980,0.01201,0.2069879471725509,0.05033081185932282,0.15250318815647956,0.2069879471725509,0.05734799683775821,49.998934426229425,49.99893442622948
119040,0.012009999999999998,0.2068971427081117,0.05033046763062274,0.15244693231784365,0.2068971427081117,0.057338580418430166,49.99893442622948,49.998934426229425
119100,0.01201,0.20680646046948295,0.05033012392934981,0.15239074789257437,0.20680646046948295,0.057329182280208425,49.998934426229425,49.99893442622948
119160,0.01201,0.20671590021043543,0.05032978075442609,0.1523346347427629,0.20671590021043543,0.05731980237647063,49.998934426229425,49.99893442622954
119220,0.01201,0.2066254616854183,0.050329438104765964,0.15227859273084976,0.2066254616854183,0.057310440660856596,49.998934426229425,49.99893442622954
119280,0.01201,0.20653514464948763,0.05032909597928778,0.15222262171962442,0.20653514464948763,0.05730109708710255,49.998934426229425,49.99893442622948
119340,0.01201,0.20644494885837436,0.05032875437691302,0.15216672157222394,0.20644494885837436,0.05729177160909454,49.998934426229425,49.99893442622948
119400,0.01201,0.20635487406841693,0.05032841329656611,0.15211089215213208,0.20635487406841693,0.05728246418086232,49.998934426229425,49.99893442622948
119460,0.01201,0.20626492003661642,0.050328072737174205,0.152055133323178,0.20626492003661642,0.05727317475657912,49.998934426229425,49.99893442622948
119520,0.01201,0.20617508652058658,0.050327732697667334,0.15199944494953552,0.20617508652058658,0.05726390329055983,49.998934426229425,49.998934426229425
119580,0.01201,0.20608537327859014,0.050327393176978305,0.15194382689572164,0.20608537327859014,0.057254649737261416,49.998934426229425,49.99893442622954
119640,0.01201,0.20599578006950725,0.05032705417404264,0.15188827902659582,0.20599578006950725,0.05724541405128164,49.998934426229425,49.99893442622948
119700,0.01201,0.20590630665285517,0.05032671568779869,0.1518328012073588,0.20590630665285517,0.0572361961873592,49.998934426229425,49.99893442622948
119760,0.01201,0.20581695278877138,0.0503263777171875,0.15177739330355144,0.20581695278877138,0.05722699610037242,49.998934426229425,49.99893442622954
119820,0.01201,0.20572771823802094,0.050326040261152886,0.15172205518105392,0.20572771823802094,0.05721781374533968,49.998934426229425,49.99893442622948
119880,0.01201,0.20563860276198928,0.05032570331864136,0.15166678670608438,0.20563860276198928,0.05720864907741798,49.998934426229425,49.99893442622948
119940,0.01201,0.20554960612308928,0.0503253668886021,0.15161158774519914,0.20554960612308928,0.0571995020518944,49.998934426229425,49.99893442622954
120000,0.01201,0.20546072808303745,0.050325030969987215,0.1515564581652886,0.20546072808303745,0.05719037262421885,49.998934426229425,49.99893442622948
120060,0.01201,0.2053719684057403,0.05032469556175136,0.151501397833579,0.2053719684057403,0.057181260749956324,49.998934426229425,49.99893442622948
120120,0.01201,0.20528332685482753,0.05032436066285187,0.15144640661763076,0.20528332685482753,0.057172166384813546,49.998934426229425,49.99893442622948
120180,0.01201,0.20519480319349864,0.050324026272248856,0.15139148438533698,0.20519480319349864,0.05716308948463175,49.998934426229425,49.99893442622948
120240,0.01201,0.20510639718883475,0.050323692388905,0.151336631004923,0.20510639718883475,0.05715403000540015,49.998934426229425,49.99893442622948
120300,0.01201,0.20501810860657013,0.05032335901178577,0.15128184634494493,0.20501810860657013,0.05714498790323612,49.998934426229425,49.99893442622948
120360,0.01201,0.20492993721172606,0.0503230261398592,0.1512271302742887,0.20492993721172606,0.05713596313438334,49.998934426229425,49.99893442622954
120420,0.01201,0.20484188277206072,0.05032269377209601,0.15117248266216915,0.20484188277206072,0.05712695565522957,49.998934426229425,49.99893442622948
120480,0.01201,0.2047539450546793,0.05032236190746952,0.15111790337812905,0.2047539450546793,0.05711796542229626,49.998934426229425,49.99893442622948
120540,0.01201,0.20466612382786148,0.050322030544955765,0.15106339229203794,0.20466612382786148,0.057108992392238156,49.998934426229425,49.99893442622948
120600,0.01201,0.2045784188602163,0.05032169968353337,0.15100894927409134,0.2045784188602163,0.057100036521842944,49.998934426229425,49.99893442622948
120660,0.012009999999999998,0.20449082992107367,0.05032136932218785,0.1509545741948095,0.20449082992107367,0.05709109776801988,49.99893442622948,49.998934426229425
120720,0.012010000000000002,0.204403356780307,0.050321039459895946,0.15090026692503644,0.204403356780307,0.05708217608785551,49.99893442622948,49.99893442622948
120780,0.01201,0.2043159992084078,0.05032071009564175,0.1508460273359392,0.2043159992084078,0.05707327143851259,49.998934426229425,49.99893442622954
120840,0.012009999999999998,0.20422875697644993,0.050320381228426386,0.1507918552990069,0.20422875697644993,0.05706438377726728,49.99893442622948,49.99893442622954
120900,0.01201,0.20414162985610146,0.050320052857228285,0.15073775068604903,0.20414162985610146,0.057055513061647245,49.998934426229425,49.99893442622948
120960,0.01201,0.20405461761961705,0.05031972498105028,0.15068371336919553,0.20405461761961705,0.05704665924915306,49.998934426229425,49.99893442622948
121020,0.01201,0.20396772003983882,0.05031939759888756,0.15062974322089495,0.20396772003983882,0.05703782229753097,49.998934426229425,49.99893442622954
121080,0.01201,0.20388093688977582,0.050319070709738255,0.15057584011402872,0.20388093688977582,0.05702900216457257,49.998934426229425,49.99893442622948
121140,0.01201,0.20379426794422328,0.05031874431260545,0.1505220039215696,0.20379426794422328,0.057020198807595415,49.998934426229425,49.99893442622954
121200,0.01201,0.20370771297740173,0.050318418406493176,0.15046823451691724,0.20370771297740173,0.05701141218541573,49.998934426229425,49.99893442622954
121260,0.01201,0.20362127176451597,0.05031809299040825,0.1504145317737853,0.20362127176451597,0.05700264225639264,49.998934426229425,49.99893442622948
121320,0.01201,0.20353494408131728,0.05031776806336016,0.15036089556620136,0.20353494408131728,0.05699388897887579,49.998934426229425,49.99893442622948
121380,0.01201,0.20344872970406466,0.0503174436243609,0.15030732576850653,0.20344872970406466,0.05698515231131193,49.998934426229425,49.99893442622948
121440,0.01201,0.20336262840970792,0.05031711967242505,0.1502538222553541,0.20336262840970792,0.05697643221227228,49.998934426229425,49.99893442622948
121500,0.01201,0.2032766399761354,0.05031679620656955,0.15020038490170892,0.2032766399761354,0.056967728640462546,49.998934426229425,49.99893442622948
121560,0.01201,0.20319076418031923,0.0503164732258141,0.15014701358284616,0.20319076418031923,0.056959041554710085,49.998934426229425,49.99893442622954
121620,0.01201,0.2031050008016617,0.05031615072918064,0.15009370817435047,0.2031050008016617,0.056950370913977574,49.998934426229425,49.99893442622948
121680,0.01201,0.20301934961901655,0.05031582871569376,0.15004046855211509,0.20301934961901655,0.05694171667735676,49.998934426229425,49.99893442622948
121740,0.01201,0.20293381041229094,0.05031550718438043,0.14998729459234073,0.20293381041229094,0.05693307880406618,49.998934426229425,49.99893442622948
121800,0.01201,0.2028483829617134,0.05031518613427007,0.14993418617153473,0.2028483829617134,0.05692445725345049,49.998934426229425,49.99893442622948
121860,0.01201,0.20276306704817043,0.050314865564394656,0.14988114316651002,0.20276306704817043,0.056915851984979456,49.998934426229425,49.99893442622948
121920,0.01201,0.20267786245306707,0.05031454547378854,0.14982816545438438,0.20267786245306707,0.05690726295824745,49.998934426229425,49.99893442622948
121980,0.01201,0.20259276895838435,0.05031422586148854,0.14977525291257932,0.20259276895838435,0.05689869013297248,49.998934426229425,49.99893442622948
122040,0.01201,0.20250778634665137,0.05031390672653392,0.14972240541881912,0.20250778634665137,0.05689013346899569,49.998934426229425,49.99893442622948
122100,0.01201,0.20242291440095508,0.05031358806796639,0.14966962285113017,0.20242291440095508,0.05688159292628073,49.998934426229425,49.99893442622954
122160,0.01201,0.2023381529049332,0.050313269884829974,0.14961690508783984,0.2023381529049332,0.05687306846491315,49.998934426229425,49.99893442622948
122220,0.01201,0.2022535016427749,0.05031295217617125,0.1495642520075756,0.2022535016427749,0.05686456004509993,49.998934426229425,49.99893442622948
122280,0.01201,0.20216896039921797,0.050312634941039165,0.14951166348926404,0.20216896039921797,0.05685606762716892,49.998934426229425,49.99893442622948
122340,0.01201,0.20208452895954782,0.050312318178485,0.1494591394121302,0.20208452895954782,0.05684759117156823,49.998934426229425,49.99893442622948
122400,0.01201,0.20200020710959524,0.0503120018875625,0.14940667965569648,0.20200020710959524,0.05683913063886598,49.998934426229425,49.998934426229425
122460,0.012009999999999998,0.2019159946357352,0.050311686067331884,0.1493542840997818,0.2019159946357352,0.05683068598973855,49.99893442622948,49.99893442622954
122520,0.012010000000000002,0.20183189132488488,0.05031137071684469,0.14930195262450047,0.20183189132488488,0.05682225718502648,49.99893442622948,49.998934426229425
122580,0.01201,0.2017478969631163,0.05031105583515958,0.1492496851102616,0.2017478969631163,0.05681384418563043,49.998934426229425,49.99893442622948
122640,0.012009999999999998,0.2016640113419928,0.05031074142135142,0.14919748143776862,0.2016640113419928,0.056805446952564044,49.99893442622948,49.99893442622948
122700,0.01201,0.2015802342458756,0.05031042747447291,0.14914534148801703,0.2015802342458756,0.05679706544705609,49.998934426229425,49.99893442622954
122760,0.01201,0.2014965654663642,0.05031011399360036,0.1490932651422952,0.2014965654663642,0.05678869963031802,49.998934426229425,49.99893442622948
122820,0.01201,0.2014130047928067,0.05030980097780249,0.14904125228218218,0.2014130047928067,0.056780349463782215,49.998934426229425,49.99893442622954
122880,0.01201,0.20132955201507696,0.050309488426151454,0.14898930278954758,0.20132955201507696,0.05677201490895154,49.998934426229425,49.99893442622948
122940,0.01201,0.20124620692453565,0.05030917633772192,0.14893741654655018,0.20124620692453565,0.05676369592745557,49.998934426229425,49.99893442622954
123000,0.01201,0.20116296931098998,0.05030886471159126,0.14888559343563762,0.20116296931098998,0.05675539248103099,49.998934426229425,49.99893442622948
123060,0.01201,0.2010798389670869,0.050308553546838865,0.148833833339545,0.2010798389670869,0.05674710453153482,49.998934426229425,49.99893442622948
123120,0.01201,0.20099681568468705,0.050308242842546674,0.14878213614129437,0.20099681568468705,0.056738832040939734,49.998934426229425,49.99893442622954
123180,0.01201,0.20091389925678899,0.0503079325977988,0.14873050172419372,0.20091389925678899,0.0567305749713324,49.998934426229425,49.99893442622954
123240,0.01201,0.2008310894761138,0.05030762281168148,0.14867892997183846,0.2008310894761138,0.056722333284837945,49.998934426229425,49.99893442622954
123300,0.01201,0.20074838613738014,0.050307313483283704,0.1486274207681036,0.20074838613738014,0.0567141069439353,49.998934426229425,49.99893442622948
123360,0.01201,0.20066578903451548,0.05030700461169645,0.14857597399714986,0.20066578903451548,0.05670589591096933,49.998934426229425,49.99893442622948
123420,0.01201,0.2005832979624534,0.05030669619601296,0.14852458954342054,0.2005832979624534,0.05669770014846664,49.998934426229425,49.99893442622954
123480,0.01201,0.2005009127165529,0.050306388235328764,0.14847326729164087,0.2005009127165529,0.056689519619077595,49.998934426229425,49.99893442622948
123540,0.01201,0.20041863309257976,0.05030608072874164,0.1484220071268167,0.20041863309257976,0.056681354285567115,49.998934426229425,49.998934426229425
123600,0.01201,0.20033645888702367,0.05030577367535163,0.14837080893423404,0.20033645888702367,0.05667320411081127,49.998934426229425,49.99893442622948
123660,0.01201,0.20025438989670316,0.050305467074261034,0.14831967259945816,0.20025438989670316,0.056665069057796974,49.998934426229425,49.99893442622948
123720,0.01201,0.20017242591911868,0.05030516092457435,0.14826859800833253,0.20017242591911868,0.05665694908962178,49.998934426229425,49.99893442622948
123780,0.01201,0.2000905667521367,0.050304855225398376,0.1482175850469782,0.2000905667521367,0.05664884416949316,49.998934426229425,49.99893442622954
123840,0.01201,0.2000088121942425,0.05030454997584203,0.14816663360179314,0.2000088121942425,0.05664075426072854,49.998934426229425,49.99893442622948
123900,0.01201,0.19992716204433283,0.05030424517501658,0.14811574355945079,0.19992716204433283,0.0566326793267547,49.998934426229425,49.99893442622948
123960,0.01201,0.19984561610188695,0.05030394082203536,0.14806491480690007,0.19984561610188695,0.056624619331107545,49.998934426229425,49.99893442622948
124020,0.01201,0.1997641741668209,0.05030363691601399,0.14801414723136377,0.1997641741668209,0.056616574237431674,49.998934426229425,49.99893442622948
124080,0.01201,0.1996828360396059,0.05030333345607029,0.14796344072033843,0.1996828360396059,0.05660854400948,49.998934426229425,49.99893442622948
124140,0.01201,0.19960160152116715,0.05030303044132424,0.14791279516159303,0.19960160152116715,0.05660052861111345,49.998934426229425,49.99893442622948
124200,0.01201,0.19952047041296445,0.050302727870897984,0.14786221044316838,0.19952047041296445,0.056592528006300526,49.998934426229425,49.99893442622948
124260,0.012009967407407406,0.19943944207814893,0.05030242590400747,0.14781168622979352,0.19943944207814893,0.05658455401892166,49.998934426229425,49.99893442622948
124320,0.012009872592592593,0.1993585154823726,0.05030212475011455,0.14776122196796632,0.1993585154823726,0.05657661952579153,49.99893442622948,49.99893442622948
124380,0.01200972,0.19927768965737683,0.05030182447593787,0.14771081711440054,0.19927768965737683,0.05656872574735013,49.99893442622948,49.99893442622948
124440,0.012009514074074072,0.19919696369795883,0.05030152509352223,0.14766047114969796,0.19919696369795883,0.05656087205449866,49.99893442622948,49.99893442622948
124500,0.01200925925925926,0.19911633676290993,0.05030122659074197,0.14761018358379324,0.19911633676290993,0.05655305707421682,49.99893442622948,49.998934426229425
124560,0.01200896,0.19903580807399063,0.0503009289433016,0.14755995395854926,0.19903580807399063,0.05654527907228303,49.99893442622948,49.99893442622948
124620,0.01200862074074074,0.19895537691583445,0.05030063212008063,0.1475097818491508,0.19895537691583445,0.05653753611513618,49.99893442622954,49.99893442622954
124680,0.012008245925925925,0.19887504263542732,0.050300336085843514,0.1474596668649095,0.19887504263542732,0.05652982614909229,49.99893442622948,49.99893442622954
124740,0.01200784,0.19879480464179097,0.05030004080273995,0.14740960864974403,0.19879480464179097,0.056522147044430836,49.998934426229425,49.99893442622954
124800,0.012007407407407408,0.19871466240557964,0.05029974623118227,0.14735960688246943,0.19871466240557964,0.05651449662137254,49.99893442622948,49.99893442622948
124860,0.012006952592592593,0.19863461545872726,0.05029945233046313,0.14730966127696207,0.19863461545872726,0.056506872666971776,49.99893442622948,49.99893442622954
124920,0.01200648,0.19855466339407832,0.05029915905909724,0.14725977158224354,0.19855466339407832,0.05649927294630908,49.998934426229425,49.99893442622954
124980,0.012005994074074076,0.1984748058650365,0.050298866375102426,0.14720993758250747,0.1984748058650365,0.056491695210389485,49.99893442622948,49.99893442622948
125040,0.01200549925925926,0.19839504258520943,0.05029857423619992,0.14716015909710514,0.19839504258520943,0.05648413720178561,49.99893442622948,49.99893442622948
125100,0.012005,0.19831537332806098,0.0502982825999492,0.14711043598050047,0.19831537332806098,0.05647659665897292,49.99893442622948,49.99893442622948
125160,0.01200450074074074,0.1982357979265661,0.05029799142388309,0.1470607681222021,0.1982357979265661,0.05646907131941996,49.998934426229425,49.998934426229425
125220,0.012004005925925926,0.19815631627286587,0.05029770066552092,0.14701115544667626,0.19815631627286587,0.05646155892229802,49.998934426229425,49.99893442622954
125280,0.01200352,0.1980769283174809,0.05029741028249663,0.14696159791334407,0.1980769283174809,0.056454057208330445,49.998934426229425,49.99893442622948
125340,0.012003047407407407,0.19799763407113238,0.050297120232583946,0.14691209551618423,0.19799763407113238,0.05644656392798118,49.99893442622948,49.99893442622954
125400,0.012002592592592592,0.19791843360012615,0.05029683047372691,0.1468626482838848,0.19791843360012615,0.05643907683508073,49.99893442622948,49.99893442622948
125460,0.012002160000000001,0.1978393270304703,0.05029654096409672,0.14681325627962533,0.1978393270304703,0.056431593691329225,49.99893442622954,49.99893442622948
125520,0.012001754074074075,0.19776031454330148,0.050296251662069004,0.14676391960093557,0.19776031454330148,0.05642411226712306,49.99893442622948,49.99893442622954
125580,0.01200137925925926,0.19768139638248508,0.05029596252631083,0.14671463837955173,0.19768139638248508,0.05641663034194315,49.99893442622948,49.99893442622954
125640,0.01200104,0.1976025728416118,0.05029567351573569,0.1466654127812621,0.1976025728416118,0.05640914570534407,49.99893442622948,49.99893442622948
125700,0.01200074074074074,0.1975238442732189,0.05029538458954558,0.14661624300574877,0.1975238442732189,0.056401656157485464,49.99893442622954,49.99893442622948
125760,0.012000485925925926,0.19744521108861943,0.05029509570724711,0.14656712928642462,0.19744521108861943,0.05639415950945379,49.998934426229425,49.99893442622948
125820,0.01200028,0.19736667375221378,0.050294806828651416,0.14651807189026209,0.19736667375221378,0.056386653584102095,49.99893442622948,49.99893442622954
125880,0.012000127407407407,0.1972882327840891,0.050294517913872884,0.14646907111761778,0.1972882327840891,0.05637913621626752,49.99893442622954,49.998934426229425
125940,0.012000032592592594,0.19720988875969322,0.05029422892334112,0.14642012730205112,0.19720988875969322,0.056371605253266385,49.998934426229425,49.99893442622948
126000,0.012,0.19713164230844338,0.05029393981785139,0.1463712408101384,0.19713164230844338,0.05636405855514879,49.998934426229425,49.99893442622948
126060,0.012,0.19705349367154548,0.05029365072146952,0.14632241181492583,0.19705349367154548,0.05635650601287169,49.998934426229425,49.99893442622948
126120,0.012,0.19697544266433387,0.050293361838759834,0.14627364026077305,0.19697544266433387,0.05634896071401595,49.998934426229425,49.99893442622948
126180,0.012,0.19689748910325502,0.050293073255499275,0.14622492607169524,0.19689748910325502,0.05634142538755648,49.998934426229425,49.99893442622948
126240,0.011999999999999999,0.19681963280462927,0.05029278501346084,0.1461762691625009,0.19681963280462927,0.05633390126830302,49.99893442622948,49.99893442622948
126300,0.012,0.1967418735857468,0.05029249713568112,0.14612766944306757,0.1967418735857468,0.05632638901790434,49.998934426229425,49.99893442622948
126360,0.012000000000000002,0.19666421126388003,0.05029220963613568,0.14607912682032798,0.19666421126388003,0.05631888903168275,49.99893442622948,49.99893442622948
126420,0.012,0.1965866456571835,0.05029192252382731,0.1460306411993274,0.1965866456571835,0.056311401563162604,49.998934426229425,49.99893442622948
126480,0.012,0.19650917658384578,0.050291635804861796,0.14598221248384918,0.19650917658384578,0.05630392678197979,49.998934426229425,49.99893442622948
126540,0.012,0.19643180386290066,0.05029134948345686,0.14593384057680855,0.19643180386290066,0.05629646480491668,49.998934426229425,49.99893442622948
126600,0.012,0.196354527313435,0.050291063562576684,0.14588552538051794,0.196354527313435,0.0562890157131955,49.998934426229425,49.998934426229425
126660,0.012,0.19627734675536343,0.05029077804430736,0.14583726679687134,0.19627734675536343,0.05628157956328169,49.998934426229425,49.99893442622948
126720,0.012,0.1962002620086618,0.05029049293010018,0.1457890647274777,0.1962002620086618,0.056274156393759246,49.998934426229425,49.99893442622954
126780,0.012,0.1961232728941225,0.05029020822093555,0.14574091907375983,0.1961232728941225,0.05626674622995282,49.998934426229425,49.998934426229425
126840,0.012,0.19604637923260362,0.05028992391743705,0.14569282973702943,0.19604637923260362,0.05625934908712259,49.998934426229425,49.998934426229425
126900,0.012,0.19596958084577068,0.05028964001995332,0.14564479661854504,0.19596958084577068,0.05625196497275341,49.998934426229425,49.99893442622948
126960,0.012,0.19589287755535842,0.050289356528617914,0.14559681961955767,0.19589287755535842,0.05624459388821624,49.998934426229425,49.99893442622948
127020,0.012,0.19581626918390055,0.050289073443393985,0.1455488986413471,0.19581626918390055,0.05623723583001809,49.998934426229425,49.99893442622948
127080,0.012,0.19573975555400283,0.0502887907641085,0.14550103358525115,0.19573975555400283,0.05622989079073961,49.998934426229425,49.99893442622948
127140,0.012,0.19566333648906248,0.05028850849047833,0.1454532243526894,0.19566333648906248,0.056222558759769406,49.998934426229425,49.99893442622954
127200,0.012,0.1955870118130443,0.050288226622130804,0.14540547084518649,0.1955870118130443,0.0562152397237431,49.998934426229425,49.998934426229425
127260,0.012,0.19551078134899738,0.05028794515862023,0.14535777296437752,0.19551078134899738,0.05620793366751979,49.998934426229425,49.99893442622948
127320,0.012,0.19543464492236517,0.05028766409944046,0.14531013061203243,0.19543464492236517,0.056200640573734084,49.998934426229425,49.998934426229425
127380,0.012,0.1953586023575478,0.05028738344403556,0.14526254369006403,0.1953586023575478,0.05619336042360929,49.998934426229425,49.99893442622954
127440,0.012,0.19528265347978596,0.05028710319180823,0.1452150121005371,0.19528265347978596,0.05618609319710746,49.998934426229425,49.99893442622954
127500,0.012,0.1952067981156365,0.05028682334212683,0.14516753574567698,0.1952067981156365,0.05617883887309368,49.998934426229425,49.99893442622948
127560,0.012,0.19513103609081697,0.05028654389433109,0.14512011452787618,0.19513103609081697,0.05617159742950836,49.998934426229425,49.99893442622948
127620,0.012,0.19505536723209677,0.05028626484773683,0.1450727483497003,0.19505536723209677,0.05616436884350065,49.998934426229425,49.99893442622954
127680,0.012,0.19497979136649057,0.05028598620163999,0.14502543711389343,0.19497979136649057,0.05615715309153458,49.998934426229425,49.99893442622954
127740,0.012,0.19490430832138506,0.05028570795531986,0.1449781807233821,0.19490430832138506,0.05614995014949196,49.998934426229425,49.99893442622948
127800,0.012,0.19482891792473317,0.05028543010804197,0.1449309790812794,0.19482891792473317,0.05614275999274856,49.998934426229425,49.998934426229425
127860,0.012,0.19475362000479732,0.05028515265906035,0.14488383209088782,0.19475362000479732,0.05613558259624782,49.998934426229425,49.99893442622948
127920,0.012,0.19467841439033132,0.05028487560761961,0.14483673965570257,0.19467841439033132,0.05612841793455646,49.998934426229425,49.998934426229425
127980,0.012,0.19460330091045921,0.05028459895295666,0.14478970167941338,0.19460330091045921,0.05612126598191975,49.998934426229425,49.99893442622948
128040,0.011999999999999999,0.1945282793947326,0.05028432269430575,0.1447427180659073,0.1945282793947326,0.056114126712288645,49.99893442622948,49.99893442622954
128100,0.012,0.19445334967312328,0.05028404683088263,0.14469578871926939,0.19445334967312328,0.05610700009944103,49.998934426229425,49.998934426229425
128160,0.012000000000000002,0.19437851157598768,0.05028377136192372,0.14464891354378598,0.19437851157598768,0.05609988611680423,49.99893442622948,49.99893442622954
128220,0.012,0.19430376493413307,0.05028349628662689,0.14460209244394384,0.19430376493413307,0.05609278473782493,49.998934426229425,49.99893442622948
128280,0.012,0.19422910957872194,0.05028322160422399,0.14455532532443344,0.19422910957872194,0.05608569593558656,49.998934426229425,49.99893442622948
128340,0.012,0.19415454534138782,0.05028294731392698,0.14450861209014834,0.19415454534138782,0.05607861968321087,49.998934426229425,49.99893442622948
128400,0.012,0.1940800720535742,0.05028267341494872,0.14446195264618666,0.1940800720535742,0.05607155595362975,49.998934426229425,49.99893442622948
128460,0.012,0.19400568954798705,0.050282399906502066,0.14441534689785174,0.19400568954798705,0.05606450471970941,49.998934426229425,49.99893442622948
128520,0.012,0.19393139765822653,0.05028212678779998,0.14436879475065276,0.19393139765822653,0.056057465954227476,49.998934426229425,49.99893442622948
128580,0.012,0.19385719621673314,0.050281854058055894,0.1443222961103048,0.19385719621673314,0.05605043962990288,49.998934426229425,49.99893442622948
128640,0.012,0.19378308505771288,0.05028158171648386,0.14427585088272982,0.19378308505771288,0.05604342571940567,49.998934426229425,49.99893442622948
128700,0.012,0.1937090640146469,0.050281309762298824,0.14422945897405626,0.1937090640146469,0.056036424195367494,49.998934426229425,49.998934426229425
128760,0.012,0.1936351329223677,0.050281038194717055,0.14418312029061986,0.1936351329223677,0.05602943503039169,49.998934426229425,49.99893442622948
128820,0.012,0.19356129161533045,0.05028076701295608,0.14413683473896338,0.19356129161533045,0.05602245819706195,49.998934426229425,49.99893442622948
128880,0.012,0.19348753992903103,0.05028049621623512,0.14409060222583697,0.19348753992903103,0.056015493667950174,49.998934426229425,49.99893442622954
128940,0.012,0.19341387769883744,0.050280225803775114,0.14404442265819795,0.19341387769883744,0.05600854141562403,49.998934426229425,49.99893442622948
129000,0.012,0.19334030476094147,0.05027995577479888,0.14399829594321098,0.19334030476094147,0.05600160141265309,49.998934426229425,49.99893442622948
129060,0.012,0.19326682095158082,0.0502796861285312,0.14395222198824786,0.19326682095158082,0.0559946736316148,49.998934426229425,49.99893442622954
129120,0.012,0.19319342610697407,0.05027941686419963,0.14390620070099225,0.19319342610697407,0.05598775804319618,49.998934426229425,49.99893442622948
129180,0.012,0.19312012006546622,0.050279147981032384,0.14386023198913317,0.19312012006546622,0.05598085462261323,49.998934426229425,49.99893442622954
129240,0.012,0.1930469026640623,0.05027887947826104,0.14381431576066123,0.1930469026640623,0.05597396334210481,49.998934426229425,49.99893442622948
129300,0.012,0.1929737737409897,0.05027861135511944,0.14376845192377402,0.1929737737409897,0.055967084174272756,49.998934426229425,49.99893442622948
129360,0.012,0.19290073313439587,0.05027834361084366,0.14372264038687577,0.19290073313439587,0.05596021709176615,49.998934426229425,49.99893442622948
129420,0.012,0.19282778068284298,0.05027807624467224,0.1436768810585771,0.19282778068284298,0.055953362067263555,49.998934426229425,49.99893442622954
129480,0.012,0.19275491622565286,0.050277809255846156,0.1436311738476947,0.19275491622565286,0.055946519073483636,49.998934426229425,49.99893442622948
129540,0.012,0.19268213960216474,0.05027754264360886,0.14358551866325098,0.19268213960216474,0.05593968808318916,49.998934426229425,49.99893442622948
129600,0.012,0.19260945065241963,0.05027727640720624,0.14353991541447375,0.19260945065241963,0.05593286906919108,49.998934426229425,49.99893442622948
129660,0.012,0.19253684921653724,0.05027701054588685,0.14349436401079596,0.19253684921653724,0.05592606200434844,49.998934426229425,49.99893442622948
129720,0.012,0.1924643351352956,0.050276745058901666,0.14344886436185503,0.1924643351352956,0.05591926686157067,49.998934426229425,49.99893442622948
129780,0.012,0.19239190824960134,0.050276479945504236,0.1434034163774928,0.19239190824960134,0.055912483613817336,49.998934426229425,49.99893442622954
129840,0.011999999999999999,0.19231956840097003,0.050276215204954226,0.14335801996775505,0.19231956840097003,0.05590571223408725,49.99893442622948,49.99893442622954
129900,0.012,0.19224731543107987,0.0502759508365007,0.14331267504289075,0.19224731543107987,0.05589895269549623,49.998934426229425,49.99893442622948
129960,0.012000000000000002,0.19217514918218784,0.05027568683941931,0.14326738151335244,0.19217514918218784,0.055892204971074,49.99893442622948,49.99893442622948
130020,0.012,0.192103069496735,0.05027542321295375,0.14322213928979483,0.192103069496735,0.05588546903409792,49.998934426229425,49.99893442622948
130080,0.012,0.19203107621771773,0.05027515995638537,0.14317694828307545,0.19203107621771773,0.055878744857693605,49.998934426229425,49.99893442622948
130140,0.012,0.19195916918833444,0.050274897068980334,0.1431318084042533,0.19195916918833444,0.05587203241520648,49.998934426229425,49.99893442622948
130200,0.012,0.19188734825231724,0.05027463455000914,0.14308671956458877,0.19188734825231724,0.05586533167996742,49.998934426229425,49.99893442622948
130260,0.012,0.19181561325422702,0.050274372398745305,0.14304168167554338,0.19181561325422702,0.05585864262537808,49.998934426229425,49.99893442622948
130320,0.012,0.19174396403714306,0.05027411061446493,0.14299669464877904,0.19174396403714306,0.05585196522489131,49.998934426229425,49.99893442622954
130380,0.012,0.19167240044685144,0.050273849196446695,0.1429517583961578,0.19167240044685144,0.05584529945202489,49.998934426229425,49.99893442622948
130440,0.012,0.19160092232797368,0.05027358814397177,0.14290687282974146,0.19160092232797368,0.05583864528035735,49.998934426229425,49.99893442622948
130500,0.012,0.19152952952637856,0.05027332745632371,0.14286203786179077,0.19152952952637856,0.05583200268352752,49.998934426229425,49.99893442622948
130560,0.012,0.19145822188769887,0.050273067132788535,0.14281725340476534,0.19145822188769887,0.05582537163523501,49.998934426229425,49.99893442622948
130620,0.012,0.19138699925831976,0.05027280717265467,0.14277251937132285,0.19138699925831976,0.0558187521092411,49.998934426229425,49.99893442622948
130680,0.012,0.19131586148471605,0.05027254757521288,0.14272783567431901,0.19131586148471605,0.05581214407936918,49.998934426229425,49.99893442622948
130740,0.012,0.19124480841391803,0.05027228833975632,0.14268320222680664,0.19124480841391803,0.05580554751950491,49.998934426229425,49.99893442622948
130800,0.012,0.19117383989319303,0.05027202946558052,0.1426386189420354,0.19117383989319303,0.05579896240359681,49.998934426229425,49.99893442622948
130860,0.012,0.1911029557702513,0.05027177095198332,0.14259408573345134,0.1911029557702513,0.05579238870565655,49.998934426229425,49.998934426229425
130920,0.012,0.19103215589310565,0.05027151279826486,0.1425496025146964,0.19103215589310565,0.05578582639975925,49.998934426229425,49.99893442622954
130980,0.012,0.1909614401101657,0.05027125500372761,0.14250516919960787,0.1909614401101657,0.0557792754600437,49.998934426229425,49.99893442622948
131040,0.012,0.19089080827017188,0.050270997567676286,0.14246078570221798,0.19089080827017188,0.0557727358607127,49.998934426229425,49.99893442622948
131100,0.012,0.1908202602222393,0.05027074048941788,0.1424164519367533,0.1908202602222393,0.05576620757603313,49.998934426229425,49.998934426229425
131160,0.012,0.19074979581582582,0.05027048376826161,0.14237216781763457,0.19074979581582582,0.05575969058033634,49.998934426229425,49.99893442622948
131220,0.012,0.19067941490015866,0.0502702274035189,0.1423279332594797,0.19067941490015866,0.05575318484787393,49.998934426229425,49.99893442622948
131280,0.012,0.19060911732649485,0.05026997139450346,0.14228374817709147,0.19060911732649485,0.05574669035342548,49.998934426229425,49.99893442622954
131340,0.012,0.19053890294467424,0.050269715740531074,0.14223961248546915,0.19053890294467424,0.05574020707135491,49.998934426229425,49.99893442622948
131400,0.012,0.19046877160481493,0.05026946044091972,0.1421955260998043,0.19046877160481493,0.05573373497623404,49.998934426229425,49.99893442622948
131460,0.012,0.19039872316053988,0.05026920549498958,0.14215148893547994,0.19039872316053988,0.055727274042713076,49.998934426229425,49.99893442622948
131520,0.012,0.19032875746066483,0.05026895090206291,0.1421075009080701,0.19032875746066483,0.055720824245513875,49.998934426229425,49.99893442622948
131580,0.012,0.1902588743600711,0.05026869666146406,0.14206356193333933,0.1902588743600711,0.055714385559423985,49.998934426229425,49.998934426229425
131640,0.011999999999999999,0.19018907370768617,0.05026844277252308,0.14201967192724227,0.19018907370768617,0.055707957959282316,49.99893442622948,49.99893442622954
131700,0.012,0.19011935535965316,0.05026818923455918,0.14197583080592263,0.19011935535965316,0.055701541420057454,49.998934426229425,49.99893442622948
131760,0.012000000000000002,0.19004971916528618,0.05026793604691705,0.14193203848571395,0.19004971916528618,0.055695135916642935,49.99893442622948,49.99893442622948
131820,0.012,0.18998016498151446,0.05026768320890987,0.14188829488313734,0.18998016498151446,0.05568874142419059,49.998934426229425,49.99893442622948
131880,0.012,0.18991069265839786,0.050267430719887055,0.14184459991490286,0.18991069265839786,0.055682357917709126,49.998934426229425,49.99893442622948
131940,0.012,0.18984130205351074,0.050267178579182836,0.1418009534979077,0.18984130205351074,0.055675985372436794,49.998934426229425,49.99893442622948
132000,0.012,0.18977199301749084,0.050266926786135056,0.14175735554923613,0.18977199301749084,0.05566962376360374,49.998934426229425,49.99893442622948
132060,0.012,0.18970276540877584,0.0502666753400842,0.14171380598615899,0.18970276540877584,0.0556632730665153,49.998934426229425,49.99893442622948
132120,0.012,0.1896336190786775,0.050266424240372795,0.14167030472613337,0.1896336190786775,0.055656933256542515,49.998934426229425,49.99893442622954
132180,0.012,0.18956455388608326,0.05026617348634538,0.14162685168680175,0.18956455388608326,0.055650604309122324,49.998934426229425,49.998934426229425
132240,0.012,0.18949556968330533,0.05026592307734844,0.1415834467859919,0.18949556968330533,0.055644286199756136,49.998934426229425,49.998934426229425
132300,0.012,0.18942666632958505,0.05026567301273036,0.14154008994171616,0.18942666632958505,0.05563797890401057,49.998934426229425,49.99893442622948
132360,0.012,0.1893578436781961,0.050265423291841464,0.14149678107217092,0.1893578436781961,0.0556316823975167,49.998934426229425,49.998934426229425
132420,0.012,0.1892891015887959,0.05026517391403394,0.14145352009573633,0.1892891015887959,0.05562539665597064,49.998934426229425,49.99893442622948
132480,0.012,0.1892204399155531,0.05026492487866183,0.14141030693097564,0.1892204399155531,0.05561912165513255,49.998934426229425,49.998934426229425
132540,0.012,0.18915185851858626,0.05026467618508105,0.14136714149663476,0.18915185851858626,0.055612857370827835,49.998934426229425,49.998934426229425
132600,0.012,0.18908335725291608,0.05026442783264938,0.14132402371164185,0.18908335725291608,0.055606603778945496,49.998934426229425,49.99893442622948
132660,0.012,0.18901493597915,0.05026417982072637,0.14128095349510678,0.18901493597915,0.055600360855439526,49.998934426229425,49.99893442622948
132720,0.012,0.18894659455313384,0.05026393214867344,0.14123793076632052,0.18894659455313384,0.055594128576327555,49.998934426229425,49.99893442622948
132780,0.012,0.18887833283597313,0.0502636848158538,0.14119495544475485,0.18887833283597313,0.0555879069176917,49.998934426229425,49.99893442622948
132840,0.012,0.18881015068433193,0.05026343782163244,0.14115202745006192,0.18881015068433193,0.05558169585567768,49.998934426229425,49.99893442622948
132900,0.012,0.18874204795980665,0.05026319116537612,0.14110914670207342,0.18874204795980665,0.05557549536649543,49.998934426229425,49.998934426229425
132960,0.012,0.18867402451988113,0.050262944846453377,0.1410663131208005,0.18867402451988113,0.05556930542641824,49.998934426229425,49.998934426229425
133020,0.012,0.1886060802266345,0.05026269886423449,0.14102352662643308,0.1886060802266345,0.055563126011783266,49.998934426229425,49.99893442622948
133080,0.012,0.18853821493836959,0.050262453218091495,0.1409807871393394,0.18853821493836959,0.0555569570989909,49.998934426229425,49.99893442622948
133140,0.012,0.18847042851764367,0.050262207907398146,0.14093809458006556,0.18847042851764367,0.05555079866450503,49.998934426229425,49.99893442622948
133200,0.012,0.1884027208234172,0.0502619629315299,0.14089544886933508,0.1884027208234172,0.05554465068485615,49.998934426229425,49.99893442622954
133260,0.012,0.1883350917184363,0.05026171828986394,0.14085284992804828,0.1883350917184363,0.05553851313662977,49.998934426229425,49.99893442622948
133320,0.012,0.18826754106386695,0.050261473981779076,0.14081029767728204,0.18826754106386695,0.05553238599647822,49.998934426229425,49.99893442622948
133380,0.012,0.18820006872254688,0.050261230006656395,0.1407677920383886,0.18820006872254688,0.05552626924114163,49.998934426229425,49.99893442622948
133440,0.011999999999999999,0.18813267455476013,0.050260986363880676,0.14072533293270184,0.18813267455476013,0.05552016284654395,49.99893442622948,49.998934426229425
133500,0.012,0.18806535842491434,0.05026074305282699,0.14068292028182466,0.18806535842491434,0.05551406679040064,49.998934426229425,49.99893442622948
133560,0.012000000000000002,0.18799812019403353,0.05026050007289466,0.14064055400753428,0.18799812019403353,0.05550798104970163,49.99893442622948,49.99893442622948
133620,0.012,0.18793095972750498,0.05026025742345188,0.14059823403178073,0.18793095972750498,0.05550190560152966,49.998934426229425,49.99893442622948
133680,0.012,0.1878638768866439,0.0502600151039018,0.14055596027668896,0.1878638768866439,0.055495840422784444,49.998934426229425,49.99893442622954
133740,0.012,0.1877968715372026,0.050259773113632424,0.14051373266455647,0.1877968715372026,0.055489785490582394,49.998934426229425,49.998934426229425
133800,0.012,0.18772994354172975,0.05025953145203506,0.140471551117854,0.18772994354172975,0.05548374078203387,49.998934426229425,49.99893442622948
133860,0.012,0.18766309276594517,0.05025929011850306,0.14042941555922447,0.18766309276594517,0.05547770627432495,49.998934426229425,49.99893442622948
133920,0.012,0.1875963190734412,0.050259049112431564,0.1403873259114827,0.1875963190734412,0.05547168194470971,49.998934426229425,49.99893442622954
133980,0.012,0.18752962233040515,0.05025880843321736,0.14034528209761496,0.18752962233040515,0.055465667770507765,49.998934426229425,49.99893442622948
134040,0.012,0.18746300240109992,0.05025856808025877,0.14030328404077835,0.18746300240109992,0.05545966372910325,49.998934426229425,49.998934426229425
134100,0.012,0.18739645915233805,0.050258328052955735,0.14026133166430052,0.18739645915233805,0.055453669797943715,49.998934426229425,49.99893442622948
134160,0.012,0.18732999244898152,0.05025808835070972,0.14021942489167902,0.18732999244898152,0.05544768595453958,49.998934426229425,49.99893442622948
134220,0.012,0.1872636021584565,0.05025784897292371,0.14017756364658085,0.1872636021584565,0.055441712176463404,49.998934426229425,49.99893442622954
134280,0.012,0.1871972881462592,0.050257609919002244,0.14013574785284208,0.1871972881462592,0.0554357484413496,49.998934426229425,49.99893442622948
134340,0.012,0.18713105027820512,0.050257371188351434,0.14009397743446722,0.18713105027820512,0.05542979472689261,49.998934426229425,49.99893442622948
134400,0.012,0.18706488842430932,0.05025713278037885,0.1400522523156292,0.18706488842430932,0.055423851010850865,49.998934426229425,49.99893442622954
134460,0.012,0.18699880245121675,0.05025689469449355,0.14001057242066833,0.18699880245121675,0.05541791727104008,49.998934426229425,49.99893442622948
134520,0.012,0.18693279222660433,0.050256656930106204,0.13996893767409227,0.18693279222660433,0.05541199348533869,49.998934426229425,49.99893442622948
134580,0.012,0.1868668576186811,0.05025641948662884,0.13992734800057524,0.1868668576186811,0.055406079631682884,49.998934426229425,49.99893442622948
134640,0.012,0.186800998495576,0.05025618236347506,0.13988580332495798,0.186800998495576,0.055400175688071256,49.998934426229425,49.99893442622954
134700,0.012,0.18673521472622376,0.050255945560059925,0.1398443035722469,0.18673521472622376,0.05539428163255807,49.998934426229425,49.998934426229425
134760,0.012,0.18666950617948005,0.05025570907579994,0.13980284866761394,0.18666950617948005,0.05538839744326156,49.998934426229425,49.99893442622954
134820,0.012,0.18660387272480655,0.050255472910113085,0.1397614385363959,0.18660387272480655,0.055382523098354196,49.998934426229425,49.99893442622948
134880,0.012,0.18653831423169684,0.050255237062418814,0.13972007310409415,0.18653831423169684,0.05537665857607209,49.998934426229425,49.99893442622948
134940,0.012,0.1864728305702064,0.05025500153213802,0.13967875229637405,0.1864728305702064,0.05537080385470547,49.998934426229425,49.99893442622954
135000,0.012,0.18640742161133814,0.05025476631869307,0.1396374760390687,0.18640742161133814,0.05536495891248433,49.998934426229425,49.99893442622948
135060,0.012,0.18634208722321904,0.050254531421507646,0.13959624425816605,0.18634208722321904,0.05535912372808737,49.998934426229425,49.998934426229425
135120,0.012,0.18627682727979974,0.0502542968400069,0.139555056879821,0.18627682727979974,0.055353298279851366,49.998934426229425,49.99893442622948
135180,0.012,0.18621164164785492,0.05025406257361754,0.13951391383035086,0.18621164164785492,0.055347482546277776,49.998934426229425,49.99893442622954
135240,0.011999999999999999,0.18614653020497063,0.05025382862177085,0.1394728150362349,0.18614653020497063,0.0553416765059352,49.99893442622948,49.998934426229425
135300,0.012,0.1860814928160298,0.05025359498388744,0.13943176042411362,0.1860814928160298,0.05533588013751755,49.998934426229425,49.99893442622954
135360,0.012000000000000002,0.18601652935736473,0.05025336165941154,0.13939074992078898,0.18601652935736473,0.055330093419640444,49.99893442622948,49.99893442622948
135420,0.012,0.18595163970087306,0.05025312864775679,0.13934978345322283,0.18595163970087306,0.05532431633116226,49.998934426229425,49.99893442622954
135480,0.012,0.18588682371850085,0.05025289594837079,0.13930886094853775,0.18588682371850085,0.05531854885079269,49.998934426229425,49.99893442622954
135540,0.012,0.18582208128287112,0.05025266356068619,0.13926798233401577,0.18582208128287112,0.05531279095746333,49.998934426229425,49.99893442622948
135600,0.012,0.18575741226755577,0.05025243148413863,0.13922714753709825,0.18575741226755577,0.055307042630090696,49.998934426229425,49.99893442622948
135660,0.012,0.18569281654541978,0.050252199718165566,0.13918635648538544,0.18569281654541978,0.05530130384765724,49.998934426229425,49.99893442622948
135720,0.012,0.1856282939906068,0.05025196826220601,0.1391456091066359,0.1856282939906068,0.055295574589200924,49.998934426229425,49.99893442622954
135780,0.012,0.18556384447686766,0.05025173711570034,0.13910490532876632,0.18556384447686766,0.0552898548338184,49.998934426229425,49.99893442622954
135840,0.012,0.18549946787867821,0.050251506278090406,0.13906424507985088,0.18549946787867821,0.05528414456066105,49.998934426229425,49.99893442622954
135900,0.012,0.18543516407043725,0.050251275748819296,0.1390236282881211,0.18543516407043725,0.055278443748937006,49.998934426229425,49.99893442622954
135960,0.012,0.18537093292714882,0.05025104552733143,0.13898305488196505,0.18537093292714882,0.055272752377909386,49.998934426229425,49.99893442622954
136020,0.012,0.18530677432380185,0.05025081561307261,0.1389425247899272,0.18530677432380185,0.05526707042689756,49.998934426229425,49.99893442622954
136080,0.012,0.18524268813594316,0.050250586005489935,0.13890203794070793,0.18524268813594316,0.05526139787527561,49.998934426229425,49.99893442622948
136140,0.012,0.1851786742391417,0.050250356704031884,0.1388615942631632,0.1851786742391417,0.05525573470247346,49.998934426229425,49.99893442622948
136200,0.012,0.18511473250949015,0.05025012770814817,0.13882119368630383,0.18511473250949015,0.055250080887975624,49.998934426229425,49.99893442622948
136260,0.012,0.18505086282313155,0.05024989901728984,0.13878083613929557,0.18505086282313155,0.055244436411321936,49.998934426229425,49.99893442622954
136320,0.012,0.18498706505670293,0.050249670630909245,0.1387405215514582,0.18498706505670293,0.0552388012521066,49.998934426229425,49.99893442622948
136380,0.012,0.18492333908691722,0.05024944254846006,0.13870024985226545,0.18492333908691722,0.05523317538997883,49.998934426229425,49.99893442622948
136440,0.012,0.18485968479095374,0.050249214769397234,0.1386600209713445,0.18485968479095374,0.055227558804641856,49.998934426229425,49.99893442622954
136500,0.012,0.1847961020460922,0.05024898729317696,0.13861983483847543,0.1847961020460922,0.05522195147585355,49.998934426229425,49.99893442622948
136560,0.012,0.18473259073005174,0.050248760119256795,0.13857969138359102,0.18473259073005174,0.05521635338342552,49.998934426229425,49.998934426229425
136620,0.012,0.18466915072067394,0.05024853324709552,0.13853959053677622,0.18466915072067394,0.05521076450722365,49.998934426229425,49.998934426229425
136680,0.012,0.18460578189621646,0.050248306676153154,0.13849953222826789,0.18460578189621646,0.05520518482716737,49.998934426229425,49.998934426229425
136740,0.012,0.18454248413507818,0.05024808040589109,0.13845951638845405,0.18454248413507818,0.055199614323229854,49.998934426229425,49.998934426229425
136800,0.012,0.1844792573160543,0.0502478544357719,0.13841954294787392,0.1844792573160543,0.05519405297543769,49.998934426229425,49.99893442622954
136860,0.012,0.18441610131809644,0.05024762876525943,0.13837961183721725,0.18441610131809644,0.055188500763870746,49.998934426229425,49.99893442622948
136920,0.012,0.18435301602053528,0.05024740339381878,0.13833972298732394,0.18435301602053528,0.055182957668662075,49.998934426229425,49.99893442622948
136980,0.012,0.18429000130287024,0.05024717832091631,0.1382998763291837,0.18429000130287024,0.05517742366999758,49.998934426229425,49.99893442622948
137040,0.011999999999999999,0.1842270570449668,0.05024695354602288,0.1382600717939358,0.1842270570449668,0.055171898748103396,49.99893442622948,49.99893442622948
137100,0.012,0.1841641831268685,0.05024672906859868,0.1382203093128679,0.1841641831268685,0.05516638288332107,49.998934426229425,49.99893442622954
137160,0.012000000000000002,0.18410137942897276,0.050246504888126854,0.13818058881741724,0.18410137942897276,0.05516087605590887,49.99893442622948,49.99893442622948
137220,0.012,0.18403864583186294,0.05024628100406066,0.13814091023916816,0.18403864583186294,0.05515537824636548,49.998934426229425,49.99893442622954
137280,0.012,0.1839759822164675,0.05024605741588623,0.1381012735098538,0.1839759822164675,0.055149889435039234,49.998934426229425,49.998934426229425
137340,0.012,0.1839133884639053,0.05024583412307505,0.13806167856135415,0.1839133884639053,0.055144409602489196,49.998934426229425,49.99893442622954
137400,0.012,0.18385086445563362,0.050245611125101314,0.13802212532569635,0.18385086445563362,0.05513893872925757,49.998934426229425,49.99893442622948
137460,0.012,0.18378841007409014,0.050245388421440995,0.13798261373505422,0.18378841007409014,0.055133476795948634,49.998934426229425,49.99893442622948
137520,0.012,0.18372602519945197,0.05024516601157143,0.1379431437217477,0.18372602519945197,0.055128023783215505,49.998934426229425,49.99893442622948
137580,0.012,0.1836637097154007,0.05024494389497112,0.13790371521824268,0.1836637097154007,0.05512257967176411,49.998934426229425,49.99893442622948
137640,0.012,0.18360146350346623,0.05024472207111986,0.1378643281571507,0.18360146350346623,0.05511714444235235,49.998934426229425,49.99893442622954
137700,0.012,0.18353928644732403,0.050244500539498624,0.13782498247122796,0.18353928644732403,0.055111718075790225,49.998934426229425,49.998934426229425
137760,0.012,0.18347717842906783,0.05024427929958953,0.1377856780933758,0.18347717842906783,0.05510630055293751,49.998934426229425,49.99893442622954
137820,0.012,0.18341513933283599,0.05024405835087596,0.13774641495663967,0.18341513933283599,0.055100891854705826,49.998934426229425,49.99893442622948
137880,0.012,0.18335316904129204,0.05024383769284244,0.13770719299420897,0.18335316904129204,0.05509549196205617,49.998934426229425,49.99893442622954
137940,0.012,0.18329126743806468,0.05024361732497425,0.13766801213952753,0.18329126743806468,0.05509010085651245,49.998934426229425,49.99893442622948
138000,0.012,0.1832294344084218,0.050243397246758886,0.13762887232596566,0.1832294344084218,0.055084718517312205,49.998934426229425,49.99893442622948
138060,0.012,0.1831676698359275,0.05024317745768424,0.13758977348714305,0.1831676698359275,0.05507934492679624,49.998934426229425,49.99893442622948
138120,0.012,0.1831059736037805,0.05024295795723945,0.1375507155568198,0.1831059736037805,0.05507398006639347,49.998934426229425,49.99893442622948
138180,0.012,0.18304434560058133,0.0502427387449149,0.13751169846889816,0.18304434560058133,0.05506862391734757,49.998934426229425,49.99893442622948
138240,0.012,0.1829827857058664,0.0502425198202021,0.13747272215742196,0.1829827857058664,0.05506327646089599,49.998934426229425,49.99893442622954
138300,0.012,0.1829212938123181,0.05024230118259372,0.13743378655657643,0.1829212938123181,0.055057937678315357,49.998934426229425,49.99893442622954
138360,0.012,0.18285986979711755,0.05024208283158363,0.13739489160068805,0.18285986979711755,0.05505260755093375,49.998934426229425,49.99893442622954
138420,0.012,0.18279851355433288,0.050241864766666776,0.13735603722422413,0.18279851355433288,0.05504728606013319,49.998934426229425,49.99893442622954
138480,0.012,0.18273722496203446,0.05024164698733925,0.13731722336179225,0.18273722496203446,0.05504197318735022,49.998934426229425,49.99893442622948
138540,0.012,0.18267600391155878,0.050241429493098476,0.13727844994814242,0.18267600391155878,0.055036668914031285,49.998934426229425,49.99893442622948
138600,0.012,0.1826148502892964,0.05024121228344268,0.13723971691815925,0.1826148502892964,0.05503137322181462,49.998934426229425,49.99893442622948
138660,0.012,0.18255376398140274,0.05024099535787135,0.1372010242068686,0.18255376398140274,0.05502608609224911,49.998934426229425,49.99893442622954
138720,0.012,0.18249274487454925,0.050240778715885163,0.13716237174943574,0.18249274487454925,0.0550208075069717,49.998934426229425,49.99893442622948
138780,0.012,0.18243179285633582,0.05024056235698591,0.1371237594811639,0.18243179285633582,0.05501553744767674,49.998934426229425,49.99893442622948
138840,0.011999999999999999,0.18237090781410292,0.05024034628067966,0.13708518733749483,0.18237090781410292,0.05501027589609716,49.99893442622948,49.99893442622948
138900,0.012,0.18231008963589518,0.05024013048646204,0.1370466552540071,0.18231008963589518,0.05500502283407809,49.998934426229425,49.998934426229425
138960,0.012000000000000002,0.18224933820962488,0.05023991497385086,0.13700816316641773,0.18224933820962488,0.0549997782433784,49.99893442622948,49.99893442622948
139020,0.012,0.18218865342374213,0.050239699742334804,0.13696971101057942,0.18218865342374213,0.054994542105992354,49.998934426229425,49.99893442622948
139080,0.012,0.1821280351666912,0.05023948479143449,0.1369312987224825,0.1821280351666912,0.054989314403760765,49.998934426229425,49.99893442622948
139140,0.012,0.18206748332740985,0.05023927012065612,0.1368929262382528,0.18206748332740985,0.05498409511873017,49.998934426229425,49.99893442622948
139200,0.012,0.18200699779481208,0.050239055729508555,0.13685459349415233,0.18200699779481208,0.054978884232926156,49.998934426229425,49.99893442622954
139260,0.012,0.1819465784583372,0.05023884161750223,0.13681630042657833,0.1819465784583372,0.0549736817284301,49.998934426229425,49.99893442622948
139320,0.012,0.1818862252073772,0.050238627784148775,0.13677804697206342,0.1818862252073772,0.054968487587371995,49.998934426229425,49.99893442622954
139380,0.012,0.18182593793186708,0.05023841422896101,0.13673983306727472,0.18182593793186708,0.05496330179192913,49.998934426229425,49.99893442622948
139440,0.012,0.18176571652167223,0.050238200951452816,0.1367016586490141,0.18176571652167223,0.05495812432432572,49.998934426229425,49.99893442622948
139500,0.012,0.1817055608672208,0.050237987951139186,0.1366635236542171,0.1817055608672208,0.05495295516683263,49.998934426229425,49.99893442622948
139560,0.012,0.18164547085885055,0.05023777522753622,0.13662542801995337,0.18164547085885055,0.05494779430176726,49.998934426229425,49.99893442622948
139620,0.012,0.18158544638747973,0.05023756278016097,0.13658737168342552,0.18158544638747973,0.05494264171149325,49.998934426229425,49.99893442622948
139680,0.012,0.18152548734391574,0.05023735060853169,0.13654935458196965,0.18152548734391574,0.05493749737842064,49.998934426229425,49.99893442622948
139740,0.012,0.1814655936195646,0.05023713871216765,0.13651137665305402,0.1814655936195646,0.054932361285005345,49.998934426229425,49.99893442622948
139800,0.012,0.18140576510570042,0.05023692709058919,0.1364734378342797,0.18140576510570042,0.05492723341374933,49.998934426229425,49.99893442622948
139860,0.012,0.18134600169421525,0.050236715743317735,0.13643553806337924,0.18134600169421525,0.05492211374720013,49.998934426229425,49.99893442622948
139920,0.012,0.18128630327684514,0.050236504669875746,0.1363976772782173,0.18128630327684514,0.054917002267951126,49.998934426229425,49.99893442622954
139980,0.012,0.18122666974596832,0.050236293869786716,0.13635985541678944,0.18122666974596832,0.054911898958640966,49.998934426229425,49.99893442622954
140040,0.012,0.18116710099377875,0.05023608334257522,0.1363220724172225,0.18116710099377875,0.05490680380195376,49.998934426229425,49.99893442622948
140100,0.012,0.18110759691314007,0.050235873087766905,0.1362843282177736,0.18110759691314007,0.05490171678061872,49.998934426229425,49.99893442622948
140160,0.012,0.18104815739779456,0.050235663104888445,0.13624662275683036,0.18104815739779456,0.05489663787741297,49.998934426229425,49.99893442622948
140220,0.012,0.18098878233837182,0.050235453393467536,0.13620895597291025,0.18098878233837182,0.0548915670751528,49.998934426229425,49.99893442622948
140280,0.012,0.1809294716308565,0.05023524395303295,0.13617132780466035,0.1809294716308565,0.05488650435670143,49.998934426229425,49.99893442622954
140340,0.012,0.1808702251659644,0.05023503478311443,0.13613373819085697,0.1808702251659644,0.054881449704967826,49.998934426229425,49.99893442622948
140400,0.012,0.18081104284139585,0.05023482588324285,0.1360961870704053,0.18081104284139585,0.05487640310290532,49.998934426229425,49.99893442622954
140460,0.012,0.18075192454670527,0.05023461725295009,0.13605867438233926,0.18075192454670527,0.05487136453351146,49.998934426229425,49.998934426229425
140520,0.012,0.18069287018077124,0.050234408891768965,0.1360212000658209,0.18069287018077124,0.054866333979827986,49.998934426229425,49.99893442622954
140580,0.012,0.18063387963355432,0.050234200799233436,0.13598376406014023,0.18063387963355432,0.05486131142494078,49.998934426229425,49.99893442622948
140640,0.011999999999999999,0.18057495280420677,0.050233992974881514,0.1359463663047149,0.18057495280420677,0.05485629685196695,49.99893442622948,49.99893442622954
140700,0.012,0.18051608958333906,0.05023378541824101,0.13590900673908946,0.18051608958333906,0.054851290244129595,49.998934426229425,49.99893442622954
140760,0.012000000000000002,0.1804572898704076,0.050233578128861214,0.13587168530293603,0.1804572898704076,0.0548462915845615,49.99893442622948,49.99893442622948
140820,0.012,0.18039855355664056,0.050233371106263025,0.13583440193605253,0.18039855355664056,0.054841300856624864,49.998934426229425,49.99893442622948
140880,0.012,0.18033988054176936,0.05023316434999837,0.13579715657836403,0.18033988054176936,0.054836318043524984,49.998934426229425,49.99893442622954
140940,0.012,0.18028127071764316,0.050232957859605125,0.13575994916992093,0.18028127071764316,0.05483134312866705,49.998934426229425,49.99893442622948
141000,0.012,0.18022272398429637,0.0502327516346236,0.13572277965089935,0.18022272398429637,0.05482637609543176,49.998934426229425,49.99893442622954
141060,0.012,0.1801642402341716,0.0502325456745956,0.13568564796160085,0.1801642402341716,0.054821416927251065,49.998934426229425,49.998934426229425
141120,0.012,0.18010581936760772,0.05023233997906405,0.13564855404245182,0.18010581936760772,0.054816465607601214,49.998934426229425,49.99893442622948
141180,0.012,0.18004746127764207,0.05023213454757298,0.13561149783400342,0.18004746127764207,0.054811522120001545,49.998934426229425,49.99893442622948
141240,0.012,0.17998916586491545,0.05023192937966733,0.13557447927693095,0.17998916586491545,0.054806586448014095,49.998934426229425,49.99893442622948
141300,0.012,0.17993093302305196,0.05023172447489314,0.13553749831203388,0.17993093302305196,0.05480165857524345,49.998934426229425,49.99893442622954
141360,0.012,0.17987276265300084,0.05023151983279736,0.13550055488023535,0.17987276265300084,0.0547967384853365,49.998934426229425,49.99893442622954
141420,0.012,0.17981465464896249,0.050231315452927965,0.1354636489225818,0.17981465464896249,0.05479182616198249,49.998934426229425,49.99893442622948
141480,0.012,0.17975660891219852,0.05023111133483391,0.13542678038024278,0.17975660891219852,0.05478692158891273,49.998934426229425,49.99893442622948
141540,0.012,0.17969862533747713,0.050230907478065086,0.13538994919451044,0.17969862533747713,0.05478202474990053,49.998934426229425,49.99893442622948
141600,0.012,0.17964070382637645,0.050230703882172434,0.13535315530679956,0.17964070382637645,0.0547771356287611,49.998934426229425,49.998934426229425
141660,0.012,0.17958284427306953,0.0502305005467078,0.13531639865864675,0.17958284427306953,0.054772254209349974,49.998934426229425,49.99893442622948
141720,0.012,0.179525046579836,0.05023029747122409,0.13527967919171072,0.179525046579836,0.05476738047556605,49.998934426229425,49.99893442622948
141780,0.012,0.1794673106453573,0.05023009465527505,0.13524299684777136,0.1794673106453573,0.054762514411350625,49.998934426229425,49.998934426229425
141840,0.012,0.17940963636842666,0.0502298920984155,0.13520635156872987,0.17940963636842666,0.05475765600068595,49.998934426229425,49.998934426229425
141900,0.012,0.17935202364861216,0.05022968980020118,0.13516974329660839,0.17935202364861216,0.0547528052275943,49.998934426229425,49.99893442622954
141960,0.012,0.17929447238525004,0.0502294877601888,0.13513317197354935,0.17929447238525004,0.05474796207613899,49.998934426229425,49.99893442622948
142020,0.012,0.17923698247826422,0.05022928597793602,0.13509663754181564,0.17923698247826422,0.05474312653042476,49.998934426229425,49.99893442622954
142080,0.012,0.17917955382768933,0.0502290844530015,0.13506013994378993,0.17917955382768933,0.0547382985745971,49.998934426229425,49.99893442622948
142140,0.012,0.1791221863337166,0.050228883184944756,0.13502367912197458,0.1791221863337166,0.054733478192842445,49.998934426229425,49.99893442622948
142200,0.012,0.17906487989691122,0.05022868217332635,0.13498725501899117,0.17906487989691122,0.05472866536938777,49.998934426229425,49.998934426229425
142260,0.012,0.1790076344178515,0.050228481417707735,0.13495086757758043,0.1790076344178515,0.05472386008850055,49.998934426229425,49.99893442622948
142320,0.012,0.17895044979755767,0.05022828091765135,0.13491451674060162,0.17895044979755767,0.05471906233448867,49.998934426229425,49.99893442622954
142380,0.012,0.17889332593811674,0.05022808067272002,0.13487820245113658,0.17889332593811674,0.05471427209012608,49.998934426229425,49.99893442622948
142440,0.011999999999999999,0.17883626273787634,0.050227880682481886,0.13484192465218514,0.17883626273787634,0.05470948934175375,49.99893442622948,49.99893442622948
142500,0.012,0.17877926010251358,0.05022768094649409,0.13480568328695908,0.17877926010251358,0.05470471407369929,49.998934426229425,49.99893442622948
142560,0.012000000000000002,0.17872231792813748,0.05022748146433472,0.13476947829878821,0.17872231792813748,0.05469994627034749,49.99893442622948,49.99893442622948
142620,0.012,0.1786654361243381,0.05022728223555418,0.1347333096311189,0.1786654361243381,0.05469518591628698,49.998934426229425,49.998934426229425
142680,0.012,0.17860861458621288,0.05022708325973331,0.1346971772275162,0.17860861458621288,0.054690432995979706,49.998934426229425,49.99893442622948
142740,0.012,0.17855185321932607,0.050226884536438726,0.1346610810316601,0.17855185321932607,0.05468568749392376,49.998934426229425,49.99893442622954
142800,0.012,0.17849515192614102,0.05022668606523967,0.1346250209873478,0.17849515192614102,0.05468094939476228,49.998934426229425,49.99893442622948
142860,0.012,0.1784385106093822,0.050226487845706796,0.13458899703849253,0.1784385106093822,0.054676218683142076,49.998934426229425,49.99893442622948
142920,0.012,0.17838192917304846,0.05022628987741178,0.13455300912912366,0.17838192917304846,0.05467149534374418,49.998934426229425,49.99893442622954
142980,0.012,0.178325407518263,0.050226092159927294,0.13451705720338597,0.178325407518263,0.05466677936129343,49.998934426229425,49.99893442622954
143040,0.012,0.17826894555000605,0.050225894692826865,0.13448114120553936,0.17826894555000605,0.05466207072055677,49.998934426229425,49.99893442622948
143100,0.012,0.17821254317015575,0.05022569747568495,0.1344452610799588,0.17821254317015575,0.05465736940634507,49.998934426229425,49.99893442622948
143160,0.012,0.17815620028540144,0.050225500508076955,0.13440941677113374,0.17815620028540144,0.05465267540351029,49.998934426229425,49.99893442622948
143220,0.012,0.17809991679616857,0.05022530378957919,0.13437360822366792,0.17809991679616857,0.054647988696945274,49.998934426229425,49.99893442622948
143280,0.012,0.17804369261068415,0.05022510731976884,0.13433783538227909,0.17804369261068415,0.05464330927158192,49.998934426229425,49.99893442622948
143340,0.012,0.17798752762902112,0.05022491109822402,0.13430209819179872,0.17798752762902112,0.054638637112392786,49.998934426229425,49.99893442622948
143400,0.012,0.1779314217605759,0.050224715124523714,0.13426639659717157,0.1779314217605759,0.054633972204388766,49.998934426229425,49.998934426229425
143460,0.012,0.17787537490514752,0.05022451939824785,0.13423073054345563,0.17787537490514752,0.05462931453262018,49.998934426229425,49.99893442622954
143520,0.012,0.17781938697298338,0.05022432391897722,0.13419509997582155,0.17781938697298338,0.05462466408217561,49.998934426229425,49.99893442622954
143580,0.012,0.17776345786407077,0.05022412868629353,0.1341595048395526,0.17776345786407077,0.05462002083818206,49.998934426229425,49.99893442622948
143640,0.012,0.1777075874891231,0.050223933699779316,0.13412394508004424,0.1777075874891231,0.05461538478580465,49.998934426229425,49.99893442622948
143700,0.012,0.17765177574854413,0.05022373895901808,0.13408842064280393,0.17765177574854413,0.054610755910246445,49.998934426229425,49.99893442622948
143760,0.012,0.17759602255339374,0.05022354446359417,0.13405293147345065,0.17759602255339374,0.05460613419674831,49.998934426229425,49.99893442622948
143820,0.012,0.17754032780455328,0.05022335021309284,0.13401747751771498,0.17754032780455328,0.054601519630588596,49.998934426229425,49.998934426229425
143880,0.012,0.17748469141338627,0.05022315620710022,0.1339820587214383,0.17748469141338627,0.05459691219708341,49.998934426229425,49.99893442622948
143940,0.012,0.1774291132812785,0.050222962445203294,0.13394667503057314,0.1774291132812785,0.05459231188158575,49.998934426229425,49.99893442622948
144000,0.012,0.17737359331987,0.05022276892698996,0.13391132639118225,0.17737359331987,0.054587718669486286,49.998934426229425,49.998934426229425
144060,0.012,0.17731813143107453,0.05022257565204896,0.1338760127494388,0.17731813143107453,0.05458313254621236,49.998934426229425,49.99893442622948
144120,0.012,0.17726272752677935,0.05022238261996991,0.13384073405162591,0.17726272752677935,0.054578553497228524,49.998934426229425,49.99893442622948
144180,0.012,0.17720738150945195,0.050222189830343336,0.13380549024413638,0.17720738150945195,0.05457398150803596,49.998934426229425,49.998934426229425
144240,0.011999999999999999,0.1771520932911982,0.05022199728276354,0.1337702812734725,0.1771520932911982,0.05456941656416028,49.99893442622948,49.99893442622948
144300,0.012,0.17709686277506026,0.050221804976815006,0.13373510708624534,0.17709686277506026,0.05456485865122447,49.998934426229425,49.99893442622954
144360,0.012000000000000002,0.17704168987334304,0.050221612912102545,0.13369996762917552,0.17704168987334304,0.054560307754756746,49.99893442622948,49.998934426229425
144420,0.012,0.17698657448967367,0.050221421088203815,0.13366486284909138,0.17698657448967367,0.054555763860504126,49.998934426229425,49.99893442622948
144480,0.012,0.17693151652941644,0.050221229504858536,0.1336297926705655,0.17693151652941644,0.05455121694863653,49.998934426229425,49.99893442622948
144540,0.012,0.1768765159081834,0.05022103816132172,0.1335947571045505,0.1768765159081834,0.05454668126901935,49.998934426229425,49.99893442622948
144600,0.012,0.17682157253670538,0.05022084705732198,0.13355975607651258,0.17682157253670538,0.054542155582065585,49.998934426229425,49.99893442622948
144660,0.012,0.1767666863174917,0.0502206561925079,0.13352478952273522,0.1767666863174917,0.05453763836866553,49.998934426229425,49.99893442622954
144720,0.012,0.17671185716431778,0.05022046556649835,0.13348985738523067,0.17671185716431778,0.05453312882832092,49.998934426229425,49.99893442622948
144780,0.012,0.17665708498113228,0.05022027517890082,0.13345495960882217,0.17665708498113228,0.05452862657029731,49.998934426229425,49.998934426229425
144840,0.012,0.17660236968243348,0.05022008502931854,0.133420096139757,0.17660236968243348,0.05452413139776501,49.998934426229425,49.99893442622948
144900,0.012,0.17654771117246548,0.050219895117353246,0.133385266925053,0.17654771117246548,0.05451964320488006,49.998934426229425,49.99893442622948
144960,0.012,0.17649310936413484,0.05021970544260617,0.13335047191218155,0.17649310936413484,0.054515161929891164,49.998934426229425,49.998934426229425
145020,0.012,0.1764385641692565,0.050219516004679714,0.1333157110489048,0.1764385641692565,0.054510687533350956,49.998934426229425,49.99893442622948
145080,0.012,0.1763840754926849,0.050219326803176215,0.13328098428319335,0.1763840754926849,0.05450621998745288,49.998934426229425,49.99893442622954
145140,0.012,0.17632964324805162,0.05021913783769901,0.13324629156317727,0.17632964324805162,0.054501759270812807,49.998934426229425,49.99893442622948
145200,0.012,0.17627526734528876,0.05021894910785246,0.13321163283712184,0.17627526734528876,0.0544973053655697,49.998934426229425,49.99893442622948
145260,0.012,0.17622094769522925,0.050218760613241716,0.13317700805341234,0.17622094769522925,0.054492858255900195,49.998934426229425,49.99893442622948
145320,0.012,0.17616668420858933,0.05021857235347264,0.1331424171605447,0.17616668420858933,0.05448841792716599,49.998934426229425,49.99893442622948
145380,0.012,0.17611247679643785,0.05021838432815212,0.13310786010712108,0.17611247679643785,0.05448398436541843,49.998934426229425,49.998934426229425
145440,0.012,0.1760583253699199,0.050218196536887826,0.1330733368418465,0.1760583253699199,0.05447955755711507,49.998934426229425,49.99893442622948
145500,0.012,0.17600422984059624,0.05021800897928831,0.13303884731352705,0.17600422984059624,0.05447513748895142,49.998934426229425,49.99893442622948
145560,0.012,0.17595019011739074,0.0502178216549632,0.1330043914710688,0.17595019011739074,0.05447072414776559,49.998934426229425,49.99893442622948
145620,0.012,0.17589620611437903,0.050217634563522615,0.13296996926347782,0.17589620611437903,0.05446631752044819,49.998934426229425,49.99893442622948
145680,0.012,0.17584227774769823,0.05021744770457777,0.13293558063985794,0.17584227774769823,0.0544619175939605,49.998934426229425,49.99893442622954
145740,0.012,0.17578840492100506,0.05021726107774063,0.13290122554941367,0.17578840492100506,0.05445752435526166,49.998934426229425,49.99893442622954
145800,0.012,0.17573458755736202,0.050217074682624055,0.13286690394144718,0.17573458755736202,0.05445313779133307,49.998934426229425,49.99893442622954
145860,0.012,0.17568082555792983,0.050216888518841776,0.13283261576535962,0.17568082555792983,0.054448757889152696,49.998934426229425,49.99893442622948
145920,0.012,0.17562711884602358,0.05021670258600828,0.13279836097065081,0.17562711884602358,0.05444438463570021,49.998934426229425,49.99893442622948
145980,0.012,0.17557346732380982,0.050216516883738904,0.13276413950691984,0.17557346732380982,0.05444001801794992,49.998934426229425,49.99893442622948
146040,0.011999999999999999,0.17551987091546184,0.050216331411652736,0.1327299513238642,0.17551987091546184,0.05443565802286943,49.99893442622948,49.99893442622948
146100,0.012,0.17546632952296556,0.05021614616935917,0.13269579637127976,0.17546632952296556,0.0544313046374882,49.998934426229425,49.99893442622948
146160,0.012000000000000002,0.17541284307077842,0.050215961156487486,0.1326616745990615,0.17541284307077842,0.05442695784871071,49.99893442622948,49.99893442622948
146220,0.012,0.17535941146196385,0.05021577637264045,0.13262758595720253,0.17535941146196385,0.054422617643625805,49.998934426229425,49.99893442622948
146280,0.012,0.1753060346205839,0.050215591817449515,0.13259353039579508,0.1753060346205839,0.05441828400913764,49.998934426229425,49.99893442622948
146340,0.012,0.1752527124502579,0.05021540749053289,0.13255950786502926,0.1752527124502579,0.05441395693231248,49.998934426229425,49.99893442622954
146400,0.012,0.17519944487542763,0.05021522339151098,0.13252551831519355,0.17519944487542763,0.05440963640016522,49.998934426229425,49.99893442622948
146460,0.012,0.17514623180055172,0.050215039520005424,0.1324915616966748,0.17514623180055172,0.05440532239972962,49.998934426229425,49.99893442622954
146520,0.012,0.17509307314966394,0.05021485587563881,0.13245763795995785,0.17509307314966394,0.054401014918058675,49.998934426229425,49.99893442622948
146580,0.012,0.17503996882792366,0.05021467245803453,0.13242374705562537,0.17503996882792366,0.05439671394222162,49.998934426229425,49.99893442622948
146640,0.012,0.17498691875968064,0.05021448926681681,0.13238988893435788,0.17498691875968064,0.05439241945930773,49.998934426229425,49.99893442622948
146700,0.012,0.17493392285077555,0.05021430630161069,0.1323560635469336,0.17493392285077555,0.054388131456423634,49.998934426229425,49.998934426229425
146760,0.012,0.17488098102532654,0.050214123562041926,0.1323222708442281,0.17488098102532654,0.054383849920698495,49.998934426229425,49.99893442622948
146820,0.012,0.17482809318988818,0.05021394104773704,0.13228851077721437,0.17482809318988818,0.054379574839281616,49.998934426229425,49.99893442622948
146880,0.012,0.17477525926879872,0.05021375875832348,0.13225478329696239,0.17477525926879872,0.05437530619934642,49.998934426229425,49.998934426229425
146940,0.012,0.17472247916921954,0.050213576693429254,0.13222108835463925,0.17472247916921954,0.054371043988087675,49.998934426229425,49.998934426229425
147000,0.012,0.1746697528154139,0.0502133948526834,0.13218742590150864,0.1746697528154139,0.05436678819272549,49.998934426229425,49.99893442622948
147060,0.012,0.17461708011522425,0.05021321323571552,0.13215379588893092,0.17461708011522425,0.05436253880050333,49.998934426229425,49.99893442622948
147120,0.012,0.17456446099306383,0.05021303184215608,0.13212019826836285,0.17456446099306383,0.054358295798690726,49.998934426229425,49.998934426229425
147180,0.012,0.17451189535735376,0.05021285067163632,0.1320866329913574,0.17451189535735376,0.05435405917458168,49.998934426229425,49.99893442622948
147240,0.012,0.17445938313253528,0.05021266972378819,0.1320531000095634,0.17445938313253528,0.05434982891549695,49.998934426229425,49.99893442622948
147300,0.012,0.17440692422766602,0.05021248899824444,0.13201959927472565,0.17440692422766602,0.054345605008782744,49.998934426229425,49.99893442622948
147360,0.012,0.17435451856730216,0.05021230849463864,0.1319861307386844,0.17435451856730216,0.05434138744181266,49.998934426229425,49.99893442622954
147420,0.012,0.1743021660620386,0.05021212821260492,0.13195269435337548,0.1743021660620386,0.05433717620198958,49.998934426229425,49.99893442622948
147480,0.012,0.1742498666323718,0.05021194815177821,0.13191929007082942,0.1742498666323718,0.05433297127674052,49.998934426229425,49.99893442622948
147540,0.012,0.17419762019531693,0.050211768311794525,0.13188591784317225,0.17419762019531693,0.05432877265351603,49.998934426229425,49.99893442622954
147600,0.012,0.17414542666865168,0.05021158869229043,0.13185257762262473,0.17414542666865168,0.054324580319797526,49.998934426229425,49.99893442622948
147660,0.012,0.17409328597003226,0.0502114092929032,0.13181926936150196,0.17409328597003226,0.054320394263096164,49.998934426229425,49.99893442622948
147720,0.012,0.17404119801746887,0.050211230113270965,0.1317859930122134,0.17404119801746887,0.05431621447095117,49.998934426229425,49.99893442622954
147780,0.012,0.17398916272901424,0.05021105115303244,0.1317527485272628,0.17398916272901424,0.05431204093092645,49.998934426229425,49.99893442622948
147840,0.011999999999999999,0.1739371800229704,0.05021087241182997,0.13171953585924756,0.1739371800229704,0.05430787363060622,49.99893442622948,49.99893442622948
147900,0.012,0.1738852498185663,0.05021069388930156,0.13168635496072315,0.1738852498185663,0.054303712558915564,49.998934426229425,49.99893442622948
147960,0.012000000000000002,0.17383337203183583,0.05021051558509334,0.1316532057846063,0.17383337203183583,0.054299557701535266,49.99893442622948,49.99893442622948
148020,0.012,0.17378154658640488,0.05021033749883167,0.1316200882837771,0.17378154658640488,0.054295409046520894,49.998934426229425,49.99893442622948
148080,0.012,0.1737297733931377,0.050210159630170954,0.1315870024112084,0.1737297733931377,0.05429126658166375,49.998934426229425,49.99893442622954
148140,0.012,0.17367805238208453,0.05020998197875262,0.13155394811996446,0.17367805238208453,0.0542871302948382,49.998934426229425,49.99893442622948
148200,0.012,0.17362638346205028,0.05020980454422014,0.13152092536320223,0.17362638346205028,0.05428300017383201,49.998934426229425,49.99893442622948
148260,0.012,0.17357476656171114,0.05020962732621814,0.1314879340941709,0.17357476656171114,0.05427887620645037,49.998934426229425,49.99893442622954
148320,0.012,0.17352320159100265,0.050209450324392085,0.13145497426621186,0.17352320159100265,0.05427475838051994,49.998934426229425,49.99893442622948
148380,0.012,0.1734716884801933,0.050209273538388166,0.13142204583275846,0.1734716884801933,0.05427064668389661,49.998934426229425,49.99893442622954
148440,0.012,0.17342022713892666,0.05020909696785332,0.13138914874733576,0.17342022713892666,0.05426654110446314,49.998934426229425,49.99893442622948
148500,0.012,0.1733688174971642,0.05020892061243522,0.13135628296356036,0.1733688174971642,0.05426244163013071,49.998934426229425,49.99893442622948
148560,0.012,0.17331745946542143,0.050208744471782245,0.13132344843514013,0.17331745946542143,0.05425834824883839,49.998934426229425,49.99893442622948
148620,0.012,0.17326615297394551,0.05020856854554351,0.13129064511587404,0.17326615297394551,0.05425426094855458,49.998934426229425,49.99893442622948
148680,0.012,0.17321489793370148,0.05020839283336881,0.131257872959652,0.17321489793370148,0.05425017971727496,49.998934426229425,49.99893442622954
148740,0.012,0.17316369427486208,0.05020821733490864,0.13122513192045446,0.17316369427486208,0.054246104543023636,49.998934426229425,49.99893442622948
148800,0.012,0.17311254190908884,0.05020804204981428,0.13119242195235245,0.17311254190908884,0.05424203541385241,49.998934426229425,49.99893442622948
148860,0.012,0.17306144076663835,0.050207866977737665,0.1311597430095072,0.17306144076663835,0.05423797231784152,49.998934426229425,49.99893442622948
148920,0.012,0.1730103907597449,0.05020769211833145,0.13112709504616987,0.1730103907597449,0.05423391524309887,49.998934426229425,49.99893442622948
148980,0.012,0.1729593918186653,0.05020751747124901,0.13109447801668161,0.1729593918186653,0.05422986417776039,49.998934426229425,49.99893442622948
149040,0.012,0.17290844385626133,0.05020734303614441,0.13106189187547304,0.17290844385626133,0.05422581910999016,49.998934426229425,49.99893442622948
149100,0.012,0.17285754680284535,0.05020716881267243,0.13102933657706425,0.17285754680284535,0.05422178002798004,49.998934426229425,49.99893442622948
149160,0.012,0.17280670057185998,0.050206994800488604,0.13099681207606445,0.17280670057185998,0.05421774691995,49.998934426229425,49.99893442622948
149220,0.012,0.17275590509365632,0.05020682099924912,0.13096431832717184,0.17275590509365632,0.05421371977414791,49.998934426229425,49.99893442622948
149280,0.012,0.17270516028226415,0.05020664740861084,0.13093185528517343,0.17270516028226415,0.05420969857884955,49.998934426229425,49.99893442622948
149340,0.012,0.1726544660680964,0.05020647402823139,0.1308994229049447,0.1726544660680964,0.054205683322358644,49.998934426229425,49.99893442622948
149400,0.012,0.17260382236574812,0.05020630085776907,0.13086702114144944,0.17260382236574812,0.05420167399300691,49.998934426229425,49.99893442622954
149460,0.012,0.17255322910569473,0.0502061278968828,0.13083464994973976,0.17255322910569473,0.054197670579153534,49.998934426229425,49.998934426229425
149520,0.012,0.17250268620309112,0.05020595514523233,0.13080230928495545,0.17250268620309112,0.054193673069186064,49.998934426229425,49.99893442622948
149580,0.012,0.17245219358848624,0.05020578260247803,0.13076999910232417,0.17245219358848624,0.05418968145151914,49.998934426229425,49.99893442622948
149640,0.011999999999999999,0.1724017511742112,0.05020561026828372,0.13073771935716094,0.1724017511742112,0.05418569571459645,49.99893442622948,49.99893442622948
149700,0.012,0.17235135889355876,0.05020543814230393,0.1307054700048675,0.17235135889355876,0.054181715846918596,49.998934426229425,49.99893442622948
149760,0.012000000000000002,0.17230101666776154,0.05020526622421207,0.13067325100093471,0.17230101666776154,0.05417774183689602,49.99893442622948,49.99893442622948
149820,0.012,0.17225072442045739,0.050205094513656116,0.1306410623009371,0.17225072442045739,0.054173773673172186,49.998934426229425,49.99893442622948
149880,0.012,0.17220048207465113,0.050204923010311306,0.13060890386053994,0.17220048207465113,0.054169811344180155,49.998934426229425,49.99893442622948
149940,0.012,0.1721502895547153,0.05020475171384029,0.13057677563549075,0.1721502895547153,0.054165854838582835,49.998934426229425,49.99893442622954
150000,0.012,0.17210014678425797,0.050204580623907605,0.13054467758162686,0.17210014678425797,0.05416190414495318,49.998934426229425,49.99893442622948
150060,0.012,0.17205005368770462,0.050204409740178965,0.13051260965486838,0.17205005368770462,0.05415795925195098,49.998934426229425,49.99893442622948
150120,0.012,0.17200001018924152,0.05020423906232087,0.1304805718112245,0.17200001018924152,0.05415402014821166,49.998934426229425,49.99893442622948
150180,0.012,0.17195001621348627,0.05020406859000049,0.1304485640067868,0.17195001621348627,0.05415008682245045,49.998934426229425,49.99893442622954
150240,0.012,0.17190007168516924,0.05020389832288573,0.1304165861977356,0.17190007168516924,0.05414615926335779,49.998934426229425,49.99893442622954
150300,0.012,0.17185017652893675,0.05020372826064515,0.13038463834033315,0.17185017652893675,0.05414223745970286,49.998934426229425,49.99893442622948
150360,0.012,0.17180033066993175,0.050203558402948,0.1303527203909299,0.17180033066993175,0.054138321400231615,49.998934426229425,49.99893442622954
150420,0.012,0.17175053403523013,0.050203388749464305,0.13032083230595853,0.17175053403523013,0.05413441107376605,49.998934426229425,49.99893442622948
150480,0.012,0.17170078654453813,0.05020321929986434,0.1302889740419379,0.17170078654453813,0.05413050646911373,49.998934426229425,49.99893442622954
150540,0.012,0.17165108813070598,0.050203050053819524,0.13025714555547036,0.17165108813070598,0.05412660757513086,49.998934426229425,49.99893442622948
150600,0.012,0.1716014387100321,0.050202881011001746,0.1302253468032429,0.1716014387100321,0.054122714380694506,49.998934426229425,49.99893442622954
150660,0.012,0.17155183821964498,0.05020271217108365,0.13019357774202667,0.17155183821964498,0.054118826874707995,49.998934426229425,49.99893442622948
150720,0.012,0.17150228657366462,0.05020254353373843,0.13016183832867637,0.17150228657366462,0.05411494504610287,49.998934426229425,49.99893442622948
150780,0.012,0.17145278370979097,0.05020237509864003,0.13013012852013037,0.17145278370979097,0.05411106888383822,49.998934426229425,49.99893442622948
150840,0.012,0.17140332954236914,0.05020220686546299,0.13009844827341036,0.17140332954236914,0.054107198376897876,49.998934426229425,49.99893442622954
150900,0.012,0.1713539240094119,0.05020203883388254,0.1300667975456214,0.1713539240094119,0.05410333351429202,49.998934426229425,49.99893442622948
150960,0.012,0.17130456702609193,0.05020187100357451,0.1300351762939515,0.17130456702609193,0.054099474285056896,49.998934426229425,49.99893442622948
151020,0.012,0.17125525853017426,0.05020170337421543,0.13000358447567142,0.17125525853017426,0.0540956206782557,49.998934426229425,49.998934426229425
151080,0.012,0.17120599843730883,0.05020153594548249,0.12997202204813466,0.17120599843730883,0.05409177268297762,49.998934426229425,49.99893442622954
151140,0.012,0.1711567866853438,0.050201368717053496,0.12994048896877705,0.1711567866853438,0.05408793028833787,49.998934426229425,49.99893442622954
151200,0.012,0.17110762319069392,0.050201201688606895,0.12990898519511657,0.17110762319069392,0.054084093483477445,49.998934426229425,49.99893442622948
151260,0.012,0.17105850789101418,0.05020103485982185,0.12987751068475348,0.17105850789101418,0.05408026225756329,49.998934426229425,49.99893442622948
151320,0.012,0.17100944070329896,0.05020086823037813,0.12984606539536958,0.17100944070329896,0.05407643659978873,49.998934426229425,49.99893442622948
151380,0.012,0.17096042156528088,0.05020070179995615,0.12981464928472847,0.17096042156528088,0.05407261649937237,49.998934426229425,49.99893442622954
151440,0.011999999999999999,0.17091145039456718,0.050200535568239606,0.12978326231067527,0.17091145039456718,0.05406880194554692,49.99893442622948,49.99893442622948
151500,0.012,0.1708625271287773,0.05020036953490316,0.1297519044311359,0.1708625271287773,0.05406499292762898,49.998934426229425,49.99893442622954
151560,0.012000000000000002,0.1708136516861363,0.05020020369963984,0.12972057560411812,0.1708136516861363,0.054061189434834886,49.99893442622948,49.998934426229425
151620,0.012,0.1707648240043115,0.05020003806211779,0.12968927578770958,0.1707648240043115,0.05405739145658226,49.998934426229425,49.99893442622948
151680,0.012,0.17071604400207216,0.05019987262203184,0.12965800494007954,0.17071604400207216,0.05405359898212429,49.998934426229425,49.99893442622954
151740,0.012,0.170667311617054,0.05019970737906439,0.12962676301947715,0.170667311617054,0.05404981200088625,49.998934426229425,49.99893442622948
151800,0.012,0.17061862676862283,0.05019954233289968,0.12959554998423203,0.17061862676862283,0.05404603050225757,49.998934426229425,49.99893442622948
151860,0.012,0.17056998939444065,0.05019937748322308,0.12956436579275388,0.17056998939444065,0.054042254475658504,49.998934426229425,49.99893442622948
151920,0.012,0.17052139941439684,0.05019921282972068,0.12953321040353225,0.17052139941439684,0.054038483910537664,49.998934426229425,49.99893442622948
151980,0.012,0.17047285676617316,0.05019904837207922,0.1295020837751365,0.17047285676617316,0.054034718796367016,49.998934426229425,49.99893442622948
152040,0.012,0.17042436137021855,0.0501988841099861,0.1294709858662154,0.17042436137021855,0.05403095912264582,49.998934426229425,49.998934426229425
152100,0.012,0.17037591316423648,0.05019872004312935,0.1294399166354972,0.17037591316423648,0.054027204878896035,49.998934426229425,49.99893442622948
152160,0.012,0.17032751206919752,0.05019855617119762,0.12940887604178913,0.17032751206919752,0.054023456054667,49.998934426229425,49.99893442622954
152220,0.012,0.17027915802284577,0.05019839249388016,0.1293778640439776,0.17027915802284577,0.054019712639530294,49.998934426229425,49.99893442622954
152280,0.012,0.17023085094667897,0.05019822901086686,0.12934688060102756,0.17023085094667897,0.05401597462308495,49.998934426229425,49.99893442622948
152340,0.012,0.17018259077847325,0.05019806572184828,0.1293159256719827,0.17018259077847325,0.05401224199495207,49.998934426229425,49.998934426229425
152400,0.012,0.1701343774402428,0.05019790262651551,0.129284999215965,0.1701343774402428,0.054008514744779995,49.998934426229425,49.99893442622948
152460,0.012,0.17008621086981182,0.05019773972456031,0.12925410119217484,0.17008621086981182,0.054004792862238984,49.998934426229425,49.998934426229425
152520,0.012,0.17003809098969852,0.05019757701567505,0.12922323155989038,0.17003809098969852,0.05400107633702665,49.998934426229425,49.99893442622948
152580,0.012,0.16999001773777572,0.05019741449955267,0.12919239027846788,0.16999001773777572,0.053997365158862054,49.998934426229425,49.99893442622948
152640,0.012,0.16994199103811103,0.050197252175887094,0.12916157730734118,0.16994199103811103,0.053993659317495196,49.998934426229425,49.99893442622948
152700,0.012,0.16989401082419528,0.05019709004437185,0.12913079260602114,0.16989401082419528,0.053989958802687366,49.998934426229425,49.99893442622954
152760,0.012,0.16984607702596322,0.05019692810470239,0.12910003613409696,0.16984607702596322,0.05398626360423738,49.998934426229425,49.99893442622954
152820,0.012,0.16979818957611387,0.05019676635657378,0.129069307851234,0.16979818957611387,0.053982573711960746,49.998934426229425,49.99893442622954
152880,0.012,0.16975034840408565,0.0501966047996821,0.12903860771717476,0.16975034840408565,0.0539788891157006,49.998934426229425,49.99893442622948
152940,0.012,0.1697025534416082,0.050196443433723946,0.12900793569173885,0.1697025534416082,0.05397520980531969,49.998934426229425,49.99893442622948
153000,0.012,0.16965480461939356,0.05019628225839658,0.12897729173482192,0.16965480461939356,0.05397153577071164,49.998934426229425,49.99893442622948
153060,0.012,0.16960710186928374,0.05019612127339788,0.12894667580639654,0.16960710186928374,0.05396786700178708,49.998934426229425,49.99893442622948
153120,0.012,0.1695594451225416,0.050195960478426255,0.1289160878665111,0.1695594451225416,0.053964203488485296,49.998934426229425,49.998934426229425
153180,0.012,0.16951183431144481,0.05019579987317926,0.1288855278751448,0.16951183431144481,0.05396054522218652,49.998934426229425,49.99893442622948
153240,0.011999999999999999,0.1694642693658489,0.050195639457360386,0.1288549957926387,0.1694642693658489,0.05395689219074717,49.99893442622948,49.99893442622948
153300,0.012,0.1694167502215673,0.05019547923066305,0.12882449157927134,0.1694167502215673,0.05395324438452344,49.998934426229425,49.99893442622954
153360,0.012000000000000002,0.16936927680436425,0.050195319192798675,0.12879401519539632,0.16936927680436425,0.053949601793666396,49.99893442622948,49.99893442622948
153420,0.012,0.16932184905579878,0.050195159343454206,0.1287635666014408,0.16932184905579878,0.0539459644084213,49.998934426229425,49.99893442622954
153480,0.012,0.16927446689776457,0.050194999682342645,0.12873314575790754,0.16927446689776457,0.05394233221881279,49.998934426229425,49.99893442622948
153540,0.012,0.16922713027243044,0.05019484020916484,0.12870275262537367,0.16922713027243044,0.05393870521501346,49.998934426229425,49.99893442622948
153600,0.012,0.16917983910333045,0.050194680923623385,0.12867238716449128,0.16917983910333045,0.05393508338714845,49.998934426229425,49.99893442622948
153660,0.012,0.1691325933322767,0.05019452182542192,0.12864204933598705,0.1691325933322767,0.05393146672537057,49.998934426229425,49.99893442622948
153720,0.012,0.1690853928827077,0.05019436291426476,0.12861173910066193,0.1690853928827077,0.053927855219857775,49.998934426229425,49.99893442622948
153780,0.012,0.1690382376972457,0.0501942041898568,0.1285814564193911,0.1690382376972457,0.05392424886081064,49.998934426229425,49.99893442622954
153840,0.012,0.16899112769996094,0.05019404565190363,0.12855120125312386,0.16899112769996094,0.053920647638452036,49.998934426229425,49.99893442622948
153900,0.012,0.1689440628325813,0.05019388730011133,0.12852097356288342,0.1689440628325813,0.053917051543027596,49.998934426229425,49.99893442622954
153960,0.012,0.16889704302004455,0.05019372913418661,0.12849077330976666,0.16889704302004455,0.053913460564805935,49.998934426229425,49.99893442622948
154020,0.012,0.16885006819597584,0.050193571153836665,0.12846060045494365,0.16885006819597584,0.05390987469409327,49.998934426229425,49.99893442622948
154080,0.012,0.16880313830254243,0.05019341335876941,0.1284304549596582,0.16880313830254243,0.05390629392117982,49.998934426229425,49.99893442622948
154140,0.012,0.16875625327051827,0.05019325574869335,0.12840033678522778,0.16875625327051827,0.053902718236403274,49.998934426229425,49.99893442622948
154200,0.012,0.16870941303661197,0.05019309832331772,0.1283702458930419,0.16870941303661197,0.05389914763012895,49.998934426229425,49.99893442622948
154260,0.012,0.16866261752666717,0.05019294108235162,0.1283401822445646,0.16866261752666717,0.05389558209272656,49.998934426229425,49.99893442622948
154320,0.012,0.1686158666778542,0.05019278402550558,0.1283101458013307,0.1686158666778542,0.0538920216146092,49.998934426229425,49.99893442622948
154380,0.012,0.168569160430174,0.0501926271524902,0.12828013652494835,0.168569160430174,0.05388846618619991,49.998934426229425,49.998934426229425
154440,0.012,0.1685224987076592,0.05019247046301665,0.1282501543770977,0.1685224987076592,0.05388491579794705,49.998934426229425,49.99893442622954
154500,0.012,0.16847588145814826,0.05019231395679686,0.12822019931953202,0.16847588145814826,0.05388137044031306,49.998934426229425,49.99893442622948
154560,0.012,0.16842930860125702,0.05019215763354324,0.128190271314076,0.16842930860125702,0.0538778301037904,49.998934426229425,49.99893442622948
154620,0.012,0.16838278008644694,0.050192001492968825,0.12816037032262592,0.16838278008644694,0.053874294778895514,49.998934426229425,49.99893442622948
154680,0.012,0.1683362958359816,0.050191845534787144,0.12813049630714995,0.1683362958359816,0.05387076445616358,49.998934426229425,49.99893442622948
154740,0.012,0.1682898557964,0.050191689758712354,0.12810064922968814,0.1682898557964,0.053867239126149276,49.998934426229425,49.99893442622948
154800,0.012,0.1682434598908683,0.05019153416445915,0.1280708290523518,0.1682434598908683,0.053863718779430574,49.998934426229425,49.99893442622948
154860,0.012,0.1681971080671603,0.05019137875174279,0.12804103573732292,0.1681971080671603,0.0538602034066125,49.998934426229425,49.998934426229425
154920,0.012,0.16815080024908477,0.050191223520279056,0.12801126924685505,0.16815080024908477,0.05385669299831602,49.998934426229425,49.99893442622954
154980,0.012,0.16810453638322154,0.05019106846978437,0.12798152954327244,0.16810453638322154,0.05385318754518638,49.998934426229425,49.99893442622948
155040,0.011999999999999999,0.1680583163941419,0.05019091359997819,0.1279518165889701,0.1680583163941419,0.05384968703787837,49.99893442622948,49.99893442622948
155100,0.012,0.16801214022878092,0.050190758910571245,0.12792213034641312,0.16801214022878092,0.05384619146712698,49.998934426229425,49.99893442622954
155160,0.012000000000000002,0.16796600781238757,0.05019060440129179,0.1278924707781379,0.16796600781238757,0.05384270082356278,49.99893442622948,49.99893442622948
155220,0.012,0.16791991909149137,0.050190450071844264,0.12786283784674995,0.16791991909149137,0.05383921509801325,49.998934426229425,49.99893442622954
155280,0.012,0.16787387399180345,0.05019029592195855,0.12783323151492576,0.16787387399180345,0.053835734281138976,49.998934426229425,49.99893442622948
155340,0.012,0.16782787246004582,0.050190141951352504,0.1278036517454112,0.16782787246004582,0.0538322583637677,49.998934426229425,49.99893442622948
155400,0.012,0.16778191442251061,0.05018998815974581,0.12777409850102198,0.16778191442251061,0.05382878733668649,49.998934426229425,49.99893442622948
155460,0.012,0.16773599982577372,0.05018983454685911,0.12774457174464338,0.16773599982577372,0.05382532119071179,49.998934426229425,49.99893442622954
155520,0.012,0.16769012859656113,0.05018968111241366,0.12771507143923005,0.16769012859656113,0.05382185991668223,49.998934426229425,49.99893442622954
155580,0.012,0.16764430068152927,0.05018952785613136,0.12768559754780584,0.16764430068152927,0.05381840350545816,49.998934426229425,49.99893442622948
155640,0.012,0.1675985160079306,0.0501893747777346,0.12765615003346378,0.1675985160079306,0.05381495194792085,49.998934426229425,49.99893442622948
155700,0.012,0.16755277452240339,0.050189221876946334,0.12762672885936577,0.16755277452240339,0.053811505234973224,49.998934426229425,49.998934426229425
155760,0.012,0.16750707615262725,0.05018906915349012,0.1275973339887424,0.16750707615262725,0.05380806335753914,49.998934426229425,49.99893442622948
155820,0.012,0.16746142084527402,0.050188916607089955,0.12756796538489296,0.16746142084527402,0.0538046263065635,49.998934426229425,49.998934426229425
155880,0.012,0.16741580852851004,0.05018876423747044,0.1275386230111851,0.16741580852851004,0.05380119407301216,49.998934426229425,49.99893442622954
155940,0.012,0.16737023914904273,0.05018861204435671,0.12750930683105482,0.16737023914904273,0.05379776664787202,49.998934426229425,49.99893442622948
156000,0.012,0.1673247126354607,0.050188460027474374,0.1274800168080062,0.1673247126354607,0.05379434402215094,49.998934426229425,49.99893442622948
156060,0.012,0.1672792289345018,0.05018830818654969,0.12745075290561128,0.1672792289345018,0.05379092618687734,49.998934426229425,49.998934426229425
156120,0.012,0.1672337879752101,0.050188156521309334,0.1274215150875099,0.1672337879752101,0.0537875131331008,49.998934426229425,49.99893442622954
156180,0.012,0.1671883897043781,0.05018800503148064,0.12739230331740964,0.1671883897043781,0.05378410485189115,49.998934426229425,49.99893442622948
156240,0.012,0.1671430340514662,0.050187853716791284,0.12736311755908547,0.1671430340514662,0.05378070133433952,49.998934426229425,49.998934426229425
156300,0.012,0.1670977209633075,0.05018770257696967,0.12733395777637976,0.1670977209633075,0.05377730257155677,49.998934426229425,49.99893442622948
156360,0.012,0.16705245036979566,0.05018755161174465,0.127304823933202,0.16705245036979566,0.053773908554675384,49.998934426229425,49.998934426229425
156420,0.012,0.16700722221782532,0.0501874008208456,0.12727571599352885,0.16700722221782532,0.05377051927484719,49.998934426229425,49.99893442622954
156480,0.012,0.16696203643769988,0.05018725020400234,0.12724663392140362,0.16696203643769988,0.05376713472324561,49.998934426229425,49.99893442622954
156540,0.012,0.16691689297636447,0.05018709976094541,0.12721757768093658,0.16691689297636447,0.05376375489106327,49.998934426229425,49.99893442622948
156600,0.012,0.16687179176454014,0.05018694949140569,0.12718854723630443,0.16687179176454014,0.053760379769514324,49.998934426229425,49.99893442622948
156660,0.012,0.16682673274653378,0.05018679939511476,0.12715954255175052,0.16682673274653378,0.05375700934982921,49.998934426229425,49.99893442622954
156720,0.012,0.16678171586075177,0.05018664947180463,0.12713056359158384,0.16678171586075177,0.05375364362326833,49.998934426229425,49.99893442622948
156780,0.012,0.16673674104618347,0.050186499721207735,0.12710161032018033,0.16673674104618347,0.053750282581100525,49.998934426229425,49.99893442622948
156840,0.011999999999999999,0.1666918082413935,0.05018635014305956,0.12707268270198133,0.1666918082413935,0.05374692621461191,49.99893442622948,49.99893442622954
156900,0.012,0.16664691738641557,0.050186200737087086,0.1270437807014939,0.16664691738641557,0.053743574515160514,49.998934426229425,49.99893442622948
156960,0.012000000000000002,0.16660206842018346,0.05018605150303435,0.12701490428329126,0.16660206842018346,0.05374022747400447,49.99893442622948,49.99893442622948
157020,0.012,0.1665572612829861,0.050185902440622085,0.12698605341201166,0.1665572612829861,0.05373688508258987,49.998934426229425,49.99893442622948
157080,0.012,0.16651249591405404,0.050185753549595875,0.12695722805235893,0.16651249591405404,0.053733547332202175,49.998934426229425,49.99893442622948
157140,0.012,0.16646777225374823,0.05018560482968965,0.1269284281691023,0.16646777225374823,0.05373021421428416,49.998934426229425,49.99893442622948
157200,0.012,0.1664230902417192,0.050185456280638904,0.12689965372707554,0.1664230902417192,0.053726885720243985,49.998934426229425,49.99893442622948
157260,0.012,0.1663784498183866,0.050185307902180155,0.12687090469117787,0.1663784498183866,0.05372356184151102,49.998934426229425,49.99893442622948
157320,0.012,0.16633385092371666,0.0501851596940505,0.1268421810263728,0.16633385092371666,0.05372024256954048,49.998934426229425,49.99893442622954
157380,0.012,0.16628929349831487,0.050185011655987544,0.12681348269768886,0.16628929349831487,0.05371692789580274,49.998934426229425,49.99893442622948
157440,0.012,0.16624477748240443,0.050184863787729475,0.12678480967021866,0.16624477748240443,0.05371361781179251,49.998934426229425,49.99893442622948
157500,0.012,0.16620030281679155,0.050184716089014925,0.1267561619091195,0.16620030281679155,0.05371031230901923,49.998934426229425,49.99893442622948
157560,0.012,0.1661558694419552,0.0501845685595831,0.12672753937961245,0.1661558694419552,0.05370701137901663,49.998934426229425,49.99893442622948
157620,0.012,0.16611147729889447,0.05018442119917366,0.12669894204698307,0.16611147729889447,0.05370371501333308,49.998934426229425,49.99893442622954
157680,0.012,0.1660671263286382,0.050184274007518924,0.1266703698764222,0.1660671263286382,0.05370042320428289,49.998934426229425,49.99893442622954
157740,0.012,0.16602281647062622,0.05018412698436824,0.12664182283349848,0.16602281647062622,0.05369713594235105,49.998934426229425,49.99893442622948
157800,0.012,0.16597854767046719,0.050183980129462694,0.12661330088369013,0.16597854767046719,0.05369385321929381,49.998934426229425,49.99893442622948
157860,0.012,0.16593431986097418,0.050183833442543894,0.12658480399253794,0.16593431986097418,0.05369057502683913,49.998934426229425,49.99893442622954
157920,0.012,0.16589013299495492,0.050183686923353905,0.12655633212564552,0.16589013299495492,0.053687301356679186,49.998934426229425,49.99893442622948
157980,0.012,0.1658459870029355,0.0501835405716354,0.12652788524867958,0.1658459870029355,0.053684032200498104,49.998934426229425,49.99893442622954
158040,0.012,0.1658018818361266,0.050183394387131375,0.12649946332736986,0.1658018818361266,0.05368076754998866,49.998934426229425,49.99893442622954
158100,0.012,0.16575781742614,0.05018324836958548,0.12647106632750874,0.16575781742614,0.053677507396859496,49.998934426229425,49.998934426229425
158160,0.012,0.16571379372549108,0.05018310251874182,0.12644269421495144,0.16571379372549108,0.053674251732837776,49.998934426229425,49.99893442622954
158220,0.012,0.16566981066557823,0.05018295683434496,0.1264143469556157,0.16566981066557823,0.05367100054966985,49.998934426229425,49.99893442622948
158280,0.012,0.16562586819862216,0.05018281131614,0.1263860245154817,0.16562586819862216,0.05366775383912095,49.998934426229425,49.99893442622948
158340,0.012,0.16558196625662816,0.05018266596387257,0.1263577268605917,0.16558196625662816,0.05366451159297526,49.998934426229425,49.99893442622948
158400,0.012,0.1655381047919116,0.05018252077728871,0.12632945395705042,0.1655381047919116,0.053661273803035314,49.998934426229425,49.99893442622954
158460,0.012,0.16549428373315792,0.05018237575613482,0.1263012057710239,0.16549428373315792,0.053658040461133774,49.998934426229425,49.99893442622948
158520,0.012,0.16545050303474437,0.0501822309001582,0.1262729822687406,0.16545050303474437,0.05365481155909048,49.998934426229425,49.99893442622948
158580,0.012,0.16540676263701584,0.05018208620910644,0.12624478341649112,0.16540676263701584,0.05365158708876747,49.998934426229425,49.99893442622948
158640,0.011999999999999999,0.16536306248290375,0.05018194168272977,0.12621660918062685,0.16536306248290375,0.05364836704203155,49.99893442622948,49.99893442622948
158700,0.012,0.16531940251289687,0.05018179732077076,0.1261884595275608,0.16531940251289687,0.05364515141081698,49.998934426229425,49.99893442622948
158760,0.012000000000000002,0.16527578267206353,0.05018165312298782,0.1261603344237674,0.16527578267206353,0.0536419401869644,49.99893442622948,49.99893442622948
158820,0.012,0.16523220290238855,0.050181509089116894,0.12613223383578165,0.16523220290238855,0.05363873336249476,49.998934426229425,49.99893442622948
158880,0.012,0.16518866314721167,0.05018136521891828,0.12610415773020106,0.16518866314721167,0.05363553092926385,49.998934426229425,49.99893442622948
158940,0.012,0.16514516335193002,0.05018122151214052,0.12607610607368264,0.16514516335193002,0.05363233287928916,49.998934426229425,49.99893442622948
159000,0.012,0.16510170345293018,0.05018107796853432,0.12604807883294475,0.16510170345293018,0.05362913920454316,49.998934426229425,49.99893442622948
159060,0.012,0.16505828340295922,0.050180934587850834,0.12602007597476594,0.16505828340295922,0.05362594989702796,49.998934426229425,49.99893442622954
159120,0.012,0.1650149031339949,0.05018079136984186,0.12599209746598558,0.1650149031339949,0.05362276494876318,49.998934426229425,49.99893442622954
159180,0.012,0.16497156260344784,0.05018064831425971,0.12596414327350325,0.16497156260344784,0.053619584351786244,49.998934426229425,49.99893442622948
159240,0.012,0.16492826174153555,0.050180505420857224,0.12593621336427874,0.16492826174153555,0.05361640809815257,49.998934426229425,49.99893442622954
159300,0.012,0.1648850005047488,0.05018036268938767,0.12590830770533196,0.1648850005047488,0.05361323617993552,49.998934426229425,49.99893442622948
159360,0.012,0.16484177882477527,0.050180220119604844,0.12588042626374293,0.16484177882477527,0.053610068589226276,49.998934426229425,49.99893442622948
159420,0.012,0.16479859665782948,0.050180077711262976,0.12585256900665107,0.16479859665782948,0.05360690531813387,49.998934426229425,49.99893442622948
159480,0.012,0.16475545393614616,0.05017993546411676,0.12582473590125576,0.16475545393614616,0.05360374635878525,49.998934426229425,49.99893442622954
159540,0.012,0.16471235061570902,0.050179793377921396,0.1257969269148158,0.16471235061570902,0.053600591703325096,49.998934426229425,49.99893442622948
159600,0.012,0.16466928662927885,0.05017965145243255,0.1257691420146495,0.16466928662927885,0.05359744134391579,49.998934426229425,49.99893442622948
159660,0.012,0.16462626193286783,0.05017950968740626,0.1257413811681343,0.16462626193286783,0.05359429527273736,49.998934426229425,49.99893442622948
159720,0.012,0.1645832764598498,0.050179368082599145,0.12571364434270685,0.1645832764598498,0.05359115348198758,49.998934426229425,49.99893442622948
159780,0.012,0.16454033016586064,0.050179226637768276,0.1256859315058628,0.16454033016586064,0.05358801596388172,49.998934426229425,49.99893442622948
159840,0.012,0.16449742298481926,0.050179085352671064,0.12565824262515662,0.16449742298481926,0.05358488271065261,49.998934426229425,49.998934426229425
159900,0.012,0.16445455487243313,0.05017894422706555,0.12563057766820157,0.16445455487243313,0.05358175371455066,49.998934426229425,49.99893442622954
159960,0.012,0.1644117257631119,0.05017880326071013,0.1256029366026695,0.1644117257631119,0.05357862896784365,49.998934426229425,49.99893442622948
160020,0.012,0.16436893561237567,0.05017866245336369,0.12557531939629069,0.16436893561237567,0.053575508462816855,49.998934426229425,49.998934426229425
160080,0.012,0.16432618435512525,0.05017852180478554,0.1255477260168538,0.16432618435512525,0.05357239219177286,49.998934426229425,49.99893442622948
160140,0.012,0.1642834719468658,0.05017838131473554,0.12552015643220563,0.1642834719468658,0.05356928014703161,49.998934426229425,49.99893442622948
160200,0.012,0.1642407983246616,0.05017824098297365,0.1254926106102513,0.1642407983246616,0.05356617232093614,49.998934426229425,49.99893442622948
160260,0.012,0.16419816343764612,0.05017810080926087,0.12546508851895327,0.16419816343764612,0.05356306870582713,49.998934426229425,49.99893442622948
160320,0.012,0.16415556723117553,0.050177960793358414,0.12543759012633277,0.16415556723117553,0.053559969294083215,49.998934426229425,49.99893442622948
160380,0.012,0.164113009650917,0.050177820935027824,0.1254101154004678,0.164113009650917,0.05355687407809473,49.998934426229425,49.998934426229425
160440,0.011999999999999999,0.164070490642993,0.05017768123403357,0.1253826643094947,0.164070490642993,0.05355378305025593,49.99893442622948,49.99893442622954
160500,0.012,0.16402801015292728,0.05017754169013182,0.12535523682160626,0.16402801015292728,0.05355069620303434,49.998934426229425,49.99893442622948
160560,0.012000000000000002,0.16398556812700826,0.05017740230309512,0.12532783290505384,0.16398556812700826,0.05354761352879366,49.99893442622948,49.998934426229425
160620,0.012,0.1639431645110868,0.05017726307267359,0.12530045252814453,0.1639431645110868,0.05354453502008334,49.998934426229425,49.99893442622948
160680,0.012,0.1639007992516066,0.050177123998641174,0.12527309565924388,0.1639007992516066,0.05354146066928709,49.998934426229425,49.99893442622948
160740,0.012,0.16385847229466777,0.050176985080760454,0.12524576226677334,0.16385847229466777,0.05353839046894626,49.998934426229425,49.99893442622948
160800,0.012,0.16381618358690272,0.0501768463187957,0.12521845231921175,0.16381618358690272,0.053535324411560316,49.998934426229425,49.99893442622948
160860,0.012,0.1637739330746271,0.050176707712511925,0.1251911657850941,0.1637739330746271,0.05353226248965186,49.998934426229425,49.99893442622948
160920,0.012,0.16373172070465852,0.0501765692616747,0.12516390263301244,0.16373172070465852,0.05352920469576166,49.998934426229425,49.99893442622948
160980,0.012,0.1636895464235295,0.0501764309660501,0.1251366628316148,0.1636895464235295,0.053526151022447364,49.998934426229425,49.99893442622948
161040,0.012,0.16364741017823783,0.050176292825404714,0.1251094463496058,0.16364741017823783,0.05352310146228336,49.998934426229425,49.99893442622954
161100,0.012,0.16360531191553454,0.05017615483950545,0.12508225315574595,0.16360531191553454,0.05352005600786059,49.998934426229425,49.99893442622954
161160,0.012,0.16356325158259277,0.05017601700811974,0.12505508321885217,0.16356325158259277,0.05351701465178672,49.998934426229425,49.99893442622948
161220,0.012,0.1635212291263846,0.05017587933101539,0.1250279365077968,0.1635212291263846,0.05351397738668578,49.998934426229425,49.99893442622948
161280,0.012,0.1634792444942535,0.05017574180796072,0.12500081299150848,0.1634792444942535,0.05351094420519833,49.998934426229425,49.99893442622948
161340,0.012,0.16343729763339435,0.05017560443872445,0.12497371263897102,0.16343729763339435,0.0535079150999814,49.998934426229425,49.99893442622948
161400,0.012,0.16339538849131793,0.05017546722307571,0.12494663541922424,0.16339538849131793,0.05350489006370837,49.998934426229425,49.99893442622948
161460,0.012,0.16335351701544307,0.050175330160784126,0.12491958130136288,0.16335351701544307,0.05350186908906893,49.998934426229425,49.99893442622948
161520,0.012,0.1633116831534447,0.050175193251619676,0.12489255025453752,0.1633116831534447,0.053498852168769206,49.998934426229425,49.99893442622948
161580,0.012,0.1632698868529663,0.05017505649535283,0.12486554224795335,0.1632698868529663,0.05349583929553142,49.998934426229425,49.998934426229425
161640,0.012,0.16322812806184595,0.05017491989175453,0.12483855725087108,0.16322812806184595,0.05349283046209409,49.998934426229425,49.99893442622948
161700,0.012,0.16318640672794946,0.050174783440596,0.12481159523260592,0.16318640672794946,0.053489825661211875,49.998934426229425,49.99893442622948
161760,0.012,0.16314472279927922,0.050174647141649056,0.12478465616252835,0.16314472279927922,0.05348682488565559,49.998934426229425,49.99893442622954
161820,0.012,0.16310307622392065,0.05017451099468584,0.12475774001006307,0.16310307622392065,0.053483828128212146,49.998934426229425,49.998934426229425
161880,0.012,0.1630614669500417,0.05017437499947898,0.12473084674468965,0.1630614669500417,0.05348083538168448,49.998934426229425,49.99893442622948
161940,0.012,0.16301989492594343,0.05017423915580151,0.12470397633594188,0.16301989492594343,0.053477846638891456,49.998934426229425,49.99893442622948
162000,0.012,0.16297836009996228,0.050174103463426836,0.12467712875340814,0.16297836009996228,0.05347486189266802,49.998934426229425,49.99893442622954
162060,0.012,0.16293686242060984,0.0501739679221289,0.12465030396673067,0.16293686242060984,0.05347188113586502,49.998934426229425,49.99893442622948
162120,0.012,0.16289540183639503,0.05017383253168197,0.12462350194560612,0.16289540183639503,0.05346890436134904,49.998934426229425,49.99893442622948
162180,0.012,0.16285397829603385,0.05017369729186082,0.12459672265978478,0.16285397829603385,0.053465931562002675,49.998934426229425,49.99893442622954
162240,0.011999999999999999,0.16281259174821114,0.0501735622024429,0.1245699660790712,0.16281259174821114,0.0534629627307127,49.99893442622948,49.99893442622948
162300,0.012,0.1627712421418434,0.05017342726319758,0.12454323217332289,0.1627712421418434,0.05345999786043729,49.998934426229425,49.99893442622948
162360,0.012000000000000002,0.162729929425794,0.05017329247391027,0.12451652091245202,0.162729929425794,0.053457036944030915,49.99893442622948,49.99893442622948
162420,0.012,0.16268865354917494,0.05017315783434443,0.12448983226642309,0.16268865354917494,0.053454079974530694,49.998934426229425,49.99893442622948
162480,0.012,0.16264741446103093,0.050173023344286624,0.12446316620525501,0.16264741446103093,0.05345112694480852,49.998934426229425,49.99893442622948
162540,0.012,0.1626062121106652,0.0501728890035125,0.12443652269901928,0.1626062121106652,0.05344817784789115,49.998934426229425,49.99893442622948
162600,0.012,0.16256504644730643,0.05017275481179922,0.1244099017178408,0.16256504644730643,0.05344523267676283,49.998934426229425,49.99893442622948
162660,0.012,0.1625239174204455,0.05017262076892467,0.12438330323189725,0.1625239174204455,0.053442291424429605,49.998934426229425,49.99893442622948
162720,0.012,0.16248282497949587,0.05017248687466733,0.12435672721141955,0.16248282497949587,0.05343935408391429,49.998934426229425,49.99893442622954
162780,0.012,0.16244176907413443,0.05017235312880608,0.12433017362669099,0.16244176907413443,0.05343642064825535,49.998934426229425,49.99893442622948
162840,0.012,0.16240074965400797,0.05017221953111171,0.12430364244789507,0.16240074965400797,0.05343349111002787,49.998934426229425,49.99893442622954
162900,0.012,0.16235976666784946,0.05017208608137373,0.12427713364557574,0.16235976666784946,0.05343056546299673,49.998934426229425,49.998934426229425
162960,0.012,0.1623188200684883,0.05017195277937212,0.12425064719017309,0.1623188200684883,0.05342764370014918,49.998934426229425,49.99893442622954
163020,0.012,0.1622779098013184,0.050171819624887246,0.1242241830521803,0.1622779098013184,0.053424725814513074,49.998934426229425,49.998934426229425
163080,0.012,0.16223703582265633,0.050171686617699905,0.12419774120214294,0.16223703582265633,0.05342181179916436,49.998934426229425,49.99893442622948
163140,0.012,0.16219619807516997,0.05017155375759134,0.1241713216106588,0.16219619807516997,0.053418901647212774,49.998934426229425,49.99893442622948
163200,0.012,0.16215539651696187,0.05017142104434322,0.12414492424837766,0.16215539651696187,0.05341599535179402,49.998934426229425,49.99893442622948
163260,0.012,0.16211463108338245,0.050171288477737386,0.12411854908600124,0.16211463108338245,0.053413092906079325,49.998934426229425,49.99893442622954
163320,0.012,0.16207390174060454,0.050171156057556635,0.12409219609428272,0.16207390174060454,0.05341019430321051,49.998934426229425,49.99893442622954
163380,0.012,0.16203320843717242,0.05017102378358396,0.12406586524402696,0.16203320843717242,0.05340729953640104,49.998934426229425,49.99893442622954
163440,0.012,0.1619925511216549,0.05017089165560265,0.12403955650609136,0.1619925511216549,0.05340440859886405,49.998934426229425,49.99893442622948
163500,0.012,0.16195192974741265,0.050170759673396396,0.12401326985138338,0.16195192974741265,0.05340152148382117,49.998934426229425,49.99893442622948
163560,0.012,0.16191134425525733,0.05017062783674937,0.12398700525086256,0.16191134425525733,0.05339863818450343,49.998934426229425,49.99893442622948
163620,0.012,0.16187079460953296,0.050170496145446185,0.12396076267553914,0.16187079460953296,0.05339575869416771,49.998934426229425,49.99893442622948
163680,0.012,0.1618302807464478,0.05017036459927187,0.12393454209647449,0.1618302807464478,0.05339288300608322,49.998934426229425,49.998934426229425
163740,0.012,0.16178980263236079,0.050170233198011754,0.1239083434847809,0.16178980263236079,0.05339001111353168,49.998934426229425,49.99893442622948
163800,0.012,0.16174936020352854,0.050170101941451634,0.12388216681162169,0.16174936020352854,0.05338714300981198,49.998934426229425,49.998934426229425
163860,0.012,0.1617089534259567,0.050169970829377714,0.12385601204821065,0.1617089534259567,0.05338427868823334,49.998934426229425,49.998934426229425
163920,0.012,0.16166858223614855,0.05016983986157653,0.12382987916581227,0.16166858223614855,0.05338141814212157,49.998934426229425,49.99893442622948
163980,0.012,0.16162824659995764,0.050169709037835075,0.12380376813574158,0.16162824659995764,0.05337856136481634,49.998934426229425,49.998934426229425
164040,0.011999999999999999,0.16158794645470687,0.050169578357943,0.12377767892936416,0.16158794645470687,0.05337570834966182,49.99893442622948,49.99893442622948
164100,0.012,0.16154768176592713,0.05016944782168202,0.12375161151809526,0.16154768176592713,0.053372859090068184,49.998934426229425,49.99893442622948
164160,0.012000000000000002,0.16150745247163345,0.050169317428849496,0.12372556587340128,0.16150745247163345,0.05337001357934561,49.99893442622948,49.99893442622948
164220,0.012,0.16146725853697327,0.05016918717922123,0.1236995419667975,0.16146725853697327,0.05336717181098064,49.998934426229425,49.99893442622948
164280,0.012,0.16142709990050427,0.05016905707259581,0.12367353976985034,0.16142709990050427,0.05336433377829786,49.998934426229425,49.998934426229425
164340,0.012,0.16138697652729653,0.05016892710876095,0.12364755925417531,0.16138697652729653,0.053361499474771465,49.998934426229425,49.99893442622948
164400,0.012,0.16134688835636743,0.05016879728750586,0.12362160039143794,0.16134688835636743,0.05335866889383506,49.998934426229425,49.99893442622948
164460,0.012,0.16130683535266224,0.05016866760862054,0.12359566315335326,0.16130683535266224,0.05335584202894016,49.998934426229425,49.99893442622948
164520,0.012,0.161266817455682,0.050168538071895426,0.12356974751168597,0.161266817455682,0.05335301887355641,49.998934426229425,49.99893442622948
164580,0.012,0.16122683463022755,0.05016840867712137,0.12354385343825,0.16122683463022755,0.05335019942116526,49.998934426229425,49.99893442622954
164640,0.012,0.1611868868162663,0.0501682794240897,0.12351798090490887,0.1611868868162663,0.05334738366526502,49.998934426229425,49.99893442622954
164700,0.012,0.16114697397850197,0.05016815031259201,0.12349212988357496,0.16114697397850197,0.053344571599365655,49.998934426229425,49.99893442622948
164760,0.012,0.16110709605733328,0.05016802134242036,0.12346630034621005,0.16110709605733328,0.05334176321699368,49.998934426229425,49.99893442622954
164820,0.012,0.1610672530173821,0.0501678925133672,0.12344049226482466,0.1610672530173821,0.053338958511687316,49.998934426229425,49.99893442622948
164880,0.012,0.16102744479947062,0.05016776382522533,0.12341470561147849,0.16102744479947062,0.05333615747700127,49.998934426229425,49.99893442622948
164940,0.012,0.16098767136814168,0.050167635277787954,0.12338894035827969,0.16098767136814168,0.05333336010650179,49.998934426229425,49.99893442622954
165000,0.012,0.16094793266463264,0.05016750687084864,0.12336319647738533,0.16094793266463264,0.053330566393771574,49.998934426229425,49.99893442622948
165060,0.012,0.16090822865341867,0.050167378604201306,0.12333747394100088,0.16090822865341867,0.05332777633240491,49.998934426229425,49.99893442622948
165120,0.012,0.1608685592761368,0.050167250477640334,0.12331177272138043,0.1608685592761368,0.05332498991601238,49.998934426229425,49.99893442622948
165180,0.012,0.16082892449720781,0.05016712249096038,0.12328609279082627,0.16082892449720781,0.053322207138216025,49.998934426229425,49.99893442622954
165240,0.012,0.16078932425865738,0.050166994643956575,0.12326043412168905,0.16078932425865738,0.05331942799265416,49.998934426229425,49.99893442622948
165300,0.012,0.1607497585248593,0.050166866936424366,0.1232347966863675,0.1607497585248593,0.05331665247297666,49.998934426229425,49.99893442622954
165360,0.012,0.16071022723821934,0.05016673936815962,0.12320918045730846,0.16071022723821934,0.05331388057284926,49.998934426229425,49.99893442622948
165420,0.012,0.1606707303630711,0.0501666119389585,0.12318358540700662,0.1606707303630711,0.053311112285949425,49.998934426229425,49.99893442622948
165480,0.012,0.1606312678421913,0.05016648464861762,0.12315801150800464,0.1606312678421913,0.05330834760597042,49.998934426229425,49.99893442622948
165540,0.012,0.1605918396398816,0.050166357496933975,0.12313245873289268,0.1605918396398816,0.05330558652661708,49.998934426229425,49.99893442622954
165600,0.012,0.16055244569928084,0.05016623048370484,0.12310692705430888,0.16055244569928084,0.05330282904160995,49.998934426229425,49.99893442622948
165660,0.012,0.16051308598466502,0.05016610360872797,0.1230814164449385,0.16051308598466502,0.05330007514468117,49.998934426229425,49.99893442622948
165720,0.012,0.16047376043952752,0.050165976871801375,0.12305592687751457,0.16047376043952752,0.053297324829578475,49.998934426229425,49.998934426229425
165780,0.012,0.16043446902812458,0.05016585027272358,0.12303045832481717,0.16043446902812458,0.05329457809006111,49.998934426229425,49.99893442622954
165840,0.011999999999999999,0.1603952116942973,0.0501657238112956,0.12300501075967396,0.1603952116942973,0.053291834919892575,49.99893442622948,49.99893442622948
165900,0.012,0.1603559884022878,0.050165597487310705,0.12297958415495909,0.1603559884022878,0.05328909531290235,49.998934426229425,49.99893442622954
165960,0.012000000000000002,0.16031679909627744,0.05016547130057745,0.12295417848359455,0.16031679909627744,0.0532863592628183,49.99893442622948,49.99893442622948
166020,0.012,0.16027764374049946,0.05016534525088329,0.12292879371854831,0.16027764374049946,0.053283626763543555,49.998934426229425,49.99893442622948
166080,0.012,0.16023852227946916,0.050165219338037914,0.12290342983283607,0.16023852227946916,0.05328089780881907,49.998934426229425,49.998934426229425
166140,0.012,0.16019943467741568,0.05016509356184041,0.12287808679951968,0.16019943467741568,0.053278172392533636,49.998934426229425,49.99893442622954
166200,0.012,0.16016038087918272,0.05016496792209129,0.1228527645917078,0.16016038087918272,0.053275450508534626,49.998934426229425,49.99893442622948
166260,0.012,0.16012136084899936,0.0501648424185918,0.12282746318255541,0.16012136084899936,0.05327273215068684,49.998934426229425,49.99893442622948
166320,0.012,0.16008237453203172,0.050164717051143635,0.12280218254526418,0.16008237453203172,0.053270017312871495,49.998934426229425,49.998934426229425
166380,0.012,0.16004342189251303,0.050164591819548854,0.1227769226530818,0.16004342189251303,0.05326730598898138,49.998934426229425,49.99893442622948
166440,0.012,0.16000450287592713,0.05016446672360995,0.12275168347930245,0.16000450287592713,0.053264598172924275,49.998934426229425,49.99893442622948
166500,0.012,0.15996561744651436,0.05016434176312973,0.12272646499726618,0.15996561744651436,0.05326189385861941,49.998934426229425,49.99893442622948
166560,0.012,0.15992676555007102,0.05016421693791139,0.12270126718035924,0.15992676555007102,0.053259193040000825,49.998934426229425,49.99893442622954
166620,0.012,0.15988794715084914,0.05016409224775845,0.12267609000201365,0.15988794715084914,0.053256495711013874,49.998934426229425,49.99893442622948
166680,0.012,0.1598491621949519,0.05016396769247484,0.12265093343570739,0.1598491621949519,0.05325380186561866,49.998934426229425,49.99893442622948
166740,0.012,0.15981041064664625,0.05016384327186476,0.12262579745496399,0.15981041064664625,0.05325111149778661,49.998934426229425,49.99893442622948
166800,0.012,0.15977169245233852,0.05016371898573289,0.12260068203335278,0.15977169245233852,0.05324842460150373,49.998934426229425,49.998934426229425
166860,0.012,0.1597330075763123,0.050163594833884155,0.12257558714448842,0.1597330075763123,0.053245741170767455,49.998934426229425,49.99893442622948
166920,0.012,0.1596943559652736,0.05016347081612394,0.12255051276203117,0.1596943559652736,0.05324306119958957,49.998934426229425,49.99893442622948
166980,0.012,0.15965573758352594,0.05016334693225782,0.12252545885968646,0.15965573758352594,0.05324038468199317,49.998934426229425,49.99893442622954
167040,0.012,0.15961715237806962,0.05016322318209188,0.12250042541120516,0.15961715237806962,0.0532377116120158,49.998934426229425,49.99893442622948
167100,0.012,0.1595786003132312,0.05016309956543254,0.122475412390383,0.1595786003132312,0.05323504198370622,49.998934426229425,49.99893442622954
167160,0.012,0.15954008133630174,0.050162976082086454,0.122450419771061,0.15954008133630174,0.053232375791127516,49.998934426229425,49.99893442622948
167220,0.012,0.15950159541163333,0.05016285273186077,0.12242544752712492,0.15950159541163333,0.05322971302835392,49.998934426229425,49.99893442622948
167280,0.012,0.15946314248680385,0.050162729514562875,0.12240049563250556,0.15946314248680385,0.05322705368947395,49.998934426229425,49.99893442622954
167340,0.012,0.15942472252619277,0.05016260643000058,0.12237556406117822,0.15942472252619277,0.05322439776858723,49.998934426229425,49.99893442622948
167400,0.012,0.15938633547766132,0.05016248347798206,0.1223506527871631,0.15938633547766132,0.053221745259807544,49.998934426229425,49.99893442622948
167460,0.012,0.1593479813056189,0.05016236065831573,0.12232576178452487,0.1593479813056189,0.053219096157259796,49.998934426229425,49.99893442622954
167520,0.012,0.15930965995948823,0.0501622379708105,0.12230089102737264,0.15930965995948823,0.053216450455081395,49.998934426229425,49.99893442622954
167580,0.012,0.15927137139865613,0.05016211541527539,0.12227604048985993,0.15927137139865613,0.05321380814742288,49.998934426229425,49.99893442622954
167640,0.011999999999999999,0.1592331155794688,0.050161992991522214,0.12225121014618442,0.1592331155794688,0.05321116922843772,49.99893442622948,49.99893442622948
167700,0.012,0.15919489245834786,0.05016187069935503,0.12222639997058801,0.15919489245834786,0.05320853369234642,49.998934426229425,49.99893442622948
167760,0.012000000000000002,0.15915670199199453,0.05016174853859289,0.12220160993735697,0.15915670199199453,0.053205901533262684,49.99893442622948,49.99893442622948
167820,0.012,0.1591185441368746,0.05016162650903415,0.12217684002082085,0.1591185441368746,0.05320327274547568,49.998934426229425,49.99893442622948
167880,0.012,0.15908041884986765,0.05016150461049889,0.12215209019535392,0.15908041884986765,0.05320064732311219,49.998934426229425,49.99893442622948
167940,0.012,0.15904232608758176,0.05016138284279684,0.12212736043537373,0.15904232608758176,0.05319802526044514,49.998934426229425,49.99893442622948
168000,0.012,0.1590042658071949,0.05016126120573907,0.12210265071534183,0.1590042658071949,0.05319540655170567,49.998934426229425,49.99893442622948
168060,0.012,0.1589662379599664,0.05016113969913725,0.12207796100976305,0.1589662379599664,0.053192791191150474,49.998934426229425,49.998934426229425
168120,0.012,0.1589282425095974,0.0501610183228037,0.12205329129318603,0.1589282425095974,0.05319017917302634,49.998934426229425,49.998934426229425
168180,0.012,0.1588902794173814,0.05016089707655103,0.12202864154020272,0.1588902794173814,0.05318757049161132,49.998934426229425,49.99893442622948
168240,0.012,0.15885234862994,0.05016077596019215,0.12200401172544845,0.15885234862994,0.05318496514119325,49.998934426229425,49.99893442622948
168300,0.012,0.15881445011721795,0.05016065497354038,0.12197940182360197,0.15881445011721795,0.053182363116072946,49.998934426229425,49.99893442622948
168360,0.012,0.1587765838220916,0.05016053411640927,0.12195481180938511,0.1587765838220916,0.053179764410561624,49.998934426229425,49.99893442622948
168420,0.012,0.15873874971641777,0.05016041338861276,0.12193024165756242,0.15873874971641777,0.05317716901897967,49.998934426229425,49.99893442622948
168480,0.012,0.15870094774343763,0.050160292789965186,0.12190569134294187,0.15870094774343763,0.05317457693566382,49.998934426229425,49.99893442622948
168540,0.012,0.158663177874758,0.05016017232028114,0.12188116084037395,0.158663177874758,0.053171988154959854,49.998934426229425,49.99893442622948
168600,0.012,0.15862544005374973,0.05016005197937556,0.12185665012475225,0.15862544005374973,0.05316940267122763,49.998934426229425,49.99893442622954
168660,0.012,0.1585877342525191,0.050159931767063695,0.12183215917101282,0.1585877342525191,0.05316682047883759,49.998934426229425,49.99893442622948
168720,0.012,0.15855006041457945,0.050159811683161235,0.12180768795413456,0.15855006041457945,0.053164241572173566,49.998934426229425,49.99893442622948
168780,0.012,0.1585124185119673,0.050159691727484086,0.12178323644913862,0.1585124185119673,0.053161665945629585,49.998934426229425,49.99893442622948
168840,0.012,0.15847480848863763,0.0501595718998485,0.12175880463108885,0.15847480848863763,0.05315909359361334,49.998934426229425,49.99893442622954
168900,0.012,0.15843723031638499,0.05015945220007109,0.1217343924750912,0.15843723031638499,0.053156524510542674,49.998934426229425,49.99893442622948
168960,0.012,0.15839968393968837,0.05015933262796884,0.12170999995629407,0.15839968393968837,0.05315395869084895,49.998934426229425,49.99893442622954
169020,0.012,0.15836216933018218,0.050159213183358996,0.12168562704988786,0.15836216933018218,0.053151396128973655,49.998934426229425,49.99893442622948
169080,0.012,0.15832468643280354,0.0501590938660591,0.1216612737311052,0.15832468643280354,0.053148836819371686,49.998934426229425,49.99893442622954
169140,0.012,0.1582872352190061,0.05015897467588714,0.12163693997522053,0.1582872352190061,0.05314628075650808,49.998934426229425,49.99893442622948
169200,0.012,0.15824981563419935,0.050158855612661334,0.1216126257575504,0.15824981563419935,0.05314372793486117,49.998934426229425,49.99893442622948
169260,0.012,0.1582124276496614,0.05015873667620024,0.12158833105345293,0.1582124276496614,0.05314117834891939,49.998934426229425,49.99893442622954
169320,0.012,0.15817507121126692,0.05015861786632279,0.12156405583832817,0.15817507121126692,0.05313863199318432,49.998934426229425,49.99893442622954
169380,0.012,0.1581377462901244,0.05015849918284814,0.12153980008761764,0.1581377462901244,0.05313608886216773,49.998934426229425,49.99893442622954
169440,0.011999999999999999,0.15810045283255558,0.05015838062559807,0.12151556377680464,0.15810045283255558,0.053133548950383316,49.99893442622948,49.99893442622948
169500,0.012,0.15806319080952247,0.050158262194386745,0.12149134688141337,0.15806319080952247,0.053131012252408384,49.998934426229425,49.99893442622948
169560,0.012000000000000002,0.15802596016778073,0.05015814388904298,0.1214671493770103,0.15802596016778073,0.053128478762718444,49.99893442622948,49.99893442622948
169620,0.012,0.1579887608781504,0.05015802570937531,0.12144297123920215,0.1579887608781504,0.05312594847595991,49.998934426229425,49.99893442622948
169680,0.012,0.15795159288852814,0.05015790765520951,0.12141881244348227,0.15795159288852814,0.05312342138521488,49.998934426229425,49.99893442622948
169740,0.012,0.157914456164294,0.050157789726370236,0.12139467296570143,0.157914456164294,0.053120897487141,49.998934426229425,49.99893442622948
169800,0.012,0.15787735066356567,0.05015767192267831,0.12137055278158808,0.15787735066356567,0.05311837677607496,49.998934426229425,49.998934426229425
169860,0.012,0.1578402763456438,0.05015755424395522,0.12134645186691184,0.1578402763456438,0.05311585924641527,49.998934426229425,49.998934426229425
169920,0.012,0.15780323316957864,0.050157436690022913,0.12132237019748508,0.15780323316957864,0.05311334489267932,49.998934426229425,49.99893442622948
169980,0.012,0.15776622109474367,0.05015731926070373,0.12129830774916041,0.15776622109474367,0.0531108337094385,49.998934426229425,49.99893442622948
170040,0.012,0.15772924008030953,0.05015720195582033,0.12127426449783174,0.15772924008030953,0.053108325691308585,49.998934426229425,49.99893442622948
170100,0.012,0.1576922900859888,0.050157084775195704,0.12125024041943347,0.1576922900859888,0.05310582083292742,49.998934426229425,49.99893442622954
170160,0.012,0.15765537107097982,0.05015696771865321,0.12122623548994066,0.15765537107097982,0.053103319128953524,49.998934426229425,49.99893442622948
170220,0.012,0.15761848299521325,0.05015685078601649,0.12120224968536869,0.15761848299521325,0.05310082057405742,49.998934426229425,49.998934426229425
170280,0.012,0.15758162581801086,0.05015673397710949,0.12117828298177344,0.15758162581801086,0.05309832516292609,49.998934426229425,49.99893442622954
170340,0.012,0.15754479949945718,0.05015661729175658,0.12115433535525076,0.15754479949945718,0.05309583289025452,49.998934426229425,49.99893442622948
170400,0.012,0.15750800399901344,0.05015650072978235,0.12113040678193703,0.15750800399901344,0.05309334375075353,49.998934426229425,49.998934426229425
170460,0.012,0.15747123927693588,0.050156384291011734,0.1211064972380083,0.15747123927693588,0.05309085773914062,49.998934426229425,49.998934426229425
170520,0.012,0.15743450529278086,0.05015626797526997,0.12108260669968098,0.15743450529278086,0.05308837485014813,49.998934426229425,49.998934426229425
170580,0.012,0.15739780200698636,0.05015615178238262,0.12105873514321099,0.15739780200698636,0.053085895078515626,49.998934426229425,49.998934426229425
170640,0.012,0.15736112937921196,0.05015603571217559,0.12103488254489445,0.15736112937921196,0.05308341841899641,49.998934426229425,49.99893442622954
170700,0.012,0.1573244873700615,0.05015591976447504,0.12101104888106698,0.1573244873700615,0.0530809448663518,49.998934426229425,49.99893442622948
170760,0.012,0.15728787593931978,0.05015580393910746,0.12098723412810394,0.15728787593931978,0.053078474415356146,49.998934426229425,49.99893442622948
170820,0.012,0.15725129504772625,0.05015568823589965,0.12096343826242024,0.15725129504772625,0.0530760070607923,49.998934426229425,49.998934426229425
170880,0.012,0.1572147446552194,0.05015557265467875,0.12093966126047037,0.1572147446552194,0.053073542797455936,49.998934426229425,49.998934426229425
170940,0.012,0.15717822472265403,0.05015545719527215,0.12091590309874811,0.15717822472265403,0.053071081620151235,49.998934426229425,49.99893442622948
171000,0.012,0.15714173521013114,0.05015534185750758,0.1208921637537867,0.15714173521013114,0.05306862352369531,49.998934426229425,49.99893442622948
171060,0.012,0.1571052760786178,0.05015522664121307,0.12086844320215853,0.1571052760786178,0.05306616850291371,49.998934426229425,49.99893442622948
171120,0.012,0.15706884728837245,0.05015511154621693,0.12084474142047527,0.15706884728837245,0.053063716552645,49.998934426229425,49.99893442622954
171180,0.012,0.15703244880048303,0.05015499657234784,0.12082105838538752,0.15703244880048303,0.05306126766773608,49.998934426229425,49.99893442622948
171240,0.011999999999999999,0.15699608057535458,0.05015488171943683,0.12079739407358522,0.15699608057535458,0.05305882184303588,49.99893442622948,49.99893442622948
171300,0.012,0.1569597425761903,0.05015476698730767,0.12077374846179682,0.1569597425761903,0.05305637907344672,49.998934426229425,49.99893442622954
171360,0.012000000000000002,0.15692343475787013,0.05015465237579819,0.12075012152678997,0.15692343475787013,0.05305393935378855,49.99893442622948,49.99893442622948
171420,0.012,0.15688715709027726,0.05015453788472661,0.12072651324537072,0.15688715709027726,0.053051502679040324,49.998934426229425,49.99893442622948
171480,0.012,0.15685090952218314,0.050154423513931935,0.12070292359438428,0.15685090952218314,0.053049069044016635,49.998934426229425,49.99893442622954
171540,0.012,0.15681469202954496,0.05015430926324314,0.12067935255071402,0.15681469202954496,0.05304663844367381,49.998934426229425,49.99893442622954
171600,0.012,0.15677850455809395,0.05015419513249052,0.12065580009128204,0.15677850455809395,0.05304421087292849,49.998934426229425,49.99893442622948
171660,0.012,0.15674234708534424,0.05015408112150501,0.12063226619304912,0.15674234708534424,0.05304178632671353,49.998934426229425,49.99893442622948
171720,0.012,0.15670621955630668,0.05015396723011793,0.12060875083301392,0.15670621955630668,0.05303936479996911,49.998934426229425,49.99893442622948
171780,0.012,0.1566701219478311,0.05015385345816084,0.12058525398821365,0.1566701219478311,0.053036946287650086,49.998934426229425,49.99893442622948
171840,0.012,0.15663405420580664,0.05015373980546574,0.12056177563572396,0.15663405420580664,0.05303453078472248,49.998934426229425,49.99893442622948
171900,0.012,0.1565980163075451,0.050153626271864864,0.12053831575265805,0.1565980163075451,0.0530321182861583,49.998934426229425,49.99893442622954
171960,0.012,0.15656200819934324,0.050153512857190746,0.1205148743161679,0.15656200819934324,0.053029708786947044,49.998934426229425,49.99893442622954
172020,0.012,0.15652602985767414,0.05015339956127621,0.12049145130344283,0.15652602985767414,0.05302730228208081,49.998934426229425,49.99893442622948
172080,0.012,0.15649008122960203,0.050153286383954374,0.12046804669171043,0.15649008122960203,0.05302489876656825,49.998934426229425,49.99893442622948
172140,0.012,0.15645416229142253,0.05015317332505869,0.12044466045823594,0.15645416229142253,0.053022498235424334,49.998934426229425,49.99893442622954
172200,0.012,0.15641827299053387,0.050153060384422875,0.1204212925803225,0.15641827299053387,0.053020100683677476,49.998934426229425,49.99893442622948
172260,0.012,0.15638241330319658,0.0501529475618809,0.12039794303531062,0.15638241330319658,0.05301770610636346,49.998934426229425,49.99893442622948
172320,0.012,0.15634658317717878,0.050152834857267084,0.12037461180057876,0.15634658317717878,0.05301531449853169,49.998934426229425,49.99893442622948
172380,0.012,0.15631078258855977,0.050152722270416,0.12035129885354255,0.15631078258855977,0.053012925855237834,49.998934426229425,49.99893442622954
172440,0.012,0.1562750114855985,0.05015260980116255,0.1203280041716554,0.1562750114855985,0.053010540171552295,49.998934426229425,49.99893442622948
172500,0.012,0.15623926984412156,0.05015249744934193,0.12030472773240765,0.15623926984412156,0.05300815744255099,49.998934426229425,49.99893442622948
172560,0.012,0.15620355761287408,0.050152385214789555,0.12028146951332735,0.15620355761287408,0.053005777663324524,49.998934426229425,49.998934426229425
172620,0.012,0.15616787476749533,0.050152273097341216,0.12025822949197937,0.15616787476749533,0.0530034008289695,49.998934426229425,49.99893442622948
172680,0.012,0.1561322212571403,0.05015216109683294,0.12023500764596601,0.1561322212571403,0.05300102693459656,49.998934426229425,49.99893442622948
172740,0.012,0.15609659705731438,0.050152049213101034,0.1202118039529263,0.15609659705731438,0.05299865597532271,49.998934426229425,49.99893442622948
172800,0.012,0.15606100211756224,0.05015193744598215,0.12018861839053659,0.15606100211756224,0.05299628794627883,49.998934426229425,49.998934426229425
172860,0.012,0.1560254364132533,0.05015182579531317,0.12016545093650978,0.1560254364132533,0.052993922842601945,49.998934426229425,49.99893442622948
172920,0.012,0.15598989989433099,0.05015171426093128,0.1201423015685959,0.15598989989433099,0.0529915606594431,49.998934426229425,49.99893442622948
172980,0.012,0.15595439253602122,0.05015160284267398,0.12011917026458142,0.15595439253602122,0.05298920139195939,49.998934426229425,49.99893442622954
173040,0.011999999999999999,0.15591891428344976,0.050151491540381045,0.12009605700228969,0.15591891428344976,0.052986845035316386,49.99893442622948,49.998934426229425
173100,0.012,0.15588346511515314,0.050151380353885076,0.1200729617595801,0.15588346511515314,0.05298449158472034,49.998934426229425,49.998934426229425
173160,0.012000000000000002,0.15584804499112884,0.05015126928303268,0.12004988451434978,0.15584804499112884,0.05298214103529921,49.99893442622948,49.99893442622948
173220,0.012,0.1558126538742023,0.05015115832765103,0.1200268252445307,0.1558126538742023,0.0529797933823327,49.998934426229425,49.99893442622948
173280,0.012,0.15577729172586127,0.05015104748758764,0.12000378392809301,0.15577729172586127,0.05297744862095446,49.998934426229425,49.99893442622948
173340,0.012,0.15574195851005146,0.05015093676268031,0.11998076054304187,0.15574195851005146,0.052975106746425554,49.998934426229425,49.99893442622948
173400,0.012,0.15570665418894072,0.050150826152767995,0.11995775506741886,0.15570665418894072,0.0529727677539652,49.998934426229425,49.998934426229425
173460,0.012,0.15567137872646075,0.050150715657690276,0.11993476747930185,0.15567137872646075,0.05297043163881149,49.998934426229425,49.99893442622948
173520,0.012,0.1556361320851789,0.05015060527728719,0.1199117977568048,0.1556361320851789,0.052968098396212984,49.998934426229425,49.99893442622948
173580,0.012,0.15560091422882735,0.05015049501139898,0.11988884587807745,0.15560091422882735,0.052965768021424414,49.998934426229425,49.99893442622948
173640,0.012,0.15556572512042394,0.050150384859866226,0.11986591182130583,0.15556572512042394,0.0529634405097175,49.998934426229425,49.99893442622948
173700,0.012,0.15553056472375795,0.05015027482252979,0.11984299556471135,0.15553056472375795,0.0529611158563654,49.998934426229425,49.99893442622948
173760,0.012,0.15549543300188395,0.05015016489923079,0.11982009708655168,0.15549543300188395,0.05295879405665864,49.998934426229425,49.99893442622954
173820,0.012,0.1554603299188681,0.050150055089810644,0.11979721636511977,0.1554603299188681,0.05295647510589115,49.998934426229425,49.99893442622954
173880,0.012,0.15542525543779578,0.050149945394111,0.11977435337874445,0.15542525543779578,0.05295415899937097,49.998934426229425,49.99893442622948
173940,0.012,0.15539020952284846,0.05014983581197387,0.11975150810578998,0.15539020952284846,0.052951845732413,49.998934426229425,49.99893442622948
174000,0.012,0.1553551921373339,0.050149726343241496,0.11972868052465618,0.1553551921373339,0.05294953530034379,49.998934426229425,49.99893442622948
174060,0.012,0.15532020324541657,0.05014961698775635,0.11970587061377816,0.15532020324541657,0.05294722769849732,49.998934426229425,49.998934426229425
174120,0.012,0.15528524281067177,0.050149507745361234,0.11968307835162659,0.15528524281067177,0.05294492292221995,49.998934426229425,49.99893442622954
174180,0.012,0.1552503107972787,0.050149398615899184,0.1196603037167071,0.1552503107972787,0.05294262096686403,49.998934426229425,49.99893442622948
174240,0.012,0.15521540716900703,0.050149289599213574,0.11963754668756083,0.15521540716900703,0.05294032182779529,49.998934426229425,49.99893442622948
174300,0.012,0.15518053189011474,0.05014918069514798,0.11961480724276374,0.15518053189011474,0.05293802550038507,49.998934426229425,49.998934426229425
174360,0.012,0.1551456849245238,0.05014907190354629,0.1195920853609271,0.1551456849245238,0.05293573198001777,49.998934426229425,49.99893442622948
174420,0.012,0.15511086623658016,0.05014896322425263,0.11956938102069689,0.15511086623658016,0.05293344126208399,49.998934426229425,49.99893442622954
174480,0.012,0.15507607579036908,0.050148854657111455,0.1195466942007543,0.15507607579036908,0.05293115334198661,49.998934426229425,49.99893442622948
174540,0.012,0.1550413135503059,0.05014874620196741,0.11952402487981503,0.1550413135503059,0.052928868215135344,49.998934426229425,49.998934426229425
174600,0.012,0.15500657948065463,0.0501486378586655,0.11950137303662987,0.15500657948065463,0.052926585876951704,49.998934426229425,49.998934426229425
174660,0.012,0.15497187354589248,0.05014852962705093,0.119478738649984,0.15497187354589248,0.052924306322864136,49.998934426229425,49.99893442622948
174720,0.012,0.1549371957104597,0.05014842150696921,0.11945612169869747,0.1549371957104597,0.05292202954831286,49.998934426229425,49.99893442622948
174780,0.012,0.15490254593890193,0.05014831349826606,0.11943352216162467,0.15490254593890193,0.0529197555487449,49.998934426229425,49.99893442622948
174840,0.011999999999999999,0.15486792419582548,0.050148205600789614,0.11941094001765479,0.15486792419582548,0.0529174843196083,49.99893442622948,49.99893442622954
174900,0.012,0.1548333304458534,0.05014809781438077,0.1193883752457108,0.1548333304458534,0.052915215856409646,49.998934426229425,49.99893442622948
174960,0.012000000000000002,0.15479876465374992,0.0501479901388942,0.11936582782475093,0.15479876465374992,0.052912950154556236,49.99893442622948,49.99893442622948
175020,0.012,0.15476422678421983,0.05014788257416557,0.11934329773376663,0.15476422678421983,0.05291068720961793,49.998934426229425,49.99893442622954
175080,0.012,0.15472971680218292,0.05014777512005038,0.11932078495178454,0.15472971680218292,0.052908427017007036,49.998934426229425,49.998934426229425
175140,0.012,0.15469523467242546,0.05014766777639464,0.11929828945786485,0.15469523467242546,0.05290616957227227,49.998934426229425,49.99893442622948
175200,0.012,0.1546607803600218,0.05014756054304548,0.11927581123110195,0.1546607803600218,0.052903914870920325,49.998934426229425,49.99893442622948
175260,0.012,0.15462635382984016,0.050147453419850656,0.11925335025062421,0.15462635382984016,0.052901662908470704,49.998934426229425,49.99893442622954
175320,0.012,0.15459195504710802,0.050147346406658355,0.119230906495594,0.15459195504710802,0.05289941368045493,49.998934426229425,49.998934426229425
175380,0.012,0.1545575839767764,0.05014723950331691,0.11920847994520742,0.1545575839767764,0.05289716718241219,49.998934426229425,49.99893442622954
175440,0.012,0.15452324058422345,0.05014713270967503,0.11918607057869449,0.15452324058422345,0.0528949234098924,49.998934426229425,49.99893442622954
175500,0.012,0.15448892483448434,0.05014702602558161,0.11916367837531883,0.15448892483448434,0.05289268235845292,49.998934426229425,49.99893442622948
175560,0.012,0.15445463669308623,0.05014691945088591,0.11914130331437783,0.15445463669308623,0.052890444023661644,49.998934426229425,49.99893442622948
175620,0.012,0.15442037612514908,0.05014681298543732,0.11911894537520237,0.15442037612514908,0.052888208401094074,49.998934426229425,49.99893442622954
175680,0.012,0.1543861430985135,0.050146706629085686,0.11909660453715716,0.1543861430985135,0.052885975486323476,49.998934426229425,49.99893442622948
175740,0.012,0.15435193757184232,0.05014660038168086,0.11907428077963962,0.15435193757184232,0.05288374527496199,49.998934426229425,49.99893442622948
175800,0.012,0.15431775952108656,0.05014649424307308,0.11905197408208142,0.15431775952108656,0.05288151776261267,49.998934426229425,49.99893442622948
175860,0.012,0.15428360889828358,0.05014638821311287,0.11902968442394697,0.15428360889828358,0.05287929294488378,49.998934426229425,49.99893442622948
175920,0.012,0.1542494856844986,0.050146282291650995,0.11900741178473381,0.1542494856844986,0.052877070817391805,49.998934426229425,49.99893442622954
175980,0.012,0.15421538982971356,0.05014617647853843,0.1189851561439732,0.15421538982971356,0.05287485137576958,49.998934426229425,49.99893442622948
176040,0.012,0.154181321316405,0.050146070773626476,0.11896291748122935,0.154181321316405,0.0528726346156563,49.998934426229425,49.99893442622948
176100,0.012,0.15414728009304896,0.05014596517676669,0.11894069577609907,0.15414728009304896,0.052870420532695764,49.998934426229425,49.99893442622948
176160,0.012,0.15411326614250284,0.05014585968781076,0.11891849100821272,0.15411326614250284,0.05286820912254576,49.998934426229425,49.99893442622948
176220,0.012,0.15407927941350483,0.050145754306610786,0.11889630315723344,0.15407927941350483,0.052866000380872705,49.998934426229425,49.99893442622954
176280,0.012,0.15404531988948358,0.05014564903301908,0.11887413220285671,0.15404531988948358,0.052863794303345646,49.998934426229425,49.99893442622948
176340,0.012,0.1540113875196831,0.05014554386688811,0.11885197812481177,0.1540113875196831,0.05286159088565388,49.998934426229425,49.99893442622948
176400,0.012,0.1539774822865141,0.0501454388080707,0.1188298409028595,0.1539774822865141,0.05285939012348206,49.998934426229425,49.99893442622948
176460,0.012,0.15394360413994626,0.050145333856419914,0.11880772051679428,0.15394360413994626,0.052857192012533805,49.998934426229425,49.99893442622948
176520,0.012,0.15390975306230636,0.05014522901178902,0.11878561694644245,0.15390975306230636,0.05285499654851527,49.998934426229425,49.99893442622948
176580,0.012,0.15387592900511293,0.05014512427403385,0.1187635301714867,0.15387592900511293,0.05285280372554158,49.998934426229425,49.99893442622948
176640,0.011999999999999999,0.15384213194289278,0.05014501964300799,0.1187414601720026,0.15384213194289278,0.05285061354163176,49.99893442622948,49.998934426229425
176700,0.012,0.15380836184077487,0.050144915118560174,0.11871940692791068,0.15380836184077487,0.052848425992287035,49.998934426229425,49.99893442622948
176760,0.012000000000000002,0.1537746186656396,0.050144810700552586,0.11869737041916573,0.1537746186656396,0.052846241072959974,49.99893442622948,49.99893442622948
176820,0.012,0.1537409023830163,0.05014470638882879,0.11867535062575543,0.1537409023830163,0.05284405877936743,49.998934426229425,49.99893442622948
176880,0.012,0.15370721296035925,0.05014460218325186,0.11865334752770089,0.15370721296035925,0.052841879107129834,49.998934426229425,49.99893442622954
176940,0.012,0.1536735503633769,0.050144498083675486,0.1186313611050545,0.1536735503633769,0.052839702052028203,49.998934426229425,49.99893442622948
177000,0.012,0.15363991455937057,0.050144394089954476,0.11860939133790133,0.15363991455937057,0.0528375276098211,49.998934426229425,49.99893442622948
177060,0.012,0.15360630551467516,0.050144290201944317,0.1185874382063585,0.15360630551467516,0.05283535577628832,49.998934426229425,49.99893442622948
177120,0.012,0.1535727231961121,0.050144186419500754,0.11856550169057478,0.1535727231961121,0.052833186547221744,49.998934426229425,49.99893442622954
177180,0.012,0.15353916757065192,0.050144082742479806,0.11854358177073131,0.15353916757065192,0.05283101991842789,49.998934426229425,49.998934426229425
177240,0.012,0.15350563860508032,0.05014397917073777,0.11852167842704053,0.15350563860508032,0.05282885588571874,49.998934426229425,49.99893442622948
177300,0.012,0.15347213626623296,0.050143875704131195,0.11849979163974692,0.15347213626623296,0.052826694444918235,49.998934426229425,49.99893442622948
177360,0.012,0.15343866052131871,0.050143772342516865,0.11847792138912644,0.15343866052131871,0.05282453559185635,49.998934426229425,49.99893442622948
177420,0.012,0.15340521133709561,0.05014366908575184,0.11845606765548669,0.15340521133709561,0.05282237932237202,49.998934426229425,49.99893442622948
177480,0.012,0.1533717886809792,0.050143565933693346,0.11843423041916686,0.1533717886809792,0.05282022563231307,49.998934426229425,49.99893442622954
177540,0.012,0.15333839251985656,0.0501434628861989,0.11841240966053757,0.15333839251985656,0.05281807451753383,49.998934426229425,49.99893442622948
177600,0.012,0.15330502282112068,0.050143359943126284,0.11839060536000084,0.15330502282112068,0.052815925973897615,49.998934426229425,49.99893442622948
177660,0.012,0.1532716795519522,0.050143257104333504,0.11836881749799014,0.1532716795519522,0.052813779997275406,49.998934426229425,49.99893442622954
177720,0.012,0.1532383626796903,0.050143154369678804,0.11834704605497005,0.1532383626796903,0.05281163658354563,49.998934426229425,49.99893442622948
177780,0.012,0.1532050721717413,0.05014305173902066,0.11832529101143667,0.1532050721717413,0.05280949572859583,49.998934426229425,49.99893442622954
177840,0.012,0.1531718079954841,0.05014294921221777,0.11830355234791692,0.1531718079954841,0.05280735742832014,49.998934426229425,49.998934426229425
177900,0.012,0.15313857011845555,0.050142846789129114,0.11828183004496916,0.15313857011845555,0.05280522167862208,49.998934426229425,49.998934426229425
177960,0.012,0.15310535850813697,0.05014274446961392,0.11826012408318252,0.15310535850813697,0.0528030884754121,49.998934426229425,49.99893442622954
178020,0.012,0.15307217313217406,0.0501426422535316,0.11823843444317733,0.15307217313217406,0.0528009578146094,49.998934426229425,49.99893442622948
178080,0.012,0.15303901395814323,0.05014254014074188,0.1182167611056047,0.15303901395814323,0.052798829692140906,49.998934426229425,49.998934426229425
178140,0.012,0.15300588095382853,0.050142438131104645,0.11819510405114673,0.15300588095382853,0.0527967041039417,49.998934426229425,49.99893442622954
178200,0.012,0.1529727740804019,0.05014233622448022,0.1181734632605157,0.1529727740804019,0.05279458104595638,49.998934426229425,49.998934426229425
178260,0.012,0.15293969331136767,0.05014223442072881,0.11815183871445561,0.15293969331136767,0.05279246051413176,49.998934426229425,49.99893442622948
178320,0.012,0.15290663862529777,0.050142132719711054,0.11813023039374078,0.15290663862529777,0.05279034250442934,49.998934426229425,49.99893442622954
178380,0.012,0.1528736099715829,0.05014203112128785,0.11810863827917653,0.1528736099715829,0.0527882270128203,49.998934426229425,49.99893442622948
178440,0.011999999999999999,0.15284060733752786,0.05014192962532223,0.11808706235159798,0.15284060733752786,0.05278611403526494,49.99893442622948,49.99893442622948
178500,0.012,0.1528076306702973,0.050141828231670425,0.11806550259187101,0.1528076306702973,0.052784003567788354,49.998934426229425,49.99893442622954
178560,0.012000000000000002,0.15277467995850283,0.0501417269402018,0.11804395898089225,0.15277467995850283,0.05278189560631168,49.99893442622948,49.998934426229425
178620,0.012,0.15274175514929053,0.05014162575076736,0.11802243149958819,0.15274175514929053,0.05277979014691901,49.998934426229425,49.99893442622948
178680,0.012,0.15270885623210767,0.05014152466323736,0.11800092012891612,0.15270885623210767,0.05277768718553475,49.998934426229425,49.99893442622954
178740,0.012,0.15267598315385408,0.050141423677472687,0.11797942484986347,0.15267598315385408,0.0527755867182203,49.998934426229425,49.99893442622954
178800,0.012,0.15264313590396397,0.05014132279333546,0.11795794564344761,0.15264313590396397,0.05277348874099001,49.998934426229425,49.99893442622948
178860,0.012,0.1526103144299649,0.05014122201068827,0.11793648249071652,0.1526103144299649,0.05277139324987535,49.998934426229425,49.99893442622948
178920,0.012,0.15257751872070743,0.050141121329394064,0.11791503537274771,0.15257751872070743,0.05276930024091249,49.998934426229425,49.99893442622948
178980,0.012,0.15254474872442883,0.05014102074931602,0.11789360427064927,0.15254474872442883,0.052767209710150136,49.998934426229425,49.99893442622954
179040,0.012,0.15251200442949303,0.050140920270317656,0.11787218916555872,0.15251200442949303,0.05276512165364063,49.998934426229425,49.998934426229425
179100,0.012,0.1524792857847574,0.05014081989226258,0.117850790038644,0.1524792857847574,0.052763036067448116,49.998934426229425,49.99893442622948
179160,0.012,0.15244659277827868,0.05014071961501472,0.1178294068711024,0.15244659277827868,0.05276095294764081,49.998934426229425,49.99893442622948
179220,0.012,0.15241392535942877,0.050140619438438214,0.11780803964416146,0.15241392535942877,0.052758872290298395,49.998934426229425,49.99893442622948
179280,0.012,0.15238128351596966,0.0501405193623974,0.11778668833907802,0.15238128351596966,0.052756794091504675,49.998934426229425,49.998934426229425
179340,0.012,0.15234866719778312,0.050140419386756875,0.11776535293713898,0.15234866719778312,0.05275471834735487,49.998934426229425,49.998934426229425
179400,0.012,0.1523160763923079,0.05014031951138153,0.11774403341966047,0.1523160763923079,0.05275264505394831,49.998934426229425,49.99893442622948
179460,0.012,0.15228351104994595,0.05014021973613633,0.11772272976798856,0.15228351104994595,0.05275057420739561,49.998934426229425,49.99893442622948
179520,0.012,0.15225097115782937,0.050140120060886605,0.11770144196349841,0.15225097115782937,0.05274850580381157,49.998934426229425,49.99893442622948
179580,0.012,0.1522184566668517,0.050140020485497816,0.11768016998759502,0.1522184566668517,0.0527464398393221,49.998934426229425,49.998934426229425
179640,0.012,0.15218596756387473,0.050139921009835726,0.11765891382171235,0.15218596756387473,0.052744376310057454,49.998934426229425,49.998934426229425
179700,0.012,0.152153503800253,0.05013982163376632,0.11763767344731413,0.152153503800253,0.052742315212158795,49.998934426229425,49.99893442622948
179760,0.012,0.15212106536260164,0.05013972235715574,0.1176164488458929,0.15212106536260164,0.052740256541771655,49.998934426229425,49.99893442622948
179820,0.012,0.15208865220271917,0.0501396231798704,0.11759523999897077,0.15208865220271917,0.05273820029505241,49.998934426229425,49.99893442622948
179880,0.012,0.15205626430698382,0.050139524101776946,0.11757404688809875,0.15205626430698382,0.05273614646816185,49.998934426229425,49.99893442622948
179940,0.012,0.15202390162762372,0.050139425122742234,0.1175528694948571,0.15202390162762372,0.05273409505727149,49.998934426229425,49.998934426229425
180000,0.012,0.15199156415079507,0.050139326242633356,0.11753170780085496,0.15199156415079507,0.05273204605855727,49.998934426229425,49.99893442622948
180060,0.012,0.1519592518291405,0.050139227461317604,0.11751056178773066,0.1519592518291405,0.05272999946820577,49.998934426229425,49.99893442622948
180120,0.012,0.15192696464860975,0.05013912877866253,0.11748943143715113,0.15192696464860975,0.05272795528240802,49.998934426229425,49.99893442622954
180180,0.012,0.15189470256224388,0.050139030194535895,0.11746831673081254,0.15189470256224388,0.052725913497365585,49.998934426229425,49.99893442622954
180240,0.011999999999999999,0.15186246555580032,0.05013893170880755,0.11744721765043963,0.15186246555580032,0.0527238741092741,49.99893442622948,49.99893442622954
180300,0.012,0.1518302535827056,0.05013883332134064,0.11742613417778573,0.1518302535827056,0.05272183711438974,49.998934426229425,49.998934426229425
180360,0.012000000000000002,0.1517980666285356,0.05013873503201127,0.1174050662946333,0.1517980666285356,0.052719802508865835,49.99893442622948,49.99893442622948
180420,0.012,0.15176590464709,0.05013863684067753,0.11738401398279298,0.15176590464709,0.0527177702890168,49.998934426229425,49.99893442622948
180480,0.012,0.15173376762377455,0.05013853874721617,0.11736297722410434,0.15173376762377455,0.052715740450998014,49.998934426229425,49.99893442622954
180540,0.012,0.15170165551275058,0.05013844075149502,0.11734195600043537,0.15170165551275058,0.05271371299109997,49.998934426229425,49.99893442622954
180600,0.012,0.15166956829926437,0.050138342853382936,0.11732095029368236,0.15166956829926437,0.0527116879055667,49.998934426229425,49.99893442622954
180660,0.012,0.15163750593782865,0.0501382450527493,0.1172999600857703,0.15163750593782865,0.05270966519065764,49.998934426229425,49.99893442622954
180720,0.012,0.1516054684084848,0.05013814734946387,0.1172789853586524,0.1516054684084848,0.052707644842623656,49.998934426229425,49.99893442622954
180780,0.012,0.15157345568489217,0.050138049743396536,0.11725802609430931,0.15157345568489217,0.05270562685777409,49.998934426229425,49.99893442622948
180840,0.012,0.1515414677219846,0.05013795223441746,0.11723708227475196,0.1515414677219846,0.05270361123236943,49.998934426229425,49.99893442622948
180900,0.012,0.15150950450191786,0.05013785482239707,0.11721615388201782,0.15150950450191786,0.052701597962681285,49.998934426229425,49.99893442622948
180960,0.012,0.15147756599165257,0.05013775750720596,0.11719524089817311,0.15147756599165257,0.05269958704503275,49.998934426229425,49.99893442622954
181020,0.012,0.15144565216190725,0.05013766028871493,0.11717434330531172,0.15144565216190725,0.052697578475720847,49.998934426229425,49.99893442622948
181080,0.012,0.15141376298183767,0.05013756316679505,0.11715346108555602,0.15141376298183767,0.05269557225105559,49.998934426229425,49.99893442622948
181140,0.012,0.15138189842180266,0.05013746614131761,0.11713259422105561,0.15138189842180266,0.052693568367349446,49.998934426229425,49.99893442622948
181200,0.012,0.15135005845229982,0.05013736921215397,0.11711174269398915,0.15135005845229982,0.052691566820933025,49.998934426229425,49.99893442622948
181260,0.012,0.1513182430435223,0.050137272379175896,0.11709090648656198,0.1513182430435223,0.05268956760813352,49.998934426229425,49.998934426229425
181320,0.012,0.15128645216581968,0.05013717564225531,0.11707008558100818,0.15128645216581968,0.05268757072529338,49.998934426229425,49.99893442622948
181380,0.012,0.15125468578980686,0.05013707900126426,0.11704927995958901,0.15125468578980686,0.05268557616875758,49.998934426229425,49.99893442622954
181440,0.012,0.15122294388565038,0.05013698245607514,0.11702848960459375,0.15122294388565038,0.052683583934880346,49.998934426229425,49.998934426229425
181500,0.012,0.15119122642421062,0.05013688600656043,0.11700771449833912,0.15119122642421062,0.052681594020022274,49.998934426229425,49.99893442622948
181560,0.012,0.15115953337568377,0.0501367896525929,0.11698695462316953,0.15115953337568377,0.052679606420551243,49.998934426229425,49.998934426229425
181620,0.012,0.15112786471106657,0.050136693394045556,0.11696620996145692,0.15112786471106657,0.05267762113284212,49.998934426229425,49.99893442622954
181680,0.012,0.15109622040062298,0.05013659723079155,0.11694548049560066,0.15109622040062298,0.05267563815327716,49.998934426229425,49.99893442622948
181740,0.012,0.15106460041546654,0.050136501162704274,0.11692476620802761,0.15106460041546654,0.05267365747824519,49.998934426229425,49.99893442622954
181800,0.012,0.15103300472593356,0.05013640518965732,0.11690406708119198,0.15103300472593356,0.05267167910414263,49.998934426229425,49.99893442622948
181860,0.012,0.15100143330325672,0.05013630931152449,0.11688338309757526,0.15100143330325672,0.05266970302737236,49.998934426229425,49.99893442622954
181920,0.012,0.15096988611783665,0.05013621352817983,0.1168627142396863,0.15096988611783665,0.05266772924434479,49.998934426229425,49.998934426229425
181980,0.012,0.15093836314103018,0.05013611783949756,0.1168420604900611,0.15093836314103018,0.052665757751477034,49.998934426229425,49.99893442622954
182040,0.011999999999999999,0.15090686434330183,0.05013602224535398,0.11682142183126291,0.15090686434330183,0.05266378854518286,49.99893442622948,49.99893442622948
182100,0.012,0.1508753896961254,0.05013592674561881,0.1168007982458818,0.1508753896961254,0.05266182162193277,49.998934426229425,49.99893442622948
182160,0.012000000000000002,0.15084393917004213,0.050135831340174394,0.11678018971653546,0.15084393917004213,0.052659856978097705,49.99893442622948,49.99893442622948
182220,0.012,0.1508125127366243,0.05013573602888543,0.11675959622586782,0.1508125127366243,0.05265789461020504,49.998934426229425,49.99893442622948
182280,0.012,0.15078111036651118,0.05013564081163502,0.11673901775655053,0.15078111036651118,0.052655934514626884,49.998934426229425,49.99893442622948
182340,0.012,0.15074973203135472,0.05013554568829735,0.1167184542912817,0.15074973203135472,0.052653976687865964,49.998934426229425,49.99893442622954
182400,0.012,0.15071837770190372,0.05013545065874768,0.11669790581278641,0.15071837770190372,0.052652021126381336,49.998934426229425,49.99893442622948
182460,0.012,0.15068704735009272,0.050135355722868924,0.11667737230364461,0.15068704735009272,0.05265006782602032,49.998934426229425,49.99893442622948
182520,0.012,0.15065574094340436,0.05013526088052919,0.1166568537468098,0.15065574094340436,0.05264811678415103,49.998934426229425,49.998934426229425
182580,0.012,0.15062445846361344,0.050135166131604805,0.11663635012508632,0.15062445846361344,0.05264616799715487,49.998934426229425,49.99893442622948
182640,0.012,0.15059319986625494,0.050135071475972424,0.11661586142130553,0.15059319986625494,0.05264422146143643,49.998934426229425,49.99893442622948
182700,0.012,0.15056196514094347,0.05013497691350883,0.11659538761832575,0.15056196514094347,0.052642277173443705,49.998934426229425,49.99893442622954
182760,0.012,0.15053075424053233,0.05013488244409104,0.11657492869903185,0.15053075424053233,0.052640335129655685,49.998934426229425,49.99893442622948
182820,0.012,0.15049956715597693,0.05013478806759625,0.1165544846463358,0.15049956715597693,0.05263839532657128,49.998934426229425,49.99893442622948
182880,0.012,0.15046840383866578,0.050134693783901826,0.1165340554431756,0.15046840383866578,0.05263645776070574,49.998934426229425,49.99893442622954
182940,0.012,0.15043726428001802,0.050134599592885354,0.1165136410725158,0.15043726428001802,0.052634522428585295,49.998934426229425,49.99893442622954
183000,0.012,0.15040614843231045,0.050134505494424615,0.11649324151734734,0.15040614843231045,0.05263258932674535,49.998934426229425,49.998934426229425
183060,0.012,0.15037505628663064,0.05013441148839758,0.11647285676068733,0.15037505628663064,0.05263065845172967,49.998934426229425,49.99893442622948
183120,0.012,0.15034398779601232,0.050134317574682404,0.11645248678557905,0.15034398779601232,0.05262872980008955,49.998934426229425,49.99893442622948
183180,0.012,0.15031294295025371,0.05013422375315745,0.11643213157509218,0.15031294295025371,0.05262680336838208,49.998934426229425,49.99893442622948
183240,0.012,0.15028192170328283,0.050134130023701255,0.11641179111232217,0.15028192170328283,0.05262487915317179,49.998934426229425,49.99893442622954
183300,0.012,0.15025092404489096,0.05013403638619261,0.11639146538039076,0.15025092404489096,0.05262295715102879,49.998934426229425,49.99893442622954
183360,0.012,0.15021994992931278,0.050133942840510454,0.11637115436244563,0.15021994992931278,0.05262103735852974,49.998934426229425,49.99893442622948
183420,0.012,0.15018899934614627,0.05013384938653393,0.11635085804166047,0.15018899934614627,0.05261911977225717,49.998934426229425,49.99893442622954
183480,0.012,0.15015807225014602,0.050133756024142384,0.11633057640123479,0.15015807225014602,0.05261720438880024,49.998934426229425,49.99893442622948
183540,0.012,0.15012716861387213,0.05013366275321561,0.11631030942439394,0.15012716861387213,0.052615291204762396,49.998934426229425,49.998934426229425
183600,0.012,0.15009628842592412,0.05013356957363306,0.11629005709438883,0.15009628842592412,0.05261338021673197,49.998934426229425,49.99893442622948
183660,0.012,0.1500654316511967,0.050133476485274685,0.1162698193944973,0.1500654316511967,0.052611471421318244,49.998934426229425,49.99893442622948
183720,0.012,0.1500345982625124,0.05013338348802068,0.11624959630802123,0.1500345982625124,0.05260956481513912,49.998934426229425,49.99893442622948
183780,0.012,0.1500037882297099,0.0501332905817513,0.11622938781829009,0.1500037882297099,0.05260766039481202,49.998934426229425,49.99893442622954
183840,0.011999999999999999,0.14997300152746437,0.05013319776634897,0.1162091939086573,0.14997300152746437,0.05260575815695611,49.99893442622948,49.99893442622948
