time_s,method,rho_d_kg_m3,net_inventory_rate_kg_s,local_positive_loss_rate_kg_s,boundary_net_rate_kg_s,water_balance_residual_kg_s,solver_relative_residual
300.0,moving-reference-moisture,840.5754351922644,-1.1184048219904645e-05,1.1184048219904645e-05,-1.1184048217917814e-05,-1.986830974265788e-15,4.3053654842986855e-12
600.0,moving-reference-moisture,860.8950662778333,-1.0634843790349034e-05,1.0634843790349034e-05,-1.0634843790017053e-05,-3.3198101114916695e-16,8.637277630010018e-12
900.0,moving-reference-moisture,880.7421937339468,-9.017746312588687e-06,9.017746312588687e-06,-9.017746294953683e-06,-1.7635004039202352e-14,4.8376158852228686e-11
1200.0,moving-reference-moisture,899.8786516217094,-8.288783527194529e-06,8.288783527194529e-06,-8.288783530906207e-06,3.71167804607761e-15,1.087167925520898e-11
1500.0,moving-reference-moisture,918.0465877280382,-7.698985213798711e-06,7.698985213798711e-06,-7.698985215013504e-06,1.214792630095489e-15,1.1147899271487151e-11
1800.0,moving-reference-moisture,934.9713194697231,-7.315697580108604e-06,7.315697580108604e-06,-7.315697582979905e-06,2.871301083722834e-15,5.757432995796195e-12
2100.0,moving-reference-moisture,950.3006299465071,-6.9999283452633115e-06,6.9999283452633115e-06,-6.999928350342143e-06,5.0788315745934134e-15,9.43229758247554e-12
2400.0,moving-reference-moisture,964.2417015822199,-6.776741756699128e-06,6.776741756699128e-06,-6.776741757888234e-06,1.189105508937055e-15,4.2208013921657974e-12
2700.0,moving-reference-moisture,977.3996367576663,-6.6036151436290915e-06,6.6036151436290915e-06,-6.603615146003658e-06,2.3745662351020748e-15,6.697852566559026e-12
3000.0,moving-reference-moisture,990.4406596149792,-6.4415540066847725e-06,6.4415540066847725e-06,-6.441554009503744e-06,2.8189713882414633e-15,8.88731953616063e-12
3300.0,moving-reference-moisture,1004.0885685643335,-6.333114712630291e-06,6.333114712630291e-06,-6.333114718334981e-06,5.704689819759513e-15,1.5345419453388172e-11
3600.0,moving-reference-moisture,1019.12854566628,-6.230578881431296e-06,6.230578881431296e-06,-6.2305788865741985e-06,5.142902840789623e-15,1.3716508018632966e-11
3900.0,moving-reference-moisture,1035.9038954806126,-6.141265384652073e-06,6.141265384652073e-06,-6.141265388901086e-06,4.249012877926162e-15,1.228433303104438e-11
4200.0,moving-reference-moisture,1053.968305257669,-6.05598383825184e-06,6.05598383825184e-06,-6.055983839628899e-06,1.3770587318009953e-15,8.08130096049763e-12
4500.0,moving-reference-moisture,1072.9472408069657,-5.98656874694741e-06,5.98656874694741e-06,-5.986568746744353e-06,-2.0305666734643166e-16,7.762694586049726e-12
4800.0,moving-reference-moisture,1092.4232731585973,-5.929223103407119e-06,5.929223103407119e-06,-5.9292231016933835e-06,-1.71373569360974e-15,9.593866996471513e-12
5100.0,moving-reference-moisture,1111.9307367576737,-5.852420679162498e-06,5.852420679162498e-06,-5.8524206760289254e-06,-3.1335729773788665e-15,1.2290963569969176e-11
5400.0,moving-reference-moisture,1130.9529761475812,-5.792240303784621e-06,5.792240303784621e-06,-5.7922402987359645e-06,-5.048656872880426e-15,1.5273100096216772e-11
5700.0,moving-reference-moisture,1150.269271793424,-5.742623084871936e-06,5.742623084871936e-06,-5.742623077483422e-06,-7.388514238902862e-15,1.9240219268337307e-11
6000.0,moving-reference-moisture,1170.5016747857062,-5.691254408840928e-06,5.691254408840928e-06,-5.69125440043345e-06,-8.40747793379084e-15,2.1398019621372937e-11
6300.0,moving-reference-moisture,1190.7941472245411,-5.63314579394002e-06,5.63314579394002e-06,-5.633145786616348e-06,-7.32367217272465e-15,2.107398003482976e-11
6600.0,moving-reference-moisture,1210.1990647035411,-5.573367662390076e-06,5.573367662390076e-06,-5.573367655541137e-06,-6.848939004908822e-15,2.1718658647602792e-11
6900.0,moving-reference-moisture,1227.680472851135,-5.522663288629561e-06,5.522663288629561e-06,-5.522663282012831e-06,-6.616730004616739e-15,2.5141210892150076e-11
7200.0,moving-reference-moisture,1242.130177514793,-5.458892758366522e-06,5.458892758366522e-06,-5.4588927478027674e-06,-1.0563754461023062e-14,2.831401462006854e-11
7500.0,moving-reference-moisture,1253.7125606143777,-5.394240511927477e-06,5.394240511927477e-06,-5.39424050363777e-06,-8.289707319837549e-15,2.93295689278484e-11
7800.0,moving-reference-moisture,1263.700479839781,-5.327908183424688e-06,5.327908183424688e-06,-5.327908174709929e-06,-8.714758617165124e-15,2.98506043883664e-11
8100.0,moving-reference-moisture,1272.639205011921,-5.263503091578485e-06,5.263503091578485e-06,-5.2635030808579e-06,-1.0720585152306037e-14,3.6360094431968496e-11
8400.0,moving-reference-moisture,1281.10490560437,-5.216813487995272e-06,5.216813487995272e-06,-5.21681348443607e-06,-3.559201951176469e-15,1.5254944028420553e-11
8700.0,moving-reference-moisture,1289.6996718727764,-5.160844457336929e-06,5.160844457336929e-06,-5.160844453307228e-06,-4.029700801288973e-15,2.33954063414256e-11
9000.0,moving-reference-moisture,1299.050544551691,-5.125847294599734e-06,5.125847294599734e-06,-5.125847289684526e-06,-4.9152076790734585e-15,1.9898179195498408e-11
9300.0,moving-reference-moisture,1309.0056834325628,-5.0763763148480685e-06,5.0763763148480685e-06,-5.07637630972308e-06,-5.124988093955195e-15,2.791403658310307e-11
9600.0,moving-reference-moisture,1319.0375341624174,-5.020725397806675e-06,5.020725397806675e-06,-5.020725395707099e-06,-2.099576141743019e-15,2.2962148050478277e-11
9900.0,moving-reference-moisture,1329.2328031622692,-4.982709796503863e-06,4.982709796503863e-06,-4.982709793872902e-06,-2.6309605671371097e-15,7.303562172151283e-12
10200.0,moving-reference-moisture,1339.6822206160532,-4.937211709055557e-06,4.937211709055557e-06,-4.937211706365706e-06,-2.689850532794965e-15,7.865837305660223e-12
10500.0,moving-reference-moisture,1350.4807886755227,-4.892359710403173e-06,4.892359710403173e-06,-4.892359706597396e-06,-3.805776630253985e-15,2.8161795916082167e-11
10800.0,moving-reference-moisture,1361.7281326389625,-4.869183690019042e-06,4.869183690019042e-06,-4.869183681917744e-06,-8.101297546215039e-15,3.0283027051592315e-11
11100.0,moving-reference-moisture,1373.7556912825164,-4.828637841606373e-06,4.828637841606373e-06,-4.828637837640997e-06,-3.9653762722415345e-15,2.527848174685607e-11
11400.0,moving-reference-moisture,1386.5949295342753,-4.798206665298776e-06,4.798206665298776e-06,-4.798206661664684e-06,-3.6340915221750106e-15,1.0449096831603578e-11
11700.0,moving-reference-moisture,1399.8850850185918,-4.751522958302943e-06,4.751522958302943e-06,-4.751522959906941e-06,1.6039983401282092e-15,1.2706406901918107e-11
12000.0,moving-reference-moisture,1413.2444776697705,-4.727008430898178e-06,4.727008430898178e-06,-4.727008426902736e-06,-3.995441706704326e-15,1.1297218563555181e-11
12300.0,moving-reference-moisture,1426.2691901783307,-4.680271218334472e-06,4.680271218334472e-06,-4.680271219218071e-06,8.835993595872685e-16,1.2029708970254116e-11
12600.0,moving-reference-moisture,1438.5333976579973,-4.654628648200936e-06,4.654628648200936e-06,-4.654628643958658e-06,-4.242278118962543e-15,1.2266226305995984e-11
12900.0,moving-reference-moisture,1450.0237497580672,-4.6216788718717335e-06,4.6216788718717335e-06,-4.621678868087017e-06,-3.784716850086401e-15,1.2740607223887056e-11
13200.0,moving-reference-moisture,1461.0936850279866,-4.582330347964381e-06,4.582330347964381e-06,-4.5823303485289066e-06,5.645254364883626e-16,1.3219459475138084e-11
13500.0,moving-reference-moisture,1471.856952408206,-4.5584450832336934e-06,4.5584450832336934e-06,-4.558445077254267e-06,-5.9794266502673395e-15,1.572765502119623e-11
13800.0,moving-reference-moisture,1482.4332843844757,-4.512627677360354e-06,4.512627677360354e-06,-4.5126276787022e-06,1.3418458781177395e-15,1.6896054018393393e-11
14100.0,moving-reference-moisture,1492.9481432097539,-4.4923472460321015e-06,4.4923472460321015e-06,-4.492347239773856e-06,-6.258245332547985e-15,1.662079903031577e-11
14400.0,moving-reference-moisture,1503.5326140518873,-4.463622883941807e-06,4.463622883941807e-06,-4.463622879840647e-06,-4.101159888851135e-15,1.4724640469955093e-11
14700.0,moving-reference-moisture,1514.2930291995035,-4.42795886901311e-06,4.42795886901311e-06,-4.427958868465108e-06,-5.480015177533257e-16,1.37860184462643e-11
15000.0,moving-reference-moisture,1525.1506851970596,-4.398551261243246e-06,4.398551261243246e-06,-4.3985512580610615e-06,-3.1821841982217908e-15,1.3910965965077602e-11
15300.0,moving-reference-moisture,1535.958686810848,-4.3697043618089265e-06,4.3697043618089265e-06,-4.3697043587610665e-06,-3.0478600193803093e-15,1.4260210408263738e-11
15600.0,moving-reference-moisture,1546.5638821052055,-4.341484648588449e-06,4.341484648588449e-06,-4.341484645284187e-06,-3.3042619747118696e-15,1.479319166037043e-11
15900.0,moving-reference-moisture,1556.806998144511,-4.313638960634527e-06,4.313638960634527e-06,-4.313638956973553e-06,-3.66097380682202e-15,1.5480995619275797e-11
16200.0,moving-reference-moisture,1566.5230209632302,-4.286022412288018e-06,4.286022412288018e-06,-4.286022408018626e-06,-4.2693916436041535e-15,1.6386004512353608e-11
16500.0,moving-reference-moisture,1575.530660552386,-4.258506945890112e-06,4.258506945890112e-06,-4.25850694073417e-06,-5.155942065979656e-15,1.772827566399503e-11
16800.0,moving-reference-moisture,1583.946207672391,-4.231255814785875e-06,4.231255814785875e-06,-4.231255808808363e-06,-5.977512355806545e-15,1.9159121416415876e-11
17100.0,moving-reference-moisture,1592.054919846843,-4.20454878056775e-06,4.20454878056775e-06,-4.204548774041477e-06,-6.52627281508061e-15,2.0228157472896555e-11
17400.0,moving-reference-moisture,1600.15168646394,-4.178608920573779e-06,4.178608920573779e-06,-4.178608913841527e-06,-6.732251746095069e-15,2.091553525850606e-11
17700.0,moving-reference-moisture,1608.5406488097613,-4.15361243117598e-06,4.15361243117598e-06,-4.1536124246254505e-06,-6.550529297591132e-15,2.0920851402295782e-11
18000.0,moving-reference-moisture,1617.5356646888022,-4.129701794606565e-06,4.129701794606565e-06,-4.129701788749661e-06,-5.856904181479952e-15,2.0162322546296043e-11
18300.0,moving-reference-moisture,1627.3489162940286,-4.106898440366922e-06,4.106898440366922e-06,-4.1068984355635394e-06,-4.803382389376946e-15,1.8960656407156236e-11
18600.0,moving-reference-moisture,1637.807119084327,-4.084888171913174e-06,4.084888171913174e-06,-4.084888168017163e-06,-3.896011050124985e-15,1.7995417716338914e-11
18900.0,moving-reference-moisture,1648.6469471569706,-4.063342345053209e-06,4.063342345053209e-06,-4.063342341837953e-06,-3.215256599647335e-15,1.7398203424847284e-11
19200.0,moving-reference-moisture,1659.5947475578125,-4.041999836223669e-06,4.041999836223669e-06,-4.041999833415112e-06,-2.8085562711220244e-15,1.7265521615322922e-11
19500.0,moving-reference-moisture,1670.3658395030309,-4.020651632558748e-06,4.020651632558748e-06,-4.020651629804683e-06,-2.7540649475592607e-15,1.7408289630676147e-11
19800.0,moving-reference-moisture,1680.66451835383,-3.99912746349623e-06,3.99912746349623e-06,-3.999127460345629e-06,-3.1506008807175197e-15,1.785634401605212e-11
20100.0,moving-reference-moisture,1690.600394895544,-3.9776180224138164e-06,3.9776180224138164e-06,-3.977618018830167e-06,-3.58364986313307e-15,1.8402449195340758e-11
20400.0,moving-reference-moisture,1700.4399461698388,-3.9564022153900045e-06,3.9564022153900045e-06,-3.956402211608295e-06,-3.781709883123648e-15,1.872702630497729e-11
20700.0,moving-reference-moisture,1710.1131714941987,-3.935429027203637e-06,3.935429027203637e-06,-3.935429023144966e-06,-4.058671022150965e-15,1.9138472562595628e-11
21000.0,moving-reference-moisture,1719.5478468009794,-3.914643626010396e-06,3.914643626010396e-06,-3.914643621565549e-06,-4.4448468953313565e-15,1.9720655138170964e-11
21300.0,moving-reference-moisture,1728.669634872031,-3.894000920693272e-06,3.894000920693272e-06,-3.894000915718455e-06,-4.974816775703533e-15,2.058097753899083e-11
21600.0,moving-reference-moisture,1737.4022446389488,-3.873461691000052e-06,3.873461691000052e-06,-3.873461685328124e-06,-5.671928279425611e-15,2.1833432066375484e-11
21900.0,moving-reference-moisture,1745.6323218975344,-3.852964449772329e-06,3.852964449772329e-06,-3.852964443154222e-06,-6.618107280188974e-15,2.3719317512601854e-11
22200.0,moving-reference-moisture,1753.4172317955504,-3.832585543690033e-06,3.832585543690033e-06,-3.8325855360867595e-06,-7.603273513448559e-15,2.5858264970424366e-11
22500.0,moving-reference-moisture,1760.939593437871,-3.8124794471372003e-06,3.8124794471372003e-06,-3.812479438792561e-06,-8.344639100532885e-15,2.755868495014183e-11
22800.0,moving-reference-moisture,1768.3872049511801,-3.792770357020694e-06,3.792770357020694e-06,-3.792770348064968e-06,-8.955725938131816e-15,2.977983552290368e-11
23100.0,moving-reference-moisture,1775.9528001955557,-3.77355701503212e-06,3.77355701503212e-06,-3.773557006005828e-06,-9.026292252967572e-15,2.997380121499456e-11
23400.0,moving-reference-moisture,1783.8341121292017,-3.7549200593930566e-06,3.7549200593930566e-06,-3.7549200507106284e-06,-8.682428216601375e-15,2.9061437416144847e-11
23700.0,moving-reference-moisture,1792.1373744797045,-3.7368566512941247e-06,3.7368566512941247e-06,-3.7368566438382493e-06,-7.455875381066207e-15,2.5682525909460384e-11
24000.0,moving-reference-moisture,1800.7336336725632,-3.7191937862513926e-06,3.7191937862513926e-06,-3.7191937795641e-06,-6.687292507804232e-15,2.3925572784943276e-11
24300.0,moving-reference-moisture,1809.4685719713743,-3.7017741001401864e-06,3.7017741001401864e-06,-3.7017740940175964e-06,-6.122590041429893e-15,2.271141493795187e-11
24600.0,moving-reference-moisture,1818.1833605775425,-3.6844727903085633e-06,3.6844727903085633e-06,-3.684472784431096e-06,-5.877467176823971e-15,2.223348524564956e-11
24900.0,moving-reference-moisture,1826.7145548781473,-3.6671890686954725e-06,3.6671890686954725e-06,-3.6671890626598875e-06,-6.0355849346702996e-15,2.261957360711268e-11
25200.0,moving-reference-moisture,1834.8942054824174,-3.649839760189092e-06,3.649839760189092e-06,-3.6498397535123527e-06,-6.6767393243143906e-15,2.411080771399632e-11
25500.0,moving-reference-moisture,1842.910101331674,-3.6326038130492515e-06,3.6326038130492515e-06,-3.632603805333817e-06,-7.715434651708658e-15,2.7015417622523468e-11
25800.0,moving-reference-moisture,1850.946042423318,-3.6156243368050294e-06,3.6156243368050294e-06,-3.615624329027517e-06,-7.777512425863504e-15,2.7253544859130125e-11
26100.0,moving-reference-moisture,1858.8214096670677,-3.5987610605686216e-06,3.5987610605686216e-06,-3.5987610524022127e-06,-8.166408968870477e-15,2.83864729929216e-11
26400.0,moving-reference-moisture,1866.3510314438606,-3.581891016361728e-06,3.581891016361728e-06,-3.5818910073178487e-06,-9.043879198051413e-15,3.079670796531571e-11
26700.0,moving-reference-moisture,1873.345536911005,-3.56491419483421e-06,3.56491419483421e-06,-3.5649141904964557e-06,-4.337754402227627e-15,1.7535138535025525e-11
27000.0,moving-reference-moisture,1879.6119976550694,-3.547746309784058e-06,3.547746309784058e-06,-3.5477463051707526e-06,-4.613305231397765e-15,1.812028515322634e-11
27300.0,moving-reference-moisture,1885.0669394977833,-3.5303891513693015e-06,3.5303891513693015e-06,-3.5303891465821157e-06,-4.787185848876023e-15,1.8443364628197514e-11
27600.0,moving-reference-moisture,1889.9212872300184,-3.513036592266789e-06,3.513036592266789e-06,-3.513036587325475e-06,-4.941314081540783e-15,1.8759180960927197e-11
27900.0,moving-reference-moisture,1894.4251962310534,-3.495870188376722e-06,3.495870188376722e-06,-3.4958701832663273e-06,-5.1103945633069504e-15,1.9159312254575443e-11
28200.0,moving-reference-moisture,1898.8329621710657,-3.479034888891819e-06,3.479034888891819e-06,-3.4790348836033624e-06,-5.2884565589293286e-15,1.9647637653995246e-11
28500.0,moving-reference-moisture,1903.402582552447,-3.462649123487934e-06,3.462649123487934e-06,-3.4626491180151587e-06,-5.4727751634166006e-15,2.022138765276543e-11
28800.0,moving-reference-moisture,1908.395836206109,-3.446812464049441e-06,3.446812464049441e-06,-3.4468124583755946e-06,-5.673846385534668e-15,2.0916939863305833e-11
29100.0,moving-reference-moisture,1914.0251237763912,-3.4315761368061506e-06,3.4315761368061506e-06,-3.431576130897829e-06,-5.90832162247713e-15,2.1744504264755046e-11
29400.0,moving-reference-moisture,1920.1422735919293,-3.4167508089128134e-06,3.4167508089128134e-06,-3.416750801927429e-06,-6.9853845777667015e-15,2.7637669743001756e-11
29700.0,moving-reference-moisture,1926.4677413862078,-3.402097945676309e-06,3.402097945676309e-06,-3.402097938939123e-06,-6.7371857130128256e-15,2.623044919076662e-11
30000.0,moving-reference-moisture,1932.7166151110778,-3.387425150187475e-06,3.387425150187475e-06,-3.3874251434529943e-06,-6.734480713295769e-15,2.6002962215303305e-11
30300.0,moving-reference-moisture,1938.5984485598385,-3.372576056984522e-06,3.372576056984522e-06,-3.3725760499041593e-06,-7.0803628056588e-15,2.745778064722236e-11
30600.0,moving-reference-moisture,1943.8177410111762,-3.3574201676046077e-06,3.3574201676046077e-06,-3.357420159845925e-06,-7.758682883446041e-15,3.075847898955666e-11
30900.0,moving-reference-moisture,1948.3085358229575,-3.341992850603807e-06,3.341992850603807e-06,-3.3419928420406487e-06,-8.563158354331444e-15,3.4888427981365365e-11
31200.0,moving-reference-moisture,1952.3387761039671,-3.3265304911258996e-06,3.3265304911258996e-06,-3.3265304818827614e-06,-9.24313819317883e-15,3.8331261592474075e-11
31500.0,moving-reference-moisture,1956.1129531254928,-3.311183770604345e-06,3.311183770604345e-06,-3.3111837608265264e-06,-9.777818423770688e-15,4.1001120742937716e-11
31800.0,moving-reference-moisture,1959.8382342743214,-3.296071013768475e-06,3.296071013768475e-06,-3.2960710036771097e-06,-1.0091365456888759e-14,4.260677385875147e-11
32100.0,moving-reference-moisture,1963.7242270145518,-3.2812892708860135e-06,3.2812892708860135e-06,-3.2812892607474844e-06,-1.0138529098424826e-14,4.2937133565538747e-11
32400.0,moving-reference-moisture,1967.9830753455522,-3.266920302018082e-06,3.266920302018082e-06,-3.2669202921061696e-06,-9.911912209650516e-15,4.183510963870164e-11
32700.0,moving-reference-moisture,1972.7593806990299,-3.2529915161185475e-06,3.2529915161185475e-06,-3.2529915066230316e-06,-9.495515894977985e-15,3.9460958457882515e-11
33000.0,moving-reference-moisture,1977.9322904705036,-3.239364131470663e-06,3.239364131470663e-06,-3.2393641223481517e-06,-9.122511384127398e-15,3.70222195349637e-11
33300.0,moving-reference-moisture,1983.3159591630406,-3.225885387755593e-06,3.225885387755593e-06,-3.225885378911189e-06,-8.844404209522446e-15,3.511751598351356e-11
33600.0,moving-reference-moisture,1988.7216382523504,-3.2124318815205177e-06,3.2124318815205177e-06,-3.212431872781005e-06,-8.739512731532157e-15,3.431238858892311e-11
33900.0,moving-reference-moisture,1993.9575000308932,-3.1989025279603074e-06,3.1989025279603074e-06,-3.198902519069018e-06,-8.89128960073534e-15,3.5103020662170196e-11
34200.0,moving-reference-moisture,1998.8287351131446,-3.185212316279904e-06,3.185212316279904e-06,-3.1852123069479755e-06,-9.331928421874762e-15,3.774246542043991e-11
34500.0,moving-reference-moisture,2003.3569807685826,-3.1714195637099214e-06,3.1714195637099214e-06,-3.1714195538885764e-06,-9.821344905831244e-15,4.077540632066949e-11
34800.0,moving-reference-moisture,2007.7144519029036,-3.1576615093626308e-06,3.1576615093626308e-06,-3.1576614991835165e-06,-1.0179114258576042e-14,4.2992862117321426e-11
35100.0,moving-reference-moisture,2011.9305183678796,-3.143963166894057e-06,3.143963166894057e-06,-3.143963156388932e-06,-1.0505124957996487e-14,4.5027774337443e-11
35400.0,moving-reference-moisture,2016.0349896555445,-3.130340862354311e-06,3.130340862354311e-06,-3.1303408515612275e-06,-1.079308354929448e-14,4.6839288898073125e-11
35700.0,moving-reference-moisture,2020.0580874369432,-3.1168075433579874e-06,3.1168075433579874e-06,-3.1168075323176862e-06,-1.1040301126378962e-14,4.841032070330112e-11
36000.0,moving-reference-moisture,2024.0304246329447,-3.1033736413424887e-06,3.1033736413424887e-06,-3.103373630099528e-06,-1.1242960535273131e-14,4.9717007724872376e-11
36300.0,moving-reference-moisture,2027.95744915891,-3.0900328736164636e-06,3.0900328736164636e-06,-3.0900328714326653e-06,-2.1837983217544085e-15,1.3291950247487001e-11
36600.0,moving-reference-moisture,2031.8193706599925,-3.0767651611448605e-06,3.0767651611448605e-06,-3.0767651589174755e-06,-2.2273849431542203e-15,1.364962972475621e-11
36900.0,moving-reference-moisture,2035.6091804647067,-3.06356138366863e-06,3.06356138366863e-06,-3.0635613813956857e-06,-2.2729443042881874e-15,1.4019515037319465e-11
37200.0,moving-reference-moisture,2039.3198080049453,-3.0504142735779675e-06,3.0504142735779675e-06,-3.0504142712564153e-06,-2.3215521369993226e-15,1.4406155373613169e-11
37500.0,moving-reference-moisture,2042.9441244797313,-3.037317669340958e-06,3.037317669340958e-06,-3.037317666967132e-06,-2.3738259283061745e-15,1.481265178291953e-11
37800.0,moving-reference-moisture,2046.474946903958,-3.024266225339042e-06,3.024266225339042e-06,-3.0242662229086754e-06,-2.43036664808482e-15,1.5241883244779395e-11
38100.0,moving-reference-moisture,2049.850255661066,-3.0112235485570884e-06,3.0112235485570884e-06,-3.011223546043227e-06,-2.513861226794518e-15,1.5783519356055292e-11
38400.0,moving-reference-moisture,2053.067316165727,-2.9981925143451546e-06,2.9981925143451546e-06,-2.998192511886595e-06,-2.4585597162177057e-15,1.6302735940808155e-11
38700.0,moving-reference-moisture,2056.208464432296,-2.9852243763259846e-06,2.9852243763259846e-06,-2.985224373806448e-06,-2.5195367710575955e-15,1.6773478122006292e-11
39000.0,moving-reference-moisture,2059.356827050037,-2.972362279508831e-06,2.972362279508831e-06,-2.972362276967613e-06,-2.541218273408464e-15,1.709778848922927e-11
39300.0,moving-reference-moisture,2062.596301908623,-2.9596421921937174e-06,2.9596421921937174e-06,-2.959642189673859e-06,-2.519858643577552e-15,1.725144663379665e-11
39600.0,moving-reference-moisture,2066.0115898211134,-2.9470949808521754e-06,2.9470949808521754e-06,-2.9470949783944128e-06,-2.4577626582143394e-15,1.7244505905052516e-11
39900.0,moving-reference-moisture,2069.7267262438377,-2.934769658232301e-06,2.934769658232301e-06,-2.934769655877049e-06,-2.3552521898387822e-15,1.705880588106298e-11
40200.0,moving-reference-moisture,2073.7067144717826,-2.9226191339856796e-06,2.9226191339856796e-06,-2.922619131708141e-06,-2.2775386109940947e-15,1.692321504132781e-11
40500.0,moving-reference-moisture,2077.7971320492547,-2.910537249685922e-06,2.910537249685922e-06,-2.9105372474323544e-06,-2.253567578586798e-15,1.696661231280624e-11
40800.0,moving-reference-moisture,2081.841778302593,-2.8984352728763247e-06,2.8984352728763247e-06,-2.898435270606786e-06,-2.2695388083237514e-15,1.721143469043515e-11
41100.0,moving-reference-moisture,2085.682633824378,-2.886238821647992e-06,2.886238821647992e-06,-2.886238819325497e-06,-2.3224953081860903e-15,1.7699901098249536e-11
41400.0,moving-reference-moisture,2089.1599984458694,-2.8738838189998534e-06,2.8738838189998534e-06,-2.873883816569168e-06,-2.4306855559894612e-15,1.8479760784973235e-11
41700.0,moving-reference-moisture,2092.306939804862,-2.8614211256746864e-06,2.8614211256746864e-06,-2.8614211231086937e-06,-2.5659927165662313e-15,1.936656209742198e-11
42000.0,moving-reference-moisture,2095.280080808796,-2.8489601030309887e-06,2.8489601030309887e-06,-2.8489601003546902e-06,-2.6762984291553698e-15,2.0137987030866095e-11
42300.0,moving-reference-moisture,2098.104180325826,-2.8365176920654135e-06,2.8365176920654135e-06,-2.836517689284489e-06,-2.7809243623166946e-15,2.088984170087327e-11
42600.0,moving-reference-moisture,2100.804258512629,-2.8241053069782406e-06,2.8241053069782406e-06,-2.824105304101863e-06,-2.8763777756922026e-15,2.1608123179718374e-11
42900.0,moving-reference-moisture,2103.405572472686,-2.8117322852130942e-06,2.8117322852130942e-06,-2.811732282253438e-06,-2.959656361000351e-15,2.2280373261477558e-11
43200.0,moving-reference-moisture,2105.933596318212,-2.7994065117314035e-06,2.7994065117314035e-06,-2.799406508703204e-06,-3.0281995376415898e-15,2.289427455796237e-11
43500.0,moving-reference-moisture,2108.359224392621,-2.787105095783706e-06,2.787105095783706e-06,-2.7871050926765017e-06,-3.1072044182143665e-15,2.3559927794483094e-11
43800.0,moving-reference-moisture,2110.663622658041,-2.7748142015561706e-06,2.7748142015561706e-06,-2.7748141983601382e-06,-3.1960323398764513e-15,2.428091604938705e-11
44100.0,moving-reference-moisture,2112.8880546748915,-2.762555082464658e-06,2.762555082464658e-06,-2.762555079198677e-06,-3.2659811676936587e-15,2.492864208537358e-11
44400.0,moving-reference-moisture,2115.074067511288,-2.750346336447642e-06,2.750346336447642e-06,-2.7503463331355198e-06,-3.3121224404623895e-15,2.5473612105068967e-11
44700.0,moving-reference-moisture,2117.263474606059,-2.738203886032523e-06,2.738203886032523e-06,-2.7382038827018166e-06,-3.330706343325149e-15,2.589434746608038e-11
45000.0,moving-reference-moisture,2119.498350926893,-2.7261417400235643e-06,2.7261417400235643e-06,-2.7261417367035903e-06,-3.3199740123669632e-15,2.6180803548371692e-11
45300.0,moving-reference-moisture,2121.771880772521,-2.7141461681091768e-06,2.7141461681091768e-06,-2.7141461648037108e-06,-3.3054660320463915e-15,2.645082884611784e-11
45600.0,moving-reference-moisture,2124.049070714141,-2.7021908661663715e-06,2.7021908661663715e-06,-2.702190862861311e-06,-3.3050603032646567e-15,2.6790519395514236e-11
45900.0,moving-reference-moisture,2126.329928612363,-2.690272704989765e-06,2.690272704989765e-06,-2.690272701684805e-06,-3.3049603533768807e-15,2.714022253729216e-11
46200.0,moving-reference-moisture,2128.614462348906,-2.678389647444862e-06,2.678389647444862e-06,-2.6783896441393083e-06,-3.3055536999564324e-15,2.7500905936179036e-11
46500.0,moving-reference-moisture,2130.902679826675,-2.6665400281469697e-06,2.6665400281469697e-06,-2.666540024840265e-06,-3.306704817731751e-15,2.7871888490578882e-11
46800.0,moving-reference-moisture,2133.1945889698236,-2.6547224389208434e-06,2.6547224389208434e-06,-2.654722435612485e-06,-3.308358649561265e-15,2.825315185681797e-11
47100.0,moving-reference-moisture,2135.535783001507,-2.6429596915761183e-06,2.6429596915761183e-06,-2.642959688287514e-06,-3.2886041471654e-15,2.8541374190469933e-11
47400.0,moving-reference-moisture,2137.9356277533952,-2.631252429659105e-06,2.631252429659105e-06,-2.6312524263961096e-06,-3.2629953765545873e-15,2.8803848003246424e-11
47700.0,moving-reference-moisture,2140.339520079135,-2.6195674983279893e-06,2.6195674983279893e-06,-2.619567495066897e-06,-3.261092093522107e-15,2.9182102670490046e-11
48000.0,moving-reference-moisture,2142.692489602852,-2.6078762634581428e-06,2.6078762634581428e-06,-2.6078762601719497e-06,-3.286193067881041e-15,2.9702787196999355e-11
48300.0,moving-reference-moisture,2144.939207265651,-2.5961540887655413e-06,2.5961540887655413e-06,-2.596154085423604e-06,-3.3419371531727936e-15,3.0390056434443786e-11
48600.0,moving-reference-moisture,2147.0240152491074,-2.584379246924251e-06,2.584379246924251e-06,-2.5843792434913405e-06,-3.4329106092902736e-15,3.1270087297828607e-11
48900.0,moving-reference-moisture,2148.900181460503,-2.572536875326484e-06,2.572536875326484e-06,-2.5725368717642206e-06,-3.5622635517643195e-15,3.2359128226450676e-11
49200.0,moving-reference-moisture,2150.6129477270974,-2.560660660428751e-06,2.560660660428751e-06,-2.5606606567437774e-06,-3.684973638349524e-15,3.343972784182927e-11
49500.0,moving-reference-moisture,2152.2447404109053,-2.548797898709259e-06,2.548797898709259e-06,-2.5487978949407866e-06,-3.768472452223958e-15,3.433996126871166e-11
49800.0,moving-reference-moisture,2153.878391000784,-2.536988603940592e-06,2.536988603940592e-06,-2.536988600141801e-06,-3.798790726021505e-15,3.4978580460610005e-11
50100.0,moving-reference-moisture,2155.597113674354,-2.5252671239744335e-06,2.5252671239744335e-06,-2.5252671202053673e-06,-3.769066222319983e-15,3.5315637616412933e-11
50400.0,moving-reference-moisture,2157.48453090169,-2.5136637321517632e-06,2.5136637321517632e-06,-2.513663728471226e-06,-3.680537303288279e-15,3.5355433307199494e-11
50700.0,moving-reference-moisture,2159.6340195715634,-2.502210553537098e-06,2.502210553537098e-06,-2.5022105499970836e-06,-3.540014537338791e-15,3.511873049344802e-11
51000.0,moving-reference-moisture,2162.0095991822836,-2.490870965990534e-06,2.490870965990534e-06,-2.490870962568052e-06,-3.4224819396436786e-15,3.494164731242724e-11
51300.0,moving-reference-moisture,2164.5007361282233,-2.4795767279269013e-06,2.4795767279269013e-06,-2.47957672456647e-06,-3.360431270543144e-15,3.500249633943514e-11
51600.0,moving-reference-moisture,2166.9961811080498,-2.468269928625633e-06,2.468269928625633e-06,-2.468269925279636e-06,-3.3459969820889834e-15,3.53436311132413e-11
51900.0,moving-reference-moisture,2169.3839218951584,-2.4569009469067407e-06,2.4569009469067407e-06,-2.4569009435284006e-06,-3.3783400881469416e-15,3.6017869919681435e-11
52200.0,moving-reference-moisture,2171.551222457547,-2.445426203838199e-06,2.445426203838199e-06,-2.4454262003770936e-06,-3.461105371489054e-15,3.7069086219523075e-11
52500.0,moving-reference-moisture,2173.4947415937045,-2.4338615467541627e-06,2.4338615467541627e-06,-2.43386154318498e-06,-3.569182540393966e-15,3.82821460434465e-11
52800.0,moving-reference-moisture,2175.314328368744,-2.4222707945136258e-06,2.4222707945136258e-06,-2.4222707908605205e-06,-3.6531052942585015e-15,3.936412354694688e-11
53100.0,moving-reference-moisture,2177.0517394115604,-2.410678764514561e-06,2.410678764514561e-06,-2.4106787607932045e-06,-3.721356668049411e-15,4.0353968407043176e-11
53400.0,moving-reference-moisture,2178.7489531737224,-2.3991055824916316e-06,2.3991055824916316e-06,-2.399105578724281e-06,-3.76735055708532e-15,4.1222441558943525e-11
53700.0,moving-reference-moisture,2180.4481524131184,-2.3875684528761126e-06,2.3875684528761126e-06,-2.3875684490901027e-06,-3.786009845880385e-15,4.1949201553255176e-11
54000.0,moving-reference-moisture,2182.191718848548,-2.376082530977025e-06,2.376082530977025e-06,-2.3760825271973094e-06,-3.779715544049338e-15,4.252773842151105e-11
54300.0,moving-reference-moisture,2184.0222401240003,-2.364661563029387e-06,2.364661563029387e-06,-2.364661559280577e-06,-3.74880985290287e-15,4.2952775163125274e-11
54600.0,moving-reference-moisture,2185.914547264241,-2.3532849729270734e-06,2.3532849729270734e-06,-2.35328496920323e-06,-3.72384355678255e-15,4.339089928440156e-11
54900.0,moving-reference-moisture,2187.8093148040152,-2.34191874137257e-06,2.34191874137257e-06,-2.341918737651419e-06,-3.721151262559702e-15,4.3965549335908644e-11
55200.0,moving-reference-moisture,2189.6469105544493,-2.330533716257212e-06,2.330533716257212e-06,-2.3305337125136076e-06,-3.743604411925519e-15,4.472764158597944e-11
55500.0,moving-reference-moisture,2191.3674064839893,-2.3191046273563827e-06,2.3191046273563827e-06,-2.319104623562186e-06,-3.794196842832071e-15,4.57123148155386e-11
55800.0,moving-reference-moisture,2192.9106141553716,-2.3076090479258363e-06,2.3076090479258363e-06,-2.3076090440478103e-06,-3.878025999555935e-15,4.694336023476488e-11
56100.0,moving-reference-moisture,2194.2726446125025,-2.2960539053780493e-06,2.2960539053780493e-06,-2.2960539014001205e-06,-3.9779288770033696e-15,4.82869957558983e-11
56400.0,moving-reference-moisture,2195.516189165206,-2.284476542217785e-06,2.284476542217785e-06,-2.2844765381572573e-06,-4.060527718371346e-15,4.952985910127982e-11
56700.0,moving-reference-moisture,2196.6808918553215,-2.2728977721076107e-06,2.2728977721076107e-06,-2.2728977716454543e-06,-4.621564226149968e-16,1.2409330896647698e-11
57000.0,moving-reference-moisture,2197.806541782687,-2.2613352099292112e-06,2.2613352099292112e-06,-2.261335209462727e-06,-4.664843374589927e-16,1.2665575189313815e-11
57300.0,moving-reference-moisture,2198.9330571606192,-2.2498042712475005e-06,2.2498042712475005e-06,-2.249804270787291e-06,-4.602095173857328e-16,1.2907025699787025e-11
57600.0,moving-reference-moisture,2200.10048019876,-2.2383188218517325e-06,2.2383188218517325e-06,-2.2383188214088626e-06,-4.4286990592249005e-16,1.313546012471273e-11
57900.0,moving-reference-moisture,2201.3578886908795,-2.226895873895911e-06,2.226895873895911e-06,-2.2268958734828664e-06,-4.1304460530024525e-16,1.3355002500391397e-11
58200.0,moving-reference-moisture,2202.683227924127,-2.2155174416862905e-06,2.2155174416862905e-06,-2.2155174413017193e-06,-3.845711692618183e-16,1.3586418393887116e-11
58500.0,moving-reference-moisture,2204.009764409079,-2.204147246706569e-06,2.204147246706569e-06,-2.204147246339449e-06,-3.6711974944953797e-16,1.3837024478596392e-11
58800.0,moving-reference-moisture,2205.2705262393565,-2.192753892599639e-06,2.192753892599639e-06,-2.192753892237151e-06,-3.6248774977747783e-16,1.4105069051928377e-11
59100.0,moving-reference-moisture,2206.3983176535885,-2.1813099472847703e-06,2.1813099472847703e-06,-2.1813099469125557e-06,-3.722146526272726e-16,1.4390244242449068e-11
59400.0,moving-reference-moisture,2207.3257642697213,-2.169790911916828e-06,2.169790911916828e-06,-2.169790911518451e-06,-3.9837695926911616e-16,1.4696395517957947e-11
59700.0,moving-reference-moisture,2208.041303184707,-2.1582005089023536e-06,2.1582005089023536e-06,-2.158200508469587e-06,-4.3276649692764076e-16,1.5022036602233407e-11
60000.0,moving-reference-moisture,2208.6229347746093,-2.146582836192941e-06,2.146582836192941e-06,-2.1465828357364583e-06,-4.564825724178139e-16,1.53451835365219e-11
60300.0,moving-reference-moisture,2209.1376466184615,-2.1349709792463017e-06,2.1349709792463017e-06,-2.1349709787799258e-06,-4.663759172417441e-16,1.565295294603219e-11
60600.0,moving-reference-moisture,2209.6525384109727,-2.123393608515808e-06,2.123393608515808e-06,-2.123393608056513e-06,-4.592947218026982e-16,1.5938648417593906e-11
60900.0,moving-reference-moisture,2210.2348067946796,-2.1118761758983976e-06,2.1118761758983976e-06,-2.111876175464456e-06,-4.339417551419561e-16,1.6204929937110274e-11
61200.0,moving-reference-moisture,2210.9517608073747,-2.1004418077541884e-06,2.1004418077541884e-06,-2.100441807363222e-06,-3.909662680135883e-16,1.6464050522716463e-11
61500.0,moving-reference-moisture,2211.8820802264827,-2.0891171179651714e-06,2.0891171179651714e-06,-2.0891171176339383e-06,-3.312330810567414e-16,1.6733222760224464e-11
61800.0,moving-reference-moisture,2213.01494788635,-2.0778859837370624e-06,2.0778859837370624e-06,-2.0778859834626025e-06,-2.7445985073407467e-16,1.7021661756607423e-11
62100.0,moving-reference-moisture,2214.2834455801235,-2.0667096204854356e-06,2.0667096204854356e-06,-2.0667096202552324e-06,-2.3020322627298473e-16,1.7319122830571292e-11
62400.0,moving-reference-moisture,2215.620476551433,-2.0555546249100463e-06,2.0555546249100463e-06,-2.0555546247114886e-06,-1.9855765184709044e-16,1.7615786272472318e-11
62700.0,moving-reference-moisture,2216.958718879636,-2.044392012494465e-06,2.044392012494465e-06,-2.044392012316169e-06,-1.7829577671582032e-16,1.7917460751257674e-11
63000.0,moving-reference-moisture,2218.230609418283,-2.0331961024527776e-06,2.0331961024527776e-06,-2.0331961022732362e-06,-1.7954133866475777e-16,1.834862078810622e-11
63300.0,moving-reference-moisture,2219.503594814739,-2.022004389345759e-06,2.022004389345759e-06,-2.022004389180227e-06,-1.6553183723364527e-16,1.867045164921408e-11
63600.0,moving-reference-moisture,2220.8453573413403,-2.0108500190463528e-06,2.0108500190463528e-06,-2.010850018901016e-06,-1.4533687770520824e-16,1.896643759785671e-11
63900.0,moving-reference-moisture,2222.188336944821,-1.9997015596413877e-06,1.9997015596413877e-06,-1.999701559510027e-06,-1.3136083407551229e-16,1.9265641829710805e-11
64200.0,moving-reference-moisture,2223.464731207051,-1.988530369523507e-06,1.988530369523507e-06,-1.988530369399029e-06,-1.2447826786259747e-16,1.9597134080437946e-11
64500.0,moving-reference-moisture,2224.6065101453833,-1.9773107427731267e-06,1.9773107427731267e-06,-1.9773107426475096e-06,-1.2561710366018088e-16,1.9976980645619515e-11
64800.0,moving-reference-moisture,2225.5454621942254,-1.9660192996366432e-06,1.9660192996366432e-06,-1.9660192995011328e-06,-1.355104484841111e-16,2.0403648006562994e-11
65100.0,moving-reference-moisture,2226.2981841122983,-1.9546717799899125e-06,1.9546717799899125e-06,-1.954671779843605e-06,-1.4630757746276167e-16,2.0833622200956652e-11
65400.0,moving-reference-moisture,2226.9493417844637,-1.9433113993150696e-06,1.9433113993150696e-06,-1.943311399165303e-06,-1.497664365028746e-16,2.1237828965034403e-11
65700.0,moving-reference-moisture,2227.5327951200434,-1.9319539531764145e-06,1.9319539531764145e-06,-1.9319539530275354e-06,-1.4887916949062573e-16,2.1624499196703716e-11
66000.0,moving-reference-moisture,2228.0824705558825,-1.9206130580174942e-06,1.9206130580174942e-06,-1.9206130578743838e-06,-1.4311045160335031e-16,2.1995894090696192e-11
66300.0,moving-reference-moisture,2228.632349477189,-1.9093009691048225e-06,1.9093009691048225e-06,-1.909300968972476e-06,-1.3234635690964267e-16,2.2349179229174602e-11
66600.0,moving-reference-moisture,2229.2164643947235,-1.8980289995470282e-06,1.8980289995470282e-06,-1.8980289994302516e-06,-1.1677662078968774e-16,2.2675975399482472e-11
66900.0,moving-reference-moisture,2229.8291810727624,-1.8867906907426209e-06,1.8867906907426209e-06,-1.8867906906421359e-06,-1.0048500084043534e-16,2.2981560980842362e-11
67200.0,moving-reference-moisture,2230.4421504001048,-1.8755709720114955e-06,1.8755709720114955e-06,-1.8755709719258535e-06,-8.564201898922461e-17,2.3282404578441558e-11
67500.0,moving-reference-moisture,2231.055372515677,-1.8643689237369046e-06,1.8643689237369046e-06,-1.8643689236657454e-06,-7.115923789883377e-17,2.357430706756329e-11
67800.0,moving-reference-moisture,2231.668847558497,-1.85318417320249e-06,1.85318417320249e-06,-1.8531841731459363e-06,-5.655363703109106e-17,2.3854552124789722e-11
68100.0,moving-reference-moisture,2232.282575667678,-1.842016608085209e-06,1.842016608085209e-06,-1.842016608043436e-06,-4.1772912101503516e-17,2.412241808125359e-11
68400.0,moving-reference-moisture,2232.896556982432,-1.8308662724802687e-06,1.8308662724802687e-06,-1.8308662724535867e-06,-2.6681961354984088e-17,2.437837381873062e-11
68700.0,moving-reference-moisture,2233.5107916420625,-1.819733308049052e-06,1.819733308049052e-06,-1.819733308037914e-06,-1.1137847981683609e-17,2.4622924949606186e-11
69000.0,moving-reference-moisture,2234.125279785972,-1.808617919947407e-06,1.808617919947407e-06,-1.8086179199524234e-06,5.01634087187678e-18,2.4857363186229018e-11
69300.0,moving-reference-moisture,2234.740021553659,-1.7975203563193482e-06,1.7975203563193482e-06,-1.7975203563413476e-06,2.1999351464325502e-17,2.5083126998706045e-11
69600.0,moving-reference-moisture,2235.3550170847157,-1.7864408956355713e-06,1.7864408956355713e-06,-1.7864408956756398e-06,4.006847005339105e-17,2.530217561392568e-11
69900.0,moving-reference-moisture,2235.970266518831,-1.7753798386996167e-06,1.7753798386996167e-06,-1.7753798387596694e-06,6.005273013619857e-17,2.5517971253337234e-11
70200.0,moving-reference-moisture,2236.5857699957924,-1.7643375035308834e-06,1.7643375035308834e-06,-1.7643375036121846e-06,8.130118689278314e-17,2.5729503957234448e-11
70500.0,moving-reference-moisture,2237.2015276554807,-1.7533142219383501e-06,1.7533142219383501e-06,-1.753314222043128e-06,1.0477797557535695e-16,2.5939952855193292e-11
70800.0,moving-reference-moisture,2237.817539637874,-1.7423103372451088e-06,1.7423103372451088e-06,-1.742310337376118e-06,1.3100910364416494e-16,2.6150521836123658e-11
71100.0,moving-reference-moisture,2238.433806083047,-1.7313262026797857e-06,1.7313262026797857e-06,-1.731326202840389e-06,1.6060337603004612e-16,2.6361885773439915e-11
71400.0,moving-reference-moisture,2239.050327131169,-1.7203621802103353e-06,1.7203621802103353e-06,-1.7203621804045793e-06,1.942439248049611e-16,2.6574036500668984e-11
71700.0,moving-reference-moisture,2239.6671029225095,-1.709418639662177e-06,1.709418639662177e-06,-1.7094186398948827e-06,2.3270578511564756e-16,2.6786844715912993e-11
72000.0,moving-reference-moisture,2240.284133597432,-1.6984959580215651e-06,1.6984959580215651e-06,-1.698495958298368e-06,2.768029556244169e-16,2.6998744828856296e-11
72300.0,moving-reference-moisture,2240.9014192963973,-1.6875945188631123e-06,1.6875945188631123e-06,-1.6875945191905145e-06,3.27402162794547e-16,2.7209097929181538e-11
72600.0,moving-reference-moisture,2241.518960159962,-1.6767147118607137e-06,1.6767147118607137e-06,-1.6767147122461041e-06,3.8539046188005004e-16,2.7416860137808113e-11
72900.0,moving-reference-moisture,2242.1367563287813,-1.6658569323581245e-06,1.6658569323581245e-06,-1.6658569328097695e-06,4.516449554978078e-16,2.7621610139247396e-11
73200.0,moving-reference-moisture,2242.7548079436074,-1.6550215809733397e-06,1.6550215809733397e-06,-1.6550215815006088e-06,5.272691158198558e-16,2.7827496190499557e-11
73500.0,moving-reference-moisture,2243.3731151452857,-1.6442090632685042e-06,1.6442090632685042e-06,-1.6442090638808406e-06,6.123364229543684e-16,2.802876819407248e-11
73800.0,moving-reference-moisture,2243.991678074765,-1.6334197893779505e-06,1.6334197893779505e-06,-1.6334197900857107e-06,7.077601901767224e-16,2.8231725872848982e-11
74100.0,moving-reference-moisture,2244.610496873086,-1.622654173716392e-06,1.622654173716392e-06,-1.6226541745303027e-06,8.13910782643105e-16,2.844046278083523e-11
74400.0,moving-reference-moisture,2245.229571681388,-1.6119126346734474e-06,1.6119126346734474e-06,-1.6119126356043931e-06,9.309457484817053e-16,2.8660675558826293e-11
74700.0,moving-reference-moisture,2245.8489026409097,-1.6011955943246363e-06,1.6011955943246363e-06,-1.6011955953833997e-06,1.0587634437388528e-15,2.8899475467588265e-11
75000.0,moving-reference-moisture,2246.4684898929845,-1.5905034781520737e-06,1.5905034781520737e-06,-1.5905034793490738e-06,1.197000067763702e-15,2.9164031484985286e-11
75300.0,moving-reference-moisture,2247.0883335790445,-1.5798367147747786e-06,1.5798367147747786e-06,-1.57983671611976e-06,1.344981382330238e-15,2.9462895322520976e-11
75600.0,moving-reference-moisture,2247.708433840621,-1.569195735684918e-06,1.569195735684918e-06,-1.56919573718675e-06,1.501831978887474e-15,2.980458895680098e-11
75900.0,moving-reference-moisture,2248.32879081934,-1.5585809749901269e-06,1.5585809749901269e-06,-1.5585809766565338e-06,1.6664068806489588e-15,3.019709080639932e-11
76200.0,moving-reference-moisture,2248.9494046569253,-1.5479928691560801e-06,1.5479928691560801e-06,-1.5479928709929045e-06,1.836824403922367e-15,3.064967770430892e-11
76500.0,moving-reference-moisture,2249.570275495201,-1.537431856785315e-06,1.537431856785315e-06,-1.537431858798026e-06,2.012711007177959e-15,3.116265863877989e-11
76800.0,moving-reference-moisture,2250.1914034760885,-1.5268983783328738e-06,1.5268983783328738e-06,-1.5268983805249233e-06,2.1920494814518495e-15,3.1742679617766865e-11
77100.0,moving-reference-moisture,2250.8127887416044,-1.5163928758954187e-06,1.5163928758954187e-06,-1.5163928782687117e-06,2.3732929328241148e-15,3.2391683099415186e-11
77400.0,moving-reference-moisture,2251.434431433868,-1.5059157929682986e-06,1.5059157929682986e-06,-1.5059157955232523e-06,2.5549537596811396e-15,3.310971902943357e-11
77700.0,moving-reference-moisture,2252.1427271104003,-1.4954996233972029e-06,1.4954996233972029e-06,-1.4954996262213717e-06,2.8241687824058156e-15,3.417589839254658e-11
78000.0,moving-reference-moisture,2252.9550870814173,-1.4851490051390292e-06,1.4851490051390292e-06,-1.4851490082626788e-06,3.1236495628853087e-15,3.552866589047797e-11
78300.0,moving-reference-moisture,2253.7678866656233,-1.4748236903992278e-06,1.4748236903992278e-06,-1.4748236937283386e-06,3.3291107450107585e-15,3.666612074063869e-11
78600.0,moving-reference-moisture,2254.4772838629588,-1.4644865368964618e-06,1.4644865368964618e-06,-1.464486540316733e-06,3.420271183651345e-15,3.735101671881857e-11
78900.0,moving-reference-moisture,2254.9792548681075,-1.4541034930530023e-06,1.4541034930530023e-06,-1.4541034964389244e-06,3.3859220918160517e-15,3.744817116768657e-11
79200.0,moving-reference-moisture,2255.1697015200393,-1.4436430914195955e-06,1.4436430914195955e-06,-1.443643094625303e-06,3.2057075737164636e-15,3.6897004636609734e-11
79500.0,moving-reference-moisture,2255.1697015200393,-1.4331570510335502e-06,1.4331570510335502e-06,-1.4331570541086235e-06,3.0750732821514587e-15,3.660220791879021e-11
79800.0,moving-reference-moisture,2255.1697015200393,-1.4227178778506334e-06,1.4227178778506334e-06,-1.4227178809832098e-06,3.1325764431164218e-15,3.7060354718759184e-11
80100.0,moving-reference-moisture,2255.1697015200393,-1.4123240795602818e-06,1.4123240795602818e-06,-1.4123240828035356e-06,3.243253791411168e-15,3.7752480860161295e-11
80400.0,moving-reference-moisture,2255.1697015200407,-1.4019735364038204e-06,1.4019735364038204e-06,-1.4019735397834116e-06,3.3795911558100362e-15,3.859539061720249e-11
80700.0,moving-reference-moisture,2255.1697015200393,-1.3916644578506414e-06,1.3916644578506414e-06,-1.391664461379556e-06,3.528914594081497e-15,3.9556107437106494e-11
81000.0,moving-reference-moisture,2255.1697015200393,-1.3813955457864403e-06,1.3813955457864403e-06,-1.381395549468701e-06,3.682260803577705e-15,4.060383766467826e-11
81300.0,moving-reference-moisture,2255.446757903761,-1.3712629460316978e-06,1.3712629460316978e-06,-1.371262950075129e-06,4.0434312053639655e-15,4.305626573414912e-11
81600.0,moving-reference-moisture,2256.139622275039,-1.361308506446902e-06,1.361308506446902e-06,-1.3613085109230768e-06,4.4761748324020304e-15,4.65593895615721e-11
81900.0,moving-reference-moisture,2257.0408233657404,-1.3514510447050458e-06,1.3514510447050458e-06,-1.351451049461632e-06,4.756586148381751e-15,4.933776250770122e-11
82200.0,moving-reference-moisture,2257.9425645331503,-1.3416150796350616e-06,1.3416150796350616e-06,-1.3416150808814793e-06,1.2464176639724123e-15,1.5015283977388968e-11
82500.0,moving-reference-moisture,2258.636579363932,-1.3317313586606037e-06,1.3317313586606037e-06,-1.3317313599136407e-06,1.2530370146969678e-15,1.52043570268764e-11
82800.0,moving-reference-moisture,2258.9142748919617,-1.321736045896623e-06,1.321736045896623e-06,-1.3217360471472569e-06,1.2506337704673706e-15,1.5152182011955212e-11
83100.0,moving-reference-moisture,2258.9142748919617,-1.3116874828085484e-06,1.3116874828085484e-06,-1.3116874840570161e-06,1.2484676954630045e-15,1.5114863287871457e-11
83400.0,moving-reference-moisture,2258.9142748919617,-1.3016869523304331e-06,1.3016869523304331e-06,-1.3016869535845859e-06,1.2541527688467386e-15,1.5273786217111166e-11
83700.0,moving-reference-moisture,2258.9142748919617,-1.2917347477633e-06,1.2917347477633e-06,-1.291734749023819e-06,1.2605190684783019e-15,1.5475903055197295e-11
84000.0,moving-reference-moisture,2258.9142748919608,-1.2818296800199614e-06,1.2818296800199614e-06,-1.2818296812869321e-06,1.266970706679301e-15,1.5701875512144784e-11
84300.0,moving-reference-moisture,2258.9142748919617,-1.2719704682853994e-06,1.2719704682853994e-06,-1.2719704695585259e-06,1.2731265186234717e-15,1.594179352214358e-11
84600.0,moving-reference-moisture,2258.9142748919617,-1.2621561015458724e-06,1.2621561015458724e-06,-1.2621561028241522e-06,1.2782798670745669e-15,1.618953267077127e-11
84900.0,moving-reference-moisture,2259.1920216364288,-1.2524771922450387e-06,1.2524771922450387e-06,-1.2524771935340615e-06,1.2890227859445932e-15,1.666255775660699e-11
85200.0,moving-reference-moisture,2259.886612652183,-1.242973820505859e-06,1.242973820505859e-06,-1.2429738218085133e-06,1.3026542989229934e-15,1.7304682826683137e-11
85500.0,moving-reference-moisture,2260.7900599678014,-1.2335703784274597e-06,1.2335703784274597e-06,-1.2335703797399052e-06,1.3124455762767795e-15,1.7853083950617187e-11
85800.0,moving-reference-moisture,2261.694049155892,-1.2241958343005296e-06,1.2241958343005296e-06,-1.2241958356195414e-06,1.3190117756838949e-15,1.8237079624717078e-11
86100.0,moving-reference-moisture,2262.3897944564487,-1.2147845295489257e-06,1.2147845295489257e-06,-1.2147845308699939e-06,1.3210681599215915e-15,1.8413016567467743e-11
86400.0,moving-reference-moisture,2262.668182470392,-1.2052756150207177e-06,1.2052756150207177e-06,-1.2052756163386546e-06,1.3179368908738292e-15,1.8351546939756702e-11
86700.0,moving-reference-moisture,2262.668182470392,-1.1957228563234679e-06,1.1957228563234679e-06,-1.195722857638719e-06,1.3152511611563226e-15,1.8300436238595705e-11
87000.0,moving-reference-moisture,2262.668182470392,-1.1862210185693442e-06,1.1862210185693442e-06,-1.1862210198849765e-06,1.315632325982587e-15,1.8431947449656645e-11
87300.0,moving-reference-moisture,2262.668182470392,-1.1767708305001047e-06,1.1767708305001047e-06,-1.176770831815817e-06,1.3157123705961025e-15,1.860271442086404e-11
87600.0,moving-reference-moisture,2262.668182470392,-1.1673714807826783e-06,1.1673714807826783e-06,-1.1673714820983328e-06,1.3156545605974524e-15,1.8793676639142484e-11
87900.0,moving-reference-moisture,2262.668182470392,-1.158021953073912e-06,1.158021953073912e-06,-1.1580219543893884e-06,1.3154764719202922e-15,1.899555005755177e-11
88200.0,moving-reference-moisture,2262.668182470392,-1.1487214090478834e-06,1.1487214090478834e-06,-1.1487214103637518e-06,1.3158684364166342e-15,1.9200861511778295e-11
88500.0,moving-reference-moisture,2262.94662187114,-1.1395548023763848e-06,1.1395548023763848e-06,-1.1395548036959885e-06,1.3196036399557888e-15,1.961977988497071e-11
88800.0,moving-reference-moisture,2263.6429452732923,-1.1305602759651782e-06,1.1305602759651782e-06,-1.1305602772927562e-06,1.3275780316377144e-15,2.020679174676119e-11
89100.0,moving-reference-moisture,2264.5486462849235,-1.1216676903599478e-06,1.1216676903599478e-06,-1.1216676916912265e-06,1.3312787185842685e-15,2.064808270886843e-11
89400.0,moving-reference-moisture,2265.4548909722644,-1.1128104872173414e-06,1.1128104872173414e-06,-1.1128104885519632e-06,1.3346217458688444e-15,2.099032112729422e-11
89700.0,moving-reference-moisture,2266.1523725004276,-1.1039266958541265e-06,1.1039266958541265e-06,-1.1039266971870362e-06,1.3329096805242066e-15,2.1126077810765817e-11
90000.0,moving-reference-moisture,2266.4314553046584,-1.094958602713793e-06,1.094958602713793e-06,-1.094958604038994e-06,1.325201045429482e-15,2.102512532973556e-11
90300.0,moving-reference-moisture,2266.4314553046584,-1.0859555294826758e-06,1.0859555294826758e-06,-1.0859555308004255e-06,1.317749696592486e-15,2.092818675465358e-11
90600.0,moving-reference-moisture,2266.431455304659,-1.0770057281212276e-06,1.0770057281212276e-06,-1.0770057294350174e-06,1.3137898175640721e-15,2.1004790054898796e-11
90900.0,moving-reference-moisture,2266.4314553046584,-1.0681102554049752e-06,1.0681102554049752e-06,-1.0681102567148644e-06,1.309889230841966e-15,2.1119171784447755e-11
91200.0,moving-reference-moisture,2266.4314553046584,-1.0592685956559265e-06,1.0592685956559265e-06,-1.0592685969619617e-06,1.306035230931959e-15,2.1251893944145523e-11
91500.0,moving-reference-moisture,2266.431455304658,-1.0504799361223766e-06,1.0504799361223766e-06,-1.0504799374245536e-06,1.3021769958572156e-15,2.1393758116549756e-11
91800.0,moving-reference-moisture,2266.4314553046584,-1.0417435629169711e-06,1.0417435629169711e-06,-1.0417435642152425e-06,1.298271326937426e-15,2.153931957651089e-11
92100.0,moving-reference-moisture,2266.4314553046584,-1.0330589583927877e-06,1.0330589583927877e-06,-1.0330589596870466e-06,1.2942589318662824e-15,2.1685124773416204e-11
92400.0,moving-reference-moisture,2266.431455304659,-1.0244257949003823e-06,1.0244257949003823e-06,-1.0244257961904703e-06,1.2900879298757655e-15,2.18287499164369e-11
92700.0,moving-reference-moisture,2266.4314553046584,-1.0158438986696442e-06,1.0158438986696442e-06,-1.0158438999553712e-06,1.2857269807468267e-15,2.1968647144371326e-11
93000.0,moving-reference-moisture,2266.4314553046584,-1.0073132106882589e-06,1.0073132106882589e-06,-1.0073132119694115e-06,1.2811525793151798e-15,2.2103724310774374e-11
93300.0,moving-reference-moisture,2266.431455304658,-9.988337532641275e-07,9.988337532641275e-07,-9.988337545397812e-07,1.275653641421605e-15,2.223351517743603e-11
93600.0,moving-reference-moisture,2266.4314553046584,-9.9040560410708e-07,9.9040560410708e-07,-9.904056053776801e-07,1.270600031100049e-15,2.2356746530728206e-11
93900.0,moving-reference-moisture,2266.4314553046584,-9.820288770691754e-07,9.820288770691754e-07,-9.82028878334468e-07,1.2652925226525535e-15,2.2473430362409986e-11
94200.0,moving-reference-moisture,2266.431455304659,-9.73703708389076e-07,9.73703708389076e-07,-9.73703709648799e-07,1.2597230692661197e-15,2.2583181705941567e-11
94500.0,moving-reference-moisture,2266.4314553046584,-9.654302470121937e-07,9.654302470121937e-07,-9.654302482691758e-07,1.2569820706488048e-15,2.2741191796426027e-11
94800.0,moving-reference-moisture,2266.4314553046584,-9.57208647691952e-07,9.57208647691952e-07,-9.572086489428128e-07,1.2508607752972347e-15,2.2835705638118597e-11
95100.0,moving-reference-moisture,2266.431455304658,-9.490390665363912e-07,9.490390665363912e-07,-9.49039067780853e-07,1.2444617590180837e-15,2.2922700110036626e-11
95400.0,moving-reference-moisture,2266.4314553046584,-9.409216576583596e-07,9.409216576583596e-07,-9.409216588961544e-07,1.2377947626902451e-15,2.3002015956849243e-11
95700.0,moving-reference-moisture,2266.71058966677,-9.329305926675034e-07,9.329305926675034e-07,-9.329305939036809e-07,1.2361775650356998e-15,2.3266417944910215e-11
96000.0,moving-reference-moisture,2267.4086512211275,-9.251002375759875e-07,9.251002375759875e-07,-9.251002388144517e-07,1.2384641304768128e-15,2.368248947301674e-11
96300.0,moving-reference-moisture,2268.316613430958,-9.173712823216138e-07,9.173712823216138e-07,-9.173712835610102e-07,1.2393963961143846e-15,2.401859750241358e-11
96600.0,moving-reference-moisture,2269.225121127242,-9.096862776641383e-07,9.096862776641383e-07,-9.096862789004208e-07,1.236282491242041e-15,2.420260268282204e-11
96900.0,moving-reference-moisture,2269.9243446648143,-9.019909495403546e-07,9.019909495403546e-07,-9.01990950767967e-07,1.2276123678730644e-15,2.4192978480914397e-11
97200.0,moving-reference-moisture,2270.204124573299,-8.942342530435075e-07,8.942342530435075e-07,-8.942342542560437e-07,1.2125361343240035e-15,2.3961797434878424e-11
97500.0,moving-reference-moisture,2270.204124573299,-8.864571993005098e-07,8.864571993005098e-07,-8.864572004978321e-07,1.1973223638001322e-15,2.372313326837016e-11
97800.0,moving-reference-moisture,2270.204124573299,-8.787353013918981e-07,8.787353013918981e-07,-8.787353025779284e-07,1.1860302499429299e-15,2.3634074887629398e-11
98100.0,moving-reference-moisture,2270.204124573299,-8.710700291774855e-07,8.710700291774855e-07,-8.710700303527601e-07,1.1752746255786948e-15,2.357836207826507e-11
98400.0,moving-reference-moisture,2270.204124573299,-8.634612845226998e-07,8.634612845226998e-07,-8.634612856874721e-07,1.1647722640656887e-15,2.353684439941023e-11
98700.0,moving-reference-moisture,2270.204124573299,-8.559085385471444e-07,8.559085385471444e-07,-8.559085397015236e-07,1.1543791698028784e-15,2.350079556943217e-11
99000.0,moving-reference-moisture,2270.204124573299,-8.484112324798796e-07,8.484112324798796e-07,-8.484112336238826e-07,1.1440030161990133e-15,2.346524968539389e-11
99300.0,moving-reference-moisture,2270.204124573299,-8.409689004355565e-07,8.409689004355565e-07,-8.409689015691096e-07,1.1335530648496185e-15,2.34270757766033e-11
99600.0,moving-reference-moisture,2270.204124573299,-8.335811889717198e-07,8.335811889717198e-07,-8.335811900947206e-07,1.1230008342718429e-15,2.3384108422902936e-11
99900.0,moving-reference-moisture,2270.204124573299,-8.262478422190123e-07,8.262478422190123e-07,-8.262478433313151e-07,1.112302808148021e-15,2.333511391941571e-11
100200.0,moving-reference-moisture,2270.204124573299,-8.189686789659705e-07,8.189686789659705e-07,-8.189686800673297e-07,1.101359248348614e-15,2.327940350213321e-11
100500.0,moving-reference-moisture,2270.204124573299,-8.117435711415658e-07,8.117435711415658e-07,-8.117435722318912e-07,1.0903254795403242e-15,2.3216210315652046e-11
100800.0,moving-reference-moisture,2270.204124573299,-8.045724264205061e-07,8.045724264205061e-07,-8.045724274996136e-07,1.0791074810660066e-15,2.3145272578974387e-11
101100.0,moving-reference-moisture,2270.204124573299,-7.974551750831325e-07,7.974551750831325e-07,-7.974551761508438e-07,1.0677112880354105e-15,2.3066485895993265e-11
101400.0,moving-reference-moisture,2270.204124573299,-7.903917604969399e-07,7.903917604969399e-07,-7.903917615530767e-07,1.0561367945694173e-15,2.2979708621998485e-11
101700.0,moving-reference-moisture,2270.204124573299,-7.83382132386232e-07,7.83382132386232e-07,-7.833821334306193e-07,1.044387388799816e-15,2.288495330781622e-11
102000.0,moving-reference-moisture,2270.204124573299,-7.764262421595318e-07,7.764262421595318e-07,-7.764262431920025e-07,1.0324706940231321e-15,2.2782268058012954e-11
102300.0,moving-reference-moisture,2270.204124573299,-7.695240397099143e-07,7.695240397099143e-07,-7.69524040730306e-07,1.020391792437049e-15,2.26717227696748e-11
102600.0,moving-reference-moisture,2270.204124573299,-7.626754712502338e-07,7.626754712502338e-07,-7.626754722583901e-07,1.0081562956348422e-15,2.2553387724380748e-11
102900.0,moving-reference-moisture,2270.204124573299,-7.558804778662077e-07,7.558804778662077e-07,-7.558804788619847e-07,9.95777014989839e-16,2.2427381942227526e-11
103200.0,moving-reference-moisture,2270.204124573299,-7.49138994563183e-07,7.49138994563183e-07,-7.491389955464419e-07,9.832588209414861e-16,2.2293855414257118e-11
103500.0,moving-reference-moisture,2270.204124573299,-7.42450949650413e-07,7.42450949650413e-07,-7.424509506210256e-07,9.706126190389794e-16,2.2152950975472224e-11
103800.0,moving-reference-moisture,2270.204124573299,-7.358162643557544e-07,7.358162643557544e-07,-7.358162653135961e-07,9.578416915349895e-16,2.2004796334074967e-11
104100.0,moving-reference-moisture,2270.204124573299,-7.292348525835778e-07,7.292348525835778e-07,-7.292348535280997e-07,9.445218866811788e-16,2.184977835696091e-11
104400.0,moving-reference-moisture,2270.204124573299,-7.227066208245244e-07,7.227066208245244e-07,-7.227066217560744e-07,9.315500006104528e-16,2.1687636646065857e-11
104700.0,moving-reference-moisture,2270.4839562114503,-7.162919931739405e-07,7.162919931739405e-07,-7.162919940960027e-07,9.220621728100206e-16,2.1658607099303498e-11
105000.0,moving-reference-moisture,2271.1837617078313,-7.100196307683262e-07,7.100196307683262e-07,-7.100196316838734e-07,9.155472188962142e-16,2.1740251049974207e-11
105300.0,moving-reference-moisture,2272.093992649291,-7.038417794985909e-07,7.038417794985909e-07,-7.03841780406451e-07,9.078600772625262e-16,2.1766390075118863e-11
105600.0,moving-reference-moisture,2273.004770895489,-6.977112615807229e-07,6.977112615807229e-07,-6.977112624783851e-07,8.97662224094058e-16,2.1684022308169044e-11
105900.0,moving-reference-moisture,2273.7057422483595,-6.915828689376263e-07,6.915828689376263e-07,-6.915828698217305e-07,8.84104191223832e-16,2.1463516996957236e-11
106200.0,moving-reference-moisture,2273.986221584705,-6.854136770228458e-07,6.854136770228458e-07,-6.854136778895061e-07,8.666602888289586e-16,2.10858640021541e-11
106500.0,moving-reference-moisture,2273.986221584705,-6.792356047545184e-07,6.792356047545184e-07,-6.792356056036268e-07,8.491083897333102e-16,2.069859493207781e-11
106800.0,moving-reference-moisture,2273.986221584705,-6.731095046294106e-07,6.731095046294106e-07,-6.731095054634284e-07,8.34017756624146e-16,2.0412829819912666e-11
107100.0,moving-reference-moisture,2273.986221584705,-6.670368891304556e-07,6.670368891304556e-07,-6.670368899498985e-07,8.194429665798596e-16,2.0152851029621283e-11
107400.0,moving-reference-moisture,2273.986221584705,-6.610178666280722e-07,6.610178666280722e-07,-6.610178674332551e-07,8.051829551545967e-16,1.9904486417453183e-11
107700.0,moving-reference-moisture,2273.986221584705,-6.550520621475567e-07,6.550520621475567e-07,-6.550520629387002e-07,7.911434899329751e-16,1.966133800813734e-11
108000.0,moving-reference-moisture,2273.986221584705,-6.491389828322746e-07,6.491389828322746e-07,-6.491389836095443e-07,7.772697255316601e-16,1.9420207007134287e-11
108300.0,moving-reference-moisture,2273.986221584705,-6.432781492342044e-07,6.432781492342044e-07,-6.432781499977222e-07,7.635178279956313e-16,1.917888025184243e-11
108600.0,moving-reference-moisture,2273.986221584705,-6.374691325831036e-07,6.374691325831036e-07,-6.37469133332967e-07,7.498634451276551e-16,1.8936293737378173e-11
108900.0,moving-reference-moisture,2273.986221584705,-6.317115567639735e-07,6.317115567639735e-07,-6.317115575002599e-07,7.36286354016116e-16,1.8691710065002516e-11
109200.0,moving-reference-moisture,2273.986221584705,-6.260050889798654e-07,6.260050889798654e-07,-6.260050897026535e-07,7.227880369686714e-16,1.84447613137964e-11
109500.0,moving-reference-moisture,2273.986221584705,-6.203494284505586e-07,6.203494284505586e-07,-6.20349429159787e-07,7.092284159116694e-16,1.819553505127631e-11
109800.0,moving-reference-moisture,2273.986221584705,-6.147442964612464e-07,6.147442964612464e-07,-6.147442971571146e-07,6.958682711137457e-16,1.7943668824391055e-11
110100.0,moving-reference-moisture,2273.986221584705,-6.091894285071132e-07,6.091894285071132e-07,-6.091894291897002e-07,6.825870062590351e-16,1.7689394042233375e-11
110400.0,moving-reference-moisture,2273.986221584705,-6.036845684975506e-07,6.036845684975506e-07,-6.036845691669257e-07,6.693750922268809e-16,1.7432826057678194e-11
110700.0,moving-reference-moisture,2273.986221584705,-5.982294646327371e-07,5.982294646327371e-07,-5.982294652889839e-07,6.562468226982681e-16,1.7174239779103794e-11
111000.0,moving-reference-moisture,2273.986221584705,-5.928238665413938e-07,5.928238665413938e-07,-5.928238671846028e-07,6.432089739367747e-16,1.6913793632328114e-11
111300.0,moving-reference-moisture,2273.986221584705,-5.87467523350388e-07,5.87467523350388e-07,-5.874675239807499e-07,6.303619193466503e-16,1.6651826409081877e-11
111600.0,moving-reference-moisture,2273.986221584705,-5.821601823722799e-07,5.821601823722799e-07,-5.821601829897942e-07,6.175143353609339e-16,1.6388219933440583e-11
111900.0,moving-reference-moisture,2273.986221584705,-5.769015883110725e-07,5.769015883110725e-07,-5.769015889158432e-07,6.0477072466949295e-16,1.6123400046149285e-11
112200.0,moving-reference-moisture,2273.986221584705,-5.71691482726969e-07,5.71691482726969e-07,-5.716914833191033e-07,5.921343695249981e-16,1.5857664641672448e-11
112500.0,moving-reference-moisture,2273.986221584705,-5.665296037404485e-07,5.665296037404485e-07,-5.665296043200641e-07,5.796156460810531e-16,1.5591030452880023e-11
112800.0,moving-reference-moisture,2273.986221584705,-5.614156858779016e-07,5.614156858779016e-07,-5.614156864451221e-07,5.672205894474073e-16,1.5323964175745636e-11
113100.0,moving-reference-moisture,2273.986221584705,-5.563494600154095e-07,5.563494600154095e-07,-5.563494605703547e-07,5.549452820966796e-16,1.5056402224602828e-11
113400.0,moving-reference-moisture,2273.986221584705,-5.51330653393276e-07,5.51330653393276e-07,-5.513306539362176e-07,5.429416605637837e-16,1.478884459252306e-11
113700.0,moving-reference-moisture,2273.986221584705,-5.4635898964e-07,5.4635898964e-07,-5.463589901708902e-07,5.308902875484863e-16,1.4521452894090131e-11
114000.0,moving-reference-moisture,2273.986221584705,-5.414341889174832e-07,5.414341889174832e-07,-5.414341894365046e-07,5.190214501333223e-16,1.4254215049397684e-11
114300.0,moving-reference-moisture,2273.986221584705,-5.365559679724593e-07,5.365559679724593e-07,-5.365559684797538e-07,5.072944907368233e-16,1.3987418295713187e-11
114600.0,moving-reference-moisture,2273.986221584705,-5.317240402650136e-07,5.317240402650136e-07,-5.317240407607312e-07,4.957175620511067e-16,1.3721312884972678e-11
114900.0,moving-reference-moisture,2273.986221584705,-5.269381161056195e-07,5.269381161056195e-07,-5.269381165900417e-07,4.844222718203522e-16,1.3455989928827921e-11
115200.0,moving-reference-moisture,2273.986221584705,-5.221979027477825e-07,5.221979027477825e-07,-5.221979032209295e-07,4.731469927429766e-16,1.3191785267263736e-11
115500.0,moving-reference-moisture,2273.986221584705,-5.175031045578944e-07,5.175031045578944e-07,-5.175031050199171e-07,4.620226972884491e-16,1.292871762640085e-11
115800.0,moving-reference-moisture,2273.986221584705,-5.128534231400057e-07,5.128534231400057e-07,-5.128534235911469e-07,4.511411826524283e-16,1.2667116386293521e-11
116100.0,moving-reference-moisture,2273.986221584705,-5.082485574608968e-07,5.082485574608968e-07,-5.082485579012322e-07,4.4033537158606837e-16,1.2406982256369787e-11
116400.0,moving-reference-moisture,2273.986221584705,-5.036882039985817e-07,5.036882039985817e-07,-5.036882044282807e-07,4.296990729882777e-16,1.2148546697944572e-11
116700.0,moving-reference-moisture,2273.986221584705,-4.991720568663079e-07,4.991720568663079e-07,-4.991720572856931e-07,4.1938517630603573e-16,1.1891969292768554e-11
117000.0,moving-reference-moisture,2273.986221584705,-4.946998079493784e-07,4.946998079493784e-07,-4.946998083584507e-07,4.090723384149778e-16,1.163738473767015e-11
117300.0,moving-reference-moisture,2273.986221584705,-4.902711453022248e-07,4.902711453022248e-07,-4.902711474488829e-07,2.146658150478794e-15,4.9379420067984375e-11
117600.0,moving-reference-moisture,2273.986221584705,-4.858857602926917e-07,4.858857602926917e-07,-4.858857623888839e-07,2.096192245118738e-15,4.836954877670376e-11
117900.0,moving-reference-moisture,2273.986221584705,-4.815433371021964e-07,4.815433371021964e-07,-4.815433391485598e-07,2.0463634144141356e-15,4.736308017610882e-11
118200.0,moving-reference-moisture,2273.986221584705,-4.772435600145013e-07,4.772435600145013e-07,-4.772435620117207e-07,1.9972194098473884e-15,4.6362598818718964e-11
118500.0,moving-reference-moisture,2273.986221584705,-4.729861117200548e-07,4.729861117200548e-07,-4.729861136688388e-07,1.9487840012805786e-15,4.5369147816267256e-11
118800.0,moving-reference-moisture,2273.986221584705,-4.6877067347827656e-07,4.6877067347827656e-07,-4.6877067537930204e-07,1.9010254779177433e-15,4.43820506855928e-11
119100.0,moving-reference-moisture,2273.986221584705,-4.645969252062732e-07,4.645969252062732e-07,-4.645969270602493e-07,1.8539760799504376e-15,4.3402405516236815e-11
119400.0,moving-reference-moisture,2273.986221584705,-4.6046454560782397e-07,4.6046454560782397e-07,-4.604645474154597e-07,1.807635754439102e-15,4.243072173896994e-11
119700.0,moving-reference-moisture,2273.986221584705,-4.563732122971876e-07,4.563732122971876e-07,-4.563732140591633e-07,1.7619757022635301e-15,4.146776071016206e-11
120000.0,moving-reference-moisture,2273.986221584705,-4.523226019046862e-07,4.523226019046862e-07,-4.523226036217572e-07,1.7170709917186723e-15,4.051315694738969e-11
120300.0,moving-reference-moisture,2273.986221584705,-4.483123902088663e-07,4.483123902088663e-07,-4.4831239188175395e-07,1.6728876356075198e-15,3.9567707800714355e-11
120600.0,moving-reference-moisture,2273.986221584705,-4.443422522385083e-07,4.443422522385083e-07,-4.443422538679398e-07,1.6294315102211444e-15,3.8631849627515964e-11
120900.0,moving-reference-moisture,2273.986221584705,-4.4041186237485924e-07,4.4041186237485924e-07,-4.404118639616059e-07,1.5867466612728032e-15,3.770669720861193e-11
121200.0,moving-reference-moisture,2273.986221584705,-4.365208944937114e-07,4.365208944937114e-07,-4.365208960384475e-07,1.5447360505504765e-15,3.679089368754876e-11
121500.0,moving-reference-moisture,2273.986221584705,-4.326690220391382e-07,4.326690220391382e-07,-4.3266902354258974e-07,1.5034515588221835e-15,3.588557527755794e-11
121800.0,moving-reference-moisture,2273.986221584705,-4.288559181351074e-07,4.288559181351074e-07,-4.288559195979995e-07,1.462892074357181e-15,3.499108109871421e-11
122100.0,moving-reference-moisture,2273.986221584705,-4.250812556896179e-07,4.250812556896179e-07,-4.250812571126719e-07,1.423053997265443e-15,3.4107659039686696e-11
122400.0,moving-reference-moisture,2273.986221584705,-4.2134470751624516e-07,4.2134470751624516e-07,-4.2134470889953773e-07,1.3832925766554317e-15,3.327589049315795e-11
122700.0,moving-reference-moisture,2273.986221584705,-4.1764594634069274e-07,4.1764594634069274e-07,-4.176459476855719e-07,1.3448791560414163e-15,3.2414329167439185e-11
123000.0,moving-reference-moisture,2273.986221584705,-4.1398464503706973e-07,4.1398464503706973e-07,-4.1398464634425e-07,1.3071802606579692e-15,3.156463532366532e-11
123300.0,moving-reference-moisture,2273.986221584705,-4.10360476620981e-07,4.10360476620981e-07,-4.1036047789117306e-07,1.2701920788568276e-15,3.072669434128437e-11
123600.0,moving-reference-moisture,2273.986221584705,-4.067731143692698e-07,4.067731143692698e-07,-4.067731156031702e-07,1.233900422836125e-15,2.990077016626915e-11
123900.0,moving-reference-moisture,2273.986221584705,-4.0322223190459315e-07,4.0322223190459315e-07,-4.0322223310285027e-07,1.1982571175969865e-15,2.9087048702453468e-11
124200.0,moving-reference-moisture,2273.986221584705,-3.9970750328143106e-07,3.9970750328143106e-07,-3.99707504444787e-07,1.1633559190987611e-15,2.8285689970923496e-11
124500.0,moving-reference-moisture,2274.2667528232223,-3.9626583778887977e-07,3.9626583778887977e-07,-3.9626583892244e-07,1.133560211690111e-15,2.768285053887038e-11
124800.0,moving-reference-moisture,2274.9683080755703,-3.929153005265239e-07,3.929153005265239e-07,-3.9291530163490715e-07,1.1083832690637202e-15,2.7258453568556852e-11
125100.0,moving-reference-moisture,2275.8808153134864,-3.8962717675202185e-07,3.8962717675202185e-07,-3.8962717783480407e-07,1.082782227628551e-15,2.679126731136148e-11
125400.0,moving-reference-moisture,2276.7938716820086,-3.863723475354685e-07,3.863723475354685e-07,-3.8637234859046924e-07,1.0550007645684716e-15,2.6197818307536893e-11
125700.0,moving-reference-moisture,2277.4965966802733,-3.831222692180832e-07,3.831222692180832e-07,-3.8312227024196786e-07,1.0238846386741705e-15,2.5434555703379656e-11
126000.0,moving-reference-moisture,2277.7777777777783,-3.7984937960185336e-07,3.7984937960185336e-07,-3.798493805902127e-07,9.883593357124963e-16,2.4471754372439798e-11
126300.0,moving-reference-moisture,2277.7777777777783,-3.7657183364559784e-07,3.7657183364559784e-07,-3.7657183459789935e-07,9.523015137247951e-16,2.349324799974594e-11
126600.0,moving-reference-moisture,2277.7777777777783,-3.7332620044475646e-07,3.7332620044475646e-07,-3.733262013645476e-07,9.197911186597542e-16,2.266637876404876e-11
126900.0,moving-reference-moisture,2277.7777777777783,-3.70113505517767e-07,3.70113505517767e-07,-3.7011350640672006e-07,8.889530842699485e-16,2.1907524489783794e-11
127200.0,moving-reference-moisture,2277.7777777777783,-3.669339608090274e-07,3.669339608090274e-07,-3.669339616683339e-07,8.593065075995744e-16,2.1189589592931834e-11
127500.0,moving-reference-moisture,2277.7777777777783,-3.6378740865496036e-07,3.6378740865496036e-07,-3.637874094852598e-07,8.302994408043772e-16,2.0503148810472545e-11
127800.0,moving-reference-moisture,2277.7777777777783,-3.606735155181781e-07,3.606735155181781e-07,-3.6067351613478116e-07,6.166030867283659e-16,3.340792438754534e-11
128100.0,moving-reference-moisture,2277.7777777777783,-3.5759203489038524e-07,3.5759203489038524e-07,-3.575920354924465e-07,6.020612780294633e-16,3.2620485400596186e-11
128400.0,moving-reference-moisture,2277.7777777777783,-3.5454248415874113e-07,3.5454248415874113e-07,-3.5454248474640385e-07,5.87662723777765e-16,3.184775690527639e-11
128700.0,moving-reference-moisture,2277.7777777777783,-3.515245124839695e-07,3.515245124839695e-07,-3.515245130573955e-07,5.734260057585515e-16,3.108962513421707e-11
129000.0,moving-reference-moisture,2277.7777777777783,-3.4853777795241677e-07,3.4853777795241677e-07,-3.4853777851178616e-07,5.59369388119748e-16,3.0345900224010076e-11
129300.0,moving-reference-moisture,2277.7777777777783,-3.4558194725276773e-07,3.4558194725276773e-07,-3.4558194779826505e-07,5.454973177843275e-16,2.9616322102590765e-11
129600.0,moving-reference-moisture,2277.7777777777783,-3.4265669484655395e-07,3.4265669484655395e-07,-3.4265669537836983e-07,5.318158828015985e-16,2.8900523879466137e-11
129900.0,moving-reference-moisture,2277.7777777777783,-3.3976170185991526e-07,3.3976170185991526e-07,-3.3976170237824807e-07,5.183328123472045e-16,2.8198480432180788e-11
130200.0,moving-reference-moisture,2277.7777777777783,-3.368966549730756e-07,3.368966549730756e-07,-3.368966554781254e-07,5.050498004870402e-16,2.750987198591931e-11
130500.0,moving-reference-moisture,2277.7777777777783,-3.3406124546025735e-07,3.3406124546025735e-07,-3.3406124595222626e-07,4.919689118639144e-16,2.683455532123615e-11
130800.0,moving-reference-moisture,2277.7777777777783,-3.312551684287022e-07,3.312551684287022e-07,-3.312551689077916e-07,4.790894053239984e-16,2.6172307915552323e-11
131100.0,moving-reference-moisture,2277.7777777777783,-3.28478122249078e-07,3.28478122249078e-07,-3.2847812271550393e-07,4.664259451251913e-16,2.5523110127556e-11
131400.0,moving-reference-moisture,2277.7777777777783,-3.257298081464646e-07,3.257298081464646e-07,-3.2572980860043713e-07,4.539725490973034e-16,2.4886652568963586e-11
131700.0,moving-reference-moisture,2277.7777777777783,-3.230099299147474e-07,3.230099299147474e-07,-3.2300993035648005e-07,4.4173265831168275e-16,2.4262882991994933e-11
132000.0,moving-reference-moisture,2277.7777777777783,-3.2031819373096604e-07,3.2031819373096604e-07,-3.2031819416067353e-07,4.2970749037819105e-16,2.3651673574963534e-11
132300.0,moving-reference-moisture,2277.7777777777783,-3.176543080175057e-07,3.176543080175057e-07,-3.176543084354059e-07,4.1790022167038053e-16,2.305274512147292e-11
132600.0,moving-reference-moisture,2277.7777777777783,-3.1501798339008923e-07,3.1501798339008923e-07,-3.1501798379750694e-07,4.0741771249207573e-16,2.2466410060593623e-11
132900.0,moving-reference-moisture,2277.7777777777783,-3.1240893258707654e-07,3.1240893258707654e-07,-3.12408932983061e-07,3.959844617700372e-16,2.189178593792877e-11
133200.0,moving-reference-moisture,2277.7777777777783,-3.098268704548376e-07,3.098268704548376e-07,-3.098268708396133e-07,3.8477567477902103e-16,2.1329245223209062e-11
133500.0,moving-reference-moisture,2277.7777777777783,-3.0727151393929e-07,3.0727151393929e-07,-3.072715143130862e-07,3.73796221958474e-16,2.0778362882504187e-11
133800.0,moving-reference-moisture,2277.7777777777783,-3.0474258209026095e-07,3.0474258209026095e-07,-3.0474258245330007e-07,3.630391152865812e-16,2.0239203263776496e-11
134100.0,moving-reference-moisture,2277.7777777777783,-3.022397960603341e-07,3.022397960603341e-07,-3.022397964128413e-07,3.525072134995396e-16,1.9711546022900162e-11
134400.0,moving-reference-moisture,2277.7777777777783,-2.997628791184202e-07,2.997628791184202e-07,-2.997628794606207e-07,3.422005165973493e-16,1.9195285195390356e-11
134700.0,moving-reference-moisture,2277.7777777777783,-2.973115566603646e-07,2.973115566603646e-07,-2.973115569924838e-07,3.321191833986878e-16,1.869011877898927e-11
135000.0,moving-reference-moisture,2277.7777777777783,-2.948855562213408e-07,2.948855562213408e-07,-2.9488555654360117e-07,3.222603551673582e-16,1.8196047348203047e-11
135300.0,moving-reference-moisture,2277.7777777777783,-2.924846074882281e-07,2.924846074882281e-07,-2.924846078008514e-07,3.126232907495316e-16,1.7712864973929118e-11
135600.0,moving-reference-moisture,2277.7777777777783,-2.9010844231168913e-07,2.9010844231168913e-07,-2.9010844261489913e-07,3.0321000184845774e-16,1.7240447982963905e-11
135900.0,moving-reference-moisture,2277.7777777777783,-2.87756794717648e-07,2.87756794717648e-07,-2.8775679501166264e-07,2.9401461217306506e-16,1.677861326465932e-11
136200.0,moving-reference-moisture,2277.7777777777783,-2.8542940091793747e-07,2.8542940091793747e-07,-2.8542940120297745e-07,2.850399804595505e-16,1.6327215734801067e-11
136500.0,moving-reference-moisture,2277.7777777777783,-2.831259993200741e-07,2.831259993200741e-07,-2.831259995963542e-07,2.7628007159816496e-16,1.5886080992699555e-11
136800.0,moving-reference-moisture,2277.7777777777783,-2.808463305291937e-07,2.808463305291937e-07,-2.808463307969263e-07,2.677326091878626e-16,1.545506247734464e-11
137100.0,moving-reference-moisture,2277.7777777777783,-2.785901373794241e-07,2.785901373794241e-07,-2.7859013763882206e-07,2.593979638055579e-16,1.503402204650102e-11
137400.0,moving-reference-moisture,2277.7777777777783,-2.7635716491222553e-07,2.7635716491222553e-07,-2.763571651634979e-07,2.512723767425474e-16,1.462276909276157e-11
137700.0,moving-reference-moisture,2277.7777777777783,-2.741471603950757e-07,2.741471603950757e-07,-2.741471606384306e-07,2.4335489508676544e-16,1.4221198591369164e-11
138000.0,moving-reference-moisture,2277.7777777777783,-2.71959873325146e-07,2.71959873325146e-07,-2.7195987356078703e-07,2.3564101897567973e-16,1.3829112967520969e-11
138300.0,moving-reference-moisture,2277.7777777777783,-2.6979505543296815e-07,2.6979505543296815e-07,-2.6979505566109657e-07,2.281284190686853e-16,1.3446340230853698e-11
138600.0,moving-reference-moisture,2277.7777777777783,-2.6765246068523803e-07,2.6765246068523803e-07,-2.676524609060543e-07,2.2081624833283496e-16,1.3072750511255761e-11
138900.0,moving-reference-moisture,2277.7777777777783,-2.655318452829496e-07,2.655318452829496e-07,-2.6553184549664717e-07,2.13697571685873e-16,1.2708214483616848e-11
139200.0,moving-reference-moisture,2277.7777777777783,-2.634329676747699e-07,2.634329676747699e-07,-2.6343296788154466e-07,2.067747714079636e-16,1.2352427836864928e-11
139500.0,moving-reference-moisture,2277.7777777777783,-2.613555885412921e-07,2.613555885412921e-07,-2.613555887413342e-07,2.000420770871536e-16,1.2005521178036888e-11
139800.0,moving-reference-moisture,2277.7777777777783,-2.5929947080646095e-07,2.5929947080646095e-07,-2.5929947099995726e-07,1.9349631234989078e-16,1.1667100449309274e-11
140100.0,moving-reference-moisture,2277.7777777777783,-2.57264379628205e-07,2.57264379628205e-07,-2.5726437981533514e-07,1.8713011859744586e-16,1.1337086593631449e-11
140400.0,moving-reference-moisture,2277.7777777777783,-2.552500823992339e-07,2.552500823992339e-07,-2.552500825801798e-07,1.8094593104954221e-16,1.1015263532416514e-11
140700.0,moving-reference-moisture,2277.7777777777783,-2.5325634874389125e-07,2.5325634874389125e-07,-2.532563489188262e-07,1.7493496173935207e-16,1.0701564859897293e-11
141000.0,moving-reference-moisture,2277.7777777777783,-2.512829505142126e-07,2.512829505142126e-07,-2.512829506833121e-07,1.6909948706792118e-16,1.039583771280583e-11
141300.0,moving-reference-moisture,2277.7777777777783,-2.4932966178262897e-07,2.4932966178262897e-07,-2.4932966194606244e-07,1.6343347192550035e-16,1.0097853204615307e-11
141600.0,moving-reference-moisture,2277.7777777777783,-2.473962588466655e-07,2.473962588466655e-07,-2.473962590046e-07,1.5793453403192543e-16,9.807501103355216e-12
141900.0,moving-reference-moisture,2277.7777777777783,-2.454825202113221e-07,2.454825202113221e-07,-2.4548252036392054e-07,1.5259843822246016e-16,9.524647286377357e-12
142200.0,moving-reference-moisture,2277.7777777777783,-2.435882265877736e-07,2.435882265877736e-07,-2.4358822673519505e-07,1.4742147872796028e-16,9.2491370225894e-12
142500.0,moving-reference-moisture,2277.7777777777783,-2.41713160880353e-07,2.41713160880353e-07,-2.4171316102275437e-07,1.4240137914738006e-16,8.980788929858301e-12
142800.0,moving-reference-moisture,2277.7777777777783,-2.3985710736722724e-07,2.3985710736722724e-07,-2.398571083318033e-07,9.64576079921694e-16,4.9006965096341345e-11
143100.0,moving-reference-moisture,2277.7777777777783,-2.3801985501049928e-07,2.3801985501049928e-07,-2.3801985594889066e-07,9.383913798463074e-16,4.764803079627871e-11
143400.0,moving-reference-moisture,2277.7777777777783,-2.362011924209335e-07,2.362011924209335e-07,-2.3620119333379284e-07,9.128593451265598e-16,4.63254244487355e-11
143700.0,moving-reference-moisture,2277.7777777777783,-2.34400911225529e-07,2.34400911225529e-07,-2.3440091211168689e-07,8.861578755440093e-16,4.50260959327202e-11
144000.0,moving-reference-moisture,2277.7777777777783,-2.326188051940626e-07,2.326188051940626e-07,-2.3261880605599027e-07,8.619276775246324e-16,4.377405456850845e-11
144300.0,moving-reference-moisture,2277.7777777777783,-2.3085467024999606e-07,2.3085467024999606e-07,-2.3085467108830184e-07,8.383057815102821e-16,4.255571226852501e-11
144600.0,moving-reference-moisture,2277.7777777777783,-2.291083044572804e-07,2.291083044572804e-07,-2.291083052725613e-07,8.152808849050684e-16,4.1370260316595725e-11
144900.0,moving-reference-moisture,2277.7777777777783,-2.2737950798974945e-07,2.2737950798974945e-07,-2.2737950878259087e-07,7.928414204153055e-16,4.021682829855791e-11
145200.0,moving-reference-moisture,2277.7777777777783,-2.2566808314362578e-07,2.2566808314362578e-07,-2.256680839145982e-07,7.709724061457388e-16,3.90946820730539e-11
145500.0,moving-reference-moisture,2277.7777777777783,-2.2397383430986773e-07,2.2397383430986773e-07,-2.2397383505952908e-07,7.496613483603962e-16,3.800298361434415e-11
145800.0,moving-reference-moisture,2277.7777777777783,-2.222965679731928e-07,2.222965679731928e-07,-2.2229656870209e-07,7.288972091611839e-16,3.694088336388149e-11
146100.0,moving-reference-moisture,2277.7777777777783,-2.206360926884638e-07,2.206360926884638e-07,-2.2063609339909668e-07,7.106328759475558e-16,3.59092503381945e-11
146400.0,moving-reference-moisture,2277.7777777777783,-2.1899221907895052e-07,2.1899221907895052e-07,-2.189922197697697e-07,6.908191871245016e-16,3.490421156385816e-11
146700.0,moving-reference-moisture,2277.7777777777783,-2.1736475981121903e-07,2.1736475981121903e-07,-2.1736476048274381e-07,6.715247824376735e-16,3.39266059133409e-11
147000.0,moving-reference-moisture,2277.7777777777783,-2.157535295907475e-07,2.157535295907475e-07,-2.157535302434807e-07,6.527331976841593e-16,3.297569153218299e-11
147300.0,moving-reference-moisture,2277.7777777777783,-2.1415834514549221e-07,2.1415834514549221e-07,-2.1415834577992714e-07,6.344349302130818e-16,3.205090189239878e-11
147600.0,moving-reference-moisture,2277.7777777777783,-2.1257902521196327e-07,2.1257902521196327e-07,-2.125790258285833e-07,6.16620027387311e-16,3.115148607617368e-11
147900.0,moving-reference-moisture,2277.7777777777783,-2.1101539052106428e-07,2.1101539052106428e-07,-2.110153911203355e-07,5.992712309105464e-16,3.027670580951524e-11
148200.0,moving-reference-moisture,2277.7777777777783,-2.0946726378367677e-07,2.0946726378367677e-07,-2.094672643660626e-07,5.823858408652687e-16,2.9426019072202086e-11
148500.0,moving-reference-moisture,2277.7777777777783,-2.0793446967608155e-07,2.0793446967608155e-07,-2.079344702420313e-07,5.659497488589503e-16,2.859885436842186e-11
148800.0,moving-reference-moisture,2277.7777777777783,-2.0641683482514662e-07,2.0641683482514662e-07,-2.064168353750959e-07,5.499492964853165e-16,2.7794413551242253e-11
149100.0,moving-reference-moisture,2277.7777777777783,-2.0491418779333743e-07,2.0491418779333743e-07,-2.0491418832771538e-07,5.343779457088059e-16,2.7012168527309814e-11
149400.0,moving-reference-moisture,2277.7777777777783,-2.0342635906293411e-07,2.0342635906293411e-07,-2.034263595821582e-07,5.192240762961733e-16,2.6251622068063535e-11
149700.0,moving-reference-moisture,2277.7777777777783,-2.019531810230603e-07,2.019531810230603e-07,-2.0195318152753763e-07,5.044773385635943e-16,2.551212648755454e-11
150000.0,moving-reference-moisture,2277.7777777777783,-2.0049448795119684e-07,2.0049448795119684e-07,-2.0049448844132536e-07,4.901285210277676e-16,2.479313957384549e-11
150300.0,moving-reference-moisture,2277.7777777777783,-1.9905011599922128e-07,1.9905011599922128e-07,-1.9905011647538819e-07,4.761669034279546e-16,2.409404392971816e-11
150600.0,moving-reference-moisture,2277.7777777777783,-1.9761990317747533e-07,1.9761990317747533e-07,-1.9761990364006025e-07,4.625849154071891e-16,2.3414423713659095e-11
150900.0,moving-reference-moisture,2277.7777777777783,-1.962036893389572e-07,1.962036893389572e-07,-1.9620368978832918e-07,4.493719690536305e-16,2.275374872932691e-11
151200.0,moving-reference-moisture,2277.7777777777783,-1.9480131616342212e-07,1.9480131616342212e-07,-1.9480131659994193e-07,4.3651980579604297e-16,2.2111432853020263e-11
151500.0,moving-reference-moisture,2277.7777777777783,-1.9341262714141007e-07,1.9341262714141007e-07,-1.934126275654291e-07,4.24019028862668e-16,2.1487044590106967e-11
151800.0,moving-reference-moisture,2277.7777777777783,-1.920374675581649e-07,1.920374675581649e-07,-1.9203746797003054e-07,4.1186564131678568e-16,2.0880026532974197e-11
152100.0,moving-reference-moisture,2277.7777777777783,-1.906756844776223e-07,1.906756844776223e-07,-1.9067568487766144e-07,4.000391555489843e-16,2.0289991573859416e-11
152400.0,moving-reference-moisture,2277.7777777777783,-1.8932712672652752e-07,1.8932712672652752e-07,-1.893271271150694e-07,3.8854187443008927e-16,1.9716559253870727e-11
152700.0,moving-reference-moisture,2277.7777777777783,-1.879916448763338e-07,1.879916448763338e-07,-1.8799164525369485e-07,3.773610659961121e-16,1.9159053801475986e-11
153000.0,moving-reference-moisture,2277.7777777777783,-1.866690912304543e-07,1.866690912304543e-07,-1.866690915969424e-07,3.664881010989027e-16,1.861724904577421e-11
153300.0,moving-reference-moisture,2277.7777777777783,-1.8535931980515808e-07,1.8535931980515808e-07,-1.853593201610753e-07,3.559172093265078e-16,1.8090593468504758e-11
153600.0,moving-reference-moisture,2277.7777777777783,-1.84062186314154e-07,1.84062186314154e-07,-1.840621866597945e-07,3.456405026846062e-16,1.7578725321669363e-11
153900.0,moving-reference-moisture,2277.7777777777783,-1.8277754815226828e-07,1.8277754815226828e-07,-1.8277754848791927e-07,3.35650993151383e-16,1.7081229829007747e-11
154200.0,moving-reference-moisture,2277.7777777777783,-1.8150526437913344e-07,1.8150526437913344e-07,-1.8150526470507175e-07,3.2593830457323437e-16,1.6597760075776784e-11
154500.0,moving-reference-moisture,2277.7777777777783,-1.802451957028723e-07,1.802451957028723e-07,-1.8024519601937244e-07,3.165001340793349e-16,1.612785211413149e-11
154800.0,moving-reference-moisture,2277.7777777777783,-1.7899720446381168e-07,1.7899720446381168e-07,-1.7899720477113567e-07,3.0732398793371267e-16,1.5671195394290746e-11
155100.0,moving-reference-moisture,2277.7777777777783,-1.7776115461818535e-07,1.7776115461818535e-07,-1.7776115491659214e-07,2.984067956419338e-16,1.5227431522740516e-11
155400.0,moving-reference-moisture,2277.7777777777783,-1.7653691172188556e-07,1.7653691172188556e-07,-1.7653691201162636e-07,2.897408015585751e-16,1.479615391366719e-11
155700.0,moving-reference-moisture,2277.7777777777783,-1.7532434291422867e-07,1.7532434291422867e-07,-1.7532434319554816e-07,2.813194941178544e-16,1.437702357171472e-11
156000.0,moving-reference-moisture,2277.7777777777783,-1.741233169017609e-07,1.741233169017609e-07,-1.7412331717489572e-07,2.7313482650677292e-16,1.3969776222929314e-11
156300.0,moving-reference-moisture,2277.7777777777783,-1.7293323628714874e-07,1.7293323628714874e-07,-1.729332360197738e-07,-2.673749230561049e-16,1.4347073062006699e-11
156600.0,moving-reference-moisture,2277.7777777777783,-1.7175495357311404e-07,1.7175495357311404e-07,-1.717549533136152e-07,-2.5949884013561997e-16,1.3928287426853114e-11
156900.0,moving-reference-moisture,2277.7777777777783,-1.7058783939637274e-07,1.7058783939637274e-07,-1.7058783914451413e-07,-2.518586029513862e-16,1.3521783077629638e-11
157200.0,moving-reference-moisture,2277.7777777777783,-1.6943175621310536e-07,1.6943175621310536e-07,-1.6943175596865604e-07,-2.444493145941772e-16,1.3127177724477753e-11
157500.0,moving-reference-moisture,2277.7777777777783,-1.6828657585097088e-07,1.6828657585097088e-07,-1.682865756137134e-07,-2.3725747547639615e-16,1.2744170767457589e-11
157800.0,moving-reference-moisture,2277.7777777777783,-1.6715217515092008e-07,1.6715217515092008e-07,-1.671521749206619e-07,-2.3025817753543785e-16,1.2372480571354813e-11
158100.0,moving-reference-moisture,2277.7777777777783,-1.660284338634258e-07,1.660284338634258e-07,-1.6602843363993442e-07,-2.2349139013850086e-16,1.2011844192240339e-11
158400.0,moving-reference-moisture,2277.7777777777783,-1.649152336628264e-07,1.649152336628264e-07,-1.6491523344589902e-07,-2.1692738772309246e-16,1.1661905910970874e-11
158700.0,moving-reference-moisture,2277.7777777777783,-1.6381245770081187e-07,1.6381245770081187e-07,-1.6381245749025396e-07,-2.1055791171797694e-16,1.132236852255276e-11
159000.0,moving-reference-moisture,2277.7777777777783,-1.627199904234375e-07,1.627199904234375e-07,-1.6271999021905615e-07,-2.0438134746659858e-16,1.0992900902514816e-11
159300.0,moving-reference-moisture,2277.7777777777783,-1.616377175079207e-07,1.616377175079207e-07,-1.6163771730953378e-07,-1.983869217686595e-16,1.067318676760147e-11
159600.0,moving-reference-moisture,2277.7777777777783,-1.6056552585083619e-07,1.6056552585083619e-07,-1.6056552565826168e-07,-1.9257450227526168e-16,1.0363074932094446e-11
159900.0,moving-reference-moisture,2277.7777777777783,-1.5950330356236027e-07,1.5950330356236027e-07,-1.595033033852942e-07,-1.770660701648643e-16,1.005573112526576e-11
160200.0,moving-reference-moisture,2277.7777777777783,-1.5845094002816992e-07,1.5845094002816992e-07,-1.5845093985610532e-07,-1.7206460530912366e-16,9.763824023243502e-12
160500.0,moving-reference-moisture,2277.7777777777783,-1.5740832583998242e-07,1.5740832583998242e-07,-1.5740832567277613e-07,-1.6720628902146901e-16,9.480590696668612e-12
160800.0,moving-reference-moisture,2277.7777777777783,-1.5637535285463555e-07,1.5637535285463555e-07,-1.5637535269215297e-07,-1.62482571563089e-16,9.205771464021456e-12
161100.0,moving-reference-moisture,2277.7777777777783,-1.5535191417993394e-07,1.5535191417993394e-07,-1.5535191402203774e-07,-1.5789620579106218e-16,8.939140371714961e-12
161400.0,moving-reference-moisture,2277.7777777777783,-1.5433790417244943e-07,1.5433790417244943e-07,-1.54337904019009e-07,-1.5344044191159013e-16,8.680466738652527e-12
161700.0,moving-reference-moisture,2277.7777777777783,-1.533332184319618e-07,1.533332184319618e-07,-1.533332182828497e-07,-1.4911210355112066e-16,8.429449053420862e-12
162000.0,moving-reference-moisture,2277.7777777777783,-1.5233775379947684e-07,1.5233775379947684e-07,-1.5233775365485253e-07,-1.4462431123833056e-16,8.185797717656738e-12
162300.0,moving-reference-moisture,2277.7777777777783,-1.5135140833336042e-07,1.5135140833336042e-07,-1.513514081928127e-07,-1.4054772695165283e-16,7.949490943309523e-12
162600.0,moving-reference-moisture,2277.7777777777783,-1.5037408130629778e-07,1.5037408130629778e-07,-1.503740811697113e-07,-1.3658647149469968e-16,7.720132772754392e-12
162900.0,moving-reference-moisture,2277.7777777777783,-1.494056734828796e-07,1.494056734828796e-07,-1.494056731172227e-07,-3.656568970798502e-16,4.9345879883733654e-11
163200.0,moving-reference-moisture,2277.7777777777783,-1.4844608602130108e-07,1.4844608602130108e-07,-1.484460856642559e-07,-3.5704516604467492e-16,4.803989302564208e-11
163500.0,moving-reference-moisture,2277.7777777777783,-1.4749522198362621e-07,1.4749522198362621e-07,-1.4749522163500596e-07,-3.4862025871392843e-16,4.6769626937897007e-11
163800.0,moving-reference-moisture,2277.7777777777783,-1.4655298540425722e-07,1.4655298540425722e-07,-1.4655298506414475e-07,-3.4011247450324903e-16,4.5533772601155465e-11
164100.0,moving-reference-moisture,2277.7777777777783,-1.456192814550219e-07,1.456192814550219e-07,-1.4561928112296315e-07,-3.3205875289185713e-16,4.4332050595027105e-11
164400.0,moving-reference-moisture,2277.7777777777783,-1.446940164561215e-07,1.446940164561215e-07,-1.446940161319415e-07,-3.2417999652363245e-16,4.316306085148833e-11
164700.0,moving-reference-moisture,2277.7777777777783,-1.437770978529413e-07,1.437770978529413e-07,-1.4377709753646153e-07,-3.164797788188212e-16,4.202612422377697e-11
165000.0,moving-reference-moisture,2277.7777777777783,-1.4286843420703576e-07,1.4286843420703576e-07,-1.428684338980871e-07,-3.089486500661056e-16,4.092015755596562e-11
165300.0,moving-reference-moisture,2277.7777777777783,-1.419679351808529e-07,1.419679351808529e-07,-1.419679348792683e-07,-3.0158459856223594e-16,3.9844410896270196e-11
165600.0,moving-reference-moisture,2277.7777777777783,-1.41075511526485e-07,1.41075511526485e-07,-1.4107551123209583e-07,-2.9438918602420867e-16,3.879806290763721e-11
165900.0,moving-reference-moisture,2277.7777777777783,-1.4019107507259204e-07,1.4019107507259204e-07,-1.4019107478523704e-07,-2.8735500091373533e-16,3.7780208906816995e-11
166200.0,moving-reference-moisture,2277.7777777777783,-1.3931453871167316e-07,1.3931453871167316e-07,-1.3931453843119146e-07,-2.804816991236811e-16,3.6790118527804794e-11
166500.0,moving-reference-moisture,2277.7777777777783,-1.3844581638740324e-07,1.3844581638740324e-07,-1.3844581611363788e-07,-2.7376536312666495e-16,3.582702490543965e-11
166800.0,moving-reference-moisture,2277.7777777777783,-1.3758482308207762e-07,1.3758482308207762e-07,-1.3758482281487303e-07,-2.6720459002436796e-16,3.489019270737927e-11
167100.0,moving-reference-moisture,2277.7777777777783,-1.3673147480413674e-07,1.3673147480413674e-07,-1.3673147454334327e-07,-2.6079347705593896e-16,3.3978847123722324e-11
167400.0,moving-reference-moisture,2277.7777777777783,-1.3588568857581478e-07,1.3588568857581478e-07,-1.3588568832128088e-07,-2.545339035757297e-16,3.3092295537943184e-11
167700.0,moving-reference-moisture,2277.7777777777783,-1.3504738242263219e-07,1.3504738242263219e-07,-1.35047382174324e-07,-2.4830818494363097e-16,3.2229874394100806e-11
168000.0,moving-reference-moisture,2277.7777777777783,-1.3421647535680569e-07,1.3421647535680569e-07,-1.3421647511446585e-07,-2.4233983197859956e-16,3.139092597064857e-11
168300.0,moving-reference-moisture,2277.7777777777783,-1.3339288736754758e-07,1.3339288736754758e-07,-1.3339288713103771e-07,-2.3650986302132583e-16,3.0574730951339596e-11
168600.0,moving-reference-moisture,2277.7777777777783,-1.3257653941062138e-07,1.3257653941062138e-07,-1.3257653917980408e-07,-2.308172986899645e-16,2.978074565617078e-11
168900.0,moving-reference-moisture,2277.7777777777783,-1.3176735339561153e-07,1.3176735339561153e-07,-1.317673531703512e-07,-2.2526033903950266e-16,2.900830235096591e-11
169200.0,moving-reference-moisture,2277.7777777777783,-1.3096525217405624e-07,1.3096525217405624e-07,-1.3096525195422242e-07,-2.1983382246291798e-16,2.8256773946769183e-11
169500.0,moving-reference-moisture,2277.7777777777783,-1.3017015952783803e-07,1.3017015952783803e-07,-1.301701593132996e-07,-2.1453843717448011e-16,2.7525648060918452e-11
169800.0,moving-reference-moisture,2277.7777777777783,-1.2938200015770744e-07,1.2938200015770744e-07,-1.293819999483392e-07,-2.0936822747377867e-16,2.6814314612968423e-11
170100.0,moving-reference-moisture,2277.7777777777783,-1.2860069967196351e-07,1.2860069967196351e-07,-1.2860069946764111e-07,-2.043223992674256e-16,2.612222379448902e-11
170400.0,moving-reference-moisture,2277.7777777777783,-1.2782618457522563e-07,1.2782618457522563e-07,-1.2782618437582945e-07,-1.993961879950926e-16,2.544887942258091e-11
170700.0,moving-reference-moisture,2277.7777777777783,-1.270583822575327e-07,1.270583822575327e-07,-1.2705838206293906e-07,-1.9459364353305872e-16,2.4793704767815826e-11
171000.0,moving-reference-moisture,2277.7777777777783,-1.262972209826256e-07,1.262972209826256e-07,-1.2629722079272343e-07,-1.8990216626623357e-16,2.4156241351528705e-11
171300.0,moving-reference-moisture,2277.7777777777783,-1.255426298781846e-07,1.255426298781846e-07,-1.2554262969286067e-07,-1.8532392671654447e-16,2.353596663044832e-11
171600.0,moving-reference-moisture,2277.7777777777783,-1.247945389264772e-07,1.247945389264772e-07,-1.2479453874570022e-07,-1.8077697444634458e-16,2.293238087953469e-11
171900.0,moving-reference-moisture,2277.7777777777783,-1.2405287894794963e-07,1.2405287894794963e-07,-1.240528787715286e-07,-1.7642102810575054e-16,2.2345078392736903e-11
172200.0,moving-reference-moisture,2277.7777777777783,-1.2331758159557675e-07,1.2331758159557675e-07,-1.2331758142340817e-07,-1.7216857860339913e-16,2.1773580209481627e-11
172500.0,moving-reference-moisture,2277.7777777777783,-1.225885793441229e-07,1.225885793441229e-07,-1.225885791761005e-07,-1.6802240526614853e-16,2.1217470767687743e-11
172800.0,moving-reference-moisture,2277.7777777777783,-1.218658054793963e-07,1.218658054793963e-07,-1.2186580531541974e-07,-1.6397655239358837e-16,2.0676255980980636e-11
173100.0,moving-reference-moisture,2277.7777777777783,-1.2114919408818363e-07,1.2114919408818363e-07,-1.2114919392815063e-07,-1.6003300521918876e-16,2.0149564827070698e-11
173400.0,moving-reference-moisture,2277.7777777777783,-1.2043868004723875e-07,1.2043868004723875e-07,-1.2043867989105522e-07,-1.5618353164149358e-16,1.9637034916668572e-11
173700.0,moving-reference-moisture,2277.7777777777783,-1.1973419901473712e-07,1.1973419901473712e-07,-1.1973419886231266e-07,-1.524244523611382e-16,1.913821519607897e-11
174000.0,moving-reference-moisture,2277.7777777777783,-1.1903568741958368e-07,1.1903568741958368e-07,-1.1903568727082278e-07,-1.4876090251536534e-16,1.8652791780752048e-11
174300.0,moving-reference-moisture,2277.7777777777783,-1.1834308245189313e-07,1.1834308245189313e-07,-1.183430823067081e-07,-1.451850338145231e-16,1.818027150808217e-11
174600.0,moving-reference-moisture,2277.7777777777783,-1.1765632205344366e-07,1.1765632205344366e-07,-1.1765632191174612e-07,-1.4169753447288114e-16,1.7720410288332826e-11
174900.0,moving-reference-moisture,2277.7777777777783,-1.1697534490819944e-07,1.1697534490819944e-07,-1.1697534476990315e-07,-1.382962869080713e-16,1.7272811155473232e-11
175200.0,moving-reference-moisture,2277.7777777777783,-1.1630009043295753e-07,1.1630009043295753e-07,-1.1630009029797919e-07,-1.34978339739668e-16,1.6837162156013834e-11
175500.0,moving-reference-moisture,2277.7777777777783,-1.1563049876810499e-07,1.1563049876810499e-07,-1.1563049863636144e-07,-1.3174354738388342e-16,1.6413086653900025e-11
175800.0,moving-reference-moisture,2277.7777777777783,-1.1496651076847444e-07,1.1496651076847444e-07,-1.1496651063988913e-07,-1.2858530563070696e-16,1.6000328768943293e-11
176100.0,moving-reference-moisture,2277.7777777777783,-1.1430806799590313e-07,1.1430806799590313e-07,-1.1430806787044242e-07,-1.2546070696740425e-16,1.559843157364936e-11
176400.0,moving-reference-moisture,2277.7777777777783,-1.1365511270636587e-07,1.1365511270636587e-07,-1.1365511258390545e-07,-1.224604236240009e-16,1.5207301119865386e-11
176700.0,moving-reference-moisture,2277.7777777777783,-1.1300758784311919e-07,1.1300758784311919e-07,-1.1300758772358765e-07,-1.1953154251107315e-16,1.4826543288155766e-11
177000.0,moving-reference-moisture,2277.7777777777783,-1.1236543702954318e-07,1.1236543702954318e-07,-1.123654369128674e-07,-1.1667578416429508e-16,1.4455830709690648e-11
177300.0,moving-reference-moisture,2277.7777777777783,-1.1172860457506155e-07,1.1172860457506155e-07,-1.1172860447571283e-07,-9.93487193765835e-17,1.4099170808426246e-11
177600.0,moving-reference-moisture,2277.7777777777783,-1.1109703540146707e-07,1.1109703540146707e-07,-1.1109703530423797e-07,-9.722909883541842e-17,1.3747419845013089e-11
177900.0,moving-reference-moisture,2277.7777777777783,-1.1047067513645731e-07,1.1047067513645731e-07,-1.104706750413033e-07,-9.515401369843319e-17,1.3404980293407554e-11
178200.0,moving-reference-moisture,2277.7777777777783,-1.0984947003512017e-07,1.0984947003512017e-07,-1.0984946994199585e-07,-9.312432423346488e-17,1.3071538349406767e-11
178500.0,moving-reference-moisture,2277.7777777777783,-1.0923336698991806e-07,1.0923336698991806e-07,-1.0923336689887717e-07,-9.104088788101531e-17,1.2747541336260128e-11
178800.0,moving-reference-moisture,2277.7777777777783,-1.0862231351905766e-07,1.0862231351905766e-07,-1.0862231342996263e-07,-8.909502820804557e-17,1.2431465807583906e-11
179100.0,moving-reference-moisture,2277.7777777777783,-1.0801625776523929e-07,1.0801625776523929e-07,-1.0801625767805097e-07,-8.718831733910674e-17,1.212367172349852e-11
179400.0,moving-reference-moisture,2277.7777777777783,-1.0741514848289937e-07,1.0741514848289937e-07,-1.0741514839757628e-07,-8.532308461480377e-17,1.1823983232193866e-11
179700.0,moving-reference-moisture,2277.7777777777783,-1.0681893503173336e-07,1.0681893503173336e-07,-1.0681893494823825e-07,-8.349510810529018e-17,1.153217453571652e-11
180000.0,moving-reference-moisture,2277.7777777777783,-1.0622756736903278e-07,1.0622756736903278e-07,-1.0622756728732788e-07,-8.170490397126822e-17,1.1247950325908359e-11
180300.0,moving-reference-moisture,2277.7777777777783,-1.0564099604209427e-07,1.0564099604209427e-07,-1.056409959621404e-07,-7.995386187616696e-17,1.0971239975833216e-11
180600.0,moving-reference-moisture,2277.7777777777783,-1.0505917218071337e-07,1.0505917218071337e-07,-1.050591721024793e-07,-7.823406735588551e-17,1.0701689371595363e-11
180900.0,moving-reference-moisture,2277.7777777777783,-1.044820474917877e-07,1.044820474917877e-07,-1.0448204741525481e-07,-7.653288109066406e-17,1.0439247940343457e-11
181200.0,moving-reference-moisture,2277.7777777777783,-1.0390957424631463e-07,1.0390957424631463e-07,-1.0390957417142721e-07,-7.488741371150417e-17,1.0183629524908758e-11
181500.0,moving-reference-moisture,2277.7777777777783,-1.0334170527684622e-07,1.0334170527684622e-07,-1.0334170520356916e-07,-7.327705849498594e-17,9.934667601960927e-12
181800.0,moving-reference-moisture,2277.7777777777783,-1.0277839397006455e-07,1.0277839397006455e-07,-1.0277839389836584e-07,-7.169871847689596e-17,9.692175977213129e-12
182100.0,moving-reference-moisture,2277.7777777777783,-1.0221959425919762e-07,1.0221959425919762e-07,-1.0221959418904209e-07,-7.015553032611703e-17,9.455959108978749e-12
182400.0,moving-reference-moisture,2277.7777777777783,-1.0166526061693771e-07,1.0166526061693771e-07,-1.0166526054829255e-07,-6.86451647020442e-17,9.225909218920893e-12
182700.0,moving-reference-moisture,2277.7777777777783,-1.0111534804856555e-07,1.0111534804856555e-07,-1.0111534798140075e-07,-6.71648025731499e-17,9.001726684310106e-12
183000.0,moving-reference-moisture,2277.7777777777783,-1.005698120851839e-07,1.005698120851839e-07,-1.0056981201946654e-07,-6.571736885008011e-17,8.783454349386905e-12
183300.0,moving-reference-moisture,2277.7777777777783,-1.000286087770252e-07,1.000286087770252e-07,-1.0002860871272478e-07,-6.430041507822168e-17,8.570764205841681e-12
183600.0,moving-reference-moisture,2277.7777777777783,-9.949169468686421e-08,9.949169468686421e-08,-9.949169462395052e-08,-6.291368979466838e-17,8.363552962335685e-12
183900.0,moving-reference-moisture,2277.7777777777783,-9.895902688350462e-08,9.895902688350462e-08,-9.895902682194899e-08,-6.155563128242372e-17,8.161726671528943e-12
184200.0,moving-reference-moisture,2277.7777777777783,-9.84305629353576e-08,9.84305629353576e-08,-9.843056287512845e-08,-6.022915121724388e-17,7.965006429158844e-12
184500.0,moving-reference-moisture,2277.7777777777783,-9.790626090408229e-08,9.790626090408229e-08,-9.790626084515499e-08,-5.892730128198342e-17,7.773424971760434e-12
184800.0,moving-reference-moisture,2277.7777777777783,-9.738607933834795e-08,9.738607933834795e-08,-9.738607928069068e-08,-5.765726802180421e-17,7.58672878582615e-12
185100.0,moving-reference-moisture,2277.7777777777783,-9.686997726762243e-08,9.686997726762243e-08,-9.686997721120938e-08,-5.641305603162645e-17,7.4047983065895e-12
185400.0,moving-reference-moisture,2277.7777777777783,-9.635791419841429e-08,9.635791419841429e-08,-9.635791414322876e-08,-5.518553323748755e-17,7.227527450478201e-12
185700.0,moving-reference-moisture,2277.7777777777783,-9.584985010156367e-08,9.584985010156367e-08,-9.584985004756971e-08,-5.3993956404047765e-17,7.054818062612598e-12
186000.0,moving-reference-moisture,2277.7777777777783,-9.534574541179386e-08,9.534574541179386e-08,-9.534574535896472e-08,-5.282914051778529e-17,6.886439707316562e-12
186300.0,moving-reference-moisture,2277.7777777777783,-9.4845560910652e-08,9.4845560910652e-08,-9.484556096953188e-08,5.887988067182698e-17,4.96716407090091e-11
186600.0,moving-reference-moisture,2277.7777777777783,-9.434925818107898e-08,9.434925818107898e-08,-9.434925823796803e-08,5.688904884331396e-17,4.8609462144910146e-11
186900.0,moving-reference-moisture,2277.7777777777783,-9.385679888932385e-08,9.385679888932385e-08,-9.385679894429838e-08,5.4974529389392626e-17,4.757166796617731e-11
187200.0,moving-reference-moisture,2277.7777777777783,-9.336814525924325e-08,9.336814525924325e-08,-9.336814531237834e-08,5.3135091465311506e-17,4.655765326034885e-11
187500.0,moving-reference-moisture,2277.7777777777783,-9.288325995128657e-08,9.288325995128657e-08,-9.288326000265221e-08,5.136563963849727e-17,4.5566843858690246e-11
187800.0,moving-reference-moisture,2277.7777777777783,-9.240210605592525e-08,9.240210605592525e-08,-9.240210610559173e-08,4.9666478311415345e-17,4.459864934801936e-11
188100.0,moving-reference-moisture,2277.7777777777783,-9.192464708761607e-08,9.192464708761607e-08,-9.192464713564701e-08,4.8030937099606096e-17,4.365261030466988e-11
188400.0,moving-reference-moisture,2277.7777777777783,-9.145084697907154e-08,9.145084697907154e-08,-9.145084702553016e-08,4.64586189563755e-17,4.2728025459541205e-11
188700.0,moving-reference-moisture,2277.7777777777783,-9.098067007577814e-08,9.098067007577814e-08,-9.098067012072634e-08,4.494820039274347e-17,4.182459838993179e-11
189000.0,moving-reference-moisture,2277.7777777777783,-9.051408113067257e-08,9.051408113067257e-08,-9.051408117416713e-08,4.3494559506357085e-17,4.094166431879243e-11
189300.0,moving-reference-moisture,2277.7777777777783,-9.005104529892553e-08,9.005104529892553e-08,-9.005104534102494e-08,4.2099403598000646e-17,4.007881334793378e-11
189600.0,moving-reference-moisture,2277.7777777777783,-8.95915281328535e-08,8.95915281328535e-08,-8.959152817360804e-08,4.075454027088743e-17,3.923544044773743e-11
189900.0,moving-reference-moisture,2277.7777777777783,-8.913549557970663e-08,8.913549557970663e-08,-8.913549561917535e-08,3.94687177871758e-17,3.8411207256872556e-11
190200.0,moving-reference-moisture,2277.7777777777783,-8.868291396796018e-08,8.868291396796018e-08,-8.868291400618564e-08,3.82254587090637e-17,3.7605553327410706e-11
190500.0,moving-reference-moisture,2277.7777777777783,-8.823375001110541e-08,8.823375001110541e-08,-8.823375004813622e-08,3.7030811381190117e-17,3.681813541198377e-11
190800.0,moving-reference-moisture,2277.7777777777783,-8.778797080061079e-08,8.778797080061079e-08,-8.778797083649473e-08,3.5883942005497595e-17,3.604845223454381e-11
191100.0,moving-reference-moisture,2277.7777777777783,-8.734554380070668e-08,8.734554380070668e-08,-8.734554383548661e-08,3.477992720298022e-17,3.5296094151865854e-11
191400.0,moving-reference-moisture,2277.7777777777783,-8.690643684363653e-08,8.690643684363653e-08,-8.690643687735439e-08,3.3717853766241734e-17,3.4560666308979486e-11
191700.0,moving-reference-moisture,2277.7777777777783,-8.6470618125042e-08,8.6470618125042e-08,-8.647061815773758e-08,3.26955776431344e-17,3.384171626724307e-11
192000.0,moving-reference-moisture,2277.7777777777783,-8.603805619940381e-08,8.603805619940381e-08,-8.60380562311169e-08,3.1713085598768416e-17,3.313887212558713e-11
192300.0,moving-reference-moisture,2277.7777777777783,-8.560871997554814e-08,8.560871997554814e-08,-8.560872000631701e-08,3.0768868855706485e-17,3.2451803417738574e-11
192600.0,moving-reference-moisture,2277.7777777777783,-8.518257871220778e-08,8.518257871220778e-08,-8.518257874206788e-08,2.986009514753123e-17,3.177997644329671e-11
192900.0,moving-reference-moisture,2277.7777777777783,-8.475960201363674e-08,8.475960201363674e-08,-8.475960204262279e-08,2.8986049790193395e-17,3.112323137951416e-11
193200.0,moving-reference-moisture,2277.7777777777783,-8.43397598252887e-08,8.43397598252887e-08,-8.433975985343384e-08,2.814514459691689e-17,3.048110537578904e-11
193500.0,moving-reference-moisture,2277.7777777777783,-8.392302242984365e-08,8.392302242984365e-08,-8.392302245717874e-08,2.7335089931766158e-17,2.9853276601120303e-11
193800.0,moving-reference-moisture,2277.7777777777783,-8.350936044215142e-08,8.350936044215142e-08,-8.350936046870878e-08,2.65573681023989e-17,2.923939670804736e-11
194100.0,moving-reference-moisture,2277.7777777777783,-8.309874480574337e-08,8.309874480574337e-08,-8.309874483155186e-08,2.5808498332797493e-17,2.8639107774796414e-11
194400.0,moving-reference-moisture,2277.7777777777783,-8.26911467887529e-08,8.26911467887529e-08,-8.269114681384189e-08,2.5088996783664168e-17,2.8052081619968042e-11
194700.0,moving-reference-moisture,2277.7777777777783,-8.228653797972958e-08,8.228653797972958e-08,-8.228653800412426e-08,2.4394681229821858e-17,2.747810623175378e-11
195000.0,moving-reference-moisture,2277.7777777777783,-8.188489028362397e-08,8.188489028362397e-08,-8.188489030735306e-08,2.372908538684739e-17,2.691672203828724e-11
195300.0,moving-reference-moisture,2277.7777777777783,-8.148617591786226e-08,8.148617591786226e-08,-8.148617594094991e-08,2.308765645264927e-17,2.636772651440367e-11
195600.0,moving-reference-moisture,2277.7777777777783,-8.109036740899121e-08,8.109036740899121e-08,-8.10903674314598e-08,2.2468594482214584e-17,2.5830840051100733e-11
195900.0,moving-reference-moisture,2277.7777777777783,-8.06974375868938e-08,8.06974375868938e-08,-8.069743760876678e-08,2.1872984736507e-17,2.5305796781851804e-11
196200.0,moving-reference-moisture,2277.7777777777783,-8.030735958348325e-08,8.030735958348325e-08,-8.030735960478652e-08,2.130327567013968e-17,2.4792227003716007e-11
196500.0,moving-reference-moisture,2277.7777777777783,-7.992010682769393e-08,7.992010682769393e-08,-7.992010684844574e-08,2.0751804281917926e-17,2.428988125899968e-11
196800.0,moving-reference-moisture,2277.7777777777783,-7.953565304196274e-08,7.953565304196274e-08,-7.953565306218566e-08,2.022291161569642e-17,2.379858338506799e-11
197100.0,moving-reference-moisture,2277.7777777777783,-7.915397223883337e-08,7.915397223883337e-08,-7.915397225854749e-08,1.9714122747082404e-17,2.3317964634131464e-11
197400.0,moving-reference-moisture,2277.7777777777783,-7.877503871936383e-08,7.877503871936383e-08,-7.877503873858616e-08,1.9222327476972677e-17,2.284786285247999e-11
197700.0,moving-reference-moisture,2277.7777777777783,-7.83988270617866e-08,7.83988270617866e-08,-7.839882708053627e-08,1.8749669857514976e-17,2.2387984361700736e-11
198000.0,moving-reference-moisture,2277.7777777777783,-7.802531212432992e-08,7.802531212432992e-08,-7.802531214262499e-08,1.8295064627745633e-17,2.1938111805294686e-11
198300.0,moving-reference-moisture,2277.7777777777783,-7.765446904569348e-08,7.765446904569348e-08,-7.765446906355072e-08,1.7857241238243766e-17,2.149801678353087e-11
198600.0,moving-reference-moisture,2277.7777777777783,-7.728627323550554e-08,7.728627323550554e-08,-7.728627325294155e-08,1.7436014400552162e-17,2.1067497876309342e-11
198900.0,moving-reference-moisture,2277.7777777777783,-7.692070037152285e-08,7.692070037152285e-08,-7.692070038855392e-08,1.7031066477315602e-17,2.0646259531023745e-11
199200.0,moving-reference-moisture,2277.7777777777783,-7.655772639724306e-08,7.655772639724306e-08,-7.655772641388418e-08,1.6641113684223404e-17,2.0234094298750132e-11
199500.0,moving-reference-moisture,2277.7777777777783,-7.619732751156953e-08,7.619732751156953e-08,-7.61973275522743e-08,4.070476385034644e-17,1.98566221557754e-11
199800.0,moving-reference-moisture,2277.7777777777783,-7.583948019291913e-08,7.583948019291913e-08,-7.58394802325468e-08,3.962766881368399e-17,1.9460773419118283e-11
200100.0,moving-reference-moisture,2277.7777777777783,-7.548416115623522e-08,7.548416115623522e-08,-7.548416119481802e-08,3.858280073368661e-17,1.9073350345194635e-11
200400.0,moving-reference-moisture,2277.7777777777783,-7.513134737863929e-08,7.513134737863929e-08,-7.513134741620753e-08,3.756824055133317e-17,1.869435510785338e-11
200700.0,moving-reference-moisture,2277.7777777777783,-7.478101607880639e-08,7.478101607880639e-08,-7.478101611539354e-08,3.6587151405286075e-17,1.832346962565038e-11
201000.0,moving-reference-moisture,2277.7777777777783,-7.443314472928193e-08,7.443314472928193e-08,-7.443314476491839e-08,3.563646280111153e-17,1.796057164306041e-11
201300.0,moving-reference-moisture,2277.7777777777783,-7.40877110481441e-08,7.40877110481441e-08,-7.408771108285368e-08,3.470958376368871e-17,1.7605402861319264e-11
201600.0,moving-reference-moisture,2277.7777777777783,-7.37446929871716e-08,7.37446929871716e-08,-7.37446930209877e-08,3.3816109588123233e-17,1.725786918496165e-11
201900.0,moving-reference-moisture,2277.7777777777783,-7.340406873850637e-08,7.340406873850637e-08,-7.34040687717674e-08,3.326102507498585e-17,1.6917935417411782e-11
202200.0,moving-reference-moisture,2277.7777777777783,-7.306581673081532e-08,7.306581673081532e-08,-7.306581676322209e-08,3.2406765877900285e-17,1.6585047058622272e-11
202500.0,moving-reference-moisture,2277.7777777777783,-7.272991562368832e-08,7.272991562368832e-08,-7.272991565526863e-08,3.1580313184286304e-17,1.6259276383756305e-11
202800.0,moving-reference-moisture,2277.7777777777783,-7.239634430619367e-08,7.239634430619367e-08,-7.23963443369715e-08,3.077782887610166e-17,1.5940461396087546e-11
203100.0,moving-reference-moisture,2277.7777777777783,-7.206508189377416e-08,7.206508189377416e-08,-7.206508192377471e-08,3.000054379809783e-17,1.5628446217323757e-11
203400.0,moving-reference-moisture,2277.7777777777783,-7.173610772551259e-08,7.173610772551259e-08,-7.173610775475967e-08,2.924708152173553e-17,1.532294898035138e-11
203700.0,moving-reference-moisture,2277.7777777777783,-7.140940136144417e-08,7.140940136144417e-08,-7.140940138996128e-08,2.851711117476973e-17,1.5023919193215608e-11
204000.0,moving-reference-moisture,2277.7777777777783,-7.108494257978139e-08,7.108494257978139e-08,-7.108494260759097e-08,2.7809573966016375e-17,1.473123289727933e-11
204300.0,moving-reference-moisture,2277.7777777777783,-7.07627113757497e-08,7.07627113757497e-08,-7.07627114028688e-08,2.711909653021631e-17,1.4444781716019243e-11
204600.0,moving-reference-moisture,2277.7777777777783,-7.044268795401995e-08,7.044268795401995e-08,-7.04426879804759e-08,2.6455949141855e-17,1.4164235975644973e-11
204900.0,moving-reference-moisture,2277.7777777777783,-7.012485273255611e-08,7.012485273255611e-08,-7.012485275836707e-08,2.581096002230045e-17,1.3889672920241393e-11
205200.0,moving-reference-moisture,2277.7777777777783,-6.980918633660883e-08,6.980918633660883e-08,-6.980918636179605e-08,2.5187226135766066e-17,1.3620905758168914e-11
205500.0,moving-reference-moisture,2277.7777777777783,-6.94956695967699e-08,6.94956695967699e-08,-6.949566962135262e-08,2.4582722544112313e-17,1.3357785542524967e-11
205800.0,moving-reference-moisture,2277.7777777777783,-6.918428354651644e-08,6.918428354651644e-08,-6.918428357051311e-08,2.3996668388840943e-17,1.310006433162695e-11
206100.0,moving-reference-moisture,2277.7777777777783,-6.887500941977793e-08,6.887500941977793e-08,-6.887500944320577e-08,2.3427846060090278e-17,1.284780840497688e-11
206400.0,moving-reference-moisture,2277.7777777777783,-6.856782864852619e-08,6.856782864852619e-08,-6.856782867140254e-08,2.2876348202088923e-17,1.2600803362787108e-11
206700.0,moving-reference-moisture,2277.7777777777783,-6.82627228635219e-08,6.82627228635219e-08,-6.826272288586377e-08,2.234187041237146e-17,1.235889358568085e-11
207000.0,moving-reference-moisture,2277.7777777777783,-6.79596738816943e-08,6.79596738816943e-08,-6.795967390351897e-08,2.1824664153844103e-17,1.2122032350540304e-11
207300.0,moving-reference-moisture,2278.0590109506775,-6.766601329195038e-08,6.766601329195038e-08,-6.766601331378752e-08,2.1837144654926303e-17,1.1922806273751904e-11
207600.0,moving-reference-moisture,2278.7623217971855,-6.738541360182303e-08,6.738541360182303e-08,-6.738541362433373e-08,2.2510694666671082e-17,1.1764597634469265e-11
207900.0,moving-reference-moisture,2279.677112927941,-6.711239104636615e-08,6.711239104636615e-08,-6.7112391069652e-08,2.3285848927416975e-17,1.1612109199339325e-11
208200.0,moving-reference-moisture,2280.5924550227933,-6.684140133248147e-08,6.684140133248147e-08,-6.684140135619489e-08,2.3713415277323185e-17,1.1445150741019627e-11
208500.0,moving-reference-moisture,2281.296939520878,-6.656688791216765e-08,6.656688791216765e-08,-6.656688793563964e-08,2.3471984417576107e-17,1.1250119572935067e-11
208800.0,moving-reference-moisture,2281.578824722576,-6.628332375449998e-08,6.628332375449998e-08,-6.628332377687381e-08,2.237383267124051e-17,1.1017166137666201e-11
209100.0,moving-reference-moisture,2281.578824722576,-6.599422432470794e-08,6.599422432470794e-08,-6.599422434567667e-08,2.0968724125753832e-17,1.0773467310489465e-11
209400.0,moving-reference-moisture,2281.578824722576,-6.570675945164183e-08,6.570675945164183e-08,-6.570675947153057e-08,1.9888743883114798e-17,1.0548988145260582e-11
209700.0,moving-reference-moisture,2281.578824722576,-6.542100236248649e-08,6.542100236248649e-08,-6.54210023815396e-08,1.905311941086883e-17,1.0336208096124316e-11
210000.0,moving-reference-moisture,2281.578824722576,-6.513700120152794e-08,6.513700120152794e-08,-6.513700121990597e-08,1.837802091701735e-17,1.0132206534259713e-11
210300.0,moving-reference-moisture,2281.578824722576,-6.485478385381116e-08,6.485478385381116e-08,-6.485478390057456e-08,4.676340523359924e-17,1.0837744446519295e-11
210600.0,moving-reference-moisture,2281.578824722576,-6.457436429663852e-08,6.457436429663852e-08,-6.457436434240991e-08,4.5771384068576644e-17,1.0636887765147514e-11
210900.0,moving-reference-moisture,2281.578824722576,-6.42957467846872e-08,6.42957467846872e-08,-6.429574682951347e-08,4.482628058789806e-17,1.0441515794590774e-11
211200.0,moving-reference-moisture,2281.578824722576,-6.401892924540053e-08,6.401892924540053e-08,-6.401892928932247e-08,4.392194056780608e-17,1.02510660267842e-11
211500.0,moving-reference-moisture,2281.578824722576,-6.374390534816366e-08,6.374390534816366e-08,-6.374390539121496e-08,4.305129657714707e-17,1.0064931825123773e-11
211800.0,moving-reference-moisture,2281.578824722576,-6.347066593782759e-08,6.347066593782759e-08,-6.347066598003234e-08,4.22047533208154e-17,9.882894667883968e-12
212100.0,moving-reference-moisture,2281.578824722576,-6.319920000201557e-08,6.319920000201557e-08,-6.3199200043399e-08,4.138342252955435e-17,9.704702235743193e-12
212400.0,moving-reference-moisture,2281.578824722576,-6.292949531970913e-08,6.292949531970913e-08,-6.292949536029257e-08,4.0583439615542063e-17,9.530213642235658e-12
212700.0,moving-reference-moisture,2281.578824722576,-6.26615388993161e-08,6.26615388993161e-08,-6.266153893911874e-08,3.980264729174101e-17,9.359204147254791e-12
213000.0,moving-reference-moisture,2281.578824722576,-6.239531727237026e-08,6.239531727237026e-08,-6.239531731141044e-08,3.904018529031413e-17,9.191680270832759e-12
213300.0,moving-reference-moisture,2281.578824722576,-6.213081669450346e-08,6.213081669450346e-08,-6.21308167327975e-08,3.82940419080117e-17,9.027400389726128e-12
213600.0,moving-reference-moisture,2281.578824722576,-6.186802327704772e-08,6.186802327704772e-08,-6.18680233146135e-08,3.756577886183021e-17,8.866266276439089e-12
213900.0,moving-reference-moisture,2281.578824722576,-6.160692308021646e-08,6.160692308021646e-08,-6.160692311706966e-08,3.685319916006273e-17,8.708257819120631e-12
214200.0,moving-reference-moisture,2281.578824722576,-6.134750217257368e-08,6.134750217257368e-08,-6.134750220872968e-08,3.6155998400243835e-17,8.553322174498282e-12
214500.0,moving-reference-moisture,2281.578824722576,-6.108974667247022e-08,6.108974667247022e-08,-6.10897467079435e-08,3.547327660986707e-17,8.401393549313785e-12
214800.0,moving-reference-moisture,2281.578824722576,-6.083364277559039e-08,6.083364277559039e-08,-6.083364281039524e-08,3.480484850047522e-17,8.252269765081327e-12
215100.0,moving-reference-moisture,2281.578824722576,-6.057917677342366e-08,6.057917677342366e-08,-6.057917680757713e-08,3.415346692914686e-17,8.106053218288934e-12
215400.0,moving-reference-moisture,2281.578824722576,-6.032633506525767e-08,6.032633506525767e-08,-6.03263350987703e-08,3.351263356498978e-17,7.962601425011932e-12
215700.0,moving-reference-moisture,2281.578824722576,-6.007510416609961e-08,6.007510416609961e-08,-6.007510419898644e-08,3.288683503564646e-17,7.821917617384565e-12
216000.0,moving-reference-moisture,2281.578824722576,-5.982547071164513e-08,5.982547071164513e-08,-5.98254707439191e-08,3.227398022852837e-17,7.683855598600342e-12
216300.0,moving-reference-moisture,2281.578824722576,-5.9577421461243536e-08,5.9577421461243536e-08,-5.957742149291991e-08,3.167637201446086e-17,7.548406636339313e-12
216600.0,moving-reference-moisture,2281.578824722576,-5.9330943299527786e-08,5.9330943299527786e-08,-5.9330943330617575e-08,3.108978846359746e-17,7.415496299049854e-12
216900.0,moving-reference-moisture,2281.578824722576,-5.908602323709173e-08,5.908602323709173e-08,-5.9086023267606713e-08,3.051498396465681e-17,7.28509532019817e-12
217200.0,moving-reference-moisture,2281.578824722576,-5.8842647559001746e-08,5.8842647559001746e-08,-5.884264846460836e-08,9.05606612280805e-16,4.9792438876561837e-11
217500.0,moving-reference-moisture,2281.578824722576,-5.860080528658721e-08,5.860080528658721e-08,-5.860080617712153e-08,8.905343227289049e-16,4.894265247522526e-11
217800.0,moving-reference-moisture,2281.578824722576,-5.8360482895408365e-08,5.8360482895408365e-08,-5.836048377115141e-08,8.757430429747011e-16,4.810832807096459e-11
218100.0,moving-reference-moisture,2281.578824722576,-5.8121667896388147e-08,5.8121667896388147e-08,-5.812166875761621e-08,8.612280613974248e-16,4.728920279837495e-11
218400.0,moving-reference-moisture,2281.578824722576,-5.7884347923782674e-08,5.7884347923782674e-08,-5.788434877076516e-08,8.469824826194897e-16,4.648495359063049e-11
218700.0,moving-reference-moisture,2281.578824722576,-5.7648510733941434e-08,5.7648510733941434e-08,-5.7648511566940945e-08,8.32999510524983e-16,4.5695300259069086e-11
219000.0,moving-reference-moisture,2281.578824722576,-5.741414420403105e-08,5.741414420403105e-08,-5.7414145023308114e-08,8.192770606187611e-16,4.492000569455362e-11
219300.0,moving-reference-moisture,2281.578824722576,-5.7181236330763544e-08,5.7181236330763544e-08,-5.7181237136570736e-08,8.058071919669435e-16,4.4158727507771147e-11
219600.0,moving-reference-moisture,2281.578824722576,-5.6949775229101966e-08,5.6949775229101966e-08,-5.694977602168631e-08,7.925843459158138e-16,4.341121697588175e-11
219900.0,moving-reference-moisture,2281.578824722576,-5.6719749130976596e-08,5.6719749130976596e-08,-5.6719749910582154e-08,7.796055578500567e-16,4.2677243468477126e-11
220200.0,moving-reference-moisture,2281.578824722576,-5.6491146387145805e-08,5.6491146387145805e-08,-5.6491147154008354e-08,7.668625493461017e-16,4.1956384606482915e-11
220500.0,moving-reference-moisture,2281.578824722576,-5.6263955454922386e-08,5.6263955454922386e-08,-5.626395620927589e-08,7.543535006066012e-16,4.124862607856257e-11
220800.0,moving-reference-moisture,2281.578824722576,-5.603816491050728e-08,5.603816491050728e-08,-5.6038165652581915e-08,7.42074633070517e-16,4.055361102884416e-11
221100.0,moving-reference-moisture,2281.578824722576,-5.5813763441293895e-08,5.5813763441293895e-08,-5.5813764171310756e-08,7.300168609860009e-16,3.9871101199317126e-11
221400.0,moving-reference-moisture,2281.578824722576,-5.559073984517828e-08,5.559073984517828e-08,-5.559074056335625e-08,7.181779675090113e-16,3.9200817210838856e-11
221700.0,moving-reference-moisture,2281.578824722576,-5.53690830294437e-08,5.53690830294437e-08,-5.5369083735999165e-08,7.065554644802655e-16,3.8542605251469506e-11
222000.0,moving-reference-moisture,2281.578824722576,-5.51487820095807e-08,5.51487820095807e-08,-5.514878270471999e-08,6.951392867660701e-16,3.789614891893001e-11
222300.0,moving-reference-moisture,2281.578824722576,-5.492982590807303e-08,5.492982590807303e-08,-5.4929826592004655e-08,6.83931624740687e-16,3.7261273844667147e-11
222600.0,moving-reference-moisture,2281.578824722576,-5.47122039565258e-08,5.47122039565258e-08,-5.471220462944831e-08,6.729225059146513e-16,3.663758844232881e-11
222900.0,moving-reference-moisture,2281.578824722576,-5.4495905482750526e-08,5.4495905482750526e-08,-5.449590614486306e-08,6.62112532475449e-16,3.602521111299924e-11
223200.0,moving-reference-moisture,2281.578824722576,-5.4280919924417995e-08,5.4280919924417995e-08,-5.428092057591575e-08,6.514977538084746e-16,3.542373289287683e-11
223500.0,moving-reference-moisture,2281.578824722576,-5.4067236820584495e-08,5.4067236820584495e-08,-5.406723746165462e-08,6.41070123100729e-16,3.483295927030882e-11
223800.0,moving-reference-moisture,2281.578824722576,-5.385484581130234e-08,5.385484581130234e-08,-5.385484644213324e-08,6.308308976667434e-16,3.425268797312771e-11
224100.0,moving-reference-moisture,2281.578824722576,-5.364373663796925e-08,5.364373663796925e-08,-5.364373725874219e-08,6.207729372834702e-16,3.368295926375428e-11
224400.0,moving-reference-moisture,2281.578824722576,-5.343389913727966e-08,5.343389913727966e-08,-5.343389974817368e-08,6.108940184894229e-16,3.312311688467718e-11
224700.0,moving-reference-moisture,2281.578824722576,-5.322532324688153e-08,5.322532324688153e-08,-5.322532384807287e-08,6.011913354879637e-16,3.257315257922527e-11
225000.0,moving-reference-moisture,2281.578824722576,-5.3017999000451933e-08,5.3017999000451933e-08,-5.3017999592111495e-08,5.916595612359477e-16,3.203293583224888e-11
225300.0,moving-reference-moisture,2281.578824722576,-5.2811916527288786e-08,5.2811916527288786e-08,-5.281191710958475e-08,5.822959627286312e-16,3.15022577378395e-11
225600.0,moving-reference-moisture,2281.578824722576,-5.260706604978972e-08,5.260706604978972e-08,-5.260706662338496e-08,5.73595240294435e-16,3.097734907737062e-11
225900.0,moving-reference-moisture,2281.578824722576,-5.2403437887098294e-08,5.2403437887098294e-08,-5.240343845167163e-08,5.645733335545518e-16,3.0465220769985053e-11
226200.0,moving-reference-moisture,2281.578824722576,-5.220102244969051e-08,5.220102244969051e-08,-5.220102300539962e-08,5.55709107291756e-16,2.9962033304332623e-11
226500.0,moving-reference-moisture,2281.578824722576,-5.1999810238844195e-08,5.1999810238844195e-08,-5.1999810785841694e-08,5.469974991606986e-16,2.946771919593459e-11
226800.0,moving-reference-moisture,2281.578824722576,-5.1799791846456293e-08,5.1799791846456293e-08,-5.179979238489549e-08,5.384391973756494e-16,2.8982105226313103e-11
227100.0,moving-reference-moisture,2281.578824722576,-5.1600957954023435e-08,5.1600957954023435e-08,-5.160095848404954e-08,5.300261021840501e-16,2.8505003322879323e-11
227400.0,moving-reference-moisture,2281.578824722576,-5.140329933158835e-08,5.140329933158835e-08,-5.14032998533475e-08,5.217591466456319e-16,2.803630525402011e-11
227700.0,moving-reference-moisture,2281.578824722576,-5.1206806839313805e-08,5.1206806839313805e-08,-5.12068073529476e-08,5.136337978106378e-16,2.7575672219129065e-11
228000.0,moving-reference-moisture,2281.578824722576,-5.1011471417469824e-08,5.1011471417469824e-08,-5.101147192311695e-08,5.05647124150977e-16,2.712319166206114e-11
228300.0,moving-reference-moisture,2281.578824722576,-5.08172840965357e-08,5.08172840965357e-08,-5.0817284594313185e-08,4.977774866218251e-16,2.6679007859678436e-11
228600.0,moving-reference-moisture,2281.578824722576,-5.06242359917829e-08,5.06242359917829e-08,-5.0624236481844016e-08,4.900611157340119e-16,2.6242206517199093e-11
228900.0,moving-reference-moisture,2281.578824722576,-5.0432318301453825e-08,5.0432318301453825e-08,-5.043231878392818e-08,4.824743541220185e-16,2.5813016261259777e-11
229200.0,moving-reference-moisture,2281.578824722576,-5.024152230675576e-08,5.024152230675576e-08,-5.024152278177352e-08,4.750177576512163e-16,2.539130086688687e-11
229500.0,moving-reference-moisture,2281.578824722576,-5.0051839370845644e-08,5.0051839370845644e-08,-5.005183983853309e-08,4.676874484988939e-16,2.4976900254346314e-11
229800.0,moving-reference-moisture,2281.578824722576,-4.986326093792822e-08,4.986326093792822e-08,-4.986326139840986e-08,4.604816399549281e-16,2.456972218628533e-11
230100.0,moving-reference-moisture,2281.578824722576,-4.9675778532360085e-08,4.9675778532360085e-08,-4.967577898575806e-08,4.533979762089343e-16,2.416959295003885e-11
230400.0,moving-reference-moisture,2281.578824722576,-4.948938375784543e-08,4.948938375784543e-08,-4.948938420427604e-08,4.464306140570654e-16,2.3776386770791318e-11
230700.0,moving-reference-moisture,2281.578824722576,-4.9304068296471184e-08,4.9304068296471184e-08,-4.9304068736055165e-08,4.395839805699599e-16,2.3389990372877285e-11
231000.0,moving-reference-moisture,2281.578824722576,-4.911982391029043e-08,4.911982391029043e-08,-4.911982434314662e-08,4.328561897758211e-16,2.301029625378212e-11
231300.0,moving-reference-moisture,2281.578824722576,-4.8936642432043e-08,4.8936642432043e-08,-4.893664285828011e-08,4.262371103665065e-16,2.2637144166087878e-11
231600.0,moving-reference-moisture,2281.578824722576,-4.875451577498485e-08,4.875451577498485e-08,-4.8754516194712744e-08,4.197278937774287e-16,2.2270369857198923e-11
231900.0,moving-reference-moisture,2281.578824722576,-4.8573435926780435e-08,4.8573435926780435e-08,-4.8573436340108426e-08,4.13327990760661e-16,2.1909972847980316e-11
232200.0,moving-reference-moisture,2281.578824722576,-4.8393394949235944e-08,4.8393394949235944e-08,-4.839339535627056e-08,4.0703461537190037e-16,2.155570586955351e-11
232500.0,moving-reference-moisture,2281.578824722576,-4.8214384977600714e-08,4.8214384977600714e-08,-4.821438537844651e-08,4.0084579561256643e-16,2.1207542420249003e-11
232800.0,moving-reference-moisture,2281.578824722576,-4.8036398219799003e-08,4.8036398219799003e-08,-4.80363986145595e-08,3.947604991612547e-16,2.0865368434849378e-11
233100.0,moving-reference-moisture,2281.578824722576,-4.7859426955658354e-08,4.7859426955658354e-08,-4.785942734443349e-08,3.887751393628292e-16,2.0529080195807963e-11
233400.0,moving-reference-moisture,2281.578824722576,-4.7683463536133246e-08,4.7683463536133246e-08,-4.76834639190241e-08,3.828908544178128e-16,2.0198511462414628e-11
233700.0,moving-reference-moisture,2281.578824722576,-4.750850038255585e-08,4.750850038255585e-08,-4.750850075965701e-08,3.7710115923020305e-16,1.9873606550546383e-11
234000.0,moving-reference-moisture,2281.578824722576,-4.7334529988521985e-08,4.7334529988521985e-08,-4.733453035993593e-08,3.7141394841176616e-16,1.9554237713481496e-11
234300.0,moving-reference-moisture,2281.578824722576,-4.716154490956003e-08,4.716154490956003e-08,-4.716154527537424e-08,3.65814213597468e-16,1.9240314252170052e-11
234600.0,moving-reference-moisture,2281.578824722576,-4.698953777482937e-08,4.698953777482937e-08,-4.6989538135135694e-08,3.603063223009428e-16,1.8931762042115825e-11
234900.0,moving-reference-moisture,2281.578824722576,-4.681850127992711e-08,4.681850127992711e-08,-4.6818501634817644e-08,3.548905326025417e-16,1.862844811220481e-11
235200.0,moving-reference-moisture,2281.578824722576,-4.664842818699865e-08,4.664842818699865e-08,-4.6648428536560934e-08,3.495622850827283e-16,1.8330290710168776e-11
235500.0,moving-reference-moisture,2281.578824722576,-4.6479311324130186e-08,4.6479311324130186e-08,-4.647931166845273e-08,3.443225458884581e-16,1.803718314778183e-11
235800.0,moving-reference-moisture,2281.578824722576,-4.631114357548135e-08,4.631114357548135e-08,-4.631114393342153e-08,3.579401820849022e-16,1.8066964757047992e-11
236100.0,moving-reference-moisture,2281.578824722576,-4.614391791842988e-08,4.614391791842988e-08,-4.6143918271093596e-08,3.5266371607143465e-16,1.7784028494243147e-11
236400.0,moving-reference-moisture,2281.578824722576,-4.597759467930089e-08,4.597759467930089e-08,-4.597759477818346e-08,9.888257332290782e-17,4.7948618844353086e-11
236700.0,moving-reference-moisture,2281.578824722576,-4.581222111733558e-08,4.581222111733558e-08,-4.581222121911443e-08,1.0177885028481119e-16,4.726291469501299e-11
237000.0,moving-reference-moisture,2281.578824722576,-4.564777181829929e-08,4.564777181829929e-08,-4.564777192286974e-08,1.0457045250327965e-16,4.658946682673888e-11
237300.0,moving-reference-moisture,2281.578824722576,-4.5484239493951994e-08,4.5484239493951994e-08,-4.548423960121403e-08,1.072620386595231e-16,4.592776424155398e-11
237600.0,moving-reference-moisture,2281.578824722576,-4.532161694134104e-08,4.532161694134104e-08,-4.5321617051199814e-08,1.0985877697800876e-16,4.527741240510021e-11
237900.0,moving-reference-moisture,2281.578824722576,-4.515989707326697e-08,4.515989707326697e-08,-4.5159897185631385e-08,1.123644129325503e-16,4.463819311054578e-11
238200.0,moving-reference-moisture,2281.578824722576,-4.499907292838723e-08,4.499907292838723e-08,-4.499907304317044e-08,1.1478321477510845e-16,4.4009817317341434e-11
238500.0,moving-reference-moisture,2281.578824722576,-4.483913766948992e-08,4.483913766948992e-08,-4.4839137786606804e-08,1.1711688318902266e-16,4.339204924496101e-11
238800.0,moving-reference-moisture,2281.578824722576,-4.468008457618206e-08,4.468008457618206e-08,-4.4680084695551395e-08,1.1936933570167395e-16,4.278470806600964e-11
239100.0,moving-reference-moisture,2281.578824722576,-4.452190703560827e-08,4.452190703560827e-08,-4.4521907157152676e-08,1.215444038136597e-16,4.218753199122913e-11
239400.0,moving-reference-moisture,2281.578824722576,-4.436459853308214e-08,4.436459853308214e-08,-4.4364598656723184e-08,1.236410419686856e-16,4.160040556736658e-11
239700.0,moving-reference-moisture,2281.8607621736164,-4.421303957892043e-08,4.421303957892043e-08,-4.421303970485765e-08,1.25937215939794e-16,4.10913478719733e-11
240000.0,moving-reference-moisture,2282.565834476847,-4.4069672438434575e-08,4.4069672438434575e-08,-4.4069672567151164e-08,1.2871658912008647e-16,4.067243401210727e-11
240300.0,moving-reference-moisture,2283.482917128542,-4.393085123976224e-08,4.393085123976224e-08,-4.3930851371549064e-08,1.317868254735322e-16,4.027564782616101e-11
240600.0,moving-reference-moisture,2284.400552585481,-4.3792905095998975e-08,4.3792905095998975e-08,-4.379290523072406e-08,1.3472508350588386e-16,3.9858134417142556e-11
240900.0,moving-reference-moisture,2285.106802462261,-4.365215587385542e-08,4.365215587385542e-08,-4.3652156010963984e-08,1.3710856142756355e-16,3.938353386595477e-11
241200.0,moving-reference-moisture,2285.389394120976,-4.350493710447897e-08,4.350493710447897e-08,-4.350493724313574e-08,1.386567722190219e-16,3.8822632692398384e-11
241500.0,moving-reference-moisture,2285.389394120976,-4.335361189519126e-08,4.335361189519126e-08,-4.335361203469418e-08,1.3950291842865955e-16,3.823123290908738e-11
241800.0,moving-reference-moisture,2285.3893941209762,-4.3202968014678025e-08,4.3202968014678025e-08,-4.320296815489391e-08,1.4021588194223125e-16,3.767509406103042e-11
242100.0,moving-reference-moisture,2285.389394120976,-4.305303545254525e-08,4.305303545254525e-08,-4.305303559361943e-08,1.4107418439815098e-16,3.713936866345732e-11
242400.0,moving-reference-moisture,2285.389394120976,-4.290383654637554e-08,4.290383654637554e-08,-4.2903836688429474e-08,1.4205393682032818e-16,3.6619837999948426e-11
242700.0,moving-reference-moisture,2285.389394120976,-4.275538633695508e-08,4.275538633695508e-08,-4.2755386479177575e-08,1.422224963768318e-16,3.609170396171058e-11
243000.0,moving-reference-moisture,2285.389394120976,-4.260769429095022e-08,4.260769429095022e-08,-4.260769443424039e-08,1.4329016817195603e-16,3.559663858409262e-11
243300.0,moving-reference-moisture,2285.389394120976,-4.246076579903224e-08,4.246076579903224e-08,-4.246076594342939e-08,1.443971542072337e-16,3.51124132083354e-11
243600.0,moving-reference-moisture,2285.3893941209762,-4.2314603298289926e-08,4.2314603298289926e-08,-4.23146034437675e-08,1.4547757120123616e-16,3.4637459023398325e-11
243900.0,moving-reference-moisture,2285.389394120976,-4.216920709401048e-08,4.216920709401048e-08,-4.2169207240553177e-08,1.4654269528007374e-16,3.4171423724094086e-11
244200.0,moving-reference-moisture,2285.389394120976,-4.202457595525957e-08,4.202457595525957e-08,-4.202457610283977e-08,1.4758019814389695e-16,3.3713808971658777e-11
244500.0,moving-reference-moisture,2285.389394120976,-4.188070754604959e-08,4.188070754604959e-08,-4.1880707694638166e-08,1.485885776327134e-16,3.3264239746443456e-11
