time_s,sensible_inventory_change_J,fixed_volume_sensible_change_J,geometry_heat_term_J,geometry_reference_temperature_K,surface_convection_in_W,surface_latent_out_W,linear_solver_relative_residual,physical_heat_balance_residual_J,physical_heat_balance_relative
150.0,-7301.71096746714,-5333.649340376136,-1968.061627091004,301.15,12.456144234929502,48.013806498598086,2.304583671942386e-11,-8.25848474050872e-07,1.1310341887407618e-10
300.0,-4155.069581925808,-2310.969261976367,-1844.1003199494412,290.92749409345475,13.391349046713524,28.79781080477079,3.512116317385377e-11,1.7322231542493682e-06,4.168938979468331e-10
450.0,-3521.5882067816215,-1763.7765358208626,-1757.8116709607589,286.4461097330308,14.362895918447595,26.121406165651127,2.7778835466631182e-11,1.2596672149811639e-06,3.576986123918144e-10
600.0,-2975.74020096448,-1298.0493179602931,-1677.690883004187,282.9793385530533,14.930568172151137,23.584230307821617,3.062150415156166e-11,2.3902789507701527e-06,8.032552539349467e-10
750.0,-2591.9591501226705,-989.5518788261923,-1602.4072712964783,280.3944397111361,15.39283577806821,21.989848307186524,4.113972908515146e-11,5.415547548182076e-07,2.089364544161806e-10
900.0,-2298.4553916246164,-768.6080461520305,-1529.8473454725859,278.39812469339097,15.651810321049213,20.775863959962837,3.528639460279062e-11,-3.1498689168074634e-07,1.3416420005939663e-10
1050.0,-2040.0518993149103,-581.237606934056,-1458.8142923808543,276.82762902277454,15.910014562714734,19.784931934232723,2.5080357091884274e-11,-1.2063576377840945e-06,5.05491947866683e-10
1200.0,-1820.8773866577608,-432.1015139445192,-1388.7758727132416,275.62529658478417,16.120881182878804,19.00155793719852,1.4760058888968003e-11,-7.96561835159082e-07,3.294120323914928e-10
1350.0,-1632.4663710991395,-313.28917758458795,-1319.1771935145514,274.7207828163634,16.269656746853187,18.35825125624047,2.672568426154693e-11,-1.1764952887460822e-06,4.820815858017965e-10
1500.0,-1479.5744085737701,-229.9925960928819,-1249.5818124808882,274.05745292897075,16.277941883772854,17.811225846153683,3.235588168492452e-11,-1.7357576780341333e-06,7.108833497615872e-10
1650.0,-1325.6579329281046,-146.12913788693612,-1179.5287950411685,273.56504812157635,16.32834650267332,17.302540763041875,3.354105698071036e-11,1.1683471257128986e-06,4.77022020374859e-10
1800.0,-1175.9662151198172,-67.04300697963168,-1108.9232081401856,273.2491294227288,16.43924264642621,16.88619603613793,2.9540885392578745e-11,1.4771267160540447e-06,5.990246419594692e-10
1950.0,-1056.8773516408935,-23.5959302698405,-1033.281421371053,273.1032793767883,16.401140858122826,16.558447065625167,2.4166488891703942e-11,8.555107342544943e-07,3.477444004881706e-10
2100.0,-940.3172658335815,20.92822683222981,-961.2454926658113,273.051985183379,16.373811247016892,16.23428974241957,3.176897553565109e-11,1.1426315040807822e-06,4.652272611195741e-10
2250.0,-839.4634811875883,61.92896151853431,-901.3924427061226,273.0996461719555,16.367026318217256,15.954166576028058,2.147988047207222e-11,1.9015453744941624e-07,7.745432137042734e-11
2400.0,-762.0313124753395,91.35639752018068,-853.3877099955201,273.2401515554116,16.337235207703056,15.728192557239957,2.2155765299264636e-11,-4.9284267333860043e-08,2.011122310773954e-11
2550.0,-701.8545872341274,115.040313832267,-816.8949010663944,273.44871451673083,16.289619673079976,15.5226842459506,2.1800783968966845e-11,-2.3713937480351888e-07,9.70513245296584e-11
2700.0,-654.4432730267702,137.22178403400724,-791.6650570607774,273.71325427027136,16.260120853972516,15.345308958643887,2.6372962135249874e-11,-2.652872126418515e-07,1.0876803644299241e-10
2850.0,-635.690953190585,141.82100302111726,-777.5119562117022,274.0311837389642,16.14151112461305,15.1960377674257,2.1719895799135685e-11,-5.569852419284871e-07,2.3004258507915436e-10
3000.0,-627.0324933735302,147.1310487193564,-774.1635420928866,274.36225368343827,16.021486328663315,15.040612667220623,2.5307848730932335e-11,-4.970473810317344e-07,2.0682533061554532e-10
3150.0,-616.1875095616751,165.29127759748948,-781.4787871591647,274.7083770948439,15.996111461113271,14.894169607021873,3.752755082369843e-11,-5.162202114661341e-07,2.1514404202590995e-10
3300.0,-633.8247394071406,165.58028936335404,-799.4050287704946,275.1003500122519,15.901615720693695,14.797747122316425,3.9094211461189114e-11,-3.9323640521615744e-07,1.6486224298344563e-10
3450.0,-671.4981943446967,156.18167476403875,-827.6798691087354,275.4961834557213,15.741915513966521,14.700704347445193,3.505184262651861e-11,-2.1416065010271268e-07,9.069656523595889e-11
3600.0,-703.4825505606348,162.5907760971001,-866.0733266577349,275.8726649178976,15.675384989425785,14.591446480852799,4.317056358914063e-11,-1.8884770724980626e-07,8.031603152637e-11
3750.0,-746.1412026128924,157.1984609072874,-903.3396635201798,276.2681148136649,15.560801038916555,14.512811298830272,4.0411227612120584e-11,-1.056550900102593e-07,4.526548890211276e-11
3900.0,-779.0209019962965,149.52482821706315,-928.5457302133597,276.65397574462713,15.43246641094318,14.435634222883895,3.465351386790018e-11,8.17033196653938e-09,3.529499324768026e-12
4050.0,-810.5847358698427,136.96332934921227,-947.5480652190549,277.0244951857003,15.26880223834278,14.355713377426264,3.128158763215828e-11,2.1173491404624656e-07,9.244772914125124e-11
4200.0,-825.5020208317885,134.8862412258564,-960.3882620576449,277.3671857084779,15.161550337824094,14.262308730295274,3.426219881961212e-11,9.653331289882772e-08,4.244654438273479e-11
4350.0,-832.6002190800381,134.6476845591168,-967.2479036391549,277.7080808201164,15.088783317390911,14.191132084216397,3.8287316044996744e-11,-4.1706039155542385e-07,1.8426950350363094e-10
4500.0,-847.5355865079721,120.70801604685876,-968.2436025548309,278.0518506318597,14.939965742283908,14.13524563703365,3.886040207131208e-11,2.5932013159035705e-07,1.1571652218559646e-10
4650.0,-841.550734233585,121.8022068163277,-963.3529410499127,278.3631403211012,14.867758749471536,14.055744032470935,3.715056356776355e-11,-7.337623628700385e-07,3.29017249218826e-10
4800.0,-839.295075317711,113.51869663325516,-952.8137719509662,278.68051550058937,14.7612724975039,14.00448118011261,4.7075710848482076e-11,-9.754384109328385e-07,4.405394413423292e-10
4950.0,-833.6196439697612,103.0260941487944,-936.6457381185556,278.97931923410647,14.627618231887691,13.94077760095882,4.016239813409195e-11,-4.905364221485797e-07,2.2356632245124165e-10
5100.0,-824.5624919283115,90.37061416202752,-914.933106090339,279.25323808186033,14.470591941544416,13.868121183191729,3.304203264099408e-11,4.091243681614287e-07,1.8848543299133056e-10
5250.0,-796.2744147162398,91.48410974117513,-887.7585244574149,279.49588812819195,14.395958727757419,13.786064660685604,2.9050690459394447e-11,-3.1959723401087103e-07,1.4800321861377338e-10
5400.0,-773.0098108168783,82.32914531194851,-855.3389561288268,279.7439901091176,14.274578140582419,13.725717171429311,3.640895626105802e-11,-6.101754479459487e-08,2.8497068561871248e-11
5550.0,-764.1744745783872,83.59823630738536,-847.7727108857725,279.9693825810379,14.206153871644343,13.648832290886677,3.231802457954581e-11,-8.06264552011271e-07,3.7836398661971646e-10
5700.0,-782.174303916065,79.9771541056301,-862.1514580216951,280.2004775986129,14.132495571662238,13.599314536942028,3.36336936572901e-11,-1.1024013701899094e-06,5.200314714882527e-10
5850.0,-803.341901570147,63.60785950428775,-866.9497610744347,280.4237282173077,13.967714721022148,13.543662327619144,3.095723193624255e-11,4.938370921081514e-07,2.3570407518174774e-10
6000.0,-785.5157479609611,76.70821230331501,-862.2239602642761,280.6029811774492,13.970149949233097,13.45876185845967,3.058998254211016e-11,-1.3126989415468415e-06,6.264303753918801e-10
6150.0,-787.6296283515451,60.775364990721,-848.404993342266,280.82141684658495,13.83814279072755,13.43297368840957,3.516550943991711e-11,-3.569761020116857e-07,1.7197688418655078e-10
6300.0,-765.7985101084112,59.61402550998233,-825.4125356183935,280.99612067061514,13.757566115275074,13.360139277456287,3.9657305041103526e-11,-1.628355903449119e-07,7.890716956788599e-11
6450.0,-748.7557349869369,44.787416506669445,-793.5431514936064,281.169170070341,13.606304383110649,13.307721614380814,2.485249362778977e-11,1.1971942512900569e-06,5.865880097837198e-10
6600.0,-702.4916679115269,50.352312581318905,-752.8439804928457,281.30034270142824,13.556169568095648,13.220487488452012,2.735666757511332e-11,6.347735279632616e-07,3.1216956224231994e-10
6750.0,-656.6263287980904,46.99948925033541,-703.6258180484258,281.44922618249905,13.470794866953936,13.157464941398326,2.6796035274801464e-11,4.169938847553567e-07,2.0636935378788027e-10
6900.0,-593.0216893240837,52.91702271135207,-645.9387120354357,281.5893863975623,13.438366419621062,13.085586262684203,2.6746556662244825e-11,-8.291768835988478e-07,4.1134805511687044e-10
7050.0,-536.2884839852933,43.654006236745204,-579.9424902220385,281.7485145820583,13.325111573628735,13.034084866099393,2.708757412221902e-11,1.073439079846139e-07,5.37050702559992e-11
7200.0,-460.9945275961955,44.61287057426064,-505.6073981704561,281.8807095488504,13.251821689195152,12.954402551265595,3.0188077005277925e-11,-1.15172952064313e-07,5.794068909445059e-11
7350.0,-405.2206632600073,39.418604677214915,-444.63926793722226,282.01672255896835,13.13905470985261,12.876264014631056,2.835741486338009e-11,3.9398184981109807e-07,1.9990370109637697e-10
7500.0,-359.6106744019173,46.71185963027531,-406.3225340321926,282.13759398853995,13.096373554999266,12.784961151022385,2.9114321421184396e-11,-9.662568913881842e-07,4.918699502730336e-10
7650.0,-334.64824907077457,39.061744864598204,-373.7099939353728,282.28168882587494,12.982521548492148,12.722109914724223,3.0498836032744654e-11,-2.0059047756149084e-07,1.0300540194868815e-10
7800.0,-304.1442817514388,42.519193285728505,-346.6634750371673,282.40277188383754,12.921191776810051,12.637730483575197,2.7466951057355225e-11,-6.994996510911733e-07,3.609056415093128e-10
7950.0,-276.8922180974347,48.271422040634675,-325.16364013806935,282.5352572880934,12.887277534488298,12.56546804259553,3.8341162272392655e-11,-1.743280563459848e-06,9.018095863896604e-10
8100.0,-269.4433009933617,39.715444538720476,-309.15874553208215,282.68641307075546,12.76528187267873,12.500512237864218,2.7248242325893887e-11,-6.834562213953177e-07,3.5693491571494663e-10
8250.0,-246.2138395256931,52.33232698351414,-298.54616650920724,282.81129345995873,12.771066164410808,12.422183972459477,4.1004428295519235e-11,-1.8091855054080952e-06,9.444189347583008e-10
8400.0,-247.04534935189372,46.30481587201507,-293.3501652239088,282.9766685123828,12.683880962695087,12.375182178913224,3.8768682769850974e-11,-1.6952642454270972e-06,8.91033404477744e-10
8550.0,-243.49430144640337,49.968647042448126,-293.4629484888515,283.1236004910841,12.648922612423872,12.315798287981334,3.960359762307239e-11,-1.6239326328104653e-06,8.559003706320546e-10
8700.0,-259.6621015302447,39.211398127608454,-298.87349965785313,283.2828810605656,12.525007250537854,12.263597920929627,4.039544523163813e-11,-1.3136256598045293e-06,6.992015432422838e-10
8850.0,-265.22996976203723,44.25738457844459,-309.48735434048183,283.40837310329556,12.487041302595822,12.191992060511604,4.0795896131265395e-11,-1.7341881175525486e-06,9.25860164698392e-10
9000.0,-275.45996315834725,49.85029037134568,-325.31025352969294,283.5507132913511,12.472749552390205,12.140414271343646,4.440449660515617e-11,-1.7856381759884243e-06,9.544210325547853e-10
9150.0,-296.68580816789887,36.963481422223204,-333.64928959012207,283.71184499696415,12.350168719830123,12.103745501621821,3.98079962103097e-11,-1.3090219681544113e-06,7.066148907761193e-10
9300.0,-287.7160805872754,43.75925698968912,-331.47533757696453,283.83183964704403,12.323975201449215,12.03224681144753,3.9846544271576835e-11,-1.510563663487119e-06,8.17140919113765e-10
9450.0,-289.86937091250456,40.16613114820842,-330.035502060713,283.9746512278333,12.264187109179122,11.996412890999148,4.1097072430905156e-11,-1.578787816924887e-06,8.582103338063851e-10
9600.0,-300.3321215287882,28.952110042493786,-329.28423157128196,284.10635844429464,12.135710058980766,11.94269599135199,3.771170030097074e-11,-1.0182282039750135e-07,5.593564771660509e-11
9750.0,-297.90676728611913,31.278468170238483,-329.18523545635765,284.20169483770184,12.083898059845124,11.875374932794792,3.893371330584308e-11,-8.873113870322413e-07,4.895282315016009e-10
9900.0,-295.1253906292641,34.65800711958366,-329.78339774884773,284.3052326711902,12.055016472136867,11.823963081853456,3.948330032880489e-11,-1.4229278804123169e-06,7.869077484332901e-10
10050.0,-294.99869521964547,36.07762505344907,-331.07632027309455,284.4205554149026,12.018271232149681,11.777753722890663,3.845048031614045e-11,-1.335403567281901e-06,7.407629830096289e-10
10200.0,-304.09442205261877,28.955532368848285,-333.0499544214671,284.54120820571165,11.929846066062048,11.736809177322078,3.5544252281415484e-11,-9.421471531823045e-07,5.264930483121202e-10
10350.0,-301.60679990935205,34.05655979081327,-335.6633597001653,284.63848282589987,11.91013742470495,11.683093682241974,4.283950451056093e-11,-1.5786329754519102e-06,8.836354662470896e-10
10500.0,-317.2751572712789,21.683044389763225,-338.9582016610421,284.7535196270705,11.794268889214202,11.64971526370772,4.07870612380363e-11,5.637908770950162e-07,3.186806984481534e-10
10650.0,-303.54802694845426,39.30826915529692,-342.85629610375116,284.8270554944023,11.841821092240579,11.579765952922621,3.73614011908922e-11,-1.742396818826819e-06,9.809284147849716e-10
10800.0,-316.1817460453438,31.29117485236711,-347.47292089771094,284.9612465220636,11.78033678225327,11.571728940547525,4.04378372163267e-11,-1.4034947071195347e-06,7.94258394623521e-10
10950.0,-334.8654750722795,21.81286942303613,-356.6783444953156,285.06857693870126,11.673327226872546,11.527908099588533,4.053159856484592e-11,3.3043420444300864e-07,1.8871180885048415e-10
11100.0,-341.33292397993165,26.736170577699397,-368.06909455763105,285.143735510761,11.651178151553768,11.472937007913739,3.6467091203303254e-11,-9.68305016613158e-07,5.540527055249072e-10
11250.0,-356.12722094642567,20.42649232333445,-376.5537132697601,285.23642844765953,11.57340602605375,11.437229411844855,4.1583641322023256e-11,1.9200030010324554e-07,1.1059855653614818e-10
11400.0,-352.9406355830328,29.170672597208803,-382.1113081802416,285.3076007823837,11.580381730045481,11.385910570450628,4.1114271729847586e-11,-1.3420191180557595e-06,7.725819691382998e-10
11550.0,-368.09948542530896,16.744420105069402,-384.8439055303784,285.40992030748214,11.480221508683101,11.36859204715479,3.801558943126701e-11,8.758227068028646e-07,5.085980301805346e-10
11700.0,-371.8719641074597,12.812116660737374,-384.6840807681971,285.4689070749071,11.4031475889345,11.317733489998588,4.48120329580572e-11,1.8203505760538974e-06,1.0642386597541117e-09
11850.0,-361.045377846258,20.660062200628687,-381.70544004688674,285.514268074998,11.396479331951355,11.25874557773518,4.0889431967359765e-11,-9.317975013800606e-07,5.450791566056474e-10
12000.0,-354.5855967285442,21.41129853572128,-375.9968952642655,285.58796714919094,11.377808436400324,11.23506644007319,3.554606065066873e-11,-9.133487424151099e-07,5.351638367034372e-10
12150.0,-355.644748011675,11.912558526462451,-367.5573065381375,285.66479244926865,11.28201137931567,11.202594332488953,4.3668444505213215e-11,1.5024550634734624e-06,8.878174957514219e-10
12300.0,-343.2451674661423,13.126306308665312,-356.3714737748076,285.70769654707294,11.228357063311678,11.140848361481435,3.366239992981289e-11,1.0341288430026907e-06,6.139983122919356e-10
12450.0,-326.87618245264014,15.643059024657962,-342.5192414772981,285.75526259056977,11.20732862710948,11.103041567005222,3.1144454836820835e-11,9.01945895748213e-09,5.365214886067141e-12
12600.0,-305.6415561214345,20.39251101187861,-326.03406713331316,285.81229409488543,11.194940878957661,11.05899079784998,3.914872831071127e-11,-1.1542736046976643e-06,6.8737811551244e-10
12750.0,-297.71735951814634,14.38500860139318,-312.1023681195395,285.88708231886227,11.13323994128896,11.037339887048015,4.088385821781481e-11,4.652515031011717e-07,2.7859605143676137e-10
12900.0,-283.0647242290315,19.977106744961,-303.04183097399255,285.9400508494237,11.114955370490721,10.98177465179753,3.706749584642331e-11,-1.0590176771074766e-06,6.351908408131985e-10
13050.0,-280.4970275885136,14.41599517942101,-294.91302276793465,286.0140484571183,11.051307302181227,10.95520067005923,3.924093354180255e-11,3.6112157886236673e-07,2.1784546629525068e-10
13200.0,-276.436292269438,11.226451057910687,-287.6627433273487,286.06765550640574,10.989758773941631,10.914915775554299,4.218595359632093e-11,1.2998108900319494e-06,7.884982838834742e-10
13350.0,-259.89331416098133,21.398430645929057,-281.2917448069104,286.109566503136,11.004624853780793,10.861968641276075,4.1738476213235176e-11,-1.2297787179704756e-06,7.450072033716913e-10
13500.0,-255.35811206427047,20.481883134815583,-275.83999519908605,286.1899930316162,10.974331166709923,10.83778527053958,3.878353572827242e-11,-1.2907358950542402e-06,7.840938856602773e-10
13650.0,-257.8727160937686,13.384511991226118,-271.2572280849947,286.26732079959936,10.899702085657076,10.810472009638342,4.218048668665302e-11,5.884161282665445e-07,3.5989737679212455e-10
13800.0,-259.57579520312424,7.937834607610749,-267.513629810735,286.3180238357074,10.81440606470728,10.761487175143793,4.3936077496974774e-11,1.17308786684589e-06,7.231636885260869e-10
13950.0,-243.9948337655843,20.612205692604462,-264.60703945818875,286.34816426620847,10.847478231858442,10.710063518766637,4.330956569279986e-11,-1.2711664112430299e-06,7.812362062853679e-10
14100.0,-244.54187679282103,18.051775320404474,-262.5936521132255,286.4270710999826,10.809277271564016,10.688932093042036,4.0121234263288184e-11,-1.4578924947272753e-06,8.99161253245892e-10
14250.0,-250.52148221115874,10.890072640206881,-261.4115548513656,286.4964638212221,10.728351839293346,10.655751360471738,4.0724519144572347e-11,8.169657235157501e-07,5.076677422923159e-10
14400.0,-241.99681418229397,19.039600890790766,-261.03641507308475,286.53844730638843,10.738463962773075,10.61153328117625,4.188777475588156e-11,-1.3487329511008284e-06,8.373220824234995e-10
14550.0,-249.63527934784327,11.795220047869183,-261.43049939571245,286.6123179790168,10.665114852550905,10.586480056328224,4.5409718269563544e-11,6.144669555396831e-07,3.840977267380067e-10
14700.0,-248.4105352777549,12.990783869532667,-261.40131914728755,286.65822397803913,10.630057738705533,10.543452512026954,3.872303124852568e-11,-1.322541152148915e-07,8.294349128718632e-11
14850.0,-247.52696431572963,12.975732612243805,-260.50269692797343,286.70903621340614,10.595043228516959,10.508538342123604,3.9424965544022725e-11,-3.4675940696615726e-07,2.1818970719744444e-10
15000.0,-245.85754851504927,12.881083204997454,-258.7386317200467,286.76002369402636,10.560153358925742,10.474279468124616,3.939924945905536e-11,-4.1517154159009806e-07,2.6209943958132847e-10
15150.0,-243.36777974882207,12.749302216298215,-256.1170819651203,286.8108707408576,10.525553319760396,10.440557968680524,3.9206351397563275e-11,-4.456825877241499e-07,2.82286086178125e-10
15300.0,-240.0309253002076,12.615116299636401,-252.646041599844,286.8614259550883,10.491300795648812,10.407200017201047,3.901749956119944e-11,-4.675282241350942e-07,2.970894542324043e-10
15450.0,-235.8362959708083,12.497165569070784,-248.33346153987907,286.91167419270647,10.457419589620912,10.374105149207388,3.889395739657446e-11,-4.929578381052124e-07,3.14263529277323e-10
15600.0,-230.77941169221847,12.407726201102815,-243.18713789332128,286.9616744236121,10.423917147860509,10.341198969666213,3.8859587716058755e-11,-5.280416814912314e-07,3.377116132710955e-10
15750.0,-224.85908591432954,12.355547454344812,-237.21463336867436,287.0115353784599,10.390792200312665,10.308421880108478,3.893022064677553e-11,-5.762833268363465e-07,3.697397437569812e-10
15900.0,-218.07603504752473,12.347172869997085,-230.4232079175218,287.06140210747526,10.35803829491351,10.275723804846743,3.9118423099682816e-11,-6.400178165222314e-07,4.1192987726033224e-10
16050.0,-210.43213212130544,12.387621432505076,-222.81975355381053,287.1114475753635,10.325645613636539,10.243061465946692,3.944212742885012e-11,-7.209719399270398e-07,4.654894986097463e-10
16200.0,-201.92994830778647,12.480782991793074,-214.41073129957954,287.16186681167517,10.293601999141737,10.210396773727506,3.9926770168388086e-11,-8.203415688967652e-07,5.312954389630659e-10
16350.0,-192.02491036446455,12.639399128531384,-204.66430949299593,287.21287251292364,10.26190521687301,10.17764254972684,4.0638386245622326e-11,-9.43394127261854e-07,6.128778281253855e-10
16500.0,-182.40167008586832,12.841770001551293,-195.2434400874196,287.26473118418204,10.230510710474459,10.144898903279445,4.1529889198067394e-11,-1.0777006878015527e-06,7.022788456351803e-10
16650.0,-174.4528898288915,13.051563667851743,-187.50445349674325,287.31762269947956,10.199356564044054,10.112346131558274,4.247899569785919e-11,-1.2050152236042777e-06,7.876413353709887e-10
16800.0,-168.18849785632293,13.244706182375221,-181.43320403869814,287.3715792399473,10.168402608889902,10.080104558899075,4.339439996347592e-11,-1.3162488983198273e-06,8.629666814917248e-10
16950.0,-163.61415557341329,13.402178830061219,-177.0163344034745,287.42653416509233,10.137623380908298,10.048275512665771,4.4202126415145586e-11,-1.4063178070955473e-06,9.248175528950888e-10
17100.0,-160.73239333228543,13.508706336338296,-174.24109966862372,287.48234179997405,10.107003774438551,10.016945722381093,4.4845332673260375e-11,-1.4722803882705193e-06,9.711288139907089e-10
17250.0,-159.54326056208134,13.551919465973398,-173.09518002805473,287.53879212033513,10.076536489940912,9.986190350085362,4.5287171168048263e-11,-1.5123590628718375e-06,1.0005812773609119e-09
17400.0,-160.04469665185562,13.521789121021861,-173.56648577287748,287.59562217253153,10.046220313579235,9.956075042603299,4.550368230979603e-11,-1.5253686171945446e-06,1.0122338349364026e-09
17550.0,-162.23275581823967,13.410201018198117,-175.64295683643778,287.6525252692455,10.016058868607844,9.926657518418418,4.548422839546365e-11,-1.510215867028819e-06,1.005196346413998e-09
17700.0,-166.1017396308795,13.210618832519147,-179.31235846339865,287.7091584835789,9.986059665075866,9.897988863088637,4.5231572927186113e-11,-1.4655651625616883e-06,9.7840737435687e-10
17850.0,-171.64426424937233,12.917809896609402,-184.56207414598174,287.7651487630973,9.956233355459739,9.870114613551717,4.475945888486483e-11,-1.389593904832509e-06,9.304682840192718e-10
18000.0,-178.8512778290325,12.527618869558045,-191.37889669859055,287.8200978884063,9.926593141399302,9.843075673735528,4.409648417527493e-11,-1.2800079218777682e-06,8.596490280500083e-10
18150.0,-187.04341172165684,12.048661184187972,-199.09207290584482,287.87358644776117,9.897168127657284,9.816843712160352,4.3327823533286195e-11,-1.140351827189079e-06,7.681334111471114e-10
18300.0,-194.16992401058508,11.52184822556858,-205.69177223615367,287.92522753215746,9.868024313339793,9.791211985234384,4.260796129835164e-11,-9.902428814712039e-07,6.689909753144633e-10
18450.0,-199.86218825268838,10.979199915769097,-210.84138816845748,287.9748047846242,9.83921082002381,9.766016148336776,4.195588069506312e-11,-8.372859952032741e-07,5.673124335672061e-10
18600.0,-204.10727837097426,10.444876032090793,-214.55215440306506,288.02223634101216,9.810756884920352,9.74112437398379,4.1170626462515226e-11,-6.083933499212435e-07,4.134192411164362e-10
18750.0,-206.8977059066027,9.93821777867073,-216.83592368527343,288.0675429783807,9.782678013753541,9.71642322669757,4.08903382731498e-11,-2.7972498628514586e-07,1.9062604731334193e-10
18900.0,-208.23013959149935,9.474868543907313,-217.70500813540667,288.11082897351326,9.754979638040759,9.691813847082939,4.117985563811868e-11,-9.97656570689287e-08,6.818101166155871e-11
19050.0,-208.10450685643855,9.067509232934825,-217.1720160893734,288.1522674981176,9.7276595044842,9.66720944299455,4.148705160504882e-11,9.48730871641601e-09,6.501946819473965e-12
19200.0,-206.5232947650552,8.726391407010166,-215.24968617206537,288.1920889257741,9.700709396251272,9.642533454116387,4.1758025926275206e-11,8.677753271513211e-08,5.963655451745712e-11
19350.0,-203.49096543951288,8.459753944600646,-211.9507193841135,288.23057120127095,9.67411644274984,9.617718084005805,4.1958234524491857e-11,1.3299538181854587e-07,9.165032114687695e-11
19500.0,-199.01344867398234,8.274161252948296,-207.28760992693063,288.26803178742716,9.647864148435612,9.592703074383158,4.205615100827374e-11,1.450800652946782e-07,1.0025021294010291e-10
19650.0,-193.09769177792853,8.174783592025019,-201.27247536995355,288.3048208661362,9.621933214114387,9.56743465763845,4.203918561363791e-11,1.2063460985700658e-07,8.358307155991481e-11
19800.0,-185.75125463198526,8.165632015036977,-193.91688664702224,288.34131555757807,9.596302196690374,9.541864650309359,4.19197988723544e-11,5.7884705029209726e-08,4.021320146224194e-11
19950.0,-180.79016058710334,8.18135355629715,-188.9715141434005,288.37791497591707,9.57087111562476,9.51632875854893,4.183004490472951e-11,-5.077339437775663e-09,3.5366613107882733e-12
20100.0,-178.95536082675125,8.169716674254607,-187.12507750100585,288.41472916856753,9.545563763098144,9.491098985005985,4.1812761904118975e-11,-3.956924388148764e-08,2.763534619397894e-11
20250.0,-176.82894479145006,8.153816334768237,-184.9827611262183,288.4516344212117,9.520406491492896,9.466047715480569,4.1790771016444394e-11,-6.708080491080182e-08,4.69733478787507e-11
20400.0,-174.4065049395591,8.14046963415074,-182.54697457370986,288.48861056646916,9.495412717303147,9.44114291910571,4.175393432447194e-11,-9.546477031108225e-08,6.70251858472813e-11
20550.0,-171.68577891399303,8.134314607822743,-179.82009352181578,288.52566818590793,9.47058817344377,9.41635940853368,4.1701715949931466e-11,-1.2869091392531118e-07,9.058987788894324e-11
20700.0,-168.66573183736094,8.138713608172502,-176.80444544553345,288.56283907899814,9.44593454936278,9.391676457508188,4.163627697035346e-11,-1.7001633523250348e-07,1.1999259882229632e-10
20850.0,-165.34604319756076,8.156254678516412,-173.50229787607717,288.600170702133,9.421451020877097,9.367075988195953,4.1563406366505995e-11,-2.2365512108990515e-07,1.5825950135444836e-10
21000.0,-161.7268670514358,8.188981026191279,-169.91584807762706,288.6377228108235,9.397135048925602,9.342541840106266,4.149966040998324e-11,-2.9670908929801953e-07,2.104961336643009e-10
21150.0,-157.80869254942087,8.23852081426713,-166.047213363688,288.6755650943499,9.372982849086021,9.31805937431929,4.1495929949956544e-11,-4.0074257867672713e-07,2.8503382905887805e-10
21300.0,-153.59225039705046,8.306171383248152,-161.8984217802986,288.71377536180717,9.348989698722884,9.293615219192686,4.1680421196544624e-11,-5.462814556267404e-07,3.895475862319576e-10
21450.0,-149.07844283534257,8.392960204577152,-157.47140303991972,288.7524380796625,9.325150154857047,9.269197082027867,4.221753634807697e-11,-7.197998002084205e-07,5.145938944718651e-10
21600.0,-144.26828736627004,8.499692284719524,-152.76797965098956,288.7916431602356,9.301458217294899,9.244793596216391,4.30574671112758e-11,-8.770565784743667e-07,6.286158277445069e-10
21750.0,-138.65633766293513,8.63614952771924,-147.29248719065436,288.8314849433206,9.277917494427529,9.220343157549223,4.403432562008847e-11,-1.0040265863153763e-06,7.214453652402142e-10
21900.0,-133.00680281146873,8.794511381106183,-141.80131419257492,288.87210423669535,9.254510729191892,9.195880645931899,4.499393167998875e-11,-1.1078928423557954e-06,7.980921410652374e-10
22050.0,-128.20944202734646,8.955011462459106,-137.16445348980557,288.9136060035851,9.231207399659276,9.171507315244336,4.590835176643384e-11,-1.1997819342468574e-06,8.66468044971843e-10
22200.0,-124.2705690255948,9.105055275687057,-133.37562430128185,288.9560027040256,9.207989293331062,9.147288916282749,4.676982526261714e-11,-1.2815599461646343e-06,9.278608719298513e-10
22350.0,-121.19401147936303,9.234811678448988,-130.42882315781202,288.9992473144164,9.184846425423366,9.123281005225753,4.754264326304807e-11,-1.3511930205822864e-06,9.807407825148655e-10
22500.0,-118.9817897005108,9.336484939012585,-128.3182746395234,289.0432458431186,9.161774501448809,9.09953125914338,4.818265139149393e-11,-1.406801828807147e-06,1.023674928610304e-09
22650.0,-117.63452802505394,9.403849950630654,-127.0383779756846,289.087866570373,9.138773438855821,9.07608109959714,3.8085436309650225e-11,-9.381716097323078e-07,6.843891513518525e-10
22800.0,-117.15171435400083,9.431936497696054,-126.58365085169689,289.1329471980958,9.115846373944796,9.052966790969899,3.813307068247836e-11,-9.485385419338854e-07,6.93692063266174e-10
22950.0,-117.53187602689154,9.416795252346693,-126.94867127923823,289.1783005763149,9.09299893570548,9.030220294373459,3.800508269676737e-11,-9.474565985101435e-07,6.94641819279054e-10
23100.0,-118.7727100473702,9.355308048910725,-128.12801809628093,289.2237193657565,9.07023870083636,9.007869974276826,3.7686904754571284e-11,-9.350193295176723e-07,6.872434565817656e-10
23250.0,-120.8711745182597,9.245035973289522,-130.11621049154923,289.2689798250469,9.047574769465397,8.985941190234197,3.71671081943844e-11,-9.113905434787739e-07,6.715542132937989e-10
23400.0,-123.82355283721388,9.084094023363395,-132.90764686057727,289.3138448857757,9.025017432639293,8.964456799971089,3.643485700713996e-11,-8.768673183112696e-07,6.477308399354059e-10
23550.0,-127.06140038277154,8.881261850309143,-135.94266223308068,289.35806662854105,9.00258883791197,8.943380416568953,4.631941190067749e-11,-1.3511434531210398e-06,1.0005591928039367e-09
23700.0,-129.5875236686108,8.659611614956816,-138.24713528356762,289.4014378796655,8.980324802237195,8.922594049564951,4.503834863462229e-11,-1.2858797617809614e-06,9.545903888766701e-10
23850.0,-131.45961493958924,8.43286504543919,-139.89247998502844,289.4438621934804,8.95824533085717,8.90202622260779,4.341971224216079e-11,-1.1919680105165753e-06,8.870546753248471e-10
24000.0,-132.67110480708013,8.212013222816182,-140.8831180298963,289.4853092571798,8.936361359177257,8.881614597270474,4.1472019265797994e-11,-1.0632012390487944e-06,7.931649107996531e-10
24150.0,-133.217761049736,8.005822655034605,-141.2235837047706,289.5258022949604,8.914677471803707,8.861305312703509,4.728557503943855e-11,-1.2099950197352882e-06,9.048710388475557e-10
24300.0,-133.09715931422056,7.821324108684625,-140.91848342290518,289.5654077868936,8.893193507695807,8.841051340269876,4.62912327204223e-11,-1.0052050072317797e-06,7.535388394595757e-10
24450.0,-132.30830927264287,7.664145602065062,-139.97245487470795,289.6042274490849,8.871905686395088,8.820811376537987,4.5914621480587585e-11,-8.7650005298201e-07,6.586334315419271e-10
24600.0,-130.85135519309662,7.538770677726838,-138.39012587082345,289.6423917324755,8.850807440351872,8.800548963741116,4.577979585020986e-11,-8.138865155160602e-07,6.13041255276105e-10
24750.0,-128.7273294046737,7.448743625060688,-136.1760730297344,289.68005448998366,8.829890057355058,8.780231761168448,4.5723040975055124e-11,-8.029308560253412e-07,6.062218599249124e-10
24900.0,-125.9379424766998,7.3968379609843655,-133.33478043768417,289.7173885645912,8.809143184075023,8.759830925370105,4.573245438708958e-11,-8.447532593436335e-07,6.393003584962801e-10
25050.0,-122.48540258103647,7.385195805930369,-129.87059838696683,289.75458212898934,8.788555223733487,8.739320578638758,4.595564742552656e-11,-9.582791165030358e-07,7.269144109263099e-10
25200.0,-118.37225863213084,7.4154436406573225,-125.78770227278815,289.79183564315355,8.768113650409722,8.71867735172117,4.679083306984676e-11,-1.1626253808572073e-06,8.839798594557676e-10
25350.0,-116.4373419304932,7.437166711997456,-123.87450864249067,289.8293593234485,8.74775160376383,8.698170486157219,3.9057469013505505e-11,-9.289941260703927e-07,7.07986972462487e-10
25500.0,-116.66072752351474,7.420541226205679,-124.08126874972042,289.86710999242604,8.727434119838119,8.677963836210555,4.771850413233885e-11,-1.3179288487208396e-06,1.0067325864808211e-09
25650.0,-116.20805963636987,7.394085239498759,-123.60214487586863,289.9048931254829,8.707200483290272,8.657906573051859,4.7470633643355136e-11,-1.296263206995718e-06,9.924837184912555e-10
25800.0,-115.07076524190411,7.370904951388978,-122.44167019329309,289.9426580838797,8.687072200754672,8.637932825643311,4.751168979706476e-11,-1.3153151598999102e-06,1.009404265329382e-09
25950.0,-113.24356649690256,7.360790214952119,-120.60435671185468,289.9804206704735,8.667059648532625,8.617987707249142,3.878539054386067e-11,-9.775702949355036e-07,7.51943053798344e-10
26100.0,-110.72334244405918,7.371303407365691,-118.09464585142487,290.0182468500519,8.647166333394662,8.59802430344375,3.968806959802189e-11,-1.085270952216888e-06,8.367064310425477e-10
26250.0,-107.5084443335868,7.4084156960864815,-114.91686002967327,290.05624183245186,8.627390985111534,8.578001538963813,4.1329181864052744e-11,-1.2260716886203227e-06,9.47425620511987e-10
26400.0,-103.59828917016176,7.4768655630013665,-111.07515473316313,290.0945422631805,8.607728829082195,8.557883050003271,4.309262268869435e-11,-1.2988371622668637e-06,1.0059464682318167e-09
26550.0,-98.99306541165025,7.58040536347592,-106.57347077512617,290.13331012999913,8.588172446449182,8.537636401451078,4.496172730601167e-11,-1.3862396883723704e-06,1.0760843450812925e-09
26700.0,-93.69349917342556,7.721987550336356,-101.41548672376192,290.1727278308241,8.568712398078976,8.517232475479545,3.3501330936865e-11,-8.395781776471267e-07,6.532122436780212e-10
26850.0,-87.70066164068982,7.903909900998199,-95.60457154168802,290.212994107781,8.549337702056736,8.496644963496149,3.464247651315312e-11,-8.830898963196887e-07,6.886224618368131e-10
27000.0,-81.0157982917117,8.127939185995638,-89.14373747770735,290.25432064822894,8.530036194326314,8.475849926872733,3.601569609189056e-11,-9.320414591229564e-07,7.284388466744502e-10
27150.0,-74.20113285456372,8.385184595956392,-82.58631745052011,290.29692925254153,8.51078442471848,8.454883187528765,3.7590903645651227e-11,-9.825009215091995e-07,7.696125076756747e-10
27300.0,-68.34947597298734,8.650604761057771,-77.0000807340451,290.3409960062141,8.491544537691139,8.433873832437342,3.9183881058248926e-11,-1.027011720111659e-06,8.063014649871968e-10
27450.0,-63.45511930436819,8.908383355264482,-72.36350265963267,290.3865662795586,8.472295199773736,8.412905970318057,4.0699552942955233e-11,-1.063087339048252e-06,8.365205366283297e-10
27600.0,-59.5251668018902,9.14616280704289,-68.67132960893309,290.4336023885598,8.453025817830463,8.39205139184787,4.20664848455876e-11,-1.090346074761328e-06,8.599256631169058e-10
27750.0,-56.56448387857748,9.354200053300502,-65.91868393187798,290.48200130783255,8.433733273706713,8.371371932629884,4.3284940950290045e-11,-1.1082237278969842e-06,8.760246436786733e-10
27900.0,-54.57621025394443,9.524777440037562,-64.10098769398199,290.53160813192017,8.414419977196726,8.35092145346779,4.4208364618416357e-11,-1.1193029507694519e-06,8.868133147642491e-10
28050.0,-53.56208908511243,9.651793577395377,-63.213882662507814,290.58222655373015,8.39509252830203,8.330747230299112,4.484159410173338e-11,-1.1230422813923724e-06,8.91824422110343e-10
28200.0,-53.52269742164576,9.730450245496957,-63.25314766714272,290.63362725820207,8.37576073740665,8.310891063891926,3.66476169898833e-11,-7.817114848762685e-07,6.22201381171343e-10
28350.0,-54.45761297039256,9.757001138500714,-64.21461410889327,290.6855547013165,8.356436887372496,8.291390207965135,3.654632021829024e-11,-7.726034709776286e-07,6.163739253868821e-10
28500.0,-56.365529684761384,9.728550508475108,-66.0940801932365,290.7377325738368,8.33713516043692,8.272278151980816,3.6165107411514874e-11,-7.599406615099724e-07,6.076752960386987e-10
28650.0,-59.24433835216543,9.64288597078415,-68.88722432294958,290.78986819341674,8.317871199723747,8.253585288292811,3.548911800526642e-11,-7.438562477091182e-07,5.961912047350314e-10
28800.0,-63.091174729285555,9.498343246451658,-72.58951797573721,290.8416559904408,8.298661767852167,8.235339472566292,4.2898457363768937e-11,-1.0464296167356224e-06,8.406412551875466e-10
28950.0,-67.84259710965375,9.2947791164679,-77.13737622612166,290.89278024534417,8.279525559413424,8.217560358540785,4.1399646645744086e-11,-1.0144278519419458e-06,8.16816410282181e-10
29100.0,-72.19712912690275,9.055424330712132,-81.25255345761488,290.94292300263567,8.260504543855035,8.200135041764788,3.9684237378237475e-11,-9.828248295207231e-07,7.931919285744224e-10
29250.0,-75.55431979677297,8.805132560540933,-84.35945235731391,290.99188936395905,8.2416360156544,8.182935125571081,3.809253387459527e-11,-9.519569204030631e-07,7.700387953677229e-10
29400.0,-77.90144359583518,8.561475412198424,-86.4629190080336,291.0396168999086,8.222940172959508,8.165863664047478,3.66684554959074e-11,-9.246059846645949e-07,7.496150729679301e-10
29550.0,-79.22985394208357,8.3382364597825,-87.56809040186606,291.0861373445013,8.204425576834991,8.148837327758567,3.548621748431217e-11,-9.016810622597404e-07,7.326786044234602e-10
29700.0,-79.53396556213426,8.146332608272637,-87.68029817040689,291.1315569480743,8.186092452706218,8.131783562759516,3.459154731947378e-11,-8.837326532784573e-07,7.19702477817571e-10
29850.0,-78.81054740294553,7.9944221445877295,-86.80496954753326,291.1760416366027,8.167934802152036,8.114638648714408,3.401819391106496e-11,-8.71056528239933e-07,7.109561550454039e-10
30000.0,-77.05818188029106,7.889344455850208,-84.94752633614127,291.2198053004802,8.149941907400775,8.097346271936507,3.3794322395991594e-11,-8.637900066332804e-07,7.065817290050395e-10
30150.0,-74.2768197545462,7.8364627736274866,-82.11328252817368,291.26310031390346,8.132099460613873,8.079856369709189,3.395404030302377e-11,-8.620750548971046e-07,7.067261118094496e-10
30300.0,-70.46740078382527,7.839940323708315,-78.30734110753359,291.30620977057544,8.114390434055661,8.062124159457168,3.453054650318814e-11,-8.660655907988257e-07,7.115470536262711e-10
30450.0,-65.63152429905502,7.902966151451617,-73.53449045050664,291.3494410851807,8.096795758014872,8.044109311166576,3.555402276860297e-11,-8.757928640079626e-07,7.211024296379063e-10
30600.0,-59.77115974919956,8.027940886438822,-67.79910063563838,291.3931206975578,8.079294850087459,8.02577523823809,3.7013966496693076e-11,-8.90966532551829e-07,7.351850618020904e-10
30750.0,-54.20102547931735,8.192955818189604,-62.393981297506954,291.43758967234976,8.061843011764829,8.007223300267242,3.8669238613494974e-11,-9.064484203236134e-07,7.495791545438703e-10
30900.0,-50.06798017382401,8.364336771501485,-58.432316945325496,291.4830694183845,8.0443904899655,7.988628238682697,3.995438898938555e-11,-9.209188505110433e-07,7.631975363534703e-10
31050.0,-46.64588843104612,8.532678564456223,-55.178566995502344,291.52959595077164,8.026923863225377,7.970039333247262,4.09664102533116e-11,-9.322611376205714e-07,7.742784604296059e-10
31200.0,-43.94097352869851,8.688404932654604,-52.62937846135311,291.57715337080447,8.009436599502987,7.951513895788752,3.2894039143796923e-11,-6.244806343147502e-07,5.197874004050849e-10
31350.0,-41.957783162614284,8.823819520793357,-50.78160268340764,291.6256725565072,7.9919274018586055,7.93310193421971,3.3433452695388327e-11,-6.250409398944612e-07,5.213935750126238e-10
31500.0,-40.69947130411009,8.932779444258626,-49.63225074836872,291.67504136581755,7.974399190925112,7.91484732380712,3.376587203727118e-11,-6.234402363247682e-07,5.212014275501741e-10
31650.0,-40.168020730268395,9.010426031389542,-49.17844676165794,291.72511311013903,7.956858189601807,7.896788678594017,3.389183713964066e-11,-6.197788593453879e-07,5.192827324360497e-10
31800.0,-40.36443081645699,9.052948725942276,-49.41737954239927,291.77571358510755,7.939313178905325,7.878960183304769,3.381214392235054e-11,-6.141410793247815e-07,5.156962283643948e-10
31950.0,-41.28886687998662,9.05738629449016,-50.34625317447678,291.8266468184784,7.921774907172804,7.8613923278320605,3.352743169914551e-11,-6.066213060762493e-07,5.105095875479299e-10
32100.0,-42.94077474049959,9.021462018370064,-51.96223675886966,291.87769972410837,7.904255625640196,7.8441125415356945,3.3033039273601514e-11,-5.97305110261459e-07,5.037835638175235e-10
32250.0,-45.31896550777157,8.943448128828422,-54.262413636599995,291.9286458372817,7.886768725993704,7.82714573455945,3.233011783592266e-11,-5.863096603775375e-07,4.956061480921767e-10
32400.0,-48.421675307037574,8.822054978741894,-57.24373028577947,291.979248283872,7.869328459232048,7.8105147555487076,3.1406565948389875e-11,-5.737592090326871e-07,4.86072148769417e-10
32550.0,-52.00086465635481,8.660733253427008,-60.66159790978181,292.02926211329174,7.851953907162436,7.794215679654704,3.884297400831776e-11,-8.727327056590184e-07,7.409898359718461e-10
32700.0,-55.17031524698197,8.477270283322657,-63.647585530304625,292.07846087638325,7.834676616319063,7.778161475387854,3.773334314247519e-11,-8.563586959553504e-07,7.286909533884419e-10
32850.0,-57.725067619258965,8.286463890787868,-66.01153151004684,292.12671762860833,7.817519042153634,7.762275943937114,3.667266402518804e-11,-8.416901522423359e-07,7.177811338045343e-10
33000.0,-59.6568135539285,8.099259531966052,-67.75607308589456,292.1739884792741,7.800492990808846,7.746497921735232,3.569497924443974e-11,-8.290760433737887e-07,7.085672186366265e-10
33150.0,-60.959736245549294,7.924258410222524,-68.88399465577182,292.22029126781024,7.783602937672976,7.730774542814447,3.48254832505345e-11,-8.185568134422283e-07,7.010950412868381e-10
33300.0,-61.62992272030229,7.768266482722451,-69.39818920302474,292.265692695053,7.766848028136743,7.715059579518386,3.4086773236723e-11,-8.100310822101164e-07,6.952894140803232e-10
33450.0,-61.6649526677035,7.636665950552866,-69.30161861825637,292.31029848025406,7.750223409023674,7.699312297331204,3.349593486423577e-11,-8.03317576014706e-07,6.91005952232202e-10
33600.0,-61.06358097479516,7.533692251145837,-68.597273225941,292.35424554625865,7.733721194516027,7.68349657418719,3.307048615576829e-11,-7.981797409684077e-07,6.880514747410307e-10
33750.0,-59.82547803851514,7.462652746158424,-67.28813078467357,292.39769570427353,7.717331197002568,7.6675801733985445,3.2816618854744696e-11,-7.944450715058338e-07,6.862865337129311e-10
33900.0,-57.95101154409739,7.426103632985367,-65.37711517708276,292.44083051424764,7.70104149120646,7.651534128373569,3.273038845685141e-11,-7.919482953866464e-07,6.855767896597219e-10
34050.0,-55.44106049397317,7.425994463301109,-62.86705495727428,292.48384709004694,7.684838852989445,7.635332217963413,3.280280355352948e-11,-7.906037922111864e-07,6.858558844111933e-10
34200.0,-52.296855334652484,7.463786545547583,-59.76064188020007,292.52695467118747,7.668709100938929,7.618950518699173,3.302679369699156e-11,-7.904157683924495e-07,6.871350036350306e-10
34350.0,-49.794208470932865,7.5178715113532,-57.312079982286065,292.5703718188463,7.652616291642238,7.60249714296073,3.325742432422971e-11,-7.908729386940649e-07,6.889782601172294e-10
34500.0,-48.41795833653104,7.5666098139067905,-55.98456815043784,292.61419273674954,7.636531912070063,7.586087841370627,3.33928190275208e-11,-7.91008510248048e-07,6.905477681544635e-10
34650.0,-47.144470771104835,7.6129854048316785,-54.75745617593651,292.6583864708424,7.620460397255902,7.569707155953106,3.349775863162541e-11,-7.905878263159138e-07,6.916360999226077e-10
34800.0,-45.973959572133765,7.656311100928237,-53.630270673062,292.70293944232077,7.604404140640192,7.553362061368696,3.3584907330315905e-11,-7.897961395997299e-07,6.92402389451156e-10
34950.0,-44.90671154741128,7.695838804457804,-52.602550351869084,292.7478340177534,7.588364806767352,7.537059209479647,3.365898019387907e-11,-7.886979105364844e-07,6.929010668483049e-10
35100.0,-43.942934992395195,7.730910016777486,-51.67384500917268,292.79304812350375,7.572344006789567,7.52080460142879,3.3718860220155725e-11,-7.873390543977621e-07,6.931707044228425e-10
35250.0,-43.082716022426176,7.760998636311923,-50.8437146587381,292.8385557449536,7.556343460460202,7.504603464313096,3.3761965115742826e-11,-7.857540609279567e-07,6.932401145602965e-10
35400.0,-42.32602603247104,7.785702644127087,-50.111728676598126,292.88432768388753,7.540365016324644,7.488460326804041,3.3786364456001325e-11,-7.839634648121319e-07,6.931260074853817e-10
35550.0,-41.6727405625951,7.804724349104082,-49.47746491169919,292.930332273985,7.524410629732165,7.472379128858159,3.3791415901348776e-11,-7.819967819955309e-07,6.928531863173683e-10
35700.0,-41.122658839542844,7.817849917035656,-48.9405087565785,292.97653598575715,7.508482332565521,7.456363327919378,3.377343695370723e-11,-7.798857026841688e-07,6.92448591820548e-10
35850.0,-40.67552082240135,7.824931361824964,-48.50045218422632,293.0229039151708,7.492582205651721,7.440415991388556,3.373346196852131e-11,-7.776498023304157e-07,6.919286132924263e-10
36000.0,-40.33102112242802,7.825871636379963,-48.156892758807984,293.06940016913586,7.476712356726612,7.424539873981923,3.3670261110658245e-11,-7.753234143592636e-07,6.913229392521473e-10
36150.0,-39.95107336767795,7.823045375657907,-47.774118743335855,293.1159881649528,7.460877117692397,7.408723476701646,3.3599158578161305e-11,-7.729547135681969e-07,6.906736758293882e-10
36300.0,-39.45680172155286,7.819294789534089,-47.27609651108695,293.1626452684208,7.445080328703343,7.392951691635763,3.353881776608012e-11,-7.706028739562498e-07,6.900331851673119e-10
36450.0,-38.94536137450261,7.814870563108122,-46.76023193761073,293.20936562425646,7.429322125938547,7.377222983728963,3.348506337272993e-11,-7.683294427351939e-07,6.894567496296581e-10
36600.0,-38.416340036669084,7.81025145935959,-46.226591496028675,293.2561448301265,7.4136024515677015,7.361534103397768,3.3437832545535927e-11,-7.661303769168626e-07,6.889411564053266e-10
36750.0,-37.869404241640794,7.805836802498964,-45.67524104413976,293.302981317819,7.397921035387674,7.345882118277586,3.339867315064433e-11,-7.640142172249398e-07,6.8849452305164e-10
36900.0,-37.30429540648473,7.801950287469094,-45.10624569395382,293.3498758957842,7.3822774021192785,7.330264395122972,3.3366330483499325e-11,-7.619768567224128e-07,6.881136314417618e-10
37050.0,-36.7208204698805,7.798849217604678,-44.51966968748518,293.39683131019575,7.366670906754658,7.314678573570491,3.334425256571581e-11,-7.600203346669332e-07,6.878008119606684e-10
37200.0,-36.118840670077006,7.79673561373592,-43.915576283812925,293.4438518575928,7.3511007706901905,7.299122528374341,3.248796170638623e-11,-7.336414711289763e-07,6.653347972538586e-10
37350.0,-35.498261381998724,7.795766276800452,-43.29402765879917,293.49094306104587,7.335566113188537,7.283594333131209,3.2470341611016355e-11,-7.317987567034834e-07,6.650691034263782e-10
37500.0,-34.85902320281333,7.796061613616533,-42.65508481642986,293.53811140424745,7.320065976964681,7.268092228007006,3.246223209612378e-11,-7.300346922534118e-07,6.648707762568793e-10
37650.0,-34.201094745987604,7.79771276462946,-41.99880751061706,293.58536411668007,7.304599348661831,7.252614592041981,3.246612462559913e-11,-7.283479632747003e-07,6.647391399211424e-10
37800.0,-33.52446661356746,7.800787560817109,-41.32525417438457,293.6327090001186,7.2891651748599875,7.237159919609661,3.2479978941576545e-11,-7.267318054005045e-07,6.64668530132889e-10
37950.0,-32.45745469022623,7.811840746432265,-40.269295436658496,293.6801542894913,7.273768168406107,7.221689225262923,3.2555544492846366e-11,-7.250454387985883e-07,6.645298759523765e-10
38100.0,-31.17547410013509,7.831824079739322,-39.00729817987441,293.72774788476306,7.258405504008241,7.2061933386535175,3.269441789423459e-11,-7.234692205315696e-07,6.644886585922624e-10
38250.0,-30.137881035838888,7.853885585127609,-37.991766620966494,293.77554353393015,7.243066386059036,7.190707144010295,3.2827778566074636e-11,-7.221835574000579e-07,6.647125392362071e-10
38400.0,-29.34779449438627,7.873978496842617,-37.22177299122889,293.82355352858895,7.227745257577313,7.17525206279133,3.293086179018675e-11,-7.210548318425936e-07,6.650804699078782e-10
38550.0,-28.807397553493267,7.889013610646123,-36.69641116413939,293.87176563465755,7.212439876305816,7.159846447434867,3.2989381583247394e-11,-7.199962723802855e-07,6.655133673932866e-10
38700.0,-28.518208415903565,7.896582929822509,-36.41479134572607,293.9201488181437,7.197150235255399,7.144506344263459,3.299018002623905e-11,-7.18968422575017e-07,6.659750957660384e-10
38850.0,-28.481238489635196,7.8947957811299565,-36.37603427076515,293.9686573192278,7.18187794784117,7.129245971180577,3.292902551133657e-11,-7.179590184591689e-07,6.664543022251194e-10
39000.0,-28.697095149452824,7.8821699333391955,-36.57926508279202,294.0172337490454,7.166625838325959,7.1140780339903875,3.2801535505061024e-11,-7.169964817421715e-07,6.669772711427554e-10
39150.0,-29.166056988755884,7.857550011260387,-37.02360700001627,294.0658115374324,7.151397646999496,7.099013975483406,3.260429884497094e-11,-7.161530675148242e-07,6.676112865063981e-10
39300.0,-29.888131715072298,7.820043118199038,-37.708174833271336,294.11431689292004,7.136197809180991,7.084064183622777,3.233735017881073e-11,-7.155330123964632e-07,6.684540157373465e-10
39450.0,-30.86310147163244,7.768966929662687,-38.63206840129513,294.1626703760422,7.1210312864148895,7.069238168781856,3.1999602250263e-11,-7.152922734121603e-07,6.69652324822441e-10
39600.0,-32.09055833982057,7.703807537648318,-39.794365877468884,294.2107881590684,7.105903436627968,7.054544714939437,3.159300980268812e-11,-7.156312946676735e-07,6.713960216786254e-10
39750.0,-33.9094412614928,7.6183046960777885,-41.52774595757059,294.25858302968544,7.090814790621545,7.040026087707137,3.2108039065556466e-11,-7.410834541587974e-07,6.967543938100215e-10
39900.0,-35.857164391109606,7.516559398091669,-43.37372378920128,294.30592891369184,7.075777494557136,7.0256670936155095,3.159121596905442e-11,-7.431523272316554e-07,7.001843757837276e-10
40050.0,-37.36057575933046,7.410449831981175,-44.771025591311634,294.3527247177424,7.060809251906302,7.011406248055492,3.110884944282705e-11,-7.456403565697656e-07,7.040178445725656e-10
40200.0,-38.413665920056175,7.307655773762118,-45.7213216938183,294.39894251211797,7.045918497955178,6.997200787807589,3.069670061384709e-11,-7.483761734761174e-07,7.080942663882232e-10
40350.0,-39.012251665066735,7.214096950730427,-46.226348615797164,294.44460179735745,7.031107644367775,6.983013659689224,3.036432242479565e-11,-7.51052198211255e-07,7.121231686379511e-10
40500.0,-39.15348323251543,7.134403623662185,-46.287886856177614,294.4897588383386,7.01637492285403,6.968812227007485,3.0114872445473015e-11,-7.5331968929504e-07,7.157729336282525e-10
40650.0,-38.83552963783818,7.072208561918535,-45.907738199756714,294.53449885849966,7.001715502789139,6.954567440677231,2.9947198850531884e-11,-7.548677345425858e-07,7.187455076705927e-10
40800.0,-38.05735163138825,7.030351032179205,-45.087702663567455,294.57892999437024,6.9871222635113215,6.940253251593891,2.985959643835289e-11,-7.554353942396119e-07,7.207882976226171e-10
40950.0,-36.81852188193528,7.011033323135771,-43.82955520507105,294.6231784702615,6.972586362629138,6.925846135442454,2.985437842216515e-11,-7.548668818913029e-07,7.217473714270036e-10
41100.0,-35.11907669305046,7.015945606176669,-42.13502229922713,294.6673847036546,6.958097667315663,6.911324691587118,2.9934577396681984e-11,-7.531050627562763e-07,7.215622226688421e-10
41250.0,-32.95939137727215,7.046367089216886,-40.005758466489034,294.71170014927225,6.943645085923764,6.89666930032747,3.0113264723831404e-11,-7.502272794113196e-07,7.203011003852417e-10
41400.0,-30.340074459199734,7.1032483547871355,-37.44332281398687,294.7562847386271,6.929216823845898,6.881861829837776,3.040408608600811e-11,-7.464312261618034e-07,7.181487173683354e-10
41550.0,-28.269446154492307,7.16997197525288,-35.439418129745185,294.8013048024387,6.914785861764443,6.866986043637947,3.071817509322401e-11,-7.437214932792813e-07,7.170349722534105e-10
41700.0,-27.101089609959256,7.230294174397702,-34.33138378435696,294.8468223210375,6.900333036229429,6.852131070115375,3.096892827943087e-11,-7.427104335988588e-07,7.175599879980096e-10
41850.0,-26.01051070719342,7.286861068220714,-33.297371775414135,294.892796956041,6.885864179403452,6.837285100668818,3.118676451968261e-11,-7.419743965897396e-07,7.183551473554427e-10
42000.0,-24.997526745359316,7.339559756860554,-32.33708650221987,294.9392050919258,6.871382843199682,6.8224524398776785,3.13786675220678e-11,-7.414400045036018e-07,7.19350598875328e-10
42150.0,-24.06209188917831,7.388149406039499,-31.450241295217808,294.9860223249536,6.856891698367779,6.80763736405369,3.1547288175324506e-11,-7.410738156465868e-07,7.20514822406575e-10
42300.0,-23.204153697782942,7.432404016141539,-30.636557713924482,295.0332226458038,6.842393139812171,6.792843774765545,3.169138791491809e-11,-7.408524425045471e-07,7.21825855726733e-10
42450.0,-22.42361294031435,7.472152005930242,-29.895764946244594,295.0807785303359,6.8278894640896635,6.778075112445078,3.181106379579404e-11,-7.407575104423358e-07,7.232664542860056e-10
42600.0,-21.72032293342089,7.507276292624696,-29.227599226045584,295.1286612848356,6.813382921554536,6.763334407998538,3.1904931687330354e-11,-7.407750111099176e-07,7.248235026454896e-10
42750.0,-21.094098206754825,7.537705036138774,-28.6318032428936,295.1768413941211,6.798875727976037,6.748624356129149,3.197428910730575e-11,-7.408943893949527e-07,7.2648716154282e-10
42900.0,-20.544724218596848,7.563401321087072,-28.10812553968392,295.2252888123476,6.784370064314732,6.733947383900066,3.2020463826817576e-11,-7.411128493117758e-07,7.28255133771837e-10
43050.0,-20.071965754581036,7.584354145788049,-27.656319900369084,295.2739731890643,6.769868074288545,6.719305708373859,3.204125076900988e-11,-7.414147660256276e-07,7.301124708190062e-10
43200.0,-19.675573550269256,7.600571180512022,-27.276144730781276,295.32286403832865,6.755371862701819,6.7047013832196525,3.2040290942342784e-11,-7.418129079894697e-07,7.320721178802049e-10
43350.0,-19.046670073914854,7.617309799459975,-26.663979873374828,295.37193086152155,6.740887861004781,6.690105790729031,3.204818783582803e-11,-7.419025891408637e-07,7.337337993042728e-10
43500.0,-18.211358667487854,7.637394003804803,-25.848752671292658,295.4211768053109,6.726417946244416,6.675501981274106,3.2078870851624124e-11,-7.41741651211214e-07,7.351527039988678e-10
43650.0,-17.49037437476546,7.657603814850345,-25.147978189615806,295.4706231095295,6.711957150647461,6.660906453603465,3.210480314778337e-11,-7.417490373029523e-07,7.367439140374532e-10
43800.0,-16.885017586981533,7.676265446716208,-24.56128303369774,295.5202703169507,6.697503190527735,6.646328082603567,3.2116205930129936e-11,-7.419089946836266e-07,7.384931106195982e-10
43950.0,-16.396170457839347,7.69213140001928,-24.088301857858628,295.57010820820176,6.683055365326308,6.631774484378111,3.2108026764022313e-11,-7.42210307436153e-07,7.40390202647891e-10
44100.0,-16.024436066082714,7.7042401630306045,-23.72867622911332,295.62011851880595,6.668613993821282,6.617252387783432,3.207912154991187e-11,-7.426469110782818e-07,7.424300479493657e-10
44250.0,-15.770212071102389,7.7118412782380155,-23.482053349340404,295.67027676143385,6.654180115852428,6.602767835709401,3.202566581976168e-11,-7.432160344933436e-07,7.446106773522812e-10
44400.0,-15.633735742153124,7.714348951760084,-23.348084693913208,295.7205535717847,6.639755303105077,6.588326305133864,3.194703043117527e-11,-7.439218379090562e-07,7.469370018913815e-10
44550.0,-15.615116101350026,7.711308494630297,-23.326424595980324,295.77091576021877,6.625341526721501,6.57393279845877,3.1843875350230544e-11,-7.4477927114458e-07,7.494247837546353e-10
44700.0,-15.714358554140311,7.702370238929464,-23.416728793069776,295.8213271503679,6.6109410596105755,6.559591919712379,3.17150110370898e-11,-7.45799969337213e-07,7.52086541197253e-10
44850.0,-15.931384320229647,7.687268627340018,-23.618652947569664,295.87174925173895,6.596556402494324,6.54530793999862,3.156110742007392e-11,-7.470156049294019e-07,7.549551203684967e-10
45000.0,-16.26604588307964,7.6658052662441545,-23.931851149323798,295.9221417987538,6.582190227341325,6.531084853910014,3.138379123488897e-11,-7.484525497147843e-07,7.58058259094201e-10
45150.0,-16.472171569962065,7.641950134359753,-24.114121704321818,295.9724631808823,6.567848692435578,6.516902353207909,3.120765939866343e-11,-7.497905656350667e-07,7.610717001835795e-10
45300.0,-16.472062630185995,7.619453876447885,-24.09151650663388,296.0226975937013,6.553535765263305,6.5027394010809525,3.1048600307370866e-11,-7.509050305998244e-07,7.63867584864097e-10
45450.0,-16.47137382310272,7.597553881332598,-24.068927704435318,296.0728536547084,6.539249509905236,6.488599145682524,3.089750973398309e-11,-7.520742784095091e-07,7.667284319302138e-10
45600.0,-16.47019268165089,7.576162824673009,-24.0463555063239,296.12293498631027,6.524988714687233,6.474480957500732,3.075158255231628e-11,-7.533022277073087e-07,7.696587796508981e-10
45750.0,-16.468551632698148,7.5552484474628825,-24.02380008016103,296.1729446498212,6.510752480061221,6.460384152047629,3.0610176640133404e-11,-7.545759217464365e-07,7.726458900690602e-10
45900.0,-16.46646897884488,7.534792602872118,-24.001261581717,296.2228855065516,6.496540047293248,6.446308091568133,3.047287271270304e-11,-7.558951580222129e-07,7.756899852531533e-10
46050.0,-16.463961609866036,7.5147785514051755,-23.97874016127121,296.27276031012184,6.482350739029886,6.432252210305478,3.0338907990464086e-11,-7.572559610480312e-07,7.78787399339187e-10
46200.0,-16.461047615416422,7.495188348644394,-23.956235964060816,296.32257171514755,6.468183934831044,6.418216007449095,3.020809102010777e-11,-7.58648038612364e-07,7.819279169712115e-10
46350.0,-16.45774621018289,7.476002918752977,-23.933749128935865,296.3723222686425,6.454039059324309,6.404199034798794,3.00805313088005e-11,-7.600742151225859e-07,7.85114776587836e-10
46500.0,-16.454077057918422,7.457202729735503,-23.911279787653925,296.4220144018575,6.439915575226203,6.390200885284455,2.995742707680129e-11,-7.615266959248856e-07,7.883402476624723e-10
46650.0,-16.450059613562605,7.43876845074175,-23.888828064304356,296.4716504265667,6.425812978423588,6.376221183665291,2.9836084281806604e-11,-7.630027809568674e-07,7.916018134139668e-10
46800.0,-16.445712634794244,7.42068144033379,-23.866394075128035,296.5212325357173,6.411730794067276,6.362259579368403,2.9718852422784714e-11,-7.644972157550001e-07,7.94894275621993e-10
46950.0,-16.705583773071687,7.3985608902871665,-24.104144663358852,296.5707628075624,6.397665093547091,6.348341349168445,2.9585419892840087e-11,-7.665097427889123e-07,7.987390520145032e-10
47100.0,-17.13553817973726,7.371215282440803,-24.50675346217806,296.6202143109927,6.383616832028859,6.334475391686263,2.943666404089233e-11,-7.689485741479984e-07,8.030437857630719e-10
47250.0,-17.42415274470273,7.3426590597362,-24.76681180443893,296.66955220213305,6.369592064230828,6.320640998691142,2.92901606029405e-11,-7.7121661234969e-07,8.071857711585069e-10
47400.0,-17.56949914550961,7.315260654401839,-24.88475979991145,296.71876826226594,6.355593365703444,6.306824956185704,2.9156621339303174e-11,-7.73259237973889e-07,8.111062633916676e-10
47550.0,-17.570226006389277,7.290815743101174,-24.86104174949045,296.767869991022,6.3416211846500286,6.293015741195909,2.9038478201213556e-11,-7.750168080633557e-07,8.147409897217801e-10
47700.0,-17.425385469884414,7.270718084993465,-24.69610355487788,296.81687684347037,6.327674541538433,6.279203082462186,2.8939726519512903e-11,-7.764435103752021e-07,8.18039871549638e-10
47850.0,-17.13433385356949,7.256056283158768,-24.390390136728257,296.86581759114193,6.313751428384828,6.265377714647108,2.8859977599267242e-11,-7.774992738518449e-07,8.209585934984491e-10
48000.0,-16.69666463774147,7.2476782126080215,-23.944342850349493,296.9147283162012,6.29984907483423,6.251531214796871,2.936309643225836e-11,-7.929959018326826e-07,8.391692059210683e-10
48150.0,-16.112157414112644,7.246239484793273,-23.358396898905916,296.96365082531355,6.285964139981973,6.2376558714653,2.931372577660571e-11,-7.92707599117648e-07,8.407170657938469e-10
48300.0,-15.3807371293615,7.25224162139981,-22.63297875076131,297.0126313785266,6.272092856243785,6.223744573487409,2.92894079488635e-11,-7.920566460484224e-07,8.418844812009233e-10
48450.0,-14.502440589052078,7.266062975760239,-21.768503564812317,297.0617196659799,6.258231139162274,6.209790714050249,2.928969098263034e-11,-7.910435044777842e-07,8.426699567205749e-10
48600.0,-13.477388878161007,7.28798374982207,-20.765372627983076,297.11096798527683,6.244374671684757,6.195788108088071,2.9315914766922814e-11,-7.896808327245708e-07,8.430850423986615e-10
48750.0,-12.293877710916053,7.318399552387398,-19.61227726330345,297.1604305810782,6.230519119447048,6.181729783929216,2.8821088014770426e-11,-7.752874573441204e-07,8.295589741195608e-10
48900.0,-11.18956428722548,7.353717664937386,-18.543281952162864,297.21016441748225,6.216656866354868,6.167632076761799,2.88811793130811e-11,-7.740230145714122e-07,8.300527987001048e-10
49050.0,-10.29695224323619,7.3895605744166435,-17.686512817652833,297.26020228902496,6.202781729236758,6.153517986919657,2.8935600340592492e-11,-7.731484998885207e-07,8.309696451666644e-10
49200.0,-9.61849910732143,7.422845384025205,-17.041344491346635,297.3105474905964,6.188891276498811,6.139405635454117,2.897675955360467e-11,-7.726789590378758e-07,8.323288986854922e-10
49350.0,-9.155984570247684,7.451186080328311,-16.607170650575995,297.3611825108944,6.174985576545064,6.12531099752546,2.8996361876087666e-11,-7.726121964424237e-07,8.341311752771243e-10
49500.0,-8.910678709518127,7.4727205574482385,-16.383399266966364,297.4120736988932,6.16106648179844,6.111248339595903,2.89905143825329e-11,-7.729323101557384e-07,8.363620296791173e-10
49650.0,-8.883450352871034,7.48599723109356,-16.369447583964593,297.46317477651047,6.14713716478069,6.097230511415817,2.895714258892682e-11,-7.73637438555852e-07,8.390219358135447e-10
49800.0,-9.074845698449248,7.489891213458119,-16.564736911907367,297.5144295951279,6.133201787269877,6.083269173955711,2.9425582580614045e-11,-7.836668771687982e-07,8.518300928294729e-10
49950.0,-9.485148795098876,7.48353850086385,-16.968687295962727,297.5657743318041,6.119265253774536,6.069374991872567,2.9325106797431995e-11,-7.844314957594634e-07,8.54603140767163e-10
50100.0,-10.114429086949137,7.46628301227706,-17.580712099226197,297.617139243881,6.105333024226447,6.055557798907235,2.91954842898685e-11,-7.856048185317377e-07,8.578345253397265e-10
50250.0,-10.962578676390075,7.437633853415766,-18.40021252980584,297.66845006655126,6.091410970821583,6.041826739883931,2.903746907266672e-11,-7.872319613966283e-07,8.615759306204989e-10
50400.0,-12.029341832145585,7.397230302561601,-19.426572134707186,297.7196291208335,6.077505269179159,6.028190391723876,4.5269117016290976e-11,-1.3157309091127445e-06,1.4432796033214574e-09
50550.0,-13.44369974829405,7.342747471860855,-20.786447220154905,297.77059618298426,6.063620736914242,6.014669078339557,4.483863287025404e-11,-1.3143419224093122e-06,1.4450573119432673e-09
50700.0,-14.877114857967012,7.277941537573102,-22.155056395540115,297.82125504640936,6.0497681330694775,6.001248514065967,4.4383039361733716e-11,-1.3129534615075045e-06,1.4468361239946672e-09
50850.0,-16.033797920008087,7.209722617424628,-23.243520537432715,297.87153506888285,6.035958457349579,5.987893631158747,4.392976739852908e-11,-1.3112000836201787e-06,1.4482097503765056e-09
51000.0,-16.909848528506895,7.142790662669767,-24.052639191176663,297.9214127944712,6.022196597971573,5.974577984826321,4.349494500505165e-11,-1.3091180086632903e-06,1.449214294004986e-09
51150.0,-17.502472988960072,7.0807732789381514,-24.583246267898225,297.97089689946347,6.008483459432059,5.961278295527602,4.308585361265387e-11,-1.3067304038827388e-06,1.4498726816347711e-09
51300.0,-17.809697138347993,7.02650365295017,-24.836200791298165,298.0200209392033,5.994817135785074,5.9479737694049435,4.27147782557612e-11,-1.3040694248900309e-06,1.4502187421259865e-09
51450.0,-17.830182015997703,6.982195361773759,-24.812377377771462,298.0688379783353,5.981193650715636,5.934645672962672,4.238298427502848e-11,-1.301170883039049e-06,1.4502912060965922e-09
51600.0,-17.56308772485245,6.949568800622218,-24.512656525474668,298.1174163988416,5.967607479355214,5.921277012030605,4.209849522016517e-11,-1.2980692005726269e-06,1.4501279952513232e-09
51750.0,-17.00796501744668,6.929949759607647,-23.937914777054324,298.1658365560688,5.954051935817901,5.907852262121882,4.1870674870126306e-11,-1.2947952825470566e-06,1.449763731214069e-09
51900.0,-16.16466664416875,6.924348165157732,-23.089014809326482,298.2141880938614,5.940519469054287,5.8943571393442244,4.1701838206335444e-11,-1.291351662047191e-06,1.449201728091489e-09
52050.0,-15.033273060306856,6.933522428432221,-21.966795488739077,298.2625677847003,5.927001888415421,5.88077839697424,4.159891064116006e-11,-1.2877448618553444e-06,1.4484499764513284e-09
52200.0,-13.614031006489306,6.95803091620789,-20.572061922697195,298.3110777979466,5.913490538671711,5.867103657337203,4.1564536420006505e-11,-1.283968387610912e-06,1.447501977852511e-09
52350.0,-12.389773905378062,6.990675638873624,-19.380449544251686,298.35982430964117,5.89997079482894,5.853366282032667,4.156122931229868e-11,-1.2805673712534826e-06,1.446975943650255e-09
52500.0,-11.619980840228951,7.022851516510607,-18.642832356739557,298.4088636127444,5.886431545980251,5.839612527351838,4.1544752483765986e-11,-1.2777514406536739e-06,1.4471149237279752e-09
52650.0,-10.95547111254634,7.054017667218181,-18.00948877976452,298.4581922527401,5.872873466752447,5.8258466738042305,4.151633304476819e-11,-1.275014252399842e-06,1.4473485703582319e-09
52800.0,-10.397092856850993,7.083013498103362,-17.480106354954355,298.5078030604313,5.859297414371792,5.812077315902043,4.147221817614901e-11,-1.2723589968288707e-06,1.4476809610972642e-09
52950.0,-9.945508796499782,7.108871451325895,-17.054380247825677,298.557680771918,5.845704774071352,5.7983122892639685,4.1410737629094406e-11,-1.2697816913487259e-06,1.4481079019258128e-09
53100.0,-9.601188679798735,7.130823399806289,-16.732012079605024,298.60780335336716,5.832097472408642,5.784558641295014,4.1318593116833233e-11,-1.2672379092748542e-06,1.4485787949305175e-09
53250.0,-9.36443398659808,7.1482747299839025,-16.512708716581983,298.65814337942726,5.818477885384565,5.770822712085888,4.121750728120309e-11,-1.2648177083462997e-06,1.449196546200276e-09
53400.0,-9.235408081413887,7.1607729341149415,-16.39618101552883,298.7086692367998,5.8048487374758455,5.757110242831881,4.1090102960088004e-11,-1.262479766950264e-06,1.4499140563873219e-09
53550.0,-9.214163391182453,7.1679791415308785,-16.38214253271333,298.75934611244884,5.791213013859262,5.743426477847554,4.093802606896568e-11,-1.2602253569582444e-06,1.4507327497046896e-09
53700.0,-9.300663998224357,7.169644208097145,-16.4703082063215,298.8101367854277,5.777573889712696,5.729776253271581,4.0755341714669543e-11,-1.2580701067577138e-06,1.4516705809656892e-09
53850.0,-9.49480378530154,7.165589235391645,-16.660393020693185,298.8610022530487,5.763934675218324,5.716164071942232,4.0542726081530475e-11,-1.2560221662738513e-06,1.4527369896285605e-09
54000.0,-9.796420723963369,7.155689934298024,-16.952110658261393,298.91190222153887,5.750298773638773,5.702594165716128,4.0299681752938344e-11,-1.2540987377462898e-06,1.4539519737600227e-09
54150.0,-10.246716689475377,7.139223425846485,-17.385940115321862,298.96279548750675,5.736669185476547,5.689074354288465,4.001706535334557e-11,-1.2523658234897539e-06,1.4553925317968513e-09
54300.0,-10.680258153670401,7.118285030622324,-17.798543184292726,299.0136357172393,5.72305137898127,5.67559613710606,3.9711261841842914e-11,-1.2506591602345907e-06,1.4568675314568685e-09
54450.0,-10.971786979764053,7.096092959030903,-18.067879938794956,299.0643913192132,5.709450270990546,5.662142976271226,3.940339945846212e-11,-1.2488671039534438e-06,1.4582455924567498e-09
54600.0,-11.11946983241526,7.074882119252267,-18.194351951667528,299.1150533880131,5.695867831539728,5.648701942431275,3.911181760288416e-11,-1.2470157138011473e-06,1.45955600408662e-09
54750.0,-11.1219854115763,7.05637945248338,-18.17836486405968,299.1656287903046,5.682304094460587,5.635261556476598,3.884290692908419e-11,-1.2451149942194206e-06,1.4608099971667303e-09
54900.0,-10.978393052478491,7.041932689014307,-18.020325741492798,299.2161366101011,5.668757717750241,5.621811491535833,3.860724473879144e-11,-1.2431469329499123e-06,1.4619863173399478e-09
55050.0,-10.688047703824417,7.032592694720873,-17.72064039854529,299.2666054939021,5.655226343368286,5.6083423837961,3.840555451353806e-11,-1.241106954097404e-06,1.463079611367295e-09
55200.0,-10.250536788064323,7.029173912547301,-17.279710700611624,299.3170715688701,5.64170685322472,5.594845685547893,3.824170978446026e-11,-1.2389767363174542e-06,1.4640684324216202e-09
55350.0,-9.665630083870967,7.032301769091278,-16.697931852962245,299.36757678059246,5.628195560169419,5.581313540130531,3.8118306354088004e-11,-1.2367419195413731e-06,1.4649359714195207e-09
55500.0,-8.933238916666042,7.0424507703575605,-15.975689687023603,299.4181675595815,5.614688353494892,5.567738673463242,3.803584852332256e-11,-1.2343899733480157e-06,1.4656675439277803e-09
55650.0,-8.053382618549497,7.05997533164126,-15.113357950190757,299.468893751806,5.601180810629779,5.554114300206101,3.799360344563191e-11,-1.2319103799285358e-06,1.466250803866984e-09
55800.0,-7.026160878535864,7.0851347259100965,-14.11129560444596,299.5198077627896,5.587668282957695,5.540434043256275,3.799172946695995e-11,-1.2293029101329012e-06,1.4666856225547684e-09
55950.0,-6.082763884327003,7.11460324165038,-13.197367125977383,299.57096387460507,5.574143480017373,5.526712783560905,3.8007112306299527e-11,-1.2268198066323066e-06,1.4672745221220164e-09
56100.0,-5.384271682877235,7.143825918858732,-12.528097601735967,299.62239261122943,5.560600551929274,5.512975037639372,3.8007431817318044e-11,-1.224626606344259e-06,1.4682186392251818e-09
56250.0,-4.782122462746914,7.171887215479915,-11.954009678226829,299.6740919240707,5.5470394788793165,5.49922688929279,3.7991159509036363e-11,-1.2224990868503482e-06,1.4692511101403267e-09
56400.0,-4.277058107214539,7.197789419781063,-11.474847526995601,299.72605322908174,5.533460908126426,5.485475637191655,3.7954985653842115e-11,-1.2204346209188088e-06,1.47036925736234e-09
56550.0,-3.8696317625925705,7.220730224639908,-11.090361987232479,299.7782607846903,5.519866137699792,5.471727928079361,3.789996629674353e-11,-1.2184247459856579e-06,1.4715631570169357e-09
56700.0,-3.560229263042933,7.240080279175816,-10.800309542218749,299.8306930820649,5.506257008505555,5.457989798534571,3.7820301395517784e-11,-1.2164717499985045e-06,1.4728356584390109e-09
56850.0,-3.349097645980738,7.255353607478266,-10.604451253459004,299.88332408008284,5.49263578556137,5.444266753414393,3.771688668267691e-11,-1.2145682450892537e-06,1.4741777809505348e-09
57000.0,-3.2363716956838484,7.266179965484556,-10.502551661168404,299.9361242316767,5.479005056067526,5.430563848212813,3.7588088123177854e-11,-1.212722320786952e-06,1.475599198974963e-09
57150.0,-3.222096297651407,7.27228136219786,-10.494377659849267,299.9890613140054,5.465367647449865,5.416885763629018,3.7435741053130456e-11,-1.2109291169792868e-06,1.4770938206926852e-09
57300.0,-3.3062446246141937,7.273452731734186,-10.57969735634838,300.04210109132924,5.4517265632336915,5.403236870205048,3.8432057581703155e-11,-1.2225623180484035e-06,1.495015452282993e-09
57450.0,-3.4887325625921086,7.2695463539075895,-10.758278916499698,300.0952078396565,5.438084933738831,5.389621283248922,3.825749668928122e-11,-1.2195787562063742e-06,1.495108138332417e-09
57600.0,-3.769430210599099,7.260459194201614,-11.029889404800713,300.1483447595748,5.424445978319274,5.376042908914527,3.806703982650106e-11,-1.2165104745776034e-06,1.4950964325079708e-09
57750.0,-4.232322328173878,7.244870755868837,-11.477193084042716,300.20147429792104,5.410812114061955,5.362512967600344,3.785351795459637e-11,-1.2133729345720212e-06,1.4949979275983756e-09
57900.0,-4.709648392224155,7.224425739724257,-11.934074131948412,300.25454933250484,5.397188702659238,5.34902585632723,3.763114709888009e-11,-1.2100770199197086e-06,1.4947004037163446e-09
58050.0,-5.0323675664170775,7.2025959133598665,-12.234963479776944,300.3075346546455,5.38358121452614,5.335563900392955,3.742040640041989e-11,-1.2066178829428509e-06,1.4941948303694428e-09
58200.0,-5.198502908666727,7.181748839729071,-12.380251748395798,300.3604202197014,5.369991783835017,5.322113450216174,3.722476516314384e-11,-1.2030973248755572e-06,1.4936054197788198e-09
58350.0,-5.206626481688189,7.163707691223554,-12.370334172911743,300.413213147181,5.356420392681121,5.308662333409115,3.705177855152955e-11,-1.199577337018809e-06,1.4930086999368477e-09
58500.0,-5.055714159055723,7.149893334328263,-12.205607493383987,300.4659337949412,5.3428655053056895,5.295199541769445,3.690186511478194e-11,-1.1961084656064713e-06,1.4924681202358367e-09
58650.0,-4.745054026312768,7.141412759057123,-11.88646678536989,300.518612857236,5.329324468779109,5.281715042731336,3.584165708473856e-11,-1.1481087724973804e-06,1.4362155143969556e-09
58800.0,-4.274179110683649,7.139123138073428,-11.413302248757077,300.57128909715397,5.31579379615355,5.268199634268747,3.566542915918168e-11,-1.1446470935538855e-06,1.4355298411338421e-09
58950.0,-3.6428137496955664,7.143682220863315,-10.786495970558882,300.62400753733624,5.302269376416093,5.254644820667673,3.552588932076447e-11,-1.1413996272580107e-06,1.4351083108361484e-09
59100.0,-2.850830263069926,7.155588412445646,-10.006418675515572,300.6768180107754,5.288746634615229,5.241042704276403,3.54246637383338e-11,-1.1383783586893514e-06,1.434969300336155e-09
59250.0,-1.8982130883189772,7.175213385448123,-9.0734264737671,300.7297739976418,5.275220654621946,5.227385891148301,3.5360606036238694e-11,-1.1355986462291412e-06,1.4351357293262203e-09
59400.0,-0.7850291953739053,7.202828418186902,-7.9878576135608075,300.7829316946946,5.261686273488292,5.213667409813308,3.533602653890475e-11,-1.133060678171205e-06,1.4356116008921352e-09
59550.0,0.28024734585742017,7.235591854283658,-6.955344508426238,300.8363492725172,5.248136117575982,5.199898831009003,3.5332542309364324e-11,-1.1307632430401782e-06,1.4363997905888374e-09
59700.0,1.0877413697570573,7.268633788312825,-6.180892418555768,300.8900640417757,5.234563607206664,5.186106041094127,3.532019893268654e-11,-1.128567764574484e-06,1.4373280490478494e-09
59850.0,1.7386863502892789,7.300070910989734,-5.561384560700455,300.94407757011044,5.220967880123586,5.172300733208384,3.529054343704325e-11,-1.1262906687292684e-06,1.4381633119752856e-09
60000.0,2.23180721821255,7.328268693448529,-5.096461475235979,300.99837761540084,5.20734969068976,5.158494558574294,3.5235785787822295e-11,-1.1238714696659713e-06,1.4388272171994968e-09
60150.0,2.566161886447139,7.351937361921016,-4.785775475473877,301.0529399290956,5.193711065183058,5.144698141961872,3.5150083787073234e-11,-1.121256883784838e-06,1.4392494688449625e-09
60300.0,2.741082390287498,7.370070103764369,-4.628987713476871,301.1077307840738,5.180055010182738,5.1309212020349095,3.503303316408412e-11,-1.1184098438477008e-06,1.4393796226091256e-09
60450.0,2.7561237191501284,7.381888874060337,-4.625765154910209,301.16270905365525,5.166385277683962,5.117172677757406,3.4862937308311584e-11,-1.1149230996210235e-06,1.4386888055457248e-09
60600.0,2.6110215328735933,7.386799022911815,-4.775777490038221,301.21782789501685,5.15270618126742,5.1034608470377245,3.4677246123116784e-11,-1.1115425042618199e-06,1.4381342737308469e-09
60750.0,2.3056580242249494,7.384352025987211,-5.078694001762262,301.273036100046,5.139022453403478,5.089793432511088,3.4461099470751095e-11,-1.1078713564316445e-06,1.4372011622533671e-09
60900.0,1.8400347328401363,7.374215139333945,-5.5341804064938085,301.3282791719422,5.1253391353121325,5.076177693690549,3.421669651081856e-11,-1.1039035854309986e-06,1.4358771277207345e-09
61050.0,1.2142511790238508,7.3561468591333,-6.1418956801094495,301.38350017759797,5.111661492404528,5.0626205060126654,3.395043407936887e-11,-1.0996460240164652e-06,1.4341664651182931e-09
61200.0,0.4284883116239344,7.329977188711059,-6.901488877087124,301.4386404178443,5.097994949753863,5.049128427861778,3.3669711884009084e-11,-1.0951017515026251e-06,1.4320685711356617e-09
61350.0,-0.620259084942786,7.294124625088919,-7.914383710031705,301.49363995062595,5.0843440839642025,5.035716579191772,3.340012442081137e-11,-1.0907756884392938e-06,1.4302411093426352e-09
61500.0,-1.7260520476528303,7.250484439069838,-8.976536486722669,301.5484271195322,5.0707169105890575,5.022380340423532,3.3118267253104574e-11,-1.0857589707313764e-06,1.4274891037780895e-09
61650.0,-2.6813960090000393,7.203120635751471,-9.88451664475151,301.602944341803,5.0571213938744775,5.009100582431654,3.286628789657936e-11,-1.080672028308527e-06,1.4246207728867374e-09
61800.0,-3.483828474101613,7.1548269079101905,-10.638655382011803,301.6571641978139,5.043561423256849,4.9958625700327275,3.2648595002199384e-11,-1.0757079831336114e-06,1.421889405600457e-09
61950.0,-4.131540090316918,7.1077603908543345,-11.239300481171252,301.71107999377995,5.030038262788277,4.982653186376179,3.2465160760165144e-11,-1.0709602644709548e-06,1.4194196392683696e-09
62100.0,-4.623205877781396,7.063607605408136,-11.686813483189532,301.7647010562318,5.016551318017853,4.969460593538752,3.231135282783506e-11,-1.0664569494167608e-06,1.4172511244081001e-09
62250.0,-4.957879827091121,7.0236869032331715,-11.981566730324293,301.8180492558002,5.003098622193993,4.956274033109156,4.360800062464218e-11,-1.459492361632897e-06,1.9447845849750217e-09
62400.0,-5.1349156177597495,6.989024697320455,-12.123940315080205,301.8711562868677,4.989677178338421,4.943083670719982,4.3132713173318494e-11,-1.4454453207690676e-06,1.931247612629996e-09
62550.0,-5.153907169086082,6.960411795832552,-12.114318964918635,301.92406150855817,4.9762832170303986,4.92988046217297,4.271744248435168e-11,-1.4327817403625431e-06,1.9194804339901924e-09
62700.0,-5.014636786580146,6.938452097490735,-11.953088884070882,301.97681019927836,4.9629123906954415,4.9166560339009395,4.236660347428701e-11,-1.4216845674042133e-06,1.9097449984806144e-09
62850.0,-4.717034295458452,6.923600276066855,-11.640634571525307,302.0294521690926,4.949559923731051,4.903402579141759,4.208362475071036e-11,-1.4123268439192316e-06,1.902292817519285e-09
63000.0,-4.261142974526189,6.916192651828771,-11.17733562635496,302.08204064839674,4.936220728124817,4.890112767747124,4.1867458054306946e-11,-1.4048251859577476e-06,1.8973019553921177e-09
63150.0,-4.260641407102863,6.90795241111503,-11.168593818217893,302.1346314034221,4.922884097634267,4.876831072254362,4.1576475896749094e-11,-1.395870715015235e-06,1.890315632504981e-09
63300.0,-4.71982668126285,6.893450227952746,-11.613276909215596,302.18721802718596,4.909547811417712,4.863591467332369,4.1223365877337664e-11,-1.384848669516714e-06,1.880483665313115e-09
63450.0,-5.029168096389973,6.877001623168813,-11.906169719558786,302.23975334380134,4.896220301536665,4.850373614895348,4.085370302804987e-11,-1.373028766238349e-06,1.869508425791799e-09
63600.0,-5.1867026350759025,6.8609463869051455,-12.047649021981048,302.29222271535184,4.882905084273878,4.837165432618752,4.0499195098057146e-11,-1.3613636973275334e-06,1.8586799918379296e-09
63750.0,-5.191075411377258,6.847020481487534,-12.038095892864792,302.34462911100536,4.869602987201666,4.823956174988439,4.017805039272536e-11,-1.3504965110655576e-06,1.8488796925402264e-09
63900.0,-5.041325883143745,6.836566787971922,-11.877892671115667,302.39698857421337,4.856313099864446,4.8107359790052024,3.990145853007328e-11,-1.3409145669385225e-06,1.8407854399886907e-09
64050.0,-4.736784158679006,6.830635723012561,-11.567419881691567,302.4493272758679,4.8430332794089,4.797495699035565,3.9678167355002914e-11,-1.3329876384915451e-06,1.8349211628161522e-09
64200.0,-4.277005330702599,6.8300477932942645,-11.107053123996863,302.5016793201979,4.829760473242838,4.784226812441162,3.951324013760191e-11,-1.3269571823570914e-06,1.8316397396358316e-09
64350.0,-3.661720579808666,6.835439356268054,-10.49715993607672,302.5540850162413,4.816490947182588,4.7709213426545904,3.941060022671607e-11,-1.3229316238039246e-06,1.8311140320634947e-09
64500.0,-2.8907980089013723,6.847298637053244,-9.738096645954617,302.6065894888418,4.803220455525303,4.757571789138973,3.937072226559062e-11,-1.320896259926485e-06,1.8333480937871096e-09
64650.0,-1.9642103463531395,6.865994872260446,-8.830205218613585,302.6592415564201,4.78994437097913,4.744171063025995,3.9392622515044364e-11,-1.3207098792378247e-06,1.8381701010135859e-09
64800.0,-0.8820080358013307,6.891802070171366,-7.7738101059726965,302.712092824363,4.7766577849135485,4.730712428964793,3.9473015389500606e-11,-1.322141956805467e-06,1.8452818076846957e-09
64950.0,0.013881077858137303,6.920284402044319,-6.906403324186182,302.7651969543983,4.763352738196738,4.717217500027461,3.9550876560425195e-11,-1.3233471980456102e-06,1.852122892955701e-09
65100.0,0.5691915423777383,6.946469824268935,-6.377278281891197,302.8185738255255,4.750024666964676,4.7037148593049185,3.962478284003885e-11,-1.3246947156986266e-06,1.8592109986453645e-09
65250.0,1.046566424404653,6.970347237091732,-5.923780812687079,302.87220546669363,4.736676233032531,4.690207242630894,3.961035992151463e-11,-1.3231538327218573e-06,1.8622817177081198e-09
65400.0,1.4457677535574636,6.991502439761476,-5.545734686204012,302.926073859755,4.7233097353759534,4.676699710306492,3.956372434471165e-11,-1.3206577396118746e-06,1.8640287052962115e-09
65550.0,1.7666089022842444,7.009577331922302,-5.242968429638058,302.9801578280873,4.709927559982271,4.663197035654302,3.948530874705765e-11,-1.317273011558484e-06,1.8645340008349553e-09
65700.0,2.008976608534576,7.024291190330075,-5.015314581795499,303.0344334615645,4.696532260201067,4.649703643511975,3.937483108140058e-11,-1.3130337741529274e-06,1.8638344227998753e-09
65850.0,2.1728244028851336,7.035433341475035,-4.862608938589902,303.0888747079585,4.683126541850284,4.63622364418743,3.923138533084632e-11,-1.3079531386850363e-06,1.8619372150871803e-09
66000.0,2.2581607670154806,7.042850555829176,-4.784689788813695,303.1434539099768,4.669713229076866,4.622760883357703,3.9057356091743536e-11,-1.3020452342971112e-06,1.8588510977357618e-09
66150.0,2.265037892295684,7.046435034510623,-4.781397142214939,303.198142246594,4.656295230931471,4.609318988732677,3.8850253091228436e-11,-1.2953085164468803e-06,1.854562410966024e-09
66300.0,2.193542328991853,7.046114282644837,-4.852571953652983,303.2529100826609,4.642875513608953,4.595901409806441,3.861187047820061e-11,-1.2877319619519767e-06,1.8490437060358313e-09
66450.0,2.043787599438934,7.041842943661917,-4.998055344222983,303.30772724089604,4.629457078820787,4.582511450667786,3.834175013553724e-11,-1.2792881936007916e-06,1.842243661002039e-09
66600.0,1.8159085216374127,7.033596344001359,-5.2176878223639465,303.362563211048,4.616042947503859,4.5691522967442255,3.804096557552361e-11,-1.2699436160445998e-06,1.8341013872517893e-09
66750.0,1.673208757294245,7.0235182833088174,-5.3503095260145725,303.41738730898095,4.60263743132864,4.55581396770431,3.7737302518815225e-11,-1.2603406638334036e-06,1.8255339938425726e-09
66900.0,1.6670963707872382,7.013698412984111,-5.3466020421968725,303.47218534872263,4.589242953946441,4.54248495618585,3.7451619457013406e-11,-1.2511046687535554e-06,1.8174452465014796e-09
67050.0,1.660964339487518,7.003863580097502,-5.3428992406099844,303.5269592137308,4.575858731693343,4.529166299545921,3.717261285696909e-11,-1.242015668090346e-06,1.809519248613583e-09
67200.0,1.6548052374346183,6.99400637364736,-5.339201136212742,303.5817086606482,4.562484459947848,4.515857742570152,3.689745559799998e-11,-1.233007135503783e-06,1.8016603984486078e-09
67350.0,1.6486331357663966,6.984140879348811,-5.335507743582414,303.6364333876445,4.54911998964164,4.502559042285622,3.662715066879288e-11,-1.224053891135668e-06,1.7938324978938672e-09
67500.0,1.6424616546670787,6.9742807345030435,-5.331819079835965,303.6911332022133,4.535765231736143,4.4892700187384325,3.6360684160053624e-11,-1.2151535031534877e-06,1.786032332025213e-09
67650.0,1.6362997327644537,6.964434897130372,-5.328135164365918,303.7458080180161,4.522420126930935,4.475990552907998,3.609890903077787e-11,-1.2063102472481546e-06,1.778266523071865e-09
67800.0,1.6301517912961856,6.954607809544669,-5.324456018248483,303.80045781858377,4.509084635176187,4.462720575129035,3.5842599269294474e-11,-1.19752809624174e-06,1.7705413154880059e-09
67950.0,1.6240188162322813,6.94480047956136,-5.320781663329079,303.8550826221422,4.495758731636128,4.449460053846915,3.559128893983624e-11,-1.1888206454813144e-06,1.7628772901234262e-09
68100.0,1.6178994354875478,6.9350115574808875,-5.31711212199334,303.909682454767,4.482442404763462,4.436208986512337,3.534611291326228e-11,-1.1801877679573636e-06,1.7552748574500156e-09
68250.0,1.6117907770806008,6.925238193609236,-5.313447416528636,303.96425733188033,4.469135655045906,4.422967392610952,3.510649793593132e-11,-1.1716339267664466e-06,1.7477412743761102e-09
68400.0,1.6056890977100666,6.915476666802102,-5.309787569092036,304.0188072464083,4.455838493957055,4.409735308423921,3.487276611342391e-11,-1.1631680267853994e-06,1.7402905249862946e-09
68550.0,1.5995902226697938,6.905722824102967,-5.306132601433173,304.0733321618327,4.442550942980423,4.39651278312111,3.464604845284865e-11,-1.1547940710343596e-06,1.7329294000316404e-09
68700.0,1.5934898433228541,6.895972378257344,-5.30248253493449,304.1278320086775,4.429273032678313,4.3832998758464985,3.442516782443577e-11,-1.1465147924383245e-06,1.7256628555514822e-09
68850.0,1.587383711121908,6.8862211015406265,-5.2988373904187185,304.1823066833262,4.416004801811704,4.370096653545928,3.421096106480937e-11,-1.138325830929432e-06,1.7184851949774812e-09
69000.0,1.5812677580851808,6.876464946386546,-5.2951971883013655,304.23675604836455,4.402746296518978,4.356903189341525,3.4004346516068537e-11,-1.1302314355532417e-06,1.7114036852359732e-09
69150.0,1.5751381663370125,6.866700114902594,-5.291561948565581,304.29117993387973,4.389497569560437,4.343719561312906,3.380262805456805e-11,-1.122227052618996e-06,1.704412308143922e-09
69300.0,1.5689914025039844,6.856923093185491,-5.287931690681507,304.3455781393162,4.3762586796334055,4.330545851583424,3.360854385818206e-11,-1.1143117255585366e-06,1.6975104491947467e-09
69450.0,1.5628242286373686,6.8471306623875146,-5.284306433750146,304.3999504356116,4.363029690755883,4.317382145630088,3.3421196344499695e-11,-1.1064817266870364e-06,1.6906932492825363e-09
69600.0,1.556633697827147,6.837319894376028,-5.280686196548881,304.4542965674318,4.349810671718369,4.30422853176435,3.323912960290979e-11,-1.0987267629047892e-06,1.6839457251913654e-09
69750.0,1.550417140889822,6.827488138321405,-5.277070997431583,304.5086162553821,4.336601695596944,4.291085100734507,3.306443695542437e-11,-1.091044241618988e-06,1.677264546763658e-09
69900.0,1.5441721469151766,6.8176330014684385,-5.273460854553262,304.56290919812227,4.323402839325916,4.27795194542662,3.289506157092696e-11,-1.0834259143166491e-06,1.6706376197652243e-09
70050.0,1.5378965420469077,6.807752327750801,-5.269855785703894,304.61717507434014,4.310214183321053,4.2648291606302555,3.273183401976062e-11,-1.0758687860601412e-06,1.6640608259072269e-09
70200.0,1.5315883666485366,6.797844175088494,-5.266255808439958,304.67141354456237,4.297035811151548,4.251716842861867,3.257498679891438e-11,-1.0683636997299573e-06,1.6575204345242976e-09
70350.0,1.5252458534495066,6.7879067936343205,-5.262660940184814,304.72562425279625,4.283867809251607,4.238615090221388,3.242268847349589e-11,-1.0608985281379546e-06,1.6509979227133588e-09
70500.0,1.518867406570691,6.777938604658368,-5.2590711980876765,304.779806828003,4.270710266669982,4.2255240022824525,3.2276057428686297e-11,-1.0534711050169676e-06,1.6444900874976233e-09
70650.0,1.5124515821138784,6.767938181221809,-5.255486599107931,304.8339608854123,4.25756327485104,4.212443680002428,3.213428256188032e-11,-1.0460699657599548e-06,1.6379791259771767e-09
70800.0,1.5059970705535726,6.757904230641024,-5.251907160087452,304.8880860276866,4.244426927442931,4.1993742256474,3.199777878642318e-11,-1.038688642651664e-06,1.6314548629025016e-09
70950.0,1.4995026808342722,6.747835578547685,-5.2483328977134125,304.9421818459529,4.231301320130665,4.186315742731515,3.186570265409873e-11,-1.0313248637316974e-06,1.6249136072711383e-09
71100.0,1.492967326297527,6.73773115482708,-5.244763828529553,304.99624792071074,4.2181865504896425,4.173268335964349,3.1738386359115665e-11,-1.023966951230193e-06,1.618336756761555e-09
71250.0,1.486389787387047,6.727589756345109,-5.241199968958062,305.0502838226326,4.205082718324351,4.1602321112039995,4.7429988272887735e-11,-1.3117076314017595e-06,2.0795589833635916e-09
71400.0,1.4797696663995206,6.717411001707672,-5.237641335308151,305.10428911146573,4.191989923880939,4.147207175204622,4.710203270136622e-11,-1.2997398846081865e-06,2.06702132433386e-09
71550.0,1.4731058061844182,6.707193749983035,-5.234087943798617,305.15826334259,4.178908269886761,4.134193636301646,4.677500783369218e-11,-1.2877842090475156e-06,2.054418883080535e-09
71700.0,1.4663974414911323,6.6969372520413435,-5.230539810550211,305.2122060609071,4.165837860368689,4.121191603516255,4.6448045205769915e-11,-1.2758237160070962e-06,2.0417240721160827e-09
71850.0,1.4596438537788448,6.686640805375664,-5.226996951596819,305.2661168039569,4.152778800712586,4.10820118691773,4.6121275221366725e-11,-1.2638526243335946e-06,2.028926790123803e-09
72000.0,1.4528443727615468,6.676303755579811,-5.223459382818264,305.31999510227,4.139731197605883,4.095222497556329,4.579435269088599e-11,-1.2518532699345997e-06,2.0159976742106345e-09
72150.0,1.44599837204548,6.665925492175453,-5.219927120129973,305.3738404797357,4.1266951589776255,4.082255647430961,4.546636864619127e-11,-1.2398241855393621e-06,2.0029331588210073e-09
72300.0,1.4391052651955745,6.655505444480302,-5.216400179284728,305.4276524539362,4.113670793941652,4.069300749460098,4.513738392626956e-11,-1.2277528336213095e-06,1.989711695661961e-09
72450.0,1.432164501678809,6.645043077606969,-5.21287857592816,305.48143053645083,4.100658212744552,4.056357917455872,4.483827283672895e-11,-1.215694958034419e-06,1.9764224749027302e-09
72600.0,1.4251755639087902,6.634537889618853,-5.209362325710063,305.53517423312906,4.087657526718235,4.043427266097427,4.4503801561124145e-11,-1.2035023857492888e-06,1.9628232516754203e-09
72750.0,1.4181379637688751,6.623989407963665,-5.20585144419479,305.588883044341,4.074668848234135,4.030508910906071,4.416910986140759e-11,-1.1912460182728069e-06,1.9490271277530764e-09
72900.0,1.4110512406145794,6.613397187428594,-5.202345946814015,305.64255646520195,4.061692290663274,4.0176029682209675,4.383136813642587e-11,-1.1789173406384634e-06,1.9350183064474114e-09
73050.0,1.4039149588668822,6.602760807838962,-5.19884584897208,305.6961939857799,4.0487279683376824,4.004709555175317,4.349166773873915e-11,-1.1665158030638167e-06,1.92079390891219e-09
73200.0,1.3967287062044171,6.592079872239232,-5.195351166034815,305.74979509128696,4.035775996514424,3.991828789672626,4.314934643990558e-11,-1.154030481842483e-06,1.906333887773064e-09
73350.0,1.389492091953385,6.581354005144116,-5.191861913190731,305.8033592622559,4.022836491342358,3.978960790364961,4.280376280789528e-11,-1.14146541907445e-06,1.8916427443356197e-09
73500.0,1.3822047456519284,6.570582851345045,-5.188378105693117,305.8568859747043,4.009909569829494,3.9661056766284664,4.245609684100057e-11,-1.1288091315009297e-06,1.8766992319794846e-09
73650.0,1.3748663157843053,6.559766074405344,-5.184899758621039,305.9103747002886,3.996995349813732,3.9532635685439543,4.2105900498955826e-11,-1.1160612816141224e-06,1.861500425423534e-09
73800.0,1.3674764687809517,6.54890335581967,-5.181426887038718,305.96382490644885,3.9840939499333126,3.9404345868730464,4.1751871562646235e-11,-1.103220258258375e-06,1.846041236513915e-09
73950.0,1.3600348880542397,6.537994393972683,-5.177959505918444,306.01723605654496,3.971205489599451,3.927618853037757,4.139531183512897e-11,-1.0902814056024113e-06,1.8303114062096055e-09
74100.0,1.3525412731356061,6.527038903294446,-5.1744976301588395,306.07060760998706,3.958330088969918,3.914816489099654,4.10364395130975e-11,-1.0772450940166323e-06,1.8143090138245062e-09
74250.0,1.3449953389555445,6.516036613564478,-5.171041274608934,306.1239390223589,3.9454678689235227,3.902027617739033,4.067326105178484e-11,-1.0641089582819063e-06,1.7980274982735852e-09
74400.0,1.3373968152380211,6.50498726926138,-5.167590454023359,306.17722974553624,3.9326189510352947,3.889252362234443,4.030956035261825e-11,-1.0508664001207535e-06,1.7814530438960263e-09
74550.0,1.329745445849447,6.493890628965367,-5.16414518311592,306.2304792278006,3.9197834575527613,3.8764908464428203,3.9941257515533455e-11,-1.0375257799566384e-06,1.7645971028620662e-09
74700.0,1.3220409883702322,6.482746464850983,-5.160705476480751,306.2836869139489,3.906961511372685,3.86374319477986,3.957095551221123e-11,-1.0240727403854066e-06,1.7474325208212004e-09
74850.0,1.3142830570217985,6.471554405687142,-5.157271348665343,306.3368522453995,3.8941532364631453,3.851009532199888,4.9341033023203834e-11,-1.233801437905413e-06,2.1122288774748027e-09
75000.0,1.3064718058943257,6.460314620056238,-5.153842814161912,306.3899746590127,3.881358756195287,3.838289983968703,4.8914734228001254e-11,-1.2139313465553414e-06,2.0850625134264427e-09
75150.0,1.2986067901866818,6.449026677508805,-5.150419887322124,306.44305359150815,3.868578195525517,3.825584676382331,4.8491793391584536e-11,-1.1939690693907323e-06,2.0575501886312365e-09
75300.0,1.290687835236879,6.437690417769886,-5.147002582533007,306.49608847455556,3.855811679760832,3.8128937358163437,4.8071278960497134e-11,-1.1739033807245391e-06,2.029669285780323e-09
75450.0,1.2827147648862187,6.426305678930297,-5.143590914044078,306.5490787369833,3.843059334727846,3.8002172891767025,4.7653141744523506e-11,-1.1537412385465018e-06,2.0014284420413133e-09
75600.0,1.2746874123250347,6.414872308282273,-5.140184895957239,306.602023804763,3.8303212867670946,3.7875554638219957,4.723699294662914e-11,-1.1334825611442056e-06,1.9728241684931846e-09
75750.0,1.2666056211216006,6.4033901635228005,-5.1367845424012,306.6549231010825,3.817597662717053,3.7749083875393676,4.682235672614398e-11,-1.1131299917366277e-06,1.9438576998436116e-09
75900.0,1.2584692454359736,6.391859112863667,-5.133389867427693,306.7077760464297,3.8048885898961253,3.762276188525823,4.640869864256936e-11,-1.0926816962353314e-06,1.914522454327039e-09
76050.0,1.250278150271285,6.380279035132052,-5.130000884860767,306.7605820586774,3.7921941960831864,3.749658995368023,4.59959034489268e-11,-1.0721424867909946e-06,1.8848234581417617e-09
76200.0,1.2420322107317494,6.368649819400345,-5.126617608668596,306.8133405531699,3.779514609499397,3.737056937026615,4.558342087627534e-11,-1.0515169686087233e-06,1.8547654522723638e-09
76350.0,1.2337313125982003,6.35697136513272,-5.12324005253452,306.8660509428066,3.766849958788311,3.724470142815438,4.517050706660259e-11,-1.0307982618584788e-06,1.8243329273992063e-09
76500.0,1.2253753514997614,6.345243581699705,-5.119868230199944,306.91871263812754,3.7542003729983437,3.7118987423870164,4.4756530501413134e-11,-1.009999389900429e-06,1.7935455215527545e-09
76650.0,1.216964233217575,6.333466388442074,-5.116502155224499,306.9713250473947,3.741565981563693,3.6993428657132967,4.4341987468248174e-11,-9.89117369343262e-07,1.7623946305140134e-09
76800.0,1.2084980370212675,6.321639878176194,-5.113141841154927,307.0238875766759,3.728946913608485,3.6868026430684857,4.0734466743763064e-11,-7.028236934658594e-07,1.2565186360452278e-09
76950.0,1.1999763071728164,6.309763608579534,-5.109787301406717,307.0763996312825,3.7163433004808377,3.6742782051832172,4.017857961200059e-11,-6.860635384242642e-07,1.2307143213159703e-09
77100.0,1.1913992226470773,6.297837771970975,-5.106438549323897,307.12886061133577,3.7037552722075278,3.6617696825984902,3.963358138385104e-11,-6.693846552607852e-07,1.2048756033887298e-09
77250.0,1.1827667071280574,6.285862305295647,-5.10309559816759,307.1812699170271,3.6911829595514,3.6492772064974908,3.910032681899889e-11,-6.527907494557894e-07,1.1790091082979442e-09
77400.0,1.1740787120871712,6.2738371731351705,-5.099758461047999,307.23362694650467,3.678626493595943,3.6368009081999046,3.857634241563206e-11,-6.36270609533085e-07,1.1530945234419375e-09
77550.0,0.7717112756505617,6.257434346234545,-5.485723070583983,307.2859310967989,3.6660839607425655,3.6243677276746946,3.7890802759286244e-11,-6.139460850818068e-07,1.1164430341405348e-09
77700.0,0.11656218714694777,6.235282321349469,-6.118720134202521,307.3381462729368,3.6535593511150903,3.611990798404551,3.7036308900214234e-11,-5.852314393095526e-07,1.0678745173633416e-09
77850.0,-0.32748711800864605,6.211275726604087,-6.538762844612733,307.39022519441096,3.641060381957244,3.599651873404024,3.619938158572739e-11,-5.563789269302788e-07,1.018712258819501e-09
78000.0,-0.5583501809284215,6.187938057437307,-6.746288238365729,307.44215263421296,3.6285897799253823,3.5873368561957717,4.200792142654412e-11,-5.020042896930477e-07,9.223129280513871e-10
78150.0,-0.5745431402820911,6.167198669876701,-6.741741810158792,307.49393409397953,3.6161473165649882,3.575032655689357,4.1161167849378274e-11,-4.614680131354021e-07,8.507544498560508e-10
78300.0,-0.37501085721407446,6.150560461364896,-6.5255713185789705,307.5455909172276,3.6037307426939225,3.5627270034145853,4.0498287031002854e-11,-4.305356844369612e-07,7.964629161225288e-10
78450.0,0.040984839841943455,6.139205294137499,-6.098220454295555,307.5971567860595,3.5913363137667256,3.5504082757350317,4.00269736798329e-11,-4.1061658162533377e-07,7.622354573167483e-10
78600.0,0.6739309970207996,6.134053418017419,-5.460122420996619,307.648675079931,3.5789591721057854,3.5380654799678797,3.975023816912028e-11,-4.0266843992498025e-07,7.500661888207728e-10
78750.0,1.5241212723690216,6.135814727140768,-4.611693454771746,307.70019671746206,3.5665936237951303,3.525688189565456,3.967419403922666e-11,-4.073103934132405e-07,7.613434299435377e-10
78900.0,2.591703335799348,6.14502964505228,-3.553326309252932,307.7517784144571,3.554233349803176,3.5132664826702995,3.981129031975579e-11,-4.2487922069511797e-07,7.969448989960973e-10
79050.0,3.8767186893600747,6.162102414108991,-2.285383724748916,307.8034812730494,3.541871569625303,3.500790883828177,4.018009684566536e-11,-4.5545987337192173e-07,8.57286633951562e-10
79200.0,5.379136354607747,6.18732824990924,-0.8081918953014934,307.85536963983594,3.5295011689169993,3.488252310591432,4.080748010679363e-11,-4.989258791665563e-07,9.423916776312196e-10
79350.0,6.211484981992866,6.211484981992866,0.0,307.90751018452204,3.517110543091998,3.4757006396683487,4.127693698592771e-11,-5.315545550388379e-07,1.0075591853524403e-09
79500.0,6.2267838127662145,6.2267838127662145,0.0,307.95989305206297,3.5046987034601185,3.46318680777886,4.1290544453990904e-11,-5.39422537748635e-07,1.0260939829455696e-09
79650.0,6.235980618046418,6.235980618046418,0.0,308.012443914022,3.492277379850288,3.450704172155877,4.108663794728393e-11,-5.361152446425876e-07,1.0234300550043375e-09
79800.0,6.240395329023326,6.240395329023326,0.0,308.0651114981543,3.479853898152893,3.4382512591194887,4.0749047866329146e-11,-5.259872901675067e-07,1.0076807926652723e-09
79950.0,6.240982623884769,6.240982623884769,0.0,308.117855549412,3.4674334953621235,3.4258269411287956,4.032077797658434e-11,-5.111144201208617e-07,9.826949736829932e-10
80100.0,6.238492559839322,6.238492559839322,0.0,308.17064378083063,3.4550201326014496,3.413430178917493,3.982939947957177e-11,-4.927541965571436e-07,9.507985050651991e-10
80250.0,6.233530129320966,6.233530129320966,0.0,308.223450169258,3.442616879340323,3.4010600086663696,3.929298027553478e-11,-4.717720294422634e-07,9.135918904665041e-10
80400.0,6.226586346145624,6.226586346158271,-1.2646520311547785e-11,308.276253747931,3.430226139480376,3.3887155608472517,3.872761260701382e-11,-4.488103651247493e-07,8.722658446317223e-10
80550.0,6.218059237935376,6.218059237922736,1.2640104630265918e-11,308.3290376574186,3.4178498051070827,3.376396073647167,4.9563448237641333e-11,-4.810645877141313e-07,9.383376784536798e-10
80700.0,6.208270510031664,6.208270510031664,0.0,308.38178837069285,3.4054893692332864,3.364100896730332,3.7161314216060364e-11,-3.654115143802983e-07,7.153382373012022e-10
80850.0,6.197478504433446,6.197478504433446,0.0,308.434495056462,3.393146013626949,3.3518294879995514,3.655007847935632e-11,-3.3967621426711503e-07,6.673771438127878e-10
81000.0,6.185890338664882,6.185890338664882,0.0,308.4871490499842,3.380820676074455,3.3395814050610606,3.594467616814579e-11,-3.1334428118867663e-07,6.178860326353414e-10
81150.0,4.975455642125109,6.161402719728967,-1.185947077603858,308.539743427218,3.368508825191474,3.327432805347916,3.490634083390958e-11,-2.56804769449559e-07,5.082461959211513e-10
81300.0,2.8417666885837822,6.118628366159429,-3.276861677575647,308.5921702034604,3.3562221969349624,3.3154313400714335,3.350689246466498e-11,-1.6336990604770563e-07,3.2451150224181943e-10
81450.0,1.1197082900907356,6.066814226733969,-4.947105936643234,308.64427664692215,3.3439841174054687,3.3035386887288194,4.889427872801849e-11,-7.476343366619176e-08,1.4905061555575256e-10
81600.0,-0.1854830966639618,6.011875341533572,-6.197358438197534,308.69598763389257,3.3318053650132486,3.291726196304149,4.763188946957228e-11,3.516863866792619e-08,7.03695340614759e-11
81750.0,-1.0700531736974916,5.958328345898336,-7.028381519595827,308.7472775494036,3.3196894427067165,3.2799672546275547,4.681012245141092e-11,1.3402406029427993e-07,2.6914979570097597e-10
81900.0,-1.5312800414333525,5.909718070857706,-7.440998112291059,308.79815856259006,3.3076348754238896,3.2682367563971266,4.634068167934606e-11,2.168432660099029e-07,4.370560318312308e-10
82050.0,-1.5672286641192947,5.868839047261082,-7.436067711380376,308.84867249816267,3.295636541672994,3.256510949892449,4.608740554919889e-11,2.8017935171931185e-07,5.667683074806582e-10
82200.0,-1.1765761691467294,5.837885568571384,-7.014461737718113,308.8988845628395,3.2836865776984103,3.2447673427188026,4.591529772796497e-11,3.216302291164652e-07,6.529860498884785e-10
82350.0,-0.3584717448692576,5.818566735085618,-6.177038479954875,308.94887831964263,3.2717750430716763,3.2329846004347718,4.572147464330369e-11,3.3954993305940206e-07,6.918770974763568e-10
82500.0,0.8875811804976976,5.8121989381456824,-4.924617757647985,308.99875161284757,3.259890430373274,3.221142439671411,4.54521071343087e-11,3.3286622080908046e-07,6.807308975943416e-10
82650.0,2.561826531153943,5.819781943178732,-3.2579554120247893,309.04861325276084,3.2480200602172795,3.2092215159357336,4.5117109104905734e-11,3.0094684078108003e-07,6.177031652137187e-10
82800.0,4.664342744216238,5.842060448979973,-1.1777177047637353,309.0985803222716,3.2361503929605195,3.197203324924034,4.4793003183070065e-11,2.4350713045961925e-07,5.016395014465571e-10
82950.0,5.866452263395876,5.866452263395876,0.0,309.14877598578977,3.2242619410145954,3.185152260558664,4.458279376192392e-11,1.9500616055267983e-07,4.0320578604792517e-10
83100.0,5.881576755740149,5.881576755740149,0.0,309.1992169811839,3.2123501781971586,3.1731396676791093,4.438605353392812e-11,1.780327449907304e-07,3.694755866469624e-10
83250.0,5.8905425706959464,5.8905425707036905,-7.744320563111663e-12,309.2498240155424,3.200428737509821,3.1611584548689953,4.415539840141675e-11,1.7457985841833386e-07,3.636593151249071e-10
83400.0,5.894696788454204,5.894696788446464,7.739179878528243e-12,309.30054432467807,3.1885057652162687,3.1492077878202958,4.390432348761094e-11,1.7905052059505498e-07,3.7436662348935813e-10
83550.0,5.894981679162242,5.894981679162242,0.0,309.35133661003687,3.1765869838255734,3.1372871072238233,4.364223691776775e-11,1.8889973407709704e-07,3.9644170517797796e-10
83700.0,5.8921333485699545,5.8921333485699545,0.0,309.4021675903722,3.1646767021245066,3.1253958144848717,4.3378557695523694e-11,2.0262472144594312e-07,4.268465955462209e-10
83850.0,5.886748380268182,5.886748380268182,0.0,309.45301025038685,3.152778264223458,3.1135332764831336,4.312289841497687e-11,2.19219543851068e-07,4.635478626130884e-10
84000.0,5.879314940545769,5.879314940533066,1.270360501650685e-11,309.5038426569238,3.140894300392123,3.1016988690415226,4.288084471832142e-11,2.3794299953676242e-07,5.050429947229925e-10
84150.0,5.870232346244514,5.870232346264925,-2.0410868680504007e-11,309.5546470389433,3.129026892050257,3.0898920114633976,4.265739203323109e-11,2.5823604285614893e-07,5.501945743626872e-10
84300.0,5.85982601288232,5.859826012874612,7.708637896250659e-12,309.60540903295856,3.117177691587559,3.0781121866994896,4.245686457211113e-11,2.796641894467473e-07,5.981141000324048e-10
84450.0,5.848359772110945,5.848359772110945,0.0,309.65611705478364,3.1053480144200742,3.066358951285281,4.228080447281091e-11,3.01891945220234e-07,6.4811188916317e-10
84600.0,5.836046866814979,5.836046866814979,0.0,309.70676177542697,3.093538909312621,3.0546319323649125,4.213203479009571e-11,3.2465872035203347e-07,6.996490208990068e-10
84750.0,4.642476374999644,5.811847009897365,-1.1693706348977204,309.75733569258415,3.08174690311392,3.0430012588848254,4.219669773651285e-11,3.7553318277261383e-07,8.123816233214137e-10
84900.0,2.539672901617075,5.770799372614926,-3.2311264709978507,309.8077374201083,3.069983722524041,3.031511729774982,4.269205128464464e-11,4.602560270683398e-07,9.994754992597207e-10
85050.0,0.843166439387061,5.72132698186465,-4.878160542477589,309.8578236221994,3.058271284923148,3.0201291087268833,4.355643664151921e-11,5.524249289123873e-07,1.2042204619229722e-09
85200.0,-0.44224542287354396,5.668871451357102,-6.111116874230646,309.90752298199794,3.046619648302618,3.008827176234548,4.467572819131097e-11,6.411465998112931e-07,1.4029682595233027e-09
85350.0,-1.313125302241195,5.61759648846289,-6.9307217907040854,309.95681057854694,3.035031991787071,2.997581353332696,4.5886658785157e-11,7.20306587709274e-07,1.5822053708350908e-09
85500.0,-1.766984975343079,5.570776037876326,-7.337761013219405,310.0056969663463,3.0235067730735072,2.9863682713940474,4.7023209426360295e-11,7.859573454283009e-07,1.7329928554657432e-09
85650.0,-1.8020604573304118,5.530995499142564,-7.333055956472975,310.0542205901478,3.0120389819162408,2.975165684158145,4.793636683914959e-11,8.354281799682894e-07,1.8490866928439621e-09
85800.0,-1.4171512639707808,5.50028820031949,-6.917439464290271,310.10244191748444,3.00062099401379,2.963952411791049,4.851021468995827e-11,8.669083655377108e-07,1.9260643430525096e-09
85950.0,-0.6114909083284443,5.480240249091848,-6.091731157420292,310.15043872801436,2.989243201647711,2.9527082725149407,4.866164391358862e-11,8.791762962090388e-07,1.960755586842014e-09
86100.0,0.615362601970924,5.472075124105023,-4.856712522134099,310.1983022859885,2.9778944976687134,2.9414140026509314,4.8342365928400015e-11,8.71437731753133e-07,1.9509035269390287e-09
86250.0,2.2636211194931235,5.476722958586993,-3.21310183909387,310.24613422110065,2.9665626534156226,2.930051172645302,4.752624671073686e-11,8.430388662716837e-07,1.894535786057602e-09
86400.0,4.333348348633574,5.494877374446785,-1.1615290258132105,310.29404398624575,2.9552346160133736,2.9186021054777203,4.6267536585118696e-11,7.940987889476503e-07,1.791394800815947e-09
86550.0,5.515070231939968,5.515070231939968,0.0,310.3421467883809,2.94389243276249,2.907125302896262,4.521866470993197e-11,7.520058034060639e-07,1.702973915389512e-09
86700.0,5.526870309157283,5.526870309157283,0.0,310.39045905298883,2.9325324069638357,2.895686609803522,4.473957907363523e-11,7.351102162544976e-07,1.6711613359812464e-09
86850.0,5.533051220087042,5.53305122007246,1.4582416636981425e-11,310.4389075877119,2.921167330733355,2.884280327460739,4.4483862781820714e-11,7.291800493711404e-07,1.6641293629422243e-09
87000.0,5.53483365612069,5.534833656135266,-1.4575785275587864e-11,310.4874433145777,2.909804848086646,2.87290596191021,4.4356674885562085e-11,7.296698497641109e-07,1.6717497973421559e-09
87150.0,5.533072243731442,5.533072243731442,0.0,310.53602774227636,2.8984503430861954,2.8615631996912887,4.4319707361139237e-11,7.344954324750574e-07,1.6893980013080269e-09
87300.0,5.528436053126043,5.528436053126043,0.0,310.5846297888558,2.887107880378585,2.8502516449738797,4.435108389335932e-11,7.424202506101096e-07,1.7143343936118208e-09
87450.0,5.521468621363358,5.521468621363358,0.0,310.6332241755378,2.875780622109665,2.8389708363179356,4.443903298368658e-11,7.52603957820952e-07,1.7446948770124285e-09
87600.0,5.512615749281465,5.512615749281465,0.0,310.68179034139985,2.8644710606917245,2.8277202941260815,4.457127395818969e-11,7.64435011291198e-07,1.7791184831789945e-09
87750.0,5.502242921766599,5.502242921752056,1.4542937838066012e-11,310.7303115982751,2.8531811721247613,2.8164995578294505,4.4740469552354156e-11,7.774554352370115e-07,1.8165815355684572e-09
87900.0,5.490648634026736,5.490648634041273,-1.45364238118877e-11,310.77877443574585,2.841912527602813,2.8053082086512373,4.4941254551778966e-11,7.913048878888912e-07,1.8562731498668285e-09
88050.0,5.478075516933648,5.478075516933648,0.0,310.8271679408874,2.8306663790438185,2.794145880968983,4.516728635029536e-11,8.057083258350417e-07,1.897570437359241e-09
88200.0,5.464719854709154,5.464719854709154,0.0,310.8754833138819,2.819443726196048,2.7830122659676855,4.5415771394551146e-11,8.204547921053518e-07,1.9399921208625488e-09
88350.0,4.286898538682496,5.4405279575821766,-1.1536294188996807,310.92371346822,2.808241922445075,2.771971741775784,4.627188559087639e-11,8.571885103947352e-07,2.0349351042814237e-09
88500.0,2.2132335359223076,5.4009370902841916,-3.187703554361884,310.9717643032003,2.7970724702711056,2.761066229138495,4.792825800971519e-11,9.203925790401968e-07,2.1937045221927767e-09
88650.0,0.5408724271343424,5.353585112339903,-4.812712685205561,311.0195024605973,2.7859557841870206,2.7502652233670353,4.9862913884836275e-11,9.893421024642635e-07,2.3674510750905945e-09
88800.0,-0.7258156992918261,5.303449234759818,-6.029264934051644,311.0668610682748,2.7749011464699813,2.73954482450786,4.074403189600756e-11,9.40441648999979e-07,2.2593997632344185e-09
88950.0,-1.5837045557220026,5.254344848487797,-6.8380494042098,311.11381645327583,2.7639113790851306,2.7288824200219612,4.2415489640686e-11,9.890123893185887e-07,2.3855381104777126e-09
89100.0,-2.0305364742033305,5.209277038774186,-7.239813512977516,311.16037802925615,2.752984859420423,2.718256352683491,4.382025031273853e-11,1.0282344096168572e-06,2.48998683761578e-09
89250.0,-2.0647167247068907,5.1706228668434555,-7.235339591550346,311.20658126077427,2.742116690895441,2.7076458788273854,4.487243844231761e-11,1.0566351020813158e-06,2.5689038096971492e-09
89400.0,-1.6851662440940363,5.140254727698396,-6.825420971792433,311.2524822128392,2.731299503835113,2.69703114613902,4.5512180411908226e-11,1.0732844231142735e-06,2.6197161744369602e-09
89550.0,-0.8912023618775766,5.119635353905635,-6.010837715783212,311.29815316560166,2.7205240486839175,2.6863931535084697,4.569702071744215e-11,1.0775884708991157e-06,2.6406394543002617e-09
89700.0,0.31756250076076853,5.109894607978347,-4.792332107217579,311.3436790440998,2.7097796526730797,2.675713695747576,4.539945317841341e-11,1.0691527867479067e-06,2.6303560283785042e-09
89850.0,1.941308512514527,5.111892507112941,-3.170583994598414,311.38915450297293,2.6990545774992785,2.6649753011031745,4.460847021907273e-11,1.047697344880305e-06,2.5878131639487266e-09
90000.0,3.9800849710520243,5.126271025759856,-1.1461860547078313,311.4346815456362,2.688336301594929,2.6541611681763713,4.332529855741393e-11,1.0129761820465433e-06,2.512027436065365e-09
90150.0,5.142609045644848,5.142609045644848,0.0,311.4803675828099,2.677608345031329,2.6433242912761363,4.221732282375771e-11,9.823659397056872e-07,2.4458790908899542e-09
90300.0,5.151379117272397,5.151379117272397,0.0,311.5262286788719,2.6668677312654423,2.6325252102682146,4.1705446463906816e-11,9.676882450904145e-07,2.41903821912018e-09
90450.0,5.155050451497591,5.155050451497591,0.0,311.57219761430974,2.6561263834343793,2.621759386824657,4.144627565658721e-11,9.600392605335628e-07,2.409622439958923e-09
90600.0,5.15472471806999,5.154724718082869,-1.2878199674143888e-11,311.61822902563927,2.645391423208011,2.611026598130853,4.133559455278915e-11,9.56509203010659e-07,2.4105045340844628e-09
90750.0,5.1511734636389646,5.151173463626092,1.287255575894839e-11,311.6642872780902,2.634667877036174,2.6003267269836146,4.1323598855444904e-11,9.557421421308289e-07,2.4183747547109558e-09
90900.0,5.1450017534739665,5.1450017534739665,0.0,311.7103435480572,2.6239595475520754,2.5896595422418223,4.1382344856995316e-11,9.56935997997732e-07,2.431277313682852e-09
91050.0,5.1367021976744915,5.1367021976744915,0.0,311.75637435568797,2.6132693983942406,2.5790247234733137,4.14935862369971e-11,9.595354617530916e-07,2.447854431802787e-09
91200.0,5.126679752693035,5.126679752693035,0.0,311.8023605748582,2.602599768808878,2.5684219102119052,4.164352740367511e-11,9.631471220572507e-07,2.467141083568785e-09
91350.0,5.115267174954688,5.115267174954688,0.0,311.848286661415,2.5919525151661866,2.5578507404495854,4.1823616943390045e-11,9.674645005119942e-07,2.488380207201864e-09
91500.0,5.1027368412027,5.1027368411902945,1.2404839873680342e-11,311.89414001701283,2.581329114215057,2.5473108750888374,4.2024432141005233e-11,9.722573221110958e-07,2.5109992542394693e-09
91650.0,5.089310645148619,5.089310645161019,-1.2399946232411193e-11,311.93991045659715,2.5707307424291526,2.536802011310385,4.223873487572164e-11,9.773458629943013e-07,2.5345474650806384e-09
91800.0,5.075168497399136,5.075168497399136,0.0,311.98558976273387,2.5601583384341446,2.5263238883333137,4.258989475919954e-11,9.822744901910596e-07,2.5578482795243637e-09
91950.0,5.0604556179724165,5.0604556179724165,0.0,312.0311713146183,2.5496126525511618,2.515876288348484,4.281633402683944e-11,9.875707824846813e-07,2.5822766489555725e-09
92100.0,5.04528875001946,5.04528875001946,0.0,312.07664978124427,2.5390942863043606,2.5054590345898617,4.3046528092808665e-11,9.92844627845102e-07,2.6068209523908165e-09
92250.0,5.029761392322828,5.029761392322828,0.0,312.12202086930506,2.5286037238223686,2.495071987860447,4.3277953356966135e-11,9.980345874183172e-07,2.631319353617119e-09
92400.0,5.0139481708924025,5.0139481709052145,-1.281156580145052e-11,312.1672811172412,2.5181413568213844,2.484715042369333,4.350704410843855e-11,1.0030974944370485e-06,2.6556557722484778e-09
92550.0,4.997908460687208,4.997908460674402,1.2806111765732791e-11,312.2124277278806,2.507707504419033,2.4743881214011934,4.373345134715087e-11,1.0079984372523718e-06,2.679734207374921e-09
92700.0,4.9816893646833655,4.9816893646833655,0.0,312.257458433086,2.4973024288126497,2.4640911731328154,4.3955197000997595e-11,1.012708221281855e-06,2.703472380431313e-09
92850.0,4.965328150227135,4.965328150227135,0.0,312.30237138475667,2.4869263476533994,2.453824166766667,4.41733331992073e-11,1.0172173015021713e-06,2.7268393706472026e-09
93000.0,4.948854230176807,4.948854230176807,0.0,312.34716506739966,2.476579443786691,2.4435870890622056,4.4384698764220656e-11,1.0215039862870867e-06,2.749771097524217e-09
93150.0,4.9322907669711435,4.9322907669711435,0.0,312.39183822826067,2.466261872898289,2.433379941288915,4.459005465079244e-11,1.02556507286522e-06,2.7722524363292143e-09
93300.0,4.91565596555449,4.915655965542143,1.2346975587685512e-11,312.43638982168244,2.455973769499245,2.4232027365915765,4.4789169008933234e-11,1.0293918717797155e-06,2.7942531649801264e-09
93450.0,4.898964111442741,4.898964111455083,-1.2342235963189832e-11,312.4808189649408,2.445715251596976,2.4130554977404777,4.498015478780989e-11,1.0329803333795705e-06,2.815755248435855e-09
93600.0,4.88222640170066,4.88222640170066,0.0,312.52512490330616,2.435486424328341,2.4029382552258873,4.5164996255307045e-11,1.0363326170548248e-06,2.83675739050944e-09
93750.0,4.8654516068766736,4.8654516068766736,0.0,312.5693069824921,2.4252873827778085,2.392851045661616,4.534198521960162e-11,1.039447809603189e-06,2.85724987200666e-09
93900.0,4.8486465977636195,4.8486465977636195,0.0,312.6133646269972,2.415118214153853,2.3827939104509155,4.5510502882869415e-11,1.0423229968026249e-06,2.877217329553665e-09
94050.0,4.83181676247046,4.83181676247046,0.0,312.6572973231389,2.40497899946416,2.3727668946807965,4.567194210587762e-11,1.0449659093580976e-06,2.8966736912350603e-09
94200.0,4.814966335957523,4.81496633597027,-1.274706285279842e-11,312.70110460580406,2.394869814799227,2.362770046208584,4.582454074915259e-11,1.0473737858490737e-06,2.915603955802443e-09
94350.0,4.798098659694068,4.798098659681326,1.2741780180911476e-11,312.7447860481416,2.3847907323110955,2.3528034149102446,4.5969463447139134e-11,1.049553687542898e-06,2.9340203686713084e-09
94500.0,4.78121638527643,4.78121638527643,0.0,312.7883412535719,2.374741820955759,2.342867052063941,4.6107092531259816e-11,1.051503737414805e-06,2.9519103315733856e-09
94650.0,4.764321634268499,4.764321634268499,0.0,312.83176984961807,2.3647231470524526,2.33296100984553,4.62354950162066e-11,1.0532300818155704e-06,2.969283692901883e-09
94800.0,4.747416122535636,4.747416122535636,0.0,312.8750714831644,2.3547347747021976,2.3230853409168644,4.635715771946066e-11,1.0547356490420157e-06,2.9861413986646193e-09
94950.0,4.730501257196231,4.730501257196231,0.0,312.9182458168294,2.3447767660980117,2.3132400980902115,4.646866931737083e-11,1.0560262015957278e-06,3.00249250977548e-09
95100.0,4.713578211735183,4.713578211722893,1.2290924119169284e-11,312.96129252620756,2.334849181752522,2.303425334055051,4.6573700207896974e-11,1.0571022294400471e-06,3.0183312272775105e-09
95250.0,4.696647983881442,4.696647983893728,-1.2286334267695473e-11,313.0042112977832,2.32495208066286,2.293641101156689,4.666864599449255e-11,1.0579680431122961e-06,3.033662648825181e-09
95400.0,4.6797114405652405,4.6797114405652405,0.0,313.0470018273657,2.3150855204272425,2.2838874512143175,4.6757330350348424e-11,1.0586264895806607e-06,3.0484877851230717e-09
95550.0,3.5286536672815316,4.654383878041866,-1.1257302107603346,313.0896638212926,2.305247544372414,2.2742183256428783,4.72801748437204e-11,1.068611531040986e-06,3.0903739127704175e-09
95700.0,1.5059791371016393,4.61674688638833,-3.1107677492866905,313.13212208678743,2.2954484028522097,2.2646700975424396,4.8344014589227254e-11,1.0899228142235984e-06,3.165460868471463e-09
95850.0,-0.12385660913510321,4.5729352765558495,-4.696791885690953,313.17426664031166,2.2857051244217748,2.2552188966681848,4.9537237866329596e-11,1.1135173494380979e-06,3.2477719531437504e-09
96000.0,-1.3573414235767123,4.526995707183365,-5.884337130760077,313.21604262951126,2.276025181166611,2.245845215592773,4.042440423561263e-11,8.711077050804761e-07,2.5515467704798614e-09
96150.0,-2.191977780127413,4.482039025405047,-6.67401680553246,313.25743145304904,2.2664105113954105,2.2365302571020824,4.116714758837101e-11,8.8140583542895e-07,2.5926631002261973e-09
96300.0,-2.6259775094111344,4.440523251470557,-7.066500760881691,313.29844234418084,2.2568592335421696,2.2272557511231517,4.173951781212962e-11,8.886178735068029e-07,2.624939592450362e-09
96450.0,-2.658092695599927,4.40439980704298,-7.062492502642907,313.33910651447843,2.2473666391947424,2.2180039797633273,4.2109521462075936e-11,8.923307088792853e-07,2.6470408916722726e-09
96600.0,-2.2874945671611577,4.375211332159109,-6.662705899320267,313.37947261218017,2.237925875261528,2.2087578056624264,4.225598949665009e-11,8.922938912192535e-07,2.658097842836963e-09
96750.0,-1.5136744480848927,4.3541671500379335,-5.867841598122826,313.4196030533762,2.228528452080182,2.199500677002322,4.216355211854097e-11,8.883589623920329e-07,2.6575353243012876e-09
96900.0,-0.3363588045884498,4.342204440563142,-4.678563245151592,313.459571022046,2.219164637036573,2.1902166133023053,4.1823357252788124e-11,8.804229967296351e-07,2.644908154584793e-09
97050.0,1.2445650691717445,4.340038652745891,-3.0954735835741465,313.499458008935,2.2098237649099426,2.1808901796810236,4.123043442797802e-11,8.684080441412334e-07,2.6198410266338557e-09
97200.0,3.2291146419139034,4.348205126966146,-1.1190904850522427,313.5393517918044,2.2004944844825767,2.171506455984394,4.0382856127195176e-11,8.522387719978042e-07,2.5819613970332953e-09
97350.0,4.358174990440315,4.358174990440315,0.0,313.57934478035247,2.191163051043526,2.162108558429772,4.958076250681164e-11,1.0983772593675667e-06,3.3418394212895973e-09
97500.0,4.362080207682033,4.362080207682033,0.0,313.61945226410614,2.1818276241025285,2.152747096610459,4.89374612713185e-11,1.0838715969185841e-06,3.3118155468840736e-09
97650.0,4.361862238400649,4.361862238400649,0.0,313.6596186018173,2.1724983517387777,2.1434192773028506,4.8475395399409595e-11,1.0730115906909532e-06,3.2927116372176123e-09
97800.0,4.358405681550941,4.358405681550941,0.0,313.6998058928511,2.163181278038918,2.1341252472573253,4.8119307370490324e-11,1.0643120544884255e-06,3.2800827968620434e-09
97950.0,4.3523288839440415,4.3523288839440415,0.0,313.73998430367686,2.153880679152015,2.1248651603062014,4.783407289107142e-11,1.0570719926050742e-06,3.271837054660628e-09
98100.0,4.34411768879219,4.34411768879219,0.0,313.78012963800086,2.144599800111792,2.115639022525625,4.7598621224785376e-11,1.050867190599547e-06,3.2667079752121846e-09
98250.0,4.334169165739506,4.334169165739506,0.0,313.82022213051386,2.135341176647536,2.1064467225120467,4.740097833168335e-11,1.045416094136442e-06,3.2638534318521552e-09
98400.0,4.322811265526168,4.322811265526168,0.0,313.86024563970943,2.126106813598783,2.097288078765337,4.722807916967376e-11,1.0405092858434273e-06,3.2626434983988266e-09
98550.0,4.310314824926203,4.310314824926203,0.0,313.90018701939744,2.1168983025819195,2.088162877322343,4.707421389237103e-11,1.0359897100187254e-06,3.2626026759848246e-09
98700.0,4.296902681239811,4.296902681239811,0.0,313.9400355990411,2.107716908199241,2.079070897202568,4.693308271764756e-11,1.0317388490221902e-06,3.263369462342934e-09
98850.0,4.28275731962321,4.28275731962321,0.0,313.9797827466509,2.09856363467665,2.0700119260635903,4.680036694621412e-11,1.0276642763429322e-06,3.2646592471212704e-09
99000.0,4.268027479980185,4.268027479980185,0.0,314.0194215009889,2.089439278620851,2.0609857689123317,4.6672646724964626e-11,1.023702300706475e-06,3.266274389756142e-09
99150.0,4.252833868263803,4.252833868263803,0.0,314.05894626372515,2.080344471178042,2.0519922521882377,4.6547189929876756e-11,1.019793136158853e-06,3.268026522490198e-09
99300.0,4.237274052070536,4.237274052070536,0.0,314.0983525434798,2.071279711810979,2.0430312249031948,4.642120714063591e-11,1.0159028809297865e-06,3.2698074693850454e-09
99450.0,4.22142661437972,4.22142661437972,0.0,314.1376367443944,2.0622453953517876,2.0341025580025445,4.6294921698380836e-11,1.0119932447594238e-06,3.2714931244051202e-09
99600.0,4.20535464419033,4.20535464419033,0.0,314.17679599252347,2.053241833634265,2.0252061427266574,4.616592472594073e-11,1.0080491898989408e-06,3.2730328315805534e-09
99750.0,4.189108645143041,4.189108645143041,0.0,314.2158279940404,2.0442692727552814,2.0163418884813407,4.603361441605834e-11,1.004051935815653e-06,3.2743629527251866e-09
99900.0,4.172728941615747,4.172728941615747,0.0,314.25473091997884,2.035327906816416,2.0075097205389003,4.589774111666575e-11,9.999884174050067e-07,3.275437548436282e-09
100050.0,4.156247656577884,4.156247656577884,0.0,314.29350331294336,2.0264178888374715,1.9987095777659427,4.575701984723915e-11,9.958485609473655e-07,3.2762197979432903e-09
100200.0,4.1396903285582045,4.1396903285582045,0.0,314.3321440118954,2.017539339403111,1.989941410490255,4.561226624809034e-11,9.916297951662045e-07,3.276697099281273e-09
100350.0,4.123077227187987,4.123077227187987,0.0,314.3706520917271,2.0086923534970866,1.981205178564674,4.5462295954999615e-11,9.873260973236597e-07,3.2768452424774355e-09
100500.0,4.106424418926569,4.106424418926569,0.0,314.40902681487745,1.999877005890798,1.972500849650866,4.5307229268614276e-11,9.829367764169206e-07,3.276657426170381e-09
100650.0,4.089744627047145,4.089744627047145,0.0,314.44726759270964,1.9910933553818775,1.9638283977246132,4.5147438911570427e-11,9.784574954707637e-07,3.276114579044445e-09
100800.0,4.073047923149409,4.073047923149409,0.0,314.48537395477365,1.9823414481198764,1.955187801791498,4.498189767698228e-11,9.73892656297437e-07,3.2752267349337884e-09
100950.0,4.056342281346943,4.056342281346943,0.0,314.52334552441044,1.9736213202092798,1.946579044795217,4.481229281027387e-11,9.692375080305737e-07,3.2739732392966425e-09
101100.0,4.039634021075472,4.039634021075472,0.0,314.5611819994458,1.9649329997415597,1.9380021126977165,4.4635714276347525e-11,9.644989971135942e-07,3.272372806063281e-09
101250.0,4.022928159828311,4.022928159828311,0.0,314.59888313695114,1.9562765083774714,1.9294569937097683,4.4456519085527375e-11,9.596728531846566e-07,3.2704063018869306e-09
101400.0,4.006228693389074,4.006228693389074,0.0,314.63644874124765,1.9476518625754882,1.9209436776513344,4.427098536455146e-11,9.547660155817539e-07,3.2680926673045622e-09
101550.0,3.9895388178360203,3.9895388178360203,0.0,314.67387865448836,1.9390590745431142,1.912462155422709,4.408001817356199e-11,9.497752428977435e-07,3.265416219536037e-09
101700.0,3.9728611049758578,3.9728611049758578,0.0,314.71117274928446,1.9304981529710608,1.9040124185692535,4.388547474859011e-11,9.447047721877766e-07,3.2623868636664727e-09
101850.0,3.9561976405881856,3.9561976405881856,0.0,314.74833092294716,1.9219691035982622,1.8955944589247309,4.368523866748776e-11,9.395584839033688e-07,3.25901348481392e-09
102000.0,3.939550133085529,3.939550133085529,0.0,314.78535309300463,1.9134719296451423,1.8872082683201377,4.348121044782205e-11,9.34334826396821e-07,3.2552862397101568e-09
102150.0,3.92291999870922,3.92291999870922,0.0,314.82223919372103,1.9050066321446752,1.8788538383468738,4.327249754175889e-11,9.290390035054941e-07,3.2512187895800053e-09
102300.0,3.906308428114041,3.906308428114041,0.0,314.8589891734017,1.8965732101944137,1.8705311601648038,4.305823455078296e-11,9.236725548866787e-07,3.2468121976407293e-09
102450.0,3.889716438297294,3.889716438297294,0.0,314.8956029923145,1.8881716611476238,1.8622402243472191,4.284077859901012e-11,9.182365947602023e-07,3.242066081365015e-09
102600.0,3.873144912951677,3.873144912951677,0.0,314.93208062108954,1.8798019807574973,1.8539810207560632,4.261949202312945e-11,9.127365649952424e-07,3.236995436535076e-09
102750.0,3.856594633735378,3.856594633735378,0.0,314.9684220394934,1.8714641632856899,1.8457535384419232,4.239359322164495e-11,9.071703837015832e-07,3.2315887617065326e-09
102900.0,3.8400663044337295,3.8400663044337295,0.0,315.0046272354926,1.8631582015834307,1.8375577655641724,4.216387822050747e-11,9.015449813354337e-07,3.225866633580349e-09
103050.0,3.823560569533293,3.823560569533293,0.0,315.0406962045393,1.8548840871520833,1.8293936893275733,4.192980095694373e-11,8.958567909722603e-07,3.2198123040946956e-09
103200.0,3.807078029286547,3.807078029286547,0.0,315.07662894903183,1.8466418101863848,1.8212612959322114,4.168198070835142e-11,8.911605333672412e-07,3.2172293455484103e-09
103350.0,3.7906192471651243,3.7906192471651243,0.0,315.1124254779122,1.8384313596135589,1.8131605705347655,4.144014486210891e-11,8.853461261892903e-07,3.210512852200953e-09
103500.0,3.774184763599937,3.774184763599937,0.0,315.14808580633337,1.8302527231104764,1.8050914972163394,4.1195953719862737e-11,8.794793959765457e-07,3.203489823641727e-09
103650.0,3.7577750982290623,3.7577750982290623,0.0,315.1836099554558,1.8221058871258191,1.7970540589613568,4.094839676128507e-11,8.735597210041135e-07,3.196154249052497e-09
103800.0,3.7413907557260284,3.7413907557260284,0.0,315.21899795226204,1.8139908368931457,1.7890482376389287,4.0696802825987315e-11,8.675934881630099e-07,3.1885258018500708e-09
103950.0,3.7250322942182974,3.7250322942182974,0.0,315.25424982942724,1.8059075559127538,1.7810740139901242,4.9998493352562133e-11,1.0058238659738095e-06,3.7130873160538175e-09
104100.0,3.7087000367103333,3.7087000367103333,0.0,315.28936562583203,1.7978560279508402,1.7731313676973677,4.968604342128621e-11,9.9868945380166e-07,3.703260766436142e-09
104250.0,3.6923945765934993,3.6923945765934993,0.0,315.3243453843614,1.7898362343206893,1.7652202770866903,4.9368674064389125e-11,9.914936480726055e-07,3.6930516474464495e-09
104400.0,3.6761163701977893,3.6761163701977893,0.0,315.3591891544562,1.7818481554241385,1.7573407195177893,4.904815181959686e-11,9.842453949637786e-07,3.6824888509443758e-09
104550.0,2.557540211540706,3.6533882043102914,-1.095847992769585,315.39389699281776,1.7738910336000506,1.7495351187860184,4.899519908494778e-11,9.822054598540575e-07,3.6913408292830904e-09
104700.0,0.5927412544505657,3.6211320585088185,-3.028390804058253,315.42840905155305,1.7659738923708348,1.7418330185593962,4.9285943287266795e-11,9.867930299556349e-07,3.725208072511412e-09
104850.0,-0.9886675836685637,3.5840463212938314,-4.572713904962395,315.4626371973344,1.7581103101490039,1.734216674628421,4.967338063285807e-11,9.932064166662258e-07,3.766189227652612e-09
105000.0,-2.1839880679471135,3.545274221225196,-5.7292622891723095,315.4965370256475,1.7503060764786844,1.7266709206816193,4.038419821987055e-11,8.516654315116057e-07,3.243872383071082e-09
105150.0,-2.9913193409897234,3.5072381849229286,-6.498557525912652,315.5300932905058,1.742562470399628,1.7191808881927189,4.0583562117914976e-11,8.538865454710276e-07,3.2667850171829717e-09
105300.0,-3.4093172294586847,3.471858708671421,-6.881175938130106,315.563313184319,1.734877641106108,1.7117319220757117,4.067641653046671e-11,8.541119758120885e-07,3.282121864869315e-09
105450.0,-3.4370599782234015,3.4406663421195702,-6.877726320342972,315.59622167090714,1.727247407255686,1.7043096373213185,4.063892842620694e-11,8.51964433223884e-07,3.288331980873222e-09
105600.0,-3.07395110280737,3.4148762286253582,-6.488827331432728,315.62885786275444,1.7196658087735899,1.6968999728973624,4.0455981389912786e-11,8.471912344987231e-07,3.2843250906713967e-09
105750.0,-2.319639252426673,3.395445406560806,-5.715084658987479,315.6612720881627,1.7121255201677679,1.6894892240514428,4.981094120279515e-11,9.89112038496387e-07,3.851400016510728e-09
105900.0,-1.1739491476852804,3.3831188816133126,-4.557068029298593,315.69352348501343,1.7046181756889716,1.6820640563193763,4.918998772201058e-11,9.761740198399593e-07,3.817762177915728e-09
106050.0,0.36318034728983495,3.378468466790122,-3.015288119500287,315.725678015026,1.6971346234730043,1.6746115067557643,4.8353191482377496e-11,9.592041303463361e-07,3.767935739371607e-09
106200.0,2.2917506740312636,3.3819240899363403,-1.0901734159050767,315.7578068305367,1.689665132935606,1.667118978590521,4.7302438747546416e-11,9.381735734947938e-07,3.7016154077221252e-09
106350.0,3.386921697145085,3.386921697145085,0.0,315.78998492526426,1.6821989638847388,1.6596194920237752,4.629653146238044e-11,9.180005537956504e-07,3.638097409023451e-09
106500.0,3.3873537991271814,3.3873537991271814,0.0,315.82222588429215,1.6747352698929154,1.6521529172475036,4.552612462987931e-11,9.023154019516255e-07,3.5918727700739657e-09
106650.0,3.3846638955702524,3.3846638955702524,0.0,315.8544863395556,1.6672821398212037,1.6447177197770007,4.4875296787244575e-11,8.88939801768629e-07,3.5544466071949373e-09
106800.0,3.3795242369518568,3.3795242369518568,0.0,315.88673657786677,1.659844355862755,1.637314200129782,4.429907930103048e-11,8.770059216622883e-07,3.5224424047737e-09
106950.0,3.372401743545248,3.372401743545248,0.0,315.91895323522033,1.6524252991868964,1.6299426266704637,4.377380949706784e-11,8.660803496596259e-07,3.494178526903436e-09
107100.0,3.3636624723736985,3.3636624723736985,0.0,315.95111735628524,1.6450275384541013,1.622603127677612,4.3285798254399834e-11,8.559003084052108e-07,3.4686361915843056e-09
107250.0,3.353605971675658,3.353605971675658,0.0,315.9832134431924,1.6376530825040216,1.6152957150013718,4.2825951675496146e-11,8.462781839746469e-07,3.4450852992652216e-09
107400.0,3.342480473941361,3.342480473941361,0.0,316.01522882902873,1.6303035187715278,1.6080203211924549,4.238769107558773e-11,8.37080420978964e-07,3.423004413352935e-09
107550.0,3.3304919097633836,3.3304919097633836,0.0,316.04715319449025,1.6229801042426486,1.6007768303656065,4.1964916562542235e-11,8.28207064262898e-07,3.4020013024101926e-09
107700.0,3.317810598766,3.317810598766,0.0,316.0789781692452,1.6156838323057434,1.5935651004445168,4.155384069860628e-11,8.195820111467356e-07,3.381775546094352e-09
107850.0,3.304576826474974,3.304576826474974,0.0,316.11069699611386,1.6084154843557348,1.586384978133801,4.9570677657478693e-11,8.931849193594132e-07,3.7021318104556234e-09
108000.0,3.290905546428222,3.290905546428222,0.0,316.142304247629,1.6011756729527056,1.5792363085363872,4.910321099247589e-11,8.83980464383427e-07,3.6805474848502666e-09
108150.0,3.276890708533519,3.276890708533519,0.0,316.1737955867854,1.5939648729097342,1.5721189406855507,4.8641575154908663e-11,8.749059912105395e-07,3.6592441321638634e-09
108300.0,3.2626086807688024,3.2626086807688024,0.0,316.20516756854073,1.586783449795327,1.5650327310297691,4.81827417752581e-11,8.65935117833061e-07,3.6381150725376946e-09
108450.0,3.2481213721603925,3.2481213721603925,0.0,316.2364174735286,1.5796316814623372,1.5579775446948914,4.772737974868855e-11,8.570435112709163e-07,3.617060530960871e-09
108600.0,3.2334788076267413,3.2334788076267413,0.0,316.2675431712201,1.5725097756225022,1.5509532558930799,4.727509767740162e-11,8.482133968534811e-07,3.596006884462569e-09
108750.0,3.218721294559418,3.218721294559418,0.0,316.2985430073818,1.5654178839966528,1.5439597476291615,4.682433582893287e-11,8.394357267071939e-07,3.5749164713515727e-09
108900.0,3.2038812276616646,3.2038812276616646,0.0,316.3294157119927,1.558356113671977,1.536996911025531,4.637481434930623e-11,8.306947685277066e-07,3.553722461080386e-09
109050.0,3.188984582714094,3.188984582714094,0.0,316.36016032421867,1.5513245361953343,1.5300646444571866,4.5927085135821875e-11,8.219919411800447e-07,3.5324306079586345e-09
109200.0,3.1740521460500344,3.1740521460500344,0.0,316.39077613151386,1.5443231948376264,1.5231628526194176,4.5481119283958594e-11,8.133187252568064e-07,3.5110039486361984e-09
109350.0,3.159100521667351,3.159100521667351,0.0,316.42126262035674,1.5373521103841015,1.5162914456041272,4.503513526020207e-11,8.046712123288557e-07,3.489424909638134e-09
109500.0,3.1441429526337883,3.1441429526337883,0.0,316.4516194365256,1.5304112857400891,1.5094503380295345,4.4590505390324816e-11,7.960506032134163e-07,3.4676979128890635e-09
109650.0,3.1291899884481422,3.1291899884481422,0.0,316.48184635315636,1.5235007095869935,1.5026394482470191,4.4146387234645955e-11,7.874519902806298e-07,3.4458007811675634e-09
109800.0,3.1142500253557017,3.1142500253557017,0.0,316.5119432451294,1.516620359278498,1.4958586976353176,4.370330994860588e-11,7.788786606788278e-07,3.4237469995429572e-09
109950.0,3.0993297426682624,3.0993297426682624,0.0,316.54191006858275,1.5097702031353222,1.4891080099836096,4.3460229231680986e-11,7.699113750980757e-07,3.399684594380477e-09
110100.0,3.08443445265226,3.08443445265226,0.0,316.57174684456777,1.5029502022347736,1.4823873109596863,4.3016762502847614e-11,7.613891712665577e-07,3.3773093751850167e-09
110250.0,3.069568383007523,3.069568383007523,0.0,316.6014536460288,1.4961603118584035,1.4756965276576368,4.257538432538189e-11,7.528925229927097e-07,3.3547765214969083e-09
110400.0,3.054734902038887,3.054734902038887,0.0,316.63103058746714,1.4894004825987819,1.4690355882146588,4.2133985504450456e-11,7.44420431963988e-07,3.3320808860626715e-09
110550.0,3.039936698196647,3.039936698196647,0.0,316.66047781674763,1.4826706612399527,1.4624044214918375,4.169625076429268e-11,7.359793587902175e-07,3.3092507910678798e-09
110700.0,3.0251759233195865,3.0251759233195865,0.0,316.6897955086131,1.475970791446757,1.4558029568083668,4.125732266545375e-11,7.275610527379683e-07,3.286248648253208e-09
110850.0,3.0104543064468814,3.0104543064468814,0.0,316.7189838595625,1.4693008143041795,1.4492311237223738,4.082057186434711e-11,7.19176036501068e-07,3.263121386261306e-09
111000.0,2.9957732557424372,2.9957732557424372,0.0,316.7480430838135,1.4626606687132557,1.4426888518513101,4.36259770739776e-11,7.264505970105972e-07,3.3110919597852974e-09
111150.0,2.98113388044069,2.98113388044069,0.0,316.7769734102384,1.4560502918132163,1.436176070729866,4.31804609005581e-11,7.179381538158225e-07,3.287149067366236e-09
111300.0,2.966537125535595,2.966537125535595,0.0,316.8057750795032,1.4494696191170984,1.4296927096766272,4.2736491961086254e-11,7.094649197014746e-07,3.263101253701448e-09
111450.0,2.9519837599690812,2.9519837599690812,0.0,316.83444834250014,1.442918584778688,1.4232386977190623,4.229369064739154e-11,7.010252178751841e-07,3.2389224879365177e-09
111600.0,2.9374744274429228,2.9374744274429228,0.0,316.8629934586624,1.4363971217386307,1.416813963506498,4.1852013783342575e-11,6.926230273762712e-07,3.2146310928179006e-09
111750.0,2.9230097233425782,2.9230097233425782,0.0,316.89141069476665,1.4299051616237426,1.4104184346965292,4.1413352675467014e-11,6.842605642098931e-07,3.1902375186564792e-09
111900.0,2.908590040063415,2.908590040063415,0.0,316.91970032446915,1.4234426354813128,1.404052039720481,4.097624469993583e-11,6.759386455001959e-07,3.165745864528119e-09
112050.0,2.894215798116172,2.894215798116172,0.0,316.947862626357,1.4170094732696474,1.3977147057332413,4.053967892415681e-11,6.676552519735424e-07,3.1411469698127747e-09
112200.0,2.8798873626840367,2.8798873626840367,0.0,316.9758978842209,1.4106056040641084,1.3914063593756572,4.010595138755602e-11,6.594163499684669e-07,3.116469257689116e-09
112350.0,2.8656050591650972,2.8656050591650972,0.0,317.00380638652473,1.4042309561197848,1.3851269267334925,3.9674345329335283e-11,6.512212524789618e-07,3.0917100905700818e-09
112500.0,2.8513691821602984,2.8513691821602984,0.0,317.0315884260223,1.3978854569135082,1.3788763333195648,3.924413108522229e-11,6.430687951031189e-07,3.066864512742919e-09
112650.0,2.837180001992139,2.837180001992139,0.0,317.0592442994624,1.3915690331761177,1.3726545040625844,3.8816136557921336e-11,6.349621428647367e-07,3.0419482264347267e-09
112800.0,2.823037769593803,2.823037769593803,0.0,317.08677430735474,1.3852816109185082,1.366461363300554,3.839001502439686e-11,6.269006731507432e-07,3.0169589981302446e-09
112950.0,2.808942720226148,2.808942720226148,0.0,317.1141787537829,1.3790231154532495,1.3602968347776694,3.7965441923145e-11,6.188891283898101e-07,2.991920495286729e-09
113100.0,2.794895076283666,2.794895076283666,0.0,317.14145794625347,1.3727934714130692,1.3541608416440012,3.75434921210926e-11,6.109234678142172e-07,2.9668141665687954e-09
113250.0,2.78089504944503,2.78089504944503,0.0,317.16861219557376,1.3665926027672495,1.348053306457358,3.7122891752501046e-11,6.029613239810772e-07,2.9414341565541667e-09
113400.0,2.7669428419356206,2.7669428419356206,0.0,317.19564181573804,1.3604204328365557,1.3419741511909669,3.6705731223419887e-11,5.95097298550229e-07,2.916242088040467e-09
113550.0,2.753038649205915,2.753038649205915,0.0,317.22254712385075,1.3542768843022368,1.3359232972227453,3.629078539386785e-11,5.872821855490429e-07,2.8910000722224434e-09
113700.0,2.7391826586930312,2.7391826586930312,0.0,317.24932844005014,1.3481618792236507,1.3299006653624847,3.5877651702233744e-11,5.795181357015622e-07,2.8657198349468347e-09
113850.0,2.725375051677429,2.725375051677429,0.0,317.2759860874325,1.3420753390480504,1.3239061758488149,3.5469553331202854e-11,5.717920950054634e-07,2.8403377881455455e-09
114000.0,2.7116160036956907,2.7116160036956907,0.0,317.3025203919915,1.3360171846214486,1.3179397483576967,3.506107672690047e-11,5.641329039463017e-07,2.8149982422376546e-09
114150.0,2.697905684935781,2.697905684935781,0.0,317.32893168256163,1.3299873361991315,1.312001302009747,3.4656972986925244e-11,5.565281071540085e-07,2.789641134200407e-09
114300.0,2.684244260405065,2.684244260405065,0.0,317.3552202907653,1.3239857134564934,1.306090755380293,3.425370667692362e-11,5.489749974607605e-07,2.7642543867414123e-09
114450.0,2.67063189016661,2.67063189016661,0.0,317.38138655096094,1.3180122354993595,1.300208026508093,3.3852831048921326e-11,5.414766430789086e-07,2.7388549134561344e-09
114600.0,2.6570687294668947,2.6570687294668947,0.0,317.40743080019394,1.3120668208743353,1.2943530329047772,3.345613371429905e-11,5.340331741265913e-07,2.713445004631305e-09
114750.0,2.6435549288427715,2.6435549288427715,0.0,317.43335337814835,1.3061493875791,1.2885256915644734,3.306154794962605e-11,5.26648789911377e-07,2.6880477578831993e-09
114900.0,2.6300906341799903,2.6300906341799903,0.0,317.45915462709945,1.3002598530727,1.2827259189736138,3.266868776547738e-11,5.193170418138493e-07,2.6626320915091384e-09
115050.0,2.616675986774654,2.616675986774654,0.0,317.4848348918669,1.2943981342857374,1.2769536311208474,3.227929342506102e-11,5.120411552539395e-07,2.637216178912831e-09
115200.0,2.6033111233659847,2.6033111233659847,0.0,317.5103945197683,1.2885641476306873,1.2712087435070676,3.1892471377958426e-11,5.048230313775548e-07,2.611811668079206e-09
115350.0,2.5899961761574968,2.5899961761574968,0.0,317.53583386057295,1.2827578090121172,1.2654911711554913,3.150853486698072e-11,4.976636018838576e-07,2.586425373974117e-09
115500.0,2.57673127284246,2.57673127284246,0.0,317.5611532664557,1.276979033836991,1.2598008286218023,3.1127516892739866e-11,4.905641461938615e-07,2.561066043085784e-09
115650.0,2.5635165366112127,2.5635165366112127,0.0,317.58635309195097,1.271227737024935,1.2541376300043188,3.074879751029084e-11,4.835187832341603e-07,2.5357050204381864e-09
115800.0,2.5503520861810536,2.5503520861810536,0.0,317.6114336939065,1.265503833018491,1.2485014889541837,3.037326834492622e-11,4.7653496926258754e-07,2.5103833842259867e-09
115950.0,2.5372380357894637,2.5372380357894637,0.0,317.6363954314379,1.2598072357934356,1.2428923186855645,2.9999951802768197e-11,4.696088025113454e-07,2.4850828453163176e-09
116100.0,2.5241744952233103,2.5241744952233103,0.0,317.661238665882,1.254137858869042,1.2373100319858503,2.963072422169151e-11,4.6274456710904133e-07,2.4598282867474433e-09
116250.0,2.5111615698170584,2.5111615698170584,0.0,317.68596376075135,1.248495615318379,1.231754541225835,2.9263502303501733e-11,4.559354591648912e-07,2.4345858251098627e-09
116400.0,2.4981993604835138,2.4981993604835138,0.0,317.710571081688,1.2428804177785222,1.2262257583698868,2.8899017701106748e-11,4.491882008572645e-07,2.4093935047005655e-09
116550.0,2.485287963717103,2.485287963717103,0.0,317.7350609964178,1.2372921784608615,1.220723594986104,2.8538118283554165e-11,4.425034725308308e-07,2.384257495165969e-09
116700.0,2.4724274716135084,2.4724274716135084,0.0,317.75943387470437,1.2317308091613286,1.2152479622564236,2.8180226082979484e-11,4.3587776143994006e-07,2.359161369773234e-09
116850.0,2.4596179718913738,2.4596179718913738,0.0,317.78369008830344,1.2261962212705715,1.2097987709867115,2.782462537450838e-11,4.2931237809185063e-07,2.334114614744676e-09
117000.0,2.4468595473183368,2.4468595473183368,0.0,317.80783001091703,1.2206883255881316,1.2043759316168186,4.986975800527165e-11,4.5162138517795825e-07,2.4664848277868995e-09
117150.0,2.434152275258156,2.434152275258156,0.0,317.83185401814177,1.2152070331210068,1.1989793542509994,4.929495097798763e-11,4.4475705918145536e-07,2.4399521895413946e-09
117300.0,2.4214962363042973,2.4214962363042973,0.0,317.8557624874133,1.2097522539078283,1.1936089485855155,4.8724294946650636e-11,4.3795737969531956e-07,2.4134824756093564e-09
117450.0,2.4088914970712603,2.4088914970712603,0.0,317.8795557980345,1.2043238978151352,1.1882646240428132,4.815951779899443e-11,4.3122296489173095e-07,2.3870818898141312e-09
117600.0,2.3963381237162578,2.3963381237162578,0.0,317.90323433103583,1.1989218743599184,1.1829462896988492,4.7599253541679506e-11,4.2455587978551534e-07,2.3607647774501717e-09
117750.0,2.3838361782134374,2.3838361782134374,0.0,317.92679846916644,1.1935460927143526,1.1776538543126265,4.7042653542116324e-11,4.179545141091978e-07,2.3345251971441903e-09
117900.0,2.3713857183050373,2.3713857183050373,0.0,317.95024859685077,1.188196461715765,1.1723872263365172,4.649109641255605e-11,4.1141786244480727e-07,2.308360475734328e-09
118050.0,2.3589867975350045,2.3589867975350045,0.0,317.97358510014317,1.1828728898765763,1.1671463139259781,4.594449133960843e-11,4.049452697607592e-07,2.2822698489776703e-09
118200.0,2.3466394652974194,2.3466394652974194,0.0,317.99680836668335,1.1775752853942427,1.1619310249492103,4.5401502848057023e-11,3.985425562902378e-07,2.256289180167981e-09
118350.0,2.3343437668534532,2.3343437668534532,0.0,318.0199187856515,1.1723035561611042,1.1567412669967574,4.4863352953975617e-11,3.922014384372119e-07,2.2303747544793392e-09
118500.0,2.3220997433799777,2.3220997433799777,0.0,318.0429167477246,1.1670576097740795,1.151576947391045,4.43311881979671e-11,3.8592482365373826e-07,2.2045459762604526e-09
118650.0,2.3099074320000352,2.3099074320000352,0.0,318.0658026450323,1.1618373535444189,1.1464379731958736,4.380101417392112e-11,3.7971824529137166e-07,2.1788376495956435e-09
118800.0,2.297766865803935,2.297766865803935,0.0,318.0885768711133,1.1566426945073607,1.1413242512258275,4.327784714287584e-11,3.7357395488157863e-07,2.153208630781706e-09
118950.0,2.2856780739018423,2.2856780739018423,0.0,318.1112398208714,1.1514735394316578,1.1362356880556368,4.2757935996748864e-11,3.674986981394568e-07,2.1277009301828803e-09
119100.0,2.27364108144277,2.27364108144277,0.0,318.1337918905332,1.1463297948291933,1.1311721900294653,4.224348392419609e-11,3.614835786258652e-07,2.1022663242662346e-09
119250.0,2.2616559096656386,2.2616559096656386,0.0,318.15623347760436,1.141211366964319,1.1261336632701289,4.1734004877707084e-11,3.5553713306768486e-07,2.076957540380575e-09
119400.0,2.249722575917826,2.249722575917826,0.0,318.1785649808274,1.136118161863338,1.1211200136882618,4.1226976296315303e-11,3.496563847349421e-07,2.051760673446581e-09
119550.0,2.237841093700789,2.237841093700789,0.0,318.20078680013916,1.131050085323795,1.116131146991393,4.072735344380865e-11,3.438404907463166e-07,2.02667412173224e-09
119700.0,2.226011472710584,2.226011472710584,0.0,318.22289933662836,1.1260070429237827,1.1111669686929668,4.023071063843974e-11,3.3808819877023666e-07,2.0016938076003442e-09
119850.0,2.2142337188674297,2.2142337188674297,0.0,318.24490299249464,1.1209889400310515,1.1062273841212806,3.9738496191832575e-11,3.324017936456869e-07,1.976836593567577e-09
120000.0,2.20250783435282,2.20250783435282,0.0,318.26679817100586,1.1159956818122057,1.1013122984283688,3.9251988972894924e-11,3.267772847870276e-07,1.952082133844768e-09
120150.0,2.190833817657709,2.190833817657709,0.0,318.28858527645815,1.1110271732417127,1.096421616598792,3.8769246045902957e-11,3.212195820445629e-07,1.9274631006987923e-09
120300.0,2.179211663607745,2.179211663607745,0.0,318.31026471413395,1.1060833191109143,1.0915552434583653,3.829171063210734e-11,3.1572539693769386e-07,1.9029633149847367e-09
120450.0,2.16764136341053,2.16764136341053,0.0,318.3318368902622,1.1011640240369103,1.0867130836828076,3.7818178762312404e-11,3.1029513092306615e-07,1.8785886216751622e-09
120600.0,2.1561229046896218,2.1561229046896218,0.0,318.35330221197717,1.096269192471395,1.08189504180632,3.7349288298185326e-11,3.0492837632678516e-07,1.854340025368916e-09
120750.0,2.1446562715280706,2.1446562715280706,0.0,318.3746610872792,1.0913987287094227,1.0771010222300745,3.688583720565896e-11,2.9962584990883556e-07,1.8302253919802079e-09
120900.0,2.133241444503313,2.133241444503313,0.0,318.39591392499517,1.086552536898098,1.0723309292306393,3.6424790487086546e-11,2.9438452120444936e-07,1.806229710989472e-09
121050.0,2.1218784007322915,2.1218784007322915,0.0,318.4170611347387,1.0817305210451678,1.067584666968323,3.597118835786072e-11,2.89205593251296e-07,1.782363768823962e-09
121200.0,2.1105671139081736,2.1105671139081736,0.0,318.438103126871,1.0769325850275322,1.0628621394954343,3.55202343607428e-11,2.8409348740154883e-07,1.758658442513904e-09
121350.0,2.0993075543320336,2.0993075543320336,0.0,318.4590403124632,1.072158632599752,1.0581632507644736,3.507361901455025e-11,2.790402606756004e-07,1.7350682519742954e-09
121500.0,2.088099688970645,2.088099688970645,0.0,318.47987310325703,1.0674085674023674,1.0534879046362244,3.4633692548393966e-11,2.740491935604439e-07,1.7116169754777634e-09
121650.0,2.0769434814859515,2.0769434814859515,0.0,318.5006019116276,1.0626822929702082,1.048836004887791,3.4196390884128126e-11,2.6912335959750067e-07,1.6883274921569645e-09
121800.0,2.065838892268271,2.065838892268271,0.0,318.5212271505451,1.057979712740623,1.0442074552205334,3.3764112203144873e-11,2.6425483223846413e-07,1.6651537457426308e-09
121950.0,2.0547858784998407,2.0547858784998407,0.0,318.5417492335383,1.053300730061598,1.0396021592679292,3.333663346678309e-11,2.5944952630752027e-07,1.6421364377252921e-09
122100.0,2.04378439416726,2.04378439416726,0.0,318.56216857465705,1.0486452481997928,1.0350200206033562,3.291236587380015e-11,2.5470177256181614e-07,1.6192433237014595e-09
122250.0,2.0328343901301165,2.0328343901301165,0.0,318.58248558843627,1.0440131703485274,1.0304609427477898,3.249518041311777e-11,2.500194766774655e-07,1.5965282417142972e-09
122400.0,2.0219358149214766,2.0219358149214766,0.0,318.6027006898592,1.039404399631001,1.0259248291774172,3.201829313047864e-11,2.4688391819793765e-07,1.5834960758012565e-09
122550.0,2.0110886115060307,2.0110886115060307,0.0,318.62281429432977,1.0348188391263138,1.0214115833316355,3.1609789031850236e-11,2.423042895216554e-07,1.5610093951403143e-09
122700.0,2.0002927225553324,2.0002927225553324,0.0,318.6428268176121,1.030256391850549,1.0169211086187235,3.120442716712655e-11,2.3778151891917787e-07,1.5386559488172592e-09
122850.0,1.9895480867281652,1.9895480867281652,0.0,318.6627386758226,1.0257169607817704,1.0124533084257143,3.080322022903475e-11,2.3331975196327903e-07,1.516466113520243e-09
123000.0,1.9788546397880746,1.9788546397880746,0.0,318.6825502853844,1.021200448863273,1.008008086124113,3.040751138579775e-11,2.2891405437874823e-07,1.4944115012454797e-09
123150.0,1.9682123146103048,1.9682123146103048,0.0,318.702262062994,1.016706759011065,1.0035853450774601,3.001674390904819e-11,2.2456957182726e-07,1.4725292869151728e-09
123300.0,1.9576210412040762,1.9576210412040762,0.0,318.72187442558766,1.0122357941212716,0.9991849886484454,2.9628354345967275e-11,2.202801430151169e-07,1.4507828070259953e-09
123450.0,1.9470807467749742,1.9470807467749742,0.0,318.7413877903063,1.0077874570774306,0.9948069202059285,2.924549328265519e-11,2.1604967059829505e-07,1.4292012935931023e-09
123600.0,1.9365913557515855,1.9365913557515855,0.0,318.76080257446387,1.0033616507577128,0.990451043131885,2.886595777731636e-11,2.118774242720889e-07,1.4077836847234794e-09
123750.0,1.926152789831753,1.926152789831753,0.0,318.7801191955137,0.9989582780420755,0.9861172608282621,2.849237118544072e-11,2.077597480720783e-07,1.3865093443760927e-09
123900.0,1.9157649680286033,1.9157649680286033,0.0,318.799338071016,0.9945772418192809,0.9818054767237483,2.8121551918845297e-11,2.0369871744918555e-07,1.3653956601472187e-09
124050.0,1.9054278067033315,1.9054278067033315,0.0,318.81845961860597,0.9902184449938737,0.9775155942804664,2.7754472368921985e-11,1.9969224163141064e-07,1.3444322488704069e-09
124200.0,1.8951412196159723,1.8951412196159723,0.0,318.8374842559621,0.9858817904930315,0.9732475170005699,2.7393030422502608e-11,1.9574673215672078e-07,1.323666008402011e-09
124350.0,0.8335719676271875,1.8812593449769952,-1.0476873773498077,318.8564124017312,0.981567739811346,0.9690260121289815,2.7065890379839643e-11,1.9262232009431557e-07,1.308263045478226e-09
124500.0,-1.0336541711432294,1.8620160096051606,-2.89567018074839,318.8752087330171,0.9772824938745913,0.9648690550818126,2.678031898959793e-11,1.906883593250086e-07,1.300806815635565e-09
124650.0,-2.532840575095294,1.8400333171487229,-4.372873892244017,318.89382071975535,0.9730339202151169,0.960767032696471,2.6500052765449752e-11,1.8935183643264963e-07,1.2973294661080129e-09
124800.0,-3.6624883717706367,1.817092867739889,-5.479581239510526,318.91222169340733,0.9688251498946395,0.9567111986974703,2.6218649375628597e-11,1.8816451152758873e-07,1.2947951206541364e-09
124950.0,-4.421582753001402,1.7945657366966463,-6.216148489698048,318.930402501357,0.9646565940973691,0.9526928237649978,2.5925693270522882e-11,1.8684093738841057e-07,1.2912431811255969e-09
125100.0,-4.8094433247692105,1.7735410502596705,-6.582984375028881,318.94836744698046,0.9605267687880755,0.9487031659110372,4.379216533166856e-11,6.187039218730206e-07,4.29419871107918e-09
125250.0,-4.825639430969431,1.7548893287618703,-6.580528759731301,318.96613150904966,0.9564327674659057,0.9447335093588982,4.34074381758563e-11,6.127107532449827e-07,4.2708055327183895e-09
125400.0,-4.469923604922676,1.7393075188332328,-6.209231123755909,318.98371818818487,0.9523705852582294,0.9407752058391894,4.299986328476888e-11,6.059772346134196e-07,4.241886817263209e-09
125550.0,-3.742179938137273,1.727348979817199,-5.469528917954472,319.00115779650093,0.9483353636977989,0.9368197078217628,4.2570411415753474e-11,5.984117859014759e-07,4.206752229985514e-09
125700.0,-2.6423766019531496,1.7194492285321714,-4.361825830485321,319.01848603943876,0.9443215841071778,0.9328585931833335,4.211319094040732e-11,5.899555288735314e-07,4.1649337739912205e-09
125850.0,-1.1705233526132992,1.7159466433490569,-2.886469995962356,319.03574284704797,0.9403232235001853,0.9288835830686512,4.0248532488042735e-11,5.786189394285657e-07,4.102269836356624e-09
126000.0,0.6733673939087705,1.7170995657883206,-1.04373217187955,319.0529714042538,0.9363338815161916,0.924886554866094,3.974065329066007e-11,5.682736772261165e-07,4.046090028668829e-09
126150.0,1.719220060017175,1.719220060017175,0.0,319.07021734518946,0.9323475716175348,0.9208861082713559,3.925211480214942e-11,5.580903363888723e-07,3.990574283512734e-09
126300.0,1.7188437439662754,1.7188437439662754,0.0,319.0874898011975,0.928364537984987,0.9169055833514486,3.880578360348498e-11,5.489355139332019e-07,3.941953772632355e-09
126450.0,1.7167623517893702,1.7167623517893702,0.0,319.1047637240798,0.924389520145299,0.9129444414026073,3.837669447385206e-11,5.403856260244311e-07,3.897243274238557e-09
126600.0,1.7133586041217317,1.7133586041217317,0.0,319.12202198579473,0.9204252465838293,0.909002859438035,3.795871674289063e-11,5.322525951090284e-07,3.8551209315802024e-09
126750.0,1.7088921744705607,1.7088921744705607,0.0,319.13925128369044,0.9164736251154263,0.9050810141152653,3.75504152017354e-11,5.244464138520755e-07,3.814959132337449e-09
126900.0,1.7035624965226508,1.7035624965226508,0.0,319.15644091010205,0.9125361008243671,0.9011790209602618,3.7147397901621406e-11,5.169068588717352e-07,3.776339065050114e-09
127050.0,1.6975307147274008,1.6975307147274008,0.0,319.1735821506872,0.9086138040538302,0.8972969360195977,3.675176594394857e-11,5.095925279530178e-07,3.738974143392516e-09
127200.0,1.6909295796793342,1.6909295796793342,0.0,319.1906679022951,0.9047076282750813,0.8934347677603364,3.63628610024783e-11,5.02467589535982e-07,3.702614884132888e-09
127350.0,1.6838691145998737,1.6838691145998737,0.0,319.20769238965573,0.9008182798471216,0.8895924890532154,3.5977987997937726e-11,4.955139472073711e-07,3.6671395203885443e-09
127500.0,1.6764405578258819,1.6764405578258819,0.0,319.22465093857534,0.8969463141875988,0.8857700470601304,3.559872973036048e-11,4.887056155311598e-07,3.632366157639364e-09
127650.0,1.6687195754826256,1.6687195754826256,0.0,319.24153978841406,0.8930921640901189,0.8819673708541332,3.858703249697459e-11,5.900847710460511e-07,4.404806840566327e-09
127800.0,1.6607682835034974,1.6607682835034974,0.0,319.2583559365811,0.889256161767061,0.8781843770961327,3.8177326954232064e-11,5.828642544170037e-07,4.369676436530812e-09
127950.0,1.6526383032240737,1.6526383032240737,0.0,319.27509700313004,0.8854385583381623,0.8744209742492632,4.951677487254509e-11,6.898892117579436e-07,5.1943315190065366e-09
128100.0,1.6443716829448367,1.6443716829448367,0.0,319.29176112589465,0.8816395388361971,0.8706770654921746,4.898116565264544e-11,6.813414692441455e-07,5.152078895671628e-09
128250.0,1.6360031149303833,1.6360031149303833,0.0,319.30834686473975,0.8778592338136626,0.8669525508668968,4.845095954389434e-11,6.729155166418366e-07,5.110276535783579e-09
128400.0,1.6275608746794235,1.6275608746794235,0.0,319.3248531279901,0.8740977302386898,0.863247328838143,4.792759660149572e-11,6.64597415989121e-07,5.06882615828049e-09
128550.0,1.619068017638929,1.619068017638929,0.0,319.34127910820763,0.8703550796578303,0.859561297249522,4.7407619639581636e-11,6.563926830960298e-07,5.0277769647309366e-09
128700.0,1.610543294785036,1.610543294785036,0.0,319.35762422992883,0.8666313049945187,0.8558943540178889,4.68961379524432e-11,6.482905743343537e-07,4.987054053230122e-09
128850.0,1.602001919595244,1.602001919595244,0.0,319.3738881065507,0.8629264060979628,0.8522463975692494,4.6388373461090215e-11,6.402882302136703e-07,4.946642229580679e-09
129000.0,1.5934562055591346,1.5934562055591346,0.0,319.3900705048847,0.8592403642561363,0.8486173271016502,4.588540067547403e-11,6.323862207224806e-07,4.906552710427748e-09
129150.0,1.5849160942074538,1.5849160942074538,0.0,319.40617131608684,0.8555731458593081,0.8450070427284895,4.538747603980258e-11,6.245846597696669e-07,4.866793391014751e-09
129300.0,1.5763895911795434,1.5763895911795434,0.0,319.4221905318697,0.8519247053692315,0.8414154455404466,4.4899234606077915e-11,6.168618049695596e-07,4.827201285761565e-09
129450.0,1.5678831254385093,1.5678831254385093,0.0,319.4381282250818,0.8482949877215039,0.8378424376135511,4.4413144489370394e-11,6.092455948625286e-07,4.788001058444263e-09
129600.0,1.5594018442558506,1.5594018442558506,0.0,319.4539845338808,0.8446839302666085,0.834287921983058,4.3930935384053154e-11,6.017232796473593e-07,4.749100092050106e-09
129750.0,1.5509498550559697,1.5509498550559697,0.0,319.4697596488653,0.8410914643354338,0.8307518025969945,4.345468622274272e-11,5.942900815902874e-07,4.710467345425981e-09
129900.0,1.5425304231149022,1.5425304231149022,0.0,319.4854538026271,0.8375175165001199,0.8272339842589973,4.298294371392886e-11,5.869465196095547e-07,4.672113383071519e-09
130050.0,1.5341461328630959,1.5341461328630959,0.0,319.50106726128803,0.8339620095881125,0.8237343725669718,4.2517451833910316e-11,5.796919890777019e-07,4.634039939573166e-09
130200.0,1.5257990192193045,1.5257990192193045,0.0,319.5166003176529,0.8304248634964878,0.8202528738518388,4.2054901410170934e-11,5.725219471841569e-07,4.596217128130167e-09
130350.0,1.5174906743220173,1.5174906743220173,0.0,319.5320532856808,0.8269059958449497,0.8167893951190791,4.159756056752884e-11,5.654414247935335e-07,4.558691698409674e-09
130500.0,1.509222334072812,1.509222334072812,0.0,319.5474264960277,0.8234053224988491,0.8133438439946602,4.114646014456919e-11,5.584444731088212e-07,4.521422259890737e-09
130650.0,1.5009949482325433,1.5009949482325433,0.0,319.5627202924576,0.8199227579874482,0.8099161286761247,4.069900204177316e-11,5.515340248951617e-07,4.484438885836324e-09
130800.0,1.4928092370462633,1.4928092370462633,0.0,319.5779350289581,0.8164582158380932,0.8065061578891491,4.025813434410715e-11,5.44704656046946e-07,4.4477038790267e-09
130950.0,1.4846657369508742,1.4846657369508742,0.0,319.5930710674252,0.8130116088427776,0.8031138408494941,3.982022859390834e-11,5.379583556397449e-07,4.411239641095759e-09
131100.0,1.4765648418818258,1.4765648418818258,0.0,319.6081287758066,0.8095828492634226,0.7997390872300868,4.108190622012953e-11,5.368814539608024e-07,4.421054245811241e-09
131250.0,1.468506814251951,1.468506814251951,0.0,319.6231085266618,0.8061718490268956,0.7963818071335742,4.064229020376554e-11,5.302537344764602e-07,4.384952043136646e-09
131400.0,1.460491837614516,1.460491837614516,0.0,319.6380106958302,0.8027785198252407,0.7930419110658425,4.020775188523258e-11,5.237047873141165e-07,4.3491014800954345e-09
131550.0,1.4525200158102922,1.4525200158102922,0.0,319.6528356616324,0.7994027732430156,0.7897193099192027,3.9776316277071775e-11,5.172383619189702e-07,4.313539884453479e-09
131700.0,1.444591393393762,1.444591393393762,0.0,319.6675838040604,0.7960445208374846,0.7864139149538381,3.935059805953721e-11,5.108467864278765e-07,4.278209514298993e-09
131850.0,1.436705967775076,1.436705967775076,0.0,319.68225550417463,0.7927036742059312,0.7831256377843331,3.892818444022873e-11,5.045353523858154e-07,4.243160622757043e-09
132000.0,1.4288636989529555,1.4288636989529555,0.0,319.69685114362295,0.7893801450393723,0.7798543903683536,3.851256807243982e-11,4.983001531400078e-07,4.20836657953652e-09
132150.0,1.4210645172804672,1.4210645172804672,0.0,319.7113711042575,0.7860738451650472,0.7766000849974489,3.809747202085608e-11,4.921407272817646e-07,4.173829471694929e-09
132300.0,1.4133083296504263,1.4133083296504263,0.0,319.72581576783074,0.7827846865802933,0.7733626342896851,3.7691204741055574e-11,4.860591935607061e-07,4.139573345378239e-09
132450.0,1.4055950243845248,1.4055950243845248,0.0,319.74018551575284,0.779512581479365,0.7701419511838067,3.7287816715227953e-11,4.800507811264509e-07,4.105563677714321e-09
132600.0,1.3979244751397992,1.3979244751397992,0.0,319.7544807288991,0.7762574422748612,0.766937948934701,3.6887262659194535e-11,4.741157790810746e-07,4.071808769108477e-09
132750.0,1.3902965439858912,1.3902965439858912,0.0,319.76870178745617,0.7730191816148242,0.7637505411099306,3.649372425668916e-11,4.6825184796261965e-07,4.038294340764389e-09
132900.0,1.3827110838478558,1.3827110838478558,0.0,319.78284907080047,0.7697977123963989,0.7605796415871641,3.610297952447042e-11,4.6246262552784856e-07,4.005057589204755e-09
133050.0,1.3751679404268524,1.3751679404268524,0.0,319.79692295740006,0.7665929477768967,0.757425164552353,3.5716137968937126e-11,4.567452971393493e-07,3.9720801716556445e-09
133200.0,1.3676669537277015,1.3676669537277015,0.0,319.8109238247365,0.7634048011826953,0.7542870244985046,3.5334369852345254e-11,4.510991009620824e-07,3.939361312750656e-09
133350.0,1.3602079592551657,1.3602079592551657,0.0,319.8248520492421,0.7602331863165197,0.7511651362249602,3.495706741316087e-11,4.455212359033567e-07,3.906882291050682e-09
133500.0,1.3527907889622144,1.3527907889622144,0.0,319.83870800624953,0.7570780171634154,0.7480594148370754,3.458353140329281e-11,4.40011214797309e-07,3.874644398789286e-09
133650.0,1.345415473843496,1.345415473843496,0.0,319.8524920699508,0.753939207851843,0.7449697757462251,3.8100671946643596e-11,6.580008189427389e-07,5.818336651815239e-09
133800.0,1.3380814008167068,1.3380814008167068,0.0,319.8662046154174,0.7508166730858624,0.7418961347495587,3.7727196163128804e-11,6.503711540428725e-07,5.7747887720699465e-09
133950.0,1.3307886400593691,1.3307886400593691,0.0,319.87984601204244,0.7477103277077748,0.7388384077262304,3.735757597166321e-11,6.428277163905705e-07,5.731521888173471e-09
134100.0,1.3235370107842244,1.3235370107842244,0.0,319.8934166304871,0.7446200869124143,0.7357965110763545,3.699141095975882e-11,6.353752453058803e-07,5.688585418464688e-09
134250.0,1.316326337242852,1.316326337242852,0.0,319.9069168401226,0.7415458661648398,0.7327703614366239,3.662855324904894e-11,6.280104720701729e-07,5.645957548278128e-09
134400.0,1.3091564411424712,1.3091564411424712,0.0,319.92034700907664,0.7384875812244356,0.7297598757550353,3.627035452543574e-11,6.207324305673723e-07,5.603636823413048e-09
134550.0,1.3020271429732277,1.3020271429732277,0.0,319.9337075042028,0.7354451481531692,0.7267649712902833,3.5915025152841426e-11,6.135403407547813e-07,5.561623390454864e-09
134700.0,1.2949382625466859,1.2949382625466859,0.0,319.946998691063,0.7324184833196651,0.7237855656122562,3.556330334072464e-11,6.064353468282491e-07,5.519934851813122e-09
134850.0,1.2878896192299982,1.2878896192299982,0.0,319.96022093391616,0.7294075034016343,0.720821576602848,3.521623113307135e-11,5.994120477748055e-07,5.478529217018951e-09
135000.0,1.280881032080868,1.280881032080868,0.0,319.9733745957086,0.7264121253876306,0.7178729224569061,3.4870901521019194e-11,5.924722064065691e-07,5.437429485733616e-09
135150.0,1.2739123199109326,1.2739123199109326,0.0,319.9864600380661,0.7234322665785351,0.7149395216832262,3.453008009134202e-11,5.856145923743838e-07,5.396631395721782e-09
135300.0,1.2669833013375325,1.2669833013375325,0.0,319.99947762128704,0.7204678445888796,0.7120212931055608,3.41940633041131e-11,5.788397210437779e-07,5.356146707459522e-09
135450.0,1.2600937948241904,1.2600937948241904,0.0,320.0124277043351,0.7175187773481561,0.7091181558636299,3.385874437616286e-11,5.721452696061391e-07,5.31596094456421e-09
135600.0,1.2532436186988472,1.2532436186988472,0.0,320.0253106448335,0.7145849831019174,0.7062300294141054,3.3527386644051436e-11,5.655270429727466e-07,5.276041864354791e-09
135750.0,1.2464325911977199,1.2464325911977199,0.0,320.0381267990587,0.7116663804129586,0.7033568335315916,3.3202685342642215e-11,5.589926728166716e-07,5.2364674253902045e-09
135900.0,1.2396605304650987,1.2396605304650987,0.0,320.05087652193475,0.7087628881624558,0.70049848830957,3.287739588979236e-11,5.525322210875316e-07,5.197151546878449e-09
136050.0,1.232927254589991,1.232927254589991,0.0,320.0635601670282,0.7058744255509076,0.6976549141613132,3.255747941810827e-11,5.461508272297522e-07,5.158149074494873e-09
136200.0,1.2262325816154909,1.2262325816154909,0.0,320.07617808654226,0.7030009120992347,0.6948260318207821,3.2239443538828525e-11,5.398476023987797e-07,5.119458529925544e-09
136350.0,1.219576329553079,1.219576329553079,0.0,320.08873063131233,0.700142267649715,0.6920117623434721,3.192599001586216e-11,5.336166395419895e-07,5.081030567623253e-09
136500.0,1.2129583164102882,1.2129583164102882,0.0,320.1012181508009,0.6972984123669074,0.6892120271072377,3.1613984876523933e-11,5.274598409155118e-07,5.042889639603068e-09
136650.0,1.2063783601954334,1.2063783601954334,0.0,320.1136409930928,0.6944692667385267,0.686426747813076,3.130684642864146e-11,5.213778262458391e-07,5.005048230998172e-09
136800.0,1.199836278933727,1.199836278933727,0.0,320.1259995048914,0.6916547515763285,0.6836558464858778,3.100279390685995e-11,5.15366129771877e-07,4.967469956143315e-09
136950.0,1.193331890693879,1.193331890693879,0.0,320.1382940315134,0.6888547880168803,0.680899245475133,3.0701209633374704e-11,5.09431792972137e-07,4.930229145862243e-09
137100.0,1.186865013576701,1.186865013576701,0.0,320.15052491688584,0.6860692975223691,0.67815686745561,3.040332294355175e-11,5.035628323213359e-07,4.893216415502764e-09
137250.0,1.180435465764949,1.180435465764949,0.0,320.1626925035409,0.683298201881291,0.6754286354279866,3.010810005950831e-11,4.977692906749098e-07,4.8565354463046675e-09
137400.0,1.1740430655025782,1.1740430655025782,0.0,320.1747971326135,0.6805414232091949,0.6727144727194528,2.9816588821016865e-11,4.920412746134417e-07,4.820096253099456e-09
137550.0,1.1676876311391027,1.1676876311391027,0.0,320.1868391438367,0.67779888394929,0.6700143029842672,2.952517116066163e-11,4.863856872816541e-07,4.78397254013029e-09
137700.0,1.1613689811197918,1.1613689811197918,0.0,320.198818875539,0.6750705068730982,0.6673280502042843,2.923959924776527e-11,4.807977065368618e-07,4.748123360367192e-09
137850.0,1.1550869340118932,1.1550869340118932,0.0,320.2107366646408,0.6723562150810235,0.664655638689437,2.895680252821329e-11,4.7527391822121956e-07,4.712521007572807e-09
138000.0,1.1488413085251186,1.1488413085251186,0.0,320.2225928466513,0.6696559320028879,0.6619969930781848,2.8676468116341177e-11,4.6981966250747575e-07,4.677224427797146e-09
138150.0,1.142631923487694,1.142631923487694,0.0,320.23438775566586,0.6669695813984738,0.6593520383379285,2.8401831040781362e-11,4.644058997360645e-07,4.6419498248812454e-09
138300.0,1.136458597929254,1.136458597929254,0.0,320.2461217243629,0.6642970873578653,0.6567206997653839,2.812673236128409e-11,4.5905705015059084e-07,4.6069452848415185e-09
138450.0,1.1303211510633755,1.1303211510633755,0.0,320.2577950840023,0.661638374302042,0.6541029029869218,2.785428938450443e-11,4.5379534197032e-07,4.572440773244909e-09
138600.0,1.1242194022425653,1.1242194022425653,0.0,320.2694081644216,0.6589933669831619,0.6514985739588657,2.758475187007731e-11,4.4859813064235254e-07,4.538215942860568e-09
138750.0,1.1181531796990596,1.1181531796990596,0.0,320.28096129403565,0.6563619904757906,0.648907638967775,2.66828624331429e-11,4.5349672794792184e-07,4.606164835141113e-09
138900.0,1.1121222847534051,1.1121222847534051,0.0,320.29245479992136,0.6537441702075251,0.6463300246315877,2.642311933015074e-11,4.4836280466142853e-07,4.572255479480094e-09
139050.0,1.1061265471714505,1.1061265471714505,0.0,320.3038890075388,0.6511398319227274,0.6437656578968491,2.616570396087789e-11,4.4328971227081126e-07,4.538602314875409e-09
139200.0,1.1001657873776063,1.1001657873776063,0.0,320.31526424101867,0.6485489017029304,0.6412144660422607,2.5911404415661806e-11,4.3827714923949657e-07,4.505207940256452e-09
139350.0,1.0942398259556239,1.0942398259556239,0.0,320.3265808230623,0.6459713059614174,0.6386763766772161,2.5660148321673916e-11,4.3332543198104645e-07,4.472081323964444e-09
139500.0,1.0883484836921902,1.0883484836921902,0.0,320.33783907493927,0.6434069714439398,0.6361513177422076,2.541091898560158e-11,4.284323600334261e-07,4.4392054489963464e-09
139650.0,1.0824918133907477,1.0824918133907477,0.0,320.3490393164859,0.6408558251059743,0.6336392175088724,3.734444271274952e-11,6.738254696436741e-07,7.009641828381059e-09
139800.0,1.0766691362235117,1.0766691362235117,0.0,320.3601818684856,0.6383177943881492,0.631140004590578,3.697174211228415e-11,6.665878284906057e-07,6.961922252008807e-09
139950.0,1.0708805422608463,1.0708805422608463,0.0,320.37126704514554,0.6357928071367004,0.6286536079178305,3.660201745129912e-11,6.594303685325542e-07,6.914520591514772e-09
140100.0,1.0651258579226335,1.0651258579226335,0.0,320.3822951619952,0.6332807914529485,0.626179956749168,3.623658255598327e-11,6.523555700077566e-07,6.86747046820568e-09
140250.0,1.0594049062764679,1.0594049062764679,0.0,320.3932665331724,0.6307816757515043,0.6237189806787268,3.5874952312145086e-11,6.453598324629439e-07,6.820741705853259e-09
140400.0,1.053717509535626,1.053717509535626,0.0,320.4041814713858,0.6282953887736568,0.6212706096330783,3.5517276479244014e-11,6.384488631105967e-07,6.7744023434238265e-09
140550.0,1.0480634899398678,1.0480634899398678,0.0,320.4150402879016,0.6258218595924067,0.618834773870222,3.516297036483622e-11,6.316121703431321e-07,6.7283488707632825e-09
140700.0,1.0424426700984746,1.0424426700984746,0.0,320.4258432925406,0.6233610176139852,0.61641140397907,3.4811944417569554e-11,6.24861195008819e-07,6.682710632121077e-09
140850.0,1.0368548730597629,1.0368548730597629,0.0,320.436590793678,0.6209127925783338,0.6140004308791455,3.4467185960673393e-11,6.181815184191919e-07,6.637341301475415e-09
141000.0,1.031299922370375,1.031299922370375,0.0,320.4472830982441,0.6184771145589314,0.6116017858203179,3.412429447644389e-11,6.115783472981917e-07,6.592303718296194e-09
141150.0,1.0257776420554716,1.0257776420554716,0.0,320.45792051172594,0.6160539139625733,0.6092154003825646,3.378463482398538e-11,6.050541752067318e-07,6.547632293142558e-09
141300.0,1.0202878566219862,1.0202878566219862,0.0,320.46850333816815,0.6136431215291615,0.6068412064757048,3.344945369597174e-11,5.986034932181639e-07,6.5032749733154375e-09
141450.0,1.0148303910554302,1.0148303910554302,0.0,320.4790318801748,0.6112446683313093,0.6044791363391102,3.3117445740347266e-11,5.922255663648457e-07,6.4592308890166074e-09
141600.0,1.0094050538374417,1.0094050538374417,0.0,320.48950643891015,0.6088584858530367,0.6021291227336014,3.2788852739804336e-11,5.859221492432454e-07,6.415526353630362e-09
141750.0,1.0040116996519366,1.0040116996519366,0.0,320.4999273139253,0.6064845057473414,0.5997910982809374,3.2464013220504586e-11,5.796913349342958e-07,6.372147784385362e-09
141900.0,0.9986501489905371,0.9986501489905371,0.0,320.51029480363087,0.6041226600702437,0.5974649962338466,3.214160863006926e-11,5.735309722698645e-07,6.329078625668257e-09
142050.0,0.9933202259005063,0.9933202259005063,0.0,320.5206092049407,0.6017728812201805,0.5951507501638077,3.182414917277292e-11,5.674445906489467e-07,6.286364932213537e-09
142200.0,0.9880217560754347,0.9880217560754347,0.0,320.5308708133052,0.5994351019299267,0.5928482939655805,3.150812602301965e-11,5.614235067952222e-07,6.243917592721067e-09
142350.0,0.9827545755067328,0.9827545755067328,0.0,320.5410799227249,0.5971092552451043,0.5905575618580668,3.230684666877953e-11,5.674511187603315e-07,6.3355364619986385e-09
142500.0,0.9775184920327324,0.9775184920327324,0.0,320.55123682585315,0.5947952745897096,0.5882784883861935,3.1993142193511933e-11,5.615053106922119e-07,6.2935414887588994e-09
142650.0,0.9723133450986844,0.9723133450986844,0.0,320.5613418137018,0.5924930936787232,0.5860110084155821,3.1682968057874876e-11,5.556275207707628e-07,6.251859323466921e-09
142800.0,0.9671389637735284,0.9671389637735284,0.0,320.57139517596454,0.5902026465656056,0.5837550571392411,3.137636635043611e-11,5.498188571095852e-07,6.210509337304014e-09
142950.0,0.9619951778375666,0.9619951778375666,0.0,320.581397200906,0.5879238676322549,0.5815105700738395,3.1071888032726535e-11,5.440752635088586e-07,6.169452582355742e-09
143100.0,0.9568818176477508,0.9568818176477508,0.0,320.5913481753659,0.5856566915883569,0.5792774830600178,3.077130946478319e-11,5.383968911809589e-07,6.128697339969771e-09
143250.0,0.9517987141047425,0.9517987141047425,0.0,320.60124838476156,0.5834010534708561,0.5770557322620538,3.047368619048982e-11,5.327843856095527e-07,6.0882576110074155e-09
143400.0,0.9467456986525837,0.9467456986525837,0.0,320.6110981130904,0.5811568886435389,0.5748452541674308,3.017904177960588e-11,5.272363758912491e-07,6.048124424391445e-09
143550.0,0.9417226032722783,0.9417226032722783,0.0,320.62089764293194,0.5789241327965036,0.5726459855863498,2.988899538717085e-11,5.217492173859029e-07,6.008262428280355e-09
143700.0,0.936729260484746,0.936729260484746,0.0,320.6306472554504,0.5767027219455766,0.5704578636511989,2.959977514282383e-11,5.163280897280131e-07,5.9687376769105315e-09
143850.0,0.9317655033444086,0.9317655033444086,0.0,320.64034723039686,0.574492592431824,0.5682808258159822,2.931544968474103e-11,5.109681258108623e-07,5.929500600961473e-09
144000.0,0.9268311654469242,0.9268311654469242,0.0,320.6499978461117,0.5722936809209135,0.566114809855712,2.90333925532755e-11,5.056667097269596e-07,5.890527032825288e-09
144150.0,0.9219260809382838,0.9219260809382838,0.0,320.65959937952687,0.5701059244025023,0.5639597538657702,2.8753076553089337e-11,5.004284756582322e-07,5.851877159876968e-09
144300.0,0.9170500845054563,0.9170500845054563,0.0,320.6691521061682,0.5679292601896009,0.561815596261243,2.8477086826284297e-11,4.952517740353102e-07,5.8135382784582755e-09
144450.0,0.9122030113921931,0.9122030113921931,0.0,320.67865630015854,0.5657636259179614,0.5596822757762274,2.8203513176398895e-11,4.90132101571561e-07,5.7754638052397824e-09
144600.0,0.9073846974049447,0.9073846974049447,0.0,320.6881122342199,0.5636089595453373,0.5575597314631104,2.793312883345405e-11,4.850709165449274e-07,5.737676904405891e-09
144750.0,0.9025949789135095,0.9025949789135095,0.0,320.69752017967596,0.5614651993508274,0.5554479026918385,2.7665671391938742e-11,4.800651791647681e-07,5.700147634199769e-09
144900.0,0.8978336928660251,0.8978336928660251,0.0,320.70688040645547,0.559332283934126,0.5533467291491532,2.7400864868527282e-11,4.751200948227563e-07,5.662943816758869e-09
145050.0,0.8931006767788836,0.8931006767788836,0.0,320.7161931830946,0.5572101522148069,0.5512561508378166,2.7138398886414333e-11,4.702303531001206e-07,5.626008442608142e-09
145200.0,0.8883957687617291,0.8883957687617291,0.0,320.72545877674037,0.5550987434315735,0.549176108075816,2.6879647942618228e-11,4.653980975044547e-07,5.589373098167521e-09
145350.0,0.8837188075068863,0.8837188075068863,0.0,320.7346774531533,0.5529979971414716,0.5471065414955482,2.66225726863241e-11,4.606183738875558e-07,5.552984233439787e-09
145500.0,0.8790696323064611,0.8790696323064611,0.0,320.7438494767108,0.5509078532190788,0.5450473920429947,2.6369255322110733e-11,4.558938497822851e-07,5.516879663491146e-09
145650.0,0.8744480830506536,0.8744480830506536,0.0,320.75297511041,0.5488282518557377,0.5429986009768766,2.6117404695473713e-11,4.5122148639720194e-07,5.481028413673425e-09
145800.0,0.8698540002377381,0.8698540002377381,0.0,320.7620546158719,0.5467591335586816,0.540960109867795,2.5868695436955926e-11,4.4660475040370073e-07,5.445478310188647e-09
145950.0,0.8652872249698571,0.8652872249698571,0.0,320.77108825334386,0.5447004391502291,0.5389318605973593,2.5623224284927675e-11,4.420393826531921e-07,5.410183296869309e-09
146100.0,0.8607475989710783,0.8607475989710783,0.0,320.7800762817031,0.5426521097669238,0.5369137953572979,2.5378540714093353e-11,4.3752719169898313e-07,5.375171112690803e-09
146250.0,0.8562349645788454,0.8562349645788454,0.0,320.7890189584612,0.5406140868586463,0.5349058566485587,2.513757275428196e-11,4.3306570618462104e-07,5.340417088784372e-09
146400.0,0.8517491647558989,0.8517491647558989,0.0,320.7979165397665,0.5385863121877331,0.5329079872803976,2.4899178745380156e-11,4.286555660426572e-07,5.3059346458504405e-09
146550.0,0.8472900430918053,0.8472900430918053,0.0,320.8067692804083,0.5365687278280924,0.5309201303694501,2.4663692287500675e-11,4.2429545676903047e-07,5.271713075620112e-09
146700.0,0.8428574438052707,0.8428574438052707,0.0,320.8155774338207,0.5345612761642756,0.5289422293387948,2.4430037072494272e-11,4.199831407092347e-07,5.2377299471048855e-09
146850.0,0.8384512117522517,0.8384512117522517,0.0,320.8243412520861,0.532563899890542,0.5269742279170031,2.419909695492873e-11,4.1572141984413946e-07,5.204025531704056e-09
147000.0,0.8340711924234967,0.8340711924234967,0.0,320.8330609859392,0.5305765420099392,0.5250160701371793,2.3970302167152256e-11,4.1150951535229296e-07,5.170595666786744e-09
147150.0,0.8297172319497599,0.8297172319497599,0.0,320.84173688477085,0.5285991458333661,0.5230677003359876,2.374502032740547e-11,4.073429855644406e-07,5.137389882614378e-09
147300.0,0.8253894150865899,0.8253894150865899,0.0,320.8503691966321,0.5266316547616611,0.5211290631526675,3.412112569074022e-11,6.737375530807554e-07,8.52889044286144e-09
147450.0,0.8210870710619507,0.8210870710619507,0.0,320.8589581707112,0.5246740129023639,0.5192001035423487,3.380137637947818e-11,6.670596648383764e-07,8.47586181685616e-09
147600.0,0.8168103301223095,0.8168103301223095,0.0,320.8675040494799,0.5227261645187267,0.5172807667349585,3.3238802146390715e-11,6.625570825313787e-07,8.450021285891874e-09
147750.0,0.8125590467831705,0.8125590467831705,0.0,320.87600707701404,0.5207880542076126,0.515370998269418,3.292869076999757e-11,6.560539749234096e-07,8.398220986099052e-09
147900.0,0.8083330690180075,0.8083330690180075,0.0,320.8844674961263,0.518859626777018,0.5134707439810481,3.262071147498882e-11,6.49622516446513e-07,8.3467985420482e-09
148050.0,0.8041322455002214,0.8041322455002214,0.0,320.8928855482956,0.5169408273563305,0.5115799500080699,3.2316638697165155e-11,6.432611271423028e-07,8.295741576871027e-09
148200.0,0.7999564260279247,0.7999564260279247,0.0,320.90126147367164,0.5150316013779849,0.5096985627842718,3.201556755698085e-11,6.369709694142855e-07,8.24507295876017e-09
148350.0,0.7958054612111498,0.7958054612111498,0.0,320.90959551108443,0.5131318945752145,0.5078265290387977,3.171682184277011e-11,6.307486288825714e-07,8.194756365121597e-09
148500.0,0.7916792024533533,0.7916792024533533,0.0,320.91788789804934,0.5112416529808574,0.5059637957951457,3.142200954983904e-11,6.245965952222932e-07,8.14483185633129e-09
148650.0,0.7875775019202634,0.7875775019202634,0.0,320.926138870774,0.509360822926164,0.5041103103700953,3.11302083537181e-11,6.18509962024838e-07,8.095243217066134e-09
148800.0,0.783500212547005,0.783500212547005,0.0,320.9343486641632,0.5074893510396628,0.5022660203726297,3.084105069074526e-11,6.124920450822913e-07,8.046041344874409e-09
148950.0,0.7794471880036065,0.7794471880036065,0.0,320.9425175118242,0.5056271842459648,0.5004308737028553,3.0555669182789916e-11,6.065371922492346e-07,7.997159582492987e-09
149100.0,0.7754182827085357,0.7754182827085357,0.0,320.9506456460722,0.5037742697646311,0.498604818550913,3.027183484512287e-11,6.006508138645117e-07,7.948676618533169e-09
149250.0,0.7714133517833359,0.7714133517833359,0.0,320.95873329793585,0.5019305551090337,0.4967878033959855,2.9992061834132405e-11,5.948261010413347e-07,7.900509940890415e-09
149400.0,0.7674322510967915,0.7674322510967915,0.0,320.966780697162,0.500095988085065,0.4949797770048603,2.971426493494468e-11,5.89066092793189e-07,7.852707037953555e-09
149550.0,0.7634748372096677,0.7634748372096677,0.0,320.9747880722213,0.4982705167901282,0.4931806884311965,2.943997051537058e-11,5.833699155965988e-07,7.805263686276057e-09
149700.0,0.7595409673858218,0.7595409673858218,0.0,320.98275565031247,0.4964540896119346,0.4913904870142692,2.916810406354884e-11,5.777360091441253e-07,7.758166313636058e-09
149850.0,0.7556304995869939,0.7556304995869939,0.0,320.9906836573683,0.49464665522735524,0.48960912237784954,2.8898947279623874e-11,5.721611390230308e-07,7.711378522783398e-09
150000.0,0.7517432924778178,0.7517432924778178,0.0,320.99857231805987,0.4928481626012799,0.48783654442908375,2.863258979112777e-11,5.666483965383051e-07,7.664948890107161e-09
150150.0,0.7478792054118862,0.7478792054118862,0.0,321.0064218558015,0.4910585609854583,0.486072703357357,2.8369180893268653e-11,5.611966948926295e-07,7.618869920068429e-09
150300.0,0.7440380984308121,0.7440380984308121,0.0,321.0142324927562,0.48927779991734865,0.4843175496331598,2.8108458005989937e-11,5.558024863683286e-07,7.573100414014529e-09
150450.0,0.7402198322737554,0.7402198322737554,0.0,321.02200444984044,0.4875058292189676,0.4825710340069451,2.785044464686519e-11,5.504703800562893e-07,7.527710057514556e-09
150600.0,0.7364242677629198,0.7364242677629198,0.0,321.0297379467288,0.4857425989963426,0.48083310750798064,2.7567729970758865e-11,5.44508627298157e-07,7.473212196792275e-09
150750.0,0.7326512683051493,0.7326512683051493,0.0,321.0374332018532,0.48398805963657365,0.4791037214431721,2.7314939463014857e-11,5.392949151694637e-07,7.428487878735685e-09
150900.0,0.7289006959807848,0.7289006959807848,0.0,321.04509043242706,0.4822421618082583,0.47738282739596966,2.7064263873178324e-11,5.341374886835837e-07,7.384083917240999e-09
151050.0,0.7251724142656195,0.7251724142656195,0.0,321.05270985442985,0.4805048564600363,0.4756703772251747,2.6817253912602716e-11,5.290363745968918e-07,7.340007320555795e-09
151200.0,0.7214662873205796,0.7214662873205796,0.0,321.0602916826194,0.4787760948193102,0.47396632306375464,2.6571497744695354e-11,5.239872424844805e-07,7.296204470167249e-09
151350.0,0.7177821800010435,0.7177821800010435,0.0,321.06783613053653,0.4770558283910634,0.4722706173176899,2.632877558294624e-11,5.189950124107057e-07,7.252750188743987e-09
151500.0,0.7141199578402304,0.7141199578402304,0.0,321.0753434105106,0.47534400895667656,0.47058321266479963,2.6088502597785307e-11,5.140586919472057e-07,7.209637403102414e-09
151650.0,0.7104794870514057,0.7104794870514057,0.0,321.0828137336642,0.473640588572743,0.4689040620535676,2.5850926497985003e-11,5.091750975294573e-07,7.1668280381655795e-09
151800.0,0.7068606345343735,0.7068606345343735,0.0,321.09024730991837,0.47194551956989733,0.4672331187019639,2.5615426461710715e-11,5.043443556118632e-07,7.124330170870742e-09
151950.0,0.7032632678689146,0.7032632678689146,0.0,321.09764434799786,0.47025875455161825,0.4655703360962606,2.5382427853333074e-11,4.995652643779991e-07,7.082133109948854e-09
152100.0,0.6996872553160745,0.6996872553160745,0.0,321.1050050554358,0.46858024639303675,0.4639156679898493,2.5152234809839274e-11,4.948379557223603e-07,7.040244931811873e-09
152250.0,0.6961324658179211,0.6961324658179211,0.0,321.1123296385789,0.4669099482397667,0.4622690684020528,2.4924172618949982e-11,4.901608300356131e-07,6.998649052613554e-09
152400.0,0.6925987690010089,0.6925987690010089,0.0,321.1196183025929,0.4652478135066902,0.46063049161693376,2.4697315442829926e-11,4.855375425050212e-07,6.957403895433736e-09
152550.0,0.6890860351620359,0.6890860351620359,0.0,321.12687125146743,0.4635937958767737,0.4589998921821039,2.447412924221557e-11,4.809615694600922e-07,6.916422289481126e-09
152700.0,0.6855941352870356,0.6855941352870356,0.0,321.1340886880209,0.46194784929986,0.4573772249075276,2.4252898800159442e-11,4.764371738241735e-07,6.875771432443062e-09
152850.0,0.6821229410344027,0.6821229410344027,0.0,321.1412708139063,0.4603099279914953,0.45576244486432665,2.403304283133075e-11,4.7195910857222856e-07,6.835381697885786e-09
153000.0,0.6786723247429101,0.6786723247429101,0.0,321.1484178296158,0.45867998643166275,0.4541555073835815,2.3816623042619903e-11,4.675307253565464e-07,6.795307392033658e-09
153150.0,0.6752421594261292,0.6752421594261292,0.0,321.1555299344861,0.45705797936366144,0.4525563680551324,2.360156217551542e-11,4.6314677137893057e-07,6.755478039842942e-09
153300.0,0.6718323187810707,0.6718323187810707,0.0,321.1626073267036,0.4554438617928224,0.4509649827263756,2.3389107963021002e-11,4.588140448680278e-07,6.7159985142396974e-09
153450.0,0.668442677168499,0.668442677168499,0.0,321.1696502033099,0.45383758898534327,0.4493813075010637,2.3178665845802254e-11,4.545265639421814e-07,6.676787393751415e-09
153600.0,0.6650731096333812,0.6650731096333812,0.0,321.1766587602064,0.45223911646709647,0.44780529873810054,2.2969999225080244e-11,4.502839923148372e-07,6.637845274309267e-09
153750.0,0.6617234918908911,0.6617234918908911,0.0,321.1836331921601,0.4506484000223518,0.4462369130503343,2.27631344560285e-11,4.4608826810232927e-07,6.599206359550722e-09
153900.0,0.6583937003271494,0.6583937003271494,0.0,321.19057369280836,0.44906539569261744,0.444676107303357,2.255976901749576e-11,4.41938082129667e-07,6.560857080337448e-09
154050.0,0.6550836168525305,0.6550836168525305,0.0,321.19748045466457,0.44749005974935424,0.4431228386142948,2.381055614333222e-11,4.4659361442267453e-07,6.653311504808519e-09
154200.0,0.6517931084092645,0.6517931084092645,0.0,321.20435366917377,0.44592234879203213,0.44157706435258304,2.360102589545707e-11,4.424919005652228e-07,6.615380484425863e-09
154350.0,0.6485220598340911,0.6485220598340911,0.0,321.2111935265543,0.44436221960732414,0.4400387421313308,2.339324553284716e-11,4.384350930086711e-07,6.57774331634388e-09
154500.0,0.6452703497403264,0.6452703497403264,0.0,321.21800021598375,0.4428096292518016,0.43850782981635317,2.3189105384474528e-11,4.344230588593234e-07,6.540403673294871e-09
154650.0,0.6420378578530843,0.6420378578530843,0.0,321.2247739255313,0.44126453503496277,0.43698428551894375,2.2984867491711133e-11,4.3045023145893424e-07,6.503283137174973e-09
154800.0,0.6388244645874899,0.6388244645874899,0.0,321.23151484216817,0.4397268945162563,0.43546806759580464,2.278433827950336e-11,4.2651974196949993e-07,6.466434011482126e-09
154950.0,0.6356300510090933,0.6356300510090933,0.0,321.2382231517732,0.43819666550375924,0.4339591346479265,2.2585598702953938e-11,4.2263418420507293e-07,6.4299011148218054e-09
155100.0,0.6324544988349288,0.6324544988349288,0.0,321.24489903913786,0.4366738060530251,0.4324574455193877,2.2387014607304414e-11,4.1878932077743514e-07,6.393625554091235e-09
155250.0,0.6292976904444973,0.6292976904444973,0.0,321.2515426879711,0.4351582744658636,0.43096295929614387,2.2193226752607822e-11,4.1498654002047886e-07,6.3576337526057675e-09
155400.0,0.6261595088656828,0.6261595088656828,0.0,321.258154280905,0.43365002928914087,0.42947563530482474,2.1999923906449727e-11,4.112182637738826e-07,6.321814612395631e-09
155550.0,0.6230398378016455,0.6230398378016455,0.0,321.2647339994997,0.432149029313568,0.42799543311152677,2.1808464198792616e-11,4.074954573773937e-07,6.286341512397017e-09
155700.0,0.6199385615956763,0.6199385615956763,0.0,321.27128202424905,0.4306552335725121,0.42652231252061,2.1618740832840766e-11,4.0381036048309227e-07,6.251100323465595e-09
155850.0,0.616855565253942,0.616855565253942,0.0,321.2777985345855,0.429168601340767,0.4250562335734939,2.1431372558207564e-11,4.001629794192496e-07,6.216095930116962e-09
156000.0,0.6137907344380129,0.6137907344380129,0.0,321.2842837088854,0.42768909213333206,0.423597156547454,2.1245271634715486e-11,3.96556304016471e-07,6.181379750080144e-09
156150.0,0.6107439554556751,0.6107439554556751,0.0,321.29073772447475,0.4262166657042209,0.42214504195442215,2.1060764756301843e-11,3.929858629625471e-07,6.14688716771523e-09
156300.0,0.6077151152707124,0.6077151152707124,0.0,321.29716075763366,0.42475128204522294,0.4206998505397859,2.087951104441111e-11,3.894551594552098e-07,6.1126777939306265e-09
156450.0,0.6047043407155653,0.6047043407155653,0.0,321.3035529836023,0.4232929010849488,0.4192615432981561,3.405046697934128e-11,6.726966603753937e-07,1.0594660082907038e-08
156600.0,0.6017109940748102,0.6017109940748102,0.0,321.30991457909965,0.4218414836030777,0.41783008142051,3.3753713476222656e-11,6.666896498197517e-07,1.0536179674654888e-08
156750.0,0.5987352586305628,0.5987352586305628,0.0,321.3162457142883,0.42039699033239775,0.4164054263464786,3.346042018490923e-11,6.607426894511548e-07,1.0478075163013916e-08
156900.0,0.5957770239819316,0.5957770239819316,0.0,321.32254656139924,0.41895938220174733,0.41498753974093117,3.31692206735529e-11,6.548595066213636e-07,1.0420413599999376e-08
157050.0,0.5928361789808637,0.5928361789808637,0.0,321.32881729164524,0.41752862036474203,0.4135763834984271,3.2881434985699425e-11,6.490336277309439e-07,1.0363100013981718e-08
157200.0,0.5899126131933567,0.5899126131933567,0.0,321.3350580752107,0.41610466620640113,0.4121719197402442,3.259658282044297e-11,6.432698167468942e-07,1.030621810631674e-08
157350.0,0.587006217053561,0.587006217053561,0.0,321.34126908125876,0.41468748134293365,0.41077411081277404,3.23137941720056e-11,6.375296195404445e-07,1.0249157871462684e-08
157500.0,0.584116882103984,0.584116882103984,0.0,321.34745047793723,0.4132770276181327,0.40938291928331444,3.203429005501851e-11,6.31881248658317e-07,1.0193021571996243e-08
157650.0,0.5812445002187611,0.5812445002187611,0.0,321.35360243239086,0.41187326710587274,0.40799830794638486,3.1757242449159725e-11,6.262955792868397e-07,1.0137350965385659e-08
157800.0,0.57838896417641,0.57838896417641,0.0,321.35972511076176,0.4104761621063482,0.40662023981693346,3.148332031845242e-11,6.207642010425118e-07,1.0082017883118568e-08
157950.0,0.5755501675093109,0.5755501675093109,0.0,321.3658186781986,0.4090856751449419,0.4052486781301354,3.121223433472074e-11,6.152883361698613e-07,1.0027049320852092e-08
158100.0,0.5727280044703075,0.5727280044703075,0.0,321.37188329886214,0.4077017689709165,0.4038835863402417,3.094332250550264e-11,6.098690884526192e-07,9.972470645099154e-09
158250.0,0.5699223700081792,0.5699223700081792,0.0,321.3779191359322,0.4063244065560994,0.40252492811942875,3.067785482063258e-11,6.045075792160404e-07,9.91830779318575e-09
158400.0,0.5671331597477244,0.5671331597477244,0.0,321.3839263516131,0.40495355109363146,0.401172667356642,3.041407590691069e-11,5.991993020648678e-07,9.864494342567596e-09
158550.0,0.5643602699826729,0.5643602699826729,0.0,321.38990510713967,0.4035891659966817,0.39982676815644164,3.015410987133684e-11,5.939466619642175e-07,9.811077072191128e-09
158700.0,0.561603597652775,0.561603597652775,0.0,321.39585556278274,0.40223121489724306,0.39848719483784845,2.989628648899749e-11,5.88743582774498e-07,9.757962766513165e-09
158850.0,0.5588630403483688,0.5588630403483688,0.0,321.4017778778548,0.4008796616448804,0.3971539119331859,2.963965946767817e-11,5.835941881970896e-07,9.705226514485654e-09
159000.0,0.5561384962943687,0.5561384962943687,0.0,321.4076722107151,0.3995344703055477,0.3958268841869287,2.9386766951914546e-11,5.785015204651245e-07,9.652926317349793e-09
159150.0,0.5534298643345166,0.5534298643345166,0.0,321.4135387187757,0.39819560516040436,0.3945060765545493,2.9136279408089406e-11,5.734562537051957e-07,9.60091382683127e-09
159300.0,0.550737043940707,0.550737043940707,0.0,321.419377558506,0.39686303070455653,0.3931914542013647,2.888775605785664e-11,5.684619323043094e-07,9.549254836445897e-09
159450.0,0.5480599352020589,0.5480599352020589,0.0,321.4251888854384,0.39553671164592985,0.3918829825013918,2.8641167348426128e-11,5.635213524701754e-07,9.498003360635702e-09
159600.0,0.5453984388123012,0.5453984388123012,0.0,321.4309728541734,0.39421661290408866,0.39058062703619734,2.8398706713069806e-11,5.586286028202991e-07,9.447066824590524e-09
159750.0,0.5427524560768324,0.5427524560768324,0.0,321.43672961838485,0.39290269960901963,0.3892843535937546,2.8157373106450395e-11,5.537870731986416e-07,9.396509173895034e-09
159900.0,0.5401218889036151,0.5401218889036151,0.0,321.4424593308248,0.3915949371000376,0.3879941281673033,2.7918857848945804e-11,5.489934633562399e-07,9.346281260628129e-09
160050.0,0.5375066397984791,0.5375066397984791,0.0,321.448162143329,0.39029329092454734,0.38670991695420853,2.7682785273361036e-11,5.442476576078548e-07,9.296387618630973e-09
160200.0,0.534906625387854,0.534906625387854,0.0,321.45383820682196,0.38899772679980976,0.38543168635482816,2.7573636222211186e-11,5.58640614101158e-07,9.57401677205947e-09
160350.0,0.532321719308426,0.532321719308426,0.0,321.45948767146405,0.3877082107423698,0.3841594029733213,2.734479734779812e-11,5.53951154169674e-07,9.5252243623968e-09
160500.0,0.5297518433687858,0.5297518433687858,0.0,321.4651106861973,0.386424708903631,0.38289303360992316,2.711800264057042e-11,5.493126086220101e-07,9.476837202957798e-09
160650.0,0.5271969018581333,0.5271969018581333,0.0,321.4707073992526,0.3851471876485619,0.3816325452676281,2.6893228723614013e-11,5.447180637663251e-07,9.428742763547808e-09
160800.0,0.5246568001185877,0.5246568001185877,0.0,321.4762779579633,0.38387561354727606,0.38037790514762015,2.6671619490672512e-11,5.401702015683796e-07,9.38099360843883e-09
160950.0,0.5221314441369486,0.5221314441369486,0.0,321.4818225087749,0.38260995337146425,0.37912908064833944,2.645102422260417e-11,5.356682276635993e-07,9.333582376228036e-09
161100.0,0.5196207404917066,0.5196207404917066,0.0,321.4873411972512,0.38135017409299005,0.37788603936444987,2.623300283498738e-11,5.312106795551941e-07,9.286489874538274e-09
161250.0,0.5171245963417762,0.5171245963417762,0.0,321.4928341680793,0.38009624288271765,0.3766487490857423,2.6017562248943717e-11,5.267954747978365e-07,9.239685731566752e-09
161400.0,0.5146429194238238,0.5146429194238238,0.0,321.4983015650741,0.3788481271093643,0.3754171777960315,2.580358435477011e-11,5.224239090217964e-07,9.193198569356797e-09
161550.0,0.512175618052833,0.512175618052833,0.0,321.503743531184,0.3776057943383941,0.37419129367205245,2.5591907613858618e-11,5.181015876321027e-07,9.147133428568847e-09
161700.0,0.5097226008354176,0.5097226008354176,0.0,321.50916020849536,0.37636921233078263,0.3729710650823613,2.5352333849590216e-11,5.135722140892085e-07,9.096957584260659e-09
161850.0,0.5072837778014587,0.5072837778014587,0.0,321.5145517382343,0.3751383490427189,0.37175646058623646,2.51446554012115e-11,5.093290893487534e-07,9.051400026123047e-09
162000.0,0.5048590586656052,0.5048590586656052,0.0,321.51991826078114,0.3739131726227916,0.3705474489325749,2.4939081040868156e-11,5.05133099570898e-07,9.006245951480697e-09
162150.0,0.5024483539904656,0.5024483539904656,0.0,321.5252599156659,0.3726936514122729,0.3693439990588412,2.473582458167583e-11,5.009757092500067e-07,8.961349486396777e-09
162300.0,0.5000515749181225,0.5000515749181225,0.0,321.53057684157585,0.37147975394367116,0.3681460800899464,2.453420060856956e-11,4.968594116139258e-07,8.916760717808708e-09
162450.0,0.49766863314380805,0.49766863314380805,0.0,321.5358691763605,0.37027144893956787,0.36695366133717444,2.4335128764109728e-11,4.927847936375684e-07,8.872496021479564e-09
162600.0,0.49529944091531375,0.49529944091531375,0.0,321.541137057037,0.3690687053115489,0.3657667122971099,2.4137114846416008e-11,4.887494624572497e-07,8.828518112811768e-09
162750.0,0.4929439110339036,0.4929439110339036,0.0,321.5463806197942,0.3678714921590937,0.3645852026505624,2.3941159739765907e-11,4.847542047214937e-07,8.784846793036295e-09
162900.0,0.490601956845218,0.490601956845218,0.0,321.55159999999796,0.36667977876847535,0.36340910226149825,2.3747368504567263e-11,4.807986531130126e-07,8.741481095172743e-09
163050.0,0.48827349223853184,0.48827349223853184,0.0,321.55679533219563,0.3654935346116987,0.3622383811759773,2.355546592254182e-11,4.768803197330307e-07,8.698381313177346e-09
163200.0,0.4859584316491917,0.4859584316491917,0.0,321.5619667501207,0.3643127293454073,0.36107300962109073,2.3364606270804073e-11,4.730017045817547e-07,8.655598454870324e-09
163350.0,0.48365669004972967,0.48365669004972967,0.0,321.56711438669794,0.36313733280982086,0.35991295800390594,2.317668442815626e-11,4.6916249163420076e-07,8.613132447789506e-09
163500.0,0.48136818294660266,0.48136818294660266,0.0,321.5722383740476,0.3619673150276561,0.3587581969104129,2.2990332301610948e-11,4.6536011877318373e-07,8.570941803361959e-09
163650.0,0.47909282637779543,0.47909282637779543,0.0,321.57733884349017,0.36080264620305086,0.35760869710447646,2.2805649631483576e-11,4.615916354144822e-07,8.52897727279435e-09
163800.0,0.4768305369206338,0.4768305369206338,0.0,321.58241592555146,0.3596432967205235,0.3564644295267942,2.2621788643152313e-11,4.5786124114322035e-07,8.487321471363729e-09
163950.0,0.47458123167914895,0.47458123167914895,0.0,321.5874697499668,0.358489237143909,0.3553253652938551,2.2440930750784825e-11,4.541710638128471e-07,8.44601951290992e-09
164100.0,0.4723448282693766,0.4723448282693766,0.0,321.59250044568563,0.35734043821529465,0.35419147569690496,2.226164984212108e-11,4.5051092201209286e-07,8.404887400226891e-09
164250.0,0.4701212448487234,0.4701212448487234,0.0,321.5975081408766,0.3561968708539626,0.35306273220091583,2.20841471081472e-11,4.468917046418497e-07,8.364133081245234e-09
164400.0,0.4679104000806264,0.4679104000806264,0.0,321.60249296293154,0.3550585061553861,0.3519391064435604,2.190787842374854e-11,4.4330677489989867e-07,8.323638071183909e-09
164550.0,0.4657122131533785,0.4657122131533785,0.0,321.60745503847033,0.3539253153901729,0.3508205702341876,2.1733991821686636e-11,4.397555835033984e-07,8.283396983882599e-09
164700.0,0.4635266037635094,0.4635266037635094,0.0,321.61239449334533,0.35279727000297734,0.34970709555280544,2.156030828055603e-11,4.3623772427725527e-07,8.24340702851005e-09
164850.0,0.4613534921289318,0.4613534921289318,0.0,321.61731145264633,0.3516743416115586,0.3485986545490717,2.1389897461499924e-11,4.327558970618206e-07,8.20372421975595e-09
165000.0,0.4591927989675727,0.4591927989675727,0.0,321.6222060407043,0.3505565020056825,0.34749521954127777,2.1219623175973396e-11,4.29306862392842e-07,8.164292297848235e-09
165150.0,0.45704444550844714,0.45704444550844714,0.0,321.6270783810966,0.3494437231461364,0.34639676301535105,2.105228433658625e-11,4.2589064164211266e-07,8.125116452852627e-09
165300.0,0.4549083534821224,0.4549083534821224,0.0,321.6319285966509,0.3483359771636888,0.3453032576238503,2.0886312302430915e-11,4.2250634374463303e-07,8.086184439610542e-09
165450.0,0.45278444512417804,0.45278444512417804,0.0,321.6367568094498,0.3472332363580946,0.3442146761849737,2.072129807629961e-11,4.1915604154230124e-07,8.047540723896106e-09
165600.0,0.45067264316525035,0.45067264316525035,0.0,321.64156314083573,0.3461354731970763,0.34313099168156463,2.0558313221420773e-11,4.1583849652582217e-07,8.009166520552097e-09
165750.0,0.44857287083173236,0.44857287083173236,0.0,321.64634771141436,0.3450426603153198,0.34205217726012727,2.039698331266741e-11,4.1255284821684057e-07,7.97105006938033e-09
165900.0,0.4464850518438119,0.4464850518438119,0.0,321.6511106410601,0.3439547705134833,0.34097820622984265,2.0236157244578305e-11,4.0929771799591563e-07,7.933169379312734e-09
166050.0,0.4444091104153898,0.4444091104153898,0.0,321.6558520489196,0.3428717767571903,0.3399090520615936,2.0077753468562673e-11,4.0607588192020927e-07,7.895582925309867e-09
166200.0,0.4423452230625329,0.4423452230625329,0.0,321.6605720534167,0.34179365167263603,0.3388446883869896,3.276324069876495e-11,7.302155695665391e-07,1.4242815140910941e-08
166350.0,0.44029275263948364,0.44029275263948364,0.0,321.6652707749286,0.34072036920559007,0.33778508901855314,3.2503180331150525e-11,7.245839447334035e-07,1.4177490012759619e-08
166500.0,0.43825195089334,0.43825195089334,0.0,321.6699483271511,0.33965190275976026,0.33673022788049195,3.2245185728891934e-11,7.190030935078084e-07,1.411254851738345e-08
166650.0,0.4362227388141583,0.4362227388141583,0.0,321.67460482652956,0.3385882259174631,0.3356800790818717,3.1989541886513254e-11,7.134754438364865e-07,1.4048045959133239e-08
166800.0,0.4342050398366087,0.4342050398366087,0.0,321.679240388749,0.3375293124342908,0.334634616888718,3.173644569888213e-11,7.080006869109035e-07,1.3983984221592309e-08
166950.0,0.4321987791570468,0.4321987791570468,0.0,321.68385512875915,0.3364751362331165,0.33359381572255137,3.1485251906881556e-11,7.025722801867751e-07,1.392024163711202e-08
167100.0,0.4302038831231209,0.4302038831231209,0.0,321.6884491607921,0.3354256713990678,0.33255765015958394,3.123681187197664e-11,6.972005395788905e-07,1.3857030017427345e-08
167250.0,0.42822027889020176,0.42822027889020176,0.0,321.6930225983737,0.3343808921766954,0.3315260949299286,3.099113322731369e-11,6.91875182701196e-07,1.3794153092846613e-08
167400.0,0.4262478943086387,0.4262478943086387,0.0,321.69757555433165,0.3333407729681225,0.3304991249167328,3.074715834633784e-11,6.866001836525193e-07,1.3731697196613851e-08
167550.0,0.4242864532522621,0.4242864532522621,0.0,321.70210814080195,0.33230528871108767,0.32947671515527616,2.2065637752312408e-11,4.19880535784678e-07,8.423590195495e-09
167700.0,0.42233634142056087,0.42233634142056087,0.0,321.7066204670604,0.331274413646327,0.32845884081585985,2.1910754616167783e-11,4.168504916801652e-07,8.388825588065697e-09
167850.0,0.4203974950322561,0.4203974950322561,0.0,321.71111264686436,0.33024812209909177,0.3274454772549844,4.985108909611695e-11,7.684161520415955e-07,1.551189546327494e-08
168000.0,0.4184710050674182,0.4184710050674182,0.0,321.7155847924566,0.3292263814803835,0.3264365798653046,4.9483948749200194e-11,7.628055812558543e-07,1.54464247939034e-08
168150.0,0.41655466919785694,0.41655466919785694,0.0,321.72003702864026,0.3282091734278245,0.32543214734814463,4.9120906135476714e-11,7.572458735061183e-07,1.5381367225813632e-08
168300.0,0.4146487003027872,0.4146487003027872,0.0,321.7244694565932,0.3271964746952888,0.3244321550381686,4.87610854250868e-11,7.517347562213672e-07,1.5316684099799506e-08
168450.0,0.41275316094895503,0.41275316094895503,0.0,321.72888217982415,0.3261882613742751,0.3234365786097893,4.840505916281947e-11,7.462760872045671e-07,1.5252461550075516e-08
168600.0,0.41086806735113807,0.41086806735113807,0.0,321.73327530257575,0.3251845094210756,0.322445393911171,4.80526052640507e-11,7.40865451487327e-07,1.5188617129114097e-08
168750.0,0.40899341302338194,0.40899341302338194,0.0,321.73764892933127,0.3241851947988841,0.32145857694873575,4.7702813745482564e-11,7.355011328313843e-07,1.512512281316383e-08
168900.0,0.4071291772822193,0.4071291772822193,0.0,321.74200316457313,0.3231902935324982,0.32047610388522657,4.735554932904171e-11,7.301914788371278e-07,1.5062157774110336e-08
169050.0,0.40527532927058774,0.40527532927058774,0.0,321.7463381126313,0.3221997817353758,0.3194979510397292,4.7012478378684774e-11,7.249236042561336e-07,1.499946400442768e-08
169200.0,0.40343183041410907,0.40343183041410907,0.0,321.7506538775746,0.32121363562564925,0.318524094887621,4.667204415783409e-11,7.197098730871154e-07,1.493730429978558e-08
169350.0,0.40159863606935187,0.40159863606935187,0.0,321.75495056312855,0.3202318315369793,0.31755451206008967,4.633371559814234e-11,7.145359043336796e-07,1.487538784853055e-08
169500.0,0.39977569686830655,0.39977569686830655,0.0,321.75922827260933,0.31925434592626706,0.3165891793432128,4.600027578859691e-11,7.094101663329688e-07,1.4813897349352704e-08
169650.0,0.3979629597233429,0.3979629597233429,0.0,321.76348710887413,0.3182811553793283,0.31562807367670076,4.566928303640995e-11,7.043292158948056e-07,1.4752768194426178e-08
169800.0,0.3961603686934263,0.3961603686934263,0.0,321.7677271742797,0.3173122366150175,0.3146711721523967,4.5340700038303444e-11,6.993003061062097e-07,1.4692159654606354e-08
169950.0,0.3943678656520784,0.3943678656520784,0.0,321.77194857065217,0.31634756648824575,0.31371845201262205,4.5015268983182926e-11,6.943085241184477e-07,1.4631765767968916e-08
170100.0,0.3925853908878131,0.3925853908878131,0.0,321.77615139926303,0.31538712199191893,0.3127698906484304,4.469258610188584e-11,6.893645361216727e-07,1.4571817470284156e-08
170250.0,0.3908128835273375,0.3908128835273375,0.0,321.78033576081157,0.3144308802582436,0.3118254655978251,4.437356504061772e-11,6.844645586423503e-07,1.4512242098702186e-08
170400.0,0.38905028192470353,0.38905028192470353,0.0,321.78450175541167,0.3134788185594168,0.31088515454397414,4.405731348440137e-11,6.796083071303194e-07,1.4453040458542844e-08
170550.0,0.387297523952156,0.387297523952156,0.0,321.78864948258325,0.312530914307841,0.309948935313448,4.374319214587065e-11,6.747932064232742e-07,1.43941644496776e-08
170700.0,0.3855545472415929,0.3855545472415929,0.0,321.79277904124626,0.31158714505597684,0.309016785874503,4.343302177658281e-11,6.700205141818572e-07,1.433564734217961e-08
170850.0,0.38382128937061943,0.38382128937061943,0.0,321.7968905297176,0.3106474884959189,0.3080886843354158,4.3124444973037294e-11,6.652951572982957e-07,1.4277601503009006e-08
171000.0,0.3820976879988537,0.3820976879988537,0.0,321.80098404570987,0.3097119224588231,0.30716460894288244,4.281879439377347e-11,6.606077525006526e-07,1.421983257335924e-08
171150.0,0.38038368099935205,0.38038368099935205,0.0,321.8050596863316,0.3087804249140626,0.30624453808047697,4.25154143845852e-11,6.559615072232461e-07,1.416241562605117e-08
171300.0,0.37867920653214193,0.37867920653214193,0.0,321.8091175480893,0.307852973968347,0.3053284502671806,4.2216086222562514e-11,6.513571814137364e-07,1.4105373592627327e-08
171450.0,0.3769842031116397,0.3769842031116397,0.0,321.8131577268889,0.30692954786476634,0.30441632415597325,4.1919259297875546e-11,6.467926764175402e-07,1.4048667539877221e-08
171600.0,0.37529860965462836,0.37529860965462836,0.0,321.81718031804,0.30601012498174107,0.3035081385324863,4.162317365092449e-11,6.422664149408064e-07,1.3992269372985157e-08
171750.0,0.3736223655189949,0.3736223655189949,0.0,321.82118541625914,0.3050946838319478,0.302603872313715,4.133194950275332e-11,6.377840708338134e-07,1.3936309057095152e-08
171900.0,0.3719554105096502,0.3719554105096502,0.0,321.8251731156734,0.30418320306127716,0.30170350454678874,4.1042087978602135e-11,6.333363862243147e-07,1.3880590816114857e-08
172050.0,0.3702977068874619,0.3702977068874619,0.0,321.8291435098254,0.30327566134292866,0.3008070141564443,4.0755240848662766e-11,6.289148057891936e-07,1.3824931922865356e-08
172200.0,0.3686491451427862,0.3686491451427862,0.0,321.833096691912,0.3023720377593413,0.29991438095535583,4.046929929904557e-11,6.245449665764902e-07,1.3769901282418784e-08
172350.0,0.3670096974286205,0.3670096974286205,0.0,321.83703275401746,0.3014723112955776,0.2990255841141503,4.0187868140688865e-11,6.202145255707059e-07,1.3715234696133635e-08
172500.0,0.36537930395742363,0.36537930395742363,0.0,321.8409517879852,0.30057646111134195,0.2981406031911292,3.990898629751883e-11,6.159255148685538e-07,1.3660983577827978e-08
172650.0,0.36375790649513867,0.36375790649513867,0.0,321.8448538850751,0.29968446649974173,0.29725941786757604,3.9632280777088766e-11,6.116702845893052e-07,1.3606984522387811e-08
172800.0,0.36214544753639116,0.36214544753639116,0.0,321.8487391359808,0.2987963068821528,0.2963820079482649,3.9357887060444164e-11,6.0745320723532e-07,1.3553340369205735e-08
172950.0,0.360541870115486,0.360541870115486,0.0,321.85260763083613,0.29791196180632157,0.29550835336066505,3.908579208116325e-11,6.032670090139192e-07,1.349989451819136e-08
173100.0,0.3589471177782747,0.3589471177782747,0.0,321.8564594592205,0.2970314109450768,0.2946384341540501,3.881509036331958e-11,5.991242727487744e-07,1.344693413271269e-08
173250.0,0.35736113452015794,0.35736113452015794,0.0,321.86029471016406,0.29615463409532167,0.2937722304986134,3.8548507776647434e-11,5.950139172483659e-07,1.3394217046239703e-08
173400.0,0.35578386480162316,0.35578386480162316,0.0,321.86411347215113,0.2952816111770016,0.2929097226845947,3.828330811060209e-11,5.909405909054755e-07,1.3341853302907873e-08
173550.0,0.3542152535211908,0.3542152535211908,0.0,321.86791583312583,0.2944123222322295,0.29205089112142946,3.8020816382876645e-11,5.869011817094538e-07,1.3289778481633706e-08
173700.0,0.3526552460115318,0.3526552460115318,0.0,321.8717018804956,0.2935467474243208,0.2911957163369105,3.776037155349803e-11,5.82899986112384e-07,1.3238095606621367e-08
173850.0,0.35110378801920533,0.35110378801920533,0.0,321.875471701135,0.29268486703696933,0.29034417897637205,3.750234507313472e-11,5.789296126379462e-07,1.3186642650821233e-08
174000.0,0.3495608257073791,0.3495608257073791,0.0,321.8792253813902,0.2918266614733227,0.2894962598018815,3.7246773720994254e-11,5.749911964336718e-07,1.313545041956889e-08
174150.0,0.3480263056487448,0.3480263056487448,0.0,321.88296300708254,0.2909721112551575,0.2886519396914522,3.6993148058388664e-11,5.710929518176755e-07,1.3084712239354473e-08
174300.0,0.3465001747947978,0.3465001747947978,0.0,321.8866846635124,0.29012119702207706,0.2878111996382625,3.674127884782832e-11,5.672226162101168e-07,1.3034153129389196e-08
174450.0,0.3449823805083588,0.3449823805083588,0.0,321.8903904354631,0.2892738995306587,0.2869740207498888,3.64919288777648e-11,5.633928781834108e-07,1.2984069863602278e-08
174600.0,0.34347287050814945,0.34347287050814945,0.0,321.8940804072042,0.2884301996536977,0.28614038424754923,3.624575097137333e-11,5.595858779683383e-07,1.2934056573368583e-08
174750.0,0.34197183976716333,0.34197183976716333,0.0,321.8977546624955,0.2875900776196947,0.28531027146535426,4.979831507561832e-11,9.166160996332273e-07,2.124820872866016e-08
174900.0,0.3404786735622949,0.3404786735622949,0.0,321.90141328722916,0.28675351563036205,0.2844836638760001,4.943020158675412e-11,9.104080022082073e-07,2.1165866678376686e-08
175050.0,0.33899366274227694,0.33899366274227694,0.0,321.90505636077387,0.28592049472277564,0.283660542999512,4.906622099702588e-11,9.042527289171431e-07,2.1084013344196572e-08
175200.0,0.3375167440688508,0.3375167440688508,0.0,321.90868396565463,0.28509099614981576,0.28284089051035094,4.8705976532859136e-11,8.981491282922249e-07,2.1002630514977663e-08
175350.0,0.33604786160278716,0.33604786160278716,0.0,321.91229618376724,0.28426500131939,0.28202468818935206,4.834781682143909e-11,8.920970993586685e-07,2.0921724335111756e-08
175500.0,0.33458696266554655,0.33458696266554655,0.0,321.9158930964557,0.2834424917690527,0.28121191792525196,4.799331138964259e-11,8.860954401335164e-07,2.0841275058492922e-08
175650.0,0.3331339961073263,0.3331339961073263,0.0,321.91947478454716,0.28262344915452503,0.28040256171477934,4.7642288565304154e-11,8.801454729479019e-07,2.0761322189905065e-08
175800.0,0.3316889116319449,0.3316889116319449,0.0,321.923041328367,0.2818078552449107,0.2795966016623116,4.729369668614634e-11,8.742420792851036e-07,2.0681753258801726e-08
175950.0,0.3302516595560228,0.3302516595560228,0.0,321.9265928077483,0.28099569192041374,0.27879401997931813,4.6948053343381695e-11,8.683916818408299e-07,2.06027282460208e-08
176100.0,0.3288221906724006,0.3288221906724006,0.0,321.930129302037,0.2801869411709608,0.2779947989837218,4.6606368917108895e-11,8.625865490774487e-07,2.0524072142037643e-08
176250.0,0.32740045622811914,0.32740045622811914,0.0,321.9336508900977,0.27938158509520855,0.27719892109924116,4.626705965465496e-11,8.568330101543786e-07,2.044594337078168e-08
176400.0,0.32598640785513333,0.32598640785513333,0.0,321.937157650317,0.27857960589959657,0.2764063688547207,4.5932353059974554e-11,8.511237520325565e-07,2.0368175655071985e-08
176550.0,0.32457999758607325,0.32457999758607325,0.0,321.94064966060756,0.2777809858975959,0.2756171248834694,4.559874565519743e-11,8.454670948898624e-07,2.0290975932181432e-08
176700.0,0.3231811778030807,0.3231811778030807,0.0,321.94412699841257,0.2769857075089366,0.27483117192259426,4.5268532655516726e-11,8.398517325480803e-07,2.0214081082648966e-08
176850.0,0.321789901261734,0.321789901261734,0.0,321.94758974070794,0.27619375325883266,0.27404849281234345,4.494213397332486e-11,8.34288351514445e-07,2.0137755752271936e-08
177000.0,0.3204061210480042,0.3204061210480042,0.0,321.95103796400656,0.27540510577732735,0.27326907049545146,4.461722195218508e-11,8.287666203865562e-07,2.00617587934054e-08
177150.0,0.3190297905968897,0.3190297905968897,0.0,321.95447174436146,0.2746197477985105,0.27249288801648613,4.42958200311613e-11,8.232932340868082e-07,1.9986259562825548e-08
177300.0,0.3176608636633793,0.3176608636633793,0.0,321.9578911573686,0.27383766215986427,0.27171992852120447,4.3978171101376455e-11,8.17864408975133e-07,1.9911174197742268e-08
177450.0,0.31629929433264864,0.31629929433264864,0.0,321.9612962781706,0.27305883180161267,0.27095017525590837,4.3662287938762007e-11,8.124770033979267e-07,1.9836433490353007e-08
177600.0,0.3149450370100759,0.3149450370100759,0.0,321.96468718145906,0.2722832397659587,0.2701836115668052,4.334921889204144e-11,8.071370521944843e-07,1.9762192068530296e-08
177750.0,0.3135980464122643,0.3135980464122643,0.0,321.9680639414783,0.2715108691965028,0.26942022089937573,4.3039953613436056e-11,8.018432032796952e-07,1.968842489075138e-08
177900.0,0.312258277563003,0.312258277563003,0.0,321.9714266320278,0.2707417033375568,0.26865998679774017,4.273165004823396e-11,7.965905059470479e-07,1.9615017958127922e-08
178050.0,0.31092568579687807,0.31092568579687807,0.0,321.97477532646536,0.2699757255334838,0.26790289290403335,4.242716700566026e-11,7.913793089731058e-07,1.9541986781942604e-08
178200.0,0.3096002267512168,0.3096002267512168,0.0,321.97811009770976,0.2692129192280456,0.2671489229577809,4.2125717765089725e-11,7.862115183332463e-07,1.9469385560139984e-08
178350.0,0.3082818563648112,0.3082818563648112,0.0,321.98143101824394,0.26845326796380475,0.2663980607952806,4.1826504268030756e-11,7.810861898382981e-07,1.939719827247825e-08
178500.0,0.3069705308703783,0.3069705308703783,0.0,321.9847381601179,0.2676967553814293,0.26565029034898685,4.152922313037717e-11,7.760040130477819e-07,1.9325449348887028e-08
178650.0,0.3056662069164527,0.3056662069164527,0.0,321.98803159495054,0.2669433650205452,0.2649055956468983,4.451472390770634e-11,8.008694156180773e-07,2.000098199497457e-08
178800.0,0.30436883549511684,0.30436883549511684,0.0,321.9913113939352,0.26619308108144063,0.26416396081785537,4.4210920928419244e-11,7.959573278260024e-07,1.9934335497935868e-08
178950.0,0.3030783849464872,0.3030783849464872,0.0,321.99457762777735,0.2654458873611068,0.26342537006870276,4.391088087915314e-11,7.910858804693888e-07,1.986810163919179e-08
179100.0,0.3017948082086111,0.3017948082086111,0.0,321.9978303668808,0.26470176786041066,0.2626898077140221,4.361285263807749e-11,7.862503290101408e-07,1.9802167935772067e-08
179250.0,0.3005180619818413,0.3005180619818413,0.0,322.0010696811824,0.2639607066955111,0.26195725815865917,4.331736242083283e-11,7.814540540218573e-07,1.9736625798205005e-08
179400.0,0.2992481040025505,0.2992481040025505,0.0,322.00429564019146,0.2632226880815277,0.2612277058994616,4.3024793300531646e-11,7.766926327090751e-07,1.9671369981311813e-08
179550.0,0.2979848924876606,0.2979848924876606,0.0,322.00750831300064,0.26248769632857344,0.26050113552511317,4.273331382429222e-11,7.719686202500853e-07,1.9606471237767034e-08
179700.0,0.2967283859833142,0.2967283859833142,0.0,322.01070776829135,0.26175571584030494,0.25977753171563656,4.2446003290021684e-11,7.672830570903955e-07,1.9541962490413738e-08
179850.0,0.29547854331726175,0.29547854331726175,0.0,322.0138940743357,0.2610267311130603,0.2590568792418326,4.2160742797030346e-11,7.626331115506702e-07,1.9477778088057085e-08
180000.0,0.2942353235938923,0.2942353235938923,0.0,322.0170672990004,0.26030072673519616,0.2583391629647092,4.187822798805931e-11,7.580208495894247e-07,1.941397703332984e-08
180150.0,0.29299868618582525,0.29299868618582525,0.0,322.0202275097489,0.25957768738652187,0.2576243678349092,4.159808557294949e-11,7.534439272482985e-07,1.935050568313779e-08
180300.0,0.2917685907282835,0.2917685907282835,0.0,322.0233747736435,0.258857597837672,0.25691247889213775,4.1319568140239886e-11,7.488981489944813e-07,1.9287262063525512e-08
180450.0,0.2905449971323173,0.2905449971323173,0.0,322.0265091573486,0.25814044294952937,0.25620348126459724,4.1043869524069943e-11,7.443924984196215e-07,1.9224483383648187e-08
180600.0,0.28932786555826767,0.28932786555826767,0.0,322.02963072713237,0.25742620767270025,0.2554973601684239,4.0770265462602214e-11,7.399168145405532e-07,1.9161913653622157e-08
180750.0,0.2881171564455148,0.2881171564455148,0.0,322.03273954887015,0.256714877046908,0.2547941009071244,4.050008708944735e-11,7.354779767987374e-07,1.9099736518564338e-08
180900.0,0.28691283047841154,0.28691283047841154,0.0,322.0358356880464,0.2560064362004196,0.25409368887102163,4.023152147992911e-11,7.310687196726562e-07,1.9037769271819527e-08
181050.0,0.2857148486230696,0.2857148486230696,0.0,322.038919209757,0.25530087034951043,0.25339610953670083,3.996428662630717e-11,7.267016292056283e-07,1.8976345522853452e-08
181200.0,0.2845231720779716,0.2845231720779716,0.0,322.0419901787124,0.25459816479791847,0.2527013484664593,3.9700832426466786e-11,7.223590974270166e-07,1.8915011897287185e-08
181350.0,0.28333776232444285,0.28333776232444285,0.0,322.0450486592395,0.253898304936209,0.2520093913077589,3.9439396627232837e-11,7.180569252529523e-07,1.8854187189456592e-08
181500.0,0.28215858108078073,0.28215858108078073,0.0,322.0480947152841,0.2532012762413413,0.2513202237926864,3.9179328807698396e-11,7.137825479563986e-07,1.8793547924986227e-08
181650.0,0.2809855903325952,0.2809855903325952,0.0,322.05112841041347,0.2525070642760143,0.25063383173740983,3.8921518659222775e-11,7.095419206626374e-07,1.8733255977003488e-08
181800.0,0.2798187523139567,0.2798187523139567,0.0,322.0541498078192,0.2518156546881588,0.2499502010416449,3.866635351176436e-11,7.053368694664996e-07,1.867336565022717e-08
181950.0,0.27865802950387375,0.27865802950387375,0.0,322.0571589703186,0.25112703321041085,0.24926931768812205,3.8413325424099397e-11,7.011605529516629e-07,1.8613701705414942e-08
182100.0,0.2775033846404253,0.2775033846404253,0.0,322.06015596035786,0.25044118565954393,0.24859116774205622,3.81631154918142e-11,6.97017269346567e-07,1.8554383470938892e-08
182250.0,0.276354780702192,0.276354780702192,0.0,322.06314084001457,0.24975809793594933,0.24791573735062172,3.7914696031374435e-11,6.929030509361667e-07,1.849531090716592e-08
182400.0,0.27521218091976185,0.27521218091976185,0.0,322.06611367099896,0.24907775602309232,0.24724301274242858,3.7667589015993384e-11,6.888202005450594e-07,1.8436550672452072e-08
182550.0,0.2740755487652825,0.2740755487652825,0.0,322.0690745146577,0.2484001459869895,0.24657298022700427,3.7423651951436065e-11,6.847674975385409e-07,1.8378075552725508e-08
182700.0,0.27294484795609963,0.27294484795609963,0.0,322.0720234319752,0.24772525397566708,0.24590562619427728,3.7180035089548623e-11,6.807476289893977e-07,1.8319963159839014e-08
182850.0,0.27182004244352015,0.27182004244352015,0.0,322.0749604835762,0.24705306621865764,0.2452409371140639,3.69398960655797e-11,6.767544582508833e-07,1.8262053806472836e-08
183000.0,0.27070109643205753,0.27070109643205753,0.0,322.0778857297284,0.2463835690264724,0.24457889953555992,3.6700901642873324e-11,6.727951846197122e-07,1.8204546871858015e-08
183150.0,0.26958797435131365,0.26958797435131365,0.0,322.0807992303441,0.24571674879008093,0.2439195000868325,3.6464715734982115e-11,6.688640487029218e-07,1.8147292278512692e-08
183300.0,0.26848064087148715,0.26848064087148715,0.0,322.08370104498306,0.245052591980381,0.2432627254743192,3.623056096620344e-11,6.649622164567326e-07,1.8090326681383554e-08
183450.0,0.26737906090084845,0.26737906090084845,0.0,322.0865912328544,0.2443910851477533,0.24260856248232737,3.599824428050398e-11,6.610869608403291e-07,1.8033580901437847e-08
183600.0,0.26628319958008595,0.26628319958008595,0.0,322.08946985281915,0.2437322149214388,0.24195699797253667,3.576777569298361e-11,6.572447679986659e-07,1.7977236977352733e-08
183750.0,0.2651930222751513,0.2651930222751513,0.0,322.0923369633919,0.24307596800915834,0.24130801888350836,3.553804684917763e-11,6.534276540959283e-07,1.7921082023523586e-08
183900.0,0.26410849459311436,0.26410849459311436,0.0,322.09519262274364,0.24242233119653955,0.24066161223019167,3.531160245096614e-11,6.496409316048002e-07,1.786526646557478e-08
184050.0,0.26302958235767215,0.26302958235767215,0.0,322.0980368887039,0.2417712913466297,0.24001776510343906,3.508727964823862e-11,6.458790762220445e-07,1.780964350301464e-08
184200.0,0.2619565123936786,0.2619565123936786,0.0,322.10086981876236,0.24112283458911588,0.23937646466952173,4.998145507873294e-11,1.0244545563531382e-06,2.8324555216814555e-08
184350.0,0.26088865317891297,0.26088865317891297,0.0,322.10369147287855,0.2404769490940343,0.23873769819416982,4.965765961880544e-11,1.0181992400326578e-06,2.8227216617326282e-08
184500.0,0.2598263411259698,0.2598263411259698,0.0,322.10650190424207,0.2398336217904826,0.23810145295804178,4.9392436917307563e-11,1.0162598472751583e-06,2.8249023626969686e-08
184650.0,0.2587695208556583,0.2587695208556583,0.0,322.1093011696912,0.23919283976135636,0.23746771635620492,4.9074137494439174e-11,1.010082943009305e-06,2.815254124432456e-08
184800.0,0.2577181570003513,0.2577181570003513,0.0,322.1120893254951,0.23855459020798137,0.2368364758543115,4.87585281692468e-11,1.0039498716807316e-06,2.805646765674468e-08
184950.0,0.2566722138401505,0.2566722138401505,0.0,322.11486642756955,0.23791886042954102,0.23620771898968831,4.8446042320741694e-11,9.978622441120244e-07,2.7960855851177557e-08
185100.0,0.25563165721263503,0.25563165721263503,0.0,322.1176325314722,0.23728563780754713,0.23558143337159432,4.813559949948717e-11,9.918197125813322e-07,2.7865704297584652e-08
185250.0,0.25459645375432965,0.25459645375432965,0.0,322.12038769242,0.236654909800738,0.23495760668118837,4.7828147684989274e-11,9.858218849578826e-07,2.777101013984001e-08
185400.0,0.25356657061079574,0.25356657061079574,0.0,322.12313196529647,0.23602666394279798,0.23433622667119694,4.752273341748596e-11,9.798706402941448e-07,2.767683458372936e-08
185550.0,0.25254197531296063,0.25254197531296063,0.0,322.12586540465776,0.23540088784117746,0.23371728116550539,4.721924494818039e-11,9.739621489313066e-07,2.7583077754813702e-08
185700.0,0.2515226357213557,0.2515226357213557,0.0,322.1285880647363,0.23477756917620696,0.23310075805872027,4.6918919656674203e-11,9.680983525939268e-07,2.7489802539223632e-08
185850.0,0.2505085199870364,0.2505085199870364,0.0,322.13129999944374,0.23415669570046901,0.23248664531572927,4.662043563746092e-11,9.622760744343317e-07,2.7396926704878174e-08
186000.0,0.24949959653881024,0.24949959653881024,0.0,322.1340012623744,0.23353825523818897,0.23187493097125775,4.632405445702642e-11,9.564991270971657e-07,2.730456661505324e-08
186150.0,0.2484958340588243,0.2484958340588243,0.0,322.1366919068078,0.2329222356846744,0.23126560312942562,4.6031120013862224e-11,9.507715069134726e-07,2.721284506876102e-08
186300.0,0.24749720146328297,0.24749720146328297,0.0,322.1393719857108,0.2323086250058767,0.2306586499633098,4.574039150233373e-11,9.450782449405004e-07,2.7121341847627417e-08
186450.0,0.24650366791867473,0.24650366791867473,0.0,322.14204155174053,0.2316974112377779,0.23005405971450288,4.545116140811961e-11,9.394274214646892e-07,2.7030295431328982e-08
186600.0,0.2455152028150993,0.2455152028150993,0.0,322.14470065724606,0.23108858248596598,0.22945182069268258,4.516451719282574e-11,9.338225896438068e-07,2.6939816169138453e-08
186750.0,0.2445317757565661,0.2445317757565661,0.0,322.1473493542714,0.23048212692516623,0.22885192127517698,4.487989831890811e-11,9.282581782121824e-07,2.6849751593784756e-08
186900.0,0.24355335656907137,0.24355335656907137,0.0,322.1499876945571,0.22987803279877836,0.22825434990653523,4.4597996007360085e-11,9.227326021876703e-07,2.6760063179398435e-08
187050.0,0.24257991529036418,0.24257991529036418,0.0,322.15261572954245,0.22927628841836203,0.22765909509810062,4.431853837082105e-11,9.172511515609383e-07,2.6670911847259253e-08
187200.0,0.24161142215877981,0.24161142215877981,0.0,322.1552335103675,0.2286768821632817,0.22706614542758716,4.404050622296594e-11,9.118045996292512e-07,2.6582036948191876e-08
187350.0,0.24064784762998176,0.24064784762998176,0.0,322.15784108787494,0.22807980248017287,0.2264754895386559,4.3764926925020485e-11,9.064024359406453e-07,2.6493722112006227e-08
187500.0,0.23968916234920118,0.23968916234920118,0.0,322.16043851261304,0.22748503788254898,0.22588711614049845,4.3491548508160255e-11,9.01041621037546e-07,2.640588671748911e-08
187650.0,0.23873533716233525,0.23873533716233525,0.0,322.16302583483565,0.22689257695040094,0.2253010140074199,4.322079370594369e-11,8.957151784727557e-07,2.6318333563010612e-08
187800.0,0.23778634311875643,0.23778634311875643,0.0,322.16560310450643,0.22630240832967452,0.22471717197842336,4.29518536059142e-11,8.904310828949935e-07,2.623130378114299e-08
187950.0,0.23684195547931083,0.23684195547931083,0.0,322.1681703712987,0.22571452115391644,0.22413557895680264,3.801089330377655e-11,6.259122412310969e-07,1.8486840162262095e-08
188100.0,0.23590258946191395,0.23590258946191395,0.0,322.17072768248437,0.22512890367599728,0.22355622389697694,3.779203858309576e-11,6.226088626881676e-07,1.843710729044425e-08
188250.0,0.23496795172162022,0.23496795172162022,0.0,322.1732750898374,0.2245455447290399,0.2229790958464035,3.7575350075681894e-11,6.193261592457588e-07,1.8387543901709042e-08
188400.0,0.23403802150510122,0.23403802150510122,0.0,322.1758126419894,0.22396443326733925,0.22240418389773484,3.7359536921626245e-11,6.160644387964709e-07,1.833816288919691e-08
188550.0,0.2331127744519832,0.2331127744519832,0.0,322.1783403873703,0.2233855582834327,0.2218314772059327,3.714585183301894e-11,6.128269803284958e-07,1.8289065925229835e-08
188700.0,0.23219218459354807,0.23219218459354807,0.0,322.1808583741688,0.22280890882230212,0.22126096498907444,3.693326111259572e-11,6.096093964624849e-07,1.8240126324232685e-08
188850.0,0.23127622539926293,0.23127622539926293,0.0,322.18336665031535,0.22223447398733237,0.22069263652742674,3.672303808923569e-11,6.064134181749115e-07,1.8191399599850193e-08
189000.0,0.23036487014797738,0.23036487014797738,0.0,322.18586526347536,0.2216622429422475,0.22012648116286124,3.651387907744283e-11,6.032400362288026e-07,1.8142919552488466e-08
189150.0,0.22945809209768736,0.22945809209768736,0.0,322.18835426104755,0.22109220491178888,0.2195624882984008,3.630558528126183e-11,6.00089475832899e-07,1.809469721987174e-08
189300.0,0.2285558645543782,0.2285558645543782,0.0,322.1908336901629,0.2205243491817766,0.21900064739780536,3.610090656188073e-11,5.969586925891335e-07,1.8046644880835503e-08
189450.0,0.22765816091316823,0.22765816091316823,0.0,322.19330359768554,0.21995866509895834,0.21844094798517755,3.589511214180042e-11,5.938460494181452e-07,1.7998716536156973e-08
189600.0,0.2267649546846247,0.2267649546846247,0.0,322.19576403021307,0.21939514207076075,0.21788337964457435,3.5692495909718265e-11,5.907566659746344e-07,1.7951071003632335e-08
189750.0,0.2258762195011273,0.2258762195011273,0.0,322.19821503407786,0.21883376956503953,0.2173279320196254,3.54912990289916e-11,5.876890104006272e-07,1.7903666073986517e-08
189900.0,0.22499192912704413,0.22499192912704413,0.0,322.200656655348,0.21827453710973016,0.2167745948131523,3.5291136962247825e-11,5.846403666742717e-07,1.7856422907156395e-08
190050.0,0.22411205747933816,0.22411205747933816,0.0,322.2030889398286,0.21771743429255697,0.2162233577867936,3.509204502305982e-11,5.816148343495975e-07,1.7809470525851558e-08
190200.0,0.2232367962321915,0.2232367962321915,0.0,322.2055119330637,0.21716245015311247,0.21567421076063054,4.9952096531392556e-11,8.873599007808153e-07,2.7241047739612246e-08
190350.0,0.22236562736143944,0.22236562736143944,0.0,322.2079256826879,0.21660957526237457,0.2151271436299127,4.9658826626747015e-11,8.82492159404169e-07,2.716076173256961e-08
190500.0,0.22149881902438368,0.22149881902438368,0.0,322.210330230759,0.2160587992483494,0.2145821463058973,4.9367138026828145e-11,8.776565711410278e-07,2.7080793876306578e-08
190650.0,0.22063633701451496,0.22063633701451496,0.0,322.2127256222518,0.215510111880582,0.21403920878620988,4.9078497645159886e-11,8.728586974315888e-07,2.7001322267892945e-08
190800.0,0.2197781521183823,0.2197781521183823,0.0,322.21511190179086,0.21496350301597575,0.21349832112245679,4.879108990287256e-11,8.680905378422032e-07,2.692210617655991e-08
190950.0,0.2189242371948771,0.2189242371948771,0.0,322.2174891137049,0.21441896258095483,0.21295947342201518,4.850486095050425e-11,8.633539299862658e-07,2.684320825590236e-08
191100.0,0.21807456607815112,0.21807456607815112,0.0,322.2198573020482,0.21387648056436392,0.21242265584822012,4.822428918403333e-11,8.586565806156798e-07,2.6764874702442284e-08
191250.0,0.21722911313396723,0.21722911313396723,0.0,322.2222165106114,0.21333604701454595,0.2118878586201887,4.7942012035952245e-11,8.539803784957112e-07,2.6686547364949347e-08
191400.0,0.21638785312388095,0.21638785312388095,0.0,322.22456678292735,0.212797652037742,0.21135507201253154,4.766402779295678e-11,8.493423102329256e-07,2.6608761957651844e-08
191550.0,0.2155507610944959,0.2155507610944959,0.0,322.2269081622747,0.21226128579739023,0.2108242863550286,4.7387157298594776e-11,8.447402496392087e-07,2.653145929605328e-08
191700.0,0.21471781233603623,0.21471781233603623,0.0,322.2292406916808,0.21172693851343213,0.21029549203228956,4.7112519212180396e-11,8.401646502675941e-07,2.6454345903156243e-08
191850.0,0.21388898238156048,0.21388898238156048,0.0,322.23156441392473,0.2111946004618251,0.20976867948341316,4.68400067715454e-11,8.356197706838042e-07,2.6377561069475934e-08
192000.0,0.2130642469685973,0.2130642469685973,0.0,322.2338793715389,0.21066426197405078,0.20924383920164719,4.6569428862007275e-11,8.311080587908304e-07,2.6301188156068754e-08
192150.0,0.21224358191666978,0.21224358191666978,0.0,322.23618560681206,0.21013591343729382,0.20872096173537694,4.630020366080991e-11,8.266291372793777e-07,2.6225221691295216e-08
192300.0,0.21142719346865305,0.21142719346865305,0.0,322.238483161789,0.20960954467016538,0.2082000376836966,4.9928995047613735e-11,1.1454983371572691e-06,3.643276642323349e-08
192450.0,0.210614542093489,0.210614542093489,0.0,322.2407720807644,0.20908514706912706,0.20768105771748538,4.964102293353862e-11,1.1393472362231094e-06,3.6328014437946405e-08
192600.0,0.2098059071890862,0.2098059071890862,0.0,322.2430524022131,0.20856271101089632,0.2071640125178549,4.935482326891566e-11,1.133232873651302e-06,3.6223569341440475e-08
192750.0,0.20900125788243035,0.20900125788243035,0.0,322.24532416765067,0.20804222705407077,0.2066488928492738,4.9071839912811746e-11,1.1271628831965863e-06,3.611968266114338e-08
192900.0,0.2082005679805335,0.2082005679805335,0.0,322.2475874182761,0.20752368583630584,0.2061356895240063,4.879010424542306e-11,1.1211356010232265e-06,3.601630970476547e-08
193050.0,0.2074038127411277,0.2074038127411277,0.0,322.2498421950222,0.2070070780560066,0.20562439340537444,4.851088216147838e-11,1.1151463045477872e-06,3.591330676612838e-08
193200.0,0.20661096816661048,0.20661096816661048,0.0,322.2520885385714,0.20649239446777248,0.20511499540799563,4.823287790204112e-11,1.1092000827550574e-06,3.5810845418430864e-08
193350.0,0.20582201072966896,0.20582201072966896,0.0,322.2543264893633,0.20597962588048904,0.2046074864975734,4.7958889474507034e-11,1.103292323251237e-06,3.570878490320125e-08
193500.0,0.2050369172642248,0.2050369172642248,0.0,322.2565560876,0.20546876315619514,0.20410185769061095,4.768601870510524e-11,1.0974265972074626e-06,3.5607248529328705e-08
193650.0,0.20425566488798874,0.20425566488798874,0.0,322.2587773732499,0.20495979720938304,0.2035981000541097,4.741339306478143e-11,1.0915969870239906e-06,3.550605214247084e-08
193800.0,0.2034782309771882,0.2034782309771882,0.0,322.26099038604985,0.20445271900637846,0.20309620470525833,4.714420043657808e-11,1.085809168410723e-06,3.54053877325984e-08
193950.0,0.20270459312567315,0.20270459312567315,0.0,322.2631951655087,0.2039475195649058,0.20259616281112267,4.687722777562794e-11,1.0800582014025562e-06,3.530510213956718e-08
194100.0,0.20193472913917773,0.20193472913917773,0.0,322.2653917509092,0.20344418995361563,0.20209796558833545,4.6611674487559464e-11,1.074347151602817e-06,3.520530296614396e-08
194250.0,0.20116861700902228,0.20116861700902228,0.0,322.26758018130954,0.20294272129168323,0.20160160430278748,4.634836700466609e-11,1.0686746603205677e-06,3.510595349330432e-08
194400.0,0.20040623491406745,0.20040623491406745,0.0,322.2697604955464,0.20244310474846153,0.20110707026932076,4.608704946989169e-11,1.063042952165194e-06,3.500713458845767e-08
194550.0,0.19964756119353744,0.19964756119353744,0.0,322.2719327322357,0.20194533154309646,0.20061435485142154,4.5827336606129537e-11,1.0574422989462207e-06,3.490853327700573e-08
194700.0,0.19889257436563357,0.19889257436563357,0.0,322.2740969297751,0.20144939294411465,0.2001234494609171,4.5569474317589363e-11,1.0518859993591256e-06,3.481059548790122e-08
194850.0,0.19814125309269792,0.19814125309269792,0.0,322.2762531263447,0.20095528026920756,0.19963434555767548,4.531383800600916e-11,1.0463628860590823e-06,3.471295984052882e-08
195000.0,0.19739357620146247,0.19739357620146247,0.0,322.2784013599099,0.20046298488477785,0.19914703464930153,4.505991015815256e-11,1.040880015179546e-06,3.461586738911171e-08
195150.0,0.19664952265847332,0.19664952265847332,0.0,322.28054166822153,0.1999724982056975,0.1986615082908419,4.480856538869413e-11,1.0354301302750724e-06,3.451908435962359e-08
195300.0,0.19590907158263593,0.19590907158263593,0.0,322.28267408881834,0.19948381169492277,0.19817775808448726,4.455690873618131e-11,1.030017309555653e-06,3.442275343227325e-08
195450.0,0.19517220223710127,0.19517220223710127,0.0,322.284798659028,0.198996916863249,0.1976957756792779,4.4308914099901556e-11,1.0246414371695156e-06,3.432687813529127e-08
195600.0,0.19443889401699355,0.19443889401699355,0.0,322.2869154159686,0.19851180526894072,0.19721555277081054,4.406206377470488e-11,1.01929746748608e-06,3.423129642441673e-08
195750.0,0.19370912646768193,0.19370912646768193,0.0,322.2890243965503,0.19802846851744094,0.1967370811009488,4.3817703228089705e-11,1.013993863402396e-06,3.413629939148844e-08
195900.0,0.19298287925913415,0.19298287925913415,0.0,322.2911256374759,0.1975468982610965,0.19626035245753337,4.3574717242914725e-11,1.0087246642420666e-06,3.4041694170560675e-08
196050.0,0.1922601322001377,0.1922601322001377,0.0,322.29321917524294,0.19706708619884472,0.19578535867409574,4.333230918215959e-11,1.0034877911957452e-06,3.394741728317518e-08
196200.0,0.19154086523530392,0.19154086523530392,0.0,322.29530504614496,0.19658902407591017,0.1953120916295718,4.30931466384313e-11,9.982845493861081e-07,3.385351934333269e-08
196350.0,0.1908250584402397,0.1908250584402397,0.0,322.2973832862725,0.1961127036834958,0.1948405432480201,4.285490634312335e-11,9.931188880429875e-07,3.376014129935446e-08
196500.0,0.1901126920163446,0.1901126920163446,0.0,322.29945393151445,0.1956381168585281,0.19437070549834037,4.261873245715736e-11,9.879881840701987e-07,3.366720146138131e-08
196650.0,0.18940374629564874,0.18940374629564874,0.0,322.30151701755955,0.19516525548337452,0.1939025703939928,4.238409141397589e-11,9.828883922591292e-07,3.357456871869143e-08
196800.0,0.18869820174185492,0.18869820174185492,0.0,322.3035725798972,0.19469411148550725,0.19343612999272114,4.215082959942707e-11,9.778239385971332e-07,3.3482400713487804e-08
196950.0,0.18799603893736094,0.18799603893736094,0.0,322.30562065381946,0.1942246768372648,0.19297137639627734,4.191978991361613e-11,9.727892428812446e-07,3.339051311508737e-08
197100.0,0.1872972386025629,0.1872972386025629,0.0,322.3076612744216,0.19375694355555384,0.19250830175014705,4.169011939602883e-11,9.677915441541618e-07,3.329916084191592e-08
197250.0,0.1866017815698434,0.1866017815698434,0.0,322.3096944766037,0.19329090370157914,0.19204689824327723,4.146172482727526e-11,9.628245558890303e-07,3.320813473200754e-08
197400.0,0.18590964880246102,0.18590964880246102,0.0,322.31172029507167,0.19282654938055,0.19158715810780624,4.123576555343145e-11,9.578908984342327e-07,3.311753149869424e-08
197550.0,0.18522082138409007,0.18522082138409007,0.0,322.31373876433867,0.19236387274142394,0.19112907361879528,4.101105823480634e-11,9.529897901927598e-07,3.302733084653483e-08
197700.0,0.18453528051971535,0.18453528051971535,0.0,322.3157499187261,0.19190286597663692,0.190672637093961,4.0787976093227995e-11,9.481183296800033e-07,3.2937438596163937e-08
197850.0,0.18385300753836037,0.18385300753836037,0.0,322.3177537923651,0.19144352132178935,0.19021784089341118,4.0566317648589936e-11,9.432816344134842e-07,3.2848038868095616e-08
198000.0,0.18317398388634182,0.18317398388634182,0.0,322.31975041919753,0.19098583105544442,0.1897646774193816,4.0345769797370085e-11,9.384769193987452e-07,3.275904165987753e-08
198150.0,0.18249819112492208,0.18249819112492208,0.0,322.32173983297696,0.19052978749881552,0.1893131391159729,4.012739040894124e-11,9.336985270780307e-07,3.2670255548495635e-08
198300.0,0.18182561094478322,0.18182561094478322,0.0,322.3237220672702,0.19007538301549531,0.18886321846889295,3.991074294707244e-11,9.28954428880413e-07,3.258196525830256e-08
198450.0,0.18115622514598825,0.18115622514598825,0.0,322.3256971554586,0.18962261001122457,0.1884149080051979,3.969507779552794e-11,9.242419856392292e-07,3.24940851580417e-08
198600.0,0.1804900156445707,0.1804900156445707,0.0,322.3276651307384,0.18917146093360754,0.1879682002930354,3.948177811973326e-11,9.195587505061997e-07,3.24065355301817e-08
198750.0,0.17982696447539842,0.17982696447539842,0.0,322.3296260261229,0.18872192827186077,0.1875230879413906,3.9269070181291666e-11,9.149048747492117e-07,3.23193276346512e-08
198900.0,0.17916705378897346,0.17916705378897346,0.0,322.3315798744429,0.18827400455654544,0.18707956359983277,3.9058169673278213e-11,9.102820726081262e-07,3.223252814436333e-08
199050.0,0.1785102658491227,0.1785102658491227,0.0,322.33352670834796,0.1878276823593256,0.1866376199582644,3.88480303447187e-11,9.056899421266973e-07,3.2146129216248266e-08
199200.0,0.1778565830291841,0.1778565830291841,0.0,322.3354665603078,0.18738295429269852,0.18619724974667165,3.864041911972169e-11,9.011251532742293e-07,3.2060018716773325e-08
199350.0,0.17720598782217484,0.17720598782217484,0.0,322.3373994626132,0.18693981300974347,0.18575844573487627,3.843406513642106e-11,8.965920946790717e-07,3.1974358671698637e-08
199500.0,0.17655845968631298,0.17655845968631298,0.0,322.33932544737695,0.18649825121772937,0.18532120073228872,3.738055055299396e-11,8.868702162379005e-07,3.170253913721741e-08
199650.0,0.17591398826666255,0.17591398826666255,0.0,322.3412445465014,0.18605826162639902,0.1848855075873121,3.717927325885715e-11,8.824036236143584e-07,3.1617466339162296e-08
199800.0,0.17527255243471807,0.17527255243471807,0.0,322.3431567917884,0.1856198370181821,0.1844513591884012,3.697908751864863e-11,8.779675813030963e-07,3.1532821613855717e-08
199950.0,0.17463413518875293,0.17463413518875293,0.0,322.3450622148223,0.1851829702062148,0.18401874846204502,3.678105650237922e-11,8.735632867629128e-07,3.144865447724976e-08
200100.0,0.17399871958161903,0.17399871958161903,0.0,322.3469608470149,0.18474765404290508,0.18358766837357748,3.658329486146452e-11,8.691824796847047e-07,3.136467358453707e-08
200250.0,0.173366288778081,0.173366288778081,0.0,322.3488527196057,0.18431388141971414,0.18315811192671727,3.638720226584682e-11,8.648285510226561e-07,3.128100623281484e-08
200400.0,0.1727368260507326,0.1727368260507326,0.0,322.35073786366314,0.18388164526697076,0.18273007216332812,3.6193174989754196e-11,8.60504336730461e-07,3.1197760765486864e-08
200550.0,0.17211031477095518,0.17211031477095518,0.0,322.3526163100857,0.18345093855358052,0.18230354216318453,3.599937551260007e-11,8.562115569321627e-07,3.111500595864905e-08
200700.0,0.17148673840972115,0.17148673840972115,0.0,322.3544880896025,0.18302175428685907,0.18187851504373886,3.5807550969056374e-11,8.519416898333798e-07,3.103243812565543e-08
200850.0,0.17086608055145025,0.17086608055145025,0.0,322.35635323277495,0.18259408551222978,0.18145498395988766,3.561799823948437e-11,8.477001322559907e-07,3.095025887167317e-08
201000.0,0.17024832952366376,0.17024832952366376,0.0,322.3582117699973,0.1821679252992778,0.1810329421037432,3.59474274318092e-11,8.501934745663853e-07,3.111391035385363e-08
201150.0,0.16963345887804898,0.16963345887804898,0.0,322.36006373154817,0.1817432667906647,0.18061238270473587,3.575740904781337e-11,8.459887262390886e-07,3.103237297968291e-08
201300.0,0.16902145828352216,0.16902145828352216,0.0,322.3619091474302,0.18132010313802446,0.18019329902820208,3.556990478319951e-11,8.418101647977849e-07,3.095116133397822e-08
201450.0,0.16841231167899495,0.16841231167899495,0.0,322.363748047545,0.1808984275368396,0.17977568437669994,3.538198263119853e-11,8.376580458158145e-07,3.0870290295741684e-08
201600.0,0.16780600312746727,0.16780600312746727,0.0,322.3655804616303,0.1804782332195684,0.17935953208892774,3.519670367200943e-11,8.335313675666978e-07,3.0789728404630014e-08
201750.0,0.16720251679531584,0.16720251679531584,0.0,322.36740641926167,0.18005951345543603,0.17894483553967178,3.501136412671926e-11,8.294306782508087e-07,3.0709501258171114e-08
201900.0,0.16660183695380446,0.16660183695380446,0.0,322.36922594985384,0.17964226155023763,0.1785315881395824,3.482804514077702e-11,8.253555186799044e-07,3.062959727321145e-08
202050.0,0.1660039479758071,0.1660039479758071,0.0,322.37103908266073,0.17922647084608467,0.178119783334954,3.4646714299617117e-11,8.213062079875932e-07,3.055003367565836e-08
202200.0,0.16540883433920503,0.16540883433920503,0.0,322.3728458467777,0.17881213472119817,0.17770941460750664,3.446492805677711e-11,8.172854755461589e-07,3.0470917678320546e-08
202350.0,0.16481648061531978,0.16481648061531978,0.0,322.3746462711415,0.17839924658969708,0.17730047547416825,3.428603908707796e-11,8.132859945497728e-07,3.039198165899062e-08
202500.0,0.16422687147992804,0.16422687147992804,0.0,322.3764403845321,0.17798779990130736,0.17689295948685946,3.410669481826747e-11,8.093127421004986e-07,3.031341633337623e-08
202650.0,0.16363999170703872,0.16363999170703872,0.0,322.37822821557273,0.17757778814123729,0.1764868602322812,3.392997648045643e-11,8.053636242622009e-07,3.023514868956664e-08
202800.0,0.16305582616844758,0.16305582616844758,0.0,322.3800097927321,0.17716920482986923,0.17608217133169868,3.375340483554606e-11,8.014428654334882e-07,3.0157342758037134e-08
202950.0,0.1624743598264767,0.1624743598264767,0.0,322.3817851443243,0.17676204352261599,0.17567888644073362,3.3579324382615823e-11,7.975441222163315e-07,3.007976547914971e-08
203100.0,0.1618955777414228,0.1618955777414228,0.0,322.38355429851015,0.1763562978096596,0.17527699924915188,3.3405975729531787e-11,7.936652633155905e-07,3.000234083586812e-08
203250.0,0.16131946507598882,0.16131946507598882,0.0,322.38531728329804,0.17595196131571145,0.17487650348065584,3.3232966832457085e-11,7.898176473397633e-07,2.99255032049189e-08
203400.0,0.1607460070716923,0.1607460070716923,0.0,322.3870741265454,0.17554902769990313,0.1744773928926786,3.306111225838275e-11,7.859880135074881e-07,2.9848755978343776e-08
203550.0,0.16017518908088627,0.16017518908088627,0.0,322.38882485595866,0.1751474906554676,0.17407966127617563,3.2891188297049434e-11,7.821870894042515e-07,2.9772511022073034e-08
203700.0,0.15960699653280444,0.15960699653280444,0.0,322.39056949909525,0.17474734390957028,0.173683302455422,3.2722926562841703e-11,7.784105609254244e-07,2.969661010806714e-08
203850.0,0.15904141495265928,0.15904141495265928,0.0,322.39230808336345,0.17434858122314512,0.17328831028781022,3.2554134291776667e-11,7.746524250396014e-07,2.9620828939549935e-08
204000.0,0.15847842996416,0.15847842996416,0.0,322.39404063602416,0.17395119639060508,0.17289467866364555,3.238715292794515e-11,7.709202309302832e-07,2.9545460524808815e-08
204150.0,0.1579180272739078,0.1579180272739078,0.0,322.3957671841914,0.17355518323970945,0.17250240150594906,3.222183129695557e-11,7.672098495392632e-07,2.9470351935254117e-08
204300.0,0.15736039069758567,0.15736039069758567,0.0,322.3974877548333,0.17316053507142154,0.17211147277025626,4.839429893220581e-11,1.0455227941741363e-06,4.025254344638061e-08
204450.0,0.156805067027034,0.156805067027034,0.0,322.39920237692945,0.17276724663110926,0.17172188645674832,4.817727907673253e-11,1.0408728933763989e-06,4.016474625729105e-08
204600.0,0.15625229509403726,0.15625229509403726,0.0,322.40091107453355,0.17237531162622233,0.17133363656724146,4.7959455033119256e-11,1.0362469071156788e-06,4.0077158665763416e-08
204750.0,0.15570205567772297,0.15570205567772297,0.0,322.4026138743097,0.17198472398489384,0.17094671715802306,4.77438112637339e-11,1.0316471068250177e-06,3.998987363225088e-08
204900.0,0.15515433328943296,0.15515433328943296,0.0,322.40431080272174,0.171595477688041,0.17056112231326903,4.753042229807303e-11,1.0270736362505417e-06,3.990290226326174e-08
205050.0,0.15460911317484535,0.15460911317484535,0.0,322.4060018860746,0.17120756675263427,0.170176846148336,4.73188478719453e-11,1.022530105893038e-06,3.9816390723369514e-08
205200.0,0.1540663809021865,0.1540663809021865,0.0,322.40768715052155,0.17082098522915226,0.16979388280987154,4.710664738731597e-11,1.0180100780132761e-06,3.973009431082253e-08
205350.0,0.15352612228889778,0.15352612228889778,0.0,322.4093666220677,0.17043572720079972,0.16941222647565657,4.6896154810918795e-11,1.0135174252079437e-06,3.96441693633817e-08
205500.0,0.15298832334514534,0.15298832334514534,0.0,322.41104032657336,0.1700517867830643,0.16903187135442338,4.668731483114608e-11,1.0090490087377724e-06,3.9558498730547305e-08
205650.0,0.15245297026249308,0.15245297026249308,0.0,322.41270828975473,0.1696691581233792,0.16865281168567126,4.647956723024141e-11,1.0046062998980698e-06,3.947314530660683e-08
205800.0,0.15192004938228512,0.15192004938228512,0.0,322.4143705371872,0.1692878354007984,0.16827504173948332,4.627238483553556e-11,1.000185024607747e-06,3.938794626480409e-08
205950.0,0.15138954720238534,0.15138954720238534,0.0,322.41602709430595,0.16890781282571876,0.1678985558163436,4.6068035824420096e-11,9.957961124018588e-07,3.930333735477091e-08
206100.0,0.15086145033302695,0.15086145033302695,0.0,322.4176779864078,0.16852908463965602,0.16752334824695522,4.5863622709328023e-11,9.914279076039811e-07,3.921886479214447e-08
206250.0,0.15033574552479934,0.15033574552479934,0.0,322.4193232386528,0.16815164511497216,0.1671494133920586,4.566153878434417e-11,9.870877661355415e-07,3.913482442036688e-08
206400.0,0.14981241962392325,0.14981241962392325,0.0,322.420962876065,0.16777548855461227,0.1667767456422516,4.5459100023367123e-11,9.827698206621438e-07,3.905098927655114e-08
206550.0,0.14929145959887574,0.14929145959887574,0.0,322.4225969235339,0.16740060929196007,0.16640533941781105,4.525912753075626e-11,9.784765221398928e-07,3.896746159919292e-08
206700.0,0.14877285250992192,0.14877285250992192,0.0,322.4242254058155,0.1670270016905411,0.16603518916851312,4.506002742190973e-11,9.74205724174615e-07,3.888416101645538e-08
206850.0,0.148256585523748,0.148256585523748,0.0,322.4258483475334,0.16665466014385769,0.16566628937345748,4.486161109693974e-11,9.699637173732345e-07,3.8801343910253446e-08
207000.0,0.14774264588538177,0.14774264588538177,0.0,322.42746577317956,0.16628357907518995,0.1652986345408905,4.4664180625478165e-11,9.657404637652967e-07,3.8718614274738816e-08
207150.0,-0.823007403611026,0.14658090028517035,-0.9695883038961963,322.42907770714993,0.1659142243822702,0.16493702479469916,4.449577262213854e-11,9.621495156153514e-07,3.8660519482184834e-08
207300.0,-2.53590867136577,0.1444552328812212,-2.6803639042469913,322.43067713650885,0.16554809699371686,0.16458506850488203,4.4369742914525176e-11,9.595559955499766e-07,3.864157961644203e-08
207450.0,-3.9067196241335846,0.14183893361493646,-4.048558557748521,322.4322536364925,0.1651866018920479,0.16424101538505673,4.4266814533200515e-11,9.575662609506708e-07,3.864584052147505e-08
207600.0,-4.93516646435662,0.13905569760069,-5.0742221619573105,322.43380191875303,0.16483020199988088,0.16390317038819244,4.417419485881554e-11,9.558474234339087e-07,3.865988198103806e-08
207750.0,-5.621124029825775,0.13634975509827543,-5.75747378492405,322.43532020239905,0.16447884147053105,0.16356984946413058,4.4083232007041714e-11,9.541382066657889e-07,3.867318933488223e-08
207900.0,-5.964570002764359,0.1339119107336682,-6.098481913498027,322.4368093507109,0.16413211269794856,0.1632393729747034,4.398452574861188e-11,9.522468937817052e-07,3.867806561957887e-08
208050.0,-5.9655513311801345,0.13189332419982144,-6.097444655379956,322.43827229196523,0.16378934699180897,0.1629100644972507,4.38732539379826e-11,9.500160818021186e-07,3.8668208046914e-08
208200.0,-5.6241555476658895,0.13041436198781087,-5.754569909653701,322.43971359015586,0.16344967394160223,0.16258025117724506,4.3743824856501166e-11,9.473342359456183e-07,3.8639181227288534e-08
208350.0,-4.940484572405746,0.12957094338309977,-5.070055515788845,322.44113911149867,0.16311206470459988,0.16224826470939718,4.359088882687524e-11,9.441026955769871e-07,3.858707804301217e-08
208500.0,-3.9146300285215263,0.12943935954467078,-4.044069388066197,322.4425557591483,0.1627753654558434,0.16191244266043056,4.341138097896761e-11,9.402327458829518e-07,3.850839645380336e-08
208650.0,-2.546649603659213,0.13008003705432905,-2.6767296407135417,322.4439712593242,0.16243832404466646,0.16157113003522233,4.3201732295993924e-11,9.356377095315338e-07,3.839971119435488e-08
208800.0,-0.8365441923451178,0.1315405153904353,-0.9680847077355531,322.4453939872373,0.16209961161627975,0.16122268104860712,4.295821456492787e-11,9.302395409527264e-07,3.825793830009407e-08
208950.0,0.13314844860427832,0.13314844860427832,0.0,322.4468328242339,0.1617583603842427,0.16087071022387187,4.270429471790445e-11,9.245486515263579e-07,3.810410579212821e-08
209100.0,0.13427201369573766,0.13427201369573766,0.0,322.44828933783094,0.1614150174539784,0.16051987682381574,4.2470602214048915e-11,9.191713385425793e-07,3.796306576842713e-08
209250.0,0.1350648808721644,0.1350648808721644,0.0,322.4497582345148,0.16107055673157267,0.16017013028633192,4.2247541456653844e-11,9.140860529610606e-07,3.783377386530068e-08
209400.0,0.1356086516780811,0.1356086516780811,0.0,322.451235899886,0.16072551396911613,0.15982146235289324,4.203465508603022e-11,9.09244646823959e-07,3.7714180089610124e-08
209550.0,0.13595768185946702,0.13595768185946702,0.0,322.45271961108773,0.16038025050738616,0.15947387199237842,4.182968861634092e-11,9.046083054020659e-07,3.7602647563741235e-08
209700.0,0.13615200084889031,0.13615200084889031,0.0,322.4542072391117,0.16003503408651615,0.15912736008178419,4.162948913992637e-11,9.001390960106104e-07,3.749758508185936e-08
209850.0,0.13622251935276575,0.13622251935276575,0.0,322.4556970922886,0.159690072082273,0.15878192792534837,4.143405103003584e-11,8.958140698123174e-07,3.7398028073228835e-08
210000.0,0.13619364727485184,0.13619364727485184,0.0,322.457187816677,0.1593455284505467,0.15843757674611403,4.124401324250728e-11,8.91609951481076e-07,3.7303000598802054e-08
210150.0,0.13608486739975373,0.13608486739975373,0.0,322.45867832505326,0.1590015340271656,0.15809430749453518,4.1056029816652665e-11,8.875051902834663e-07,3.721159864750466e-08
210300.0,0.1359118114796954,0.1359118114796954,0.0,322.46016774308816,0.15865819362842667,0.15775212077512277,4.087239417279987e-11,8.834841092597578e-07,3.712316349400584e-08
210450.0,0.13568705603657683,0.13568705603657683,0.0,322.4616553672788,0.1583155913319743,0.15741101682199285,4.069171793290722e-11,8.795393612315294e-07,3.7037386477293126e-08
210600.0,0.13542073606389377,0.13542073606389377,0.0,322.46314063157035,0.1579737945664036,0.15707099549701628,4.0513657487260035e-11,8.756557970945877e-07,3.6953631011946506e-08
210750.0,0.13512102837231874,0.13512102837231874,0.0,322.4646230806817,0.1576328573432102,0.15673205629956954,4.033582377458933e-11,8.718262207441096e-07,3.687159455789108e-08
210900.0,0.13479453612238712,0.13479453612238712,0.0,322.46610234870946,0.1572928228365674,0.15639419838270796,4.0160977863822564e-11,8.680434716024088e-07,3.679097604702687e-08
211050.0,0.13444659630235584,0.13444659630235584,0.0,322.4675781419334,0.15695372545298314,0.15605742057298186,3.9987962231563224e-11,8.643021637277926e-07,3.6711549268564584e-08
211200.0,0.13408152622889993,0.13408152622889993,0.0,322.46905022498004,0.1566155924964187,0.15572172139221044,3.981505212549905e-11,8.605976592190867e-07,3.6633119580723985e-08
211350.0,0.13370282143471557,0.13370282143471557,0.0,322.47051840967924,0.15627844551014514,0.15538709908011092,3.9645751972107363e-11,8.569295829041756e-07,3.6555673863910904e-08
211500.0,0.13331331467864088,0.13331331467864088,0.0,322.47198254608315,0.15594230135960818,0.1550535516170231,3.9477000172548844e-11,8.532908802316719e-07,3.647891443575037e-08
211650.0,0.13291530381990274,0.13291530381990274,0.0,322.47344251522173,0.15560717310713293,0.1547210767462066,3.930940549946978e-11,8.496809548175221e-07,3.640281862124402e-08
211800.0,0.132510654692304,0.132510654692304,0.0,322.47489822325656,0.15527307071931598,0.15438967199534892,3.9142629518430446e-11,8.460972449331194e-07,3.632727989099035e-08
211950.0,0.13210088392056474,0.13210088392056474,0.0,322.4763495967581,0.1549400016395847,0.154059334697049,3.8977256774072615e-11,8.425402069911492e-07,3.625232124587309e-08
212100.0,0.13168722562772783,0.13168722562772783,0.0,322.47779657888776,0.154607971252294,0.15373006200812722,3.8812991303518204e-11,8.390027108062803e-07,3.617763922565028e-08
212250.0,0.1312706852073744,0.1312706852073744,0.0,322.4792391263102,0.15427698325910988,0.1534018509276798,3.8650338634977234e-11,8.35492862616416e-07,3.61035865478908e-08
212400.0,0.13085208266016543,0.13085208266016543,0.0,322.48067720669155,0.15394703998489417,0.15307469831385248,3.848776060491867e-11,8.320039114606548e-07,3.602987588209097e-08
212550.0,0.1304320875876658,0.1304320875876658,0.0,322.4821107966735,0.15361814262632903,0.15274860089933012,3.8327720934501094e-11,8.285378297612223e-07,3.595659625424204e-08
212700.0,0.13001124743124504,0.13001124743124504,0.0,322.48353988022774,0.15329029145454093,0.15242355530558366,3.816745649504498e-11,8.250876545323749e-07,3.588344905182983e-08
212850.0,0.12959001030713724,0.12959001030713724,0.0,322.48496444732024,0.15296348598022183,0.15209955805591205,3.800626754193646e-11,8.216606699473772e-07,3.58107542106974e-08
213000.0,0.12916874345210025,0.12916874345210025,0.0,322.4863844928258,0.1526377250886727,0.15177660558735007,3.7848646158634705e-11,8.182537037104698e-07,3.573837783702628e-08
213150.0,0.1287477481635174,0.1287477481635174,0.0,322.48780001564216,0.15231300715015633,0.15145469426149932,3.769172824947408e-11,8.148649660311147e-07,3.5666245506653186e-08
213300.0,0.12832727190590798,0.12832727190590798,0.0,322.48921101797004,0.15198933011044025,0.15113382037436224,3.75351234405305e-11,8.114942067205533e-07,3.5594349775776846e-08
213450.0,0.12790751812147927,0.12790751812147927,0.0,322.4906175047235,0.15166669156508913,0.15081398016524422,3.738000464069119e-11,8.081447422925159e-07,3.552283998343359e-08
213600.0,0.12748865418642263,0.12748865418642263,0.0,322.4920194830486,0.1513450888206258,0.1504951698248004,3.722465339228818e-11,8.048126127202515e-07,3.545154626387713e-08
213750.0,0.12707081789427982,0.12707081789427982,0.0,322.4934169619289,0.15102451894493632,0.15017738550229254,3.7070737328320806e-11,8.014977124215505e-07,3.53804674905703e-08
213900.0,0.12665412271626053,0.12665412271626053,0.0,322.4948099518618,0.15070497880889344,0.1498606233121244,3.69185980835602e-11,7.98200905482993e-07,3.530964545394698e-08
214050.0,0.1262386620942907,0.1262386620942907,0.0,322.4961984645923,0.15038646512086332,0.14954487933971883,3.676660963751866e-11,7.949226174530644e-07,3.523910288133076e-08
214200.0,0.12582451293943675,0.12582451293943675,0.0,322.4975825128938,0.15006897445526982,0.14923014964679304,3.661549780886092e-11,7.916679207187194e-07,3.516906913825759e-08
214350.0,0.1254117384797347,0.1254117384797347,0.0,322.4989621103877,0.14975250327648862,0.14891643027609197,3.646561761494782e-11,7.884202375407767e-07,3.509881171892058e-08
214500.0,0.12500039063709734,0.12500039063709734,0.0,322.5003372713927,0.14943704795856053,0.1486037172556225,3.6316523553811857e-11,7.851963921834404e-07,3.502908205204814e-08
214650.0,0.12459051189829574,0.12459051189829574,0.0,322.50170801080213,0.14912260480185763,0.14829200660244723,3.616664004674142e-11,7.819867368225042e-07,3.495945446417716e-08
214800.0,0.12418213693079069,0.12418213693079069,0.0,322.5030743439793,0.1488091700469614,0.1479812943260698,3.601820350203196e-11,7.787970503769781e-07,3.48901908007956e-08
214950.0,0.12377529385016361,0.12377529385016361,0.0,322.50443628667335,0.14849673988632195,0.14767157643145704,3.587138516270549e-11,7.756204266073929e-07,3.482098561899519e-08
215100.0,0.1233700053162722,0.1233700053162722,0.0,322.50579385494694,0.14818531047406727,0.14736284892173468,3.5725630662153557e-11,7.724663832614498e-07,3.4752269789324945e-08
215250.0,0.12296628830876496,0.12296628830876496,0.0,322.5071470651158,0.1478748779395314,0.14705510781298417,3.557955939901738e-11,7.693266786124031e-07,3.468367714345611e-08
215400.0,0.12256415949538729,0.12256415949538729,0.0,322.5084959336876,0.14756543837531172,0.14674834908668283,3.543576137303331e-11,7.662010535480768e-07,3.461519905943257e-08
215550.0,0.12216362835357508,0.12216362835357508,0.0,322.50984047735784,0.14725698786808286,0.14644256876636655,3.5291757121653435e-11,7.630961281757109e-07,3.454713827046881e-08
215700.0,0.12176470317176058,0.12176470317176058,0.0,322.5111807129313,0.14694952249032406,0.1461377628692106,3.5148066530456914e-11,7.600047413625077e-07,3.447917482061685e-08
215850.0,0.12136738987925152,0.12136738987925152,0.0,322.5125166573091,0.1466430383065266,0.14583392742019738,3.5005769555839164e-11,7.56929866424505e-07,3.441144678787053e-08
216000.0,0.1209716924206315,0.1209716924206315,0.0,322.51384832746254,0.14633753137706196,0.1455310584533929,3.486435031365371e-11,7.538702724296797e-07,3.434390186102078e-08
216150.0,0.1205776130731642,0.1205776130731642,0.0,322.51517574041145,0.1460329977613854,0.14522915201310738,3.472380424402114e-11,7.508314611437417e-07,3.427679463562444e-08
216300.0,0.12018515267669544,0.12018515267669544,0.0,322.5164989132062,0.14572943352074552,0.14492820415491967,3.4583106196060735e-11,7.478028170027073e-07,3.420964449602204e-08
216450.0,0.11979431087227435,0.11979431087227435,0.0,322.5178178629111,0.14542683472043644,0.14462821094658074,3.4444128692820746e-11,7.447939193439002e-07,3.4142892576676854e-08
216600.0,0.1194050862518945,0.1194050862518945,0.0,322.5191326065925,0.14512519743183633,0.14432916846880797,3.4305218161022165e-11,7.417976411461247e-07,3.4076216226776134e-08
216750.0,0.11901747653196652,0.11901747653196652,0.0,322.52044316130605,0.14482451773406177,0.14403107281597857,3.41674007457165e-11,7.388194869645259e-07,3.4009871556932766e-08
216900.0,0.11863147866255999,0.11863147866255999,0.0,322.52174954408775,0.14452479171544558,0.1437339200967373,3.403042207307487e-11,7.35856318351269e-07,3.3943718103862034e-08
217050.0,0.11824708894788954,0.11824708894788954,0.0,322.52305177194506,0.14422601547478683,0.14343770643452475,3.389376166751398e-11,7.329085766061283e-07,3.3877779686899515e-08
217200.0,0.117864303135815,0.117864303135815,0.0,322.5243498618507,0.14392818512243388,0.1431424279680365,3.3758103690511317e-11,7.299762077306315e-07,3.3812057363175964e-08
217350.0,0.11748311649502782,0.11748311649502782,0.0,322.5256438307351,0.14363129678119568,0.14284808085161868,3.362361934668241e-11,7.270584774510258e-07,3.3746520604935125e-08
217500.0,0.11710352388676629,0.11710352388676629,0.0,322.5269336954824,0.14333534658714242,0.1425546612556086,3.348936479298524e-11,7.241566915838771e-07,3.368123350014564e-08
217650.0,0.1167255198184556,0.1167255198184556,0.0,322.5282194729253,0.1430403306902934,0.14226216536662598,3.335673948838006e-11,7.212683420659838e-07,3.361608289472113e-08
217800.0,0.11634909850404862,0.11634909850404862,0.0,322.5295011798413,0.1427462452552059,0.14197058938781992,3.322345338503879e-11,7.183961512335912e-07,3.355119895677917e-08
217950.0,0.11597425389560223,0.11597425389560223,0.0,322.53077883294935,0.1424530864614575,0.14167992953907543,3.3090689583698244e-11,7.155382937273913e-07,3.348650008230321e-08
218100.0,0.1156009797313057,0.1156009797313057,0.0,322.5320524489071,0.14216085050408145,0.14139018205718745,3.296025533390343e-11,7.126972062787562e-07,3.342210384699852e-08
218250.0,0.11522926955944773,0.11522926955944773,0.0,322.5333220443083,0.1418695335939459,0.14110134319600084,3.28291176414229e-11,7.098676875760823e-07,3.335776985108215e-08
218400.0,0.11485911677756652,0.11485911677756652,0.0,322.53458763568096,0.14157913195799166,0.140813409226525,3.269871616458637e-11,7.070575673007173e-07,3.329386930226932e-08
218550.0,0.11449051464292434,0.11449051464292434,0.0,322.53584923948534,0.1412896418395868,0.14052637643702331,3.257011462260251e-11,7.042584000138685e-07,3.323000850566943e-08
218700.0,0.11412345630882625,0.11412345630882625,0.0,322.5371068721129,0.14100105949865974,0.14024024113307978,3.2441713381715244e-11,7.01471833508549e-07,3.316626773362256e-08
218850.0,0.11375793483751943,0.11375793483751943,0.0,322.5383605498844,0.1407133812118864,0.13995499963764801,3.231368896357067e-11,6.987017622112068e-07,3.3102834342816854e-08
219000.0,0.11339394321153295,0.11339394321153295,0.0,322.5396102890493,0.14042660327286197,0.1396706482910821,3.218519071015333e-11,6.959445547072285e-07,3.303953992036411e-08
219150.0,0.11303147435721683,0.11303147435721683,0.0,322.540856105785,0.14014072199216976,0.13938718345115214,3.2059058675009704e-11,6.932045741869786e-07,3.2976594969814735e-08
219300.0,0.11267052114875428,0.11267052114875428,0.0,322.5420980161956,0.1398557336975185,0.13910460149304746,3.1933839841660454e-11,6.904780984473557e-07,3.291382627857214e-08
219450.0,0.11231107642033097,0.11231107642033097,0.0,322.54333603631204,0.13957163473375608,0.13882289880936594,3.180778915676462e-11,6.877618087541837e-07,3.2851078471455116e-08
219600.0,0.11195313299294339,0.11195313299294339,0.0,322.5445701820912,0.13928842146295833,0.13854207181009542,3.168400864957488e-11,6.850635069083344e-07,3.278872714678665e-08
219750.0,0.11159676721097758,0.11159676721097758,0.0,322.5458004694154,0.139006090145378,0.13826211692258408,4.9838154915040965e-11,7.837918920838849e-07,3.759029028939978e-08
219900.0,0.1112417851941191,0.1112417851941191,0.0,322.54702691501075,0.13872463729019782,0.1379830305935837,4.964802871127406e-11,7.807019991173947e-07,3.7518065253458214e-08
220050.0,0.11088828816066935,0.11088828816066935,0.0,322.5482495334777,0.13844405935339252,0.1377048092831479,4.945441633347263e-11,7.776239774742733e-07,3.7445881564303125e-08
220200.0,0.11053626708863615,0.11053626708863615,0.0,322.5494683405335,0.13816435275319208,0.13742744946967297,4.925968255046222e-11,7.745607699394252e-07,3.737388380841624e-08
220350.0,0.11018571361626023,0.11018571361626023,0.0,322.55068335180056,0.13788551393039838,0.13715094764972616,4.907055673092138e-11,7.715154261012103e-07,3.730222289053775e-08
220500.0,0.10983661988548679,0.10983661988548679,0.0,322.55189458281416,0.13760753934620118,0.1368753003368854,4.8879875064196217e-11,7.684881218883444e-07,3.7230911694692185e-08
220650.0,0.10948897829152157,0.10948897829152157,0.0,322.5531020490275,0.13733042548050667,0.13660050406172444,4.8690796875556e-11,7.654741877305415e-07,3.715972796036601e-08
220800.0,0.10914278136512318,0.10914278136512318,0.0,322.5543057658148,0.13705416883104712,0.13632655537177019,4.850236549553215e-11,7.624735824940387e-07,3.708867274875208e-08
220950.0,0.10879802173615635,0.10879802173615635,0.0,322.5555057484725,0.13677876591307525,0.13605345083144407,4.831655461198594e-11,7.594914796238417e-07,3.701800127399447e-08
221100.0,0.10845469209501038,0.10845469209501038,0.0,322.55670201222046,0.1365042132591495,0.13578118702199032,4.81290695165884e-11,7.565211350424317e-07,3.6947388752326006e-08
221250.0,0.1081127852018278,0.1081127852018278,0.0,322.5578945722027,0.1362305074189659,0.13550976054140224,4.794511454971284e-11,7.535672795488946e-07,3.6877069305842506e-08
221400.0,0.10777229386815634,0.10777229386815634,0.0,322.5590834434878,0.13595764495927687,0.13523916800434416,4.776247750246592e-11,7.506282495572947e-07,3.6806965374259455e-08
221550.0,0.1074332109527406,0.1074332109527406,0.0,322.5602686410696,0.13568562246371946,0.1349694060420716,4.757701977361823e-11,7.47705563505785e-07,3.673715509569245e-08
221700.0,0.10709552936391964,0.10709552936391964,0.0,322.561450179868,0.13541443653279878,0.13470047130235002,4.739231004930792e-11,7.447966064999534e-07,3.6667513724041085e-08
221850.0,0.10675924205300125,0.10675924205300125,0.0,322.56262807472893,0.13514408378370252,0.13443236044937143,4.721077431976793e-11,7.41903338041805e-07,3.6598141147844244e-08
222000.0,0.1064243420157912,0.1064243420157912,0.0,322.5638023404251,0.13487456085028582,0.1341650701636715,4.7030880015715826e-11,7.390236420046215e-07,3.6528936583524526e-08
222150.0,0.1060908222893794,0.1060908222893794,0.0,322.56497299165636,0.13460586438290562,0.13389859714204347,4.685116636756541e-11,7.361600573158045e-07,3.646002897375962e-08
222300.0,0.10575867594815926,0.10575867594815926,0.0,322.5661400430499,0.13433799104838787,0.13363293809745405,4.667319707429642e-11,7.333080869337261e-07,3.6391199104632146e-08
222450.0,0.10542789611287237,0.10542789611287237,0.0,322.5673035091617,0.13407093752988591,0.13336808975895661,4.649467276291658e-11,7.304734775115396e-07,3.632273536033658e-08
222600.0,0.10509847593425464,0.10509847593425464,0.0,322.56846340447527,0.13380470052686189,0.13310404887160546,4.631531542946988e-11,7.276457902882782e-07,3.625412198640461e-08
222750.0,0.10477040861843503,0.10477040861843503,0.0,322.5696197434033,0.13353927675488045,0.13284081219636779,4.6140991328810515e-11,7.248415356542193e-07,3.618618448287243e-08
222900.0,0.104443687390324,0.104443687390324,0.0,322.5707725402878,0.13327466294566304,0.13257837651003976,4.596741372187034e-11,7.220468323243523e-07,3.61182346474331e-08
223050.0,0.10411830552483393,0.10411830552483393,0.0,322.57192180940024,0.13301085584688485,0.13231673860515633,4.579213590026772e-11,7.19265555906845e-07,3.605046877952208e-08
223200.0,0.10379425633663267,0.10379425633663267,0.0,322.57306756494205,0.1327478522221431,0.13205589528990663,4.5617280445556934e-11,7.165011612630945e-07,3.5983063593580714e-08
223350.0,0.10347153317118543,0.10347153317118543,0.0,322.5742098210451,0.13248564885084535,0.13179584338804637,4.544657061514475e-11,7.137513382271532e-07,3.59159070897159e-08
223500.0,0.10315012941229365,0.10315012941229365,0.0,322.57534859177196,0.13222424252815368,0.13153657973881186,4.527283718940221e-11,7.110110206987041e-07,3.5848747405873175e-08
223650.0,0.1028300384918521,0.1028300384918521,0.0,322.5764838911166,0.13196363006485026,0.1312781011968324,4.510410596882685e-11,7.082891715082251e-07,3.578203939778225e-08
223800.0,0.10251125386083808,0.10251125386083808,0.0,322.57761573300417,0.13170380828727968,0.13102040463204548,4.493019741039464e-11,7.055757081791958e-07,3.5715277452476535e-08
223950.0,0.10219376902788134,0.10219376902788134,0.0,322.5787441312919,0.1314447740372702,0.13076348692961032,4.4761426994806293e-11,7.028788987922807e-07,3.56488826551083e-08
224100.0,0.10187757752399837,0.10187757752399837,0.0,322.5798690997692,0.13118652417202284,0.1305073449898223,4.4590520993606845e-11,7.001939182071926e-07,3.55826140236294e-08
224250.0,0.10156267292406768,0.10156267292406768,0.0,322.5809906521586,0.13092905556404547,0.13025197572802727,4.4425041793488036e-11,6.975213382443002e-07,3.551650346005383e-08
224400.0,0.10124904884123961,0.10124904884123961,0.0,322.58210880211516,0.1306723651010253,0.12999737607453782,4.425936189980731e-11,6.948681155749536e-07,3.5450908845581736e-08
224550.0,0.10093669891314629,0.10093669891314629,0.0,322.58322356322753,0.13041644968583335,0.1297435429745487,4.4093264263496274e-11,6.922204498077678e-07,3.538512978872895e-08
224700.0,0.10062561683046402,0.10062561683046402,0.0,322.58433494901817,0.1301613062363202,0.12949047338805134,4.39274091011608e-11,6.89590135896645e-07,3.531977133279167e-08
224850.0,0.10031579631011717,0.10031579631011717,0.0,322.58544297294384,0.12990693168533687,0.12923816428975232,4.3762901870091796e-11,6.869724343827599e-07,3.5254594730262127e-08
225000.0,0.10000738254434882,0.10000738254434882,0.0,322.5865476483959,0.12965332225115328,0.12898661266898884,4.347794153257749e-11,9.45219682357834e-07,4.860241480619811e-08
225150.0,0.09970002615356353,0.09970002615356353,0.0,322.58764899036703,0.12940047610470512,0.12873581554219438,4.33192938012684e-11,9.417769519654007e-07,4.852001477971671e-08
225300.0,0.09939392913565406,0.09939392913565406,0.0,322.5887470100085,0.12914838984590293,0.1284857699073432,4.3163168881896726e-11,9.383516940963954e-07,4.84379090448342e-08
225450.0,0.09908907527062236,0.09908907527062236,0.0,322.5898417206982,0.12889706040555007,0.12823647280336334,4.3007714437188426e-11,9.349426120797144e-07,4.83560348667945e-08
225600.0,0.09878545581927035,0.09878545581927035,0.0,322.5909331356389,0.12864648477334073,0.12798792127820632,4.285097026074748e-11,9.31549109364771e-07,4.827436526312376e-08
225750.0,0.0984830636747404,0.0984830636747404,0.0,322.59202126794133,0.1283966599633993,0.12774011239339111,4.269700531475643e-11,9.281735123684021e-07,4.819302478392542e-08
225900.0,0.0981818922254114,0.0981818922254114,0.0,322.5931061306409,0.1281475830072041,0.12749304322443764,4.254351884452407e-11,9.248104405612523e-07,4.811173798516678e-08
226050.0,0.09788193507604326,0.09788193507604326,0.0,322.59418773670376,0.12789925095161528,0.12724671086088407,4.2389796317495895e-11,9.214663621581742e-07,4.803084486693713e-08
226200.0,0.09758318594704779,0.09758318594704779,0.0,322.59526609902974,0.12765166085831356,0.1270011124062333,4.223688117478191e-11,9.181350083542483e-07,4.7950022855471165e-08
226350.0,0.09728563866145573,0.09728563866145573,0.0,322.5963412304523,0.12740480980347044,0.12675624497788165,4.208563339845823e-11,9.148231384092931e-07,4.786962856532981e-08
226500.0,0.09698928711436532,0.09698928711436532,0.0,322.5974131437406,0.12715869487764087,0.12651210570704444,4.1933969660783256e-11,9.115249009900017e-07,4.778936020941504e-08
226650.0,0.09669412527368501,0.09669412527368501,0.0,322.5984818515999,0.12691331318556462,0.1262686917386791,4.178332745636982e-11,9.082408581051471e-07,4.770925052741445e-08
226800.0,0.0964001471749808,0.0964001471749808,0.0,322.5995473666726,0.12666866184609887,0.12602600023141047,4.163317528747889e-11,9.049717207831875e-07,4.762934033795557e-08
226950.0,0.09610734690902946,0.09610734690902946,0.0,322.6006097015385,0.126424737992051,0.12578402835745353,4.14845467521782e-11,9.017194082111546e-07,4.754973446562072e-08
227100.0,0.09581571862180017,0.09581571862180017,0.0,322.601668868716,0.12618153877013236,0.12554277330253955,4.133723002152738e-11,8.984828785002508e-07,4.747038207847698e-08
227250.0,0.0955252565098772,0.0955252565098772,0.0,322.6027248806619,0.12593906134084282,0.12530223226583953,4.1188764862131384e-11,8.95259384181557e-07,4.739114164421778e-08
227400.0,0.09523595481771825,0.09523595481771825,0.0,322.6037777497728,0.12569730287831207,0.12506240245988906,4.104170802527577e-11,8.920542664131448e-07,4.731229952095021e-08
227550.0,0.09494780783198092,0.09494780783198092,0.0,322.6048274883849,0.12545626057032785,0.12482328111051613,4.0896397624349616e-11,8.888602225920472e-07,4.7233472369906046e-08
227700.0,0.09466080988467679,0.09466080988467679,0.0,322.60587410877474,0.12521593161812286,0.12458486545676406,4.075019877986384e-11,8.85680856654858e-07,4.7154854562541455e-08
227850.0,0.09437495534908882,0.09437495534908882,0.0,322.6069176231598,0.12497631323634542,0.12434715275082074,4.0604595256078474e-11,8.825203868800813e-07,4.707667471947946e-08
228000.0,0.0940902386295642,0.0940902386295642,0.0,322.60795804369866,0.12473740265299718,0.12411014025794395,4.0461047373453304e-11,8.793715797483781e-07,4.699855114533009e-08
228150.0,0.09380665417415004,0.09380665417415004,0.0,322.6089953824914,0.12449919710928317,0.12387382525638871,4.031792057256068e-11,8.762399806017118e-07,4.692078347742618e-08
228300.0,0.09352419646117824,0.09352419646117824,0.0,322.61002965158013,0.12426169385961591,0.12363820503733625,4.0174644093510856e-11,8.73119228278485e-07,4.684303484359321e-08
228450.0,0.0932428600115241,0.0932428600115241,0.0,322.61106086294933,0.12402489017146949,0.12340327690482045,4.003224518313389e-11,8.700141676254436e-07,4.6765568127634886e-08
228600.0,0.09296263937265012,0.09296263937265012,0.0,322.61208902852616,0.12378878332531616,0.12316903817565762,3.989119165003612e-11,8.669238690528491e-07,4.668833722328345e-08
228750.0,0.09268352912760022,0.09268352912760022,0.0,322.6131141601809,0.12355337061459538,0.12293548617937593,3.9749905149923366e-11,8.638446817033074e-07,4.661114881805101e-08
228900.0,0.09240552389503273,0.09240552389503273,0.0,322.6141362697269,0.12331864934555224,0.12270261825814344,3.960960002379627e-11,8.6078371192011e-07,4.6534389647646374e-08
229050.0,0.09212861831865844,0.09212861831865844,0.0,322.61515536892165,0.12308461683726311,0.12247043176669986,3.946979733128455e-11,8.577341705090502e-07,4.6457696748197616e-08
229200.0,0.09185280707962418,0.09185280707962418,0.0,322.6161714694664,0.12285127042149023,0.12223892407228554,3.93306927593772e-11,8.546989202773414e-07,4.638122814928741e-08
229350.0,0.09157808489042363,0.09157808489042363,0.0,322.617184583007,0.12261860744263137,0.12200809255457339,3.919189390594221e-11,8.516817265047383e-07,4.6305192132888324e-08
229500.0,0.09130444648643257,0.09130444648643257,0.0,322.61819472113376,0.12238662525768339,0.12177793460559973,3.90545521506932e-11,8.486738835855601e-07,4.622911922489835e-08
229650.0,0.09103188664281416,0.09103188664281416,0.0,322.61920189538193,0.1221553212361084,0.12154844762969517,3.891725424480848e-11,8.456808312934383e-07,4.6153308358346e-08
229800.0,0.09076040015993825,0.09076040015993825,0.0,322.62020611723256,0.12192469275981188,0.12131962904341893,3.8779356667300944e-11,8.427009960676468e-07,4.607767723900104e-08
229950.0,0.09048998186947099,0.09048998186947099,0.0,322.6212073981119,0.12169473722304437,0.12109147627548923,3.864561059506315e-11,8.397362000200914e-07,4.600232895204594e-08
230100.0,0.09022062662881117,0.09022062662881117,0.0,322.62220574939226,0.12146545203235543,0.12086398676671789,3.8509979576151536e-11,8.367831808853143e-07,4.592708828638318e-08
230250.0,0.08995232933341642,0.08995232933341642,0.0,322.62320118239217,0.12123683460651428,0.12063715796994269,3.837535273560356e-11,8.338476772534742e-07,4.585227363503325e-08
230400.0,0.08968508489528387,0.08968508489528387,0.0,322.62419370837677,0.12100888237646372,0.12041098734996211,3.8241145068983804e-11,8.309200427436547e-07,4.5777358180954436e-08
230550.0,0.08941888826593207,0.08941888826593207,0.0,322.62518333855786,0.12078159278518497,0.12018547238346876,3.810775903031045e-11,8.280085009443328e-07,4.570279746831843e-08
230700.0,0.08915373441863282,0.08915373441863282,0.0,322.6261700840945,0.12055496328771506,0.11996061055898537,3.7974076842311135e-11,8.251091787175868e-07,4.5628381512499597e-08
230850.0,0.08888961836072638,0.08888961836072638,0.0,322.62715395609325,0.12032899135104949,0.11973639937679866,3.7842632520561584e-11,8.222231009519243e-07,4.555417009760954e-08
231000.0,0.0886265351228756,0.0886265351228756,0.0,322.6281349656081,0.12010367445404022,0.11951283634889535,3.771057749692646e-11,8.19351146402747e-07,4.548021532937008e-08
231150.0,0.08836447976311268,0.08836447976311268,0.0,322.62911312364133,0.11987901008737505,0.11928991899889829,3.758119092547905e-11,8.164915996367039e-07,4.54064254196291e-08
231300.0,0.08810344737275558,0.08810344737275558,0.0,322.6300884411435,0.1196549957535231,0.11906764486200308,3.7449316098305605e-11,8.136447518514167e-07,4.5332819674738894e-08
231450.0,0.08784343306458323,0.08784343306458323,0.0,322.6310609290136,0.11943162896660142,0.11884601148491364,3.731902064088445e-11,8.108114157023838e-07,4.525944663726803e-08
231600.0,0.08758443198263391,0.08758443198263391,0.0,322.6320305980995,0.11920890725239487,0.11862501642578072,3.71905925720008e-11,8.079905105540242e-07,4.518624931515156e-08
231750.0,0.08732643929718793,0.08732643929718793,0.0,322.6329974591982,0.11898682814823978,0.11840465725413891,3.70614851584584e-11,8.051820574866975e-07,4.511323200041163e-08
231900.0,0.08706945020409418,0.08706945020409418,0.0,322.63396152305614,0.11876538920296249,0.11818493155084413,3.693350843272984e-11,8.023863393158415e-07,4.504041369294968e-08
232050.0,0.08681345992688799,0.08681345992688799,0.0,322.63492280036957,0.11854458797684835,0.11796583690801285,3.6805792778471185e-11,7.99601563711283e-07,4.496769681674232e-08
232200.0,0.08655846371805877,0.08655846371805877,0.0,322.63588130178465,0.11832442204152607,0.11774737092895993,3.667953974388316e-11,7.968331368762849e-07,4.489538863451399e-08
232350.0,0.08630445685146165,0.08630445685146165,0.0,322.6368370378977,0.1181048889799733,0.11752953122813882,3.655330647216556e-11,7.940762893343667e-07,4.4823224293394315e-08
232500.0,0.08605143463202879,0.08605143463202879,0.0,322.6377900192554,0.11788598638642395,0.11731231543107982,3.642717531537506e-11,7.913304105461316e-07,4.4751172145386466e-08
232650.0,0.08579939238618432,0.08579939238618432,0.0,322.6387402563557,0.1176677118662639,0.11709572117433034,3.6302508484667474e-11,7.88596150255727e-07,4.4679271696442476e-08
232800.0,0.08554832547382464,0.08554832547382464,0.0,322.63968775964713,0.1174500630360571,0.11687974610539596,3.6176450961670536e-11,7.858746547267925e-07,4.460759091493091e-08
232950.0,0.08529822927122796,0.08529822927122796,0.0,322.6406325395299,0.11723303752338898,0.1166643878826794,3.605310313556696e-11,7.831647899081418e-07,4.4536068583448236e-08
233100.0,0.08504909918764554,0.08504909918764554,0.0,322.6415746063555,0.11701663296688064,0.11644964417542363,3.592873264602792e-11,7.804690932283753e-07,4.446485218611457e-08
233250.0,0.08480093065469643,0.08480093065469643,0.0,322.64251397042756,0.11680084701611071,0.11623551266365119,3.580610295099504e-11,7.777857683466394e-07,4.4393842922466535e-08
233400.0,0.08455371912722595,0.08455371912722595,0.0,322.6434506420015,0.11658567733153073,0.11602199103810694,3.568464711415294e-11,7.751136570088857e-07,4.43229777304875e-08
233550.0,0.08430746008800191,0.08430746008800191,0.0,322.6443846312854,0.11637112158444614,0.11580907700019998,3.5562830897150925e-11,7.724510774631543e-07,4.425216307653646e-08
233700.0,0.08406214904671284,0.08406214904671284,0.0,322.6453159484398,0.11615717745690912,0.11559676826194591,3.544073688778338e-11,7.698022313346042e-07,4.418164239112864e-08
233850.0,0.0838177815328215,0.0838177815328215,0.0,322.6462446035784,0.11594384264170071,0.1153850625459098,3.532066147329357e-11,7.671641847478705e-07,4.411125060020795e-08
234000.0,0.08357435310553377,0.08357435310553377,0.0,322.6471706067676,0.11573111484226735,0.11517395758514941,3.5198800055014895e-11,7.645378426734961e-07,4.404104253297266e-08
234150.0,0.08333185934460013,0.08333185934460013,0.0,322.6480939680274,0.11551899177263401,0.1149634511231578,3.508026928407205e-11,7.619231677247207e-07,4.397101902368561e-08
234300.0,0.08309029585461392,0.08309029585461392,0.0,322.6490146973317,0.11530747115737255,0.11475354091380868,3.495996927423669e-11,7.593200331834637e-07,4.3901175732555826e-08
234450.0,0.08284965826676981,0.08284965826676981,0.0,322.6499328046079,0.11509655073155228,0.11454422472129944,3.484151820507685e-11,7.567288429072283e-07,4.383153900485977e-08
234600.0,0.0826099422355002,0.0826099422355002,0.0,322.6508482997379,0.11488622824065531,0.1143355003200959,3.472354663932927e-11,7.541515890940875e-07,4.376222753257804e-08
234750.0,0.08237114343552751,0.08237114343552751,0.0,322.6517611925577,0.11467650144056425,0.11412736549487748,3.4606819982272146e-11,7.515825118376007e-07,4.369291019498235e-08
234900.0,0.08213325757112278,0.08213325757112278,0.0,322.6526714928581,0.11446736809744426,0.11391981804048158,3.448932103035089e-11,7.490267210086277e-07,4.3623886496105626e-08
235050.0,0.08189628036276654,0.08189628036276654,0.0,322.6535792103849,0.11425882598775015,0.11371285576185046,3.4372225474453324e-11,7.464778123550397e-07,4.355478630217273e-08
235200.0,0.0816602075647399,0.0816602075647399,0.0,322.65448435483864,0.11405087289810875,0.11350647647397569,3.425598998905096e-11,7.439447802237709e-07,4.348613686270801e-08
235350.0,0.08142503494652735,0.08142503494652735,0.0,322.65538693587575,0.11384350662533681,0.11330067800184551,3.414018013396197e-11,7.414228330310246e-07,4.341766195888974e-08
235500.0,0.08119075829922887,0.08119075829922887,0.0,322.6562869631079,0.11363672497632406,0.11309545818039032,3.4025461065787446e-11,7.389091687404203e-07,4.334920005801354e-08
235650.0,0.08095737344512685,0.08095737344512685,0.0,322.6571844461026,0.11343052576801446,0.11289081485443053,3.391062718222262e-11,7.364075374216572e-07,4.32809735260472e-08
235800.0,0.08072487622276439,0.08072487622276439,0.0,322.6580793943839,0.11322490682731629,0.11268674587862296,3.3797138380918324e-11,7.339187651778101e-07,4.32130341720153e-08
235950.0,0.08049326249592328,0.08049326249592328,0.0,322.65897181743145,0.11301986599111549,0.11248324911740881,3.3682398770522465e-11,7.314399212698941e-07,4.3145212560972406e-08
236100.0,0.08026252815108209,0.08026252815108209,0.0,322.6598617246823,0.11281540110615026,0.11228032244496079,3.356912035402116e-11,7.289726612069725e-07,4.3077609029702575e-08
236250.0,0.08003266909511908,0.08003266909511908,0.0,322.6607491255293,0.11261151002899274,0.11207796374513201,3.345769027839369e-11,7.265160107128299e-07,4.301016894429249e-08
236400.0,0.07980368125696702,0.07980368125696702,0.0,322.66163402932347,0.11240819062600524,0.11187617091140467,3.33452227074636e-11,7.240668818409013e-07,4.2942711903141985e-08
236550.0,0.07957556059409227,0.07957556059409227,0.0,322.662516445372,0.11220544077325155,0.11167494184683732,3.323319365442893e-11,7.216319581615505e-07,4.287563675988749e-08
236700.0,0.07934830307606967,0.07934830307606967,0.0,322.66339638294033,0.11200325835649809,0.11147427446401575,3.312234464806225e-11,7.1920371945422e-07,4.280849980066638e-08
236850.0,0.07912190470554074,0.07912190470554074,0.0,322.66427385125115,0.11180164127111542,0.1112741666850007,3.301067234435907e-11,7.167883338959902e-07,4.274167032174429e-08
237000.0,0.07889636149723052,0.07889636149723052,0.0,322.66514885948544,0.11160058742202261,0.11107461644127889,3.290144590674719e-11,7.143856720764896e-07,4.2675144075780904e-08
237150.0,0.07867166948984236,0.07867166948984236,0.0,322.666021416782,0.11140009472369024,0.11087562167371307,3.279228920441724e-11,7.119932664556572e-07,4.2608776843002416e-08
237300.0,0.07844782474558523,0.07844782474558523,0.0,322.6668915322382,0.11120016110007314,0.11067718033249017,3.268271472830681e-11,7.096081409696531e-07,4.254239286164646e-08
237450.0,0.07822482334961331,0.07822482334961331,0.0,322.66775921491006,0.11100078448449278,0.11047929037707431,3.2574368727388766e-11,7.072368421734421e-07,4.2476387018823015e-08
237600.0,0.07800266140255036,0.07800266140255036,0.0,322.6686244738123,0.11080196281968903,0.11028194977615713,3.2465265901455705e-11,7.048727653502507e-07,4.2410365750006846e-08
237750.0,0.07778133503175974,0.07778133503175974,0.0,322.6694873179187,0.11060369405768407,0.11008515650760757,3.235742714632477e-11,7.025202850841072e-07,4.2344594429050195e-08
237900.0,0.07756084038152894,0.07756084038152894,0.0,322.6703477561624,0.11040597615978975,0.10988890855842552,3.2250144129334785e-11,7.001768941028441e-07,4.227892477423404e-08
238050.0,0.07734117361883491,0.07734117361883491,0.0,322.6712057974359,0.11020880709652897,0.10969320392469167,3.2143016387124515e-11,6.978432402493517e-07,4.221339828362533e-08
238200.0,0.07712233093373319,0.07712233093373319,0.0,322.6720614505914,0.11001218484760211,0.10949804061152081,3.2036670374619014e-11,6.95521537974475e-07,4.2148151675984404e-08
238350.0,0.07690430853133444,0.07690430853133444,0.0,322.67291472444106,0.1098161074018237,0.10930341663301334,3.1930771915147806e-11,6.932097806194859e-07,4.208306638072015e-08
238500.0,0.07668710264247533,0.07668710264247533,0.0,322.6737656277573,0.10962057275709873,0.10910933001220881,3.182593602589336e-11,6.909089869389096e-07,4.2018206957669696e-08
238650.0,0.07647080368702926,0.07647080368702926,0.0,322.67461416927244,0.10942557844228683,0.1089157787810376,4.789996127892721e-11,8.544996451670395e-07,5.205971384577261e-08
238800.0,0.07625519481998272,0.07625519481998272,0.0,322.6754603587215,0.10923112327420893,0.10872276098692532,4.774142664409427e-11,8.517274409369779e-07,5.198319644965653e-08
238950.0,0.07604040162440304,0.07604040162440304,0.0,322.67630420344267,0.10903720501972579,0.10853027466866562,4.75830638030097e-11,8.489653775811679e-07,5.19067705637773e-08
239100.0,0.07582641373009115,0.07582641373009115,0.0,322.67714571216527,0.10884382167125316,0.10833831788781201,4.742614129842041e-11,8.462139187009887e-07,5.183046715974711e-08
239250.0,0.07561322594547344,0.07561322594547344,0.0,322.67798489350605,0.10865097126170896,0.10814688871191962,4.726882103474661e-11,8.434770721460483e-07,5.175453487138213e-08
239400.0,0.07540083406270905,0.07540083406270905,0.0,322.67882175602614,0.10845865183890131,0.10795598521681327,4.711141674694452e-11,8.407495020595901e-07,5.167864974684205e-08
239550.0,-0.8824290112676826,0.07476145561213411,-0.9571904668798167,322.67965630825614,0.1082672087128874,0.10776880460190341,4.699845650309693e-11,8.389645350659336e-07,5.166011913424154e-08
239700.0,-2.572658926679974,0.07348726096002553,-2.64614618764,322.68048385283964,0.10807766870505114,0.1075877592230178,4.694375696769173e-11,8.386550245376156e-07,5.173162563466854e-08
239850.0,-3.925067078496887,0.07189059123552737,-3.9969576697324145,322.68129741117957,0.10789095556089869,0.10741169054737967,4.6920766781998044e-11,8.392076757957057e-07,5.185529972880922e-08
240000.0,-4.939467739840257,0.07018511596615802,-5.009652855806415,322.6820934471592,0.10770736303962203,0.10723946786739304,4.6910296611855675e-11,8.401318094541921e-07,5.2000889926478223e-08
240150.0,-5.6157964728488885,0.06853163521150878,-5.684328108060397,322.68287077671454,0.10752683961653536,0.10706996765535932,4.689576066995779e-11,8.410351028942387e-07,5.214419679734889e-08
240300.0,-5.954073229245655,0.06705544604240932,-6.021128675288064,322.68362998485253,0.10734910072839474,0.1069020700321638,4.6868716021624425e-11,8.416077692530166e-07,5.2266096535661946e-08
240450.0,-5.954373542382305,0.06585558667671512,-6.02022912905902,322.6843730349562,0.10717368946576705,0.10673465783201247,4.681762564238325e-11,8.416135273137115e-07,5.2351998673613265e-08
240600.0,-5.61680300013726,0.06501077951666565,-5.681813779653925,322.6851029801433,0.10700001608734155,0.10656661649628685,4.673584037017456e-11,8.408584593055934e-07,5.238992728245454e-08
240750.0,-4.941473392905024,0.06458368468748432,-5.006057077592509,322.68582373989966,0.10682738666692003,0.10639683436363988,4.661855224387355e-11,8.391954615660779e-07,5.23708066348584e-08
240900.0,-3.928479885412976,0.06462412046545567,-3.9931040058784317,322.6865399231334,0.10665502510920076,0.10622420321604321,4.6459368807038937e-11,8.364918238079611e-07,5.2286445509810915e-08
241050.0,-2.577878897069228,0.0651715692781083,-2.6430504663473364,322.6872566861096,0.10648209060638349,0.10604761902878969,4.625409917872016e-11,8.326390386059757e-07,5.213014594688157e-08
241200.0,-0.8896665099922748,0.06625715237392459,-0.9559236623661994,322.6879796172957,0.10630769173325436,0.10586598290093377,4.599877947335913e-11,8.275258366330362e-07,5.189501174317355e-08
241350.0,0.06743598326442074,0.06743598326442074,0.0,322.6887146432193,0.1061312816378905,0.10568171389603905,4.573719651682785e-11,8.219867027592365e-07,5.1633328714762554e-08
241500.0,0.06829022722579663,0.06829022722579663,0.0,322.68946277529176,0.10595320112372424,0.10549793838845163,4.550533461604642e-11,8.169349059311548e-07,5.140224786458311e-08
241650.0,0.06892255554873086,0.06892255554873086,0.0,322.6902204151784,0.10577410948823472,0.10531463120006537,4.5296482364216516e-11,8.123233285473042e-07,5.119862396557821e-08
241800.0,0.0693880901044141,0.06938809011107173,-6.6576294143399266e-12,322.69098510265104,0.10559436879541609,0.10513178691540236,4.509942827564335e-11,8.081090119121613e-07,5.101970374183071e-08
241950.0,0.06972359534774132,0.06972359534108416,6.657154496081535e-12,322.69175498846295,0.10541422244165048,0.10494940383421675,4.491440024420064e-11,8.0422602406016e-07,5.0861323101211194e-08
242100.0,0.06995610367245694,0.06995610367245694,0.0,322.6925286308638,0.10523385014090629,0.10476748145387857,4.473708580534175e-11,8.006182987685406e-07,5.071994722208533e-08
242250.0,0.07010643230337471,0.07010643230337471,0.0,322.69330488773403,0.10505339063355047,0.10458601973311168,4.456692097191192e-11,7.972375565545864e-07,5.0592532155738335e-08
242400.0,0.0701909664820132,0.0701909664820132,0.0,322.6940828477016,0.1048729532967877,0.10440501881383246,4.440339025222263e-11,7.940387280191974e-07,5.047623199040899e-08
242550.0,0.07022273745666331,0.07022273745666331,0.0,322.69486178102403,0.10469262520655541,0.10422447889676524,4.4245332559508426e-11,7.909881380580019e-07,5.0368917995093164e-08
242700.0,0.07021216125572421,0.07021216125572421,0.0,322.69564110241515,0.10451247599861581,0.10404440017732967,4.408713175893842e-11,7.880628040135562e-07,5.026913750303479e-08
242850.0,0.07016758497943514,0.07016758497943514,0.0,322.6964203420606,0.10433256147380818,0.10386478280883155,4.39364440330804e-11,7.852329404339775e-07,5.017499997710709e-08
243000.0,0.07009570749968727,0.07009570749968727,0.0,322.69719912268573,0.10415292638010186,0.10368562688000232,4.378634230652704e-11,7.824847569337656e-07,5.008563107662921e-08
243150.0,0.07000191007091013,0.07000191007091013,0.0,322.6979771412867,0.10397360660297245,0.10350693240118189,4.363894033886447e-11,7.798023266142318e-07,5.0000017766812654e-08
243300.0,0.06989051873203318,0.06989051873203318,0.0,322.6987541545247,0.10379463090662454,0.10332869929623267,4.3494319508526363e-11,7.771732534606057e-07,4.991737027064302e-08
243450.0,0.06976501356288342,0.06976501356288342,0.0,322.69952996702875,0.10361602232495458,0.10315092739848528,4.3349673324289674e-11,7.745924879287713e-07,4.983736881281025e-08
243600.0,0.06962819596102071,0.0696281959676727,-6.651986391966977e-12,322.7003044220174,0.10343779927568704,0.1029736164495677,4.320810843475743e-11,7.720497727255884e-07,4.975935799947992e-08
243750.0,0.06948232258592241,0.06948232257927088,6.651521275456811e-12,322.70107739377517,0.10325997645401719,0.10279676610041633,4.306422807564438e-11,7.695391415121793e-07,4.968295674267456e-08
243900.0,0.06932921254347277,0.06932921254347277,0.0,322.7018487816126,0.10308256555012628,0.10262037591355133,4.292564629930119e-11,7.670572306772705e-07,4.960795110105347e-08
244050.0,0.06917033347165577,0.06917033347165577,0.0,322.70261850501527,0.10290557582586668,0.10244444536670372,4.278663273793311e-11,7.64597211516671e-07,4.9533902342376243e-08
244200.0,0.06900687040452508,0.06900687040452508,0.0,322.7033864997466,0.10272901457853771,0.102268973856894,4.264835796716473e-11,7.621579682925983e-07,4.946074040324919e-08
244350.0,0.06883978109957212,0.06883978109957212,0.0,322.7041527147146,0.10255288751411613,0.10209396070503958,4.250904356171188e-11,7.59738088995654e-07,4.938837624252352e-08
244500.0,0.06866984041073633,0.06866984041073633,0.0,322.70491710945146,0.10237719904795066,0.10191940516077655,4.237261826290107e-11,7.573346198358477e-07,4.931662042451028e-08
244650.0,0.06849767590920906,0.06849767590920906,0.0,322.705679652085,0.10220195254712698,0.10174530640736168,4.2238294711194005e-11,7.54944413830505e-07,4.9245270109191436e-08
244800.0,0.06832379648885566,0.06832379648885566,0.0,322.7064403177058,0.10202715052600889,0.10157166356654791,4.2103824532434905e-11,7.525697095639439e-07,4.917447337524128e-08
244950.0,0.06814861533656415,0.06814861533656415,0.0,322.70719908705087,0.10185279480420603,0.10139847570335254,4.1967802307953296e-11,7.502085411087434e-07,4.910410444477814e-08
245100.0,0.06797246841004531,0.06797246841004531,0.0,322.707955945442,0.10167888663434195,0.10122574183066019,4.183480964326838e-11,7.478577809250098e-07,4.9033960781157324e-08
245250.0,0.06779562927865233,0.06779562927865233,0.0,322.70871088192973,0.10150542680534211,0.10105346091362467,4.17001371559434e-11,7.455210371404286e-07,4.8964281063850324e-08
245400.0,0.06761832105557523,0.06761832106222168,-6.646453697969884e-12,322.70946388860045,0.10133241572630534,0.10088163187383274,4.156606647492076e-11,7.431913312880616e-07,4.8894609289054526e-08
245550.0,0.06744072606071451,0.0674407260540685,6.645997356939059e-12,322.7102149600179,0.1011598534945055,0.10071025359331301,4.143491250838056e-11,7.408751949214487e-07,4.8825376822152694e-08
245700.0,0.06726299345461177,0.06726299345461177,0.0,322.7109640927694,0.10098773995065967,0.10053932491807788,4.1303400910452316e-11,7.385673429644024e-07,4.8756238022902566e-08
245850.0,0.06708524560835388,0.06708524560835388,0.0,322.71171128509917,0.100816074723989,0.10036884466172646,4.1171943073594985e-11,7.362689735945782e-07,4.8687273705131624e-08
246000.0,0.06690758304222467,0.06690758304222467,0.0,322.7124565366105,0.10064485726895095,0.100198811608571,4.1041629525950984e-11,7.339852319959705e-07,4.8618826761282565e-08
