time_s,method,rho_d_kg_m3,net_inventory_rate_kg_s,local_positive_loss_rate_kg_s,boundary_net_rate_kg_s,water_balance_residual_kg_s,solver_relative_residual
300.0,fixed-domain-moisture,650.0,-1.5185949900793326e-05,1.5185949900793326e-05,-1.5185949904406623e-05,3.6132968633199175e-15,1.5888866052024598e-11
600.0,fixed-domain-moisture,650.0,-1.243067000658046e-05,1.243067000658046e-05,-1.2430669985361594e-05,-2.1218866507605183e-14,4.34342241357291e-11
900.0,fixed-domain-moisture,650.0,-1.084923595477546e-05,1.084923595477546e-05,-1.0849235958790642e-05,4.015181809540087e-15,1.50190948359741e-11
1200.0,fixed-domain-moisture,650.0,-9.84164599721737e-06,9.84164599721737e-06,-9.841645995910642e-06,-1.3067278921245762e-15,2.1818453673946552e-11
1500.0,fixed-domain-moisture,650.0,-9.14103233325213e-06,9.14103233325213e-06,-9.141032338468235e-06,5.216105122157234e-15,3.85085850476197e-11
1800.0,fixed-domain-moisture,650.0,-8.661842225841922e-06,8.661842225841922e-06,-8.661842228100156e-06,2.258233883093222e-15,5.579870089274107e-12
2100.0,fixed-domain-moisture,650.0,-8.298256129403594e-06,8.298256129403594e-06,-8.298256135561912e-06,6.158317467628606e-15,1.3409942081638732e-11
2400.0,fixed-domain-moisture,650.0,-8.036827426645984e-06,8.036827426645984e-06,-8.036827441387627e-06,1.4741642829401227e-14,3.173944823184334e-11
2700.0,fixed-domain-moisture,650.0,-7.840727927822187e-06,7.840727927822187e-06,-7.840727949464438e-06,2.164225084409256e-14,4.243535175963488e-11
3000.0,fixed-domain-moisture,650.0,-7.671405966364512e-06,7.671405966364512e-06,-7.671405988357373e-06,2.199286149788364e-14,4.461133331219705e-11
3300.0,fixed-domain-moisture,650.0,-7.5458839908626325e-06,7.5458839908626325e-06,-7.5458839950033895e-06,4.140756985069379e-15,1.483718015140098e-11
3600.0,fixed-domain-moisture,650.0,-7.43661155961874e-06,7.43661155961874e-06,-7.436611563907264e-06,4.2885244238167336e-15,1.450859852368715e-11
3900.0,fixed-domain-moisture,650.0,-7.337059571561612e-06,7.337059571561612e-06,-7.337059575856934e-06,4.295321863218449e-15,1.4303147161454762e-11
4200.0,fixed-domain-moisture,650.0,-7.243017056300717e-06,7.243017056300717e-06,-7.243017077220191e-06,2.0919474242068678e-14,4.810619041348807e-11
4500.0,fixed-domain-moisture,650.0,-7.160059985267496e-06,7.160059985267496e-06,-7.160060005112121e-06,1.9844625007386756e-14,4.6735425207343e-11
4800.0,fixed-domain-moisture,650.0,-7.087287826303031e-06,7.087287826303031e-06,-7.087287845555595e-06,1.925256422384905e-14,4.6569507129377737e-11
5100.0,fixed-domain-moisture,650.0,-7.0052461778663635e-06,7.0052461778663635e-06,-7.00524619153829e-06,1.3671926614379666e-14,3.3833417515011305e-11
5400.0,fixed-domain-moisture,650.0,-6.932985003938158e-06,6.932985003938158e-06,-6.932985016360812e-06,1.2422653814100296e-14,3.266789900536771e-11
5700.0,fixed-domain-moisture,650.0,-6.867952064763397e-06,6.867952064763397e-06,-6.867952076649065e-06,1.1885667959826013e-14,3.439186355490056e-11
6000.0,fixed-domain-moisture,650.0,-6.802324701281774e-06,6.802324701281774e-06,-6.802324711584016e-06,1.0302242355920716e-14,3.3560496006382746e-11
6300.0,fixed-domain-moisture,650.0,-6.734775593576038e-06,6.734775593576038e-06,-6.734775601484508e-06,7.908470495772597e-15,2.98305959418126e-11
6600.0,fixed-domain-moisture,650.0,-6.666845815905153e-06,6.666845815905153e-06,-6.666845822153015e-06,6.247861555647594e-15,2.8389303796353068e-11
6900.0,fixed-domain-moisture,650.0,-6.602657172419889e-06,6.602657172419889e-06,-6.6026571781976295e-06,5.777740482229565e-15,3.3693906296817854e-11
7200.0,fixed-domain-moisture,650.0,-6.5368189630739054e-06,6.5368189630739054e-06,-6.536818967877907e-06,4.804001570461389e-15,2.95861799745679e-11
7500.0,fixed-domain-moisture,650.0,-6.468029162141823e-06,6.468029162141823e-06,-6.468029166167481e-06,4.0256579130317285e-15,2.899441244843233e-11
7800.0,fixed-domain-moisture,650.0,-6.4002272366537005e-06,6.4002272366537005e-06,-6.400227240098085e-06,3.4443840940773067e-15,2.502754706011014e-11
8100.0,fixed-domain-moisture,650.0,-6.330214220998551e-06,6.330214220998551e-06,-6.330214223945626e-06,2.947074957118309e-15,2.457380516665398e-11
8400.0,fixed-domain-moisture,650.0,-6.2706702814790454e-06,6.2706702814790454e-06,-6.270670284051177e-06,2.572131587851457e-15,2.967357029142794e-11
8700.0,fixed-domain-moisture,650.0,-6.207856295850858e-06,6.207856295850858e-06,-6.2078562988305945e-06,2.979736547564435e-15,2.7500271928109126e-11
9000.0,fixed-domain-moisture,650.0,-6.154124488970957e-06,6.154124488970957e-06,-6.154124491105037e-06,2.134080028849423e-15,3.512176290069307e-11
9300.0,fixed-domain-moisture,650.0,-6.094003472599988e-06,6.094003472599988e-06,-6.0940034757087044e-06,3.108716795541689e-15,3.276844640434593e-11
9600.0,fixed-domain-moisture,650.0,-6.030068852979809e-06,6.030068852979809e-06,-6.030068856135923e-06,3.156114218171198e-15,2.6306638876030373e-11
9900.0,fixed-domain-moisture,650.0,-5.974725617140819e-06,5.974725617140819e-06,-5.974725619337815e-06,2.1969959421055778e-15,3.6350267221041176e-11
10200.0,fixed-domain-moisture,650.0,-5.915349243738304e-06,5.915349243738304e-06,-5.9153492464951755e-06,2.7568711677135142e-15,3.6146574102986376e-11
10500.0,fixed-domain-moisture,650.0,-5.857363473017398e-06,5.857363473017398e-06,-5.857363475986113e-06,2.968714954854762e-15,3.312397920084537e-11
10800.0,fixed-domain-moisture,650.0,-5.809480908381984e-06,5.809480908381984e-06,-5.809480908558358e-06,1.7637428247497394e-16,1.7364812995932987e-11
11100.0,fixed-domain-moisture,650.0,-5.755430616744625e-06,5.755430616744625e-06,-5.755430620290584e-06,3.545958591046148e-15,4.220516486155293e-11
11400.0,fixed-domain-moisture,650.0,-5.704519899748476e-06,5.704519899748476e-06,-5.704519900621814e-06,8.733375554312826e-16,1.4792300323098965e-11
11700.0,fixed-domain-moisture,650.0,-5.648621415440559e-06,5.648621415440559e-06,-5.648621418136699e-06,2.6961405994612754e-15,3.2351259726444115e-11
12000.0,fixed-domain-moisture,650.0,-5.60028715298664e-06,5.60028715298664e-06,-5.600287153433456e-06,4.468166559402215e-16,1.6931022117881643e-11
12300.0,fixed-domain-moisture,650.0,-5.542923386987009e-06,5.542923386987009e-06,-5.542923389971041e-06,2.9840318516399615e-15,3.7790028597132666e-11
12600.0,fixed-domain-moisture,650.0,-5.496221266233699e-06,5.496221266233699e-06,-5.496221266804387e-06,5.706884482125849e-16,1.7361385956275295e-11
12900.0,fixed-domain-moisture,650.0,-5.4483934345022e-06,5.4483934345022e-06,-5.4483934353630555e-06,8.608556779205433e-16,1.674072654986017e-11
13200.0,fixed-domain-moisture,650.0,-5.399120420364031e-06,5.399120420364031e-06,-5.399120423459564e-06,3.095533574750623e-15,4.369511420374382e-11
13500.0,fixed-domain-moisture,650.0,-5.353900329457653e-06,5.353900329457653e-06,-5.35390032734071e-06,-2.116942858260574e-15,2.4362328765971852e-11
13800.0,fixed-domain-moisture,650.0,-5.30185840288891e-06,5.30185840288891e-06,-5.301858404304705e-06,1.415795242544829e-15,2.0449692971354844e-11
14100.0,fixed-domain-moisture,650.0,-5.259094980139798e-06,5.259094980139798e-06,-5.259094977844522e-06,-2.2952754809095997e-15,2.554804071584885e-11
14400.0,fixed-domain-moisture,650.0,-5.215571903917114e-06,5.215571903917114e-06,-5.2155719025523625e-06,-1.3647513430773903e-15,2.36130855316246e-11
14700.0,fixed-domain-moisture,650.0,-5.167540367072599e-06,5.167540367072599e-06,-5.167540366797803e-06,-2.747961228141346e-16,2.2867495586975634e-11
15000.0,fixed-domain-moisture,650.0,-5.122021648813337e-06,5.122021648813337e-06,-5.122021647923354e-06,-8.899834469107241e-16,2.3904051952756286e-11
15300.0,fixed-domain-moisture,650.0,-5.077264118531951e-06,5.077264118531951e-06,-5.077264117595325e-06,-9.366261631842294e-16,2.5283081552165067e-11
15600.0,fixed-domain-moisture,650.0,-5.03315865391382e-06,5.03315865391382e-06,-5.033158652950533e-06,-9.632873722320058e-16,2.648915346560707e-11
15900.0,fixed-domain-moisture,650.0,-4.9896472620623494e-06,4.9896472620623494e-06,-4.989647261151379e-06,-9.10970382244844e-16,2.7633376652195543e-11
16200.0,fixed-domain-moisture,650.0,-4.946689257826852e-06,4.946689257826852e-06,-4.946689256985144e-06,-8.417084981478598e-16,2.875304866708099e-11
16500.0,fixed-domain-moisture,650.0,-4.90425142411344e-06,4.90425142411344e-06,-4.904251423354872e-06,-7.58567979210114e-16,2.9860833685681213e-11
16800.0,fixed-domain-moisture,650.0,-4.862304539550002e-06,4.862304539550002e-06,-4.862304538887051e-06,-6.629506649593123e-16,3.096478269368718e-11
17100.0,fixed-domain-moisture,650.0,-4.8208220562161095e-06,4.8208220562161095e-06,-4.820822055660218e-06,-5.558916296569995e-16,3.207206276421105e-11
17400.0,fixed-domain-moisture,650.0,-4.779779535764194e-06,4.779779535764194e-06,-4.7797795353259285e-06,-4.382658583376893e-16,3.3189592374070325e-11
17700.0,fixed-domain-moisture,650.0,-4.7391543553956245e-06,4.7391543553956245e-06,-4.739154355084617e-06,-3.110076283422032e-16,3.432406370616164e-11
18000.0,fixed-domain-moisture,650.0,-4.698925511932379e-06,4.698925511932379e-06,-4.6989255118204885e-06,-1.118905112334513e-16,3.5517107264674856e-11
18300.0,fixed-domain-moisture,650.0,-4.659073466382214e-06,4.659073466382214e-06,-4.659073466410607e-06,2.839254439196415e-17,3.670954508904953e-11
18600.0,fixed-domain-moisture,650.0,-4.619580007572672e-06,4.619580007572672e-06,-4.6195800077482145e-06,1.7554249612077022e-16,3.793663914652789e-11
18900.0,fixed-domain-moisture,650.0,-4.580428132284753e-06,4.580428132284753e-06,-4.580428132613254e-06,3.2850055276889903e-16,3.9202364734755935e-11
19200.0,fixed-domain-moisture,650.0,-4.5416019382926845e-06,4.5416019382926845e-06,-4.54160193877879e-06,4.861054321656649e-16,4.0509430459064914e-11
19500.0,fixed-domain-moisture,650.0,-4.503086530276427e-06,4.503086530276427e-06,-4.503086530923768e-06,6.4734154180731e-16,4.1859066211995504e-11
19800.0,fixed-domain-moisture,650.0,-4.464867937736166e-06,4.464867937736166e-06,-4.464867938547293e-06,8.111272206201905e-16,4.325104754098896e-11
20100.0,fixed-domain-moisture,650.0,-4.426933043809243e-06,4.426933043809243e-06,-4.426933044785774e-06,9.765307323623268e-16,4.468381650485462e-11
20400.0,fixed-domain-moisture,650.0,-4.38926952394085e-06,4.38926952394085e-06,-4.389269525083527e-06,1.142677091999205e-15,4.6154539864183426e-11
20700.0,fixed-domain-moisture,650.0,-4.351865792966237e-06,4.351865792966237e-06,-4.351865794274836e-06,1.308598987905061e-15,4.765853370175045e-11
21000.0,fixed-domain-moisture,650.0,-4.314710959472455e-06,4.314710959472455e-06,-4.314710960945689e-06,1.4732342407640375e-15,4.9189218302122744e-11
21300.0,fixed-domain-moisture,650.0,-4.277794787204156e-06,4.277794787204156e-06,-4.277794787505983e-06,3.018274852598611e-16,1.6688006740945837e-11
21600.0,fixed-domain-moisture,650.0,-4.241107656558364e-06,4.241107656558364e-06,-4.241107656918468e-06,3.6010419906390423e-16,1.751889688306518e-11
21900.0,fixed-domain-moisture,650.0,-4.204640540537864e-06,4.204640540537864e-06,-4.204640540954608e-06,4.1674444521385204e-16,1.8349869631032665e-11
22200.0,fixed-domain-moisture,650.0,-4.168384973213324e-06,4.168384973213324e-06,-4.168384973684938e-06,4.716143925040384e-16,1.9175878114549723e-11
22500.0,fixed-domain-moisture,650.0,-4.132333026636984e-06,4.132333026636984e-06,-4.132333027161654e-06,5.24669995221206e-16,1.999194036969739e-11
22800.0,fixed-domain-moisture,650.0,-4.096477288686024e-06,4.096477288686024e-06,-4.096477289249941e-06,5.63917266832234e-16,2.0766121526883354e-11
23100.0,fixed-domain-moisture,650.0,-4.06081084236566e-06,4.06081084236566e-06,-4.06081084297912e-06,6.13460223917138e-16,2.154595846316255e-11
23400.0,fixed-domain-moisture,650.0,-4.025327246866813e-06,4.025327246866813e-06,-4.025327247528041e-06,6.61227799944597e-16,2.2301418895152284e-11
23700.0,fixed-domain-moisture,650.0,-3.990020519312336e-06,3.990020519312336e-06,-3.990020520019605e-06,7.072691228255518e-16,2.3027937602724463e-11
24000.0,fixed-domain-moisture,650.0,-3.954885117454938e-06,3.954885117454938e-06,-3.954885118206587e-06,7.516485670639936e-16,2.3721307656539574e-11
24300.0,fixed-domain-moisture,650.0,-3.919915922998505e-06,3.919915922998505e-06,-3.919915923792895e-06,7.943898495824456e-16,2.4377016606401875e-11
24600.0,fixed-domain-moisture,650.0,-3.885108225427391e-06,3.885108225427391e-06,-3.885108226263009e-06,8.356183312571014e-16,2.4993343245681954e-11
24900.0,fixed-domain-moisture,650.0,-3.850457706245342e-06,3.850457706245342e-06,-3.85045770712066e-06,8.753179184619632e-16,2.556763008078921e-11
25200.0,fixed-domain-moisture,650.0,-3.81596042355417e-06,3.81596042355417e-06,-3.815960424467649e-06,9.134792938346112e-16,2.6098938076439053e-11
25500.0,fixed-domain-moisture,650.0,-3.7816127969232165e-06,3.7816127969232165e-06,-3.7816127978733495e-06,9.501329505611465e-16,2.6587863439429602e-11
25800.0,fixed-domain-moisture,650.0,-3.747411592518543e-06,3.747411592518543e-06,-3.747411593503832e-06,9.852890530369363e-16,2.70364511630921e-11
26100.0,fixed-domain-moisture,650.0,-3.713353908473518e-06,3.713353908473518e-06,-3.71335390949256e-06,1.0190420454355992e-15,2.744822788306942e-11
26400.0,fixed-domain-moisture,650.0,-3.6794371604931646e-06,3.6794371604931646e-06,-3.6794371615447374e-06,1.0515727692913743e-15,2.782804397912577e-11
26700.0,fixed-domain-moisture,650.0,-3.645659067691748e-06,3.645659067691748e-06,-3.645659068774965e-06,1.0832170731678477e-15,2.818138042345549e-11
27000.0,fixed-domain-moisture,650.0,-3.612017638668758e-06,3.612017638668758e-06,-3.6120176397832506e-06,1.1144924941957918e-15,2.8513324549635306e-11
27300.0,fixed-domain-moisture,650.0,-3.5785111578319505e-06,3.5785111578319505e-06,-3.5785111589782067e-06,1.1462562297178281e-15,2.8826556692678358e-11
27600.0,fixed-domain-moisture,650.0,-3.5451381719788535e-06,3.5451381719788535e-06,-3.545138173158648e-06,1.1797944992643621e-15,2.911791133610617e-11
27900.0,fixed-domain-moisture,650.0,-3.5118974771491797e-06,3.5118974771491797e-06,-3.511897478366151e-06,1.216971198835827e-15,2.937379273710712e-11
28200.0,fixed-domain-moisture,650.0,-3.478788105761324e-06,3.478788105761324e-06,-3.4787881070216855e-06,1.2603617321083494e-15,2.9564629561020234e-11
28500.0,fixed-domain-moisture,650.0,-3.44580931404617e-06,3.44580931404617e-06,-3.4458093153592615e-06,1.3130916506572977e-15,2.964089452358422e-11
28800.0,fixed-domain-moisture,650.0,-3.4129605697904886e-06,3.4129605697904886e-06,-3.41296057116894e-06,1.3784512539662813e-15,2.953688261916102e-11
29100.0,fixed-domain-moisture,650.0,-3.38024154040169e-06,3.38024154040169e-06,-3.380241541860559e-06,1.4588689854950782e-15,2.91799643226985e-11
29400.0,fixed-domain-moisture,650.0,-3.3476520813039686e-06,3.3476520813039686e-06,-3.347652082858944e-06,1.5549754612729193e-15,2.855619297492181e-11
29700.0,fixed-domain-moisture,650.0,-3.3151922246740267e-06,3.3151922246740267e-06,-3.3151922263382906e-06,1.6642638872924054e-15,2.7688318927777432e-11
30000.0,fixed-domain-moisture,650.0,-3.2828621685230093e-06,3.2828621685230093e-06,-3.2828621703047643e-06,1.781754980373102e-15,2.6674971111088405e-11
30300.0,fixed-domain-moisture,650.0,-3.2506622661299943e-06,3.2506622661299943e-06,-3.2506622680314846e-06,1.901490287247549e-15,2.564720540011269e-11
30600.0,fixed-domain-moisture,650.0,-3.2185930158339016e-06,3.2185930158339016e-06,-3.2185930178523264e-06,2.0184248796819e-15,2.4719450968767288e-11
30900.0,fixed-domain-moisture,650.0,-3.186655051181438e-06,3.186655051181438e-06,-3.18665505331242e-06,2.1309820058448403e-15,2.3972155096131683e-11
31200.0,fixed-domain-moisture,650.0,-3.1548491314400487e-06,3.1548491314400487e-06,-3.154849133679541e-06,2.2394924321022733e-15,2.3424860632630307e-11
31500.0,fixed-domain-moisture,650.0,-3.1231761324714114e-06,3.1231761324714114e-06,-3.123176134813835e-06,2.3424234523361422e-15,2.3058433544470176e-11
31800.0,fixed-domain-moisture,650.0,-3.091637037954293e-06,3.091637037954293e-06,-3.091637040383298e-06,2.4290050426221087e-15,2.2818451088629956e-11
32100.0,fixed-domain-moisture,650.0,-3.060232930965482e-06,3.060232930965482e-06,-3.0602329334774867e-06,2.5120045305741367e-15,2.2689219442269194e-11
32400.0,fixed-domain-moisture,650.0,-3.0289649859116917e-06,3.0289649859116917e-06,-3.028964988509824e-06,2.598132111200375e-15,2.2726060074523282e-11
32700.0,fixed-domain-moisture,650.0,-2.9978344608008993e-06,2.9978344608008993e-06,-2.9978344634803817e-06,2.6794824260040987e-15,2.2865187573671673e-11
33000.0,fixed-domain-moisture,650.0,-2.966842689834121e-06,2.966842689834121e-06,-2.966842692590797e-06,2.756675926619172e-15,2.3107839110811187e-11
33300.0,fixed-domain-moisture,650.0,-2.9359910763390086e-06,2.9359910763390086e-06,-2.9359910791701328e-06,2.8311241934521943e-15,2.3469506213397647e-11
33600.0,fixed-domain-moisture,650.0,-2.905281086014396e-06,2.905281086014396e-06,-2.9052810889198574e-06,2.9054614989691262e-15,2.39792227104906e-11
33900.0,fixed-domain-moisture,650.0,-2.8747142404816972e-06,2.8747142404816972e-06,-2.8747142434652492e-06,2.983552007475342e-15,2.4674259109113786e-11
34200.0,fixed-domain-moisture,650.0,-2.844292111132543e-06,2.844292111132543e-06,-2.8442921142028754e-06,3.0703322269874395e-15,2.5588543146425245e-11
34500.0,fixed-domain-moisture,650.0,-2.8140163132622552e-06,2.8140163132622552e-06,-2.814016316433342e-06,3.1710867960633386e-15,2.6737079641888385e-11
34800.0,fixed-domain-moisture,650.0,-2.7838885004790665e-06,2.7838885004790665e-06,-2.783888503756745e-06,3.277678269178767e-15,2.808347567000612e-11
35100.0,fixed-domain-moisture,650.0,-2.753910359363575e-06,2.753910359363575e-06,-2.7539103627612528e-06,3.3976778503327573e-15,2.9606038940451006e-11
35400.0,fixed-domain-moisture,650.0,-2.7240836043575908e-06,2.7240836043575908e-06,-2.7240836079376716e-06,3.580080889809814e-15,3.134672938138837e-11
35700.0,fixed-domain-moisture,650.0,-2.694409973110894e-06,2.694409973110894e-06,-2.694409976885126e-06,3.774231852748814e-15,3.3154865004166096e-11
36000.0,fixed-domain-moisture,650.0,-2.664891221637343e-06,2.664891221637343e-06,-2.6648912256266535e-06,3.989310458715626e-15,3.502685810525173e-11
36300.0,fixed-domain-moisture,650.0,-2.635529120039662e-06,2.635529120039662e-06,-2.6355291242625516e-06,4.222889534799892e-15,3.6957865843810946e-11
36600.0,fixed-domain-moisture,650.0,-2.6063254483187448e-06,2.6063254483187448e-06,-2.60632545279102e-06,4.472275092712872e-15,3.895571213811639e-11
36900.0,fixed-domain-moisture,650.0,-2.5772819927607827e-06,2.5772819927607827e-06,-2.5772819970460986e-06,4.285315863012534e-15,3.998134549939247e-11
37200.0,fixed-domain-moisture,650.0,-2.5484005406475553e-06,2.5484005406475553e-06,-2.548400545207666e-06,4.560110715277248e-15,4.207144700741627e-11
37500.0,fixed-domain-moisture,650.0,-2.519682879018719e-06,2.519682879018719e-06,-2.5196828838609074e-06,4.842188356822454e-15,4.4285696613745584e-11
37800.0,fixed-domain-moisture,650.0,-2.4911307895744454e-06,2.4911307895744454e-06,-2.491130794707294e-06,5.132848559705715e-15,4.660853885434088e-11
38100.0,fixed-domain-moisture,650.0,-2.4627460458716755e-06,2.4627460458716755e-06,-2.4627460513036097e-06,5.431934199315314e-15,4.904100036604582e-11
38400.0,fixed-domain-moisture,650.0,-2.434530413736764e-06,2.434530413736764e-06,-2.43453041569764e-06,1.9608761906960218e-15,2.0197721773116777e-11
38700.0,fixed-domain-moisture,650.0,-2.406485634269628e-06,2.406485634269628e-06,-2.4064856363352634e-06,2.065635531546539e-15,2.1264566997003298e-11
39000.0,fixed-domain-moisture,650.0,-2.3786134421283575e-06,2.3786134421283575e-06,-2.37861344429907e-06,2.170712509752277e-15,2.2353843568062548e-11
39300.0,fixed-domain-moisture,650.0,-2.3509155488028016e-06,2.3509155488028016e-06,-2.3509155510782286e-06,2.2754269578565897e-15,2.3466186161057616e-11
39600.0,fixed-domain-moisture,650.0,-2.32339364363914e-06,2.32339364363914e-06,-2.3233936460183113e-06,2.3791711297198228e-15,2.460217612140901e-11
39900.0,fixed-domain-moisture,650.0,-2.2960493914528685e-06,2.2960493914528685e-06,-2.2960493939342617e-06,2.48139318337684e-15,2.5762508479840352e-11
40200.0,fixed-domain-moisture,650.0,-2.2688844302792876e-06,2.2688844302792876e-06,-2.2688844328608373e-06,2.5815497471919774e-15,2.6947732718368367e-11
40500.0,fixed-domain-moisture,650.0,-2.2419003692563702e-06,2.2419003692563702e-06,-2.2419003719355897e-06,2.6792194222739762e-15,2.815828269458216e-11
40800.0,fixed-domain-moisture,650.0,-2.2150987866125092e-06,2.2150987866125092e-06,-2.215098789386528e-06,2.774018926214204e-15,2.939462558782375e-11
41100.0,fixed-domain-moisture,650.0,-2.1884812278024427e-06,2.1884812278024427e-06,-2.188481230668084e-06,2.8656412095692807e-15,3.065702868890206e-11
41400.0,fixed-domain-moisture,650.0,-2.162049203742793e-06,2.162049203742793e-06,-2.1620492066966594e-06,2.953866467289394e-15,3.194551562211678e-11
41700.0,fixed-domain-moisture,650.0,-2.1358041891668225e-06,2.1358041891668225e-06,-2.1358041922053414e-06,3.038518940037989e-15,3.32601469961244e-11
42000.0,fixed-domain-moisture,650.0,-2.1097476210914424e-06,2.1097476210914424e-06,-2.109747624210959e-06,3.1195164656191814e-15,3.46005628897042e-11
42300.0,fixed-domain-moisture,650.0,-2.083880897394344e-06,2.083880897394344e-06,-2.083880900591236e-06,3.1968920783179144e-15,3.596697403151421e-11
42600.0,fixed-domain-moisture,650.0,-2.058205375498689e-06,2.058205375498689e-06,-2.0582053787693756e-06,3.2706864357156563e-15,3.735840400337955e-11
42900.0,fixed-domain-moisture,650.0,-2.0327223711630733e-06,2.0327223711630733e-06,-2.032722374504163e-06,3.3410896967090657e-15,3.8774851741367404e-11
43200.0,fixed-domain-moisture,650.0,-2.0074331573741556e-06,2.0074331573741556e-06,-2.0074331607824645e-06,3.408308960853746e-15,4.0215225219028916e-11
43500.0,fixed-domain-moisture,650.0,-1.982338963339823e-06,1.982338963339823e-06,-1.982338966812413e-06,3.472590291220875e-15,4.1678422508754294e-11
43800.0,fixed-domain-moisture,650.0,-1.957440973580107e-06,1.957440973580107e-06,-1.957440977114352e-06,3.534244972418568e-15,4.31633247456234e-11
44100.0,fixed-domain-moisture,650.0,-1.932740327113518e-06,1.932740327113518e-06,-1.93274033070711e-06,3.593591912351467e-15,4.466841088821571e-11
44400.0,fixed-domain-moisture,650.0,-1.908238116735338e-06,1.908238116735338e-06,-1.908238120387559e-06,3.652220991861568e-15,4.619205428039268e-11
44700.0,fixed-domain-moisture,650.0,-1.8839353883885996e-06,1.8839353883885996e-06,-1.88393539209653e-06,3.707930348802483e-15,4.773224355916066e-11
45000.0,fixed-domain-moisture,650.0,-1.8598331406167108e-06,1.8598331406167108e-06,-1.8598331443789525e-06,3.7622416778639554e-15,4.928703610231176e-11
45300.0,fixed-domain-moisture,650.0,-1.8359323272315775e-06,1.8359323272315775e-06,-1.8359323279094607e-06,6.778832205446951e-16,1.2896897717854052e-11
45600.0,fixed-domain-moisture,650.0,-1.8122338443972357e-06,1.8122338443972357e-06,-1.8122338450773507e-06,6.801149406024734e-16,1.3253435602296527e-11
45900.0,fixed-domain-moisture,650.0,-1.7887385491643569e-06,1.7887385491643569e-06,-1.7887385498451969e-06,6.808400008053231e-16,1.3607369248185252e-11
46200.0,fixed-domain-moisture,650.0,-1.7654472466907983e-06,1.7654472466907983e-06,-1.765447247370386e-06,6.795876625928076e-16,1.3959733157913448e-11
46500.0,fixed-domain-moisture,650.0,-1.7423606931944214e-06,1.7423606931944214e-06,-1.7423606938714202e-06,6.769987063895248e-16,1.4308962318809198e-11
46800.0,fixed-domain-moisture,650.0,-1.719479595878431e-06,1.719479595878431e-06,-1.7194795965510558e-06,6.726248400081404e-16,1.4656084865949478e-11
47100.0,fixed-domain-moisture,650.0,-1.696804612905399e-06,1.696804612905399e-06,-1.696804613571815e-06,6.664158767465296e-16,1.5001382614756004e-11
47400.0,fixed-domain-moisture,650.0,-1.6743363534326556e-06,1.6743363534326556e-06,-1.6743363540910412e-06,6.583855808900852e-16,1.5344953606022946e-11
47700.0,fixed-domain-moisture,650.0,-1.6520753777039026e-06,1.6520753777039026e-06,-1.6520753783524155e-06,6.485129883733627e-16,1.5686938361962674e-11
48000.0,fixed-domain-moisture,650.0,-1.6300221971922358e-06,1.6300221971922358e-06,-1.6300221978290915e-06,6.368556974367754e-16,1.6027286307268752e-11
48300.0,fixed-domain-moisture,650.0,-1.6081772748275316e-06,1.6081772748275316e-06,-1.6081772754510363e-06,6.235047641221531e-16,1.6365774476551825e-11
48600.0,fixed-domain-moisture,650.0,-1.5865410251299304e-06,1.5865410251299304e-06,-1.5865410257384982e-06,6.085677616137972e-16,1.6702298518351974e-11
48900.0,fixed-domain-moisture,650.0,-1.5651138145931928e-06,1.5651138145931928e-06,-1.5651138151853658e-06,5.921730154032166e-16,1.7036359110871553e-11
49200.0,fixed-domain-moisture,650.0,-1.5438959619698566e-06,1.5438959619698566e-06,-1.5438959625443488e-06,5.744922614204671e-16,1.7367665807113133e-11
49500.0,fixed-domain-moisture,650.0,-1.5228877386230796e-06,1.5228877386230796e-06,-1.5228877391787775e-06,5.556978708703151e-16,1.7695442618321773e-11
49800.0,fixed-domain-moisture,650.0,-1.5020893689094273e-06,1.5020893689094273e-06,-1.5020893694454028e-06,5.359755557264459e-16,1.801913090369903e-11
50100.0,fixed-domain-moisture,650.0,-1.4815010305892828e-06,1.4815010305892828e-06,-1.481501031104796e-06,5.155131455449134e-16,1.8338040857208307e-11
50400.0,fixed-domain-moisture,650.0,-1.461122855262378e-06,1.461122855262378e-06,-1.4611228557569214e-06,4.945433626279755e-16,1.865100970646613e-11
50700.0,fixed-domain-moisture,650.0,-1.4409549288232055e-06,1.4409549288232055e-06,-1.4409549292964462e-06,4.732406957627666e-16,1.8957312282150687e-11
51000.0,fixed-domain-moisture,650.0,-1.420997291935343e-06,1.420997291935343e-06,-1.420997292387157e-06,4.51813938570785e-16,1.925582109213377e-11
51300.0,fixed-domain-moisture,650.0,-1.4012499405204451e-06,1.4012499405204451e-06,-1.4012499409508495e-06,4.3040433379598533e-16,1.9545686022492848e-11
51600.0,fixed-domain-moisture,650.0,-1.3817128262591745e-06,1.3817128262591745e-06,-1.3817128266683981e-06,4.092236396751811e-16,1.9825645949225726e-11
51900.0,fixed-domain-moisture,650.0,-1.3623858571019505e-06,1.3623858571019505e-06,-1.3623858574902852e-06,3.88334748404706e-16,2.0094974894409666e-11
52200.0,fixed-domain-moisture,650.0,-1.3432688977787965e-06,1.3432688977787965e-06,-1.3432688981464068e-06,3.6761039328423502e-16,2.0351924357168684e-11
52500.0,fixed-domain-moisture,650.0,-1.3243617703455863e-06,1.3243617703455863e-06,-1.324361770693346e-06,3.4775975264885687e-16,2.059651630484816e-11
52800.0,fixed-domain-moisture,650.0,-1.305664254676106e-06,1.305664254676106e-06,-1.3056642550046717e-06,3.285657743058376e-16,2.0827344075753015e-11
53100.0,fixed-domain-moisture,650.0,-1.287176089001466e-06,1.287176089001466e-06,-1.2871760893115573e-06,3.100913504515109e-16,2.1043367302663326e-11
53400.0,fixed-domain-moisture,650.0,-1.268896970427917e-06,1.268896970427917e-06,-1.268896970720316e-06,2.923989497657367e-16,2.12436971490796e-11
53700.0,fixed-domain-moisture,650.0,-1.2508265554534763e-06,1.2508265554534763e-06,-1.2508265557289837e-06,2.755074187315914e-16,2.1427474748354975e-11
54000.0,fixed-domain-moisture,650.0,-1.2329644604785551e-06,1.2329644604785551e-06,-1.2329644607380233e-06,2.594682146006208e-16,2.1593969546044932e-11
54300.0,fixed-domain-moisture,650.0,-1.2153102623084585e-06,1.2153102623084585e-06,-1.2153102625527417e-06,2.4428324319695615e-16,2.1742392284760104e-11
54600.0,fixed-domain-moisture,650.0,-1.1978634986481576e-06,1.1978634986481576e-06,-1.1978634988776048e-06,2.2944724936756027e-16,2.187232164313171e-11
54900.0,fixed-domain-moisture,650.0,-1.1806236685831407e-06,1.1806236685831407e-06,-1.1806236687991384e-06,2.1599763671458286e-16,2.1982605944653613e-11
55200.0,fixed-domain-moisture,650.0,-1.163590233055021e-06,1.163590233055021e-06,-1.1635902332584389e-06,2.0341792689843562e-16,2.2073048639827774e-11
55500.0,fixed-domain-moisture,650.0,-1.146762615311128e-06,1.146762615311128e-06,-1.1467626155025891e-06,1.9146120981499391e-16,2.2142490074956357e-11
55800.0,fixed-domain-moisture,650.0,-1.1301402013798445e-06,1.1301402013798445e-06,-1.1301402015604101e-06,1.8056561325622503e-16,2.2191781573690907e-11
56100.0,fixed-domain-moisture,650.0,-1.1137223404480582e-06,1.1137223404480582e-06,-1.113722340618209e-06,1.7015091965325978e-16,2.222023669525718e-11
56400.0,fixed-domain-moisture,650.0,-1.0975083453902333e-06,1.0975083453902333e-06,-1.0975083455510849e-06,1.6085155668359163e-16,2.222703198999841e-11
56700.0,fixed-domain-moisture,650.0,-1.0814974930375825e-06,1.0814974930375825e-06,-1.0814974931900094e-06,1.5242696699020036e-16,2.221212329322063e-11
57000.0,fixed-domain-moisture,650.0,-1.0656890246004759e-06,1.0656890246004759e-06,-1.0656890247451184e-06,1.4464252244669653e-16,2.2175683872051326e-11
57300.0,fixed-domain-moisture,650.0,-1.050082146137263e-06,1.050082146137263e-06,-1.050082146274823e-06,1.375600564582297e-16,2.2117485833545398e-11
57600.0,fixed-domain-moisture,650.0,-1.034676028837387e-06,1.034676028837387e-06,-1.0346760289685564e-06,1.3116940462943281e-16,2.2037648089962213e-11
57900.0,fixed-domain-moisture,650.0,-1.019469809388969e-06,1.019469809388969e-06,-1.0194698095143874e-06,1.2541847443404974e-16,2.1936162994013337e-11
58200.0,fixed-domain-moisture,650.0,-1.0044625903185586e-06,1.0044625903185586e-06,-1.0044625904388517e-06,1.2029307807021397e-16,2.1813411547153752e-11
58500.0,fixed-domain-moisture,650.0,-9.896534403195435e-07,9.896534403195435e-07,-9.896534404352901e-07,1.1574662872582651e-16,2.166953920972532e-11
58800.0,fixed-domain-moisture,650.0,-9.750413945707249e-07,9.750413945707249e-07,-9.750413946824875e-07,1.1176260925841591e-16,2.1504968749295356e-11
59100.0,fixed-domain-moisture,650.0,-9.606254550468584e-07,9.606254550468584e-07,-9.606254551551604e-07,1.0830205615240847e-16,2.1320165127445535e-11
59400.0,fixed-domain-moisture,650.0,-9.464045908228502e-07,9.464045908228502e-07,-9.464045909281764e-07,1.0532611177134889e-16,2.1115575866514917e-11
59700.0,fixed-domain-moisture,650.0,-9.323777383733965e-07,9.323777383733965e-07,-9.323777384762076e-07,1.0281116507183247e-16,2.0891828552450712e-11
60000.0,fixed-domain-moisture,650.0,-9.185438018669639e-07,9.185438018669639e-07,-9.185438019674922e-07,1.0052830539986372e-16,2.064980124028699e-11
60300.0,fixed-domain-moisture,650.0,-9.049016534729724e-07,9.049016534729724e-07,-9.049016535718088e-07,9.883646296684166e-17,2.0389791964517574e-11
60600.0,fixed-domain-moisture,650.0,-8.914501336353158e-07,8.914501336353158e-07,-8.914501337325318e-07,9.721598305962578e-17,2.0112871367332682e-11
60900.0,fixed-domain-moisture,650.0,-8.781880514534277e-07,8.781880514534277e-07,-8.781880515496344e-07,9.620663742385387e-17,1.9819831779112234e-11
61200.0,fixed-domain-moisture,650.0,-8.651141848692341e-07,8.651141848692341e-07,-8.651141849647162e-07,9.548210661659623e-17,1.9511494742265982e-11
61500.0,fixed-domain-moisture,650.0,-8.522272810748688e-07,8.522272810748688e-07,-8.522272811698903e-07,9.50215324515267e-17,1.91890090256302e-11
61800.0,fixed-domain-moisture,650.0,-8.395260568280311e-07,8.395260568280311e-07,-8.395260569228097e-07,9.477864575390153e-17,1.8853117591097108e-11
62100.0,fixed-domain-moisture,650.0,-8.270091988003143e-07,8.270091988003143e-07,-8.270091988950462e-07,9.473184718356573e-17,1.850504851892694e-11
62400.0,fixed-domain-moisture,650.0,-8.146753639446145e-07,8.146753639446145e-07,-8.146753640394653e-07,9.485074943353655e-17,1.8145709345810404e-11
62700.0,fixed-domain-moisture,650.0,-8.025231798838267e-07,8.025231798838267e-07,-8.025231799789287e-07,9.510200058151586e-17,1.7776200067032057e-11
63000.0,fixed-domain-moisture,650.0,-7.905512453234798e-07,7.905512453234798e-07,-7.905512454189446e-07,9.546474244117751e-17,1.739756784304566e-11
63300.0,fixed-domain-moisture,650.0,-7.787581304908999e-07,7.787581304908999e-07,-7.787581305868262e-07,9.592637539743111e-17,1.701096339723158e-11
63600.0,fixed-domain-moisture,650.0,-7.671423776037789e-07,7.671423776037789e-07,-7.671423777002106e-07,9.64317364295867e-17,1.661744711632561e-11
63900.0,fixed-domain-moisture,650.0,-7.557025013695947e-07,7.557025013695947e-07,-7.55702501466566e-07,9.697129641698769e-17,1.6218058045377122e-11
64200.0,fixed-domain-moisture,650.0,-7.444369894658687e-07,7.444369894658687e-07,-7.444369895632332e-07,9.73645314627505e-17,1.5813946321057335e-11
64500.0,fixed-domain-moisture,650.0,-7.333443033198065e-07,7.333443033198065e-07,-7.333443034177332e-07,9.792664370237214e-17,1.540606961196464e-11
64800.0,fixed-domain-moisture,650.0,-7.224228784103537e-07,7.224228784103537e-07,-7.22422878508825e-07,9.847128588745665e-17,1.4995537269629633e-11
65100.0,fixed-domain-moisture,650.0,-7.116711251044925e-07,7.116711251044925e-07,-7.116711252034767e-07,9.898416433701913e-17,1.458324365177169e-11
65400.0,fixed-domain-moisture,650.0,-7.010874292827254e-07,7.010874292827254e-07,-7.010874293821601e-07,9.943467998584001e-17,1.4170270306984785e-11
65700.0,fixed-domain-moisture,650.0,-6.906701531271535e-07,6.906701531271535e-07,-6.906701532269785e-07,9.982505629540584e-17,1.3757555628801111e-11
66000.0,fixed-domain-moisture,650.0,-6.804176358339445e-07,6.804176358339445e-07,-6.804176359335135e-07,9.956904058709823e-17,1.3346133134872392e-11
66300.0,fixed-domain-moisture,650.0,-6.70328194435607e-07,6.70328194435607e-07,-6.703281945354151e-07,9.980811563646075e-17,1.2936513239577957e-11
66600.0,fixed-domain-moisture,650.0,-6.604001246439901e-07,6.604001246439901e-07,-6.604001247439547e-07,9.996460497346598e-17,1.2529575562453639e-11
66900.0,fixed-domain-moisture,650.0,-6.50631701815586e-07,6.50631701815586e-07,-6.506317019156027e-07,1.0001669749972212e-16,1.212624377407171e-11
67200.0,fixed-domain-moisture,650.0,-6.410211818187596e-07,6.410211818187596e-07,-6.410211819187243e-07,9.996471085258439e-17,1.1727210032372745e-11
67500.0,fixed-domain-moisture,650.0,-6.315668020351406e-07,6.315668020351406e-07,-6.315668021349501e-07,9.980949206500004e-17,1.13330060160563e-11
67800.0,fixed-domain-moisture,650.0,-6.222667823788408e-07,6.222667823788408e-07,-6.222667824783781e-07,9.953727685157619e-17,1.0944388916339888e-11
68100.0,fixed-domain-moisture,650.0,-6.131193263530068e-07,6.131193263530068e-07,-6.13119326452162e-07,9.915515911324609e-17,1.0561836288348814e-11
68400.0,fixed-domain-moisture,650.0,-6.041226221416256e-07,6.041226221416256e-07,-6.041226222402842e-07,9.865858604791826e-17,1.0185946703625644e-11
68700.0,fixed-domain-moisture,650.0,-5.952748437306911e-07,5.952748437306911e-07,-5.952748438287388e-07,9.80476635347111e-17,9.817004197987354e-12
69000.0,fixed-domain-moisture,650.0,-5.865741520736719e-07,5.865741520736719e-07,-5.865741521709968e-07,9.732482679334796e-17,9.455529022834878e-12
69300.0,fixed-domain-moisture,650.0,-5.78018696264571e-07,5.78018696264571e-07,-5.780186963610641e-07,9.649304043914423e-17,9.101890233023036e-12
69600.0,fixed-domain-moisture,650.0,-5.696066147372463e-07,5.696066147372463e-07,-5.696066148327085e-07,9.546220134233575e-17,8.756437344227041e-12
69900.0,fixed-domain-moisture,650.0,-5.613360365193048e-07,5.613360365193048e-07,-5.613360366137291e-07,9.442437422371242e-17,8.41921292884719e-12
70200.0,fixed-domain-moisture,650.0,-5.53205082463888e-07,5.53205082463888e-07,-5.532050825571699e-07,9.328183265698477e-17,8.090506750264025e-12
70500.0,fixed-domain-moisture,650.0,-5.45211866501135e-07,5.45211866501135e-07,-5.452118665930857e-07,9.195072038037464e-17,7.770521758527311e-12
70800.0,fixed-domain-moisture,650.0,-5.373544969144734e-07,5.373544969144734e-07,-5.373544970050727e-07,9.05992793130304e-17,7.459419241190659e-12
71100.0,fixed-domain-moisture,650.0,-5.296310776211632e-07,5.296310776211632e-07,-5.296310777103631e-07,8.91998750050479e-17,7.157245414868405e-12
71400.0,fixed-domain-moisture,650.0,-5.220397084055512e-07,5.220397084055512e-07,-5.220397094814141e-07,1.075862921361549e-15,4.969047545269837e-11
71700.0,fixed-domain-moisture,650.0,-5.145784903442497e-07,5.145784903442497e-07,-5.145784913757361e-07,1.0314864417384226e-15,4.800629760843763e-11
72000.0,fixed-domain-moisture,650.0,-5.072455208973909e-07,5.072455208973909e-07,-5.072455218858878e-07,9.884968726873067e-16,4.634538401497834e-11
72300.0,fixed-domain-moisture,650.0,-5.000388992442249e-07,5.000388992442249e-07,-5.000389001911164e-07,9.468915672302411e-16,4.470998026608835e-11
72600.0,fixed-domain-moisture,650.0,-4.929567265363879e-07,4.929567265363879e-07,-4.9295672744305e-07,9.066621609168718e-16,4.310203989969333e-11
72900.0,fixed-domain-moisture,650.0,-4.859971071306507e-07,4.859971071306507e-07,-4.859971079984483e-07,8.677976423188843e-16,4.1523319508742823e-11
73200.0,fixed-domain-moisture,650.0,-4.791581498015646e-07,4.791581498015646e-07,-4.791581506318574e-07,8.302928233594768e-16,3.9975410196784265e-11
73500.0,fixed-domain-moisture,650.0,-4.724379689311872e-07,4.724379689311872e-07,-4.724379697252994e-07,7.941121815944238e-16,3.845984365163595e-11
73800.0,fixed-domain-moisture,650.0,-4.6583468567095945e-07,4.6583468567095945e-07,-4.658346864302141e-07,7.592546582325412e-16,3.697789057829065e-11
74100.0,fixed-domain-moisture,650.0,-4.593464290779712e-07,4.593464290779712e-07,-4.5934642980366487e-07,7.256936776151089e-16,3.5530702709979146e-11
74400.0,fixed-domain-moisture,650.0,-4.529713372014591e-07,4.529713372014591e-07,-4.5297133789491624e-07,6.934571388898271e-16,3.411979928507884e-11
74700.0,fixed-domain-moisture,650.0,-4.467075581868601e-07,4.467075581868601e-07,-4.46707558849257e-07,6.623968642304856e-16,3.274465751962644e-11
75000.0,fixed-domain-moisture,650.0,-4.405532512716811e-07,4.405532512716811e-07,-4.405532519042385e-07,6.325573758063743e-16,3.140661977491421e-11
75300.0,fixed-domain-moisture,650.0,-4.3450658778344634e-07,4.3450658778344634e-07,-4.345065883873467e-07,6.0390034537663e-16,3.010627777222545e-11
75600.0,fixed-domain-moisture,650.0,-4.2856575209522416e-07,4.2856575209522416e-07,-4.285657526708095e-07,5.755853574388988e-16,2.8842116505802857e-11
75900.0,fixed-domain-moisture,650.0,-4.227289425233342e-07,4.227289425233342e-07,-4.2272894307257437e-07,5.492401446200075e-16,2.7618052013746692e-11
76200.0,fixed-domain-moisture,650.0,-4.1699437220781737e-07,4.1699437220781737e-07,-4.169943727318039e-07,5.239865455118902e-16,2.6432349470881396e-11
76500.0,fixed-domain-moisture,650.0,-4.113602699209821e-07,4.113602699209821e-07,-4.1136027042076915e-07,4.997870259670716e-16,2.5284973880601885e-11
76800.0,fixed-domain-moisture,650.0,-4.058245607006313e-07,4.058245607006313e-07,-4.058245605225921e-07,-1.7803917867236147e-16,1.8330421454449332e-11
77100.0,fixed-domain-moisture,650.0,-4.003861684597894e-07,4.003861684597894e-07,-4.003861683008216e-07,-1.5896780834845727e-16,1.7313187189987868e-11
77400.0,fixed-domain-moisture,650.0,-3.950430462645425e-07,3.950430462645425e-07,-3.950430461233618e-07,-1.411806987912682e-16,1.6351958937493354e-11
77700.0,fixed-domain-moisture,650.0,-3.8979348137642205e-07,3.8979348137642205e-07,-3.8979348125183896e-07,-1.245830881898202e-16,1.544439679780445e-11
78000.0,fixed-domain-moisture,650.0,-3.846357863422542e-07,3.846357863422542e-07,-3.8463578623309616e-07,-1.0915803588516814e-16,1.4588345707959936e-11
78300.0,fixed-domain-moisture,650.0,-3.7956829640448175e-07,3.7956829640448175e-07,-3.795682963096239e-07,-9.485784333446981e-17,1.3781687106567465e-11
78600.0,fixed-domain-moisture,650.0,-3.7458936844541164e-07,3.7458936844541164e-07,-3.7458936836490625e-07,-8.050539943883772e-17,1.3021765658547116e-11
78900.0,fixed-domain-moisture,650.0,-3.696973805372245e-07,3.696973805372245e-07,-3.696973804688492e-07,-6.83753052990049e-17,1.230731027525612e-11
79200.0,fixed-domain-moisture,650.0,-3.6489073199252445e-07,3.6489073199252445e-07,-3.648907319352958e-07,-5.722866935049353e-17,1.1635594315940358e-11
79500.0,fixed-domain-moisture,650.0,-3.6016784352350155e-07,3.6016784352350155e-07,-3.601678434764936e-07,-4.7007946292449516e-17,1.1004674843361022e-11
79800.0,fixed-domain-moisture,650.0,-3.555271574708443e-07,3.555271574708443e-07,-3.5552715743336447e-07,-3.74798314874635e-17,1.0412221689220949e-11
80100.0,fixed-domain-moisture,650.0,-3.5096713803864e-07,3.5096713803864e-07,-3.509671380096266e-07,-2.901341954230155e-17,9.856355326687924e-12
80400.0,fixed-domain-moisture,650.0,-3.464862715402715e-07,3.464862715402715e-07,-3.4648627151890726e-07,-2.1364235572562387e-17,9.335037112861123e-12
80700.0,fixed-domain-moisture,650.0,-3.4208306659807674e-07,3.4208306659807674e-07,-3.4208306658363075e-07,-1.4445988096744482e-17,8.846104425331644e-12
81000.0,fixed-domain-moisture,650.0,-3.3775605432640574e-07,3.3775605432640574e-07,-3.3775605431816787e-07,-8.237871868080901e-18,8.38774221697374e-12
81300.0,fixed-domain-moisture,650.0,-3.335037884723056e-07,3.335037884723056e-07,-3.3350378846961057e-07,-2.69504707992637e-18,7.958022474477864e-12
81600.0,fixed-domain-moisture,650.0,-3.2932484552415345e-07,3.2932484552415345e-07,-3.2932484552636897e-07,2.2155205526620293e-18,7.555081204824237e-12
81900.0,fixed-domain-moisture,650.0,-3.25217824792709e-07,3.25217824792709e-07,-3.2521782479924525e-07,6.536235616606215e-18,7.17713509285832e-12
82200.0,fixed-domain-moisture,650.0,-3.211813484468498e-07,3.211813484468498e-07,-3.2118134845715627e-07,1.0306485143953513e-17,6.822499446293689e-12
82500.0,fixed-domain-moisture,650.0,-3.172140615309243e-07,3.172140615309243e-07,-3.1721406154448287e-07,1.3558562265817992e-17,6.489488186430475e-12
82800.0,fixed-domain-moisture,650.0,-3.1331463195362967e-07,3.1331463195362967e-07,-3.133146319701293e-07,1.6499619477362533e-17,6.1764692909889915e-12
83100.0,fixed-domain-moisture,650.0,-3.094817504281222e-07,3.094817504281222e-07,-3.094817504469492e-07,1.8827001318621334e-17,5.882254945926702e-12
83400.0,fixed-domain-moisture,650.0,-3.057141299473842e-07,3.057141299473842e-07,-3.057141304431614e-07,4.957771719947698e-16,4.7465789654675344e-11
83700.0,fixed-domain-moisture,650.0,-3.0201050758784936e-07,3.0201050758784936e-07,-3.020105080789899e-07,4.911405136414997e-16,4.505434231122291e-11
84000.0,fixed-domain-moisture,650.0,-2.983696415208476e-07,2.983696415208476e-07,-2.983696420066185e-07,4.857709070910587e-16,4.2782736762945006e-11
84300.0,fixed-domain-moisture,650.0,-2.947903128061845e-07,2.947903128061845e-07,-2.947903132859788e-07,4.797942955547915e-16,4.0642924234732405e-11
84600.0,fixed-domain-moisture,650.0,-2.912713247536649e-07,2.912713247536649e-07,-2.9127132522688506e-07,4.732201552137957e-16,3.862731463588351e-11
84900.0,fixed-domain-moisture,650.0,-2.878115027483795e-07,2.878115027483795e-07,-2.8781150321448725e-07,4.661077254348197e-16,3.6728677481091176e-11
85200.0,fixed-domain-moisture,650.0,-2.844096940626815e-07,2.844096940626815e-07,-2.844096945211767e-07,4.584952285796085e-16,3.4940058991807874e-11
85500.0,fixed-domain-moisture,650.0,-2.810647676515903e-07,2.810647676515903e-07,-2.810647681020273e-07,4.5043698063590475e-16,3.325493373816318e-11
85800.0,fixed-domain-moisture,650.0,-2.777756139426399e-07,2.777756139426399e-07,-2.7777561438474615e-07,4.421062527809811e-16,3.1666920126254546e-11
86100.0,fixed-domain-moisture,650.0,-2.7454114458230645e-07,2.7454114458230645e-07,-2.7454114501559625e-07,4.332898044703663e-16,3.016997112093844e-11
86400.0,fixed-domain-moisture,650.0,-2.713602922282427e-07,2.713602922282427e-07,-2.7136029264804274e-07,4.198000636315127e-16,2.8785331437935525e-11
86700.0,fixed-domain-moisture,650.0,-2.68232010246453e-07,2.68232010246453e-07,-2.682320106569444e-07,4.104913832994248e-16,2.7452638927836587e-11
87000.0,fixed-domain-moisture,650.0,-2.65155272517082e-07,2.65155272517082e-07,-2.6515527291804134e-07,4.009593509670577e-16,2.6194821741702207e-11
87300.0,fixed-domain-moisture,650.0,-2.6212907312063184e-07,2.6212907312063184e-07,-2.62129073511878e-07,3.9124615946309663e-16,2.5007153599005126e-11
87600.0,fixed-domain-moisture,650.0,-2.5915242607310577e-07,2.5915242607310577e-07,-2.591524264544842e-07,3.8137843738582085e-16,2.3885046866275796e-11
87900.0,fixed-domain-moisture,650.0,-2.5622436504317105e-07,2.5622436504317105e-07,-2.5622436541456567e-07,3.71394618855212e-16,2.282414955593307e-11
88200.0,fixed-domain-moisture,650.0,-2.533439430645915e-07,2.533439430645915e-07,-2.5334394342592223e-07,3.6133075571108766e-16,2.182054760888168e-11
88500.0,fixed-domain-moisture,650.0,-2.5051023225405e-07,2.5051023225405e-07,-2.505102326052834e-07,3.5123343476554676e-16,2.087026283392564e-11
88800.0,fixed-domain-moisture,650.0,-2.4772232348285585e-07,2.4772232348285585e-07,-2.477223238239462e-07,3.410903740408541e-16,1.9970112306964056e-11
89100.0,fixed-domain-moisture,650.0,-2.4497932611004515e-07,2.4497932611004515e-07,-2.449793264410001e-07,3.3095493661268677e-16,1.9116857730827486e-11
89400.0,fixed-domain-moisture,650.0,-2.4228036767098295e-07,2.4228036767098295e-07,-2.422803679918308e-07,3.2084787478825244e-16,1.83071355003767e-11
89700.0,fixed-domain-moisture,650.0,-2.3962459357278825e-07,2.3962459357278825e-07,-2.396245938835835e-07,3.107952348306792e-16,1.7538197385641012e-11
90000.0,fixed-domain-moisture,650.0,-2.370111667896029e-07,2.370111667896029e-07,-2.3701116709041516e-07,3.0081226333301763e-16,1.6807438540138893e-11
90300.0,fixed-domain-moisture,650.0,-2.3443926755706156e-07,2.3443926755706156e-07,-2.344392678479854e-07,2.909238418880933e-16,1.6112304941634885e-11
90600.0,fixed-domain-moisture,650.0,-2.319080930680141e-07,2.319080930680141e-07,-2.31908093349508e-07,2.8149390349565e-16,1.544963450841835e-11
90900.0,fixed-domain-moisture,650.0,-2.2941685717287554e-07,2.2941685717287554e-07,-2.294168574446707e-07,2.7179516449135144e-16,1.481908463415456e-11
91200.0,fixed-domain-moisture,650.0,-2.269647900471037e-07,2.269647900471037e-07,-2.2696479030937058e-07,2.622668908676878e-16,1.4218168632049442e-11
91500.0,fixed-domain-moisture,650.0,-2.2455113792169697e-07,2.2455113792169697e-07,-2.2455113817459483e-07,2.52897859438108e-16,1.3644756812735792e-11
91800.0,fixed-domain-moisture,650.0,-2.221751627683828e-07,2.221751627683828e-07,-2.2217516301207874e-07,2.436959317271537e-16,1.309728354439999e-11
92100.0,fixed-domain-moisture,650.0,-2.1983614199908168e-07,2.1983614199908168e-07,-2.1983614223376081e-07,2.3467913365473366e-16,1.2574020079392826e-11
92400.0,fixed-domain-moisture,650.0,-2.1753336816813342e-07,2.1753336816813342e-07,-2.1753336839398282e-07,2.258493975147588e-16,1.2073807040480035e-11
92700.0,fixed-domain-moisture,650.0,-2.152661486768676e-07,2.152661486768676e-07,-2.1526614889408743e-07,2.17219825848132e-16,1.1595039785264154e-11
93000.0,fixed-domain-moisture,650.0,-2.1303380548081884e-07,2.1303380548081884e-07,-2.1303380568961567e-07,2.0879682434151684e-16,1.1136724028002449e-11
93300.0,fixed-domain-moisture,650.0,-2.1083567481124086e-07,2.1083567481124086e-07,-2.1083567501180894e-07,2.0056808454739852e-16,1.0697380905070478e-11
93600.0,fixed-domain-moisture,650.0,-2.0867110684951776e-07,2.0867110684951776e-07,-2.0867110704208702e-07,1.9256926125890055e-16,1.0276639923445226e-11
93900.0,fixed-domain-moisture,650.0,-2.065394654894949e-07,2.065394654894949e-07,-2.0653946567428496e-07,1.8479005773175785e-16,9.873074325024212e-12
94200.0,fixed-domain-moisture,650.0,-2.0444012804983443e-07,2.0444012804983443e-07,-2.0444012822705902e-07,1.7722459767489885e-16,9.485631983994637e-12
94500.0,fixed-domain-moisture,650.0,-2.023724849562864e-07,2.023724849562864e-07,-2.0237248512617407e-07,1.698876776951209e-16,9.1141627227013e-12
94800.0,fixed-domain-moisture,650.0,-2.0033593952170977e-07,2.0033593952170977e-07,-2.0033593968448676e-07,1.6277699492159867e-16,8.757388385781018e-12
95100.0,fixed-domain-moisture,650.0,-1.9832990765308367e-07,1.9832990765308367e-07,-1.9832990780897262e-07,1.558889494643063e-16,8.414763819257298e-12
95400.0,fixed-domain-moisture,650.0,-1.963538175962262e-07,1.963538175962262e-07,-1.9635381774545216e-07,1.4922595007318756e-16,8.085538368855586e-12
95700.0,fixed-domain-moisture,650.0,-1.9440710964758144e-07,1.9440710964758144e-07,-1.9440710979036385e-07,1.4278241162474648e-16,7.769219831923271e-12
96000.0,fixed-domain-moisture,650.0,-1.9248923593439903e-07,1.9248923593439903e-07,-1.9248923607096252e-07,1.365634957260054e-16,7.465183200119604e-12
96300.0,fixed-domain-moisture,650.0,-1.9059966014353718e-07,1.9059966014353718e-07,-1.9059966027409895e-07,1.3056176436889626e-16,7.172943117313362e-12
96600.0,fixed-domain-moisture,650.0,-1.887378572812639e-07,1.887378572812639e-07,-1.8873785740604082e-07,1.2477692638584342e-16,6.891973649220138e-12
96900.0,fixed-domain-moisture,650.0,-1.8690331340836632e-07,1.8690331340836632e-07,-1.8690331352756728e-07,1.1920096143362756e-16,6.62175887494747e-12
97200.0,fixed-domain-moisture,650.0,-1.850955254301843e-07,1.850955254301843e-07,-1.8509552554401848e-07,1.1383418714960391e-16,6.361833296963168e-12
97500.0,fixed-domain-moisture,650.0,-1.833140008442469e-07,1.833140008442469e-07,-1.8331400095292178e-07,1.0867488299809837e-16,6.1118557159187465e-12
97800.0,fixed-domain-moisture,650.0,-1.8155825751233563e-07,1.8155825751233563e-07,-1.815582576160497e-07,1.0371407572382595e-16,5.871464911340942e-12
98100.0,fixed-domain-moisture,650.0,-1.7982782343402032e-07,1.7982782343402032e-07,-1.798278235329725e-07,9.895216237348068e-17,5.640229434132321e-12
98400.0,fixed-domain-moisture,650.0,-1.7812223652433321e-07,1.7812223652433321e-07,-1.7812223661871262e-07,9.437940206816914e-17,5.4177299478686235e-12
98700.0,fixed-domain-moisture,650.0,-1.7644104439566093e-07,1.7644104439566093e-07,-1.7644104448565456e-07,8.999362428596398e-17,5.203736552567135e-12
99000.0,fixed-domain-moisture,650.0,-1.7478380328485195e-07,1.7478380328485195e-07,-1.7478380423773233e-07,9.528803813349047e-16,4.9696123945437867e-11
99300.0,fixed-domain-moisture,650.0,-1.731500813218694e-07,1.731500813218694e-07,-1.7315008223963858e-07,9.177691716053194e-16,4.779001478495577e-11
99600.0,fixed-domain-moisture,650.0,-1.7153945304032183e-07,1.7153945304032183e-07,-1.7153945392427678e-07,8.839549546064377e-16,4.5963420482068685e-11
99900.0,fixed-domain-moisture,650.0,-1.6995150274320606e-07,1.6995150274320606e-07,-1.6995150359458458e-07,8.513785174412905e-16,4.421200657921761e-11
100200.0,fixed-domain-moisture,650.0,-1.6838582336804016e-07,1.6838582336804016e-07,-1.6838582418583165e-07,8.177914905607302e-16,4.258094037886415e-11
100500.0,fixed-domain-moisture,650.0,-1.668420164517812e-07,1.668420164517812e-07,-1.6684201723929548e-07,7.875142713913456e-16,4.096703071357293e-11
100800.0,fixed-domain-moisture,650.0,-1.6531969169989125e-07,1.6531969169989125e-07,-1.6531969245825784e-07,7.583665971269042e-16,3.942001263757836e-11
101100.0,fixed-domain-moisture,650.0,-1.6381846695072179e-07,1.6381846695072179e-07,-1.6381846768100966e-07,7.302878784418978e-16,3.7935248496279355e-11
101400.0,fixed-domain-moisture,650.0,-1.6233796797283822e-07,1.6233796797283822e-07,-1.6233796867608677e-07,7.032485485925112e-16,3.6510812596400584e-11
101700.0,fixed-domain-moisture,650.0,-1.608778282778431e-07,1.608778282778431e-07,-1.6087782895505422e-07,6.772111263708285e-16,3.514387199534648e-11
102000.0,fixed-domain-moisture,650.0,-1.594376889491069e-07,1.594376889491069e-07,-1.5943768960124298e-07,6.521360659261246e-16,3.383186635635457e-11
102300.0,fixed-domain-moisture,650.0,-1.5801719847207947e-07,1.5801719847207947e-07,-1.5801719910007073e-07,6.279912594157427e-16,3.2572539950343175e-11
102600.0,fixed-domain-moisture,650.0,-1.5661601256849344e-07,1.5661601256849344e-07,-1.566160131732319e-07,6.047384580081585e-16,3.136340312153702e-11
102900.0,fixed-domain-moisture,650.0,-1.552337940341695e-07,1.552337940341695e-07,-1.5523379461651875e-07,5.823492596298592e-16,3.020244220633238e-11
103200.0,fixed-domain-moisture,650.0,-1.5386998156162927e-07,1.5386998156162927e-07,-1.538699807105581e-07,-8.510711768303352e-16,2.8261622549453304e-11
103500.0,fixed-domain-moisture,650.0,-1.5252470631303502e-07,1.5252470631303502e-07,-1.5252470551040116e-07,-8.026338624393941e-16,2.675713221780587e-11
103800.0,fixed-domain-moisture,650.0,-1.511974370016787e-07,1.511974370016787e-07,-1.5119743625262167e-07,-7.490570432920894e-16,2.5301610673272517e-11
104100.0,fixed-domain-moisture,650.0,-1.498878600687252e-07,1.498878600687252e-07,-1.4988785936407852e-07,-7.0464668235107285e-16,2.3928091086640046e-11
104400.0,fixed-domain-moisture,650.0,-1.4859566912803992e-07,1.4859566912803992e-07,-1.4859566846616636e-07,-6.6187355668776e-16,2.2615452350149783e-11
104700.0,fixed-domain-moisture,650.0,-1.4732056457124877e-07,1.4732056457124877e-07,-1.473205639505865e-07,-6.206622539000657e-16,2.136122749814085e-11
105000.0,fixed-domain-moisture,650.0,-1.4606225329377953e-07,1.4606225329377953e-07,-1.4606225271285315e-07,-5.8092637662737e-16,2.016334586681176e-11
105300.0,fixed-domain-moisture,650.0,-1.4482044844230526e-07,1.4482044844230526e-07,-1.44820447899702e-07,-5.426032709013556e-16,1.9018281635049804e-11
105600.0,fixed-domain-moisture,650.0,-1.4359486919632287e-07,1.4359486919632287e-07,-1.4359486869070236e-07,-5.056205154050324e-16,1.7924482150342574e-11
105900.0,fixed-domain-moisture,650.0,-1.4238524056793976e-07,1.4238524056793976e-07,-1.4238524009802745e-07,-4.699123062663104e-16,1.6879858835285202e-11
106200.0,fixed-domain-moisture,650.0,-1.411912932234383e-07,1.411912932234383e-07,-1.4119129278800387e-07,-4.35434438953255e-16,1.5882584512911627e-11
106500.0,fixed-domain-moisture,650.0,-1.4001276332545606e-07,1.4001276332545606e-07,-1.4001276292356966e-07,-4.0188640205804794e-16,1.4930627626733987e-11
106800.0,fixed-domain-moisture,650.0,-1.3884939237039345e-07,1.3884939237039345e-07,-1.3884939200067053e-07,-3.6972291992446685e-16,1.4022996475622976e-11
107100.0,fixed-domain-moisture,650.0,-1.377009270558876e-07,1.377009270558876e-07,-1.3770092671722466e-07,-3.386629364327009e-16,1.3158130343382551e-11
107400.0,fixed-domain-moisture,650.0,-1.365671191521229e-07,1.365671191521229e-07,-1.3656711884345178e-07,-3.0867111442698183e-16,1.233470939711341e-11
107700.0,fixed-domain-moisture,650.0,-1.3544772537636198e-07,1.3544772537636198e-07,-1.354477250966372e-07,-2.79724769306191e-16,1.1551411542644617e-11
108000.0,fixed-domain-moisture,650.0,-1.3434250727454565e-07,1.3434250727454565e-07,-1.343425070227327e-07,-2.5181294258157325e-16,1.0807592160381702e-11
108300.0,fixed-domain-moisture,650.0,-1.332512311082532e-07,1.332512311082532e-07,-1.332512308833263e-07,-2.249268992258601e-16,1.0102126556722464e-11
108600.0,fixed-domain-moisture,650.0,-1.3217366774614776e-07,1.3217366774614776e-07,-1.321736675470799e-07,-1.9906785684891315e-16,9.434601387683142e-12
108900.0,fixed-domain-moisture,650.0,-1.311095925593161e-07,1.311095925593161e-07,-1.3110959238507446e-07,-1.7424163880224483e-16,8.804373817868529e-12
109200.0,fixed-domain-moisture,650.0,-1.3005878531969551e-07,1.3005878531969551e-07,-1.3005878516922998e-07,-1.5046552985193502e-16,8.21102513764107e-12
109500.0,fixed-domain-moisture,650.0,-1.290210301020987e-07,1.290210301020987e-07,-1.290210299743464e-07,-1.2775231490153136e-16,7.654195578152838e-12
109800.0,fixed-domain-moisture,650.0,-1.279961151885524e-07,1.279961151885524e-07,-1.2799611508242274e-07,-1.061296548707176e-16,7.13368837304488e-12
110100.0,fixed-domain-moisture,650.0,-1.269838329753833e-07,1.269838329753833e-07,-1.2698383288975318e-07,-8.563010758840385e-17,6.6493260176308745e-12
110400.0,fixed-domain-moisture,650.0,-1.259839798826894e-07,1.259839798826894e-07,-1.259839798164088e-07,-6.628061929022462e-17,6.201053811566373e-12
110700.0,fixed-domain-moisture,650.0,-1.2499635626829333e-07,1.2499635626829333e-07,-1.2499635622027985e-07,-4.801348027995878e-17,5.788332278848201e-12
111000.0,fixed-domain-moisture,650.0,-1.2402076633559826e-07,1.2402076633559826e-07,-1.240207663045303e-07,-3.106795089542606e-17,5.411503538524956e-12
111300.0,fixed-domain-moisture,650.0,-1.230570180544723e-07,1.230570180544723e-07,-1.2305701803910322e-07,-1.5369068720794458e-17,5.070014783263288e-12
111600.0,fixed-domain-moisture,650.0,-1.221049230787834e-07,1.221049230787834e-07,-1.2210492307783918e-07,-9.442035081721296e-19,4.763257225466906e-12
111900.0,fixed-domain-moisture,650.0,-1.2116429666605623e-07,1.2116429666605623e-07,-1.2116429667824369e-07,1.2187454152229695e-17,4.490420697014598e-12
112200.0,fixed-domain-moisture,650.0,-1.2023495690247135e-07,1.2023495690247135e-07,-1.2023495763256444e-07,7.300930873338089e-16,4.959011163484861e-11
112500.0,fixed-domain-moisture,650.0,-1.193167274019517e-07,1.193167274019517e-07,-1.1931672817033137e-07,7.6837966476397295e-16,4.7727423734384414e-11
112800.0,fixed-domain-moisture,650.0,-1.1840943308368277e-07,1.1840943308368277e-07,-1.1840943388590508e-07,8.022223103061469e-16,4.599393932081331e-11
113100.0,fixed-domain-moisture,650.0,-1.1751290285683496e-07,1.1751290285683496e-07,-1.1751290368866892e-07,8.318339601023366e-16,4.4380726155191095e-11
113400.0,fixed-domain-moisture,650.0,-1.1662696886021661e-07,1.1662696886021661e-07,-1.1662696971763975e-07,8.574231430762442e-16,4.2879183525702184e-11
113700.0,fixed-domain-moisture,650.0,-1.1575146639352797e-07,1.1575146639352797e-07,-1.1575146727272844e-07,8.792004660292707e-16,4.148094790494621e-11
114000.0,fixed-domain-moisture,650.0,-1.1488623384920912e-07,1.1488623384920912e-07,-1.1488623474657396e-07,8.97364836120233e-16,4.017788461241403e-11
114300.0,fixed-domain-moisture,650.0,-1.1403111264655235e-07,1.1403111264655235e-07,-1.1403111355866532e-07,9.12112963516241e-16,3.89623185565987e-11
114600.0,fixed-domain-moisture,650.0,-1.131859471659511e-07,1.131859471659511e-07,-1.1318594808960853e-07,9.23657427017276e-16,3.782713239652143e-11
114900.0,fixed-domain-moisture,650.0,-1.1235058468877629e-07,1.1235058468877629e-07,-1.123505856210967e-07,9.3232041678065e-16,3.676525770985415e-11
115200.0,fixed-domain-moisture,650.0,-1.1152487533025653e-07,1.1152487533025653e-07,-1.1152487626826385e-07,9.380073165791766e-16,3.577012954176912e-11
115500.0,fixed-domain-moisture,650.0,-1.1070867198218607e-07,1.1070867198218607e-07,-1.107086729232387e-07,9.410526382525722e-16,3.4835764666368026e-11
115800.0,fixed-domain-moisture,650.0,-1.0990183025481236e-07,1.0990183025481236e-07,-1.0990183119644377e-07,9.416314132184531e-16,3.3956304719560444e-11
116100.0,fixed-domain-moisture,650.0,-1.0910420841855017e-07,1.0910420841855017e-07,-1.0910420935847677e-07,9.399266005934262e-16,3.3126572845330685e-11
116400.0,fixed-domain-moisture,650.0,-1.0831566734761276e-07,1.0831566734761276e-07,-1.0831566828371562e-07,9.36102855641504e-16,3.234154861315084e-11
116700.0,fixed-domain-moisture,650.0,-1.0753607046499803e-07,1.0753607046499803e-07,-1.0753607139532612e-07,9.303280894095895e-16,3.1596689641220944e-11
117000.0,fixed-domain-moisture,650.0,-1.0676528368880555e-07,1.0676528368880555e-07,-1.0676528461157253e-07,9.22766983631475e-16,3.088800379367979e-11
117300.0,fixed-domain-moisture,650.0,-1.0600317537980642e-07,1.0600317537980642e-07,-1.0600317629337725e-07,9.135708263324739e-16,3.021172115291291e-11
117600.0,fixed-domain-moisture,650.0,-1.0524961629020021e-07,1.0524961629020021e-07,-1.0524961719309295e-07,9.028927319526921e-16,2.9564363524404104e-11
117900.0,fixed-domain-moisture,650.0,-1.0450447951357836e-07,1.0450447951357836e-07,-1.0450448040445606e-07,8.908777019447879e-16,2.8943064920346224e-11
118200.0,fixed-domain-moisture,650.0,-1.0376764043603117e-07,1.0376764043603117e-07,-1.0376764131369542e-07,8.776642526654168e-16,2.834492255055011e-11
118500.0,fixed-domain-moisture,650.0,-1.0303897669105516e-07,1.0303897669105516e-07,-1.0303897755452613e-07,8.634709715545297e-16,2.7767443848222164e-11
118800.0,fixed-domain-moisture,650.0,-1.0231836810484856e-07,1.0231836810484856e-07,-1.0231836895309033e-07,8.482417691491506e-16,2.72086437453085e-11
119100.0,fixed-domain-moisture,650.0,-1.01605696658387e-07,1.01605696658387e-07,-1.0160569749057602e-07,8.321890257259137e-16,2.666643005588559e-11
119400.0,fixed-domain-moisture,650.0,-1.0090084644083938e-07,1.0090084644083938e-07,-1.0090084725626668e-07,8.154273024909352e-16,2.6139224086058822e-11
119700.0,fixed-domain-moisture,650.0,-1.002037036059246e-07,1.002037036059246e-07,-1.0020370440398826e-07,7.980636564678141e-16,2.562547855420698e-11
120000.0,fixed-domain-moisture,650.0,-9.951415632924959e-08,9.951415632924959e-08,-9.951415710944469e-08,7.801950993987906e-16,2.5123837217456256e-11
120300.0,fixed-domain-moisture,650.0,-9.883209476702819e-08,9.883209476702819e-08,-9.883209552893589e-08,7.619076977722397e-16,2.463182578096319e-11
120600.0,fixed-domain-moisture,650.0,-9.815741101410517e-08,9.815741101410517e-08,-9.815741175741955e-08,7.433143849028319e-16,2.4151311213730303e-11
120900.0,fixed-domain-moisture,650.0,-9.748999906645677e-08,9.748999906645677e-08,-9.748999979094256e-08,7.244857953974345e-16,2.3680073259194598e-11
121200.0,fixed-domain-moisture,650.0,-9.682975478087442e-08,9.682975478087442e-08,-9.682975548636604e-08,7.054916241857386e-16,2.3217361644658823e-11
121500.0,fixed-domain-moisture,650.0,-9.617657583745431e-08,9.617657583745431e-08,-9.617657652386047e-08,6.864061587041965e-16,2.2762509986006688e-11
121800.0,fixed-domain-moisture,650.0,-9.553036170257919e-08,9.553036170257919e-08,-9.553036236986797e-08,6.672887839033446e-16,2.231501878788526e-11
122100.0,fixed-domain-moisture,650.0,-9.489101359270005e-08,9.489101359270005e-08,-9.48910142409028e-08,6.48202749321541e-16,2.187448372540176e-11
122400.0,fixed-domain-moisture,650.0,-9.425843443897066e-08,9.425843443897066e-08,-9.425843506816991e-08,6.291992475125356e-16,2.144052386270464e-11
122700.0,fixed-domain-moisture,650.0,-9.363252885264914e-08,9.363252885264914e-08,-9.363252946297564e-08,6.103264931798727e-16,2.1012827968664716e-11
123000.0,fixed-domain-moisture,650.0,-9.301320306112618e-08,9.301320306112618e-08,-9.301320367137259e-08,6.102464088616878e-16,2.061148464708064e-11
123300.0,fixed-domain-moisture,650.0,-9.240036499973772e-08,9.240036499973772e-08,-9.240036559065615e-08,5.909184272594349e-16,2.0194580770491897e-11
123600.0,fixed-domain-moisture,650.0,-9.179392408628085e-08,9.179392408628085e-08,-9.17939246581271e-08,5.718462496072529e-16,1.9783480083430753e-11
123900.0,fixed-domain-moisture,650.0,-9.119379132115557e-08,9.119379132115557e-08,-9.119379187424777e-08,5.530921990012138e-16,1.9377992522781187e-11
124200.0,fixed-domain-moisture,650.0,-9.059987922403021e-08,9.059987922403021e-08,-9.059987975871404e-08,5.346838304818831e-16,1.8978123822009113e-11
124500.0,fixed-domain-moisture,650.0,-9.001210180301137e-08,9.001210180301137e-08,-9.00121023196523e-08,5.166409302095131e-16,1.8583758944779417e-11
124800.0,fixed-domain-moisture,650.0,-8.943037452503224e-08,8.943037452503224e-08,-8.943037502401598e-08,4.989837343306091e-16,1.8194974536164824e-11
125100.0,fixed-domain-moisture,650.0,-8.88546142869948e-08,8.88546142869948e-08,-8.885461476871804e-08,4.817232410385958e-16,1.78115393795459e-11
125400.0,fixed-domain-moisture,650.0,-8.828473938754216e-08,8.828473938754216e-08,-8.828473985241892e-08,4.648767615693326e-16,1.7433635244850828e-11
125700.0,fixed-domain-moisture,650.0,-8.772066949949272e-08,8.772066949949272e-08,-8.772066994794132e-08,4.484485972620049e-16,1.7061127525783777e-11
126000.0,fixed-domain-moisture,650.0,-8.716232564284487e-08,8.716232564284487e-08,-8.716232607529514e-08,4.324502757056291e-16,1.6694116647230104e-11
126300.0,fixed-domain-moisture,650.0,-8.660963015950791e-08,8.660963015950791e-08,-8.660963057639691e-08,4.168889966802569e-16,1.633235103372129e-11
126600.0,fixed-domain-moisture,650.0,-8.606250668398775e-08,8.606250668398775e-08,-8.606250708574638e-08,4.0175863243191055e-16,1.5976250449947766e-11
126900.0,fixed-domain-moisture,650.0,-8.552088012191375e-08,8.552088012191375e-08,-8.552088050897638e-08,3.8706263726682804e-16,1.5625725113162123e-11
127200.0,fixed-domain-moisture,650.0,-8.498467662401961e-08,8.498467662401961e-08,-8.498467699682563e-08,3.728060272082439e-16,1.5280711155703145e-11
127500.0,fixed-domain-moisture,650.0,-8.445382356200456e-08,8.445382356200456e-08,-8.445382392098963e-08,3.589850700172343e-16,1.4941210069374132e-11
127800.0,fixed-domain-moisture,650.0,-8.392824950491114e-08,8.392824950491114e-08,-8.392824985050537e-08,3.4559423350986245e-16,1.4607307089752846e-11
128100.0,fixed-domain-moisture,650.0,-8.340788419602532e-08,8.340788419602532e-08,-8.340788452865675e-08,3.3263142657353984e-16,1.4278945365353293e-11
128400.0,fixed-domain-moisture,650.0,-8.28926585302023e-08,8.28926585302023e-08,-8.28926588502927e-08,3.200904023402805e-16,1.3956176364747752e-11
128700.0,fixed-domain-moisture,650.0,-8.238250453208831e-08,8.238250453208831e-08,-8.23825048400554e-08,3.079670844640257e-16,1.3639052477807512e-11
129000.0,fixed-domain-moisture,650.0,-8.187735533455712e-08,8.187735533455712e-08,-8.187735563080955e-08,2.962524335150415e-16,1.3327262078473911e-11
129300.0,fixed-domain-moisture,650.0,-8.137714515630225e-08,8.137714515630225e-08,-8.137714544124143e-08,2.8493918353882726e-16,1.302129144558954e-11
129600.0,fixed-domain-moisture,650.0,-8.088180928249022e-08,8.088180928249022e-08,-8.08818095565089e-08,2.740186789174532e-16,1.2720875852398417e-11
129900.0,fixed-domain-moisture,650.0,-8.039128404425135e-08,8.039128404425135e-08,-8.039128430773425e-08,2.6348289930769997e-16,1.242605617094824e-11
130200.0,fixed-domain-moisture,650.0,-7.990550679870521e-08,7.990550679870521e-08,-7.990550705202982e-08,2.5332460522484656e-16,1.213679844279162e-11
130500.0,fixed-domain-moisture,650.0,-7.942441590956982e-08,7.942441590956982e-08,-7.942441615310218e-08,2.43532361724105e-16,1.1853122804890395e-11
130800.0,fixed-domain-moisture,650.0,-7.894795072820098e-08,7.894795072820098e-08,-7.89479509622999e-08,2.3409891608586447e-16,1.157487360942002e-11
131100.0,fixed-domain-moisture,650.0,-7.847605157500022e-08,7.847605157500022e-08,-7.847605180001044e-08,2.250102128571564e-16,1.130213093630951e-11
131400.0,fixed-domain-moisture,650.0,-7.800865972123805e-08,7.800865972123805e-08,-7.80086599374991e-08,2.1626105072628914e-16,1.1034871750691144e-11
131700.0,fixed-domain-moisture,650.0,-7.754571737495527e-08,7.754571737495527e-08,-7.754571758280309e-08,2.07847816568347e-16,1.0772922078455107e-11
132000.0,fixed-domain-moisture,650.0,-7.708716765172519e-08,7.708716765172519e-08,-7.708716785146596e-08,1.9974077158594749e-16,1.0516448519333233e-11
132300.0,fixed-domain-moisture,650.0,-7.663295457019381e-08,7.663295457019381e-08,-7.663295476214028e-08,1.9194646704954202e-16,1.026527210769231e-11
132600.0,fixed-domain-moisture,650.0,-7.618302303115459e-08,7.618302303115459e-08,-7.618302321560459e-08,1.8445000047321485e-16,1.001935992408e-11
132900.0,fixed-domain-moisture,650.0,-7.573731880094681e-08,7.573731880094681e-08,-7.573731897818799e-08,1.7724118099181932e-16,9.778724000661274e-12
133200.0,fixed-domain-moisture,650.0,-7.529578849547069e-08,7.529578849547069e-08,-7.52957886657815e-08,1.7031081035694383e-16,9.543228978804944e-12
133500.0,fixed-domain-moisture,650.0,-7.485837956454875e-08,7.485837956454875e-08,-7.485837972820151e-08,1.636527608146106e-16,9.312883632611651e-12
133800.0,fixed-domain-moisture,650.0,-7.44250402766193e-08,7.44250402766193e-08,-7.442504043387154e-08,1.572522357580223e-16,9.08746006868574e-12
134100.0,fixed-domain-moisture,650.0,-7.399571970371497e-08,7.399571970371497e-08,-7.399571985482039e-08,1.5110542353891624e-16,8.867095688891124e-12
134400.0,fixed-domain-moisture,650.0,-7.357036770679086e-08,7.357036770679086e-08,-7.357036785198946e-08,1.4519859957656898e-16,8.651652832039863e-12
134700.0,fixed-domain-moisture,650.0,-7.314893492132017e-08,7.314893492132017e-08,-7.314893506084593e-08,1.395257552310109e-16,8.44108789317819e-12
135000.0,fixed-domain-moisture,650.0,-7.273137274321149e-08,7.273137274321149e-08,-7.273137287729213e-08,1.3408064363425604e-16,8.235178334623556e-12
135300.0,fixed-domain-moisture,650.0,-7.231763331501917e-08,7.231763331501917e-08,-7.231763344386748e-08,1.2884830936082942e-16,8.034040862081718e-12
135600.0,fixed-domain-moisture,650.0,-7.190766951240585e-08,7.190766951240585e-08,-7.190766963623419e-08,1.238283421291472e-16,7.837527194902607e-12
135900.0,fixed-domain-moisture,650.0,-7.150143493093643e-08,7.150143493093643e-08,-7.150143504994149e-08,1.190050585947954e-16,7.645656331129885e-12
136200.0,fixed-domain-moisture,650.0,-7.109888387308442e-08,7.109888387308442e-08,-7.109888398746102e-08,1.1437660587320189e-16,7.458072116714636e-12
136500.0,fixed-domain-moisture,650.0,-7.06999713355567e-08,7.06999713355567e-08,-7.069997144549091e-08,1.099342092324287e-16,7.2750614036781954e-12
136800.0,fixed-domain-moisture,650.0,-7.030465299684045e-08,7.030465299684045e-08,-7.030465310251131e-08,1.0567085418088139e-16,7.09628422874246e-12
137100.0,fixed-domain-moisture,650.0,-6.991288520502915e-08,6.991288520502915e-08,-6.991288530660685e-08,1.0157769981217299e-16,6.921708059089065e-12
137400.0,fixed-domain-moisture,650.0,-6.952462496587692e-08,6.952462496587692e-08,-6.952462506352605e-08,9.764913453302795e-17,6.7513137200088115e-12
137700.0,fixed-domain-moisture,650.0,-6.913982993110864e-08,6.913982993110864e-08,-6.913983002498845e-08,9.387981144796671e-17,6.585123048024188e-12
138000.0,fixed-domain-moisture,650.0,-6.875845839099149e-08,6.875845839099149e-08,-6.875845848125733e-08,9.026583949938783e-17,6.422747495468513e-12
138300.0,fixed-domain-moisture,650.0,-6.838046924969957e-08,6.838046924969957e-08,-6.83804693364934e-08,8.679382497881285e-17,6.264499263574554e-12
138600.0,fixed-domain-moisture,650.0,-6.800582202949076e-08,6.800582202949076e-08,-6.800582211295094e-08,8.346018123110574e-17,6.109957542727987e-12
138900.0,fixed-domain-moisture,650.0,-6.763447679869997e-08,6.763447679869997e-08,-6.763447690320444e-08,1.0450447657762242e-16,6.260413905127585e-12
139200.0,fixed-domain-moisture,650.0,-6.726639437979924e-08,6.726639437979924e-08,-6.726639448072577e-08,1.0092652999908145e-16,6.104757240958525e-12
139500.0,fixed-domain-moisture,650.0,-6.690153601917689e-08,6.690153601917689e-08,-6.690153611666425e-08,9.748736447499218e-17,5.9529034554805395e-12
139800.0,fixed-domain-moisture,650.0,-6.653986357849917e-08,6.653986357849917e-08,-6.653986367267682e-08,9.4177649408045e-17,5.8048690393616826e-12
140100.0,fixed-domain-moisture,650.0,-6.618133948335088e-08,6.618133948335088e-08,-6.618133957434305e-08,9.099217025165839e-17,5.660533330862232e-12
140400.0,fixed-domain-moisture,650.0,-6.582592671045076e-08,6.582592671045076e-08,-6.582592679837632e-08,8.7925566875463e-17,5.5197536060616416e-12
140700.0,fixed-domain-moisture,650.0,-6.547358877769807e-08,6.547358877769807e-08,-6.547358886267188e-08,8.497381587295938e-17,5.382508976864362e-12
141000.0,fixed-domain-moisture,650.0,-6.512428973484636e-08,6.512428973484636e-08,-6.512428981698037e-08,8.213401880328113e-17,5.248727368687579e-12
141300.0,fixed-domain-moisture,650.0,-6.477799415434821e-08,6.477799415434821e-08,-6.477799423374724e-08,7.93990288259358e-17,5.118327852973348e-12
141600.0,fixed-domain-moisture,650.0,-6.443466712235837e-08,6.443466712235837e-08,-6.443466719912362e-08,7.676524605089755e-17,4.9911818528052554e-12
141900.0,fixed-domain-moisture,650.0,-6.409427422992203e-08,6.409427422992203e-08,-6.409427430415159e-08,7.42295602790632e-17,4.8672254547841916e-12
142200.0,fixed-domain-moisture,650.0,-6.375678156433502e-08,6.375678156433502e-08,-6.375678163612107e-08,7.178605551469175e-17,4.746413137987355e-12
142500.0,fixed-domain-moisture,650.0,-6.342215570066042e-08,6.342215570066042e-08,-6.342215577009589e-08,6.943547291161207e-17,4.62867946475066e-12
142800.0,fixed-domain-moisture,650.0,-6.309036369343748e-08,6.309036369343748e-08,-6.309036376060591e-08,6.716842893295533e-17,4.5139598897046005e-12
143100.0,fixed-domain-moisture,650.0,-6.276137306891246e-08,6.276137306891246e-08,-6.276137313389953e-08,6.49870676308693e-17,4.402109067835243e-12
143400.0,fixed-domain-moisture,650.0,-6.243515181552917e-08,6.243515181552917e-08,-6.24351518784136e-08,6.28844274533187e-17,4.293172290804773e-12
143700.0,fixed-domain-moisture,650.0,-6.211166837828503e-08,6.211166837828503e-08,-6.211166843914247e-08,6.085743790586976e-17,4.186939758159229e-12
144000.0,fixed-domain-moisture,650.0,-6.17908916497109e-08,6.17908916497109e-08,-6.179089170861423e-08,5.890333289655409e-17,4.083467107827218e-12
144300.0,fixed-domain-moisture,650.0,-6.14727909625917e-08,6.14727909625917e-08,-6.147279101961185e-08,5.702015366168116e-17,3.9826200603113636e-12
144600.0,fixed-domain-moisture,650.0,-6.115733608458806e-08,6.115733608458806e-08,-6.115733613979394e-08,5.520588849800126e-17,3.884398674676647e-12
144900.0,fixed-domain-moisture,650.0,-6.084449720342387e-08,6.084449720342387e-08,-6.084449725698708e-08,5.356321368058935e-17,3.789774545227624e-12
145200.0,fixed-domain-moisture,650.0,-6.053424493058931e-08,6.053424493058931e-08,-6.053424498246099e-08,5.187167565003271e-17,3.696458639075855e-12
145500.0,fixed-domain-moisture,650.0,-6.022655028746377e-08,6.022655028746377e-08,-6.022655033770904e-08,5.024526651218605e-17,3.6054907216419373e-12
145800.0,fixed-domain-moisture,650.0,-5.992138470029419e-08,5.992138470029419e-08,-5.992138474896566e-08,4.867146606129776e-17,3.5170712172230563e-12
146100.0,fixed-domain-moisture,650.0,-5.961871999332091e-08,5.961871999332091e-08,-5.961872004047449e-08,4.715358301981805e-17,3.4306848575583395e-12
146400.0,fixed-domain-moisture,650.0,-5.931852838223523e-08,5.931852838223523e-08,-5.9318528427925636e-08,4.5690406395330153e-17,3.346608509279007e-12
146700.0,fixed-domain-moisture,650.0,-5.902078246772511e-08,5.902078246772511e-08,-5.902078251200503e-08,4.427992448458433e-17,3.2646542947716235e-12
147000.0,fixed-domain-moisture,650.0,-5.872545522919194e-08,5.872545522919194e-08,-5.872545527211028e-08,4.2918338874207746e-17,3.184884351617964e-12
147300.0,fixed-domain-moisture,650.0,-5.8432520018365306e-08,5.8432520018365306e-08,-5.843252005996786e-08,4.1602552599986995e-17,3.107009585167584e-12
147600.0,fixed-domain-moisture,650.0,-5.814195055782333e-08,5.814195055782333e-08,-5.814195059815501e-08,4.0331678924305424e-17,3.031306776645851e-12
147900.0,fixed-domain-moisture,650.0,-5.785372091935905e-08,5.785372091935905e-08,-5.7853720958467146e-08,3.9108093509882284e-17,2.9573742139038862e-12
148200.0,fixed-domain-moisture,650.0,-5.756780553757874e-08,5.756780553757874e-08,-5.756780557550257e-08,3.7923828953057465e-17,2.885462604770025e-12
148500.0,fixed-domain-moisture,650.0,-5.728417919464969e-08,5.728417919464969e-08,-5.728417923143058e-08,3.6780890339635795e-17,2.815408304265484e-12
148800.0,fixed-domain-moisture,650.0,-5.7002815321164726e-08,5.7002815321164726e-08,-5.7002817078943784e-08,1.757779057674024e-15,4.9167704313775794e-11
149100.0,fixed-domain-moisture,650.0,-5.672369286838125e-08,5.672369286838125e-08,-5.672369459108575e-08,1.7227045019717422e-15,4.824253727654411e-11
149400.0,fixed-domain-moisture,650.0,-5.64467858278815e-08,5.64467858278815e-08,-5.644678751622909e-08,1.6883475883165767e-15,4.733583345273406e-11
149700.0,fixed-domain-moisture,650.0,-5.617207032195739e-08,5.617207032195739e-08,-5.617207197665051e-08,1.6546931164375912e-15,4.644713603644237e-11
150000.0,fixed-domain-moisture,650.0,-5.589952279428991e-08,5.589952279428991e-08,-5.58995244160151e-08,1.621725191232135e-15,4.55761770190324e-11
150300.0,fixed-domain-moisture,650.0,-5.562912000482726e-08,5.562912000482726e-08,-5.562912159426074e-08,1.5894334762512735e-15,4.4722506778982234e-11
150600.0,fixed-domain-moisture,650.0,-5.536083902475406e-08,5.536083902475406e-08,-5.536084058255902e-08,1.5578049615983325e-15,4.388586313829214e-11
150900.0,fixed-domain-moisture,650.0,-5.509465723139831e-08,5.509465723139831e-08,-5.5094658758223457e-08,1.5268251484515352e-15,4.306579990532472e-11
151200.0,fixed-domain-moisture,650.0,-5.483055230389737e-08,5.483055230389737e-08,-5.483055380037785e-08,1.4964804842837255e-15,4.2262022858336185e-11
151500.0,fixed-domain-moisture,650.0,-5.456850221770887e-08,5.456850221770887e-08,-5.456850368446847e-08,1.4667596003245645e-15,4.1474211901260673e-11
151800.0,fixed-domain-moisture,650.0,-5.430848524033429e-08,5.430848524033429e-08,-5.4308486677984324e-08,1.4376500359253046e-15,4.070207081446768e-11
152100.0,fixed-domain-moisture,650.0,-5.405047992664513e-08,5.405047992664513e-08,-5.40504813357837e-08,1.409138569431035e-15,3.994514626747144e-11
152400.0,fixed-domain-moisture,650.0,-5.379446511435885e-08,5.379446511435885e-08,-5.3794466495573005e-08,1.3812141563262166e-15,3.9203225207564584e-11
152700.0,fixed-domain-moisture,650.0,-5.354041991960464e-08,5.354041991960464e-08,-5.354042127346887e-08,1.3538642300829837e-15,3.847598025609452e-11
153000.0,fixed-domain-moisture,650.0,-5.328832373256605e-08,5.328832373256605e-08,-5.328832505964138e-08,1.3270753308184088e-15,3.776310581785272e-11
153300.0,fixed-domain-moisture,650.0,-5.3038156213194035e-08,5.3038156213194035e-08,-5.303815751403491e-08,1.3008408741748159e-15,3.706433813453652e-11
153600.0,fixed-domain-moisture,650.0,-5.278989728702082e-08,5.278989728702082e-08,-5.27898985621668e-08,1.275145977518624e-15,3.637927441337089e-11
153900.0,fixed-domain-moisture,650.0,-5.2543527144263755e-08,5.2543527144263755e-08,-5.254352839427375e-08,1.2500099968761668e-15,3.570816389637778e-11
154200.0,fixed-domain-moisture,650.0,-5.2299026224353265e-08,5.2299026224353265e-08,-5.229902744971594e-08,1.2253626748349365e-15,3.504988078741733e-11
154500.0,fixed-domain-moisture,650.0,-5.2056375226136896e-08,5.2056375226136896e-08,-5.2056376427360025e-08,1.2012231291932505e-15,3.4404539365321754e-11
154800.0,fixed-domain-moisture,650.0,-5.181555509721428e-08,5.181555509721428e-08,-5.181555627479594e-08,1.1775816587768848e-15,3.377189432387556e-11
155100.0,fixed-domain-moisture,650.0,-5.157654703063919e-08,5.157654703063919e-08,-5.157654818506584e-08,1.154426649970039e-15,3.3151713511146356e-11
155400.0,fixed-domain-moisture,650.0,-5.133933246042461e-08,5.133933246042461e-08,-5.1339333592157105e-08,1.1317324932609485e-15,3.25441188430691e-11
155700.0,fixed-domain-moisture,650.0,-5.1103893060457825e-08,5.1103893060457825e-08,-5.110389416998121e-08,1.1095233820281694e-15,3.1947984024261856e-11
156000.0,fixed-domain-moisture,650.0,-5.087021073867494e-08,5.087021073867494e-08,-5.087021182644577e-08,1.0877708281714052e-15,3.136358443525983e-11
156300.0,fixed-domain-moisture,650.0,-5.06382676334347e-08,5.06382676334347e-08,-5.063826869990338e-08,1.0664686840843435e-15,3.0790591400800656e-11
156600.0,fixed-domain-moisture,650.0,-5.040804611063808e-08,5.040804611063808e-08,-5.0408047156243316e-08,1.0456052368895105e-15,3.022886970339043e-11
156900.0,fixed-domain-moisture,650.0,-5.017952876021075e-08,5.017952876021075e-08,-5.0179529785380717e-08,1.0251699648495146e-15,2.967803430419779e-11
157200.0,fixed-domain-moisture,650.0,-4.995269839270669e-08,4.995269839270669e-08,-4.9952699397863714e-08,1.0051570247605086e-15,2.91380102470246e-11
157500.0,fixed-domain-moisture,650.0,-4.9727538035941e-08,4.9727538035941e-08,-4.9727539021499214e-08,9.855582109908161e-16,2.8608533593157044e-11
157800.0,fixed-domain-moisture,650.0,-4.950403093173852e-08,4.950403093173852e-08,-4.950403189809937e-08,9.663608511334527e-16,2.8089394240264483e-11
158100.0,fixed-domain-moisture,650.0,-4.9282160532696925e-08,4.9282160532696925e-08,-4.928216148025756e-08,9.475606372317883e-16,2.7580332225027446e-11
158400.0,fixed-domain-moisture,650.0,-4.906191049903837e-08,4.906191049903837e-08,-4.9061911428184546e-08,9.291461740457043e-16,2.708120978766583e-11
158700.0,fixed-domain-moisture,650.0,-4.884326469549128e-08,4.884326469549128e-08,-4.884326560660075e-08,9.11109467701761e-16,2.6591706749706787e-11
159000.0,fixed-domain-moisture,650.0,-4.862620719041416e-08,4.862620719041416e-08,-4.862620808387931e-08,8.934651493706333e-16,2.611182722204747e-11
159300.0,fixed-domain-moisture,650.0,-4.841072224558635e-08,4.841072224558635e-08,-4.841072312174949e-08,8.761631382293148e-16,2.5641239538674344e-11
159600.0,fixed-domain-moisture,650.0,-4.8196794321265765e-08,4.8196794321265765e-08,-4.81967951804832e-08,8.592174367912146e-16,2.517969237741936e-11
159900.0,fixed-domain-moisture,650.0,-4.79844080704756e-08,4.79844080704756e-08,-4.798440891309635e-08,8.426207460146078e-16,2.472718147196862e-11
160200.0,fixed-domain-moisture,650.0,-4.7773548335824684e-08,4.7773548335824684e-08,-4.777354916218833e-08,8.26363642657956e-16,2.4283325219002758e-11
160500.0,fixed-domain-moisture,650.0,-4.756420014682139e-08,4.756420014682139e-08,-4.756420095726102e-08,8.10439635007812e-16,2.384815298954372e-11
160800.0,fixed-domain-moisture,650.0,-4.735634871715412e-08,4.735634871715412e-08,-4.7356349511997396e-08,7.948432769070226e-16,2.342128068854131e-11
161100.0,fixed-domain-moisture,650.0,-4.714997944199756e-08,4.714997944199756e-08,-4.714998022156423e-08,7.795666671263769e-16,2.3002711621381714e-11
161400.0,fixed-domain-moisture,650.0,-4.6945077895354234e-08,4.6945077895354234e-08,-4.694507865995672e-08,7.646024867718149e-16,2.2592201053449494e-11
161700.0,fixed-domain-moisture,650.0,-4.6741629827439567e-08,4.6741629827439567e-08,-4.67416305773853e-08,7.499457330549919e-16,2.2189599427788504e-11
162000.0,fixed-domain-moisture,650.0,-4.653962116211659e-08,4.653962116211659e-08,-4.6539621897705185e-08,7.355885973909254e-16,2.1794731487803255e-11
162300.0,fixed-domain-moisture,650.0,-4.633903799436449e-08,4.633903799436449e-08,-4.6339038715890285e-08,7.2152579244114e-16,2.140740835014777e-11
162600.0,fixed-domain-moisture,650.0,-4.6139866592298123e-08,4.6139866592298123e-08,-4.6139867300087986e-08,7.077898627996559e-16,2.1028536330407562e-11
162900.0,fixed-domain-moisture,650.0,-4.5942093378723884e-08,4.5942093378723884e-08,-4.5942094073019176e-08,6.942952912260251e-16,2.06559302079375e-11
163200.0,fixed-domain-moisture,650.0,-4.5745704948967906e-08,4.5745704948967906e-08,-4.574570563004275e-08,6.810748406899493e-16,2.0290471133094536e-11
163500.0,fixed-domain-moisture,650.0,-4.555068805840207e-08,4.555068805840207e-08,-4.5550688726526935e-08,6.681248649792887e-16,1.9932061453008784e-11
163800.0,fixed-domain-moisture,650.0,-4.535700602499646e-08,4.535700602499646e-08,-4.5357006330333826e-08,3.053373648001563e-16,1.6471423305355377e-11
164100.0,fixed-domain-moisture,650.0,-4.516469009228383e-08,4.516469009228383e-08,-4.516469039272966e-08,3.0044582893910154e-16,1.6247832408260165e-11
164400.0,fixed-domain-moisture,650.0,-4.4973707289532404e-08,4.4973707289532404e-08,-4.497370758515978e-08,2.9562737613952704e-16,1.6026922927902756e-11
164700.0,fixed-domain-moisture,650.0,-4.4784044990729625e-08,4.4784044990729625e-08,-4.478404528161643e-08,2.9088680404898564e-16,1.5808962956034663e-11
165000.0,fixed-domain-moisture,650.0,-4.4595690707138486e-08,4.4595690707138486e-08,-4.4595690993356855e-08,2.8621836872530377e-16,1.5593567775011784e-11
165300.0,fixed-domain-moisture,650.0,-4.440863209630506e-08,4.440863209630506e-08,-4.440863237792409e-08,2.816190327612721e-16,1.538083185881476e-11
165600.0,fixed-domain-moisture,650.0,-4.422285695662805e-08,4.422285695662805e-08,-4.422285723371975e-08,2.77091701215202e-16,1.5170805148250334e-11
165900.0,fixed-domain-moisture,650.0,-4.4038353228296744e-08,4.4038353228296744e-08,-4.403835350093098e-08,2.7263423665239053e-16,1.4963301556323166e-11
166200.0,fixed-domain-moisture,650.0,-4.385510899252344e-08,4.385510899252344e-08,-4.3855109260767235e-08,2.682437935715306e-16,1.4758486960063024e-11
166500.0,fixed-domain-moisture,650.0,-4.367311247045988e-08,4.367311247045988e-08,-4.3673112734381284e-08,2.639214042940266e-16,1.4556218011288906e-11
166800.0,fixed-domain-moisture,650.0,-4.34923520218857e-08,4.34923520218857e-08,-4.349235228155265e-08,2.5966694970587035e-16,1.43565473076536e-11
167100.0,fixed-domain-moisture,650.0,-4.3312816396712036e-08,4.3312816396712036e-08,-4.3312816416216836e-08,1.9504799729992185e-17,4.937479178280954e-11
167400.0,fixed-domain-moisture,650.0,-4.313449375334218e-08,4.313449375334218e-08,-4.31344937767918e-08,2.3449624071257574e-17,4.8526828436636344e-11
167700.0,fixed-domain-moisture,650.0,-4.2957373073216775e-08,4.2957373073216775e-08,-4.295737310047718e-08,2.726040544861997e-17,4.769582693814377e-11
168000.0,fixed-domain-moisture,650.0,-4.278144325530757e-08,4.278144325530757e-08,-4.278144328624617e-08,3.0938599699957466e-17,4.6881591124954166e-11
168300.0,fixed-domain-moisture,650.0,-4.26066933098784e-08,4.26066933098784e-08,-4.260669334489469e-08,3.501628909993357e-17,4.599212865129989e-11
168600.0,fixed-domain-moisture,650.0,-4.24331124325527e-08,4.24331124325527e-08,-4.243311247096009e-08,3.8407392121711064e-17,4.521062392784895e-11
168900.0,fixed-domain-moisture,650.0,-4.2260689888232346e-08,4.2260689888232346e-08,-4.226068992991363e-08,4.168128695941224e-17,4.4444739659277016e-11
169200.0,fixed-domain-moisture,650.0,-4.208941508576928e-08,4.208941508576928e-08,-4.208941513060983e-08,4.484054779910337e-17,4.369410073159195e-11
169500.0,fixed-domain-moisture,650.0,-4.1919277556929806e-08,4.1919277556929806e-08,-4.1919277604816576e-08,4.7886769445005454e-17,4.295839732993848e-11
169800.0,fixed-domain-moisture,650.0,-4.1750266954659785e-08,4.1750266954659785e-08,-4.1750267005483495e-08,5.082371060582193e-17,4.223724901875612e-11
170100.0,fixed-domain-moisture,650.0,-4.1582373051338016e-08,4.1582373051338016e-08,-4.158237310499168e-08,5.365366091748835e-17,4.1530406704536016e-11
170400.0,fixed-domain-moisture,650.0,-4.1415585737049877e-08,4.1415585737049877e-08,-4.141558579343029e-08,5.638041217593265e-17,4.083744606810422e-11
170700.0,fixed-domain-moisture,650.0,-4.124989501789425e-08,4.124989501789425e-08,-4.124989507690167e-08,5.900741868739286e-17,4.0158142242693164e-11
171000.0,fixed-domain-moisture,650.0,-4.108529101490636e-08,4.108529101490636e-08,-4.108529107644213e-08,6.153577233027754e-17,3.949225669464171e-11
171300.0,fixed-domain-moisture,650.0,-4.092176396050498e-08,4.092176396050498e-08,-4.0921764024468596e-08,6.396361360256969e-17,3.883926443172757e-11
171600.0,fixed-domain-moisture,650.0,-4.075930419898144e-08,4.075930419898144e-08,-4.075930426528693e-08,6.630549426560531e-17,3.819916406511975e-11
171900.0,fixed-domain-moisture,650.0,-4.059790218418309e-08,4.059790218418309e-08,-4.059790225274369e-08,6.856060037366168e-17,3.757150625452771e-11
172200.0,fixed-domain-moisture,650.0,-4.043754847793763e-08,4.043754847793763e-08,-4.043754854866277e-08,7.072514013081084e-17,3.6956115146205415e-11
172500.0,fixed-domain-moisture,650.0,-4.027823374852506e-08,4.027823374852506e-08,-4.027823382133302e-08,7.280796106088467e-17,3.635269483051174e-11
172800.0,fixed-domain-moisture,650.0,-4.0119948769218043e-08,4.0119948769218043e-08,-4.011994884402687e-08,7.480882493586673e-17,3.576094104578137e-11
173100.0,fixed-domain-moisture,650.0,-3.996268441681444e-08,3.996268441681444e-08,-3.996268449354397e-08,7.672952508332506e-17,3.5180640575931916e-11
173400.0,fixed-domain-moisture,650.0,-3.980643167020592e-08,3.980643167020592e-08,-3.980643174878154e-08,7.857562015697601e-17,3.461153246741902e-11
173700.0,fixed-domain-moisture,650.0,-3.9651181608985604e-08,3.9651181608985604e-08,-3.965118168933079e-08,8.034518448035355e-17,3.405332107898012e-11
174000.0,fixed-domain-moisture,650.0,-3.949692541205641e-08,3.949692541205641e-08,-3.949692549409855e-08,8.204214219828364e-17,3.3505941750610563e-11
174300.0,fixed-domain-moisture,650.0,-3.934365435628567e-08,3.934365435628567e-08,-3.934365443995384e-08,8.366817414177098e-17,3.2968947476396944e-11
174600.0,fixed-domain-moisture,650.0,-3.919135981517192e-08,3.919135981517192e-08,-3.919135990039899e-08,8.522707210674351e-17,3.244226597157842e-11
174900.0,fixed-domain-moisture,650.0,-3.9040033257544455e-08,3.9040033257544455e-08,-3.9040033344263814e-08,8.671935887134838e-17,3.192566321231178e-11
175200.0,fixed-domain-moisture,650.0,-3.888966624627552e-08,3.888966624627552e-08,-3.8889666334422735e-08,8.814721157495781e-17,3.141885198136264e-11
175500.0,fixed-domain-moisture,650.0,-3.8740250437021416e-08,3.8740250437021416e-08,-3.8740250526534436e-08,8.951301911518087e-17,3.092170781118678e-11
175800.0,fixed-domain-moisture,650.0,-3.859177757698574e-08,3.859177757698574e-08,-3.859177766780203e-08,9.081629180109492e-17,3.043395004089378e-11
176100.0,fixed-domain-moisture,650.0,-3.8444239503693234e-08,3.8444239503693234e-08,-3.844423959575558e-08,9.2062343440955e-17,2.995539979170117e-11
176400.0,fixed-domain-moisture,650.0,-3.8297628143803295e-08,3.8297628143803295e-08,-3.829762823705419e-08,9.325089610207529e-17,2.948591609219557e-11
176700.0,fixed-domain-moisture,650.0,-3.8151935511925325e-08,3.8151935511925325e-08,-3.815193560630772e-08,9.438239315326413e-17,2.9025228543646047e-11
177000.0,fixed-domain-moisture,650.0,-3.8007153709456675e-08,3.8007153709456675e-08,-3.8007153804918724e-08,9.546204914110304e-17,2.8573242535636403e-11
177300.0,fixed-domain-moisture,650.0,-3.786327492345242e-08,3.786327492345242e-08,-3.786327501994221e-08,9.648979127369813e-17,2.8129694665648177e-11
177600.0,fixed-domain-moisture,650.0,-3.77202914254997e-08,3.77202914254997e-08,-3.7720291522964785e-08,9.746508353801245e-17,2.7694435968312525e-11
177900.0,fixed-domain-moisture,650.0,-3.757819557060828e-08,3.757819557060828e-08,-3.757819566900085e-08,9.83925713803661e-17,2.726731122306147e-11
178200.0,fixed-domain-moisture,650.0,-3.74369797961356e-08,3.74369797961356e-08,-3.743697989540674e-08,9.927113645257093e-17,2.684807917301436e-11
178500.0,fixed-domain-moisture,650.0,-3.729663662070743e-08,3.729663662070743e-08,-3.72966367208122e-08,1.0010477569134677e-16,2.6436668509277762e-11
178800.0,fixed-domain-moisture,650.0,-3.715715864317597e-08,3.715715864317597e-08,-3.715715874406802e-08,1.0089205311115024e-16,2.6032922953698565e-11
179100.0,fixed-domain-moisture,650.0,-3.7018538541573637e-08,3.7018538541573637e-08,-3.701853864321059e-08,1.0163695241381139e-16,2.5636626225725416e-11
179400.0,fixed-domain-moisture,650.0,-3.6880769072103786e-08,3.6880769072103786e-08,-3.6880769174441837e-08,1.0233805084867664e-16,2.5247554824311963e-11
179700.0,fixed-domain-moisture,650.0,-3.674384306812775e-08,3.674384306812775e-08,-3.674384317112534e-08,1.0299759172956722e-16,2.4865769380125255e-11
180000.0,fixed-domain-moisture,650.0,-3.6607753439176945e-08,3.6607753439176945e-08,-3.660775354279811e-08,1.0362116679742399e-16,2.4490843643019903e-11
180300.0,fixed-domain-moisture,650.0,-3.64724931699913e-08,3.64724931699913e-08,-3.6472493274196164e-08,1.0420486514231081e-16,2.4122950008554964e-11
180600.0,fixed-domain-moisture,650.0,-3.633805531954599e-08,3.633805531954599e-08,-3.633805542429588e-08,1.0474989113919955e-16,2.3761704175590784e-11
180900.0,fixed-domain-moisture,650.0,-3.6204433020111276e-08,3.6204433020111276e-08,-3.6204433125369995e-08,1.0525871971248297e-16,2.3407044753724473e-11
181200.0,fixed-domain-moisture,650.0,-3.607161947632382e-08,3.607161947632382e-08,-3.6071619582056624e-08,1.0573280670003916e-16,2.305879618352311e-11
181500.0,fixed-domain-moisture,650.0,-3.593960796427009e-08,3.593960796427009e-08,-3.593960807044311e-08,1.0617301898715008e-16,2.2716915871843118e-11
181800.0,fixed-domain-moisture,650.0,-3.580839183058337e-08,3.580839183058337e-08,-3.580839193716357e-08,1.0658019698931809e-16,2.2381191897967583e-11
182100.0,fixed-domain-moisture,650.0,-3.5677964491553315e-08,3.5677964491553315e-08,-3.5677964598508907e-08,1.0695559140362935e-16,2.2051516832090773e-11
182400.0,fixed-domain-moisture,650.0,-3.5548319432252885e-08,3.5548319432252885e-08,-3.5548319539551194e-08,1.0729830887502232e-16,2.172786813882047e-11
182700.0,fixed-domain-moisture,650.0,-3.541945020566659e-08,3.541945020566659e-08,-3.541945031327991e-08,1.0761331910461722e-16,2.1409974059660658e-11
183000.0,fixed-domain-moisture,650.0,-3.5291350431855335e-08,3.5291350431855335e-08,-3.529135053975161e-08,1.0789627443111446e-16,2.1097853287829367e-11
183300.0,fixed-domain-moisture,650.0,-3.516401379709866e-08,3.516401379709866e-08,-3.516401390525146e-08,1.081527996826794e-16,2.0791206608039942e-11
183600.0,fixed-domain-moisture,650.0,-3.503743405308519e-08,3.503743405308519e-08,-3.5037434161467744e-08,1.0838255736962213e-16,2.0490084943705347e-11
183900.0,fixed-domain-moisture,650.0,-3.49116050160926e-08,3.49116050160926e-08,-3.491160512467714e-08,1.0858454164031778e-16,2.0194315259403947e-11
184200.0,fixed-domain-moisture,650.0,-3.47865205661825e-08,3.47865205661825e-08,-3.478652067494361e-08,1.087611083051509e-16,1.9903842914879466e-11
184500.0,fixed-domain-moisture,650.0,-3.466217464641409e-08,3.466217464641409e-08,-3.4662174755326965e-08,1.0891287278649723e-16,1.9618499886144572e-11
184800.0,fixed-domain-moisture,650.0,-3.453856126206231e-08,3.453856126206231e-08,-3.45385613711046e-08,1.0904229015641482e-16,1.9338242565103565e-11
185100.0,fixed-domain-moisture,650.0,-3.4415674479857364e-08,3.4415674479857364e-08,-3.441567458900301e-08,1.0914564802831455e-16,1.906291078446544e-11
185400.0,fixed-domain-moisture,650.0,-3.4293508427213214e-08,3.4293508427213214e-08,-3.4293508536441276e-08,1.0922806168710443e-16,1.8792388908437904e-11
185700.0,fixed-domain-moisture,650.0,-3.417205729149697e-08,3.417205729149697e-08,-3.4172057400785324e-08,1.092883532275922e-16,1.8526651013653503e-11
186000.0,fixed-domain-moisture,650.0,-3.4051315319285333e-08,3.4051315319285333e-08,-3.4051315428612015e-08,1.0932668146845545e-16,1.8265547817735826e-11
186300.0,fixed-domain-moisture,650.0,-3.393127681563901e-08,3.393127681563901e-08,-3.39312769249851e-08,1.093460904343484e-16,1.8009059872422627e-11
186600.0,fixed-domain-moisture,650.0,-3.381193614339549e-08,3.381193614339549e-08,-3.381193625274025e-08,1.0934476032792341e-16,1.7756972431870005e-11
186900.0,fixed-domain-moisture,650.0,-3.3693287722455753e-08,3.3693287722455753e-08,-3.369328783178068e-08,1.0932492784555684e-16,1.7509300349813947e-11
187200.0,fixed-domain-moisture,650.0,-3.357532602909778e-08,3.357532602909778e-08,-3.357532613838347e-08,1.0928569301474223e-16,1.726596265873858e-11
187500.0,fixed-domain-moisture,650.0,-3.3458045595283855e-08,3.3458045595283855e-08,-3.345804570451433e-08,1.0923047705449309e-16,1.7026777897769807e-11
187800.0,fixed-domain-moisture,650.0,-3.33414410079983e-08,3.33414410079983e-08,-3.334144111715326e-08,1.0915495877328945e-16,1.679180922726395e-11
188100.0,fixed-domain-moisture,650.0,-3.322550690878064e-08,3.322550690878064e-08,-3.322550701785571e-08,1.0907506636100662e-16,1.6561115090695223e-11
188400.0,fixed-domain-moisture,650.0,-3.311023799221957e-08,3.311023799221957e-08,-3.3110238101188964e-08,1.0896939238339175e-16,1.6334060640519153e-11
188700.0,fixed-domain-moisture,650.0,-3.299562900660141e-08,3.299562900660141e-08,-3.299562911544723e-08,1.0884582483476613e-16,1.6111022068388852e-11
189000.0,fixed-domain-moisture,650.0,-3.288167475239854e-08,3.288167475239854e-08,-3.288167486110689e-08,1.0870834741695981e-16,1.589175127325166e-11
189300.0,fixed-domain-moisture,650.0,-3.276837008186977e-08,3.276837008186977e-08,-3.276837019042397e-08,1.0855420065544933e-16,1.5676111476496153e-11
189600.0,fixed-domain-moisture,650.0,-3.265570989842601e-08,3.265570989842601e-08,-3.265571000681407e-08,1.0838805646633438e-16,1.5464265733371656e-11
189900.0,fixed-domain-moisture,650.0,-3.2543689157130614e-08,3.2543689157130614e-08,-3.254368926534628e-08,1.0821566540923343e-16,1.5256126475744393e-11
190200.0,fixed-domain-moisture,650.0,-3.2432302862157745e-08,3.2432302862157745e-08,-3.243230297018974e-08,1.0803199160857726e-16,1.505158920488577e-11
190500.0,fixed-domain-moisture,650.0,-3.232154606387452e-08,3.232154606387452e-08,-3.232154617169992e-08,1.0782540159623091e-16,1.4850337010304702e-11
190800.0,fixed-domain-moisture,650.0,-3.221141386556837e-08,3.221141386556837e-08,-3.221141397317575e-08,1.0760738325654154e-16,1.465244484145603e-11
191100.0,fixed-domain-moisture,650.0,-3.2101901417540196e-08,3.2101901417540196e-08,-3.2101901524915605e-08,1.0737540872555716e-16,1.4457885813027773e-11
191400.0,fixed-domain-moisture,650.0,-3.1993003917659744e-08,3.1993003917659744e-08,-3.199300402479616e-08,1.0713641308553344e-16,1.4266568735498858e-11
191700.0,fixed-domain-moisture,650.0,-3.1884716610850396e-08,3.1884716610850396e-08,-3.1884716717733433e-08,1.068830377377411e-16,1.407851513887882e-11
192000.0,fixed-domain-moisture,650.0,-3.1777034788514185e-08,3.1777034788514185e-08,-3.1777034895133366e-08,1.0661918035722649e-16,1.3893521266419306e-11
192300.0,fixed-domain-moisture,650.0,-3.1669953788001726e-08,3.1669953788001726e-08,-3.166995389434744e-08,1.0634571444671645e-16,1.3711713361101761e-11
192600.0,fixed-domain-moisture,650.0,-3.156346899207065e-08,3.156346899207065e-08,-3.156346909813498e-08,1.0606432745466062e-16,1.3532798952952218e-11
192900.0,fixed-domain-moisture,650.0,-3.145757582836029e-08,3.145757582836029e-08,-3.145757593413258e-08,1.0577229299376e-16,1.3356846660920576e-11
193200.0,fixed-domain-moisture,650.0,-3.1352269768860486e-08,3.1352269768860486e-08,-3.135226987433003e-08,1.0546954488956559e-16,1.3183906290490909e-11
193500.0,fixed-domain-moisture,650.0,-3.124754632939362e-08,3.124754632939362e-08,-3.1247546434553337e-08,1.0515971611932772e-16,1.3013787201686834e-11
193800.0,fixed-domain-moisture,650.0,-3.114340106911416e-08,3.114340106911416e-08,-3.114340117395441e-08,1.0484025234931484e-16,1.2846495662063782e-11
194100.0,fixed-domain-moisture,650.0,-3.103982958999417e-08,3.103982958999417e-08,-3.103982969450796e-08,1.0451379394004222e-16,1.2681845557328569e-11
194400.0,fixed-domain-moisture,650.0,-3.0936827536333906e-08,3.0936827536333906e-08,-3.093682764051439e-08,1.0418048647529765e-16,1.2519967188252032e-11
194700.0,fixed-domain-moisture,650.0,-3.0834390594272395e-08,3.0834390594272395e-08,-3.0834390698109966e-08,1.0383757048055767e-16,1.2360733617176837e-11
195000.0,fixed-domain-moisture,650.0,-3.0732514491294136e-08,3.0732514491294136e-08,-3.073251459478328e-08,1.0348914215421563e-16,1.2204082679555346e-11
195300.0,fixed-domain-moisture,650.0,-3.0631194995764866e-08,3.0631194995764866e-08,-3.063119509889807e-08,1.0313320302791161e-16,1.2049974129588205e-11
195600.0,fixed-domain-moisture,650.0,-3.0530427916452495e-08,3.0530427916452495e-08,-3.0530428019222996e-08,1.0277050087291936e-16,1.189832191047982e-11
195900.0,fixed-domain-moisture,650.0,-3.043020910206333e-08,3.043020910206333e-08,-3.043020920446672e-08,1.0240338488217853e-16,1.1749153402620128e-11
196200.0,fixed-domain-moisture,650.0,-3.033053444079269e-08,3.033053444079269e-08,-3.033053454281994e-08,1.0202724931403841e-16,1.1602340893049337e-11
196500.0,fixed-domain-moisture,650.0,-3.023139986016706e-08,3.023139986016706e-08,-3.023139996181506e-08,1.016480035467951e-16,1.1457951912743128e-11
196800.0,fixed-domain-moisture,650.0,-3.0132801325585795e-08,3.0132801325585795e-08,-3.013280142684706e-08,1.0126126683192451e-16,1.1315823916113738e-11
197100.0,fixed-domain-moisture,650.0,-3.0034734841031684e-08,3.0034734841031684e-08,-3.0034734941902416e-08,1.0087073170368107e-16,1.1176023112460396e-11
197400.0,fixed-domain-moisture,650.0,-2.993719644818284e-08,2.993719644818284e-08,-2.9937196548657116e-08,1.0047427396225176e-16,1.1038437975812557e-11
197700.0,fixed-domain-moisture,650.0,-2.984018222605784e-08,2.984018222605784e-08,-2.984018232612805e-08,1.0007021277663185e-16,1.0902959026856997e-11
198000.0,fixed-domain-moisture,650.0,-2.9743688290339268e-08,2.9743688290339268e-08,-2.9743688390004576e-08,9.966530786678715e-17,1.0769688316880323e-11
198300.0,fixed-domain-moisture,650.0,-2.964771079332329e-08,2.964771079332329e-08,-2.9647710892578847e-08,9.925555567855288e-17,1.0638528522183832e-11
198600.0,fixed-domain-moisture,650.0,-2.9552245923285263e-08,2.9552245923285263e-08,-2.955224602212603e-08,9.884076761474939e-17,1.0509441747165417e-11
198900.0,fixed-domain-moisture,650.0,-2.945728990411738e-08,2.945728990411738e-08,-2.945729000254119e-08,9.842381233774101e-17,1.0382371086245209e-11
199200.0,fixed-domain-moisture,650.0,-2.936283899493654e-08,2.936283899493654e-08,-2.936283909294049e-08,9.800394869369889e-17,1.0257366933490623e-11
199500.0,fixed-domain-moisture,650.0,-2.926888948968857e-08,2.926888948968857e-08,-2.92688895872655e-08,9.757693159171942e-17,1.0134317551005685e-11
199800.0,fixed-domain-moisture,650.0,-2.9175437716745104e-08,2.9175437716745104e-08,-2.917543781389307e-08,9.714796565221677e-17,1.0013061895118466e-11
200100.0,fixed-domain-moisture,650.0,-2.9082480038532544e-08,2.9082480038532544e-08,-2.9082480135249932e-08,9.671738836488087e-17,9.893813361465029e-12
200400.0,fixed-domain-moisture,650.0,-2.8990012851150084e-08,2.8990012851150084e-08,-2.8990012947432584e-08,9.628249981219234e-17,9.776344430976255e-12
200700.0,fixed-domain-moisture,650.0,-2.889803258398708e-08,2.889803258398708e-08,-2.8898032679831676e-08,9.584459701335166e-17,9.660727323739106e-12
201000.0,fixed-domain-moisture,650.0,-2.8806535699356904e-08,2.8806535699356904e-08,-2.8806535794761742e-08,9.540483802121642e-17,9.546925362349019e-12
201300.0,fixed-domain-moisture,650.0,-2.8715518692133308e-08,2.8715518692133308e-08,-2.8715518787095105e-08,9.496179677641057e-17,9.434812952745221e-12
201600.0,fixed-domain-moisture,650.0,-2.8624978089383922e-08,2.8624978089383922e-08,-2.862497818390131e-08,9.451738902923278e-17,9.324467374987233e-12
201900.0,fixed-domain-moisture,650.0,-2.8534910450020867e-08,2.8534910450020867e-08,-2.8534910544090235e-08,9.406936815713936e-17,9.215793961701544e-12
202200.0,fixed-domain-moisture,650.0,-2.844531236443943e-08,2.844531236443943e-08,-2.844531245806101e-08,9.362157889561745e-17,9.108756365455316e-12
202500.0,fixed-domain-moisture,650.0,-2.8356180454182958e-08,2.8356180454182958e-08,-2.8356180547354147e-08,9.317118897824968e-17,9.003362751272363e-12
202800.0,fixed-domain-moisture,650.0,-2.826751137159231e-08,2.826751137159231e-08,-2.8267511464309175e-08,9.27168649898886e-17,8.899582618214917e-12
203100.0,fixed-domain-moisture,650.0,-2.8179301799462724e-08,2.8179301799462724e-08,-2.817930189172609e-08,9.226336487341763e-17,8.797308727512953e-12
203400.0,fixed-domain-moisture,650.0,-2.8091548450723995e-08,2.8091548450723995e-08,-2.8091548542531415e-08,9.180741961105595e-17,8.696710685537111e-12
203700.0,fixed-domain-moisture,650.0,-2.8004248068097723e-08,2.8004248068097723e-08,-2.8004248159448238e-08,9.135051481918371e-17,8.597513157856875e-12
204000.0,fixed-domain-moisture,650.0,-2.7917397423779165e-08,2.7917397423779165e-08,-2.791739751467101e-08,9.089184647824551e-17,8.499875798985475e-12
204300.0,fixed-domain-moisture,650.0,-2.7830993319111964e-08,2.7830993319111964e-08,-2.7830993409543667e-08,9.043170244709451e-17,8.403676293614121e-12
204600.0,fixed-domain-moisture,650.0,-2.7745032584271288e-08,2.7745032584271288e-08,-2.77450326742427e-08,8.99714128321557e-17,8.308907186637105e-12
204900.0,fixed-domain-moisture,650.0,-2.7659512077953187e-08,2.7659512077953187e-08,-2.7659512167463682e-08,8.951049455995136e-17,8.215501049245745e-12
205200.0,fixed-domain-moisture,650.0,-2.757442868706268e-08,2.757442868706268e-08,-2.757442877611189e-08,8.904921232827749e-17,8.123514489504052e-12
205500.0,fixed-domain-moisture,650.0,-2.7489779326411596e-08,2.7489779326411596e-08,-2.7489779414997088e-08,8.858549156815781e-17,8.032931828436275e-12
205800.0,fixed-domain-moisture,650.0,-2.7405560940647223e-08,2.7405560940647223e-08,-2.7405561028778765e-08,8.813154146543361e-17,7.943942611419023e-12
206100.0,fixed-domain-moisture,650.0,-2.7321770495594336e-08,2.7321770495594336e-08,-2.73217705832613e-08,8.766696374619932e-17,7.855931181714006e-12
206400.0,fixed-domain-moisture,650.0,-2.7238404989437256e-08,2.7238404989437256e-08,-2.723840507664113e-08,8.720387495206764e-17,7.769262987346538e-12
206700.0,fixed-domain-moisture,650.0,-2.7155461445714675e-08,2.7155461445714675e-08,-2.7155461532452804e-08,8.673812925380843e-17,7.683869401520727e-12
207000.0,fixed-domain-moisture,650.0,-2.7072936914340667e-08,2.7072936914340667e-08,-2.7072937000614744e-08,8.627407762144373e-17,7.599700072519116e-12
207300.0,fixed-domain-moisture,650.0,-2.6990828471373972e-08,2.6990828471373972e-08,-2.6990828557182595e-08,8.580862309076014e-17,7.516706879407814e-12
207600.0,fixed-domain-moisture,650.0,-2.690913321873324e-08,2.690913321873324e-08,-2.6909133304076992e-08,8.534375089522779e-17,7.435012528048052e-12
207900.0,fixed-domain-moisture,650.0,-2.6827848283930627e-08,2.6827848283930627e-08,-2.682784836880968e-08,8.48790540619853e-17,7.354479282033794e-12
208200.0,fixed-domain-moisture,650.0,-2.6746970819797885e-08,2.6746970819797885e-08,-2.674697090421234e-08,8.441445649041632e-17,7.2750976381916036e-12
208500.0,fixed-domain-moisture,650.0,-2.6666498004217422e-08,2.6666498004217422e-08,-2.6666498088167867e-08,8.395044456272102e-17,7.196803593613527e-12
208800.0,fixed-domain-moisture,650.0,-2.6586427039859188e-08,2.6586427039859188e-08,-2.658642712334518e-08,8.348599257493985e-17,7.119643586832305e-12
209100.0,fixed-domain-moisture,650.0,-2.6506755154086948e-08,2.6506755154086948e-08,-2.6506755237109528e-08,8.302257952600804e-17,7.042981480835589e-12
209400.0,fixed-domain-moisture,650.0,-2.6427479598056608e-08,2.6427479598056608e-08,-2.642747968061481e-08,8.255820033012077e-17,6.968135022389616e-12
209700.0,fixed-domain-moisture,650.0,-2.634859764735191e-08,2.634859764735191e-08,-2.6348597729448582e-08,8.209667325298558e-17,6.8942340827593715e-12
210000.0,fixed-domain-moisture,650.0,-2.6270106601205206e-08,2.6270106601205206e-08,-2.627010668283793e-08,8.163272419101684e-17,6.8213645973615844e-12
210300.0,fixed-domain-moisture,650.0,-2.6192003782341135e-08,2.6192003782341135e-08,-2.6192003863513172e-08,8.117203752938401e-17,6.749618808897919e-12
210600.0,fixed-domain-moisture,650.0,-2.611428653675238e-08,2.611428653675238e-08,-2.6114286617463192e-08,8.071081154599179e-17,6.678827869724666e-12
210900.0,fixed-domain-moisture,650.0,-2.603695223344247e-08,2.603695223344247e-08,-2.6036952313692526e-08,8.02500554011875e-17,6.6089948778153925e-12
211200.0,fixed-domain-moisture,650.0,-2.5959998264188602e-08,2.5959998264188602e-08,-2.5959998343980495e-08,7.979189329478418e-17,6.5401846057361194e-12
211500.0,fixed-domain-moisture,650.0,-2.5883422043533337e-08,2.5883422043533337e-08,-2.588342212286662e-08,7.933328120212763e-17,6.472254443744898e-12
211800.0,fixed-domain-moisture,650.0,-2.5807221007796646e-08,2.5807221007796646e-08,-2.5807221086672516e-08,7.887587017572051e-17,6.40536573733937e-12
212100.0,fixed-domain-moisture,650.0,-2.5731392615698922e-08,2.5731392615698922e-08,-2.57313926941181e-08,7.841917714208508e-17,6.3394198737477976e-12
212400.0,fixed-domain-moisture,650.0,-2.565593434778216e-08,2.565593434778216e-08,-2.565593442574494e-08,7.796278189347017e-17,6.274244042154584e-12
212700.0,fixed-domain-moisture,650.0,-2.5580843706197033e-08,2.5580843706197033e-08,-2.558084378370506e-08,7.750802777119057e-17,6.210132524156199e-12
213000.0,fixed-domain-moisture,650.0,-2.5506118214483765e-08,2.5506118214483765e-08,-2.550611829153856e-08,7.705479566123807e-17,6.146779832823783e-12
213300.0,fixed-domain-moisture,650.0,-2.5431755417349803e-08,2.5431755417349803e-08,-2.543175549395334e-08,7.660353554986589e-17,6.084292992188302e-12
213600.0,fixed-domain-moisture,650.0,-2.5357752880454377e-08,2.5357752880454377e-08,-2.5357752956607053e-08,7.615267579391018e-17,6.022776428447976e-12
213900.0,fixed-domain-moisture,650.0,-2.528410819019052e-08,2.528410819019052e-08,-2.528410826589187e-08,7.5701349508089e-17,5.961943066655509e-12
214200.0,fixed-domain-moisture,650.0,-2.5210818953467764e-08,2.5210818953467764e-08,-2.52108190287213e-08,7.525353708550994e-17,5.902015205655925e-12
214500.0,fixed-domain-moisture,650.0,-2.5137882797513332e-08,2.5137882797513332e-08,-2.51378828723201e-08,7.48067669105027e-17,5.842897745589291e-12
214800.0,fixed-domain-moisture,650.0,-2.5065297369655864e-08,2.5065297369655864e-08,-2.5065297444016023e-08,7.436015886289552e-17,5.7845629299695264e-12
215100.0,fixed-domain-moisture,650.0,-2.499306033711874e-08,2.499306033711874e-08,-2.4993060411034447e-08,7.391570810232588e-17,5.727040713445671e-12
215400.0,fixed-domain-moisture,650.0,-2.492116938682206e-08,2.492116938682206e-08,-2.4921169460295296e-08,7.347323595778146e-17,5.6702037462423975e-12
215700.0,fixed-domain-moisture,650.0,-2.4849622225180545e-08,2.4849622225180545e-08,-2.4849622298212318e-08,7.303177297358436e-17,5.6141831629130366e-12
216000.0,fixed-domain-moisture,650.0,-2.4778416577903573e-08,2.4778416577903573e-08,-2.4778416650494763e-08,7.259119010955902e-17,5.558910957521301e-12
216300.0,fixed-domain-moisture,650.0,-2.470755018979888e-08,2.470755018979888e-08,-2.4707550261951574e-08,7.215269504939976e-17,5.504359808112471e-12
216600.0,fixed-domain-moisture,650.0,-2.463702082458191e-08,2.463702082458191e-08,-2.4637020896297492e-08,7.171558303522469e-17,5.450561952822027e-12
216900.0,fixed-domain-moisture,650.0,-2.456682626468282e-08,2.456682626468282e-08,-2.4566826335962028e-08,7.127920886615601e-17,5.397350682224218e-12
217200.0,fixed-domain-moisture,650.0,-2.4496964311053672e-08,2.4496964311053672e-08,-2.4496964381900136e-08,7.084646436561522e-17,5.34501400053139e-12
217500.0,fixed-domain-moisture,650.0,-2.4427432782991724e-08,2.4427432782991724e-08,-2.4427432853405457e-08,7.041373309996423e-17,5.293274572284053e-12
217800.0,fixed-domain-moisture,650.0,-2.4358229517942928e-08,2.4358229517942928e-08,-2.435822958792547e-08,6.998254039025259e-17,5.242141356644135e-12
218100.0,fixed-domain-moisture,650.0,-2.4289352358289775e-08,2.4289352358289775e-08,-2.4289352426272262e-08,6.798248715227082e-17,5.115312954491509e-12
218400.0,fixed-domain-moisture,650.0,-2.422079920368792e-08,2.422079920368792e-08,-2.42207992712536e-08,6.75656807677727e-17,5.065739610404366e-12
218700.0,fixed-domain-moisture,650.0,-2.415256793158038e-08,2.415256793158038e-08,-2.415256799872865e-08,6.714826888706619e-17,5.016852586078878e-12
219000.0,fixed-domain-moisture,650.0,-2.4084656450216845e-08,2.4084656450216845e-08,-2.4084656516950428e-08,6.673358339365866e-17,4.968578738070912e-12
219300.0,fixed-domain-moisture,650.0,-2.4017062685116438e-08,2.4017062685116438e-08,-2.4017062751435547e-08,6.631910965848794e-17,4.920921109283565e-12
219600.0,fixed-domain-moisture,650.0,-2.3949784578884177e-08,2.3949784578884177e-08,-2.3949784644792287e-08,6.590811008188994e-17,4.873878962706772e-12
219900.0,fixed-domain-moisture,650.0,-2.388282009105161e-08,2.388282009105161e-08,-2.388282015655035e-08,6.54987417054599e-17,4.82746046226547e-12
220200.0,fixed-domain-moisture,650.0,-2.3816167197903587e-08,2.3816167197903587e-08,-2.381616726299257e-08,6.508898289978073e-17,4.78161147053699e-12
220500.0,fixed-domain-moisture,650.0,-2.3749823892306528e-08,2.3749823892306528e-08,-2.3749823956988793e-08,6.46822648100333e-17,4.73631975251461e-12
220800.0,fixed-domain-moisture,650.0,-2.36837881835527e-08,2.36837881835527e-08,-2.3683788247831673e-08,6.42789745567443e-17,4.691569191334587e-12
221100.0,fixed-domain-moisture,650.0,-2.3618058097198786e-08,2.3618058097198786e-08,-2.3618058161074107e-08,6.387532034398577e-17,4.6474964493825045e-12
221400.0,fixed-domain-moisture,650.0,-2.3552631674894667e-08,2.3552631674894667e-08,-2.3552631738368805e-08,6.347413774689756e-17,4.603875413835313e-12
221700.0,fixed-domain-moisture,650.0,-2.3487506974234886e-08,2.3487506974234886e-08,-2.3487507037309776e-08,6.307489075244271e-17,4.560844227324858e-12
222000.0,fixed-domain-moisture,650.0,-2.342268206859798e-08,2.342268206859798e-08,-2.3422682131275375e-08,6.267739407216403e-17,4.518246237911767e-12
222300.0,fixed-domain-moisture,650.0,-2.335815504699195e-08,2.335815504699195e-08,-2.3358155109273378e-08,6.228142602165735e-17,4.47634535173571e-12
222600.0,fixed-domain-moisture,650.0,-2.329392401389979e-08,2.329392401389979e-08,-2.3293924075787805e-08,6.188801561360468e-17,4.434840610626902e-12
222900.0,fixed-domain-moisture,650.0,-2.3229987089131304e-08,2.3229987089131304e-08,-2.3229987150627342e-08,6.149603788237295e-17,4.393954760839084e-12
223200.0,fixed-domain-moisture,650.0,-2.31663424076693e-08,2.31663424076693e-08,-2.3166342468775827e-08,6.110652514936663e-17,4.353460934653353e-12
223500.0,fixed-domain-moisture,650.0,-2.310298811952591e-08,2.310298811952591e-08,-2.3102988180244106e-08,6.071819693899748e-17,4.313529368642314e-12
223800.0,fixed-domain-moisture,650.0,-2.3039922389591604e-08,2.3039922389591604e-08,-2.3039922449923614e-08,6.033200947205363e-17,4.274087511357482e-12
224100.0,fixed-domain-moisture,650.0,-2.297714339749504e-08,2.297714339749504e-08,-2.2977143457442056e-08,5.99470164539143e-17,4.235046802961888e-12
224400.0,fixed-domain-moisture,650.0,-2.2914649337453795e-08,2.2914649337453795e-08,-2.2914649397020023e-08,5.956622882200918e-17,4.196560247623374e-12
224700.0,fixed-domain-moisture,650.0,-2.285243841814544e-08,2.285243841814544e-08,-2.2852438477330047e-08,5.918460739204662e-17,4.158509598828727e-12
225000.0,fixed-domain-moisture,650.0,-2.279050886254915e-08,2.279050886254915e-08,-2.2790508921356426e-08,5.880727737510198e-17,4.120916252373511e-12
225300.0,fixed-domain-moisture,650.0,-2.272885890782784e-08,2.272885890782784e-08,-2.2728858966257165e-08,5.84293253183367e-17,4.083789342729499e-12
225600.0,fixed-domain-moisture,650.0,-2.2667486805172278e-08,2.2667486805172278e-08,-2.2667486863227512e-08,5.805523454067082e-17,4.047099492274283e-12
225900.0,fixed-domain-moisture,650.0,-2.2606390819682987e-08,2.2606390819682987e-08,-2.2606390877364624e-08,5.768163676265002e-17,4.010880375806923e-12
226200.0,fixed-domain-moisture,650.0,-2.2545569230222976e-08,2.2545569230222976e-08,-2.254556928753411e-08,5.731113264012017e-17,3.9750262980941276e-12
226500.0,fixed-domain-moisture,650.0,-2.2485020329295734e-08,2.2485020329295734e-08,-2.2485020386238e-08,5.694226633520317e-17,3.9395928698448955e-12
226800.0,fixed-domain-moisture,650.0,-2.2424742422907958e-08,2.2424742422907958e-08,-2.242474247948416e-08,5.65762025182015e-17,3.904608024726418e-12
227100.0,fixed-domain-moisture,650.0,-2.2364733830446887e-08,2.2364733830446887e-08,-2.236473388665705e-08,5.621016186225699e-17,3.870044213424392e-12
227400.0,fixed-domain-moisture,650.0,-2.230499288454363e-08,2.230499288454363e-08,-2.230499294039021e-08,5.584657958709298e-17,3.8359534745675865e-12
227700.0,fixed-domain-moisture,650.0,-2.2245517930953714e-08,2.2245517930953714e-08,-2.2245517986439795e-08,5.548608104125257e-17,3.802150507086005e-12
228000.0,fixed-domain-moisture,650.0,-2.2186307328431724e-08,2.2186307328431724e-08,-2.2186307383559904e-08,5.5128179842535576e-17,3.7687526618784654e-12
228300.0,fixed-domain-moisture,650.0,-2.2127359449624486e-08,2.2127359449624486e-08,-2.2127359504396916e-08,5.477242931341122e-17,3.735893325597138e-12
228600.0,fixed-domain-moisture,650.0,-2.20686726773818e-08,2.20686726773818e-08,-2.206867273180065e-08,5.4418852614936654e-17,3.703338556598478e-12
228900.0,fixed-domain-moisture,650.0,-2.2010245409052624e-08,2.2010245409052624e-08,-2.2010245463116662e-08,5.406403845426571e-17,3.671043196365898e-12
229200.0,fixed-domain-moisture,650.0,-2.1952076054240838e-08,2.1952076054240838e-08,-2.1952076107953282e-08,5.371244368053882e-17,3.639223284277676e-12
229500.0,fixed-domain-moisture,650.0,-2.189416303489827e-08,2.189416303489827e-08,-2.1894163088261832e-08,5.33635620592211e-17,3.607735386600487e-12
229800.0,fixed-domain-moisture,650.0,-2.183650478524097e-08,2.183650478524097e-08,-2.1836504838257226e-08,5.301625538978969e-17,3.5765843005532753e-12
230100.0,fixed-domain-moisture,650.0,-2.1779099751639813e-08,2.1779099751639813e-08,-2.1779099804310363e-08,5.2670550142024176e-17,3.5458373429001632e-12
230400.0,fixed-domain-moisture,650.0,-2.17219463925093e-08,2.17219463925093e-08,-2.1721946444836124e-08,5.232682351028389e-17,3.5153731186829836e-12
230700.0,fixed-domain-moisture,650.0,-2.1665043178196687e-08,2.1665043178196687e-08,-2.16650432301815e-08,5.1984814105495266e-17,3.4852882921070464e-12
231000.0,fixed-domain-moisture,650.0,-2.1608388590901687e-08,2.1608388590901687e-08,-2.160838864254462e-08,5.16429337408822e-17,3.455499739744466e-12
231300.0,fixed-domain-moisture,650.0,-2.1551981124439676e-08,2.1551981124439676e-08,-2.155198117574528e-08,5.1305602869638174e-17,3.426100101484626e-12
231600.0,fixed-domain-moisture,650.0,-2.1495819284321297e-08,2.1495819284321297e-08,-2.149581933529097e-08,5.096967158799059e-17,3.3970168666908155e-12
231900.0,fixed-domain-moisture,650.0,-2.143990158752583e-08,2.143990158752583e-08,-2.1439901638161932e-08,5.0636102734172455e-17,3.368267319545382e-12
232200.0,fixed-domain-moisture,650.0,-2.1384226562418396e-08,2.1384226562418396e-08,-2.1384226612722972e-08,5.03045753621061e-17,3.339838106582191e-12
232500.0,fixed-domain-moisture,650.0,-2.13287927486458e-08,2.13287927486458e-08,-2.1328792798619874e-08,4.9974073693999314e-17,3.3117142193141376e-12
232800.0,fixed-domain-moisture,650.0,-2.1273598697029907e-08,2.1273598697029907e-08,-2.1273598746676308e-08,4.964640098358746e-17,3.283868037983981e-12
233100.0,fixed-domain-moisture,650.0,-2.1218642969469053e-08,2.1218642969469053e-08,-2.1218643018789886e-08,4.932083262065394e-17,3.2564117245324927e-12
233400.0,fixed-domain-moisture,650.0,-2.1163924138834383e-08,2.1163924138834383e-08,-2.1163924187830207e-08,4.89958234318145e-17,3.229193134007456e-12
233700.0,fixed-domain-moisture,650.0,-2.1109440788862707e-08,2.1109440788862707e-08,-2.1109440837537624e-08,4.867491705881333e-17,3.2023282144400325e-12
234000.0,fixed-domain-moisture,650.0,-2.105519151407082e-08,2.105519151407082e-08,-2.1055191562423104e-08,4.8352283532693147e-17,3.1757006845256292e-12
234300.0,fixed-domain-moisture,650.0,-2.1001175493365858e-08,2.1001175493365858e-08,-2.1001174969535577e-08,-5.238302811680115e-16,4.96641155869946e-11
234600.0,fixed-domain-moisture,650.0,-2.094739019316289e-08,2.094739019316289e-08,-2.0947389675459545e-08,-5.177033444446639e-16,4.914529227018598e-11
234900.0,fixed-domain-moisture,650.0,-2.0893834814889342e-08,2.0893834814889342e-08,-2.0893834303235272e-08,-5.116540700546677e-16,4.863267183027504e-11
235200.0,fixed-domain-moisture,650.0,-2.08405079951915e-08,2.08405079951915e-08,-2.084050748950722e-08,-5.056842811040929e-16,4.8126175927590085e-11
235500.0,fixed-domain-moisture,650.0,-2.0787408380993494e-08,2.0787408380993494e-08,-2.0787407881201727e-08,-4.997917673663428e-16,4.7625730848789884e-11
235800.0,fixed-domain-moisture,650.0,-2.073453462940862e-08,2.073453462940862e-08,-2.0734534135434603e-08,-4.939740175210777e-16,4.7131226393589344e-11
236100.0,fixed-domain-moisture,650.0,-2.0681885407651152e-08,2.0681885407651152e-08,-2.068188491941854e-08,-4.882326131376287e-16,4.664257653862695e-11
236400.0,fixed-domain-moisture,650.0,-2.0629459392937532e-08,2.0629459392937532e-08,-2.0629458910371963e-08,-4.825655689825259e-16,4.6159753822501166e-11
236700.0,fixed-domain-moisture,650.0,-2.0577255272400007e-08,2.0577255272400007e-08,-2.0577254795428154e-08,-4.769718527343647e-16,4.5682693877766986e-11
237000.0,fixed-domain-moisture,650.0,-2.0525271742994736e-08,2.0525271742994736e-08,-2.0525271271545638e-08,-4.714490986565931e-16,4.52112290086067e-11
237300.0,fixed-domain-moisture,650.0,-2.0473507511417626e-08,2.0473507511417626e-08,-2.0473507045419508e-08,-4.659981173862116e-16,4.474535037795597e-11
237600.0,fixed-domain-moisture,650.0,-2.0421961294010688e-08,2.0421961294010688e-08,-2.0421960833393318e-08,-4.606173703672807e-16,4.428492557814138e-11
237900.0,fixed-domain-moisture,650.0,-2.0370631816676735e-08,2.0370631816676735e-08,-2.0370631361372246e-08,-4.553044885545261e-16,4.3829995430365066e-11
238200.0,fixed-domain-moisture,650.0,-2.031951781479756e-08,2.031951781479756e-08,-2.0319517364737033e-08,-4.500605274304094e-16,4.338035261793641e-11
238500.0,fixed-domain-moisture,650.0,-2.0268618033142154e-08,2.0268618033142154e-08,-2.0268617588258504e-08,-4.448836506539708e-16,4.293602870644327e-11
238800.0,fixed-domain-moisture,650.0,-2.0217931225785986e-08,2.0217931225785986e-08,-2.0217930786013462e-08,-4.397725248100628e-16,4.249689564265342e-11
239100.0,fixed-domain-moisture,650.0,-2.016745615602643e-08,2.016745615602643e-08,-2.0167455721301118e-08,-4.3472531355772553e-16,4.2062902704204074e-11
239400.0,fixed-domain-moisture,650.0,-2.011719159630422e-08,2.011719159630422e-08,-2.0117191166560637e-08,-4.2974358192267797e-16,4.163397462335149e-11
239700.0,fixed-domain-moisture,650.0,-2.0067136328114363e-08,2.0067136328114363e-08,-2.006713590328925e-08,-4.2482511306087846e-16,4.121011479274863e-11
240000.0,fixed-domain-moisture,650.0,-2.001728914193057e-08,2.001728914193057e-08,-2.0017288721961378e-08,-4.1996919228827777e-16,4.079111849921657e-11
240300.0,fixed-domain-moisture,650.0,-1.9967648837123705e-08,1.9967648837123705e-08,-1.9967648421948726e-08,-4.1517497918937353e-16,4.037707300901716e-11
240600.0,fixed-domain-moisture,650.0,-1.9918214221882543e-08,1.9918214221882543e-08,-1.991821381144096e-08,-4.1044158371782663e-16,3.996777832024117e-11
240900.0,fixed-domain-moisture,650.0,-1.9868984113134467e-08,1.9868984113134467e-08,-1.98689837073673e-08,-4.0576716622395477e-16,3.956328432822264e-11
