step_index,old_radius_m,new_radius_m,dt_total_s,sensible_energy_old_J,sensible_energy_new_J,delta_sensible_energy_J,conductive_boundary_heat_J,latent_heat_J,residual_J,relative_residual,linear_storage_delta_last_J,linear_boundary_heat_last_J,linear_solver_relative_residual_last,linear_storage_boundary_balance_relative_last,internal_radial_flux_abs_last_W,internal_axial_flux_abs_last_W,picard_calls
1,0.02,0.02,150.0,0.0,70.68850492010819,70.68850492010819,70.68850609693648,0.0,-1.1768282917046236e-06,1.664808547645379e-08,70.68850492010819,70.68850609693648,3.419696777166087e-11,1.664808547645379e-08,1.8153414764416198,0.05870749898765375,5
2,0.02,0.02,150.0,70.68850491992184,199.5215808570762,128.83307593715438,129.56318775676587,0.0,-0.7301118196114942,0.0056351795000765354,129.56318639191352,129.56318775676587,3.5854935338278507e-11,1.053426035324388e-08,3.802744143006927,0.1265464191006007,5
3,0.02,0.02,150.0,199.52158085721402,366.802981715714,167.28140085849998,169.00373000457145,0.0,-1.7223291460714734,0.010191071794834855,169.00372903371374,169.00373000457145,3.059962006378285e-11,5.744593402875715e-09,5.434028093467048,0.18508801468534253,5
4,0.02,0.02,150.0,366.8029817155854,573.3968408372035,206.5938591216181,209.37107827317226,0.0,-2.7772191515541635,0.013264578730070104,209.37107719426308,209.37107827317226,3.4319317463606865e-11,5.1530955840942405e-09,7.04763013703261,0.24409286833596341,5
5,0.02,0.02,150.0,573.396840836527,820.1786385673552,246.7817977308282,250.73279310616843,0.0,-3.950995375340227,0.015757792693942698,250.73279191903885,250.73279310616843,4.762771322321976e-11,4.734640288817755e-09,8.685154618030417,0.30487563063176965,5
6,0.02,0.02,150.0,820.1786385628691,1085.8434332304269,265.66479466755777,270.92311797935895,0.0,-5.258323311801178,0.019408913314668843,270.92311711482336,270.92311797935895,3.4691030640527875e-11,3.1910735406589973e-09,9.776275020991452,0.3487146966777852,5
7,0.02,0.02,150.0,1085.843433219703,1378.8082198596408,292.96478663993776,299.50412937189,0.0,-6.5393427319522175,0.021833898402891166,299.504128311938,299.50412937189,4.419494016100804e-11,3.5390228434004186e-09,10.954445493411836,0.3950840798199852,5
8,0.02,0.02,150.0,1378.808219844471,1695.3482973233042,316.54007747883315,324.4418343921198,0.0,-7.901756913286647,0.024354926139816477,324.4418332174819,324.4418343921198,4.15767486341791e-11,3.620488323869237e-09,12.032247338689746,0.43832692370974174,5
9,0.02,0.02,150.0,1695.3482973000944,2027.7732932928984,332.42499599280404,341.7495085448652,0.0,-9.324512552061151,0.027284640705890057,341.7495074029939,341.7495085448652,4.5633820856127006e-11,3.3412521500291545e-09,12.879350976897914,0.4739219915791397,5
10,0.02,0.02,150.0,2027.7732932772046,2354.5416447317975,326.7683514545929,337.5334717249298,0.0,-10.765120270336922,0.0318934896006695,337.533470639494,337.5334717249298,4.465418739004289e-11,3.215787225504737e-09,13.091537711232483,0.48826491240746883,5
11,0.02,0.02,150.0,2354.5416447035764,2686.0835228221367,331.54187811856036,343.6412570017894,0.0,-12.099378883229065,0.03520933134977463,343.6412558799623,343.6412570017894,4.825360254809251e-11,3.264529886853481e-09,13.403657858392723,0.5044753491347549,5
12,0.02,0.02,150.0,2686.0835227928715,3033.767532837534,347.6840100446625,361.1148991944164,0.0,-13.43088914975391,0.037192841335862495,361.11489807472555,361.1148991944164,4.447547894066935e-11,3.100649867863235e-09,14.004118562391954,0.529474908323716,5
13,0.02,0.02,150.0,3033.7675328462874,3371.6919732109445,337.92444036465713,352.76010597968553,0.0,-14.835665615028404,0.04205596200802465,352.7601049551265,352.76010597968553,4.2375977461093645e-11,2.904407297470309e-09,13.97979988243793,0.5338974599618085,5
14,0.02,0.02,150.0,3371.6919732036126,3703.621230044514,331.9292568409014,348.0834714995356,0.0,-16.154214658634203,0.04640902536693919,348.0834705085306,348.0834714995356,4.188891098157339e-11,2.847032735458718e-09,13.907692294503676,0.5354422870546665,5
15,0.02,0.02,150.0,3703.621230031634,4034.1053855145224,330.4841554828886,347.9090186064391,0.0,-17.424863123550494,0.05008453989881134,347.90901760657437,347.9090186064391,4.286791434778629e-11,2.8739258158450294e-09,13.913910781949049,0.5387041291618941,5
16,0.02,0.02,150.0,4034.1053854996903,4359.161255835527,325.05587033583697,343.7468902618006,0.0,-18.691019925963644,0.05437436804658335,343.746889289732,343.7468902618006,4.273261387876548e-11,2.8278615659201926e-09,13.819402774805317,0.5381310688079404,5
17,0.02,0.02,150.0,4359.161255814431,4676.479318182286,317.3180623678554,337.2403884495097,0.0,-19.922326081654262,0.059074555610758216,337.24038751891067,337.2403884495097,4.190895344775391e-11,2.7594530388702983e-09,13.63498417904857,0.5339594027302873,5
18,0.02,0.02,150.0,4676.4793181539,4989.734833838498,313.2555156845983,334.3733068293032,0.0,-21.11779114470488,0.06315633070401001,334.3733058948251,334.3733068293032,4.228646713680143e-11,2.7947150811405754e-09,13.518580290150611,0.5313930948965426,5
19,0.02,0.02,150.0,4989.734833807115,5283.551349953506,293.8165161463912,316.1108960131886,0.0,-22.294379866797385,0.07052708447565575,316.11089521990147,316.1108960131886,3.8123694306326164e-11,2.509521666753406e-09,12.998221670906863,0.5151773196843713,5
20,0.02,0.02,150.0,5283.551349868524,5559.109832954583,275.5584830860589,298.9383511062086,0.0,-23.379868020149672,0.0782096640783408,298.938350114439,298.9383511062086,4.271859135542786e-11,3.3176391665537947e-09,12.405877538098187,0.49557496024425945,5
21,0.02,0.02,150.0,5559.109832870181,5834.488808116519,275.3789752463381,299.7582559471762,0.0,-24.379280700838137,0.08132980565891164,299.7582548353601,299.7582559471762,4.5384867466722625e-11,3.709042524180135e-09,12.256978728240167,0.48982153811138723,5
22,0.02,0.02,150.0,5834.488808041884,6096.873612945016,262.38480490313214,287.77610693051804,0.0,-25.391302027385905,0.08823283593003951,287.77610593992,287.77610693051804,4.226141204910848e-11,3.4422525543144576e-09,11.862482781869138,0.47615658804955563,5
23,0.02,0.02,150.0,6096.873612869561,6335.285593638015,238.41198076845376,264.7680256242333,0.0,-26.356044855779544,0.09954391129231303,264.76802475952525,264.7680256242333,4.8477929529012714e-11,3.2659081633097626e-09,11.127617937448584,0.45078403808885775,5
24,0.02,0.02,150.0,6335.285593571095,6567.973412151079,232.6878185799842,259.9058361209655,0.0,-27.218017540981293,0.10472261010835275,259.9058352113713,259.9058361209655,4.770185476244379e-11,3.4997066296448647e-09,10.788952209845753,0.4376097539756575,5
25,0.02,0.02,150.0,6567.973412090472,6786.370850217993,218.39743812752113,246.45248586645442,0.0,-28.055047738933297,0.11383552346936167,246.45248432376945,246.45248586645442,4.606242579280849e-11,6.259563439041945e-09,10.297153067115248,0.41952006366419736,5
26,0.02,0.02,150.0,6786.370850162647,6988.41522169498,202.04437153233266,230.8881344286957,0.0,-28.843762896363046,0.1249252715724582,230.88813291501083,230.8881344286957,4.971150231347089e-11,6.555923207222295e-09,9.722913816064324,0.3983770115249311,5
27,0.02,0.02,150.0,6988.4152216380135,7168.379888220886,179.96466658287227,209.52967979719924,0.0,-29.565013214326967,0.14110179160748262,209.5296786882263,209.52967979719924,3.913800017831451e-11,5.292677033778358e-09,8.967505483469125,0.3709030524974501,5
28,0.02,0.02,150.0,7168.37988817879,7337.803650065429,169.4237618866391,199.6140652519541,0.0,-30.190303365314975,0.15124336718060719,199.61406419146772,199.6140652519541,3.501898907573644e-11,5.312683590726637e-09,8.469780129527885,0.35138897193064444,5
29,0.02,0.02,150.0,7337.803650032951,7502.887419165781,165.08376913282973,195.86412447922334,0.0,-30.780355346393605,0.15715157346060427,195.86412301853542,195.86412447922334,3.4402580765712765e-11,7.45765931276122e-09,8.191033182284604,0.3391839055514054,5
30,0.02,0.02,150.0,7502.887419137018,7649.187967815913,146.3005486788952,177.6584901285398,0.0,-31.357941449644585,0.17650685552351836,177.65848862690376,177.6584901285398,4.347747584541896e-11,8.452374181421557e-09,7.584881039996453,0.31647343799861716,5
31,0.02,0.02,150.0,7649.187967796477,7791.908137770284,142.72016997380706,174.57732850159672,0.0,-31.857158527789665,0.1824816475382042,174.57732689516612,174.57732850159672,4.149538118785356e-11,9.201828294513903e-09,7.319958819939607,0.3046362374783862,5
32,0.02,0.02,150.0,7791.908137755613,7923.880868352814,131.972730597201,164.32355252983848,0.0,-32.35082193263747,0.19687270287540243,164.3235511593889,164.32355252983848,3.71148109410082e-11,8.339946162762132e-09,6.933804799353724,0.2891891347927159,5
33,0.02,0.02,150.0,7923.880868342675,8040.364332029463,116.48346368678813,149.28162355139864,0.0,-32.79815986461051,0.2197066128056806,149.28162218521538,149.28162355139864,4.322339260194301e-11,9.151717558478341e-09,6.401175321856527,0.26886678028920935,5
34,0.02,0.02,150.0,8040.364331994259,8137.443890629243,97.07955863498319,130.26286439238385,0.0,-33.18330575740066,0.25474110301646957,130.26286318333015,130.26286439238385,3.8419362135341555e-11,9.281645220674601e-09,5.722541938302344,0.24349091816393487,5
35,0.02,0.02,150.0,8137.443890602377,8231.299641863588,93.85575126121148,127.35072244399164,0.0,-33.49497118278016,0.2630135937981123,127.3507211947127,127.35072244399164,3.551209833079079e-11,9.809751480799272e-09,5.436018695100434,0.2307286461292411,5
36,0.02,0.02,150.0,8231.29964184254,8312.394496775038,81.09485493249849,114.88878041743753,0.0,-33.79392548493904,0.2941446968289854,114.88877913857442,114.88878041743753,3.9908153206453374e-11,1.1131314171724496e-08,4.977744430130937,0.21271710945939065,5
37,0.02,0.02,150.0,8312.394496755871,8391.632789941623,79.2382931857519,113.27341309375997,0.0,-34.03511990800807,0.30046874176763905,113.27341174626392,113.27341309375997,3.7719608025441484e-11,1.1895960541083962e-08,4.787255772336367,0.2034540185203642,5
38,0.02,0.02,150.0,8391.63278992638,8467.30632228273,75.67353235634982,109.95416846423198,0.0,-34.28063610788216,0.3117720463597851,109.95416667687246,109.95416846423198,4.31939680674558e-11,1.6255495790417885e-08,4.613622929080345,0.19517706163662238,5
39,0.02,0.02,150.0,8467.306322268647,8522.048464710315,54.742142441667966,89.24282829246985,0.0,-34.50068585080189,0.38659337126491533,89.24282618576069,89.24282829246985,4.749463387116729e-11,2.3606481340934266e-08,3.9845429155265273,0.17208215733408183,4
40,0.02,0.02,150.0,8522.048463181189,8589.524096035226,67.47563285403703,102.1130152933711,0.0,-34.637382439334075,0.3392063425002262,102.11301325966417,102.1130152933711,3.9566763824809155e-11,1.991623622678701e-08,4.159901571937891,0.17506609378302423,5
41,0.02,0.02,150.0,8589.524096029829,8641.31128260781,51.78718657798163,86.62342392310255,0.0,-34.83623734512092,0.4021572430113798,86.62342154017341,86.62342392310255,4.612423357487951e-11,2.7509061999897292e-08,3.7428008340557297,0.15952326926927315,4
42,0.02,0.02,150.0,8641.311280993265,8688.723629156906,47.41234816364158,82.37702084419037,0.0,-34.96467268054879,0.42444691884016666,82.37701824622435,82.37702084419037,4.8779181562625865e-11,3.153750876050081e-08,3.518235567371813,0.14990414195199991,4
43,0.02,0.02,150.0,8688.723627609175,8717.105968613732,28.38234100455702,63.46889536017296,0.0,-35.08655435561594,0.5528149522141034,63.46889341966059,63.46889536017296,3.234027955870536e-11,3.057422629535677e-08,2.9238584337335243,0.12823884216840586,5
44,0.02,0.02,150.0,8717.105968600517,8747.658239001043,30.55227040052523,65.67699147925887,0.0,-35.12472107873364,0.534810141080019,65.67699055641927,65.67699147925887,3.267962028221743e-11,1.4051185705372058e-08,2.8164625471522204,0.122184671649113,5
45,0.02,0.02,150.0,8747.658238992164,8772.623989393913,24.965750401748664,60.12889173325882,0.0,-35.163141331510154,0.5847960991448063,60.128890990224136,60.12889173325882,3.0025068543913964e-11,1.2357365340560638e-08,2.600823127153022,0.11308585858296089,5
46,0.02,0.02,150.0,8772.623989384236,8802.468812491672,29.84482310743624,65.0268445512759,0.0,-35.18202144383966,0.5410384232329992,65.02684361700992,65.0268445512759,4.133988582206413e-11,1.4367389193409335e-08,2.6615277672348845,0.11319297664783648,4
47,0.02,0.02,150.0,8802.468811225397,8819.810167207877,17.34135598248031,52.56834116066924,0.0,-35.22698517818893,0.6701178770416514,52.5683403426906,52.56834116066924,3.2424861930663206e-11,1.5560290219508358e-08,2.318118306586737,0.10044646598938989,5
48,0.02,0.02,150.0,8819.810167198028,8833.240139880663,13.429972682635707,48.654850131179124,0.0,-35.22487744854342,0.7239746367232262,48.65485015552839,48.654850131179124,3.201046193811972e-11,5.004489622246859e-10,2.1222747955170855,0.09224544485826353,5
49,0.02,0.02,150.0,8833.240139871174,8834.996733886128,1.7565940149543167,36.95099844959753,0.0,-35.19440443464321,0.9524615277351606,36.9509987563375,36.95099844959753,3.244387141160522e-11,8.30126331186407e-09,1.735083644841316,0.0778422903731574,5
50,0.02,0.02,150.0,8834.996733871258,8840.039826712793,5.043092841535326,40.15777356731822,0.0,-35.1146807257829,0.8744180168982384,40.15777459665627,40.15777356731822,3.036440423632393e-11,2.563234777007969e-08,1.7101020884919411,0.07518435650965895,5
51,0.02,0.02,150.0,8840.039826704662,8833.076325772341,-6.96350093232104,28.091804694889756,0.0,-35.0553056272108,1.2478837158364477,28.091805162144716,28.091804694889756,3.379359798271731e-11,1.6633141137071324e-08,1.3485124789635445,0.06183240423842788,5
52,0.02,0.02,150.0,8833.07632575969,8825.569221570255,-7.5071041894352675,27.443058185131054,0.0,-34.95016237456632,1.2735520268474558,27.44305895960401,27.443058185131054,3.5395726924241194e-11,2.8221087023888628e-08,1.2310001124913017,0.05624046386068611,5
53,0.02,0.02,150.0,8825.569221560352,8822.888699267027,-2.680522293325339,32.157387517859455,0.0,-34.837909811184794,1.0833563451582204,32.15738862024223,32.157387517859455,3.309653793394271e-11,3.428085496322278e-08,1.3083272526236651,0.057380383065961965,5
54,0.02,0.02,150.0,8822.888699260786,8807.01146016345,-15.877239097335405,18.85376330805796,0.0,-34.73100240539337,1.842125725135713,18.85376439041149,18.85376330805796,2.7888909548299413e-11,5.740782099705628e-08,0.9492761182359881,0.04449758465640463,5
55,0.02,0.02,150.0,8807.011460166093,8804.408453249573,-2.603006916520826,31.988963925534385,0.0,-34.59197084205521,1.0813720295093097,31.988964395870628,31.988963925534385,3.337070707145745e-11,1.4703078130977406e-08,1.2185717477875706,0.05200287077298967,5
56,0.02,0.02,150.0,8804.408453244076,8795.046549565384,-9.361903678691306,25.129390230947163,0.0,-34.49129390963847,1.3725479843582518,25.12939100181705,25.129390230947163,3.49623384592001e-11,3.067602747536465e-08,1.077649590288184,0.046763435952872384,5
57,0.02,0.02,150.0,8795.046549556617,8789.73952216489,-5.307027391727388,29.073526770140784,0.0,-34.380554161868176,1.1825381362806606,29.073527532322856,29.073526770140784,2.8333638379559053e-11,2.621567235951248e-08,1.1573152629206858,0.04859741661788636,5
58,0.02,0.02,150.0,8789.739522159824,8770.246555121306,-19.492967038517236,14.776761786226738,0.0,-34.26972882474397,1.75805605975881,14.77676278180357,14.776761786226738,2.987864929122065e-11,6.737448833296679e-08,0.7796520576789043,0.0356057589706221,5
59,0.02,0.02,150.0,8770.246555124866,8755.087016072035,-15.15953905283095,18.953071357708836,0.0,-34.11261041053979,1.7998460390254938,18.953070128740016,18.953071357708836,3.47542895089807e-11,6.484272637659395e-08,0.8034188954993812,0.03536158392503466,5
60,0.02,0.02,150.0,8755.087016064912,8748.598661826032,-6.488354238879765,27.47737754865588,0.0,-33.965731787535645,1.2361344064727589,27.477377191976487,27.47737754865588,2.8430092577585367e-11,1.2980838253013516e-08,1.0245517377008357,0.04204225969919777,5
61,0.02,0.02,150.0,8748.598661821921,8727.704354270612,-20.894307551308884,12.9575199366261,0.0,-33.85182748793498,1.6201459371078513,12.95752088002449,12.9575199366261,2.8715922158886507e-11,7.280701281340545e-08,0.6750271832862976,0.030276201573455792,5
62,0.02,0.02,150.0,8727.704354275242,8713.522825151802,-14.18152912343976,19.497081076234245,0.0,-33.678610199674004,1.727366782134695,19.49707989220675,19.497081076234245,3.582550465014243e-11,6.072844913876609e-08,0.7776478872403131,0.03286332060314305,5
63,0.02,0.02,150.0,8713.52282514617,8697.656877318666,-15.865947827503987,17.679796665852752,0.0,-33.545744493356736,1.8974055599942454,17.67979792971196,17.679796665852752,3.3904371098451466e-11,7.148606633043302e-08,0.7381899452518657,0.03119883208383809,5
64,0.02,0.02,150.0,8697.656877324527,8666.513939391805,-31.142937932721907,2.245988979443885,0.0,-33.38892691216579,1.0721187250957471,2.2459895884625034,2.245988979443885,3.949285954564816e-11,2.7115825528814846e-07,0.3108316541928975,0.01784820417870144,5
65,0.02,0.02,150.0,8666.513939399405,8636.665858214432,-29.848081184973125,3.3387572447690603,0.0,-33.18683842974219,1.1118583544475866,3.338758506793752,3.3387572447690603,3.8630734148266816e-11,3.7799220557388485e-07,0.22995828417430852,0.01360771778494031,5
66,0.02,0.02,150.0,8636.66585820919,8612.35983567686,-24.306022532329735,8.682053728468055,0.0,-32.98807626079779,1.3571976335050275,8.68205277703745,8.682053728468055,3.205130891008687e-11,1.0958589236689203e-07,0.33270548032389097,0.015605003412731213,5
67,0.02,0.02,150.0,8612.359835680369,8591.582040572337,-20.77779510803157,12.023826762337436,0.0,-32.801621870369004,1.5786863668556284,12.023825886607533,12.023826762337436,3.750442779196998e-11,7.283287759594307e-08,0.43897316791470414,0.018706997894850495,5
68,0.02,0.02,150.0,8591.582040577723,8563.135870346656,-28.4461702310673,4.184887988725802,0.0,-32.631058219793104,1.1471160425017533,4.18488924328731,4.184887988725802,3.84236169437275e-11,2.9978368245353116e-07,0.2499260622978231,0.012228815491230512,5
69,0.02,0.02,150.0,8563.135870353388,8541.698389086489,-21.43748126689934,11.000096577176464,0.0,-32.437577844075804,1.5131244869779186,11.000095788714116,11.000096577176464,2.940440908519442e-11,7.167776594725101e-08,0.39651615028153503,0.016560274477114233,5
70,0.02,0.02,150.0,8541.698389092257,8506.31280177673,-35.38558731552621,-3.114739600995076,0.0,-32.27084771453113,0.9119771681837137,-3.1147389156844,-3.114739600995076,3.8161816541642455e-11,2.2002182011886738e-07,0.09790621177231171,0.009968776415236908,5
71,0.02,0.02,150.0,8506.312801779704,8492.655361087453,-13.65744069225184,18.382987434405138,0.0,-32.04042812665698,1.7429391300508053,18.382986696334328,18.382987434405138,3.3835635339779426e-11,4.014966623005131e-08,0.5447613455117442,0.02063274450645996,5
72,0.02,0.02,150.0,8492.655361085719,8475.034121388386,-17.621239697333294,14.289323060036816,0.0,-31.91056275737011,1.810914742973463,14.289321653561792,14.289323060036816,2.7404571170024774e-11,9.842838724047959e-08,0.5391978245852397,0.020806707330982797,5
73,0.02,0.02,150.0,8475.0341214006,8444.945560451053,-30.088560949547173,1.6606996649935741,0.0,-31.749260614540745,1.0551937218858107,1.6607002855263882,1.6606996649935741,3.8760020743549314e-11,3.7365731759669573e-07,0.20978582667971715,0.010149018143233324,5
74,0.02,0.02,150.0,8444.945560457669,8420.966285051636,-23.979275406032684,7.569054939593787,0.0,-31.54833034562647,1.3156498606162874,7.569053860663044,7.569054939593787,2.470810145978044e-11,1.425449744493847e-07,0.2972606216914983,0.012413586459263473,5
75,0.02,0.02,150.0,8420.96628505474,8390.705021887894,-30.26126316684531,1.103183060747122,0.0,-31.36444622759243,1.0364552878927997,1.1031836762048048,1.103183060747122,3.319936105643556e-11,5.578923039679008e-07,0.12838027006584027,0.007106556588378691,5
76,0.02,0.02,150.0,8390.70502189014,8372.569026474379,-18.1359954157615,13.019963600322557,0.0,-31.155959016084054,1.7179073054356453,13.019962981875356,13.019963600322557,2.9760018285666495e-11,4.749991781781266e-08,0.4139036793751353,0.0157814803983869,5
77,0.02,0.02,150.0,8372.569026483772,8342.155634131197,-30.4133923525751,0.5914123322807122,0.0,-31.004804684855813,1.0194457864293667,0.5914129728480011,0.5914123322807122,4.216433592198734e-11,1.083113354436625e-06,0.1338592683263273,0.007101837831692794,5
78,0.02,0.02,150.0,8342.155634113333,8305.5153957513,-36.640238362033415,-5.834830967022475,0.0,-30.80540739501094,0.8407534659199017,-5.834831043200701,-5.834830967022475,3.287423489058751e-11,1.3055772451608258e-08,0.12639708000041833,0.00861304160901734,5
79,0.02,0.02,150.0,8305.51539572263,8278.361675064432,-27.153720658197926,3.413343049758317,0.0,-30.567063707956244,1.1257044326530552,3.4133422545333247,3.413343049758317,2.8778253564356435e-11,2.3297540870810184e-07,0.08599056987512185,0.004152433752326477,5
80,0.02,0.02,150.0,8278.361675059907,8256.288348492153,-22.07332656775361,8.313199302743753,0.0,-30.386525870497366,1.3766174199990457,8.313198851193954,8.313199302743753,3.490683992278677e-11,5.4317210738877226e-08,0.2522220102079563,0.009581615892882311,5
81,0.02,0.02,150.0,8256.288348493697,8222.731968989092,-33.5563795046055,-3.3444522566525916,0.0,-30.21192724795291,0.9003333403058701,-3.344451590418304,-3.3444522566525916,3.241507608355966e-11,1.9920580011663843e-07,0.06389511825419043,0.004902942238810704,5
82,0.02,0.02,150.0,8222.731968982767,8188.136475163956,-34.59549381881152,-4.613494784344478,0.0,-29.98199903446704,0.8666446327227778,-4.613494383626704,-4.613494784344478,3.794284563570882e-11,8.685774935513642e-08,0.12033430251124554,0.00643329360705496,5
83,0.02,0.02,150.0,8188.136475154097,8158.4011638904685,-29.73531126362832,0.040079215647907486,0.0,-29.775390479276226,1.0013478660200517,0.04007833871844102,0.040079215647907486,3.685557299479935e-11,2.1879905888620646e-05,0.02460913019939836,0.0028640105232321045,5
84,0.02,0.02,150.0,8158.401163882107,8135.424096285427,-22.977067596679262,6.588406106050667,0.0,-29.56547370272993,1.2867383350085477,6.588405696233827,6.588406106050667,3.449802337628514e-11,6.220272907019099e-08,0.1734452638076399,0.006241995637515265,5
85,0.02,0.02,150.0,8135.424096282459,8107.11699277029,-28.307103512168396,1.098005885455933,0.0,-29.40510939762433,1.038789058194666,1.0980070646012918,1.098005885455933,3.273964443773752e-11,1.0738959674522367e-06,0.07043080483323479,0.0030208667247013073,5
86,0.02,0.02,150.0,8107.116992764404,8084.317323616831,-22.799669147572786,6.395925312908201,0.0,-29.195594460480986,1.280527110788759,6.395924754504241,6.395925312908201,2.8358324837255596e-11,8.730620390287772e-08,0.20219684023259601,0.007280321905072095,5
87,0.02,0.02,150.0,8084.317323613037,8055.902020218395,-28.41530339464225,0.6127226413352196,0.0,-29.028026035977472,1.0215631215625434,0.6127235326224322,0.6127226413352196,4.551844444765841e-11,1.4546319263685449e-06,0.07182793767311588,0.003143874217607568,5
88,0.02,0.02,150.0,8055.902020211548,8022.677561431355,-33.224458780193345,-4.380002099790039,0.0,-28.844456680403304,0.8681693469029158,-4.38000174383097,-4.380002099790039,3.0687199864892234e-11,8.126915474772849e-08,0.09735723933457657,0.004605368624328009,5
89,0.02,0.02,150.0,8022.677561420507,8001.988373947327,-20.689187473180027,7.938961163156785,0.0,-28.62814863633681,1.383725130503471,7.938960659072255,7.938961163156785,3.098270644732195e-11,6.349502401053198e-08,0.20583663905030736,0.007163341825365305,5
90,0.02,0.02,150.0,8001.988373941136,7982.628341635147,-19.36003230598908,9.101024507506471,0.0,-28.461056813495553,1.4700934566463015,9.101024188121835,9.101024507506471,2.8467187858008698e-11,3.509326184191586e-08,0.3006387124696712,0.010562699301237604,5
91,0.02,0.02,150.0,7982.628341633342,7954.642902552832,-27.985439080509423,0.32288201644350323,0.0,-28.308321096952927,1.01153750046639,0.3228825695985458,0.32288201644350323,3.470206734656265e-11,1.713177156748862e-06,0.09107719533102099,0.003975211767520263,5
92,0.02,0.02,150.0,7954.64290254535,7916.8870567815975,-37.755845763752404,-9.642774868797812,0.0,-28.113070894954593,0.744601804734159,-9.6427758056402,-9.642774868797812,3.371426273530685e-11,9.715484497801602e-08,0.23022380517589938,0.008701540348426837,5
93,0.02,0.02,150.0,7916.887056766527,7895.544671135875,-21.342385630651734,6.550939121617252,0.0,-27.893324752268985,1.3069450264364473,6.5509385200179375,6.550939121617252,3.1914780247660767e-11,9.183405664382925e-08,0.137628387719637,0.004761606841375414,5
94,0.02,0.02,150.0,7895.544671125164,7873.57145173925,-21.97321938591449,5.750788524317419,0.0,-27.724007910231908,1.2617180679497448,5.7507877395293265,5.750788524317419,2.6763259405916155e-11,1.3646617137302834e-07,0.18604143077436736,0.006601317562812632,5
95,0.02,0.02,150.0,7873.571451734586,7841.846776990253,-31.724674744333242,-4.170996008207752,0.0,-27.55367873612549,0.8685251766386419,-4.170995672890143,-4.170996008207752,3.718021063610914e-11,8.039269483231848e-08,0.07865996276162207,0.003624965844157368,5
96,0.02,0.02,150.0,7841.846776978796,7820.835537921212,-21.011239057584135,6.3471207328093175,0.0,-27.35835979039345,1.3020821720896218,6.347120322380813,6.3471207328093175,2.8812188738383945e-11,6.466373049977116e-08,0.17097756916125456,0.005943022485646532,5
97,0.02,0.02,150.0,7820.835537916001,7791.430031967568,-29.40550594843353,-2.2162506094347068,0.0,-27.189255338998823,0.9246314410192025,-2.2162500676289167,-2.2162506094347068,3.8114323533043264e-11,2.444695503768131e-07,0.04030750107997764,0.002317745921233647,5
98,0.02,0.02,150.0,7791.430031957279,7762.766407521796,-28.663624435483143,-1.6678276078364875,0.0,-26.995796827646657,0.9418137921953842,-1.6678260688927404,-1.6678276078364875,4.3194045155872186e-11,9.227235116343588e-07,0.04397966216852406,0.002297038002100543,5
99,0.02,0.02,150.0,7762.766407511168,7734.594698401842,-28.171709109326002,-1.3664322089283294,0.0,-26.805276900397672,0.9514962970962957,-1.3664306940128546,-1.3664322089283294,4.11071799629631e-11,1.108664934084773e-06,0.04630551840809949,0.0021164542440984544,5
100,0.02,0.02,150.0,7734.594698391495,7706.817794860433,-27.77690353106118,-1.1600313864928058,0.0,-26.616872144568376,0.958237555701786,-1.1600315956599012,-1.1600313864928058,3.796092084895315e-11,1.8031155030985115e-07,0.044406483892774025,0.001904863195476945,5
101,0.02,0.02,150.0,7706.817794850255,7679.38534822451,-27.432446625744888,-1.0021828864169011,0.0,-26.430263739327987,0.9634672437318672,-1.0021839751863815,-1.0021828864169011,3.503598870791505e-11,1.086396816660598e-06,0.04078150578158745,0.0017110896055277523,5
102,0.02,0.02,150.0,7679.385348214475,7652.2662581689565,-27.119090045518533,-0.873806929322356,0.0,-26.245283116196177,0.9677788993710446,-0.8738085031823251,-0.873806929322356,3.738462734361365e-11,1.8011497522460964e-06,0.03673073884308594,0.0015271101444695539,5
103,0.02,0.02,150.0,7652.266258159074,7625.43873886025,-26.827519298823972,-0.7656967757399115,0.0,-26.06182252308406,0.9714585322924928,-0.765698337510636,-0.7656967757399115,3.4959093233071e-11,2.03966842817041e-06,0.03277123974484551,0.0013582713127826573,5
104,0.02,0.02,150.0,7625.4387388505465,7598.886093357301,-26.55264549324511,-0.6728398615859356,0.0,-25.879805631659174,0.9746601572428215,-0.6728416390159195,-0.6728398615859356,3.244473162162485e-11,2.6416765564228123e-06,0.02910017684544832,0.00120662320752816,5
105,0.02,0.02,150.0,7598.886093347812,7572.59473297779,-26.29136037002172,-0.5921884940315866,0.0,-25.699171875990135,0.9774759279969849,-0.5921900881282609,-0.5921884940315866,3.15294422783057e-11,2.691866524425175e-06,0.025777736064904157,0.0010719826328354344,5
106,0.02,0.02,150.0,7572.594732968559,7546.553170648401,-26.041562320157936,-0.5216900473048359,0.0,-25.5198722728531,0.9799670219132355,-0.5216914827812495,-0.5216900473048359,2.7288163863503993e-11,2.7515810800130647e-06,0.02280580760249552,0.0009475518892711554,5
107,0.02,0.02,150.0,7546.553170639485,7520.7514684765665,-25.801702162918446,-0.4598374343397169,0.0,-25.341864728578727,0.9821780194408807,-0.4598389850501508,-0.4598374343397169,3.369603767822291e-11,3.3722900500184543e-06,0.020162830504750665,0.0008416879097107928,5
108,0.02,0.02,150.0,7520.751468468039,7495.180906786695,-25.57056168134386,-0.40545022578250683,0.0,-25.165111455561355,0.9841438670438624,-0.4054515990718781,-0.40545022578250683,3.153976382618188e-11,3.3870611792369406e-06,0.017819241753916904,0.0007452433363972599,5
109,0.02,0.02,150.0,7495.180906803622,7469.833764865323,-25.34714193829859,-0.35756243265285204,0.0,-24.98957950564574,0.9858933826337009,-0.35756364864650036,-0.35756243265285204,2.7532275884141422e-11,3.400775366657341e-06,0.01574416346302656,0.0006580808011116973,5
110,0.02,0.02,150.0,7469.833764882829,7444.703164784463,-25.130600098365903,-0.31536111842503056,0.0,-24.815238979940872,0.9874511107100249,-0.3153623739932496,-0.31536111842503056,2.555060792058219e-11,3.981350733640705e-06,0.013908180544491326,0.0005832792818940165,6
111,0.02,0.02,150.0,7444.703164803949,7419.782952420496,-24.920212383452963,-0.27815022419922864,0.0,-24.642062159253733,0.9888383686334904,-0.2781513314050057,-0.27815022419922864,2.230969343235484e-11,3.980587730677037e-06,0.01228436877180063,0.0005160221726388432,6
112,0.02,0.02,150.0,7419.782952440369,7395.067600726572,-24.715351713796736,-0.24532754537363172,0.0,-24.470024168423105,0.9900738800639166,-0.24532852847882342,-0.24532754537363172,2.141853202363467e-11,4.007300731775685e-06,0.010848508888266358,0.00045570572755257465,6
113,0.02,0.02,150.0,7395.067600746818,7370.552130106841,-24.51547063997714,-0.21636856563906665,0.0,-24.299102074338073,0.9911742030648094,-0.21636958039496643,-0.21636856563906665,2.8184481294723795e-11,4.689919432891068e-06,0.009579015060059494,0.00040268274893199196,6
114,0.02,0.02,150.0,7370.552130132346,7346.23204138149,-24.320088750856485,-0.19081447531003598,0.0,-24.12927427554645,0.9921540386934931,-0.1908153801436696,-0.19081447531003598,2.6788884162260347e-11,4.741932400570083e-06,0.008456740183020945,0.00035613935559985355,6
115,0.02,0.02,150.0,7346.2320414071655,7322.103257297078,-24.12878411008751,-0.16826292139307403,0.0,-23.960521188694436,0.9930264649629515,-0.16826373568873082,-0.16826292139307403,2.6304032647202164e-11,4.839400798154336e-06,0.007464711869323027,0.00031459464394833987,6
116,0.02,0.02,150.0,7322.103257322871,7298.162072617479,-23.941184705392516,-0.1483602771100666,0.0,-23.79282442828245,0.9938031355199959,-0.1483609908722471,-0.1483602771100666,2.2859407330021457e-11,4.810982835193486e-06,0.006587914197130461,0.0002775923011604733,6
117,0.02,0.02,150.0,7298.162072643352,7274.405110342708,-23.756962300643863,-0.13079537175503436,0.0,-23.62616692888883,0.9944944404044667,-0.1307960246733675,-0.13079537175503436,2.2475356982304892e-11,4.99188209106439e-06,0.005813051784540886,0.00024509149589298706,6
118,0.02,0.02,150.0,7274.405110368622,7250.82928359698,-23.575826771642824,-0.1152940749998524,0.0,-23.46053269664297,0.9951096487043021,-0.11529471499496677,-0.1152940749998524,2.466516186671089e-11,5.550949272831578e-06,0.005128363821407607,0.00021650527508270366,6
119,0.02,0.02,150.0,7250.829283622876,7227.431762332856,-23.39752129001954,-0.10161466927522214,0.0,-23.29590662074432,0.9956570327251474,-0.10161523417405013,-0.10161466927522214,2.1614079402145402e-11,5.559194274208253e-06,0.004523450470997321,0.00019109805088276489,6
120,0.02,0.02,150.0,7227.43176235871,7204.209943763813,-23.22181859489774,-0.08954399093267579,0.0,-23.132274603965065,0.99614397164603,-0.08954441770450347,-0.08954399093267579,1.8998586547856868e-11,4.7660349871419286e-06,0.0039890952761098605,0.00016854553267783934,6
121,0.02,0.02,150.0,7204.209943789618,7181.161426245403,-23.04851754421452,-0.07889392147682875,0.0,-22.96962362273769,0.9965770500716375,-0.07889440186992461,-0.07889392147682875,2.3702846548170073e-11,6.089064426277091e-06,0.0035171410335296375,0.00014861923416084635,6
122,0.02,0.02,150.0,7181.16142627109,7158.283987152581,-22.877439118508846,-0.06949827967441921,0.0,-22.807940838834426,0.9969621477598779,-0.06949870463155745,-0.06949827967441921,2.0689979287994836e-11,6.114605164159718e-06,0.0031003814035285623,0.0001311745406762329,6
123,0.02,0.02,150.0,7158.283987178101,7135.575562259768,-22.70842491833264,-0.061210390376770514,0.0,-22.647214527955867,0.9973045074417576,-0.06121078727750088,-0.061210390376770514,2.1451435593640434e-11,6.48416313558692e-06,0.002732424527307542,0.00011570868008563799,6
124,0.02,0.02,150.0,7135.575562285083,7113.034228105781,-22.541334179301884,-0.05390069480457157,0.0,-22.487433484497313,0.9976088063654163,-0.053901130042765664,-0.05390069480457157,2.463465638999742e-11,8.074750821570679e-06,0.0024076126332282246,0.00010200810808701651,6
125,0.02,0.02,150.0,7113.034228130833,7090.658186496025,-22.376041634807734,-0.04745468645613814,0.0,-22.328586948351596,0.9978792188881916,-0.0474551467165706,-0.04745468645613814,2.955722311083609e-11,9.698851743310306e-06,0.002120948057206587,8.988101877855021e-05,6
126,0.02,0.02,150.0,7090.65818652075,7068.445750507242,-22.212436013507613,-0.04177123806892585,0.0,-22.170664775438688,0.9981194661385395,-0.04177172756060769,-0.04177123806892585,3.1832483613131984e-11,1.171825324014361e-05,0.0018679974486150745,7.924467090834279e-05,6
127,0.02,0.02,150.0,7068.445750531601,7046.395332364135,-22.050418167465978,-0.03676097538637351,0.0,-22.013657192079606,0.9983328671997427,-0.036761408477970534,-0.03676097538637351,2.7802430104655994e-11,1.178114808311107e-05,0.0016448496039916068,6.985808299597944e-05,6
128,0.02,0.02,150.0,7046.395332385873,7024.505432278937,-21.889900106935784,-0.03234497617766367,0.0,-21.85755513075812,0.9985223789958083,-0.03234544161499006,-0.03234497617766367,3.231419180566749e-11,1.4389580205106369e-05,0.0014480241369101544,6.15562856241628e-05,6
129,0.02,0.02,150.0,7024.505432299555,7002.774629353488,-21.730802946066433,-0.028453447396981458,0.0,-21.702349498669452,0.9986906398503728,-0.028453773630140705,-0.028453447396981458,2.333893679171736e-11,1.1465374100737518e-05,0.0012744658910755686,5.42172376025823e-05,6
130,0.02,0.02,150.0,7002.774629372857,6981.201572624893,-21.573056747964074,-0.025024770367636378,0.0,-21.548031977596438,0.9988399988624701,-0.025024917594183287,-0.025024770367636378,1.8382185061291557e-11,5.883198070665313e-06,0.0011214580293068392,4.775640021001557e-05,6
131,0.02,0.02,150.0,6981.201572642851,6959.784973351599,-21.41659929125217,-0.022004514538042794,0.0,-21.394594776714126,0.9989725486180697,-0.022004746023982582,-0.022004514538042794,2.275642089942244e-11,1.0519818748917089e-05,0.0009865794441668557,4.207183432792077e-05,6
132,0.02,0.02,150.0,6959.7849733679905,6938.523598951333,-21.261374416657418,-0.019344539990723615,0.0,-21.242029876666695,0.9990901557156359,-0.019344860378064096,-0.019344539990723615,3.5072864570062783e-11,1.6561884356839525e-05,0.0008677126067647647,3.7050438162601e-05,6
133,0.02,0.02,150.0,6938.523598965991,6917.416266985414,-21.107331980577328,-0.017002318225001107,0.0,-21.090329662352328,0.9991944828346545,-0.017002562695808215,-0.017002318225001107,2.9533579803883896e-11,1.4378468204018855e-05,0.0007629953773976862,3.2616230502925335e-05,6
134,0.02,0.02,150.0,6917.416266998188,6896.4618394631325,-20.9544275350554,-0.014940348965454348,0.0,-20.93948718608995,0.9992870075338275,-0.014940553215503007,-0.014940348965454348,2.6246021955669036e-11,1.3670849112006033e-05,0.0006707585132962933,2.8718976652266698e-05,6
135,0.02,0.02,150.0,6896.461839473877,6875.659218437701,-20.80262103617588,-0.013125487134464838,0.0,-20.789495549041412,0.9993690464719979,-0.013125656393720356,-0.013125487134464838,2.2791916233650454e-11,1.2895298371408678e-05,0.0005895329348732461,2.5280981294097387e-05,6
136,0.02,0.02,150.0,6875.659218446291,6855.007341827089,-20.651876619202085,-0.011528469763912941,0.0,-20.64034814943817,0.9994417713229414,-0.011528609568754527,-0.011528469763912941,2.090838008564736e-11,1.2126773896857467e-05,0.000518019625452147,2.2250188653662704e-05,6
137,0.02,0.02,150.0,6855.007341833443,6834.505179797429,-20.502162036013942,-0.010123458895316528,0.0,-20.492038577118624,0.9995062248128985,-0.01012351373518039,-0.010123458895316528,2.4224698896915892e-11,5.417078032031652e-06,0.00045507314585517566,1.958059258590845e-05,6
138,0.02,0.02,150.0,6834.5051798015165,6814.1517313381755,-20.35344846334101,-0.008887660593628851,0.0,-20.34456080274738,0.9995633339181006,-0.00888765360996352,-0.008887660593628851,2.52091743171998e-11,7.857709301813344e-07,0.0003996766959729375,1.722600284057237e-05,6
139,0.02,0.02,150.0,6814.1517313400345,6793.946021459815,-20.20570988021973,-0.007800907924504351,0.0,-20.197908972295224,0.9996139255700122,-0.007800887065199387,-0.007800907924504351,2.2656790663439407e-11,2.6739586168358754e-06,0.0003509409793072833,1.5149762295622916e-05,6
140,0.02,0.02,150.0,6793.946021459547,6773.887098630328,-20.058922829219227,-0.006845451749694957,0.0,-20.052077377469534,0.9996587328338628,-0.006845416662919318,-0.006845451749694957,2.0261232625403696e-11,5.125560287546191e-06,0.0003080741470661215,1.331959411150995e-05,6
141,0.02,0.02,150.0,6773.887098628087,6753.974032438118,-19.91306618996896,-0.006005624003453895,0.0,-19.907060565965505,0.99969840787219,-0.006005573558464122,-0.006005624003453895,1.9549206494534947e-11,8.399625042130452e-06,0.0002703783815350968,1.1706858121375349e-05,6
142,0.02,0.02,150.0,6753.974032434057,6734.2059116390765,-19.76812079498086,-0.005267619755975825,0.0,-19.762853175224883,0.9997335295645647,-0.005267443633147343,-0.005267619755975825,1.8997195757751626e-11,3.343499277489193e-05,0.00023723801615292301,1.0286373663633614e-05,6
143,0.02,0.02,150.0,6734.205911633284,6714.581842046926,-19.62406958635802,-0.004619227942027017,0.0,-19.619450358415992,0.9997646141682438,-0.004619034026102237,-0.004619227942027017,1.770245772460211e-11,4.198015928507412e-05,0.0002081089801709738,9.035415198933053e-06,6
144,0.02,0.02,150.0,6714.581842039357,6695.100945189612,-19.480896849745477,-0.004049691467576311,0.0,-19.476847158277902,0.9997921198649729,-0.004049518342062712,-0.004049691467576311,1.551751938812706e-11,4.2750297148720955e-05,0.00018251292179354708,7.93415699520743e-06,6
145,0.02,0.02,150.0,6695.10094518005,6675.7623568529,-19.33858832715032,-0.0035495424261509615,0.0,-19.33503878472417,0.9998164528679083,-0.0035493591405883857,-0.0035495424261509615,1.56764022192963e-11,5.16363915600413e-05,0.0001600265936357168,6.964992955639781e-06,6
146,0.02,0.02,150.0,6675.762356840975,6656.565225863013,-19.197130977961933,-0.00311047113453881,0.0,-19.194020506827396,0.9998379720835312,-0.003110080002225093,-0.00311047113453881,2.1074572712294936e-11,0.00012574696783837125,0.00014027677627668266,6.112527090951453e-06,6
147,0.02,0.02,150.0,6656.565225848275,6637.508712470981,-19.056513377294323,-0.002725064233682554,0.0,-19.05378831306064,0.9998570009014908,-0.002724675152976746,-0.002725064233682554,1.723873426047994e-11,0.00014277854481326385,0.00012293568088925285,5.36266514558538e-06,6
148,0.02,0.02,150.0,6637.508712452987,6618.591988252323,-18.916724200664248,-0.0023869288925792292,0.0,-18.914337271771668,0.9998738191207283,-0.0023861077270962237,-0.0023869288925792292,2.006056994072047e-11,0.00034402595132117947,0.00010771401085856981,4.703201804425971e-06,6
149,0.02,0.02,150.0,6618.591988230734,6599.8142340002505,-18.77775423048388,-0.0020903178685102762,0.0,-18.775663912615368,0.9998886811573496,-0.00208932613369006,-0.0020903178685102762,2.103837996567089e-11,0.00047444211005230846,9.435187842644465e-05,4.1234274443390396e-06,6
150,0.02,0.02,150.0,6599.814233974859,6581.174639805446,-18.639594169413613,-0.0018301389586917528,0.0,-18.63776403045492,0.9999018144417707,-0.0018290944857893513,-0.0018301389586917528,2.5084978236950326e-11,0.0005707068839997083,8.262826231478728e-05,3.6143070287668472e-06,6
151,0.02,0.02,150.0,6581.174639776205,6562.672404114829,-18.50223566137629,-0.0016019357617321687,0.0,-18.500633725614556,0.999913419340719,-0.001601024524391793,-0.0016019357617321687,2.1516214662343523e-11,0.000568835131934675,7.234518687773772e-05,3.1672330074559188e-06,6
152,0.02,0.02,150.0,6562.672404081849,6544.306733369807,-18.36567071204172,-0.0014018457640195393,0.0,-18.3642688662777,0.9999236703202405,-0.001401049096550215,-0.0014018457640195393,1.8829862870937426e-11,0.0005682989454132547,6.3326912377341e-05,2.7746918628584368e-06,6
153,0.02,0.02,150.0,6544.30673330327,6526.0768414185295,-18.229891884740937,-0.0012265329111330176,0.0,-18.228665351829804,0.9999327185855579,-0.0012254796429573647,-0.0012265329111330176,2.0921522715871787e-11,0.0008587361709519369,5.541855900158819e-05,2.4301626421425373e-06,6
154,0.02,0.02,150.0,6526.07684134775,6507.981948345967,-18.09489300178302,-0.0010728669375455766,0.0,-18.093820134845476,0.9999407088542918,-0.0010719467135490825,-0.0010728669375455766,1.8339778232875624e-11,0.0008577242566531801,4.848697055335046e-05,2.127807980649105e-06,6
155,0.02,0.02,150.0,6507.981948271726,6490.021281292458,-17.960666979267444,-0.0009383220911006391,0.0,-17.959728657176342,0.9999477568348556,-0.0009371021827520982,-0.0009383220911006391,2.163211779836831e-11,0.0013000955216880621,4.240998340706696e-05,1.8626121649708347e-06,6
156,0.02,0.02,150.0,6490.021281215598,6472.194073226094,-17.82720798950413,-0.0008206081443715219,0.0,-17.82638738135976,0.9999539687793593,-0.0008188271378990046,-0.0008206081443715219,3.08211815535844e-11,0.0021703494959599496,3.708035621950544e-05,1.6301013685796396e-06,6
157,0.02,0.02,150.0,6472.1940731474515,6454.499562275839,-17.694510871612692,-0.0007174962634056,0.0,-17.693793375349287,0.9999594509128502,-0.0007156568298083784,-0.0007174962634056,3.1111602259036246e-11,0.002563683869921119,3.241327370816083e-05,1.4262060373515671e-06,6
158,0.02,0.02,150.0,6454.499562196206,6436.936992315326,-17.56256988087989,-0.0006271189221609547,0.0,-17.56194276195773,0.999964292303096,-0.0006255410378642908,-0.0006271189221609547,2.6676103751885177e-11,0.0025160846546086447,2.8335737407856086e-05,1.2475184431651683e-06,6
159,0.02,0.02,150.0,6436.9369922354435,6419.505612801442,-17.43137943400143,-0.0005479917575560028,0.0,-17.43083144224387,0.9999685629149643,-0.0005465951677087243,-0.0005479917575560028,2.356900864620395e-11,0.0025485599518999978,2.476466839428361e-05,1.0909004289540461e-06,6
160,0.02,0.02,150.0,6419.505612721974,6402.204678265785,-17.30093445618877,-0.0004787490541679335,0.0,-17.300455707134603,0.9999723281389581,-0.00047745377070734546,-0.0004787490541679335,2.936121696944036e-11,0.0027055582654658635,2.1637517783120114e-05,9.53729410229981e-07,6
161,0.02,0.02,150.0,6402.204678187278,6385.03344811455,-17.171230072727667,-0.0004181581155133507,0.0,-17.170811914612155,0.9999756477483709,-0.0004169672406914375,-0.0004181581155133507,3.1933523929294655e-11,0.0028479055594824764,1.890130918554822e-05,8.334157090802527e-07,6
162,0.02,0.02,150.0,6385.033448037459,6367.991186530215,-17.042261507243893,-0.00036514538260011054,0.0,-17.041896361861294,0.999978574123954,-0.0003641020490836853,-0.00036514538260011054,3.083206731984505e-11,0.0028573098994047986,1.6508489636734124e-05,7.281117011731603e-07,6
163,0.02,0.02,150.0,6367.991186454865,6351.077162481463,-16.914023973401527,-0.0003187870811443342,0.0,-16.91370518632038,0.9999811524991542,-0.0003178320216389155,-0.0003187870811443342,3.3077482499573654e-11,0.0029959165910688848,1.4414459007394167e-05,6.358474110113174e-07,6
164,0.02,0.02,150.0,6351.077162408072,6334.290649414077,-16.78651299399462,-0.00027824414577712,0.0,-16.786234749848845,0.9999834245417214,-0.00027741396394184855,-0.00027824414577712,2.81397091740657e-11,0.0029836452909109833,1.2583892005043818e-05,5.551961730989253e-07,6
165,0.02,0.02,150.0,6334.290649374367,6317.630925444921,-16.659723929446045,-0.00024279747144892712,0.0,-16.659481131974598,0.9999854260807397,-0.0002420745287567322,-0.00024279747144892712,2.3556882205167194e-11,0.002977554452608889,1.0983321063407902e-05,4.84657402989125e-07,6
166,0.02,0.02,150.0,6317.630925407776,6301.0972730017365,-16.533652406039437,-0.00021181689129359292,0.0,-16.533440589148142,0.9999871887417194,-0.00021118753343702464,-0.00021181689129359292,2.1558063256787188e-11,0.0029712354511706443,9.583666059695783e-06,4.229888316320837e-07,6
167,0.02,0.02,150.0,6301.097272967209,6284.688978930524,-16.40829403668522,-0.00018475238680741273,0.0,-16.408109284298412,0.9999887403049704,-0.0001841503786831791,-0.00018475238680741273,2.3281710980404174e-11,0.0032584592526057918,8.361387039132286e-06,3.688967066926739e-07,6
168,0.02,0.02,150.0,6284.688978898555,6268.405334220583,-16.283644677972006,-0.00016110999081841897,0.0,-16.28348356798119,0.9999901060239275,-0.0001605907991304268,-0.00016110999081841897,2.151693706687879e-11,0.0032225915063041695,7.292514366598364e-06,3.217495693413953e-07,6
169,0.02,0.02,150.0,6268.405334191014,6252.245634163215,-16.159700027798863,-0.0001404737000979854,0.0,-16.159559554098763,0.9999913071591764,-0.000139955261238269,-0.0001404737000979854,2.6151599181905305e-11,0.0036906471414560695,6.358767298761937e-06,2.8036853743229724e-07,6
170,0.02,0.02,150.0,6252.245634135827,6236.2091780034725,-16.036456132354033,-0.0001224483596603773,0.0,-16.03633368399437,0.9999923643753551,-0.00012200507697481658,-0.0001224483596603773,2.029894731557388e-11,0.0036201602601308356,5.5431509203751166e-06,2.4438978929922377e-07,6
171,0.02,0.02,150.0,6236.209177977985,6220.29526908164,-15.913908896344765,-0.00010670936794469126,0.0,-15.91380218697682,0.9999932945847159,-0.00010631727603921048,-0.00010670936794469126,2.002917488077932e-11,0.003674390665344419,4.831154874163356e-06,2.129639666525579e-07,6
172,0.02,0.02,150.0,6220.295269057735,6204.503214618584,-15.792054439150888,-9.296989908190543e-05,0.0,-15.791961469251806,0.9999941128686302,-9.263019378794436e-05,-9.296989908190543e-05,1.6801257582658254e-11,0.0036539277477518448,4.209569036989118e-06,1.8555668705746708e-07,6
173,0.02,0.02,150.0,6204.503214595916,6188.832325698251,-15.670888897664554,-8.098760357938903e-05,0.0,-15.670807910060974,0.9999948319712999,-8.063737689028568e-05,-8.098760357938903e-05,2.0988006868846468e-11,0.004324448108407464,3.668505073593908e-06,1.6148378000077415e-07,6
174,0.02,0.02,150.0,6188.8323256764525,6173.281917033024,-15.550408643428455,-7.05528464369764e-05,0.0,-15.550338090582018,0.9999954629586878,-7.019597997623355e-05,-7.05528464369764e-05,2.3509905592158536e-11,0.005058144054636257,3.1940513931196686e-06,1.4051879345146436e-07,6
175,0.02,0.02,150.0,6173.281917011706,6157.851306920196,-15.430610091510061,-6.144543560457031e-05,0.0,-15.430548646074456,0.9999960179516402,-6.112854470407856e-05,-6.144543560457031e-05,2.010906712332405e-11,0.00515727323557592,2.7802427738112425e-06,1.223115134704517e-07,6
176,0.02,0.02,150.0,6157.851306898972,6142.539817198631,-15.311489700341554,-5.349801620680983e-05,0.0,-15.311436202325346,0.9999965060214745,-5.321629891624877e-05,-5.349801620680983e-05,1.75025616322517e-11,0.005265939011121689,2.4198998943743968e-06,1.0643913695352838e-07,6
177,0.02,0.02,150.0,6142.539817177116,6127.346773079627,-15.193044097488382,-4.6562851017601054e-05,0.0,-15.192997534637364,0.9999969352520325,-4.63195183981792e-05,-4.6562851017601054e-05,1.5112937888873257e-11,0.005225896054557948,2.1061460944747545e-06,9.261228147670434e-08,6
178,0.02,0.02,150.0,6127.346773057448,6112.27150304868,-15.075270008768712,-4.05171382643726e-05,0.0,-15.075229491630447,0.9999973123441078,-4.0302813540755875e-05,-4.05171382643726e-05,1.3878710269092209e-11,0.005289730045055621,1.8326280634712517e-06,8.056343136101491e-08,6
179,0.02,0.02,150.0,6112.271503025481,6097.313338824417,-14.958164201064392,-3.52713345311568e-05,0.0,-14.958128929729861,0.9999976420011135,-3.501575360487435e-05,-3.52713345311568e-05,1.5300441712109573e-11,0.007246137116152623,1.5928295403829328e-06,7.006484649582271e-08,6
180,0.02,0.02,150.0,6097.313338765128,6082.471614963065,-14.841723802062916,-3.070537188888452e-05,0.0,-14.841693096691026,0.9999979311451757,-3.044780418604376e-05,-3.070537188888452e-05,1.2930209738519508e-11,0.00838835965813524,1.3830413915526958e-06,6.095413267097544e-08,6
181,0.02,0.02,150.0,6082.471614902002,6067.7456690988065,-14.725945803195827,-2.6720232406275517e-05,0.0,-14.72591908296342,0.9999981854997455,-2.647617224913092e-05,-2.6720232406275517e-05,1.1970604594665086e-11,0.00913390847181699,1.2015440348491094e-06,5.3000096790054585e-08,6
182,0.02,0.02,150.0,6067.745669035721,6053.134841650418,-14.61082738530331,-2.3240236277105412e-05,0.0,-14.610804145067032,0.9999984093825993,-2.3027506123586558e-05,-2.3240236277105412e-05,1.012810389966542e-11,0.00915352800128029,1.044145417691956e-06,4.6078681142014873e-08,6
183,0.02,0.02,150.0,6053.134841585098,6038.638475771784,-14.496365813313787,-2.020986958490251e-05,0.0,-14.496345603444203,0.999998605866474,-2.001500449105533e-05,-2.020986958490251e-05,8.859944964265658e-12,0.009642075770382534,9.070292812691815e-07,4.004794151529516e-08,6
184,0.02,0.02,150.0,6038.638475704049,6024.255917211366,-14.38255849268262,-1.7567585217436556e-05,0.0,-14.382540925097402,0.999998778549364,-1.7396716898819802e-05,-1.7567585217436556e-05,7.64588108074438e-12,0.009726340672431154,7.881273582749555e-07,3.4801114504309624e-08,6
185,0.02,0.02,150.0,6024.255917141063,6009.986514771726,-14.269402369336603,-1.5646503192694613e-05,0.0,-14.26938672283341,0.999998903492747,-1.4577915490752054e-05,-1.5646503192694613e-05,4.4800401029343627e-11,0.06829562419042519,6.552048634923599e-07,3.049888660907593e-08,6
186,0.02,0.02,150.0,6009.986514698764,5995.829618136954,-14.156896561809845,-1.3693073743250397e-05,0.0,-14.156882868736101,0.9999990327630294,-1.3045421909599905e-05,-1.3693073743250397e-05,3.0394470773086904e-11,0.04729776862333291,5.624262599296204e-07,2.6609266314572614e-08,6
187,0.02,0.02,150.0,5995.829618061188,5981.784580639398,-14.045037421789857,-1.1913507774475757e-05,0.0,-14.045025508282082,0.9999991517638994,-1.1436361272800889e-05,-1.1913507774475757e-05,2.8369962508716793e-11,0.04005088263736537,4.875677352879835e-07,2.3151179824131526e-08,6
188,0.02,0.02,150.0,5981.784580560748,5967.850757601878,-13.933822958869314,-1.03539193539591e-05,0.0,-13.93381260494996,0.9999992569218523,-9.959480859153376e-06,-1.03539193539591e-05,2.0924021789841972e-11,0.038095573407658415,4.2277673129212137e-07,2.0127181768678257e-08,6
189,0.02,0.02,150.0,5967.850757520282,5954.027506425564,-13.823251094718216,-8.989673058677693e-06,0.0,-13.823242105045157,0.999999349670132,-8.657294118229146e-06,-8.989673058677693e-06,2.0303145964431153e-11,0.03697341808528876,3.6720645751164896e-07,1.7483962003820877e-08,6
190,0.02,0.02,150.0,5954.027506340972,5940.314186569108,-13.713319771864008,-7.804182767387742e-06,0.0,-13.713311967681241,0.9999994309049234,-7.5185244794379834e-06,-7.804182767387742e-06,1.5222785768912607e-11,0.03660322886638075,3.185768846969109e-07,1.5183114432178525e-08,6
191,0.02,0.02,150.0,5940.314186481479,5926.710159484415,-13.604026997063556,-6.771855729633847e-06,0.0,-13.604020225207826,0.9999995022168265,-6.525473691314629e-06,-6.771855729633847e-06,1.504764029412838e-11,0.036383237941860276,2.766217018861282e-07,1.3178163854399596e-08,6
192,0.02,0.02,150.0,5926.710159393717,5913.214788609581,-13.495370784135957,-5.902756304635467e-06,0.0,-13.495364881379652,0.9999995626088086,-5.600929085665236e-06,-5.902756304635467e-06,1.2613549830848791e-11,0.051133267814767215,2.3839386472567729e-07,1.1459062951094735e-08,6
193,0.02,0.02,150.0,5913.214788515791,5899.827439089916,-13.387349425875072,-5.1263726915899516e-06,0.0,-13.38734429950238,0.9999996170733632,-4.884047537344205e-06,-5.1263726915899516e-06,1.228597649251948e-11,0.04727029594303441,2.0711999488910438e-07,9.953340406492843e-09,6
194,0.02,0.02,150.0,5899.827438993014,5886.547479399822,-13.279959593191961,-4.781481432484435e-06,0.0,-13.279954811710528,0.9999996399475918,-2.833840636259314e-06,-4.781481432484435e-06,3.23263454254453e-11,0.4073299925402275,1.817191627347425e-07,9.023221371694052e-09,6
195,0.02,0.02,150.0,5886.547479276849,5873.374276581915,-13.173202694933934,-4.383237131357975e-06,0.0,-13.173198311696803,0.999999667261088,-2.589859239560748e-06,-4.383237131357975e-06,2.7318002003726367e-11,0.4091446203006632,1.624961928400314e-07,8.22358094949308e-09,6
196,0.02,0.02,150.0,5873.3742764552335,5860.307201147025,-13.067075308208587,-4.006120762993485e-06,0.0,-13.067071302087824,0.9999996934187132,-2.414614997481739e-06,-4.006120762993485e-06,2.9099837481369177e-11,0.39726854472617756,1.4717322266904663e-07,7.451695262824796e-09,6
197,0.02,0.02,150.0,5860.307201016625,5847.345625311805,-12.961575704820461,-3.632911094727226e-06,0.0,-12.961572071909366,0.9999997197168633,-2.2144550890818862e-06,-3.632911094727226e-06,2.5326631106637722e-11,0.3904461102018361,1.332531363874611e-07,6.777519765416456e-09,6
198,0.02,0.02,150.0,5847.345625177668,5834.488922948067,-12.85670222960107,-3.352061437211125e-06,0.0,-12.856698877539632,0.9999997392751752,-1.924189987011672e-06,-3.352061437211125e-06,2.2318060104489027e-11,0.42596816226239126,1.1878331854876008e-07,6.166558227302256e-09,6
199,0.02,0.02,150.0,5834.488922810185,5821.736469215278,-12.75245359490691,-3.067097820016224e-06,0.0,-12.75245052780909,0.9999997594895917,-1.804848550095204e-06,-3.067097820016224e-06,2.079184816158059e-11,0.41154516223233567,1.0682153584566945e-07,5.595539803761e-09,6
200,0.02,0.02,150.0,5821.736469073622,5809.0876409137245,-12.648828159897676,-2.800240840406642e-06,0.0,-12.648825359656835,0.9999997786165797,-1.7264162015415928e-06,-2.800240840406642e-06,2.732985839768283e-11,0.3834758151406405,9.496958797681092e-08,5.0490672835055076e-09,6
201,0.02,0.02,150.0,5809.08764076825,5796.541816288404,-12.545824479845578,-2.527050386111463e-06,0.0,-12.545821952795192,0.999999798574387,-1.7189321757742094e-06,-2.527050386111463e-06,2.7555828807487683e-11,0.3197871379132878,8.386135549815906e-08,4.505166185824251e-09,6
202,0.02,0.02,150.0,5796.541816139088,5784.098376479773,-12.443439659315118,-2.4765844394477955e-06,0.0,-12.443437182730678,0.9999998009726806,-3.284969977652133e-07,-2.4765844394477955e-06,2.991253246895194e-11,0.8673588541812617,8.126107855459454e-08,4.396722296993375e-09,6
203,0.02,0.02,150.0,5784.09837632657,5771.7566998565235,-12.341676470046878,-2.1737335845194585e-06,0.0,-12.341674296313293,0.9999998238704775,-1.733912612219606e-06,-2.1737335845194585e-06,1.6481208347132913e-11,0.2023343501853667,7.109697567241666e-08,3.8623685059503205e-09,6
204,0.02,0.02,150.0,5771.756699699386,5759.516170630737,-12.240529068649266,-1.9309873223418923e-06,0.0,-12.240527137661944,0.9999998422464167,-1.445950670204446e-06,-1.9309873223418923e-06,1.9244441637669273e-11,0.25118582940730866,6.246730911655352e-08,3.406499987568997e-09,6
205,0.02,0.02,150.0,5759.516170502192,5747.3761736505,-12.139996851691649,-1.88469830981003e-06,0.0,-12.139994966993338,0.999999844752982,-2.7863944916446984e-07,-1.88469830981003e-06,2.0851043720803727e-11,0.8521570016197682,6.061859235120225e-08,3.3164631913391122e-09,6
206,0.02,0.02,150.0,5747.376173517459,5735.336092910675,-12.040080606784613,-1.831010078623257e-06,0.0,-12.040078775774536,0.9999998479237692,-3.1206321771676603e-07,-1.831010078623257e-06,1.8978836768857706e-11,0.8295677225592294,5.869029986762166e-08,3.216357794809077e-09,6
207,0.02,0.02,150.0,5735.336092773072,5723.395314051375,-11.940778721696915,-1.5577060327079889e-06,0.0,-11.940777163990882,0.9999998695473662,-1.2411637470308222e-06,-1.5577060327079889e-06,7.871562437509077e-12,0.20321054103313368,5.5432220872012095e-08,2.8442989578477477e-09,6
208,0.02,0.02,150.0,5723.39531390913,5711.553226634928,-11.842087274201731,-1.5072123462351438e-06,0.0,-11.842085766989385,0.9999998727240974,-4.2751198620956077e-07,-1.5072123462351438e-06,1.2754603710497277e-11,0.7163558358067857,5.151629074547935e-08,2.699215921020356e-09,6
209,0.02,0.02,150.0,5711.553226487982,5699.809218446006,-11.744008041976485,-1.365771865761877e-06,0.0,-11.74400667620462,0.9999998837047914,-9.055312359691393e-07,-1.365771865761877e-06,1.3398247858829455e-11,0.33698206950250714,4.516814374220994e-08,2.416722940489325e-09,6
210,0.02,0.02,150.0,5699.809218294278,5688.162680979851,-11.646537314427405,-1.3322371397505536e-06,0.0,-11.646535982190265,0.9999998856108813,-2.0782968318024993e-07,-1.3322371397505536e-06,1.4421478778854886e-11,0.8439994825402002,4.377294411641588e-08,2.347591901811865e-09,6
211,0.02,0.02,150.0,5688.16268082327,5676.613005048344,-11.549675774926072,-1.2927072104637497e-06,0.0,-11.549674482218862,0.9999998880741559,-2.3644688430078701e-07,-1.2927072104637497e-06,1.3070855338226206e-11,0.8170916953298625,4.2194607609703115e-08,2.2711984658601804e-09,6
212,0.02,0.02,150.0,5676.61300488684,5665.159583372846,-11.453421513993817,-1.242333110631269e-06,0.0,-11.453420271660706,0.9999998915317043,-2.865038519821869e-07,-1.242333110631269e-06,1.1614869369239533e-11,0.7693824228538791,4.045595585317499e-08,2.179949634972108e-09,6
213,0.02,0.02,150.0,5665.159583206347,5653.801809845987,-11.357773360359715,-1.1728529087262267e-06,0.0,-11.357772187506807,0.9999998967356655,-3.7254423907506395e-07,-1.1728529087262267e-06,9.756061829754693e-12,0.6823606470144117,3.850825390892575e-08,2.0628229214659273e-09,6
214,0.02,0.02,150.0,5653.801809674417,5642.539079265969,-11.262730408448078,-1.0133127615022549e-06,0.0,-11.262729395135317,0.9999999100295643,-7.583614897350439e-07,-1.0133127615022549e-06,6.411048356516915e-12,0.2516017575750659,3.5718977838472495e-08,1.8339803903738602e-09,6
215,0.02,0.02,150.0,5642.539079089234,5631.370788774203,-11.1682903150313,-9.818309280436766e-07,0.0,-11.168289333200372,0.9999999120876248,-2.548613167455318e-07,-9.818309280436766e-07,8.567907080779325e-12,0.7404223991463077,3.346986819100846e-08,1.7466394789685352e-09,6
216,0.02,0.02,150.0,5631.370788592229,5620.296335188132,-11.074453404096857,-9.295676752332355e-07,0.0,-11.074452474529183,0.9999999160619816,-3.2269094656563746e-07,-9.295676752332355e-07,7.323281264927254e-12,0.6528591137975276,3.120748744595336e-08,1.6464177548614433e-09,6
217,0.02,0.02,150.0,5620.296335000826,5609.315117138753,-10.981217862073208,-8.854573357555687e-07,0.0,-10.981216976615872,0.999999919366199,-2.736525992858425e-07,-8.854573357555687e-07,8.789721372780895e-12,0.6909477303586488,2.9355828766109338e-08,1.5559551688358904e-09,6
218,0.02,0.02,150.0,5609.315116946002,5598.4265343201905,-10.888582625811068,-8.603699801531905e-07,0.0,-10.888581765441089,0.999999920984208,-1.5482883745286675e-07,-8.603699801531905e-07,8.702119309890655e-12,0.8200438869039814,2.8261533431643422e-08,1.5060192685408834e-09,6
219,0.02,0.02,150.0,5598.426534121882,5587.629987304751,-10.796546817130547,-8.282650631080956e-07,0.0,-10.796545988865484,0.9999999232842613,-1.8529406552448245e-07,-8.282650631080956e-07,7.810433148973733e-12,0.7762865128837384,2.7081514489262448e-08,1.4464399387598929e-09,6
220,0.02,0.02,150.0,5587.62998710075,5576.924877877202,-10.705109223548789,-7.842492717878797e-07,0.0,-10.705108439299517,0.9999999267406567,-2.377869791999382e-07,-7.842492717878797e-07,6.647076092199902e-12,0.696796684735394,2.5756771243718315e-08,1.3716985133264422e-09,6
221,0.02,0.02,150.0,5576.924877667367,5566.310608922269,-10.614268745097434,-7.290363008099412e-07,0.0,-10.614268016061132,0.9999999313154473,-2.854165828484411e-07,-7.290363008099412e-07,6.476257212677316e-12,0.6085015485081464,2.443022366372713e-08,1.2753453319021566e-09,6
222,0.02,0.02,150.0,5566.310608706433,5555.78658457872,-10.524024127713346,-7.084862129396785e-07,0.0,-10.524023419227133,0.9999999326791534,-1.359516908119624e-07,-7.084862129396785e-07,7.353179493516081e-12,0.8081096169142566,2.3276317249952227e-08,1.2378195423901857e-09,6
223,0.02,0.02,150.0,5555.786584356569,5545.352209692541,-10.434374664027928,-6.863084994647438e-07,0.0,-10.434373977719428,0.9999999342261974,-1.323310576735521e-07,-6.863084994647438e-07,6.830732252005844e-12,0.8071842942688923,2.2393815472272576e-08,1.1938669429169674e-09,6
224,0.02,0.02,150.0,5545.352209464035,5535.006890264404,-10.345319199630467,-6.574418110834607e-07,0.0,-10.345318542188656,0.9999999364503116,-1.614265018807694e-07,-6.574418110834607e-07,6.0471051288973144e-12,0.7544626776706834,2.1406736207969713e-08,1.1428008674338957e-09,6
225,0.02,0.02,150.0,5535.006890029337,5524.7500333446105,-10.2568566847267,-6.180681615132525e-07,0.0,-10.256856066658537,0.9999999397409771,-2.0477596369745093e-07,-6.180681615132525e-07,5.35984753760826e-12,0.6686838500205448,2.0416859566619588e-08,1.0741579849640288e-09,6
226,0.02,0.02,150.0,5524.75003310276,5514.581047127558,-10.168985975202304,-5.949645569137008e-07,0.0,-10.168985380237746,0.9999999414922432,-1.405761277135627e-07,-5.949645569137008e-07,6.359736242760654e-12,0.7637235259142451,1.9360960661115718e-08,1.0325317813907926e-09,6
227,0.02,0.02,150.0,5514.581046878685,5504.499340694652,-10.081706184032555,-5.786134103915687e-07,0.0,-10.081705605419145,0.9999999426075905,-9.54663334311852e-08,-5.786134103915687e-07,6.1211753223093985e-12,0.8350084327174863,1.8734267732364773e-08,1.0009591183485662e-09,6
228,0.02,0.02,150.0,5504.499340438514,5494.5043240912255,-9.995016347288583,-5.586324837467578e-07,0.0,-9.995015788656099,0.9999999441088974,-1.116464819391948e-07,-5.586324837467578e-07,5.53786908947884e-12,0.8001432333644833,1.804369176849337e-08,9.64945962023763e-10,6
229,0.02,0.02,150.0,5494.504323827566,5484.595408411666,-9.908915415900083,-5.325303330820247e-07,0.0,-9.90891488336975,0.999999946257455,-1.3905490988989e-07,-5.325303330820247e-07,4.840472707520081e-12,0.7388788933672411,1.7268930256357114e-08,9.20539627921239e-10,6
230,0.02,0.02,150.0,5484.595408140216,5474.772005735145,-9.823402405070738,-4.956804520026666e-07,0.0,-9.823401909390286,0.9999999495408586,-1.8523927616402418e-07,-4.956804520026666e-07,3.849828698681634e-12,0.6262929566505728,1.6380672860358348e-08,8.627252156272564e-10,6
231,0.02,0.02,150.0,5474.772005455624,5465.033529212264,-9.73847624336031,-4.670890812689028e-07,0.0,-9.738475776271228,0.9999999520367385,-1.6515464303624957e-07,-4.670890812689028e-07,4.6603359478670106e-12,0.6464172474604044,1.5305352037100245e-08,8.09227583349879e-10,6
232,0.02,0.02,150.0,5465.0335289243785,5455.379392975044,-9.654135949334886,-4.539194800453734e-07,0.0,-9.654135495415407,0.9999999529818637,-7.8277045738171e-08,-4.539194800453734e-07,4.738384197912589e-12,0.827553015062613,1.4769507712389256e-08,7.835581941659467e-10,6
233,0.02,0.02,150.0,5455.379392678491,5445.809011963881,-9.57038071461011,-4.374103721385329e-07,0.0,-9.570380277199737,0.9999999542954052,-9.247200140767334e-08,-4.374103721385329e-07,4.2700021544475504e-12,0.7885921155559924,1.4187727455430311e-08,7.536281006288124e-10,6
234,0.02,0.02,150.0,5445.809011658348,5436.32180218272,-9.487209475628333,-4.153008714971232e-07,0.0,-9.487209060327462,0.9999999562251817,-1.1673089619907655e-07,-4.153008714971232e-07,3.686811876792222e-12,0.7189245094086321,1.3537286328229386e-08,7.163968047652745e-10,6
235,0.02,0.02,150.0,5436.321801867878,5426.91718059931,-9.404621268568008,-3.8356309179773686e-07,0.0,-9.404620885004915,0.9999999592154664,-1.562596304801653e-07,-3.8356309179773686e-07,2.8694911725480137e-12,0.5926103584477174,1.2831597201229873e-08,6.661427616508443e-10,6
236,0.02,0.02,150.0,5426.917180274819,5417.594565236884,-9.322615037935066,-3.6403959759319686e-07,0.0,-9.322614673895467,0.9999999609509138,-1.2193636098237084e-07,-3.6403959759319686e-07,3.8097425688397494e-12,0.6650464350896492,1.1897018488535232e-08,6.276112180651518e-10,6
237,0.02,0.02,150.0,5417.594564902383,5408.353375040195,-9.241189862188548,-3.5430025477421184e-07,0.0,-9.241189507888294,0.9999999616607537,-5.644604846194803e-08,-3.5430025477421184e-07,3.8280525914139225e-12,0.8406830147556064,1.1522573640338018e-08,6.089613329921396e-10,6
238,0.02,0.02,150.0,5408.353374695317,5399.193029811573,-9.160344883744074,-3.425861196396839e-07,0.0,-9.160344541157954,0.9999999626011767,-6.52488040425943e-08,-3.425861196396839e-07,3.476082166920212e-12,0.8095404328954718,1.1105145668720902e-08,5.877689021670706e-10,6
239,0.02,0.02,150.0,5399.1930294559315,5390.1129503842685,-9.080079071663022,-3.275344132953932e-07,0.0,-9.080078744128608,0.9999999639282421,-8.007816833288949e-08,-3.275344132953932e-07,3.0674005006340637e-12,0.7555121993832463,1.0636719175400798e-08,5.620214413841839e-10,6
240,0.02,0.02,150.0,5390.112950017467,5381.112558549848,-9.00039146761901,-3.065758704540047e-07,0.0,-9.00039116104314,0.999999965937496,-1.0533099966950053e-07,-3.065758704540047e-07,2.5144417780767154e-12,0.6564276258483192,1.0106189262570678e-08,5.285742349698647e-10,6
241,0.02,0.02,150.0,5381.112558171474,5372.191277084912,-8.921281086561976,-2.828104327179727e-07,0.0,-8.921280803751543,0.9999999682993473,-1.196080384019178e-07,-2.828104327179727e-07,2.4527020240214286e-12,0.5770734578197311,9.492094328828017e-09,4.900902538914766e-10,6
242,0.02,0.02,150.0,5372.191276694544,5363.348529797215,-8.842746897329562,-2.738279547076848e-07,0.0,-8.842746623501608,0.9999999690336094,-5.700696077848367e-08,-2.738279547076848e-07,2.7438737922140464e-12,0.7918146785292999,9.050813163207527e-09,4.720782634324556e-10,6
243,0.02,0.02,150.0,5363.3485293944295,5354.5837413189865,-8.764788075442993,-2.6327045868379585e-07,0.0,-8.764787812172536,0.9999999699627127,-6.064279749496329e-08,-2.6327045868379585e-07,2.5323565316384996e-12,0.769655897596171,8.644927333570338e-09,4.517769655966583e-10,6
244,0.02,0.02,150.0,5354.583740903359,5345.896337317688,-8.687403585670836,-2.5112236037174463e-07,0.0,-8.687403334548476,0.9999999710935082,-6.634013276963632e-08,-2.5112236037174463e-07,2.4059904667197135e-12,0.7358254650385141,8.22090069511807e-09,4.313398978795886e-10,6
245,0.02,0.02,150.0,5345.896336888802,5337.28574445851,-8.610592430291945,-2.419385836601136e-07,0.0,-8.610592188353362,0.999999971902214,-5.133175314991564e-08,-2.419385836601136e-07,2.5036536546507796e-12,0.7878314720481755,7.892940346027946e-09,4.136210224763648e-10,6
246,0.02,0.02,150.0,5337.285744015965,5328.7513903541085,-8.534353661856585,-2.3326479965381444e-07,0.0,-8.534353428591785,0.9999999726675495,-4.789354205999715e-08,-2.3326479965381444e-07,2.3354173019916867e-12,0.7946816573650402,7.578732451049048e-09,3.9847617380662206e-10,6
247,0.02,0.02,150.0,5328.751389897536,5320.29270360257,-8.458686294965446,-2.226103384092566e-07,0.0,-8.458686072355107,0.9999999736826345,-5.606195014866228e-08,-2.226103384092566e-07,2.115060116463117e-12,0.7481610667803059,7.254731519334359e-09,3.79869194064926e-10,6
248,0.02,0.02,150.0,5320.292703131634,5311.909113817368,-8.383589314265919,-2.1291501949343326e-07,0.0,-8.3835891013509,0.9999999746033577,-5.239856050915734e-08,-2.1291501949343326e-07,2.172438667437967e-12,0.7538991817776697,6.9183114719254366e-09,3.636385461244739e-10,6
249,0.02,0.02,150.0,5311.909113331774,5303.600051607804,-8.309061723970444,-2.0555649106880898e-07,0.0,-8.309061518413953,0.9999999752611669,-4.033228227051976e-08,-2.0555649106880898e-07,2.107000600670046e-12,0.8037897900435617,6.666148678494384e-09,3.49921433309684e-10,6
250,0.02,0.02,150.0,5303.600051107314,5295.364948564187,-8.235102543127141,-1.968159846083074e-07,0.0,-8.235102346311157,0.9999999761003603,-4.634530944899871e-08,-1.968159846083074e-07,1.8971978239610886e-12,0.7645246673371949,6.3820142727996984e-09,3.3525725001899847e-10,6
251,0.02,0.02,150.0,5295.364948048609,5287.203237314798,-8.16171073381156,-1.873930039216812e-07,0.0,-8.161710546418556,0.9999999770399846,-4.9101230572481026e-08,-1.873930039216812e-07,1.8621724866623247e-12,0.737977248110061,6.1032685487362265e-09,3.187578023113013e-10,6
252,0.02,0.02,150.0,5287.203236783986,5279.11435152653,-8.088885257455331,-1.8078617360871544e-07,0.0,-8.088885076669158,0.9999999776500509,-3.650566173544522e-08,-1.8078617360871544e-07,1.876464577528675e-12,0.79807271205122,5.855817341750311e-09,3.0741879964949017e-10,6
253,0.02,0.02,150.0,5279.114350980457,5271.097725875421,-8.016625105035928,-1.7382425950220167e-07,0.0,-8.016624931211668,0.9999999783170277,-3.71457013133539e-08,-1.7382425950220167e-07,1.738163207523416e-12,0.7863031235126108,5.6306893098911754e-09,2.9499960626670434e-10,6
254,0.02,0.02,150.0,5271.097725313932,5263.152796095662,-7.944929218269863,-1.6576460931026344e-07,0.0,-7.944929052505254,0.9999999791357979,-4.200858771433278e-08,-1.6576460931026344e-07,1.5972024140084647e-12,0.7465768604702296,5.377481608458397e-09,2.8186090622567187e-10,6
255,0.02,0.02,150.0,5263.152795518703,5255.278998999238,-7.8737965194650315,-1.5912929080876997e-07,0.0,-7.87379636033574,0.9999999797900173,-3.554079905050975e-08,-1.5912929080876997e-07,1.665769902037322e-12,0.7766545752207236,5.160398846219689e-09,2.697723709245971e-10,6
256,0.02,0.02,150.0,5255.278998406753,5247.475772461457,-7.803225945295708,-1.5353147865066338e-07,0.0,-7.803225791764229,0.9999999803246145,-3.028004859899346e-08,-1.5353147865066338e-07,1.574990075248149e-12,0.8027762849344339,4.963715942831708e-09,2.601231018194124e-10,6
257,0.02,0.02,150.0,5247.475771853384,5239.742555439005,-7.733216414379058,-1.4668483620734705e-07,0.0,-7.733216267694222,0.9999999810318465,-3.544620024244075e-08,-1.4668483620734705e-07,1.4160148020961596e-12,0.758351298205524,4.75829113239104e-09,2.483995380514819e-10,6
258,0.02,0.02,150.0,5239.742554815262,5232.078788009565,-7.663766805697378,-1.397163367240672e-07,0.0,-7.663766665981041,0.9999999817692343,-3.63450820497857e-08,-1.397163367240672e-07,1.4053381698379124e-12,0.7398651947082937,4.535124581212024e-09,2.3704243494991993e-10,6
259,0.02,0.02,150.0,5232.07878737005,5224.483911380141,-7.594875989909269,-1.3479556774952487e-07,0.0,-7.594875855113702,0.999999982251775,-2.6631006980808024e-08,-1.3479556774952487e-07,1.4068349630217817e-12,0.8024341050271522,4.3679136456047274e-09,2.2790967862241851e-10,6
260,0.02,0.02,150.0,5224.483910724726,5216.9573678762235,-7.526542848502686,-1.2940207203625593e-07,0.0,-7.526542719100614,0.9999999828072363,-2.8493898069687618e-08,-1.2940207203625593e-07,1.2866175580735726e-12,0.7798033862880945,4.188968666436947e-09,2.1883111373062777e-10,6
261,0.02,0.02,150.0,5216.957367204752,5209.498600993262,-7.458766211490001,-1.2328198108966295e-07,0.0,-7.45876608820802,0.9999999834715316,-3.140465018415175e-08,-1.2328198108966295e-07,1.2135372204623248e-12,0.7452616359132714,4.009719705128705e-09,2.0829653804537486e-10,6
262,0.02,0.02,150.0,5209.498600305549,5202.107055416045,-7.391544889504075,-1.1860756489254619e-07,0.0,-7.391544770896511,0.9999999839536164,-2.5203791485753822e-08,-1.1860756489254619e-07,1.2470155528921614e-12,0.7875026647028166,3.8415960122580474e-09,2.004024171046189e-10,6
263,0.02,0.02,150.0,5202.107054711889,5194.782177016137,-7.324877695751638,-1.142544365025655e-07,0.0,-7.324877581497202,0.9999999844018643,-2.3089142517584953e-08,-1.142544365025655e-07,1.1718415214965652e-12,0.7979146961434054,3.698357028149234e-09,1.926394002018793e-10,6
264,0.02,0.02,150.0,5194.782176295313,5187.523412885281,-7.258763410031861,-1.0905844513646862e-07,0.0,-7.258763300973416,0.9999999849756165,-2.674131903106885e-08,-1.0905844513646862e-07,1.0546091904798402e-12,0.7547982735531713,3.5368913086467602e-09,1.8414832456447153e-10,6
265,0.02,0.02,150.0,5187.523412147546,5180.3302113706295,-7.193200776916456,-1.0414904554852261e-07,0.0,-7.19320067276741,0.9999999855211819,-2.5522588053753224e-08,-1.0414904554852261e-07,1.0801519348585757e-12,0.7549416999518986,3.384169191977541e-09,1.755481850128119e-10,6
266,0.02,0.02,150.0,5180.330210615731,5173.202022087873,-7.128188527857674,-1.0049747105531272e-07,0.0,-7.128188427360203,0.9999999859014012,-1.9651821480076178e-08,-1.0049747105531272e-07,1.0470179097163572e-12,0.8044545671277635,3.2534860108907564e-09,1.6928721968113228e-10,6
267,0.02,0.02,150.0,5173.202021315548,5166.1382959334705,-7.063725382077791,-9.620370665750297e-08,0.0,-7.063725285874085,0.9999999863805993,-2.217522994575167e-08,-9.620370665750297e-08,9.505151766888192e-13,0.7694971356488559,3.1208463490367127e-09,1.6190783961660355e-10,6
268,0.02,0.02,150.0,5166.1382951434525,5159.138485133534,-6.999810009918292,-9.164769974917037e-08,0.0,-6.999809918270592,0.999999986907116,-2.3418023980095268e-08,-9.164769974917037e-08,9.178230332555323e-13,0.7444777769197938,2.9771721803761403e-09,1.545487700800095e-10,6
269,0.02,0.02,150.0,5159.138484325553,5152.202043266836,-6.9364410587168095,-8.828972060565265e-08,0.0,-6.936440970427089,0.999999987271611,-1.7895865470729462e-08,-8.828972060565265e-08,9.33121451608355e-13,0.7973052202683752,2.8637907030032028e-09,1.4839942067028883e-10,6
270,0.02,0.02,150.0,5152.20204244062,5145.328425275365,-6.873617165255382,-8.488876184287324e-08,0.0,-6.87361708036662,0.9999999876500597,-1.7864197216327467e-08,-8.488876184287324e-08,8.633223741961912e-13,0.7895575712437224,2.7492550880097554e-09,1.426799698045794e-10,6
271,0.02,0.02,150.0,5145.328424430645,5138.517087509123,-6.811336921522525,-8.091728809371703e-08,0.0,-6.811336840605237,0.9999999881202047,-2.0171837874150874e-08,-8.091728809371703e-08,7.942006753511797e-13,0.7507104062757493,2.631803859613435e-09,1.3590763387704225e-10,6
272,0.02,0.02,150.0,5138.517086645638,5131.767487760793,-6.749598884845,-7.760917219951394e-08,0.0,-6.749598807235827,0.9999999885016615,-1.7447495513781618e-08,-7.760917219951394e-08,8.193639163220298e-13,0.7751877127496164,2.5170727270015963e-09,1.3042174238085146e-10,6
273,0.02,0.02,150.0,5131.767486878286,5125.079090968763,-6.688395909523024,-7.492865793781073e-08,0.0,-6.688395834594366,0.9999999887972155,-1.4036082715938552e-08,-7.492865793781073e-08,1.832600654561893e-12,0.8126740408511226,2.4355691535003407e-09,1.255477964138651e-10,5
274,0.02,0.02,150.0,5125.079085285537,5118.451347469088,-6.627737816448644,-7.345488785227377e-08,0.0,-6.627737742993756,0.9999999889170499,-8.395608243701453e-09,-7.345488785227377e-08,8.716379599868962e-13,0.8857038858927131,2.3665453573249817e-09,1.228514365874581e-10,5
275,0.02,0.02,150.0,5118.451341686938,5111.8837241964075,-6.5676174905302105,-7.122123293282163e-08,0.0,-6.567617419308977,0.9999999891556971,-1.15224857465947e-08,-7.122123293282163e-08,1.6862260019982944e-12,0.8382155816164667,2.2988190454626764e-09,1.1903319297984474e-10,5
276,0.02,0.02,150.0,5111.8837183148835,5105.375685012428,-6.50803330245526,-6.983235157665453e-08,0.0,-6.508033232622909,0.9999999892698227,-7.671907359747247e-09,-6.983235157665453e-08,8.451689412839853e-13,0.8901382069122239,2.2390606006843287e-09,1.1647414287953924e-10,5
277,0.02,0.02,150.0,5105.375679031183,5098.926695379467,-6.448983651715935,-6.780249232355692e-08,0.0,-6.448983583913442,0.999999989486329,-1.0335969216017046e-08,-6.780249232355692e-08,1.5649385197815552e-12,0.8475576802296104,2.1791263443619185e-09,1.1303383740182119e-10,5
278,0.02,0.02,150.0,5098.926689298203,5092.536222413368,-6.390466884835405,-6.649396043439697e-08,0.0,-6.390466818341444,0.9999999895948196,-7.105775717176767e-09,-6.649396043439697e-08,8.176946073901758e-13,0.8931365244188255,2.125245265384577e-09,1.1066906663956061e-10,5
279,0.02,0.02,150.0,5092.536216231863,5086.203734894936,-6.332481336927231,-6.463435041241503e-08,0.0,-6.33248127229288,0.9999999897932031,-9.403768645616094e-09,-6.463435041241503e-08,1.4608504977975533e-12,0.8545081897533883,2.07094087719408e-09,1.0753193679643017e-10,5
280,0.02,0.02,150.0,5086.203728613041,5079.928703330267,-6.27502528277364,-6.340264178325862e-08,0.0,-6.275025219370999,0.9999999898960341,-6.616903618491028e-09,-6.340264178325862e-08,7.914475746611871e-13,0.8956367836988425,2.0215886685265232e-09,1.0532759675513075e-10,5
281,0.02,0.02,150.0,5079.928696947911,5073.710599970059,-6.218096977851928,-6.1693213616709e-08,0.0,-6.218096916158715,0.9999999900784414,-8.600717738306587e-09,-6.1693213616709e-08,1.3642014949138987e-12,0.8605889167690048,1.972160378420546e-09,1.0245174225032165e-10,5
282,0.02,0.02,150.0,5073.710593487245,5067.548898869459,-6.161694617786452,-6.053244851400023e-08,0.0,-6.161694557254004,0.9999999901760064,-6.187995617807805e-09,-6.053244851400023e-08,7.665614456522734e-13,0.8977739085446608,1.926447699799189e-09,1.0039212604672945e-10,5
283,0.02,0.02,150.0,5067.548892286272,5061.443075912038,-6.105816374234564,-5.8952579559558296e-08,0.0,-6.105816315281984,0.9999999903448489,-7.920027542021708e-09,-5.8952579559558296e-08,1.2777300692625178e-12,0.8656542665105892,1.8809429483731136e-09,9.774218039145932e-11,5
284,0.02,0.02,150.0,5061.4430692286405,5055.392608882574,-6.050460346066757,-5.785542586667248e-08,0.0,-6.0504602882113305,0.9999999904378473,-5.809650703898029e-09,-5.785542586667248e-08,7.426395816778446e-13,0.8995833041262831,1.8384581543010467e-09,9.580463115772398e-11,5
285,0.02,0.02,150.0,5055.392602085515,5049.396977439199,-5.995624646316173,-5.638450501101109e-08,0.0,-5.995624589931668,0.9999999905957246,-7.342705724014686e-09,-5.638450501101109e-08,1.2052653042137585e-12,0.8697744048195376,1.7965676468445777e-09,9.334409334464037e-11,5
286,0.02,0.02,150.0,5049.396970543121,5043.4556632562135,-5.941307286907431,-5.5343797591735054e-08,0.0,-5.941307231563633,0.9999999906849124,-5.4904457406102565e-09,-5.5343797591735054e-08,7.177424893850246e-13,0.900793838162089,1.75629458309603e-09,9.151568560344265e-11,5
287,0.02,0.02,150.0,5043.4556562615135,5037.568149998379,-5.887506263134128,-5.3964391045897845e-08,0.0,-5.887506209169737,0.9999999908340834,-6.858134798293564e-09,-5.3964391045897845e-08,1.1381031799614757e-12,0.8729136998421686,1.7174131823183454e-09,8.921289099345105e-11,5
288,0.02,0.02,150.0,5037.568142905545,5031.73392339347,-5.834219512074924,-5.297464612315812e-08,0.0,-5.834219459100278,0.9999999909200115,-5.199379769361764e-09,-5.297464612315812e-08,6.944884655505281e-13,0.9018515431462443,1.6793911735437075e-09,8.747831934881827e-11,5
289,0.02,0.02,150.0,5031.733916203077,5025.952471266107,-5.7814449369698195,-5.1683246930540773e-08,0.0,-5.7814448852865725,0.9999999910604965,-6.41106080094128e-09,-5.1683246930540773e-08,1.0747449233998017e-12,0.8759547593912324,1.6428096262907321e-09,8.532476170397075e-11,5
290,0.02,0.02,150.0,5025.952463978824,5020.223283595785,-5.72918038303942,-5.0739769760150745e-08,0.0,-5.72918033229965,0.999999991143625,-4.927963313130759e-09,-5.0739769760150745e-08,6.723933852837021e-13,0.9028776965992265,1.607170981937939e-09,8.368368893341712e-11,5
291,0.02,0.02,150.0,5020.223276212376,5014.545852553157,-5.67742365921913,-4.952938890524178e-08,0.0,-5.6774236096897415,0.9999999912760802,-5.994610397484703e-09,-4.952938890524178e-08,1.0154564645429059e-12,0.8789686178249962,1.5729408575832515e-09,8.166544863539623e-11,5
292,0.02,0.02,150.0,5014.5458450744745,5008.91967255778,-5.626172516694169,-4.863086701454275e-08,0.0,-5.626172468063301,0.9999999913563142,-4.67351625352811e-09,-4.863086701454275e-08,6.515750449696168e-13,0.9038981506924291,1.5392790893475641e-09,8.01073098300891e-11,5
293,0.02,0.02,150.0,5008.919664984774,5003.344240316501,-5.575424668272717,-4.749224783484162e-08,0.0,-5.57542462078047,0.99999999148186,-5.6258866610865045e-09,-4.749224783484162e-08,9.609059958650533e-13,0.8815409478900428,1.507161435632872e-09,7.821563270301022e-11,5
294,0.02,0.02,150.0,5003.344232650211,4997.819054880869,-5.525177769342008,-4.663452728330245e-08,0.0,-5.525177722707481,0.9999999915596332,-4.447065867262561e-09,-4.663452728330245e-08,6.315191521098123e-13,0.9046400569207691,1.4751116649166324e-09,7.672617638596236e-11,5
295,0.02,0.02,150.0,4997.81904712243,4992.34361768722,-5.475429435209662,-4.556068424018193e-08,0.0,-5.475429389648978,0.9999999916790665,-5.286360295519284e-09,-4.556068424018193e-08,9.09119695307422e-13,0.8839710073788353,1.445205779492062e-09,7.494587140584496e-11,5
296,0.02,0.02,150.0,4992.343609837859,4986.917432613619,-5.4261772242398365,-4.474338166670809e-08,0.0,-5.426177179496455,0.9999999917541614,-4.232665881716473e-09,-4.474338166670809e-08,6.113535274490295e-13,0.9054012968164665,1.414501911527514e-09,7.352936654514149e-11,5
297,0.02,0.02,150.0,4986.917424674658,4981.540006021317,-5.37741865334101,-4.372866484961775e-08,0.0,-5.377418609612345,0.9999999918680936,-4.986827868217481e-09,-4.372866484961775e-08,8.621693050479753e-13,0.8859597500777324,1.386186603414241e-09,7.184637863934977e-11,5
298,0.02,0.02,150.0,4981.539997994138,4976.21084681099,-5.329151183147587,-4.294581559883146e-08,0.0,-5.3291511402017715,0.9999999919413403,-4.037744695757665e-09,-4.294581559883146e-08,5.928968806935855e-13,0.9059804863534241,1.3570831143071659e-09,7.04974802183407e-11,5
299,0.02,0.02,150.0,4976.210838697127,4970.929466465272,-5.28137223185513,-4.198543994989411e-08,0.0,-5.28137218986969,0.9999999920502782,-4.711094952402254e-09,-4.198543994989411e-08,8.211349804842329e-13,0.8877921737148752,1.3302858912773152e-09,6.890746154544522e-11,5
300,0.02,0.02,150.0,4970.9294582663015,4965.695379104173,-5.234079162128182,-4.123444655010779e-08,0.0,-5.234079120893735,0.999999992121929,-3.860409921074031e-09,-4.123444655010779e-08,5.73248948354709e-13,0.9063790048356077,1.3025128987076132e-09,6.761897870680683e-11,5
301,0.02,0.02,150.0,4965.69537082179,4960.508101528094,-5.187269293695863,-4.032350860378547e-08,0.0,-5.187269253372354,0.9999999922264478,-4.462897701746946e-09,-4.032350860378547e-08,7.812549963563482e-13,0.8893226840551276,1.2770208838546608e-09,6.61114609649773e-11,5
302,0.02,0.02,150.0,4960.508093164065,4955.3671532723965,-5.140939891668495,-3.960283291307212e-08,0.0,-5.140939852065662,0.9999999922965773,-3.6914435296556195e-09,-3.960283291307212e-08,5.551228998695048e-13,0.9067883972402099,1.2505973178691547e-09,6.48750743619628e-11,5
303,0.02,0.02,150.0,4955.367144828569,4950.272056650465,-5.095088178103651,-3.873599368994627e-08,0.0,-5.0950881393676575,0.999999992397385,-4.234216240728788e-09,-3.873599368994627e-08,7.443348178220911e-13,0.890690393161961,1.2265248797148541e-09,6.344364617569354e-11,5
304,0.02,0.02,150.0,4950.272048128772,4945.222336807175,-5.0497113215969875,-3.804470888260559e-08,0.0,-5.049711283552279,0.9999999924659636,-3.5349128061787284e-09,-3.804470888260559e-08,5.371498963942091e-13,0.9070852975354237,1.2011502238621583e-09,6.226296639407061e-11,5
305,0.02,0.02,150.0,4945.222328209629,4940.21752176172,-5.0048064479096865,-3.7221873738608326e-08,0.0,-5.004806410687813,0.9999999925627746,-4.0202430403720084e-09,-3.7221873738608326e-08,7.083137682047643e-13,0.8919924593639676,1.177974929715348e-09,6.089677164586453e-11,5
306,0.02,0.02,150.0,4940.217513090409,4935.257142459655,-4.960370630753459,-3.655647602113646e-08,0.0,-4.960370594196983,0.9999999926302934,-3.3840262602272487e-09,-3.655647602113646e-08,5.208536256714747e-13,0.9074301839632832,1.15405267095583e-09,5.976543295978116e-11,5
307,0.02,0.02,150.0,4935.257133716743,4930.340732815152,-4.91640090159126,-3.577388087799237e-08,0.0,-4.916400865817379,0.9999999927235631,-3.823099079673925e-09,-3.577388087799237e-08,6.762233560149256e-13,0.8931315533611606,1.1317926688471495e-09,5.84739299399407e-11,5
308,0.02,0.02,150.0,4930.340724002873,4925.467829761385,-4.872894241488211,-3.513453756568359e-08,0.0,-4.872894206353673,0.9999999927898009,-3.2437206053456086e-09,-3.513453756568359e-08,5.032008938304299e-13,0.9076771510289123,1.1089065616804437e-09,5.7387583215484726e-11,5
309,0.02,0.02,150.0,4925.467820882042,4920.63797329183,-4.829847590212012,-3.438498017741146e-08,0.0,-4.8298475558270315,0.9999999928807318,-3.6512238033449378e-09,-3.438498017741146e-08,6.488426131016375e-13,0.893813409677533,1.0877347149009531e-09,5.614850343283822e-11,5
310,0.02,0.02,150.0,4920.637964347793,4915.850706518217,-4.787257829576447,-3.377075780225843e-08,0.0,-4.787257795805689,0.999999992945699,-3.112358024685526e-09,-3.377075780225843e-08,4.859455101161816e-13,0.907838667911758,1.0656554867644882e-09,5.510751749327084e-11,5
311,0.02,0.02,150.0,4915.850697502553,4911.105575672206,-4.745121830346761,-3.3052579606849866e-08,0.0,-4.745121797294182,0.9999999930344087,-3.4908848733303005e-09,-3.3052579606849866e-08,6.211187890632666e-13,0.8943838903089173,1.0454481520720132e-09,5.392089831855373e-11,5
312,0.02,0.02,150.0,4911.105566597367,4906.402130210107,-4.703436387259899,-3.246102729079533e-08,0.0,-4.703436354798871,0.9999999930984445,-2.990060220905679e-09,-3.246102729079533e-08,4.691134693777452e-13,0.9078876896248586,1.0242597980982446e-09,5.292098350679543e-11,5
313,0.02,0.02,150.0,4906.402121078602,4901.739922811732,-4.662198266870291,-3.177481930986944e-08,0.0,-4.662198235095472,0.9999999931845843,-3.3305767765603808e-09,-3.177481930986944e-08,5.933452621049617e-13,0.8951818814741179,1.0049667656879447e-09,5.178839970239832e-11,5
314,0.02,0.02,150.0,4901.739913616229,4897.118509424411,-4.621404191818328,-3.120578903683503e-08,0.0,-4.621404160612539,0.9999999932475525,-2.8697991029434055e-09,-3.120578903683503e-08,4.530263424147439e-13,0.9080363230182733,9.846841728491563e-10,5.082827940276165e-11,5
315,0.02,0.02,150.0,4897.118500177685,4892.537449329694,-4.581050847990809,-3.0551316990184495e-08,0.0,-4.581050817439492,0.9999999933309369,-3.1827902175017992e-09,-3.0551316990184495e-08,5.678089246473665e-13,0.8958215052226925,9.65818522247956e-10,4.974865420561267e-11,5
316,0.02,0.02,150.0,4892.537440034399,4887.996305154376,-4.541134880022582,-3.000154690999016e-08,0.0,-4.541134850021035,0.9999999933933812,-2.755162445562661e-09,-3.000154690999016e-08,4.375596255873203e-13,0.9081659871129769,9.467570812325706e-10,4.882754423883772e-11,5
317,0.02,0.02,150.0,4887.996295813204,4883.494642914781,-4.501652898422435,-2.9373563069874737e-08,0.0,-4.501652869048872,0.9999999934749383,-3.049207191252122e-09,-2.9373563069874737e-08,5.443526379159213e-13,0.8961921240539129,9.286504990680235e-10,4.7790134443079376e-11,5
318,0.02,0.02,150.0,4883.49463353046,4879.032032055432,-4.46260147502835,-2.8845299917690415e-08,0.0,-4.462601446183051,0.9999999935362143,-2.6459829562868995e-09,-2.8845299917690415e-08,4.2195433232053444e-13,0.9082698753752892,9.102350507100042e-10,4.690351341398202e-11,5
319,0.02,0.02,150.0,4879.032022630719,4874.608045480666,-4.423977150053361,-2.8244043737922612e-08,0.0,-4.423977121809317,0.9999999936156896,-2.9160745792255732e-09,-2.8244043737922612e-08,5.219579256281584e-13,0.8967543526598414,8.928781226093094e-10,4.5911824092689497e-11,5
320,0.02,0.02,150.0,4874.608036018347,4870.222259590371,-4.385776427975543,-2.7735652970651985e-08,0.0,-4.38577640023989,0.9999999936759993,-2.543236549982029e-09,-2.7735652970651985e-08,4.0916872969622234e-13,0.9083044285031576,8.75069249864779e-10,4.505930018151373e-11,5
321,0.02,0.02,150.0,4870.2222500932,4865.874254308691,-4.347995784509294,-2.7161237597758377e-08,0.0,-4.347995757348056,0.9999999937531592,-2.777341155466064e-09,-2.7161237597758377e-08,4.974148252426741e-13,0.8977461485151443,8.586767143450495e-10,4.411502501145419e-11,5
322,0.02,0.02,150.0,4865.874244779543,4861.563613116754,-4.310631662789092,-2.6671974716986447e-08,0.0,-4.310631636117117,0.9999999938125136,-2.4427030086026593e-09,-2.6671974716986447e-08,3.95343642497243e-13,0.9084168669728458,8.416280738203909e-10,4.3298129541018715e-11,5
323,0.02,0.02,150.0,4861.56360355847,4857.289923078591,-4.273680479879658,-2.612157403166863e-08,0.0,-4.273680453758084,0.9999999938878037,-2.661750510244843e-09,-2.612157403166863e-08,4.790369800916409e-13,0.8981014502794565,8.257321019578251e-10,4.239415145025549e-11,5
324,0.02,0.02,150.0,4857.289913494018,4853.05277487019,-4.237138623828287,-2.565001019505479e-08,0.0,-4.2371385981782765,0.9999999939463841,-2.3472386485245247e-09,-2.565001019505479e-08,3.8191780580656066e-13,0.9084897576774819,8.094601195220892e-10,4.160770933148949e-11,5
325,0.02,0.02,150.0,4853.052765262183,4848.8517628025475,-4.201002459635674,-2.5122938871637844e-08,0.0,-4.201002434512735,0.9999999940197751,-2.5478181791260127e-09,-2.5122938871637844e-08,4.588224309030507e-13,0.8985859818334258,7.941777601406056e-10,4.073945930880827e-11,5
326,0.02,0.02,150.0,4848.85175317396,4844.68648484721,-4.165268326750265,-2.4668939053345723e-08,0.0,-4.165268302081326,0.9999999940774671,-2.256710581972408e-09,-2.4668939053345723e-08,3.679861004879488e-13,0.9085201606322691,7.784860015904375e-10,3.9984138860112674e-11,5
327,0.02,0.02,150.0,4844.686475200894,4840.556542656112,-4.129932544782605,-2.4162460815365988e-08,0.0,-4.1299325206201445,0.9999999941494297,-2.444667509927003e-09,-2.4162460815365988e-08,4.3862370898238216e-13,0.8988237361828507,7.637984219505757e-10,3.915232498200958e-11,5
328,0.02,0.02,150.0,4840.556532994917,4836.461541583583,-4.094991411333467,-2.3726051392638443e-08,0.0,-4.094991387607416,0.9999999942060803,-2.1693227139423966e-09,-2.3726051392638443e-08,3.565089459852049e-13,0.9085678995614298,7.486259994172166e-10,3.842457550417347e-11,5
329,0.02,0.02,150.0,4836.461531910342,4832.401090702837,-4.0604412075053915,-2.324257646038125e-08,0.0,-4.060441184262815,0.9999999942758494,-2.3352684738593083e-09,-2.324257646038125e-08,4.204053692997194e-13,0.8995262647478023,7.344559929313853e-10,3.762524042295236e-11,5
330,0.02,0.02,150.0,4832.401081020373,4828.374802824358,-4.026278196014573,-2.282151770186749e-08,0.0,-4.026278173193055,0.9999999943318576,-2.084712838469098e-09,-2.282151770186749e-08,3.443511904293111e-13,0.9086514373976755,7.20030740169722e-10,3.692928679638184e-11,5
331,0.02,0.02,150.0,4828.37479313546,4824.3822945090005,-3.9924986264595645,-2.235690407955635e-08,0.0,-3.9924986041026607,0.9999999944002727,-2.2374456676478655e-09,-2.235690407955635e-08,4.0327391085265526e-13,0.8999214891433097,7.065039507070293e-10,3.616796880952176e-11,5
332,0.02,0.02,150.0,4824.382284816464,4820.423186082743,-3.959098733720566,-2.195167020872529e-08,0.0,-3.959098711768896,0.999999994455387,-2.0051694774874945e-09,-2.195167020872529e-08,3.3219911091208927e-13,0.9086552659355056,6.925532542568483e-10,3.549466610768327e-11,5
333,0.02,0.02,150.0,4820.423176389325,4816.49710164639,-3.9260747429352705,-2.150556049828853e-08,0.0,-3.92607472142971,0.9999999945223762,-2.141159138167305e-09,-2.150556049828853e-08,3.862284119001214e-13,0.9004369526505619,6.798194537835111e-10,3.4766306161770666e-11,5
334,0.02,0.02,150.0,4816.49709195482,4812.603669086567,-3.8934228682528556,-2.1117502474522625e-08,0.0,-3.893422847135353,0.9999999945761087,-1.9283281887840707e-09,-2.1117502474522625e-08,3.209661467578679e-13,0.908685783694804,6.660105581341095e-10,3.4117834745982985e-11,5
335,0.02,0.02,150.0,4812.603659399545,4808.742520082087,-3.861139317457855,-2.0689569007797266e-08,0.0,-3.861139296768286,0.9999999946415896,-2.050960960286485e-09,-2.0689569007797266e-08,3.705991518804339e-13,0.9008698074129267,6.537706958774927e-10,3.341730001496679e-11,5
336,0.02,0.02,150.0,4808.742510402277,4804.913290111271,-3.829220291006095,-2.0314651011740252e-08,0.0,-3.829220270691444,0.9999999946948336,-1.8546580975526624e-09,-2.0314651011740252e-08,3.0933559922682994e-13,0.9087034231362963,6.406646729760335e-10,3.279414934678407e-11,5
337,0.02,0.02,150.0,4804.913280441298,4801.1156184549045,-3.797661986393905,-1.9899782317217216e-08,0.0,-3.7976619664941227,0.9999999947599912,-1.9740140535448866e-09,-1.9899782317217216e-08,3.587012674012271e-13,0.9008022287843331,6.29215185754967e-10,3.2123399780324933e-11,5
338,0.02,0.02,150.0,4801.115608797358,4797.34914820002,-3.7664605973377547,-1.95404144400454e-08,0.0,-3.76646057779734,0.9999999948119955,-1.7828171379918362e-09,-1.95404144400454e-08,2.993275530598005e-13,0.9087625728992628,6.163516820821326e-10,3.152388477104399e-11,5
339,0.02,0.02,150.0,4797.3491385574425,4793.613526239446,-3.7356123179961287,-1.9143570500695807e-08,0.0,-3.7356122988525584,0.9999999948753863,-1.89172995692615e-09,-1.9143570500695807e-08,3.4470619554718365e-13,0.9011819682823854,6.052409521563331e-10,3.0878718616614166e-11,5
340,0.02,0.02,150.0,4793.6135166143395,4789.908403265345,-3.7051133489940185,-1.8796448193989033e-08,0.0,-3.70511333019757,0.9999999949268897,-1.7162899791932441e-09,-1.8796448193989033e-08,2.877159260977387e-13,0.9086907291483877,5.929777025814112e-10,3.030311878445234e-11,5
341,0.02,0.02,150.0,4789.90839366681,4786.23343379262,-3.674959874189881,-1.841541418773953e-08,0.0,-3.6749598557744667,0.9999999949889482,-1.8168057870774693e-09,-1.841541418773953e-08,3.29525023896008e-13,0.9013432025717321,5.82133425119261e-10,2.968458183455e-11,5
342,0.02,0.02,150.0,4786.233424216252,4782.58827611509,-3.645148101162704,-1.8081202627380062e-08,0.0,-3.645148083081501,0.9999999950396521,-1.6507310303582581e-09,-1.8081202627380062e-08,2.7951464910543754e-13,0.9087045776557703,5.702962701642781e-10,2.913071435243796e-11,5
343,0.02,0.02,150.0,4782.588266563243,4778.972592325797,-3.615674237446001,-1.7716031404422274e-08,0.0,-3.6156742197299696,0.9999999951002136,-1.735475652110418e-09,-1.7716031404422274e-08,3.1654788996131695e-13,0.9020392540240582,5.601050564661096e-10,2.853681180860739e-11,5
344,0.02,0.02,150.0,4778.972582800777,4775.386048303808,-3.586534496968852,-1.7393334053457096e-08,0.0,-3.5865344795755183,0.9999999951503787,-1.588898501952899e-09,-1.7393334053457096e-08,2.7051364786872585e-13,0.9086489975372439,5.488007823449736e-10,2.8001478839851563e-11,5
345,0.02,0.02,150.0,4775.386038807861,4771.828313704336,-3.5577251035247173,-1.7044425215719707e-08,0.0,-3.557725086480292,0.9999999952091786,-1.663416264638133e-09,-1.7044425215719707e-08,3.0272033129008513e-13,0.9024070190936095,5.387878361893912e-10,2.7432903544868016e-11,5
346,0.02,0.02,150.0,4771.828304239655,4768.2990619493285,-3.5292422903266925,-1.6733940665821965e-08,0.0,-3.529242273592752,0.9999999952584891,-1.5269112011527138e-09,-1.6733940665821965e-08,2.6003781317638653e-13,0.9087536383900693,5.279243959151379e-10,2.6919423613223716e-11,5
347,0.02,0.02,150.0,4768.299052517931,4764.7979702141665,-3.5010823037646333,-1.6397570620045294e-08,0.0,-3.501082287367063,0.9999999953164281,-1.5963284196631663e-09,-1.6397570620045294e-08,2.9129103616586527e-13,0.9026484802747715,5.184566592728748e-10,2.6375706271817462e-11,5
348,0.02,0.02,150.0,4764.797960818249,4761.324719415925,-3.473241402323765,-1.6099027457703987e-08,0.0,-3.4732413862247378,0.9999999953648406,-1.4693520149155633e-09,-1.6099027457703987e-08,2.5293135959424834e-13,0.9087303864301179,5.078873297798615e-10,2.5878373125831878e-11,5
349,0.02,0.02,150.0,4761.324710057503,4757.87899419736,-3.445715860142627,-1.577788587325854e-08,0.0,-3.4457158443647415,0.9999999954210137,-1.5277327359145823e-09,-1.577788587325854e-08,2.789531496479492e-13,0.9031725322272809,4.986851274356672e-10,2.5358861532542108e-11,5
350,0.02,0.02,150.0,4757.878984878485,4754.460482911429,-3.418501967056727,-1.5489618826868996e-08,0.0,-3.4185019515671082,0.999999995468887,-1.4158056475271086e-09,-1.5489618826868996e-08,2.447324162806697e-13,0.90859648236978,4.885455297319368e-10,2.4883852058978785e-11,5
351,0.02,0.02,150.0,4754.460473633954,4751.068877603977,-3.391596029977336,-1.5180666774265883e-08,0.0,-3.391596014796669,0.9999999955240345,-1.4634278911792414e-09,-1.5180666774265883e-08,2.6805456027313766e-13,0.9035992349387426,4.798194084649376e-10,2.4381853349876417e-11,5
352,0.02,0.02,150.0,4751.068868369732,4747.703873995286,-3.364994374445814,-1.4903375462893287e-08,0.0,-3.3649943595424388,0.9999999955710549,-1.360605348967998e-09,-1.4903375462893287e-08,2.3421367466727545e-13,0.9087048868656862,4.700414517693211e-10,2.392499069261582e-11,5
353,0.02,0.02,150.0,4747.703864806042,4744.365171459657,-3.338693346384389,-1.4605041456000717e-08,0.0,-3.3386933317793472,0.9999999956255217,-1.411699577134323e-09,-1.4605041456000717e-08,2.577285787061959e-13,0.9033416247816056,4.616574643396863e-10,2.344375906192262e-11,5
354,0.02,0.02,150.0,4744.365162317124,4741.052473005076,-3.312689312047951,-1.4337593781078374e-08,0.0,-3.312689297710357,0.9999999956719171,-1.310282290748419e-09,-1.4337593781078374e-08,2.279462197369523e-13,0.9086121206420545,4.522678576065098e-10,2.299928597737432e-11,5
355,0.02,0.02,150.0,4741.052463910901,4737.765485250548,-3.2869786603523607,-1.4052045285396385e-08,0.0,-3.2869786463003154,0.9999999957249357,-1.3508429034970346e-09,-1.4052045285396385e-08,2.4834528056329545e-13,0.9038685916490107,4.44155737473169e-10,2.2537453492767427e-11,5
356,0.02,0.02,150.0,4737.76547620632,4734.5039184035595,-3.2615578027607626,-1.3793793972537506e-08,0.0,-3.2615577889669685,0.9999999957707958,-1.2616628486568666e-09,-1.3793793972537506e-08,2.203802015890325e-13,0.9085340225344274,4.3516589798325446e-10,2.21148952677616e-11,5
357,0.02,0.02,150.0,4734.503909410805,4731.267486235418,-3.2364231753872446,-1.3519275229491897e-08,0.0,-3.2364231618679695,0.9999999958227728,-1.2968789355005482e-09,-1.3519275229491897e-08,2.3982579640574236e-13,0.9040718593648094,4.273471645287494e-10,2.1675106148164215e-11,5
358,0.02,0.02,150.0,4731.267477295601,4728.05590605667,-3.2115712389304463,-1.3271367915658173e-08,0.0,-3.2115712256590783,0.9999999958676402,-1.212050610489735e-09,-1.3271367915658173e-08,2.096370647409593e-13,0.9086717647952702,4.186393106583028e-10,2.1264932351013663e-11,5
359,0.02,0.02,150.0,4728.055897171197,4724.868898690624,-3.186998480573493,-1.3004942787602751e-08,0.0,-3.18699846756855,0.9999999959193758,-1.2547148261827094e-09,-1.3004942787602751e-08,2.3049315931182884e-13,0.9035201579372732,4.112106247287967e-10,2.0833541925901972e-11,5
360,0.02,0.02,150.0,4724.868889860843,4721.706188447007,-3.1627014138366576,-1.2767255998990628e-08,0.0,-3.1627014010694015,0.99999999596318,-1.1655613609149915e-09,-1.2767255998990628e-08,2.016578334666713e-13,0.9087069797137975,4.0266030160486985e-10,2.0441873099559573e-11,5
361,0.02,0.02,150.0,4721.706179674202,4718.567503093778,-3.1386765804236347,-1.2510782877397451e-08,0.0,-3.1386765679128517,0.9999999960139941,-1.2047228090577138e-09,-1.2510782877397451e-08,2.2188362566354022e-13,0.9037052420409102,3.9551028396947786e-10,2.0029986374885594e-11,5
362,0.02,0.02,150.0,4718.5674943791755,4715.452573829225,-3.1149205499505115,-1.2280896272526552e-08,0.0,-3.114920537669615,0.9999999960573966,-1.1211468658546498e-09,-1.2280896272526552e-08,1.9461147553881975e-13,0.9087080583554187,3.874536015398853e-10,1.9652550409106684e-11,5
363,0.02,0.02,150.0,4715.452565173993,4712.361135252336,-3.0914299216574364,-1.2035639011412073e-08,0.0,-3.091429909621797,0.9999999961067728,-1.1560970847870156e-09,-1.2035639011412073e-08,2.1192360026117877e-13,0.9039438551047588,3.8049969326547413e-10,1.9257785680988848e-11,5
364,0.02,0.02,150.0,4712.361126657584,4709.292925333469,-3.0682013241148525,-1.1815098896761803e-08,0.0,-3.068201312299754,0.9999999961491775,-1.0813181099858697e-09,-1.1815098896761803e-08,1.8699126197569655e-13,0.9084799780827708,3.7248967719917564e-10,1.8893020567253694e-11,5
365,0.02,0.02,150.0,4709.292916800242,4706.2476853834705,-3.0452314167714576,-1.157753251248687e-08,0.0,-3.045231405193925,0.9999999961981435,-1.113182612882897e-09,-1.157753251248687e-08,2.052143845190585e-13,0.9038497528137122,3.659972720159729e-10,1.8511583654381366e-11,5
366,0.02,0.02,150.0,4706.24767691277,4703.225160023146,-3.0225168896240575,-1.1365335668911895e-08,0.0,-3.0225168782587217,0.9999999962397775,-1.0364069319717578e-09,-1.1365335668911895e-08,1.7925401423060026e-13,0.9088098264614668,3.584077695053277e-10,1.8159606382884254e-11,5
367,0.02,0.02,150.0,4703.225151615911,4700.225097151275,-3.000054464636378,-1.1138068756559726e-08,0.0,-3.000054453498309,0.9999999962873778,-1.0725876012343511e-09,-1.1138068756559726e-08,1.9678097376887936e-13,0.9037007559678911,3.517876845364844e-10,1.7793547240274477e-11,5
368,0.02,0.02,150.0,4700.225088808389,4697.247247913063,-2.9778408953261533,-1.0931585569258885e-08,0.0,-2.977840884394568,0.999999996329023,-9.966119323412024e-10,-1.0931585569258885e-08,1.7467148500209936e-13,0.908831895791603,3.44844012882772e-10,1.7460338120540887e-11,5
369,0.02,0.02,150.0,4697.247239635352,4694.291366667252,-2.955872968100266,-1.071401785092809e-08,0.0,-2.9558729573862483,0.9999999963753456,-1.0260300383943006e-09,-1.071401785092809e-08,1.8849875258333215e-13,0.9042348022310396,3.38414675610522e-10,1.7108411392862582e-11,5
370,0.02,0.02,150.0,4694.291358455492,4691.357210953691,-2.9341475018009078,-1.0515020640383073e-08,0.0,-2.934147491285887,0.9999999964163285,-9.60022887358735e-10,-1.0515020640383073e-08,1.6831571005113337e-13,0.9086998570719153,3.3175481624104116e-10,1.6784626885086726e-11,5
371,0.02,0.02,150.0,4691.357202808602,4688.4445414597485,-2.912661348853362,-1.0306582943593186e-08,0.0,-2.912661338546779,0.999999996461455,-9.865842026482857e-10,-1.0306582943593186e-08,1.8147283334032787e-13,0.904276304955022,3.254813147415253e-10,1.6446455406531927e-11,5
372,0.02,0.02,150.0,4688.4445333819995,4685.553121987162,-2.8914113948376325,-1.0115623930719568e-08,0.0,-2.8914113847220086,0.9999999965014927,-9.222155950029954e-10,-1.0115623930719568e-08,1.6113507213228265e-13,0.9088325543417671,3.1896114835310724e-10,1.613622525089038e-11,5
373,0.02,0.02,150.0,4685.553113977372,4682.682719417875,-2.870394559497072,-9.912498719298186e-09,0.0,-2.870394549584573,0.9999999965466424,-9.502753682296449e-10,-9.912498719298186e-09,1.7353438361920761e-13,0.9041336200750676,3.132175051140617e-10,1.5811330935073218e-11,5
374,0.02,0.02,150.0,4682.682711476611,4679.833103680357,-2.849607796253622,-9.729778630314122e-09,0.0,-2.849607786523843,0.9999999965855727,-8.86705550933746e-10,-9.729778630314122e-09,1.5497606787464994e-13,0.9088668319573968,3.067375796754009e-10,1.5511634029896427e-11,5
375,0.02,0.02,150.0,4679.833095808142,4677.004047715006,-2.8290480931364073,-9.534413797797295e-09,0.0,-2.8290480836019936,0.9999999966298156,-9.141408231411847e-10,-9.534413797797295e-09,1.6819436827554208e-13,0.9041219688459111,3.0120907724159453e-10,1.519717339437371e-11,5
376,0.02,0.02,150.0,4677.00403991231,4674.19532744007,-2.8087124722396766,-9.35736024910434e-09,0.0,-2.8087124628823164,0.9999999966684521,-8.545764528152857e-10,-9.35736024910434e-09,1.4946352773025422e-13,0.908673340550602,2.9508799795375156e-10,1.4910295564944263e-11,5
377,0.02,0.02,150.0,4674.195319707322,4671.40672171677,-2.7885979905513523,-9.170743492981425e-09,0.0,-2.788597981380609,0.9999999967113427,-8.779562245514913e-10,-9.170743492981425e-09,1.6116243427599852e-13,0.9042655347166334,2.89598752005965e-10,1.4606407741505095e-11,5
378,0.02,0.02,150.0,4671.40671405435,4668.638012314959,-2.7687017393909628,-8.99955676359144e-09,0.0,-2.768701730391406,0.9999999967495391,-8.21126044993918e-10,-8.99955676359144e-09,1.4423996117852778e-13,0.9087592793107476,2.838861540282814e-10,1.4331946359205659e-11,5
379,0.02,0.02,150.0,4668.638004723206,4665.888983878078,-2.7490208451281433,-8.821208342524925e-09,0.0,-2.749020836306935,0.9999999967911454,-8.398838501281913e-10,-8.821208342524925e-09,1.5435152429687388e-13,0.9047881177367376,2.7854853573127587e-10,1.4038397535330887e-11,5
380,0.02,0.02,150.0,4665.888976357288,4663.159423888683,-2.7295524686051067,-8.65615060879352e-09,0.0,-2.7295524599489562,0.9999999968287291,-7.907015129336245e-10,-8.65615060879352e-09,1.3857059006001017e-13,0.9086543720565149,2.730725626718315e-10,1.3775663964956989e-11,5
381,0.02,0.02,150.0,4663.15941643911,4660.44912263355,-2.7102938055595587,-8.484305910966153e-09,0.0,-2.710293797075253,0.9999999968695993,-8.090964622260857e-10,-8.484305910966153e-09,1.4835030285410422e-13,0.9046361045067562,2.6789315426661917e-10,1.3496177474605777e-11,5
382,0.02,0.02,150.0,4660.449115255258,4657.757873168487,-2.691242086771126,-8.324986488893776e-09,0.0,-2.6912420784461397,0.9999999969066379,-7.596625287363715e-10,-8.324986488893776e-09,1.3408638592059762e-13,0.9087490977012606,2.6270359196110875e-10,1.3241459429879631e-11,5
383,0.02,0.02,150.0,4657.757865861803,4655.085471284308,-2.6723945774947424,-8.161438399569254e-09,0.0,-2.672394569333304,0.9999999969460205,-7.759347820409937e-10,-8.161438399569254e-09,1.4176614977492833e-13,0.9049267121734391,2.575447703307959e-10,1.2974297239227561e-11,5
384,0.02,0.02,150.0,4655.085464049372,4652.431715471792,-2.6537485775797904,-8.007320774864848e-09,0.0,-2.65374856957247,0.9999999969826379,-7.317411186426456e-10,-8.007320774864848e-09,1.306208011880953e-13,0.9086159853943161,2.5259493581739405e-10,1.272883598173751e-11,5
385,0.02,0.02,150.0,4652.431708308707,4649.796406887,-2.6353014217074815,-7.849804408233127e-09,0.0,-2.635301413857677,0.9999999970212878,-7.398136371790893e-10,-7.849804408233127e-09,1.3617174084243696e-13,0.9057538763127463,2.478657729663136e-10,1.2475161837649045e-11,5
386,0.02,0.02,150.0,4649.796399795834,4647.179349316999,-2.6170504788351536,-7.701393699105067e-09,0.0,-2.61705047113376,0.9999999970572239,-7.065725472995852e-10,-7.701393699105067e-09,1.2662387441753135e-13,0.9082539375461753,2.430702514361035e-10,1.223450348356845e-11,5
387,0.02,0.02,150.0,4647.17934229779,4644.580349145346,-2.5989931524436543,-7.552038843186646e-09,0.0,-2.5989931448916153,0.9999999970942444,-7.068021997720778e-10,-7.552038843186646e-09,1.283582522342283e-13,0.906409088400049,2.3832892732290164e-10,1.1995321551271316e-11,5
388,0.02,0.02,150.0,4644.580342198094,4641.999215318016,-2.5811268800780454,-7.408246146180066e-09,0.0,-2.5811268726697993,0.9999999971298404,-6.80663907453547e-10,-7.408246146180066e-09,1.2102486044452712e-13,0.9081207759538984,2.337974695609811e-10,1.1763627290806712e-11,5
389,0.02,0.02,150.0,4641.999208442692,4639.435759295716,-2.5634491469763816,-7.264708731045196e-09,0.0,-2.5634491397116728,0.9999999971660414,-6.831180076685371e-10,-7.264708731045196e-09,1.2574381526518172e-13,0.9059675985701556,2.291029838893617e-10,1.1528112223557093e-11,5
390,0.02,0.02,150.0,4639.435752505576,4636.889795074539,-2.5459574310370954,-7.125842687914425e-09,0.0,-2.545957423911253,0.9999999972011148,-6.524083511181074e-10,-7.125842687914425e-09,1.1561943491879132e-13,0.9084447440546778,2.248449229305393e-10,1.1308703680971575e-11,5
391,0.02,0.02,150.0,4636.889788355729,4634.36113907025,-2.5286492854793323,-6.98623176536339e-09,0.0,-2.5286492784931007,0.9999999972371686,-6.605227594466397e-10,-6.98623176536339e-09,1.1988428001010282e-13,0.9054536434474726,2.2040206942535794e-10,1.1082397304633481e-11,5
392,0.02,0.02,150.0,4634.361132422673,4631.849610139871,-2.5115222828017068,-6.852318877809593e-09,0.0,-2.511522275949388,0.9999999972716472,-6.277647495649687e-10,-6.852318877809593e-09,1.1105164347687715e-13,0.9083865242176763,2.1634695587603546e-10,1.0869496610255139e-11,5
393,0.02,0.02,150.0,4631.8496035634,4629.355029534546,-2.4945740288540037,-6.719505536184107e-09,0.0,-2.4945740221344983,0.9999999973063516,-6.300568567839788e-10,-6.719505536184107e-09,1.154466245314026e-13,0.9062346398271177,2.1200451114080622e-10,1.06512632142384e-11,5
394,0.02,0.02,150.0,4629.3550230290275,4626.877220866732,-2.47780216229512,-6.591233559786988e-09,0.0,-2.4778021557038863,0.999999997339887,-6.039076475127052e-10,-6.591233559786988e-09,1.0773515536042574e-13,0.9083771433624903,2.080007295538106e-10,1.044977628282174e-11,5
395,0.02,0.02,150.0,4626.87721443199,4624.416010077392,-2.4612043545985216,-6.462834112143615e-09,0.0,-2.4612043481356873,0.9999999973741172,-6.06740030297479e-10,-6.462834112143615e-09,1.1136059796295018e-13,0.9061185820695259,2.0392539734830274e-10,1.0238192318222002e-11,5
396,0.02,0.02,150.0,4624.416003713223,4621.971225403679,-2.444778309544745,-6.340061677767258e-09,0.0,-2.444778303204683,0.9999999974066925,-5.806719396403503e-10,-6.340061677767258e-09,1.0270499800300216e-13,0.9084122569853544,1.9997813192035122e-10,1.00457861858789e-11,5
397,0.02,0.02,150.0,4621.971219109861,4619.542697346683,-2.4285217631777414,-6.215617413807842e-09,0.0,-2.428521756962124,0.9999999974405758,-5.859846181914336e-10,-6.215617413807842e-09,1.0651242881029006e-13,0.9057238277102315,1.9608581669061455e-10,9.846375308017624e-12,5
398,0.02,0.02,150.0,4619.542691122969,4617.130258639704,-2.412432483264638,-6.097955270042998e-09,0.0,-2.4124324771666825,0.9999999974722793,-5.580500238490921e-10,-6.097955270042998e-09,9.836510210361352e-14,0.9084857137948213,1.9225070746182006e-10,9.65554342414457e-12,5
399,0.02,0.02,150.0,4617.130252485828,4614.733744216566,-2.3965082692620854,-5.977750988389372e-09,0.0,-2.396508263284334,0.9999999975056413,-5.632488889985727e-10,-5.977750988389372e-09,1.0218175792389345e-13,0.9057757858946324,1.8855495906883224e-10,9.45768884773799e-12,5
400,0.02,0.02,150.0,4614.7337381322395,4612.352991180488,-2.380746951751462,-5.8644724552557514e-09,0.0,-2.3807469458869894,0.999999997536709,-5.368965977822777e-10,-5.8644724552557514e-09,9.512663710992238e-14,0.9084492932862,1.8483617045023035e-10,9.275054575829102e-12,5
401,0.02,0.02,150.0,4612.3529851654175,4609.98783877309,-2.3651463923279152,-5.748918728589156e-09,0.0,-2.3651463865789966,0.999999997569318,-5.401309892267585e-10,-5.748918728589156e-09,9.816326542722461e-14,0.9060465080953907,1.8134694949528369e-10,9.0894411225456e-12,5
402,0.02,0.02,150.0,4609.987832826935,4607.6381283438095,-2.349704483125606,-5.6404158911651144e-09,0.0,-2.3497044774851905,0.9999999975995213,-5.165169829641585e-10,-5.6404158911651144e-09,9.10268428845226e-14,0.9084257272990797,1.7765078210515017e-10,8.917169027465727e-12,5
403,0.02,0.02,150.0,4607.638122466232,4605.303703319584,-2.334419146647633,-5.5291287133001195e-09,0.0,-2.3344191411185045,0.9999999976314756,-5.170247910597761e-10,-5.5291287133001195e-09,9.300263654339378e-14,0.9064907297570969,1.7437181346502612e-10,8.736912624275173e-12,5
404,0.02,0.02,150.0,4605.303697521484,4602.984409186163,-2.3192883353203797,-5.422519954765016e-09,0.0,-2.31928832989786,0.9999999976619898,-4.988757621578522e-10,-5.422519954765016e-09,8.967533867578136e-14,0.9079992759234631,1.7109290954848247e-10,8.566889949645426e-12,5
405,0.02,0.02,150.0,4602.984403455712,4600.680093424691,-2.3043100310205773,-5.318086746707239e-09,0.0,-2.3043100257024904,0.9999999976921131,-4.926985361190342e-10,-5.318086746707239e-09,8.857283113742517e-14,0.9073541746147532,1.6769772680000043e-10,8.396908563264525e-12,5
406,0.02,0.02,150.0,4600.6800877615,4598.390605516437,-2.2894822450625725,-5.215980334758013e-09,0.0,-2.289482239846592,0.9999999977217642,-4.820560190219285e-10,-5.215980334758013e-09,8.650340878146746e-14,0.9075809362605097,1.643510713461086e-10,8.23736140844273e-12,5
407,0.02,0.02,150.0,4598.390599920103,4596.115796902414,-2.2748030176890097,-5.113681562355806e-09,0.0,-2.2748030125753282,0.9999999977520333,-4.765028050714972e-10,-5.113681562355806e-09,8.688941267251367e-14,0.9068180528527124,1.6125269071473603e-10,8.07242827941744e-12,5
408,0.02,0.02,150.0,4596.115791372524,4593.855520954849,-2.260270417674292,-5.0156092211786844e-09,0.0,-2.2602704126586826,0.9999999977809694,-4.614292218735335e-10,-5.0156092211786844e-09,8.211215533872729e-14,0.9080013610460075,1.5811771747654099e-10,7.918448945179081e-12,5
409,0.02,0.02,150.0,4593.855515490975,4591.609632948936,-2.2458825420389985,-4.917697357167766e-09,0.0,-2.245882537121301,0.9999999978103498,-4.570068178988131e-10,-4.917697357167766e-09,8.226763526230168e-14,0.9070689420867462,1.5507004197179366e-10,7.76117846891098e-12,5
410,0.02,0.02,150.0,4591.609627550636,4589.377990035003,-2.231637515633338,-4.822299718471156e-09,0.0,-2.231637510811038,0.9999999978391204,-4.444352058287573e-10,-4.822299718471156e-09,7.98652117014088e-14,0.9078374983358232,1.5217359756654965e-10,7.611972071975855e-12,5
411,0.02,0.02,150.0,4589.377984701827,4587.160451210972,-2.217533490855203,-4.730272353849994e-09,0.0,-2.217533486124931,0.9999999978668768,-4.385444633615932e-10,-4.730272353849994e-09,7.865544984213761e-14,0.9072898068956516,1.4895649478571216e-10,7.461831979652427e-12,5
412,0.02,0.02,150.0,4587.160445942459,4584.956877295231,-2.203568647228167,-4.637930882650657e-09,0.0,-2.203568642590236,0.9999999978952637,-4.271521770524914e-10,-4.637930882650657e-09,7.711462578882904e-14,0.9079002710776995,1.4626419566293392e-10,7.316460624251652e-12,5
413,0.02,0.02,150.0,4584.956872090909,4582.767130899805,-2.1897411911040763,-4.548294823340711e-09,0.0,-2.1897411865557816,0.9999999979229077,-4.2072240391735275e-10,-4.548294823340711e-09,7.590093312487864e-14,0.9074988714983226,1.43403826851213e-10,7.170110338979935e-12,5
414,0.02,0.02,150.0,4582.767125759196,4580.591076403942,-2.176049355253781,-4.460288656411083e-09,0.0,-2.1760493507934924,0.9999999979502815,-4.112211365692233e-10,-4.460288656411083e-09,7.421970129099542e-14,0.9078039184799964,1.406267423757971e-10,7.031551036498775e-12,5
415,0.02,0.02,150.0,4580.591071326556,4578.428579927999,-2.1624913985569947,-4.374038482020538e-09,0.0,-2.162491394182956,0.9999999979773152,-4.039502313020328e-10,-4.374038482020538e-09,7.3658510941895e-14,0.9076482218978027,1.3786322223442453e-10,6.891888849401163e-12,5
416,0.02,0.02,150.0,4578.428574913339,4576.279509307728,-2.1490656056103035,-4.290332636549561e-09,0.0,-2.149065601319971,0.9999999980036288,-3.9423817625905783e-10,-4.290332636549561e-09,6.970039625624198e-14,0.9081101141434763,1.351166960618799e-10,6.757807421823372e-12,5
417,0.02,0.02,150.0,4576.279504355292,4574.14373406889,-2.135770286402476,-4.205734463837175e-09,0.0,-2.1357702821967415,0.9999999980308114,-3.9244959777242174e-10,-4.205734463837175e-09,7.057890671338434e-14,0.9066870243124282,1.3255396014895443e-10,6.62403484596164e-12,5
418,0.02,0.02,150.0,4574.143729178166,4572.021125402253,-2.1226037759124665,-4.12539286399791e-09,0.0,-2.1226037717870736,0.999999998056447,-3.7995026231903397e-10,-4.12539286399791e-09,6.850524820528069e-14,0.9078996171165077,1.2983750206800263e-10,6.494502513493956e-12,5
419,0.02,0.02,150.0,4572.021120572725,4569.911556138898,-2.109564433826563,-4.043949662703067e-09,0.0,-2.1095644297826133,0.9999999980830405,-3.748832025727158e-10,-4.043949662703067e-09,6.833734524084371e-14,0.9072977574300133,1.2748538243518941e-10,6.366074082448337e-12,5
420,0.02,0.02,150.0,4569.911551370041,4567.8149007259235,-2.0966506441172896,-3.965665922277598e-09,0.0,-2.0966506401516236,0.9999999981085709,-3.663191494561143e-10,-3.965665922277598e-09,6.653512008766727e-14,0.9076273300284138,1.249654653612111e-10,6.242519568354014e-12,5
421,0.02,0.02,150.0,4567.81489601721,4565.731035202472,-2.083860814737818,-3.889598888749852e-09,0.0,-2.0838608108482193,0.9999999981334652,-3.5685540105030755e-10,-3.889598888749852e-09,6.444769842417502e-14,0.9082539327943392,1.2248977004206763e-10,6.117939583718053e-12,5
422,0.02,0.02,150.0,4565.731030553371,4563.659837176112,-2.0711933772590783,-3.813765676496595e-09,0.0,-2.0711933734453125,0.9999999981586626,-3.5141661779769175e-10,-3.813765676496595e-09,6.337021467424401e-14,0.9078557395480809,1.2013260857633316e-10,6.001310124650349e-12,5
423,0.02,0.02,150.0,4563.659832586085,4561.601185799538,-2.0586467865468876,-3.73921857782303e-09,0.0,-2.058646782807669,0.9999999981836522,-3.4317935740221767e-10,-3.73921857782303e-09,6.177654040850677e-14,0.9082216376871939,1.179707587394355e-10,5.882243579969177e-12,5
424,0.02,0.02,150.0,4561.601181268106,4559.5549617477955,-2.046219520310842,-3.6675401288489044e-09,0.0,-2.046219516643302,0.9999999982076507,-3.3963541630370326e-10,-3.6675401288489044e-09,6.135061107571359e-14,0.9073942194573065,1.1547090417899557e-10,5.769462546660423e-12,5
425,0.02,0.02,150.0,4559.554957274351,4557.521047195419,-2.033910078932422,-3.595938482933686e-09,0.0,-2.0339100753364834,0.999999998232007,-3.294312059230739e-10,-3.595938482933686e-09,6.012959690518222e-14,0.9083879750761717,1.1340188089205233e-10,5.651881516847541e-12,5
426,0.02,0.02,150.0,4557.521042779415,4555.499325794384,-2.021716985031162,-3.5265406316302673e-09,0.0,-2.021716981504621,0.9999999982556703,-3.270097281633775e-10,-3.5265406316302673e-09,5.918459369644573e-14,0.9072718104449556,1.1105204511784381e-10,5.5436687388024835e-12,5
427,0.02,0.02,150.0,4555.499321435271,4553.489682652154,-2.0096387831163156,-3.4575287807361284e-09,0.0,-2.0096387796587867,0.9999999982795271,-3.171325766716457e-10,-3.4575287807361284e-09,5.711121804903363e-14,0.9082776755356101,1.0906800093817027e-10,5.432410964844121e-12,5
428,0.02,0.02,150.0,4553.489678349378,4551.49200431007,-1.9976740393076398,-3.391169953856183e-09,0.0,-1.9976740359164697,0.9999999983024408,-3.1447769880516446e-10,-3.391169953856183e-09,5.759219639912082e-14,0.9072657215402713,1.0669395728433858e-10,5.325412386223056e-12,5
429,0.02,0.02,150.0,4551.4920000630755,4549.506178722128,-1.9858213409470409,-3.3245786643321785e-09,0.0,-1.9858213376224623,0.9999999983258421,-3.045335311348303e-10,-3.3245786643321785e-09,5.5100632814653817e-14,0.9083993606762789,1.0482393347779945e-10,5.221739251793935e-12,5
430,0.02,0.02,150.0,4549.506174530359,4547.532095234022,-1.9740792963375497,-3.2606053897901326e-09,0.0,-1.9740792930769444,0.9999999983482906,-3.003408441079541e-10,-3.2606053897901326e-09,5.462780295503776e-14,0.9078880121316105,1.0270412037596051e-10,5.118791599331823e-12,5
431,0.02,0.02,150.0,4547.532091096922,4545.569644562555,-1.9624465343667907,-3.1965655446079745e-09,0.0,-1.9624465311702253,0.9999999983711325,-2.9490288712715503e-10,-3.1965655446079745e-09,5.439231289960032e-14,0.9077438322437646,1.0079373806085419e-10,5.0161673696416905e-12,5
432,0.02,0.02,150.0,4545.569640479567,4543.618718775355,-1.9509217042123055,-3.1351472539280837e-09,0.0,-1.9509217010771582,0.9999999983929918,-2.8738498622488825e-10,-3.1351472539280837e-09,5.133302592211066e-14,0.9083344535524389,9.875589065658849e-11,4.920046857874795e-12,5
433,0.02,0.02,150.0,4543.61871474592,4541.679211270885,-1.9395034750350533,-3.0737856173751697e-09,0.0,-1.9395034719612676,0.9999999984151687,-2.833043352068366e-10,-3.0737856173751697e-09,5.231589719408011e-14,0.9078321098239891,9.691277705836377e-11,4.821803389575117e-12,5
434,0.02,0.02,150.0,4541.6792072944445,4539.751016758803,-1.928190535641079,-3.0151054405222143e-09,0.0,-1.9281905326259734,0.9999999984363032,-2.7727414309816807e-10,-3.0151054405222143e-09,5.0295374589943965e-14,0.9080383261654211,9.485715879551182e-11,4.729905390287663e-12,5
435,0.02,0.02,150.0,4539.751012834797,4537.834031240598,-1.9169815941986599,-2.9550457577570975e-09,0.0,-1.9169815912436141,0.9999999984584903,-2.7280810854213757e-10,-2.9550457577570975e-09,4.9424092483019887e-14,0.9076805806387238,9.323395544955861e-11,4.636361449430969e-12,5
436,0.02,0.02,150.0,4537.834027368466,4535.92815199054,-1.9058753779263498,-2.8975184185558454e-09,0.0,-1.9058753750288313,0.9999999984796916,-2.6845635039036545e-10,-2.8975184185558454e-09,4.9408315645400537e-14,0.9073495620696806,9.130832408742349e-11,4.546976143994624e-12,5
437,0.02,0.02,150.0,4535.928148169727,4534.03327753695,-1.8948706327773834,-2.840639528080984e-09,0.0,-1.894870629936744,0.9999999985008795,-2.5881822014594834e-10,-2.840639528080984e-09,4.7432296920344716e-14,0.9088873411823587,8.973561891855947e-11,4.456677833967091e-12,5
438,0.02,0.02,150.0,4534.033273766898,4532.149307643718,-1.8839661231795617,-2.7870896625114687e-09,0.0,-1.883966120392472,0.9999999985206265,-2.5633402885885926e-10,-2.7870896625114687e-09,4.5768635493814144e-14,0.9080280651509881,8.767609525833267e-11,4.370011213569557e-12,5
439,0.02,0.02,150.0,4532.149303923869,4530.276143292172,-1.8731606316978286,-2.731172209900602e-09,0.0,-1.8731606289666565,0.9999999985419445,-2.542722271345642e-10,-2.731172209900602e-09,4.66748271374451e-14,0.9068999654387162,8.614491851114347e-11,4.278915274183851e-12,5
440,0.02,0.02,150.0,4530.276139621972,4528.413686663205,-1.8624529587668803,-2.6804066452783075e-09,0.0,-1.8624529560864738,0.9999999985608192,-2.4221836229233704e-10,-2.6804066452783075e-09,4.40448658607756e-14,0.9096337256441971,8.426648113164614e-11,4.196128502478156e-12,5
441,0.02,0.02,150.0,4528.413683042101,4526.561841119665,-1.8518419224365061,-2.6265706573054993e-09,0.0,-1.8518419198099354,0.9999999985816442,-2.4379928988787646e-10,-2.6265706573054993e-09,4.4789317570391905e-14,0.9071796187131775,8.277792602345534e-11,4.117052437915571e-12,5
442,0.02,0.02,150.0,4526.561837547103,4524.720511173287,-1.8413263738157184,-2.576018076150555e-09,0.0,-1.8413263712397003,0.9999999986009986,-2.3541371041861905e-10,-2.576018076150555e-09,4.1895042519027896e-14,0.9086133313278582,8.111812927613513e-11,4.035378296097324e-12,5
443,0.02,0.02,150.0,4524.72050766461,4522.889602531386,-1.8309051332234958,-2.5257020822021163e-09,0.0,-1.8309051306977937,0.9999999986205172,-2.349351976456723e-10,-2.5257020822021163e-09,4.200780996904885e-14,0.9069822211807196,7.942289474382454e-11,3.954907528576585e-12,5
444,0.02,0.02,150.0,4522.889599069711,4521.0690219837015,-1.8205770860095072,-2.4759602780595904e-09,0.0,-1.8205770835335469,0.9999999986400134,-2.2567612101505447e-10,-2.4759602780595904e-09,3.8626929497304824e-14,0.9088530930746931,7.803574997332121e-11,3.878890403826098e-12,5
445,0.02,0.02,150.0,4521.069018568472,4519.258677450653,-1.8103411178190072,-2.424762561876468e-09,0.0,-1.8103411153942446,0.9999999986606046,-2.348177402839927e-10,-2.424762561876468e-09,4.314944604556516e-14,0.9031584601412385,7.651176938269635e-11,3.795013367787452e-12,5
446,0.02,0.02,150.0,4519.25867408134,4517.458477950919,-1.800196130421682,-2.3798405669979438e-09,0.0,-1.8001961280418415,0.9999999986780104,-2.132477410978606e-10,-2.3798405669979438e-09,3.686830735844648e-14,0.9103941062039872,7.487105285378784e-11,3.724760763998468e-12,5
447,0.02,0.02,150.0,4517.458474626995,4515.668333585349,-1.7901410416461658,-2.32907595534795e-09,0.0,-1.7901410393170898,0.9999999986989427,-2.2395596751682255e-10,-2.32907595534795e-09,4.154432165089132e-14,0.903843424684119,7.373159514934167e-11,3.645664206649325e-12,5
448,0.02,0.02,150.0,4515.668330306287,4513.888155521372,-1.780174784915289,-2.286720848260903e-09,0.0,-1.780174782628568,0.9999999987154515,-2.0811062446253142e-10,-2.286720848260903e-09,3.676340348970143e-14,0.9089916792332551,7.18325575150841e-11,3.5778438819385245e-12,5
449,0.02,0.02,150.0,4513.88815228665,4512.117855977461,-1.770296309189689,-2.238257598210058e-09,0.0,-1.7702963069514315,0.9999999987356594,-2.0861820525834245e-10,-2.238257598210058e-09,3.8172968981868315e-14,0.9067943719144861,7.092876783973671e-11,3.5031764632247172e-12,5
450,0.02,0.02,150.0,4512.117852786558,4510.3573482079955,-1.760504578562177,-2.1969369364844047e-09,0.0,-1.76050457636524,0.9999999987520982,-2.0293843767707625e-10,-2.1969369364844047e-09,3.6087254511549005e-14,0.9076266440301999,6.905932409373107e-11,3.433885637918376e-12,5
451,0.02,0.02,150.0,4510.357345060394,4508.606546488281,-1.7507985721131263,-2.1518009764697505e-09,0.0,-1.7507985699613253,0.9999999987709602,-1.9927557323683234e-10,-2.1518009764697505e-09,3.7321097830755955e-14,0.907391261823961,6.807148915828942e-11,3.3677801977441275e-12,5
452,0.02,0.02,150.0,4508.606543383464,4506.865366099848,-1.741177283615798,-2.1121951764775682e-09,0.0,-1.7411772815036028,0.9999999987869156,-1.9332281413447237e-10,-2.1121951764775682e-09,3.4759582083575945e-14,0.9084730349318997,6.638417073631342e-11,3.3041615253014904e-12,5
453,0.02,0.02,150.0,4506.865363037304,4505.133723315974,-1.7316397213298842,-2.068928033130956e-09,0.0,-1.731639719260956,0.9999999988052202,-1.938075285034195e-10,-2.068928033130956e-09,3.7488885453062595e-14,0.9063246640773067,6.528741949895342e-11,3.2346570816812483e-12,5
454,0.02,0.02,150.0,4505.133720295193,4503.411535387474,-1.7221849077186562,-2.0299538897150174e-09,0.0,-1.7221849056887022,0.9999999988212915,-1.8306108269293629e-10,-2.0299538897150174e-09,3.34835740578364e-14,0.9098200783670825,6.388151756699491e-11,3.1731042685424323e-12,5
455,0.02,0.02,150.0,4503.41153240795,4501.698720528648,-1.712811879302535,-1.9887092154844315e-09,0.0,-1.712811877313826,0.9999999988389214,-1.842012489796082e-10,-1.9887092154844315e-09,3.3510166673508485e-14,0.9073764794041352,6.282253217285783e-11,3.1094165140510447e-12,5
456,0.02,0.02,150.0,4501.698717589879,4499.9951979035495,-1.7035196863298552,-1.9501397712871704e-09,0.0,-1.7035196843797153,0.999999998855229,-1.8065568669908286e-10,-1.9501397712871704e-09,3.2293439372796744e-14,0.907362698120944,6.145922086578309e-11,3.04789025708356e-12,5
457,0.02,0.02,150.0,4499.995195005035,4498.300887612401,-1.694307392634073,-1.9103597381296918e-09,0.0,-1.6943073907237134,0.9999999988724835,-1.7847720467036707e-10,-1.9103597381296918e-09,3.324330454596578e-14,0.9065740336188709,6.045386894839806e-11,2.986830549504325e-12,5
458,0.02,0.02,150.0,4498.300884753647,4496.6157106782775,-1.6851740753691047,-1.8741225816710732e-09,0.0,-1.685174073494982,0.9999999988878759,-1.7205072771457536e-10,-1.8741225816710732e-09,3.0527702099656243e-14,0.9081966519174187,5.904733379863244e-11,2.925380712774731e-12,5
459,0.02,0.02,150.0,4496.615707858789,4494.939589033969,-1.6761188248201506,-1.8361249317898998e-09,0.0,-1.6761188229840256,0.9999999989045377,-1.7008079153558272e-10,-1.8361249317898998e-09,3.2142147681792047e-14,0.9073697063904123,5.805610283492207e-11,2.8674465202511148e-12,5
460,0.02,0.02,150.0,4494.939586253259,4493.272445509091,-1.6671407441681367,-1.8013710117981696e-09,0.0,-1.6671407423667657,0.9999999989194848,-1.6577898114256543e-10,-1.8013710117981696e-09,2.949688970790244e-14,0.9079706623139888,5.673736121541244e-11,2.8091842221702773e-12,5
461,0.02,0.02,150.0,4493.2724427666735,4491.6142038173775,-1.658238949295992,-1.7656076217463168e-09,0.0,-1.6582389475303843,0.9999999989352514,-1.6142020890910984e-10,-1.7656076217463168e-09,2.899332813266466e-14,0.9085752650130422,5.5741399185631704e-11,2.757170144261802e-12,5
462,0.02,0.02,150.0,4491.614201112771,4489.964788544186,-1.6494125685849212,-1.73070734199744e-09,0.0,-1.649412566854214,0.9999999989507129,-1.6305458701177736e-10,-1.73070734199744e-09,3.067472937869247e-14,0.9057873142066912,5.4552459251056624e-11,2.698694424018022e-12,5
463,0.02,0.02,150.0,4489.964785876915,4488.324125134236,-1.6406607426788469,-1.6971994760303014e-09,0.0,-1.6406607409816474,0.999999998965539,-1.5395365239475534e-10,-1.6971994760303014e-09,2.760243724347605e-14,0.9092895946710706,5.348785551700544e-11,2.6492772347436426e-12,5
464,0.02,0.02,150.0,4488.324122503824,4486.692139879472,-1.6319826243516218,-1.6639947391420522e-09,0.0,-1.631982622687627,0.9999999989803845,-1.5367357576917157e-10,-1.6639947391420522e-09,2.8658231266988166e-14,0.9076477995066229,5.2425518157190306e-11,2.5937545540776774e-12,5
465,0.02,0.02,150.0,4486.692137285451,4485.0687599072135,-1.6233773782378194,-1.632044138935282e-09,0.0,-1.6233773766057753,0.9999999989946613,-1.4754852420776205e-10,-1.632044138935282e-09,2.7445973064762588e-14,0.9095928102140545,5.13898251192692e-11,2.5428075816536215e-12,5
466,0.02,0.02,150.0,4485.068757349118,4483.453913168421,-1.6148441806963092,-1.599049306919685e-09,0.0,-1.6148441790972599,0.999999999009781,-1.479470469833198e-10,-1.599049306919685e-09,2.8214146410238085e-14,0.9074781206914023,5.0524074981133726e-11,2.4929381227854778e-12,5
467,0.02,0.02,150.0,4483.453910645789,4481.8475284262095,-1.6063822195792454,-1.569483207183099e-09,0.0,-1.6063822180097622,0.9999999990229702,-1.41856889538467e-10,-1.569483207183099e-09,2.5947300744963623e-14,0.9096155416705152,4.932002623525416e-11,2.445752313027719e-12,5
468,0.02,0.02,150.0,4481.847525938581,4480.24953524449,-1.597990694091095,-1.5378857603952717e-09,0.0,-1.5979906925532092,0.9999999990376128,-1.4216525389986917e-10,-1.5378857603952717e-09,2.686581269122698e-14,0.9075579880111969,4.8443463390328965e-11,2.398420916658348e-12,5
469,0.02,0.02,150.0,4480.249532791415,4478.659863976862,-1.5896688145530788,-1.5082360755882532e-09,0.0,-1.5896688130448429,0.9999999990512263,-1.34898197585146e-10,-1.5082360755882532e-09,2.440242430368244e-14,0.9105589637003398,4.756832422613594e-11,2.3510104488455325e-12,5
470,0.02,0.02,150.0,4478.65986155789,4477.078445755605,-1.581415802284937,-1.4776902591101022e-09,0.0,-1.5814158008072468,0.9999999990655903,-1.3836268281630545e-10,-1.4776902591101022e-09,2.6614950130075693e-14,0.9063655715646184,4.6687312668562625e-11,2.3042070327389643e-12,5
471,0.02,0.02,150.0,4477.07844337029,4475.505212480935,-1.573230889354818,-1.4496166357543778e-09,0.0,-1.5732308879052013,0.9999999990785735,-1.3031140917116783e-10,-1.4496166357543778e-09,2.4010207338744396e-14,0.9101062957218657,4.572373272756104e-11,2.260426717647533e-12,5
472,0.02,0.02,150.0,4475.5052101288375,4473.940096810344,-1.5651133184937862,-1.420234342663517e-09,0.0,-1.5651133170735518,0.9999999990925676,-1.3497010759467818e-10,-1.420234342663517e-09,2.53561368665091e-14,0.9049663118682553,4.479050516824852e-11,2.2146432765926004e-12,5
473,0.02,0.02,150.0,4473.940094491027,4472.383032148204,-1.5570623428229737,-1.3942532256886794e-09,0.0,-1.5570623414287206,0.9999999991045617,-1.2563151357955918e-10,-1.3942532256886794e-09,2.258446278436779e-14,0.9098933312365086,4.374111867533588e-11,2.1702018096682954e-12,5
474,0.02,0.02,150.0,4472.383029861234,4470.833952635436,-1.5490772257981007,-1.3646310763708149e-09,0.0,-1.5490772244334696,0.9999999991190685,-1.2900012593663244e-10,-1.3646310763708149e-09,2.4552389539100878e-14,0.9054688639513447,4.307602461514328e-11,2.124399727192771e-12,5
475,0.02,0.02,150.0,4470.833950380432,4469.292793139492,-1.5411572409402652,-1.338128135301441e-09,0.0,-1.5411572396021371,0.9999999991317381,-1.2145823766507006e-10,-1.338128135301441e-09,2.2492971576957675e-14,0.909232730064592,4.219799661392883e-11,2.0841763696777835e-12,5
476,0.02,0.02,150.0,4469.292790915989,4467.75948924423,-1.533301671758636,-1.3112172246383437e-09,0.0,-1.533301670447419,0.9999999991448407,-1.2344548238461103e-10,-1.3112172246383437e-09,2.4012922620477808e-14,0.9058542855714395,4.132349466110534e-11,2.042907836784705e-12,5
477,0.02,0.02,150.0,4467.759487051809,4466.233977240293,-1.5255098115158034,-1.2868496079994681e-09,0.0,-1.525509810228954,0.9999999991564462,-1.149558364766223e-10,-1.2868496079994681e-09,1.980265439224321e-14,0.910668786964677,4.045696099533503e-11,1.998157912798161e-12,5
478,0.02,0.02,150.0,4466.233975078538,4464.716194115373,-1.5177809631650234,-1.2574383671409066e-09,0.0,-1.517780961907585,0.9999999991715285,-1.2967709845595977e-10,-1.2574383671409066e-09,2.5402611998635417e-14,0.8968720043505494,3.9723729749870406e-11,1.955485377744631e-12,5
479,0.02,0.02,150.0,4464.716191983871,4463.206077544823,-1.510114439048266,-1.2345814751082241e-09,0.0,-1.5101144378136844,0.9999999991824583,-1.0929864170758425e-10,-1.2345814751082241e-09,1.95142852711856e-14,0.9114690736000205,3.880530712084655e-11,1.9204766735369162e-12,5
480,0.02,0.02,150.0,4463.20607544317,4461.703565882205,-1.5025095609653363,-1.2080128894714263e-09,0.0,-1.5025095597573235,0.9999999991960032,-1.1703969936619245e-10,-1.2080128894714263e-09,2.226751514610932e-14,0.9031138654344956,3.818633335293513e-11,1.8808893214111995e-12,5
481,0.02,0.02,150.0,4461.703563809998,4460.208598150217,-1.4949656597809735,-1.1862591678818219e-09,0.0,-1.4949656585947144,0.9999999992064974,-1.0770383095775916e-10,-1.1862591678818219e-09,1.7957839900184452e-14,0.9092071666345267,3.712679974018583e-11,1.845393698808532e-12,5
482,0.02,0.02,150.0,4460.208596107055,4458.72111403157,-1.487482075484877,-1.1584878124159522e-09,0.0,-1.4874820743263892,0.9999999992211753,-1.153931454736027e-10,-1.1584878124159522e-09,2.189942685670736e-14,0.9003933021677996,3.6729604378489094e-11,1.8075344432578764e-12,5
483,0.02,0.02,150.0,4458.721112029842,4457.241053873207,-1.4800581566341862,-1.1383270658142561e-09,0.0,-1.4800581554958592,0.9999999992308903,-1.0058891136897592e-10,-1.1383270658142561e-09,1.8015116697666894e-14,0.9116344375972263,3.571631912170311e-11,1.7710390033952054e-12,5
484,0.02,0.02,150.0,4457.241051899467,4455.768358638285,-1.4726932611820303,-1.1123193934842383e-09,0.0,-1.472693260069711,0.999999999244704,-1.1081934806074217e-10,-1.1123193934842383e-09,2.1485092990782938e-14,0.9003709287908659,3.522461504767975e-11,1.7329788900844086e-12,5
485,0.02,0.02,150.0,4455.768356692151,4454.302969936867,-1.4653867552842712,-1.0925184991779547e-09,0.0,-1.4653867541917527,0.9999999992544504,-9.680257318761963e-11,-1.0925184991779547e-09,1.8112993567592674e-14,0.9113950260243127,3.4331203059725473e-11,1.7008206356346136e-12,5
486,0.02,0.02,150.0,4454.302968017967,4452.844830004287,-1.4581380136796724,-1.0694326885266647e-09,0.0,-1.4581380126102397,0.9999999992665765,-1.0203222671699099e-10,-1.0694326885266647e-09,1.8753337369735207e-14,0.9045921937756002,3.3745442880363885e-11,1.6646467311117685e-12,5
487,0.02,0.02,150.0,4452.84482811225,4451.393881692879,-1.4509464193706663,-1.0492956484007445e-09,0.0,-1.4509464183213707,0.9999999992768199,-9.604268227117562e-11,-1.0492956484007445e-09,1.743605755213465e-14,0.9084693790376844,3.2978529893793955e-11,1.6308725237502825e-12,5
488,0.02,0.02,150.0,4451.393879827338,4449.950068463708,-1.4438113636306298,-1.025701817592639e-09,0.0,-1.443811362604928,0.9999999992895874,-1.0056144207389637e-10,-1.025701817592639e-09,1.927870857196441e-14,0.9019584051143461,3.2504649890889093e-11,1.5984552813230136e-12,5
489,0.02,0.02,150.0,4449.950066624298,4448.513334378529,-1.4367322457692353,-1.0072820662445553e-09,0.0,-1.4367322447619533,0.9999999992989076,-9.061719058325949e-11,-1.0072820662445553e-09,1.609614443077807e-14,0.9100379192482727,3.16733377326483e-11,1.564392993905218e-12,5
490,0.02,0.02,150.0,4448.513332564893,4447.083624091756,-1.4297084731369978,-9.855490723644333e-10,0.0,-1.4297084721514488,0.9999999993106644,-9.65324481002328e-11,-9.855490723644333e-10,1.908258532127233e-14,0.9020521140884019,3.108548676360646e-11,1.531330656370271e-12,5
491,0.02,0.02,150.0,4447.083622303561,4445.660874849474,-1.4227474540875846,-9.704203427249235e-10,0.0,-1.4227474531171642,0.999999999317925,-6.964145516183092e-11,-9.704203427249235e-10,1.7328043380783663e-14,0.9282357839219664,3.0550229235676206e-11,1.5124695582009776e-12,4
492,0.02,0.02,150.0,4445.660882842789,4444.245050570415,-1.4158322723742458,-9.562347559055985e-10,0.0,-1.4158322714180112,0.999999999324613,-6.915559403745842e-11,-9.562347559055985e-10,1.5688469441890024e-14,0.9276792716324509,2.995380325921813e-11,1.4878326476327606e-12,4
493,0.02,0.02,150.0,4444.245058405414,4442.8360875907965,-1.4089708146175326,-9.413097788229036e-10,0.0,-1.408970813676223,0.9999999993319169,-6.945578996585158e-11,-9.413097788229036e-10,1.4999847078707358e-14,0.926213674256412,2.9430182246824747e-11,1.4630398824175104e-12,4
494,0.02,0.02,150.0,4442.836095270366,4441.433932785125,-1.402162485241206,-9.270159580518156e-10,0.0,-1.40216248431419,0.999999999338867,-6.86930507076087e-11,-9.270159580518156e-10,1.4092082319362268e-14,0.9258987398102924,2.8866619902865108e-11,1.4357594054045039e-12,4
495,0.02,0.02,150.0,4441.433940312114,4440.0385336075005,-1.3954067046133787,-9.115407831969071e-10,0.0,-1.3954067037018378,0.9999999993467562,-7.052686027502487e-11,-9.115407831969071e-10,1.4163051510691417e-14,0.9226289579412159,2.8382218739334278e-11,1.4152607897985607e-12,4
496,0.02,0.02,150.0,4440.038540984728,4438.64983807765,-1.3887029070774588,-8.963376966879892e-10,0.0,-1.3887029061811211,0.9999999993545504,-6.843179125800408e-11,-8.963376966879892e-10,1.4193575018089884e-14,0.9236540072889238,2.795470955280264e-11,1.3926270386593952e-12,4
497,0.02,0.02,150.0,4438.649845307894,4437.267794768625,-1.3820505392686755,-8.823700459287637e-10,0.0,-1.3820505383863055,0.9999999993615502,-6.586390139986062e-11,-8.823700459287637e-10,1.408680662215826e-14,0.9253556920888745,2.7466319641837953e-11,1.3692769155593903e-12,4
498,0.02,0.02,150.0,4437.267801846029,4435.892352788096,-1.3754490579331105,-8.6855204562135e-10,0.0,-1.3754490570645583,0.999999999368532,-6.424163971868926e-11,-8.6855204562135e-10,1.3682726092492688e-14,0.9260359352757822,2.6963075158139883e-11,1.34581552715144e-12,4
499,0.02,0.02,150.0,4435.892359724651,4434.523461793386,-1.3688979312655647,-8.543665707356182e-10,0.0,-1.3688979304111981,0.9999999993758727,-6.342874082262146e-11,-8.543665707356182e-10,1.3579358552903075e-14,0.9257593368055018,2.6554546633362403e-11,1.3238052823790782e-12,4
500,0.02,0.02,150.0,4434.523468591728,4433.161071956307,-1.3623966354207369,-8.401557888126785e-10,0.0,-1.3623966345805811,0.9999999993833252,-6.331451379948968e-11,-8.401557888126785e-10,1.2948302514503778e-14,0.9246395553746445,2.615430216659233e-11,1.304750482104804e-12,4
501,0.02,0.02,150.0,4433.161078619023,4431.805133964253,-1.3559446547697007,-8.261179867433337e-10,0.0,-1.3559446539435827,0.9999999993907436,-6.317459417799116e-11,-8.261179867433337e-10,1.278249172831047e-14,0.923528363754633,2.5748589333589018e-11,1.2823195027149431e-12,4
502,0.02,0.02,150.0,4431.805140493895,4430.455599012543,-1.3495414813523894,-8.120996813029775e-10,0.0,-1.3495414805402897,0.9999999993982402,-6.215006559976257e-11,-8.120996813029775e-10,1.292748558122135e-14,0.9234699051968034,2.5340037392525672e-11,1.2624737189438073e-12,4
503,0.02,0.02,150.0,4430.455605411613,4429.112418797153,-1.3431866144601372,-7.985245095491374e-10,0.0,-1.3431866136616126,0.9999999994054999,-5.987647278799846e-11,-7.985245095491374e-10,1.2842797436066519e-14,0.9250161115006903,2.494370083074185e-11,1.2400965110021812e-12,4
504,0.02,0.02,150.0,4429.112425068113,4427.77554550781,-1.3368795603028047,-7.861703796833618e-10,0.0,-1.3368795595166343,0.9999999994119362,-5.836339758978621e-11,-7.861703796833618e-10,1.315034263136147e-14,0.9257624058371512,2.4467697959138848e-11,1.219236705939499e-12,4
505,0.02,0.02,150.0,4427.7755516530815,4426.444931821343,-1.3306198317386588,-7.739561895820772e-10,0.0,-1.3306198309647026,0.999999999418349,-5.657249203021981e-11,-7.739561895820772e-10,1.2297723500095034e-14,0.9269047876459675,2.403385939855006e-11,1.1999154548785148e-12,4
506,0.02,0.02,150.0,4426.4449378433,4425.120530895241,-1.3244069480588223,-7.61500503468871e-10,0.0,-1.324406947297322,0.9999999994250254,-5.7200807644511385e-11,-7.61500503468871e-10,1.2984634428347577e-14,0.9248840842731634,2.3632095561733172e-11,1.1786781287019145e-12,4
507,0.02,0.02,150.0,4425.120536796219,4423.802296361421,-1.3182404347980992,-7.489915825534182e-10,0.0,-1.3182404340491076,0.9999999994318248,-5.414140827623654e-11,-7.489915825534182e-10,1.2181004017405489e-14,0.9277142633677393,2.3342942020491735e-11,1.1570190441714743e-12,4
508,0.02,0.02,150.0,4423.802302143712,4422.490182320109,-1.3121198236030978,-7.371666576766429e-10,0.0,-1.3121198228659312,0.9999999994381865,-5.5674502313249124e-11,-7.371666576766429e-10,1.1722695608812293e-14,0.9244750128977338,2.2890752494322813e-11,1.140080048267972e-12,4
509,0.02,0.02,150.0,4422.490187985962,4421.184143333891,-1.3060446520703408,-7.252318409589605e-10,0.0,-1.306044651345109,0.9999999994447113,-5.246188877828661e-11,-7.252318409589605e-10,1.0905202822995206e-14,0.9276619064202736,2.2572303359119207e-11,1.1204588610962085e-12,4
510,0.02,0.02,150.0,4421.184148885517,4419.884134421852,-1.3000144636653204,-7.131713533854154e-10,0.0,-1.300014462952149,0.9999999994514128,-5.478422492397783e-11,-7.131713533854154e-10,1.0953138696818498e-14,0.9231822413170161,2.2187310137143965e-11,1.1024866718450525e-12,4
511,0.02,0.02,150.0,4419.884139861422,4418.590111053846,-1.294028807576069,-7.011735495870429e-10,0.0,-1.2940288068748955,0.9999999994581469,-5.324452319328961e-11,-7.011735495870429e-10,1.093161998260828e-14,0.9240637025959578,2.1884964277736026e-11,1.083332631170078e-12,4
512,0.02,0.02,150.0,4418.590116383491,4417.3020291448465,-1.2880872386440387,-6.900234013052466e-10,0.0,-1.2880872379540154,0.9999999994643038,-5.070198920514425e-11,-6.900234013052466e-10,1.0928767305853897e-14,0.9265213482481369,2.1533382615208633e-11,1.0651232601959357e-12,4
513,0.02,0.02,150.0,4417.302034366656,4416.0198450493845,-1.2821893172713317,-6.789340714310838e-10,0.0,-1.2821893165923977,0.9999999994704885,-5.022763037564914e-11,-6.789340714310838e-10,1.0857517273475037e-14,0.9260198707220904,2.1167593592594413e-11,1.0497575557110851e-12,4
514,0.02,0.02,150.0,4416.019850165412,4414.743515556091,-1.276334609321566,-6.681478039222791e-10,0.0,-1.2763346086534182,0.9999999994765105,-4.9995673162144666e-11,-6.681478039222791e-10,1.0454293496800928e-14,0.9251727344329335,2.0776669854836806e-11,1.031331968201559e-12,4
515,0.02,0.02,150.0,4414.743520568356,4413.472997882322,-1.2705226860343828,-6.5815286273416e-10,0.0,-1.27052268537623,0.9999999994819826,-4.850444337139383e-11,-6.5815286273416e-10,1.0291291343429401e-14,0.9263021615223367,2.0369089982424943e-11,1.0141655719405212e-12,4
516,0.02,0.02,150.0,4413.4730027928,4412.208249668825,-1.264753123974515,-6.471814799941967e-10,0.0,-1.2647531233273335,0.9999999994882943,-4.865815564906472e-11,-6.471814799941967e-10,1.0414519328447576e-14,0.9248152841927723,2.0086387690451092e-11,9.974447706737575e-13,4
517,0.02,0.02,150.0,4412.208254479459,4410.9492289745485,-1.2590255049108237,-6.371669619447454e-10,0.0,-1.2590255042736567,0.9999999994939205,-4.607542113817431e-11,-6.371669619447454e-10,9.289114434111881e-15,0.9276870523896216,1.9733768993520045e-11,9.821474073285746e-13,4
518,0.02,0.02,150.0,4410.949233687243,4409.695894271457,-1.2533394157853763,-6.265618797170092e-10,0.0,-1.2533394151588144,0.999999999500086,-4.930032762066724e-11,-6.265618797170092e-10,9.495291187102846e-15,0.9213161074482634,1.9351518077720075e-11,9.678658917430299e-13,4
519,0.02,0.02,150.0,4409.695898888083,4408.448204439482,-1.2476944486015782,-6.160883488842359e-10,0.0,-1.24769444798549,0.9999999995062187,-4.822944719547228e-11,-6.160883488842359e-10,8.689862026160166e-15,0.9217166705346433,1.9011743504565064e-11,9.509934117215488e-13,4
520,0.02,0.02,150.0,4408.448208961877,4407.206118761501,-1.2420902003759693,-6.052054234046783e-10,0.0,-1.2420901997707638,0.9999999995127524,-4.944421917802082e-11,-6.052054234046783e-10,9.737686931111098e-15,0.9183017579388755,1.863728190804193e-11,9.33089750262287e-13,4
521,0.02,0.02,150.0,4407.206123191467,4405.969596932879,-1.2365262585881283,-5.951566449881692e-10,0.0,-1.2365262579929717,0.9999999995186867,-4.366648148652983e-11,-5.951566449881692e-10,9.48819704387318e-15,0.926630271451648,1.8393633550673606e-11,9.201201328040567e-13,4
522,0.02,0.02,150.0,4405.969601258637,4404.73859899956,-1.231002259077286,-5.850622316928317e-10,0.0,-1.2310022584922238,0.999999999524727,-4.3156128353017786e-11,-5.850622316928317e-10,9.957108946479783e-15,0.9262366872868397,1.8157042182526773e-11,9.051427707181964e-13,4
523,0.02,0.02,150.0,4404.738603236472,4403.513085437591,-1.225517798880901,-5.756165429005291e-10,0.0,-1.2255177983052845,0.9999999995303076,-4.098968417544408e-11,-5.756165429005291e-10,9.421238258644138e-15,0.9287899476118299,1.7932952419788313e-11,8.905613837949774e-13,4
524,0.02,0.02,150.0,4403.513089587363,4402.293017093031,-1.2200724943313617,-5.664547848961858e-10,0.0,-1.2200724937649068,0.9999999995357203,-4.094795709207872e-11,-5.664547848961858e-10,8.464046896933257e-15,0.927711870066411,1.765245776889697e-11,8.762810901405404e-13,4
525,0.02,0.02,150.0,4402.293021157335,4401.078355190921,-1.2146659664140316,-5.565793136305635e-10,0.0,-1.2146659658574523,0.9999999995417841,-4.3737438881443005e-11,-5.565793136305635e-10,8.591926683079471e-15,0.921417419206359,1.7366244398680945e-11,8.636138067396043e-13,4
526,0.02,0.02,150.0,4401.078359171403,4399.869061330706,-1.2092978406963084,-5.47311059259713e-10,0.0,-1.2092978401489973,0.9999999995474141,-4.113203777150846e-11,-5.47311059259713e-10,8.114852462642299e-15,0.9248470552976891,1.7069349996798887e-11,8.47950648606711e-13,4
527,0.02,0.02,150.0,4399.869065228977,4398.665097481691,-1.2039677472857875,-5.375532970668926e-10,0.0,-1.2039677467482341,0.9999999995535152,-4.03603342943017e-11,-5.375532970668926e-10,7.726858429443414e-15,0.9249184508503177,1.689572062096565e-11,8.320835399177557e-13,4
528,0.02,0.02,150.0,4398.6651012993325,4397.466425978584,-1.198675320748407,-5.278030435038666e-10,0.0,-1.198675320220604,0.999999999559678,-4.258087361276061e-11,-5.278030435038666e-10,7.971231522959562e-15,0.9193243120955049,1.6612907153070812e-11,8.163845592772753e-13,4
529,0.02,0.02,150.0,4397.466429717149,4396.273009517114,-1.193420200035689,-5.195989603292305e-10,0.0,-1.19342019951609,0.9999999995646135,-3.774063744828896e-11,-5.195989603292305e-10,8.161477370370057e-15,0.9273658334027929,1.6336357321487628e-11,8.028328081986902e-13,4
530,0.02,0.02,150.0,4396.273013178127,4395.084811149668,-1.1882020284592727,-5.114120053709637e-10,0.0,-1.1882020279478607,0.9999999995695917,-3.8740324744048864e-11,-5.114120053709637e-10,8.543256350468705e-15,0.924248307945083,1.6000391841952235e-11,7.912410493925053e-13,4
531,0.02,0.02,150.0,4395.084814734625,4393.901794281048,-1.1830204535772282,-5.033731526589975e-10,0.0,-1.183020453073855,0.9999999995745018,-3.5571705545782966e-11,-5.033731526589975e-10,8.737851178608973e-15,0.9293333278545342,1.5754605235394832e-11,7.816124345813412e-13,4
532,0.02,0.02,150.0,4393.901797791415,4392.723922664234,-1.1778751271813235,-4.964833207114833e-10,0.0,-1.1778751266848402,0.9999999995784924,-3.433517158892246e-11,-4.964833207114833e-10,8.452588381159771e-15,0.9308432526198089,1.542905674510289e-11,7.701180134359514e-13,4
533,0.02,0.02,150.0,4392.723926101451,4391.551160396243,-1.172765705207894,-4.883649971212804e-10,0.0,-1.172765704719529,0.9999999995835784,-3.5023117512148885e-11,-4.883649971212804e-10,8.71450122219776e-15,0.9282849554767513,1.51768331973752e-11,7.598784123381665e-13,4
534,0.02,0.02,150.0,4391.551163761723,4390.383471914033,-1.167691847689639,-4.801735353181131e-10,0.0,-1.1676918472094655,0.999999999588784,-3.4837414203813754e-11,-4.801735353181131e-10,8.131254998447598e-15,0.9274482835028921,1.5033561316198416e-11,7.446396701188246e-13,4
535,0.02,0.02,150.0,4390.383475209162,4389.220821990469,-1.162653218692867,-4.729982425783181e-10,0.0,-1.1626532182198688,0.9999999995931733,-3.355197574454315e-11,-4.729982425783181e-10,8.124630138125113e-15,0.9290653268357806,1.4798872314896268e-11,7.325528901337855e-13,4
536,0.02,0.02,150.0,4389.220825216606,4388.0631757303345,-1.1576494862711115,-4.659973396802762e-10,0.0,-1.1576494858051143,0.9999999995974626,-3.382013300243078e-11,-4.659973396802762e-10,7.576554019838646e-15,0.9274241929672067,1.4492888062515784e-11,7.196215873732584e-13,4
537,0.02,0.02,150.0,4388.063178888815,4386.910498566423,-1.1526803223923707,-4.5801579307663253e-10,0.0,-1.1526803219343549,0.9999999996026514,-3.3857995995283927e-11,-4.5801579307663253e-10,7.848412368402039e-15,0.9260767936235356,1.4315656415583228e-11,7.06909419588159e-13,4
538,0.02,0.02,150.0,4386.910501658556,4385.762756255656,-1.1477454029,-4.520761002091834e-10,0.0,-1.147745402447924,0.9999999996061181,-3.1466229316551574e-11,-4.520761002091834e-10,7.637563346815469e-15,0.9303961671453288,1.399659508867329e-11,6.967495902917635e-13,4
539,0.02,0.02,150.0,4385.7627592827275,4384.619914875281,-1.1428444074463187,-4.4489469019328947e-10,0.0,-1.1428444070014239,0.9999999996107127,-2.964835545963861e-11,-4.4489469019328947e-10,7.864747231776043e-15,0.9333587113688465,1.3903511688374965e-11,6.857405611791187e-13,4
540,0.02,0.02,150.0,4384.6199178385505,4383.481940819097,-1.1379770194535013,-4.3776736789835094e-10,0.0,-1.137977019015734,0.9999999996153108,-3.1400412638509596e-11,-4.3776736789835094e-10,7.70914563741979e-15,0.9282714634732648,1.3664311228993813e-11,6.775680825078577e-13,4
541,0.02,0.02,150.0,4383.481943719801,4382.348800793763,-1.13314292603809,-4.3020534285435543e-10,0.0,-1.1331429256078847,0.9999999996203431,-3.25810373102137e-11,-4.3020534285435543e-10,6.954030972519795e-15,0.9242663117709258,1.3477684885068368e-11,6.645494574371448e-13,4
542,0.02,0.02,150.0,4382.3488036331155,4381.220461815135,-1.128341817980072,-4.2335950024573356e-10,0.0,-1.1283418175567124,0.9999999996247949,-3.16761633560909e-11,-4.2335950024573356e-10,6.800002651969414e-15,0.925179042072506,1.3258248522714223e-11,6.529955561598915e-13,4
543,0.02,0.02,150.0,4381.2204645943275,4380.096891204665,-1.1235733896628517,-4.168364299492534e-10,0.0,-1.1235733892460154,0.9999999996290083,-3.16118310358158e-11,-4.168364299492534e-10,7.0124043127510594e-15,0.924162504127424,1.2956039317817515e-11,6.414618133382244e-13,4
544,0.02,0.02,150.0,4380.096893924865,4378.9780565856045,-1.1188373392606081,-4.106328348361614e-10,0.0,-1.1188373388499753,0.9999999996329825,-2.958648491664288e-11,-4.106328348361614e-10,6.786636698447975e-15,0.927949052275745,1.2735430129265108e-11,6.283470915996721e-13,4
545,0.02,0.02,150.0,4378.978059248182,4377.863925880442,-1.1141333677396688,-4.044414277710015e-10,0.0,-1.1141333673352274,0.9999999996369902,-2.8359210297754882e-11,-4.044414277710015e-10,7.12554870927922e-15,0.9298805504321083,1.2511388870431968e-11,6.141689332462226e-13,4
546,0.02,0.02,150.0,4377.863928486293,4376.754467306053,-1.1094611802400323,-3.9895626995745776e-10,0.0,-1.109461179841076,0.9999999996404054,-2.6390601518599192e-11,-3.9895626995745776e-10,7.0965749285125964e-15,0.933850891674385,1.2332804816803251e-11,6.020716019528207e-13,4
547,0.02,0.02,150.0,4376.75446985628,4375.649649371207,-1.1048204850731054,-3.937513315101672e-10,0.0,-1.1048204846793541,0.9999999996436061,-2.521605154301663e-11,-3.937513315101672e-10,6.870214007381899e-15,0.9359594507368275,1.2148785960458096e-11,5.931718077742864e-13,4
548,0.02,0.02,150.0,4375.649651866894,4374.549440872983,-1.1002109939108777,-3.868231707935314e-10,0.0,-1.1002109935240545,0.9999999996484099,-2.827899736780984e-11,-3.868231707935314e-10,7.108581775094043e-15,0.9268942516814643,1.1989129537651574e-11,5.882997300754553e-13,4
549,0.02,0.02,150.0,4374.549443315193,4373.453810893464,-1.0956324217286237,-3.814963286941753e-10,0.0,-1.0956324213471273,0.9999999996518025,-2.464727709485658e-11,-3.814963286941753e-10,6.594333526103297e-15,0.9353931473489618,1.1824061020740582e-11,5.760737671736496e-13,4
550,0.02,0.02,150.0,4373.453813283239,4372.362728796446,-1.0910844867921696,-3.747703636004543e-10,0.0,-1.0910844864173992,0.9999999996565156,-2.599215727361746e-11,-3.747703636004543e-10,6.212989348582364e-15,0.9306451101845186,1.1763107997079037e-11,5.722947844825844e-13,4
551,0.02,0.02,150.0,4372.362731134807,4371.276164224235,-1.086566910572401,-3.694368312303576e-10,0.0,-1.086566910202964,0.9999999996599962,-2.474755002591202e-11,-3.694368312303576e-10,5.959327326767629e-15,0.9330127698868199,1.1592535967402351e-11,5.583929715144936e-13,4
552,0.02,0.02,150.0,4371.276166512185,4370.194087094451,-1.0820794177343487,-3.637671493136877e-10,0.0,-1.0820794173705814,0.9999999996638258,-2.523128742151876e-11,-3.637671493136877e-10,6.0364144464582044e-15,0.9306389060443689,1.1370385765278746e-11,5.539399257214872e-13,4
553,0.02,0.02,150.0,4370.194089332977,4369.116467596904,-1.077621736072615,-3.573969002900213e-10,0.0,-1.077621735715218,0.9999999996683465,-2.5066717964557417e-11,-3.573969002900213e-10,5.7692806174592956e-15,0.9298630795504488,1.1306597840015402e-11,5.450735455501065e-13,4
554,0.02,0.02,150.0,4369.116469786971,4368.043276190494,-1.0731935964768127,-3.5175538894927566e-10,0.0,-1.0731935961250574,0.999999999672235,-2.439215840556375e-11,-3.5175538894927566e-10,5.768834643578556e-15,0.9306559069971173,1.1145635971650067e-11,5.33100178963846e-13,4
555,0.02,0.02,150.0,4368.043278333049,4366.974483600159,-1.068794732889728,-3.465692366569653e-10,0.0,-1.0687947325431588,0.9999999996757383,-2.4365130432628878e-11,-3.465692366569653e-10,5.689710951517393e-15,0.9296962111592567,1.093726954931384e-11,5.277814297837142e-13,4
556,0.02,0.02,150.0,4366.974485696132,4365.910060813869,-1.0644248822636655,-3.4206881187790804e-10,0.0,-1.0644248819215967,0.9999999996786351,-2.395967525882921e-11,-3.4206881187790804e-10,5.6548152146376524e-15,0.9299565630456221,1.0703799553578279e-11,5.167512331594211e-13,4
557,0.02,0.02,150.0,4365.910062864171,4364.849979079652,-1.0600837845186106,-3.376738247279578e-10,0.0,-1.0600837841809367,0.9999999996814649,-2.2401324493280916e-11,-3.376738247279578e-10,5.421018101230279e-15,0.9336598727741832,1.0531260261142149e-11,5.05484733049601e-13,4
558,0.02,0.02,150.0,4364.849981085179,4363.794209893244,-1.055771191934582,-3.327421733371225e-10,0.0,-1.0557711916018397,0.9999999996848349,-2.1238680538556585e-11,-3.327421733371225e-10,5.387210817961842e-15,0.9361707585018436,1.0407762494694194e-11,4.970565675055098e-13,4
559,0.02,0.02,150.0,4363.794211865232,4362.742725034112,-1.0514868311202008,-3.272270766643019e-10,0.0,-1.0514868307929737,0.9999999996887958,-2.271339556885623e-11,-3.272270766643019e-10,5.3431969222037834e-15,0.9305882758835461,1.0294624283770913e-11,4.870829717859528e-13,4
560,0.02,0.02,150.0,4362.742726962785,4361.69549650239,-1.0472304603954399,-3.2286335287770267e-10,0.0,-1.0472304600725766,0.999999999691698,-2.0985820662031458e-11,-3.2286335287770267e-10,5.411067814634328e-15,0.9350009207456237,1.0087590342920904e-11,4.811732023146827e-13,4
561,0.02,0.02,150.0,4361.695498388602,4360.652496557435,-1.0430018311662934,-3.1758769841809765e-10,0.0,-1.0430018308487057,0.999999999695506,-2.0557024918636957e-11,-3.1758769841809765e-10,5.567861139269214e-15,0.9352713438806622,1.0010318398150677e-11,4.751288308081795e-13,4
562,0.02,0.02,150.0,4360.65249840202,4359.613697704419,-1.038800697600891,-3.1342926125387355e-10,0.0,-1.0388006972874617,0.9999999996982778,-2.057976352013577e-11,-3.1342926125387355e-10,5.566975622650579e-15,0.9343400056593107,9.822494941764038e-12,4.68592621884737e-13,4
563,0.02,0.02,150.0,4359.613699508193,4358.579072691577,-1.0346268166167647,-3.0909431199474236e-10,0.0,-1.0346268163076704,0.9999999997012504,-2.010360601673525e-11,-3.0909431199474236e-10,5.446059552517823e-15,0.9349596377655852,9.65337405555736e-12,4.626190972837433e-13,4
564,0.02,0.02,150.0,4358.579074455347,4357.54859450752,-1.0304799478271889,-3.046705487076258e-10,0.0,-1.0304799475225184,0.9999999997043412,-1.9304068989866653e-11,-3.046705487076258e-10,5.23032000305979e-15,0.936639530562596,9.512930678661018e-12,4.573000323232976e-13,4
565,0.02,0.02,150.0,4357.548596232069,4356.522236378555,-1.0263598535138954,-2.9947287363833295e-10,0.0,-1.0263598532144225,0.9999999997082184,-2.0145970924966066e-11,-2.9947287363833295e-10,4.532950091722211e-15,0.9327285617551595,9.407121885165547e-12,4.501386184955477e-13,4
566,0.02,0.02,150.0,4356.52223806466,4355.4999717660685,-1.0222662985916031,-2.9376581406059495e-10,0.0,-1.0222662982978372,0.9999999997126328,-2.152211634278464e-11,-2.9376581406059495e-10,4.6209554739231726e-15,0.9267371650727703,9.341502246171986e-12,4.4246805249684187e-13,4
567,0.02,0.02,150.0,4355.499973414486,4354.481774363924,-1.018199050561634,-2.8890133985228506e-10,0.0,-1.0181990502727327,0.9999999997162624,-2.0170277879532885e-11,-2.8890133985228506e-10,4.865228620629064e-15,0.9301828164249916,9.219515532633385e-12,4.3611532983312074e-13,4
568,0.02,0.02,150.0,4354.481775975398,4353.467618095905,-1.0141578794928137,-2.851386472005883e-10,0.0,-1.014157879207675,0.999999999718842,-1.8847791757385012e-11,-2.851386472005883e-10,4.90721120668799e-15,0.9338995539803975,9.042505269894361e-12,4.3127183129034917e-13,4
569,0.02,0.02,150.0,4353.467619671164,4352.4574771131865,-1.0101425579778152,-2.8129662721270706e-10,0.0,-1.0101425576965186,0.9999999997215279,-1.9040973255628483e-11,-2.8129662721270706e-10,4.833294685733592e-15,0.932309983790775,8.89057631102363e-12,4.248530448153943e-13,4
570,0.02,0.02,150.0,4352.457478652944,4351.451325791833,-1.0061528611104222,-2.7738745189051263e-10,0.0,-1.0061528608330348,0.9999999997243089,-1.8189713674933332e-11,-2.7738745189051263e-10,4.663072251221798e-15,0.9344248863783753,8.764588210305488e-12,4.2134256806721064e-13,4
571,0.02,0.02,150.0,4351.451327296794,4350.449138730359,-1.0021885664355068,-2.7366045472043355e-10,0.0,-1.0021885661618464,0.9999999997269372,-1.7922894070251905e-11,-2.7366045472043355e-10,4.716165891087648e-15,0.9345068176234612,8.594180056085088e-12,4.143524875088365e-13,4
572,0.02,0.02,150.0,4350.449140201212,4349.450890747286,-0.9982494539253821,-2.694153587907168e-10,0.0,-0.9982494536559667,0.9999999997301122,-1.5552364378762925e-11,-2.694153587907168e-10,4.625857647586955e-15,0.9422736534079927,8.550507804066308e-12,4.0930120734457374e-13,4
573,0.02,0.02,150.0,4349.450892184708,4348.45655687875,-0.9943353059579749,-2.654663539930319e-10,0.0,-0.9943353056925086,0.9999999997330213,-1.6356313545060725e-11,-2.654663539930319e-10,4.485766673539137e-15,0.9383864911728511,8.467879087877181e-12,4.0431555318312377e-13,4
574,0.02,0.02,150.0,4348.456558283401,4347.466112376134,-0.9904459072668033,-2.6177498324729464e-10,0.0,-0.9904459070050283,0.9999999997356999,-1.7072814130249176e-11,-2.6177498324729464e-10,4.48585899297295e-15,0.9347805740699036,8.308296192349867e-12,3.969081469928862e-13,4
575,0.02,0.02,150.0,4347.466113748667,4346.479532703743,-0.9865810449246055,-2.5834171431017645e-10,0.0,-0.9865810446662638,0.9999999997381445,-1.72091549637461e-11,-2.5834171431017645e-10,4.496639690914968e-15,0.9333860773909549,8.165341691856055e-12,3.908914642696132e-13,4
576,0.02,0.02,150.0,4346.4795340447945,4345.496793536491,-0.9827405083033227,-2.551640553030042e-10,0.0,-0.9827405080481587,0.9999999997403547,-1.5919987354052638e-11,-2.551640553030042e-10,4.062802328698383e-15,0.9376088166683672,7.996421258505483e-12,3.8606254426598635e-13,4
577,0.02,0.02,150.0,4345.496794846687,4344.517870757633,-0.9789240890540896,-2.509609692980655e-10,0.0,-0.9789240888031286,0.999999999743636,-1.678204900656705e-11,-2.509609692980655e-10,4.359926700131946e-15,0.9331288484679262,7.935632216907372e-12,3.797298847773048e-13,4
578,0.02,0.02,150.0,4344.517872037586,4343.542740456519,-0.9751315810672168,-2.48123922575442e-10,0.0,-0.9751315808190928,0.9999999997455482,-1.591482054749268e-11,-2.48123922575442e-10,4.377561164560534e-15,0.9358593867842236,7.725666733998588e-12,3.732606850568608e-13,4
579,0.02,0.02,150.0,4343.542741706833,4342.57137892638,-0.9713627804530915,-2.453349755804063e-10,0.0,-0.9713627802077566,0.9999999997474321,-1.4128256158351197e-11,-2.453349755804063e-10,4.18173464576481e-15,0.9424123848426953,7.589535573921662e-12,3.6721742438124997e-13,4
580,0.02,0.02,150.0,4342.571380147645,4341.603762662136,-0.9676174855085264,-2.4239043279795417e-10,0.0,-0.967617485266136,0.9999999997494977,-1.6078316794353806e-11,-2.4239043279795417e-10,4.155516836760104e-15,0.9336676922073242,7.404067851422501e-12,3.6134703187693866e-13,4
581,0.02,0.02,150.0,4341.6037638549315,4340.63986835825,-0.9638954966812889,-2.3823753708632097e-10,0.0,-0.9638954964430514,0.9999999997528388,-1.6983345216768797e-11,-2.3823753708632097e-10,4.117075108335757e-15,0.9287125554416087,7.361438666056165e-12,3.532678794313525e-13,4
582,0.02,0.02,150.0,4340.639869523143,4339.679672906587,-0.9601966165555496,-2.347094096052202e-10,0.0,-0.9601966163208402,0.9999999997555612,-1.59233740000231e-11,-2.347094096052202e-10,3.9858711743874385e-15,0.9321570701966908,7.230374130536225e-12,3.478209514539299e-13,4
583,0.02,0.02,150.0,4339.679674044134,4338.723153394312,-0.9565206498218686,-2.3109665572110364e-10,0.0,-0.9565206495907719,0.9999999997583986,-1.5205361234602428e-11,-2.3109665572110364e-10,3.927248252681755e-15,0.9342034561808941,7.136886119934977e-12,3.421592071776543e-13,4
584,0.02,0.02,150.0,4338.723154505063,4337.770287101821,-0.9528674032417257,-2.2767863898188325e-10,0.0,-0.952867403014047,0.9999999997610595,-1.510624513075809e-11,-2.2767863898188325e-10,3.978625938423012e-15,0.9336510214646877,7.042985699195929e-12,3.3542219860264204e-13,4
585,0.02,0.02,150.0,4337.770288186308,4336.82105150068,-0.9492366856275112,-2.2475051218799001e-10,0.0,-0.9492366854027606,0.9999999997632303,-1.4870833548206512e-11,-2.2475051218799001e-10,3.751175711543815e-15,0.9338340393379483,6.9039693840646294e-12,3.3076980754069155e-13,4
586,0.02,0.02,150.0,4336.82105255943,4335.87542425161,-0.945628307820698,-2.2122593956901755e-10,0.0,-0.945628307599472,0.999999999766054,-1.5274548474963952e-11,-2.2122593956901755e-10,3.686236280808294e-15,0.9309549842811329,6.8019295231724995e-12,3.256260395003751e-13,4
587,0.02,0.02,150.0,4335.8754252851395,4334.933383202487,-0.9420420826527334,-2.1811010520397363e-10,0.0,-0.9420420824346233,0.999999999768471,-1.4303683218375095e-11,-2.1811010520397363e-10,3.488617636905434e-15,0.9344198967535297,6.6958108229385896e-12,3.2199858863500164e-13,4
588,0.02,0.02,150.0,4334.933384211303,4333.9949063863705,-0.9384778249323062,-2.153599109953791e-10,0.0,-0.9384778247169463,0.9999999997705221,-1.3854308422784822e-11,-2.153599109953791e-10,3.501348580675058e-15,0.9356690464871056,6.582061561004508e-12,3.168589082510425e-13,4
589,0.02,0.02,150.0,4333.994907370966,4333.059972019549,-0.9349353514171526,-2.1214172575052388e-10,0.0,-0.9349353512050108,0.9999999997730947,-1.3830812932660242e-11,-2.1214172575052388e-10,3.59178107686397e-15,0.9348039011008842,6.519723104653858e-12,3.1309488439575446e-13,4
590,0.02,0.02,150.0,4333.0599729804135,4332.128558499629,-0.9314144807840421,-2.095094251502519e-10,0.0,-0.9314144805745327,0.9999999997750632,-1.300887005335804e-11,-2.095094251502519e-10,3.59518682957374e-15,0.9379079483224748,6.4016940664617326e-12,3.0923934216385263e-13,4
591,0.02,0.02,150.0,4332.1285594372375,4331.200644403625,-0.9279150336124076,-2.0808809510225772e-10,0.0,-0.9279150334043195,0.9999999997757466,-1.2607949986005776e-11,-2.0808809510225772e-10,3.3795814177494277e-15,0.9394105175511841,6.161646887517388e-12,3.0468112552689993e-13,4
592,0.02,0.02,150.0,4331.200645318447,4330.2762084860915,-0.9244368323552408,-2.0637776267258824e-10,0.0,-0.924436832148863,0.9999999997767529,-1.2108791735558575e-11,-2.0637776267258824e-10,3.5102700738471525e-15,0.9413270520101102,6.01500254531867e-12,3.0106563122798717e-13,4
593,0.02,0.02,150.0,4330.276209378584,4329.355229677265,-0.9209797013190837,-2.0439286749814754e-10,0.0,-0.9209797011146909,0.9999999997780702,-1.3227991793309392e-11,-2.0439286749814754e-10,3.3172733531897217e-15,0.9352815391494554,5.866670108293111e-12,2.954939650338042e-13,4
594,0.02,0.02,150.0,4329.355230547882,4328.437687081251,-0.9175434666303772,-2.0288576475038185e-10,0.0,-0.9175434664274914,0.9999999997788815,-1.164504873764299e-11,-2.0288576475038185e-10,3.7066540944781934e-15,0.9426029285397606,5.691415820400886e-12,2.916075428925822e-13,4
595,0.02,0.02,150.0,4328.43768793043,4327.523559974201,-0.9141279562290947,-2.0140724879297067e-10,0.0,-0.9141279560276875,0.9999999997796728,-8.671669211605504e-12,-2.0140724879297067e-10,3.636450515270051e-15,0.9569446022247231,5.594319142595784e-12,2.8822039247662076e-13,4
596,0.02,0.02,150.0,4327.523560802378,4326.6128278025335,-0.9107329998441855,-1.9985252094962686e-10,0.0,-0.9107329996443331,0.9999999997805586,-9.195632654109332e-12,-1.9985252094962686e-10,3.3803566633897008e-15,0.9539879076310119,5.486556298971646e-12,2.8357459144284847e-13,4
597,0.02,0.02,150.0,4326.612828610131,4325.705470181183,-0.9073584289481005,-1.9861378900054447e-10,0.0,-0.9073584287494867,0.9999999997811077,-1.050283638977977e-11,-1.9861378900054447e-10,3.4359384872071763e-15,0.9471192990042047,5.344625936900155e-12,2.820077769335204e-13,4
598,0.02,0.02,150.0,4325.705470968617,4324.801466891853,-0.9040040767640676,-1.974738639644789e-10,0.0,-0.9040040765665938,0.9999999997815565,-1.0008398106507227e-11,-1.974738639644789e-10,3.6949693245498045e-15,0.9493178595608606,5.164755435430048e-12,2.794196313367985e-13,4
599,0.02,0.02,150.0,4324.801467659534,4323.900797881059,-0.900669778475276,-1.9565322578278134e-10,0.0,-0.9006697782796227,0.9999999997827691,-8.456626468754907e-12,-1.9565322578278134e-10,3.7427963937192794e-15,0.9567774748669687,5.08884931515805e-12,2.78827004600921e-13,4
600,0.02,0.02,150.0,4323.900798629628,4323.003443259407,-0.8973553702217032,-1.9379001412805428e-10,0.0,-0.8973553700279132,0.9999999997840432,-8.356085539132376e-12,-1.9379001412805428e-10,3.4473800279178924e-15,0.9568807217609738,5.0138401759659184e-12,2.7480628584059607e-13,4
601,0.02,0.02,150.0,4323.003443989011,4322.109383298451,-0.8940606905607638,-1.9188830098829828e-10,0.0,-0.8940606903688755,0.9999999997853745,-9.692577098744612e-12,-1.9188830098829828e-10,3.780089914066219e-15,0.9494884417193538,4.9708405211901545e-12,2.6988610953462607e-13,4
602,0.02,0.02,150.0,4322.109384009478,4321.218598430025,-0.8907855794532225,-1.906914007875264e-10,0.0,-0.8907855792625311,0.999999999785929,-8.75026968589335e-12,-1.906914007875264e-10,3.545450483161721e-15,0.9541129298449953,4.78602102100588e-12,2.703411666563604e-13,4
603,0.02,0.02,150.0,4321.2185991228525,4320.331069244354,-0.8875298784987535,-1.8883937214788073e-10,0.0,-0.8875298783099141,0.9999999997872304,-9.484209825173571e-12,-1.8883937214788073e-10,3.4381834102919223e-15,0.9497763113841194,4.698393434780917e-12,2.671905560937202e-13,4
604,0.02,0.02,150.0,4320.331069919352,4319.446776488445,-0.8842934309068369,-1.869966664993348e-10,0.0,-0.8842934307198402,0.9999999997885355,-9.85809333120357e-12,-1.869966664993348e-10,3.3942686502815717e-15,0.9472819836002871,4.61894980883391e-12,2.636224952274263e-13,4
605,0.02,0.02,150.0,4319.446777145976,4318.565701064493,-0.8810760814831156,-1.8486834220995867e-10,0.0,-0.8810760812982472,0.999999999790179,-1.1065967946747855e-11,-1.8486834220995867e-10,3.370102846772151e-15,0.9401413578200424,4.523691442217761e-12,2.5908697505380504e-13,4
606,0.02,0.02,150.0,4318.565701704913,4317.687824028305,-0.8778776766084775,-1.8216839120504115e-10,0.0,-0.8778776764263091,0.99999999979249,-1.155372187912014e-11,-1.8216839120504115e-10,3.3607946968611066e-15,0.9365766925716781,4.4592297213820974e-12,2.550079435989681e-13,4
607,0.02,0.02,150.0,4317.6878246519655,4316.813126587749,-0.874698064216318,-1.800724424658846e-10,0.0,-0.8746980640362456,0.9999999997941319,-1.0498005602525886e-11,-1.800724424658846e-10,3.5277929891974286e-15,0.9417012094756544,4.331177585784996e-12,2.533170286468173e-13,4
608,0.02,0.02,150.0,4316.813127194991,4315.941590101212,-0.8715370937788975,-1.7752092718596007e-10,0.0,-0.8715370936013767,0.9999999997963128,-9.117943322876113e-12,-1.7752092718596007e-10,3.555957952019098e-15,0.9486373608598567,4.299118288662902e-12,2.5273635042233897e-13,4
609,0.02,0.02,150.0,4315.94159069237,4315.073196076079,-0.8683946162909706,-1.7588804116141768e-10,0.0,-0.8683946161150825,0.999999999797456,-1.079548809221293e-11,-1.7588804116141768e-10,3.685708193166288e-15,0.9386229557113231,4.146456049687018e-12,2.500305944313952e-13,4
610,0.02,0.02,150.0,4315.073196671874,4314.207926186873,-0.8652704850010196,-1.7388039466380053e-10,0.0,-0.8652704848271392,0.9999999997990451,-1.1954526199594245e-11,-1.7388039466380053e-10,3.84593042996195e-15,0.9312485675989611,3.995804959263805e-12,2.4665457966724516e-13,4
611,0.02,0.02,150.0,4314.207926766951,4313.345762213931,-0.8621645530192836,-1.709445349094114e-10,0.0,-0.8621645528483391,0.9999999998017264,-1.2044285254306898e-11,-1.709445349094114e-10,4.0405180493567904e-15,0.9295427299814556,3.945272469875669e-12,2.42360532818581e-13,4
612,0.02,0.02,150.0,4313.345762778611,4312.486686102815,-0.8590766757961319,-1.67971491644434e-10,0.0,-0.8590766756281604,0.9999999998044744,-1.0993125660749673e-11,-1.67971491644434e-10,3.907308344323048e-15,0.9345536224443362,3.871884409548423e-12,2.3789695568068536e-13,4
613,0.02,0.02,150.0,4312.486686652409,4311.630679942184,-0.8560067102253015,-1.6454719122315842e-10,0.0,-0.8560067100607543,0.9999999998077735,-1.0362413298606474e-11,-1.6454719122315842e-10,3.9314096049150994e-15,0.9370246722440069,3.941427091437826e-12,2.3357259985622407e-13,4
614,0.02,0.02,150.0,4311.630680476997,4310.777725962369,-0.8529545146284363,-1.6203981391981774e-10,0.0,-0.8529545144663965,0.9999999998100253,-1.0301877633532274e-11,-1.6203981391981774e-10,3.745407961049839e-15,0.9364237875598279,3.870827026944826e-12,2.294227618552538e-13,4
615,0.02,0.02,150.0,4310.7777264827055,4309.927806533973,-0.8499199487323494,-1.595990257694882e-10,0.0,-0.8499199485727504,0.9999999998122188,-1.0190109705147378e-11,-1.595990257694882e-10,3.744110254565304e-15,0.9361518050876755,3.821563091154608e-12,2.2557307447390604e-13,4
616,0.02,0.02,150.0,4309.927807040127,4309.080904166465,-0.8469028736617474,-1.5725121370929747e-10,0.0,-0.8469028735044962,0.999999999814322,-9.310646717793167e-12,-1.5725121370929747e-10,3.668168257766298e-15,0.9407912568801834,3.7445085552891145e-12,2.2188497920542398e-13,4
617,0.02,0.02,150.0,4309.080904658727,4308.237001506817,-0.8439031519101263,-1.5464462327866227e-10,0.0,-0.8439031517554817,0.9999999998167507,-9.823024867805367e-12,-1.5464462327866227e-10,3.210398590866914e-15,0.9364800103647655,3.765607953114229e-12,2.1786251540847283e-13,4
618,0.02,0.02,150.0,4308.237001985467,4307.396081338132,-0.8409206473352242,-1.5225489219313082e-10,0.0,-0.8409206471829693,0.9999999998189426,-9.063401935869327e-12,-1.5225489219313082e-10,3.4338044221099677e-15,0.940472179216595,3.70521964644863e-12,2.134513009007272e-13,4
619,0.02,0.02,150.0,4307.396081803449,4306.558126578301,-0.8379552251481073,-1.4990864599432074e-10,0.0,-0.8379552249981986,0.9999999998211019,-9.095451022758825e-12,-1.4990864599432074e-10,3.1748872401160753e-15,0.9393267081933125,3.7020801607061595e-12,2.0905919118234677e-13,4
620,0.02,0.02,150.0,4306.558127030562,4305.723120278687,-0.8350067518749711,-1.482127753708809e-10,0.0,-0.8350067517267583,0.9999999998225011,-1.0450009942192883e-11,-1.482127753708809e-10,3.434185276659362e-15,0.9294931903404193,3.5962373835705707e-12,2.0427877052126593e-13,4
621,0.02,0.02,150.0,4305.723120718156,4304.891045622799,-0.8320750953571405,-1.4603191758374578e-10,0.0,-0.8320750952111086,0.9999999998244966,-8.904427616637513e-12,-1.4603191758374578e-10,3.2183850045819025e-15,0.9390240999093157,3.5340046030119334e-12,1.9999789838169641e-13,4
622,0.02,0.02,150.0,4304.891046049741,4304.061885924998,-0.8291601247428844,-1.4447031414194448e-10,0.0,-0.829160124598414,0.999999999825763,-8.883289119729332e-12,-1.4447031414194448e-10,2.924927627563605e-15,0.9385113185882509,3.4161522436110377e-12,1.965010197806718e-13,4
623,0.02,0.02,150.0,4304.0618863396685,4303.2356246292165,-0.826261710451945,-1.4317340471962078e-10,0.0,-0.8262617103087716,0.9999999998267215,-9.296038018754466e-12,-1.4317340471962078e-10,3.0782692718874723e-15,0.9350714747829104,3.2318892210188684e-12,1.9399446730132982e-13,4
624,0.02,0.02,150.0,4303.23562503187,4302.412245307692,-0.8233797241782668,-1.4098966413827687e-10,0.0,-0.8233797240372771,0.9999999998287672,-8.638864293380586e-12,-1.4098966413827687e-10,2.9048811682655234e-15,0.9387269673547988,3.255697225174534e-12,1.9126576644968004e-13,4
625,0.02,0.02,150.0,4302.412245698576,4301.591731659713,-0.8205140388627115,-1.3979125031910715e-10,0.0,-0.8205140387229202,0.9999999998296296,-8.309731689351759e-12,-1.3979125031910715e-10,2.9856206958429847e-15,0.9405561387398511,3.1129244317842556e-12,1.8622862283389763e-13,4
626,0.02,0.02,150.0,4301.591732039071,4300.774067510384,-0.8176645286866915,-1.3812076758999254e-10,0.0,-0.8176645285485707,0.999999999831079,-6.701766059899573e-12,-1.3812076758999254e-10,3.056325652658178e-15,0.9514789399390425,3.0569158575528524e-12,1.8362363283520933e-13,4
627,0.02,0.02,150.0,4300.774067878454,4299.959236809395,-0.8148310690585276,-1.3642300762515792e-10,0.0,-0.8148310689221047,0.9999999998325751,-8.177451782278948e-12,-1.3642300762515792e-10,3.019351083025077e-15,0.9400581183142679,3.0104531852825806e-12,1.8285175077617544e-13,4
628,0.02,0.02,150.0,4299.959237166412,4299.147223629826,-0.8120135365861643,-1.346923982794716e-10,0.0,-0.8120135364514719,0.9999999998341255,-7.837628761057368e-12,-1.346923982794716e-10,3.173900058438592e-15,0.9418109049866706,2.939488237824959e-12,1.8090168503912938e-13,4
629,0.02,0.02,150.0,4299.147223976017,4298.338012166949,-0.8092118090680742,-1.3261705679989555e-10,0.0,-0.8092118089354572,0.9999999998361158,-7.45893704371594e-12,-1.3261705679989555e-10,3.2714984533946285e-15,0.943755824298147,2.9250326906184936e-12,1.78125455589953e-13,4
630,0.02,0.02,150.0,4298.3380125025315,4297.5315867370155,-0.8064257655159963,-1.30407146058084e-10,0.0,-0.8064257653855892,0.99999999983829,-9.147320896850859e-12,-1.30407146058084e-10,3.3347328229220354e-15,0.9298556775962524,2.9051393068361157e-12,1.7446101740494566e-13,4
631,0.02,0.02,150.0,4297.531587062219,4296.727931776148,-0.8036552860712618,-1.2877339734167334e-10,0.0,-0.8036552859424884,0.9999999998397653,-7.258952353211724e-12,-1.2877339734167334e-10,3.4515508447373575e-15,0.9436300314889448,2.7751468010333074e-12,1.72985527365414e-13,4
632,0.02,0.02,150.0,4296.727932091189,4295.927031839143,-0.8009002520466311,-1.2609067893480407e-10,0.0,-0.8009002519205404,0.9999999998425638,-6.934252089941378e-12,-1.2609067893480407e-10,2.974979386439724e-15,0.9450058311326345,2.8886189358368214e-12,1.715992976196691e-13,4
633,0.02,0.02,150.0,4295.9270321442345,4295.128871598345,-0.7981605458899139,-1.2416550065099503e-10,0.0,-0.7981605457657485,0.9999999998444354,-6.491270320818154e-12,-1.2416550065099503e-10,2.8470704481963514e-15,0.9477208219128125,2.8903585311773398e-12,1.6916114685956172e-13,4
634,0.02,0.02,150.0,4295.128871893694,4294.333435842514,-0.7954360511803316,-1.2285736459096573e-10,0.0,-0.7954360510574742,0.9999999998455471,-6.616053125467408e-12,-1.2285736459096573e-10,3.0517972948275736e-15,0.9461485019844393,2.795820002705382e-12,1.6656565031634552e-13,4
635,0.02,0.02,150.0,4294.333436128326,4293.540709475719,-0.7927266526066887,-1.209040539424037e-10,0.0,-0.7927266524857847,0.9999999998474833,-7.074978501845025e-12,-1.209040539424037e-10,2.989781558499764e-15,0.9414827024310086,2.8128987926908616e-12,1.6401087264658452e-13,4
636,0.02,0.02,150.0,4293.540709752193,4292.750677516231,-0.7900322359619167,-1.1904398415463057e-10,0.0,-0.7900322358428727,0.9999999998493175,-6.705393589359965e-12,-1.1904398415463057e-10,3.151310565557635e-15,0.9436729740105969,2.819745464504884e-12,1.6159077085499855e-13,4
637,0.02,0.02,150.0,4292.750677783566,4291.9633250954375,-0.7873526881285215,-1.1765023133433326e-10,0.0,-0.7873526880108713,0.999999999850575,-6.415780914998978e-12,-1.1765023133433326e-10,2.9569073084741405e-15,0.9454673327690543,2.740133335648752e-12,1.5968763004964842e-13,4
638,0.02,0.02,150.0,4291.963325353824,4291.178637456765,-0.7846878970594844,-1.1625648340230175e-10,0.0,-0.7846878969432279,0.9999999998518437,-6.7609856003675345e-12,-1.1625648340230175e-10,2.9937934776958582e-15,0.9418442275002301,2.6860988059339632e-12,1.5723890715963505e-13,4
639,0.02,0.02,150.0,4291.178637706391,4290.396599954612,-0.7820377517791712,-1.1472771832523811e-10,0.0,-0.7820377516644436,0.9999999998532965,-5.901054535717302e-12,-1.1472771832523811e-10,2.998291424220952e-15,0.9485647006507304,2.6508482741083893e-12,1.5466631215811564e-13,4
640,0.02,0.02,150.0,4290.396600195663,4289.617198053304,-0.779402142359686,-1.1332098867817933e-10,0.0,-0.779402142246365,0.9999999998546052,-5.846669617922963e-12,-1.1332098867817933e-10,2.690043911838336e-15,0.9484061188829993,2.6397758779691332e-12,1.5215689749450343e-13,4
641,0.02,0.02,150.0,4289.617198285963,4288.840417326048,-0.7767809599154134,-1.1214303583336664e-10,0.0,-0.7767809598032703,0.999999999855631,-6.094485852169638e-12,-1.1214303583336664e-10,2.8001286283696638e-15,0.9456543528817479,2.5719935567591624e-12,1.497251518000548e-13,4
642,0.02,0.02,150.0,4288.840417550494,4288.066243453912,-0.7741740965821009,-1.1071110969832273e-10,0.0,-0.7741740964713898,0.9999999998569946,-4.85111940506141e-12,-1.1071110969832273e-10,2.614775080103517e-15,0.956182180647631,2.559531668613311e-12,1.4759476312704375e-13,4
643,0.02,0.02,150.0,4288.066243670319,4287.294662224798,-0.7715814455204963,-1.0907742863285786e-10,0.0,-0.7715814454114189,0.9999999998586314,-4.845682832197045e-12,-1.0907742863285786e-10,2.8061115589851926e-15,0.9555757511619837,2.5947040357118643e-12,1.4549663808156097e-13,4
644,0.02,0.02,150.0,4287.294662433336,4286.525659532446,-0.7690029008899728,-1.0740475243492345e-10,0.0,-0.769002900782568,0.9999999998603325,-4.7338207160979175e-12,-1.0740475243492345e-10,2.6451956873770233e-15,0.9559254073141117,2.6374779842671248e-12,1.433720676234879e-13,4
645,0.02,0.02,150.0,4286.525659733284,4285.759221375437,-0.7664383578467096,-1.0680946770388194e-10,0.0,-0.7664383577399001,0.9999999998606418,-4.999009439934687e-12,-1.0680946770388194e-10,2.5098638725155487e-15,0.953196944546209,2.5157104112128923e-12,1.4126699361642724e-13,4
646,0.02,0.02,150.0,4285.759221568738,4284.995333856211,-0.7638877125273211,-1.0568198882858776e-10,0.0,-0.7638877124216391,0.9999999998616524,-5.419229853307506e-12,-1.0568198882858776e-10,2.6424607414905975e-15,0.9487213487049596,2.4949352474726045e-12,1.3911758992113717e-13,4
647,0.02,0.02,150.0,4284.995334042141,4284.233983180102,-0.7613508620388529,-1.0511191512109229e-10,0.0,-0.761350861933741,0.9999999998619402,-4.79528358204648e-12,-1.0511191512109229e-10,2.483056318741931e-15,0.9543792577984889,2.3761875683073584e-12,1.3774692047698304e-13,4
648,0.02,0.02,150.0,4284.233983358815,4283.475155654365,-0.7588277044496863,-1.0420341989151505e-10,0.0,-0.7588277043454829,0.9999999998626784,-4.682784794650291e-12,-1.0420341989151505e-10,2.323073164381072e-15,0.9550611217988288,2.3326297499793744e-12,1.370876446149152e-13,4
649,0.02,0.02,150.0,4283.475155826018,4282.71883768724,-0.7563181387777149,-1.0389958139192791e-10,0.0,-0.7563181386738154,0.9999999998626246,-5.335157171077902e-12,-1.0389958139192791e-10,2.1258393124939892e-15,0.9486508309311399,2.2163981124165305e-12,1.3321773568751772e-13,4
650,0.02,0.02,150.0,4282.718837851986,4281.9650157870055,-0.7538220649803407,-1.0359574432108271e-10,0.0,-0.7538220648767449,0.9999999998625726,-4.181176762181502e-12,-1.0359574432108271e-10,1.8959296185025015e-15,0.9596394930160215,2.134887846573825e-12,1.3043257249261947e-13,4
651,0.02,0.02,150.0,4281.965015944994,4281.213676561054,-0.7513393839399214,-1.0277227562091002e-10,0.0,-0.7513393838371492,0.9999999998632146,-3.7602247483858764e-12,-1.0277227562091002e-10,1.978393367589575e-15,0.9634120707586937,2.1119783827915704e-12,1.274149376765813e-13,4
652,0.02,0.02,150.0,4281.213676712432,4280.464806714971,-0.7488699974610427,-1.0245143990937749e-10,0.0,-0.7488699973585912,0.9999999998631919,-4.8496249208269535e-12,-1.0245143990937749e-10,2.0170135196986723e-15,0.9526641604538049,1.990985452995548e-12,1.2314243506891995e-13,4
653,0.02,0.02,150.0,4280.464806859879,4279.718393051629,-0.7464138082495992,-1.0069411473133929e-10,0.0,-0.7464138081489051,0.9999999998650961,-3.6705646111686975e-12,-1.0069411473133929e-10,2.691075609021616e-15,0.9635473769151048,2.077530191425954e-12,1.2228752988112672e-13,4
654,0.02,0.02,150.0,4279.718393190211,4278.974422470293,-0.7439707199182521,-1.0053080304854531e-10,0.0,-0.7439707198177213,0.9999999998648726,-3.2304262179829528e-12,-1.0053080304854531e-10,2.2280999467900158e-15,0.9678663044557297,1.918095967664335e-12,1.2004219960202265e-13,4
655,0.02,0.02,150.0,4278.974422602684,4278.232881965725,-0.7415406369591437,-9.9650897303535e-11,0.0,-0.7415406368594929,0.9999999998656165,-3.5251363520806395e-12,-9.9650897303535e-11,1.806994239928116e-15,0.9646251418956808,1.9411986460907996e-12,1.1814587379170728e-13,4
656,0.02,0.02,150.0,4278.232882092063,4277.493758627315,-0.7391234647475358,-9.933118229114006e-11,0.0,-0.7391234646482046,0.9999999998656095,-2.1073308183101224e-12,-9.933118229114006e-11,2.0476300933770833e-15,0.978784800807731,1.9105949219312826e-12,1.169962294699417e-13,4
657,0.02,0.02,150.0,4277.493758747734,4276.757039638211,-0.7367191095236194,-9.89498788443994e-11,0.0,-0.7367191094246696,0.9999999998656885,-1.3437436769376657e-12,-9.89498788443994e-11,1.6509862165650611e-15,0.9864199563189893,1.9154622770643343e-12,1.1607452331470986e-13,4
658,0.02,0.02,150.0,4276.757039752839,4276.022712274452,-0.7343274783870584,-9.862205313706921e-11,0.0,-0.7343274782884364,0.9999999998656975,-2.4767603026573834e-12,-9.862205313706921e-11,1.876581001547969e-15,0.9748863441403408,1.867201559489392e-12,1.1540263995260723e-13,4
659,0.02,0.02,150.0,4276.0227123834175,4275.290763904132,-0.7319484792851654,-9.830234227459728e-11,0.0,-0.731948479186863,0.9999999998656977,-2.115503531789517e-12,-9.830234227459728e-11,2.1292663140081213e-15,0.9784796223280207,1.7912595413409295e-12,1.1273598403206882e-13,4
660,0.02,0.02,150.0,4275.29076400756,4274.561181986553,-0.7295820210074453,-9.668562856172958e-11,0.0,-0.7295820209107596,0.999999999867478,-2.068841969442882e-12,-9.668562856172958e-11,2.1526918805658652e-15,0.978602383826651,1.9479377064138544e-12,1.115739329196971e-13,4
661,0.02,0.02,150.0,4274.561182084564,4273.833954071393,-0.7272280131710431,-9.65797596182222e-11,0.0,-0.7272280130744634,0.9999999998671947,-1.425524137948858e-12,-9.65797596182222e-11,1.6806329542197942e-15,0.9852399287015837,1.885266185626934e-12,1.1312282581126571e-13,4
662,0.02,0.02,150.0,4273.833954164112,4273.10906779789,-0.7248863662216536,-9.646289028909352e-11,0.0,-0.7248863661251908,0.999999999866927,-3.521518944779716e-12,-9.646289028909352e-11,2.1051214983726733e-15,0.963493536900813,1.7630292914519721e-12,1.1384484840564635e-13,4
663,0.02,0.02,150.0,4273.109067885432,4272.386510894028,-0.7225569914035077,-9.519887892530639e-11,0.0,-0.7225569913083089,0.9999999998682473,-1.730762241431389e-12,-9.519887892530639e-11,1.7574134731358582e-15,0.9818195102613618,1.839159141858317e-12,1.1368701313122962e-13,4
664,0.02,0.02,150.0,4272.386510976509,4271.666271175733,-0.7202398007766533,-9.496449863375513e-11,0.0,-0.7202398006816888,0.9999999998681488,-2.557000169986496e-12,-9.496449863375513e-11,2.2683647742017477e-15,0.9730741465834727,1.7730324190908026e-12,1.1501448175515362e-13,4
665,0.02,0.02,150.0,4271.666271253266,4270.948336546073,-0.717934707193308,-9.44165245988766e-11,0.0,-0.7179347070988915,0.9999999998684888,-1.4935074537120828e-12,-9.44165245988766e-11,2.121726707107287e-15,0.9841817154353312,1.7799700275813562e-12,1.144536934423143e-13,4
666,0.02,0.02,150.0,4270.948336618771,4270.232694994482,-0.7156416242887644,-9.354860345161987e-11,0.0,-0.7156416241952158,0.9999999998692801,-2.592213398987627e-12,-9.354860345161987e-11,1.8344265278017716e-15,0.9722901967176001,1.808525908251488e-12,1.152980094496234e-13,4
667,0.02,0.02,150.0,4270.232695062452,4269.519334595976,-0.7133604664759332,-9.32020298257772e-11,0.0,-0.7133604663827312,0.999999999869348,-1.5575607081146185e-12,-9.32020298257772e-11,1.9773179595546903e-15,0.9832883392022023,1.7665657091751988e-12,1.1443072290642186e-13,4
668,0.02,0.02,150.0,4269.519334659326,4268.808243510385,-0.7110911489407954,-9.266808282183622e-11,0.0,-0.7110911488481273,0.9999999998696818,-1.5336517954466776e-12,-9.266808282183622e-11,2.1410314324209393e-15,0.9834500536889785,1.752671344895263e-12,1.1364012422166239e-13,4
669,0.02,0.02,150.0,4268.8082435692195,4268.099409981591,-0.7088335876287601,-9.169893671844277e-11,0.0,-0.7088335875370612,0.9999999998706339,-1.7260734307106709e-12,-9.169893671844277e-11,1.821320404102935e-15,0.9811767345131766,1.821191748436794e-12,1.1309071821576291e-13,4
670,0.02,0.02,150.0,4268.099410036013,4267.392822336778,-0.7065876992346602,-9.123222620589563e-11,0.0,-0.706587699143428,0.9999999998708834,-1.5349994994587718e-12,-9.123222620589563e-11,1.6637065066863318e-15,0.9831748104447815,1.8350659187688378e-12,1.1304915053403987e-13,4
671,0.02,0.02,150.0,4267.392822386888,4266.688468985687,-0.7043534012009331,-9.118800261210597e-11,0.0,-0.7043534011097451,0.9999999998705364,-2.432859139211664e-12,-9.118800261210597e-11,2.4674407702103923e-15,0.9733204032381264,1.7300307710749774e-12,1.1271661128320799e-13,4
672,0.02,0.02,150.0,4266.688469031584,4265.986338419879,-0.702130611704888,-9.063097115075807e-11,0.0,-0.702130611614257,0.9999999998709201,-1.6926814933131342e-12,-9.063097115075807e-11,2.1414505092571676e-15,0.9813233658227332,1.746557955408999e-12,1.1107349985105286e-13,4
673,0.02,0.02,150.0,4265.986338461659,4265.286419212003,-0.6999192496559772,-9.019709583939854e-11,0.0,-0.6999192495657801,0.9999999998711322,-2.0192433135063416e-12,-9.019709583939854e-11,1.8182547897937707e-15,0.9776129897008909,1.7585909643364361e-12,1.1061095135229821e-13,4
674,0.02,0.02,150.0,4265.286419249762,4264.588700015086,-0.6977192346757874,-9.019697918012126e-11,0.0,-0.6977192345855905,0.999999999870726,-4.6977327254037787e-14,-9.019697918012126e-11,1.840222993221721e-15,0.999479169616532,1.7527412093255871e-12,1.104877306660886e-13,4
675,0.02,0.02,150.0,4264.588700048915,4251.079526389598,-13.50917365931673,-9.019472989429616e-11,0.0,-13.509173659226535,0.9999999999933235,-1.877675816610887e-14,-9.019472989429616e-11,1.8645984377576272e-15,0.9997918197860549,1.7463702832334395e-12,1.1020214106649481e-13,80
676,0.02,0.02,150.0,4251.0795263705095,4122.974338738661,-128.10518763184882,-9.017410154157438e-11,0.0,-128.10518763175864,0.999999999999296,-4.39907510628804e-14,-9.017410154157438e-11,1.8384928509046573e-15,0.999512157589476,1.7127288043946567e-12,1.0783254588767593e-13,930
677,0.02,0.02,150.0,4122.974346705998,4019.6477677235266,-103.32657898247135,-9.015799809542475e-11,0.0,-103.32657898238119,0.9999999999991275,0.0,-9.015799809542475e-11,1.8790743265516397e-15,1.0,1.6851143772016615e-12,1.059730636343287e-13,1250
